geneID	baseMean	log2FoldChange	lfcSE	stat	pvalue	padj	-log10(P.Value)	trend	ENTREZID
Psg22	56.4931305198454	9.10142355205049	1.82936415740331	4.97518414538606	6.51856427151186e-07	2.35476963279927e-05	6.18584804807509	up	243862
Muc3	48.1637820349847	8.87151039547	1.43141756047697	6.19770962745061	5.72907085156494e-10	4.84941036648214e-08	9.24191580678627	up	NA
Gml	35.0913767138933	8.414460907005	1.40084157963673	6.00671841079064	1.89315892745239e-09	1.41822010244691e-07	8.72281292622722	up	625599
Npy	25.7295070390496	7.96722008259614	1.50497139651223	5.2939345565372	1.19712289007413e-07	5.38454856414095e-06	6.92186126501412	up	109648
Sprr1a	608.864506090888	7.6746545952461	1.51546286409426	5.06423138242517	4.10051368681237e-07	1.56591552871165e-05	6.38716173416473	up	20753
Krt5	19.0344243559081	7.53210836134756	1.39472652844913	5.40041951429928	6.64852353875532e-08	3.25611061693028e-06	7.17727478930816	up	110308
Mmp10	18.0028753663977	7.45204772340776	1.31523370175788	5.66594949129397	1.46212593704915e-08	8.73895146114624e-07	7.835015218753	up	17384
5730419F03Rik	17.1180423860984	7.37929054492732	1.3932149670738	5.29659149472549	1.17984234339813e-07	5.3291198283739e-06	6.92817602147916	up	70537
Wincr1	47.8424202034028	7.15982355974927	2.33073851069188	3.07191198279204	0.00212692431004782	0.0163434141050851	2.67224796487558	up	100040617
1700017M07Rik	24.3582238696901	6.91979267086998	1.50226312067913	4.60624545435273	4.10004398824314e-06	0.000109913897440433	5.38721148382934	up	76398
Gm6093	12.3806106194783	6.91155041136023	1.80824875589928	3.82223429647707	0.000132247944108721	0.00185960156856606	3.87861107066652	up	619715
Pcdh20	10.9011932188314	6.72641517373996	1.62209513624514	4.14674517137781	3.37235039334568e-05	0.000607758034006136	4.47206730771554	up	219257
Mup-ps12	7.4403673235632	-6.53881765292661	1.53188582074471	-4.26847586443997	1.96813117835204e-05	0.000388565843292642	4.70594595868119	down	100039019
Gm13026	100.504158056128	6.48158598992588	0.814941921004984	7.95343302739023	1.81412868261804e-15	4.81527983657874e-13	14.7413319101267	up	NA
Sstr5	8.37978023901475	6.35026511797175	1.54901279191143	4.09955627941313	4.13943003916577e-05	0.000715989729236845	4.38305945305441	up	20609
Gm14385	8.22798116287496	6.32275793042555	2.00474375379483	3.15389830668236	0.00161105214287469	0.0132470181219946	2.79289040309644	up	NA
Gm47507	56.9038385947765	6.29310520885111	0.992373013397086	6.34147152723207	2.27580822135165e-10	2.14604722627458e-08	9.64286433802298	up	NA
Gm42468	6.16256165805125	-6.26674301793084	1.49577931806904	-4.18961737351792	2.79425219982085e-05	0.000523159009471315	4.55373439849116	down	NA
Gm28548	161.691789677374	-6.12615654306166	0.439738879532784	-13.9313506905976	4.08555366619293e-44	1.46399006371913e-40	43.3887490804097	down	102636046
Gml2	37.8216814443421	6.10970713442734	1.16632432719257	5.23842896180847	1.61949290095946e-07	6.92228575956825e-06	6.79062095137773	up	15202
Cyp11b1	6.86406227000141	6.05971999207472	1.87335457302922	3.23468929978169	0.00121775166497327	0.0106733227871689	2.91444126796583	up	110115
Mup-ps23	5.02014712957236	-5.97157293233123	1.43360770512902	-4.1654163206341	3.10784903186675e-05	0.000571100463120813	4.50754008582339	down	435785
Rbm3-ps	6.08723919941779	5.88634028460258	1.38928227329861	4.23696494062827	2.26561496138922e-05	0.00043725962001677	4.64481389604041	up	100043257
Igfbpl1	6.06712904707322	5.88249648983062	1.37631154069396	4.27410242223542	1.91908809143271e-05	0.000380810384875519	4.71690508949327	up	75426
Gm807	11.9154023592455	5.87653648659552	1.48148888960388	3.96664229332615	7.28922647418338e-05	0.00115744733526546	4.13731855615635	up	328320
Gm9908	5.8406186134715	5.82674502048129	1.92563806297524	3.02587756885038	0.00247912663947415	0.0184369501033187	2.60570128790743	up	100045396
Gm48911	5.82637457058654	5.82511739982436	1.96394710481251	2.9660256050432	0.00301675372339385	0.0214074163818969	2.52046014257169	up	NA
Gm37199	21.6761905911994	5.81122987380657	1.33980773890718	4.33736102953586	1.44203652758458e-05	0.000303660972997732	4.8410237385573	up	NA
S100a4	30.8894639653209	5.77393238800727	0.970323691437427	5.95052191238764	2.67288782886504e-09	1.92197619801332e-07	8.57301926658096	up	20198
Dsc1	5.58312722958222	5.76365158471932	1.65670934276791	3.47897572370168	0.00050333418128709	0.00539734907614585	3.29814357578147	up	13505
5830416I19Rik	5.31957607453729	5.69337947378934	1.65478651498682	3.44055225385656	0.000580528328424119	0.00601280257289622	3.23617658285375	up	74757
Guca2a	5.30934151135481	5.69179167195006	1.42243077358667	4.00145425537876	6.29543670875825e-05	0.00102772884767124	4.2009741378952	up	14915
Cyp2c71-ps	4.09102189094769	-5.68340186785158	1.42354251466234	-3.99243563807411	6.5398086563619e-05	0.00105798258925343	4.18443495820507	down	100125394
Ivl	5.21817338717115	5.66448396393721	1.64561007362501	3.4421787121534	0.000577048887056096	0.00598482926758613	3.23878739225272	up	16447
Gm29793	5.19811762898824	5.65946891182998	1.62221319083263	3.48873313557828	0.000485315403005606	0.00524335736915604	3.31397592476923	up	101056188
Gm30034	5.19615584094994	5.65892825972431	1.81865745215452	3.11159655328183	0.00186078612098387	0.0148118850800271	2.73030354186896	up	102631786
Gm20560	5.1548306143128	5.64807451633588	1.91161790428537	2.95460431902961	0.0031307029072415	0.0220115116043164	2.50435814345542	up	330354
Mup-ps10	6.7318472724324	-5.64002131692304	1.2613626446725	-4.47137176667176	7.7719456683179e-06	0.000185869668374677	5.10947024410316	down	108168721
Gm34531	4.99348564881577	5.59973304394087	1.80230258756301	3.10698829518553	0.00189003881985177	0.0149864645139079	2.72352927568164	up	102637817
Scube2	4.64371517876159	5.49530617677676	1.40918226583637	3.89964187742258	9.63350734611847e-05	0.00144334779053343	4.01621556710742	up	56788
Gpnmb	2699.83617797394	5.49220989973022	0.794920847254528	6.90912802035452	4.87641749919191e-12	6.94324345911431e-10	11.3118991189205	up	93695
Muc5ac	16.4232012358637	5.48273047567112	1.19064652797163	4.60483472371218	4.12793568062535e-06	0.000110386339718215	5.38426707828179	up	17833
Gm11384	9.02744288293871	5.47067422068943	1.46857811440641	3.72515031173582	0.000195198874314704	0.00256997905558245	3.70952269117917	up	NA
Gm3776	166.22477143996	5.44127552121343	1.02775114204723	5.29435122823085	1.19439678646945e-07	5.38354945683294e-06	6.92285137375294	up	NA
Krt14	4.44829437836141	5.43578332866439	1.64478793314081	3.30485360400503	0.000950260214454012	0.00881008823232482	3.0221574534195	up	16664
Gm45752	16.325705465384	5.40276410550572	1.24920656930313	4.32495652702152	1.52561945639667e-05	0.000316610215371895	4.81655378132032	up	102636793
Chil3	1738.81948119167	5.40257385559998	0.452766777543046	11.9323548536781	8.02701540412282e-33	1.23272022277601e-29	32.0954459035962	up	12655
Sstr3	15.1757430649329	5.40127223726279	1.38118609751286	3.91060426034479	9.20655088209303e-05	0.00139003401660815	4.03590304227114	up	20607
Gm37565	4.3363527226965	5.3977956630197	1.55442456635408	3.47253625544551	0.000515565370591612	0.00550927210125232	3.28771626095797	up	NA
Gm50043	4.19168515525098	5.34884238946484	1.50980101295968	3.54274658948561	0.00039598301710582	0.00450218660379436	3.4023234396689	up	NA
Gm41279	4.07224910667756	5.30596784793881	1.6092386491136	3.29719140841009	0.000976569236301514	0.00899967363072548	3.01029696089864	up	105245898
Gm1968	4.03474062289067	5.29473377594191	1.44484496564393	3.66456879585152	0.000247755640157461	0.00311870390127951	3.60597645001572	up	328657
Lrrc36	7.9592098613702	5.28705285607906	1.50243570427935	3.51898776168595	0.000433196690628923	0.00481260582294036	3.36331486979161	up	270091
Dio2	4.00204697067564	5.28461439293683	1.54835805356077	3.4130441474979	0.000642415343688016	0.00648143120098186	3.19218409475388	up	13371
Dspp	3.98965500266187	5.27895122578574	1.99818637664571	2.64187129263055	0.00824493810783598	0.0454528639278137	2.08381260011967	up	666279
Pla2g4c-ps	7.84439634246409	5.2622710020069	1.47169745268365	3.57564728566399	0.000349362417845098	0.00407614492847658	3.45672381543882	up	666225
Sult1e1	131.028184857271	5.16945420472373	0.762542290200247	6.77923607799669	1.20812975895829e-11	1.57422968591535e-09	10.9178864178894	up	20860
Cdh17	162.941692386779	5.1615615972498	1.1357220167983	4.5447402805492	5.50030315050135e-06	0.000140614170910558	5.25961337360363	up	12557
Gm36551	7.19763707231926	5.13721215195445	1.44280350686769	3.56057642464932	0.000370041589348169	0.00425448886148965	3.43174946239416	up	102640510
Saa3	9184.85121638705	-5.11873328369987	0.449848701800106	-11.3787886087408	5.33354281543929e-30	5.73355852659724e-27	29.2729842142257	down	20210
Mmp12	1307.61234149591	5.07794276487414	0.505855052742077	10.0383355614385	1.03404181106257e-23	6.35197112509864e-21	22.9854619003652	up	17381
Nts	26.1774497333821	5.03603725247585	1.30116303468703	3.87041217604769	0.000108651494664128	0.00158310395318782	3.96396429493096	up	67405
Apln	167.430100383184	5.01857053829835	1.33746771803616	3.75229283714395	0.000175224614093281	0.00235930651816871	3.75640488781378	up	30878
Ctsj	23.1160831419579	4.9520733003466	1.37405133114371	3.60399439824761	0.000313363812216987	0.00373465740724237	3.50395115803304	up	26898
Hsd17b3	27.8949720394291	-4.95001876705422	0.734953567596338	-6.73514489254502	1.6376665728105e-11	2.04708321601313e-09	10.7857745154747	down	15487
Prss22	12.3891900071198	4.94878457168305	1.80578837229374	2.74051192687493	0.00613435555537541	0.0366255607999365	2.21223105534043	up	70835
Gjb4	22.9797167351045	4.94350678455511	1.43519341577245	3.44448819944901	0.000572141609861649	0.00596283116865081	3.24249646636443	up	14621
4930430F21Rik	19.9635535456309	-4.88209460820051	0.757870555416501	-6.44185814227533	1.1801956679306e-10	1.19689655002396e-08	9.92804598383131	down	73784
Gm6556	5.99572606381946	4.87679567344157	1.40610417298001	3.46830325032461	0.000523755893248368	0.00558292102371835	3.28087107736055	up	625121
Hcrtr2	527.835356775324	-4.77343865978694	1.13597100790746	-4.20207789332576	2.64476091690452e-05	0.000499464755007459	4.57761358153507	down	387285
Mup-ps15	9.16185421293972	-4.75476053506662	1.22887149422192	-3.86920891030773	0.000109189055823653	0.00158941415044587	3.96182088941139	down	102631971
4930471E19Rik	41.2745389972546	4.73947051185344	0.759654792069593	6.23897928550057	4.40435306774873e-10	3.94556628985824e-08	9.35611787379908	up	74912
Ly6d	918.494430056912	4.72775692047983	0.788704952300688	5.99432893972423	2.04327415474273e-09	1.51484118368857e-07	8.68967335832891	up	17068
Saa2	269904.024169934	-4.70269306738174	0.919276308267982	-5.11564697695966	3.1266736647358e-07	1.23572580499669e-05	6.5049174443088	down	20209
Mup-ps7	14.9486298937018	-4.69367770446	1.07985506306242	-4.34658118946903	1.38275882802273e-05	0.000293767932830917	4.85925356015996	down	620982
Glns-ps1	269.027686424068	-4.68920029235726	0.396748568111015	-11.819073008085	3.11098308568242e-32	4.4590757561448e-29	31.5071023501304	down	14646
Gsta1	773.426700495154	4.66666642102943	0.945082387649188	4.93784085071923	7.8992264270769e-07	2.7750550356561e-05	6.10241543717811	up	14857
2310034O05Rik	18.8034976621333	4.6382540792078	0.947982999217363	4.89276082275427	9.94312141682778e-07	3.32986153367285e-05	6.00247725732304	up	69571
Mepe	8.72772453497912	4.61699018116353	1.61036513665613	2.86704553897048	0.00414323389813157	0.0271998561251385	2.38266054876771	up	94111
Serpina3d-ps	8.85822504319158	4.60841126956268	1.386265577381	3.32433506591797	0.00088629640914933	0.00832475875784648	3.05242101024638	up	435318
Gm36569	9.34299026420246	4.57893435234218	1.24634975657981	3.67387591498196	0.000238898781333468	0.00302522459427685	3.62178606566034	up	102640530
Gm32468	124.314191169506	-4.55946884833449	0.529011137060688	-8.6188522866796	6.7628528878195e-18	2.30795773155745e-15	17.1698700596696	down	102635028
H2-T-ps	13.2823922993257	4.50186542100737	0.996633603683185	4.51707167445505	6.27006868712315e-06	0.00015548613237964	5.20272770154964	up	667803
Arpp21	51.614412095178	-4.4871585812341	0.737651530991774	-6.083032967072	1.17930087103142e-09	9.42563893203553e-08	8.9283753806903	down	74100
Apol10b	493.906232329056	-4.47044907461978	0.378696795415011	-11.8048241462425	3.6856069137314e-32	4.95253429032657e-29	31.4334909860732	down	328561
Gm7530	20.3272328714048	-4.46917706737525	0.720503578328169	-6.20285200768242	5.54489780657593e-10	4.7686121136553e-08	9.25610645356336	down	665182
Olfr373	7.94860524692398	4.43630959184241	1.32909983344668	3.337830221781	0.000844353241833856	0.0080183722170618	3.07347582483833	up	NA
9230116L04Rik	24.4203779584575	4.42728604752104	0.883255481674598	5.01246370883221	5.37375127620504e-07	2.00235099546635e-05	6.26972243873491	up	321017
A530046M15Rik	12.8361223969586	4.42611262206066	1.22005199215055	3.62780656114409	0.000285839284240157	0.00346693366722585	3.5438780843054	up	328190
Cacna1b	161.743017006411	4.40725580249868	0.400773531075178	10.9968734478923	3.95611558545212e-28	3.15024018841558e-25	27.402731028149	up	12287
4930430E12Rik	108.271787735484	4.4022526686275	0.44309732783798	9.93518216439618	2.92640574928692e-23	1.74771454471302e-20	22.5336654586415	up	71639
Gm15895	24.3891604679148	4.39768979305025	0.972662436803258	4.52129086788182	6.14636638252243e-06	0.000153302641791453	5.21138155518195	up	102639642
Gm20442	25.5129646393711	4.38799222577997	1.13211216093778	3.8759341849532	0.000106216393750562	0.00155967374319779	3.97380844779373	up	NA
Gm46401	15.5789886553989	4.3577262632919	0.987345376882404	4.4135784349866	1.0167585705437e-05	0.000230837479056912	4.99278215811772	up	108168063
Gm37389	4.17343996610937	4.32910842541431	1.50907500709364	2.86871653500633	0.00412140982084498	0.0271311424213616	2.38495419836495	up	NA
Gm15348	1653.26898610164	-4.30227560892771	0.308202267180547	-13.9592600933315	2.76287232310125e-44	1.18803509893354e-40	43.5586391840859	down	100038554
Vmn2r3	14.958649319709	4.29908042231153	0.994502331168951	4.32284599801625	1.54029254284885e-05	0.00031934705565333	4.8123967871641	up	637004
Cyp4f37	4.02319233919675	4.28450259025916	1.44976527446981	2.9553077768579	0.0031235727441131	0.0219825905068516	2.50534837542341	up	677156
Gm8221	17.3110902904082	-4.22950295295428	0.798189300334219	-5.29887202344518	1.16520264980933e-07	5.30223411875262e-06	6.93359853640597	down	666661
Glul	49165.1549080103	-4.16855162390986	0.29974403264568	-13.9070379053631	5.74081257593532e-44	1.76324957689442e-40	43.2410266315971	down	14645
Gm13775	455.47418902382	-4.12605351859386	1.04874809491363	-3.93426556730354	8.34514747680993e-05	0.00128524835781815	4.07856598399386	down	102632173
Tekt4	6.68563632467402	4.07886840556661	1.24028931939292	3.28864269149965	0.00100671739207478	0.00921039316153519	2.9970924284415	up	71840
Gdnf	6.41001575090564	4.06318814924947	1.28127616525665	3.17120403815175	0.00151808472948235	0.0126556113547384	2.81870398830897	up	14573
Gm47923	11.5844125765641	-4.04742967007522	0.947811166185491	-4.27029118718265	1.95217921518624e-05	0.00038577070888331	4.70948031546351	down	NA
Vipr2	9.21204091540758	4.03961909829888	1.0347436949735	3.90398039429691	9.46234495633654e-05	0.00142266025567298	4.02400122349284	up	22355
Tex19.1	5.94600591720197	4.0194836378917	1.4214596266029	2.82771565415315	0.00468814271301938	0.0298740570035319	2.32899917631304	up	73679
Mup9	5007.89593039914	-3.98331339798811	0.476772002736223	-8.35475526064373	6.55685133072225e-17	2.0430768639207e-14	16.183304663364	down	100038948
Ch25h	50.1787823315354	3.98009956296816	1.02950380747031	3.86603675876443	0.000110618272708915	0.00160586959030498	3.95617312727025	up	12642
Tnc	1109.31425081439	3.956732536763	0.564499456880107	7.00927607376487	2.39554355779795e-12	3.67887046376114e-10	11.6205959280247	up	21923
F13a1	1949.52501354338	3.95263640568554	0.555813213472831	7.11144735294918	1.14832265512692e-12	1.89914900655606e-10	11.9399360669442	up	74145
Mup-ps8	7.25478443817936	-3.9405499809524	1.05740182148951	-3.72663437954129	0.000194053633357764	0.00255803379349597	3.71207822134728	down	100039063
Gm35890	7.16007731043405	-3.93635464525737	1.00884339241601	-3.90184906284659	9.54606781105829e-05	0.00143224325148467	4.02017548492223	down	102639625
Rnf138rt1	30.7118310515341	-3.91904363610987	0.794100742999224	-4.935197039746	8.00698818903344e-07	2.79919099291413e-05	6.09653081211246	down	74264
Gm19589	55.4319671071994	3.91007666590293	0.918604620612844	4.25653929684605	2.07615558564626e-05	0.000406163285635984	4.68274010387958	up	100503197
Olfr112	5.59457518428504	3.90352546841487	1.28837104699597	3.02981464657757	0.00244703864583908	0.0182529257559749	2.61135917182429	up	NA
Slc1a2	13788.3392826983	-3.9016636250613	1.46289801688384	-2.66707834724688	0.00765138327168859	0.0429628467854021	2.11626004289156	down	20511
Saa1	241257.795414536	-3.89375844760936	0.876652273482662	-4.44162248292666	8.92831017057703e-06	0.000208424178791972	5.0492307307015	down	20208
Rtn4r	5.80719086023828	3.86384629679628	1.25838204495385	3.0704874662591	0.00213709655823549	0.0164022378601015	2.67017585511179	up	65079
Clca1	5.4492745421715	3.85714396350668	1.2516903432074	3.08154807172429	0.0020592722257014	0.0159547217486775	2.68628623798364	up	23844
Meltf	27.5056663073098	3.8566289225028	0.737842513711433	5.22689984764298	1.72375808658389e-07	7.32426854971416e-06	6.76352368342638	up	30060
Gm29680	5.83196487658564	3.8565414117994	1.34261142867127	2.87241813189097	0.0040734360716826	0.0268976890482727	2.39003909509738	up	544960
Cbr2	39.8407607834329	3.85294393174497	0.597291391734978	6.45069389088826	1.11339185970809e-10	1.1344988143945e-08	9.95335195825522	up	12409
Gm31084	18.7551343649162	3.83860111156117	0.880936174289247	4.35741115371748	1.31609895263085e-05	0.000282961274815634	4.88071145649261	up	NA
Gm33981	10.3193958824982	3.8307420741899	1.14563536251766	3.34377080135813	0.000826479878211846	0.00788345935295239	3.08276771545967	up	102637079
Plat	921.571619028865	3.81848645112355	0.853798362133342	4.47235157676164	7.73640953396776e-06	0.000185225840735308	5.11146054853794	up	18791
Tbx3os1	570.896159979904	-3.81717760372146	0.973298632608387	-3.92189763330052	8.78543179937924e-05	0.00133488893064773	4.05623688829741	down	100039542
AU022793	26.4805250131621	3.80241540561326	0.779627618921899	4.87721998724391	1.075914221456e-06	3.56427669665701e-05	5.96822235193479	up	105976
Gm49439	44.835260429119	-3.79961184160301	0.639527574914824	-5.94127914204335	2.82806567999925e-09	2.02004691428518e-07	8.54851050854911	down	NA
Tifa	7177.59421933174	-3.79445336807933	0.204707837836423	-18.5359457077134	1.05911386026119e-76	7.59031599853854e-73	75.9750573484619	down	211550
Efcab6	20.5513964855823	3.77029253496957	0.984550472590832	3.82945581758556	0.000128426937229226	0.00181656523054498	3.8913438745301	up	77627
Mup-ps13	479.426070089082	-3.74974894110186	0.529521056429107	-7.08139722788131	1.42708185080741e-12	2.30693682649317e-10	11.8455511170503	down	621093
4933401D09Rik	5.00299895985645	3.74337072448372	1.33774468835564	2.7982699218078	0.00513771579315283	0.0321964215031556	2.2892299235962	up	71008
Fosb	484.460933496593	3.72609849571549	1.40220450354853	2.65731459732581	0.00787659019007197	0.0438381281611565	2.10366174978526	up	14282
Adam8	1525.64567483036	3.72473840647342	0.56261362482905	6.62041984426734	3.58180096162542e-11	4.0530905618393e-09	10.4458985512814	up	11501
Cpe	774.577122306968	3.71235670758641	0.86454636761244	4.29399375980096	1.75487408582105e-05	0.000353606305952696	4.75575403919524	up	12876
Gm44127	29.0770182855082	3.69804372272853	0.902001743471538	4.09981881908105	4.13473708596548e-05	0.000715989729236845	4.38355210055994	up	NA
Cthrc1	39.0252722325147	3.69062957240537	0.696644780066048	5.29772084426652	1.17257045628017e-07	5.31456588034312e-06	6.93086105236181	up	68588
Sprr2b	7.90553602309294	3.68636291463419	1.31433770504214	2.80473039804942	0.0050358682215198	0.0317324638812062	2.29792564302319	up	20756
Gm13773	56.5075529382014	-3.66133024975482	0.602471427157061	-6.07718488332615	1.2231071651961e-09	9.73955705619113e-08	8.91253548964045	down	102639616
Gm29904	16.7495703487089	3.65392284178176	1.14212516353752	3.19923153646698	0.0013779445540995	0.0117190695858937	2.86076825727098	up	102631607
Klhl30	9.73717263150829	3.65158810890485	1.13925666394986	3.20523743635135	0.00134951107528966	0.0115245526679063	2.86982354688557	up	70788
Sp5	60.7720431416016	-3.6478016359975	0.750337065615054	-4.86155063259121	1.16469780439937e-06	3.79984867899642e-05	5.93378674322725	down	64406
Bmp8a	13.5118704926188	3.63040730951114	0.97290597437593	3.73150890746648	0.000190336278682735	0.00251984605398941	3.72047842595317	up	12163
Adgra1	11.8278870634109	3.62773102418616	1.05625648757983	3.43451715264563	0.00059361050253512	0.00612410067394677	3.22649842384645	up	52389
Dppa3	24.1031830616281	3.61966606138449	0.755465876314863	4.79130318769803	1.65701511221072e-06	5.11130916966003e-05	5.78067353073589	up	73708
Ifitm2	32.3016989801678	-3.60983467134673	0.509179991335333	-7.08950613294894	1.34591437224378e-12	2.19220901539706e-10	11.8709825692688	down	80876
Olfr16	699.785831221902	-3.60545344650747	0.469535539800429	-7.67876580341485	1.60628582448744e-14	3.71345647596558e-12	13.7941771732834	down	NA
Glra1	7.43145035905164	3.596601269982	1.23364726170168	2.91542111074837	0.00355208896541381	0.0242612282084693	2.44951616544286	up	14654
Teddm2	177.602637087478	-3.59253492682154	0.441942451581466	-8.1289654659014	4.32969630723607e-16	1.25795230548075e-13	15.3635425647822	down	240817
Duox2	8.76940646178874	3.59024363395862	1.19160724759141	3.01294209246845	0.0025872828197755	0.0190510609714767	2.58715609530571	up	214593
St18	416.025715770293	3.58822533628733	0.369005860535385	9.72403346407893	2.38156341522854e-22	1.34746351124773e-19	21.623137849795	up	240690
Baalc	9.43867482700726	3.53787286122172	0.935208562836302	3.78297740398361	0.000154963487152106	0.00211403234376287	3.80977061922572	up	118452
Lgals3	3553.16797763486	3.53675509098741	0.307572244864614	11.4989409806604	1.335438567501e-30	1.51115416848798e-27	29.8743760854853	up	16854
Dctd	150.745594553866	3.53280256769432	0.590307814763075	5.98467863603033	2.168175148947e-09	1.59643033227262e-07	8.66390563765546	up	320685
Rhbg	30.7114944156871	-3.53116226145248	0.653543370269094	-5.40310317890386	6.54977582270997e-08	3.22242975259186e-06	7.18377356422595	down	58176
Gm16835	8.54980570055593	3.51273599651155	0.985161812154144	3.56564368733563	0.000362964232075012	0.00420007050032979	3.44013616994407	up	102635192
Lcn5	5.50916841043206	-3.50990513491891	1.06816468144342	-3.28592135266628	0.00101649387092299	0.0092919295173658	2.99289523565098	down	13863
4930546K05Rik	14.1001574083334	3.49602923075248	1.01232943647453	3.45345013667438	0.000553464613263951	0.00581597711885383	3.25691014128117	up	78194
Hmga2	918.146083224216	3.47039788592337	0.976715997849112	3.55312894799076	0.000380677814136855	0.00435118182027772	3.41944243308504	up	15364
B930018H19Rik	8.66640032644416	3.46302155343789	0.912874199295673	3.79353645454081	0.000148516815134035	0.00204293763620074	3.82822437256563	up	330734
4930527F14Rik	541.370446079477	-3.46074654140382	0.257016016656564	-13.4651006829205	2.50975883491378e-41	5.99553499451626e-38	40.6003680082792	down	67651
Gjb3	29.4246561476023	3.46044786218724	1.05981693276307	3.26513736024715	0.00109411004561104	0.00983007353975655	2.96093899445772	up	14620
Slc12a3	162.505292764886	3.45819462223027	0.404656597477746	8.54599836944571	1.27429817298567e-17	4.28084542487374e-15	16.8947289395588	up	20497
Fam107a	192.354328539231	3.40660662134068	0.504326607284331	6.7547628305482	1.43069092960743e-11	1.84190748422513e-09	10.8444541762077	up	268709
Gypa	12.149923598347	3.40235402848611	0.964544003162038	3.52742230248933	0.000419626898128734	0.00469894703633739	3.37713668126381	up	14934
Gdf3	68.647766533905	3.38938885457124	0.447143768944985	7.5800874125303	3.45322220532245e-14	7.42442774144327e-12	13.4617754750996	up	14562
Syt8	7.67791714924439	3.38880849453676	1.21429972635539	2.79075126262933	0.00525858669647379	0.0327434411263454	2.27913096162511	up	55925
Gm33103	16.8290245284313	3.38201585821847	0.79254562405263	4.26728223029578	1.97868767967135e-05	0.000390291606540679	4.70362275036133	up	102635877
Mup-ps20	56.0204247559528	-3.38082974745892	0.651031670182268	-5.19303422906047	2.06894127765932e-07	8.57075866467733e-06	6.68425183565154	down	NA
Mfsd2a	7144.23716545317	3.37778898546839	0.4935320973927	6.84411207156139	7.69516623456263e-12	1.05379664995603e-09	11.1137819938996	up	76574
Cyp4a14	17593.3680224708	3.36839524048192	1.17857136882835	2.8580324701342	0.00426276769107859	0.0277725773812696	2.37030833454305	up	13119
Gm12249	16.2781011665531	-3.36652993423079	0.941558963113103	-3.57548498407358	0.00034957924133686	0.00407614492847658	3.45645436448307	down	NA
Gm29685	136.912046486918	-3.35241777680015	0.701827675431006	-4.77669646575473	1.78198445173482e-06	5.43442066841116e-05	5.74909608961184	down	628877
Prelid3a	12.2391182157491	3.35212847829706	0.841844302868507	3.98188651615862	6.83704247173576e-05	0.0010969881577785	4.16513172225249	up	225655
Mb	6.02475799782194	3.33004705321376	1.21294663844313	2.74541925231601	0.00604336375139727	0.0362231169933207	2.21872126468415	up	17189
Retn	8.44994917476492	3.32927577300041	1.27589345698351	2.60936816846098	0.00907095900154511	0.0488296491069654	2.04234679595398	up	57264
Cdhr1	5.80533161831759	3.32415158243287	1.26203033756372	2.63397121566028	0.00843926420330765	0.0462985915721139	2.07369541668872	up	170677
Mt3	12.2898636096075	3.29676958199397	0.917943753817426	3.59147231873825	0.000328815106083783	0.00388435427516556	3.48304823876541	up	17751
Dclk1	576.811926938639	3.29610453296259	0.470815072145354	7.00084752585191	2.54418710582171e-12	3.85211427994132e-10	11.5944509527572	up	13175
Shc2	174.241225400589	3.28983578783127	0.484279357037043	6.79326041886115	1.0962722675996e-11	1.45492924403651e-09	10.9600815721003	up	216148
Serpinb2	12.36272317235	3.28754179563334	1.09341552699662	3.00667195083971	0.00264124626713541	0.0193543860578215	2.57819110372615	up	18788
Gm15486	6.06051746049175	3.28734182900567	1.19736268012178	2.74548546032127	0.00604214447726372	0.0362231169933207	2.21880889426826	up	102632813
Wnt11	18.6864364844424	3.28432566698817	1.16369335476548	2.82232914155471	0.00476762186544744	0.0302382694336075	2.32169819711469	up	22411
Prdm8	7.66233470420523	3.28161161565194	1.08270419229591	3.03094015798828	0.00243793560716706	0.0182228508528908	2.61297776952212	up	77630
Gabrb3	404.741639601904	-3.27661884831044	0.480045823652403	-6.82563765138181	8.7535620769348e-12	1.19114926996265e-09	11.0578151840569	down	14402
Nos1ap	68738.2396247071	-3.26747872575203	0.168870055734993	-19.3490711632124	2.07548752783572e-83	2.2311490924234e-79	82.6828798720703	down	70729
Hist1h2an	5.40719001109386	3.25081351758979	1.14233463292529	2.84576289984758	0.00443051700800084	0.0285968524983542	2.35354559192125	up	NA
Gm29291	9.58661738221369	-3.24952613695939	1.05698259107651	-3.07434215510571	0.00210967325715193	0.0162340640761512	2.67578480233462	down	NA
S100a6	688.820215078936	3.2488696734072	0.504842261053546	6.43541542387357	1.23136080056834e-10	1.2371148230009e-08	9.90961467595798	up	20200
Pitx3	1266.05262291028	-3.24803971917523	0.523733466693408	-6.2017035872879	5.58552038886031e-10	4.78440989484051e-08	9.25293635854083	down	18742
Gm15889	449.486672206079	3.2435757578879	0.305537528318141	10.6159651671677	2.51184952233245e-26	1.80015882433825e-23	25.6000063814867	up	115486954
Cyp2c53-ps	179.871938109238	-3.24193123051759	1.09533476228687	-2.95976293471139	0.00307875854041241	0.0217597990200088	2.51162437042727	down	638988
Gm40634	7.49430900239109	3.24105232950051	0.968792679914489	3.34545501498482	0.000821476836138933	0.00785665123531453	3.08540467821659	up	105245141
Siglecf	55.6070883723809	3.24056105893419	0.824521374057929	3.93023293378749	8.48636077045265e-05	0.0012995947991184	4.07127850953778	up	233186
Gm5627	17.4857805521334	-3.2379177992267	0.70229507398639	-4.61048057883637	4.01739172522645e-06	0.000107842999428032	5.39605581929899	down	434510
Prdx6b	5.62713476763128	3.2245504122049	1.06466054946003	3.02871221615219	0.00245598515208248	0.0182964936832201	2.60977426309607	up	320769
Gm21188	292.148163376257	3.22231047161898	0.377408091358329	8.5380004970788	1.36564334410695e-17	4.51712798435377e-15	16.864662707617	up	NA
Gm33782	97.3860928155789	3.21259325057497	0.703865891074428	4.56421214795769	5.01373595183815e-06	0.000129873883089783	5.29983854187347	up	102636813
Bex2	21.4746006785501	3.20600038610675	0.651031999524373	4.92448971548091	8.45807768929847e-07	2.91891926677235e-05	6.07272833008074	up	12069
Tnfaip3	6719.62832920326	-3.20538595313867	0.907540925917014	-3.53194645178103	0.000412512879051585	0.00463134563948255	3.38456248780807	down	21929
Psrc1	94.5422810365072	3.2021148046435	0.453464574105338	7.06144423952213	1.64780867726301e-12	2.58597712125217e-10	11.7830932145033	up	56742
Gm42711	14.8877211248137	3.18810119331606	0.949713086757943	3.35690982652388	0.000788188139071743	0.00760936012125841	3.10337010483511	up	NA
Anxa2	8386.87948399984	3.18027038732788	0.474029172929448	6.70901828187949	1.9593812230336e-11	2.39356228950127e-09	10.7078810581591	up	12306
Gbp11	1766.17320740718	-3.17749407808899	0.860530237685879	-3.69248393482819	0.000222074373291709	0.00285391454021025	3.65350155482448	down	634650
Gm26912	10.5319702654503	3.17248537349234	0.898585564749738	3.5305323142776	0.000414724352249741	0.00465131641803309	3.38224046249668	up	NA
Miox	28.9590297036586	3.17015280013099	0.602030749775639	5.26576557976885	1.39606335250536e-07	6.07598422649096e-06	6.85509487324638	up	56727
Gm36245	35.1445073970949	-3.15344545917794	0.71681882904761	-4.39922241351796	1.08639441016699e-05	0.00024199385584107	4.96401247763636	down	102640092
Atf7ip2	8.50066241006946	3.15105223665177	1.01676489506869	3.09909621381931	0.00194111971734317	0.0152816089062169	2.71194767894539	up	75329
Steap4	103286.616780844	-3.14384409258371	0.281202559034696	-11.1799981599592	5.10910460279463e-29	4.77590212869933e-26	28.2916552055676	down	117167
Gm49436	4.41783547215167	-3.13932211982351	1.19402126038483	-2.62920119095008	0.00855857097104763	0.0467384495497902	2.06759874364039	down	118568207
Atf3	5215.96984445002	3.13683438905309	1.03026342817005	3.04469158400072	0.00232919028510964	0.0175895999753626	2.63279502997225	up	11910
Plau	722.679885887535	3.13247136342516	0.492967574275549	6.35431522657154	2.09357125387184e-10	1.99167176806392e-08	9.67911225347982	up	18792
Tbx3	3765.62304405507	-3.11604529364997	0.50129130981229	-6.21603692834169	5.09868092990751e-10	4.49269016364801e-08	9.2925421648743	down	21386
Acta2	2865.5460552254	3.10273565440001	0.535118795699549	5.79821841306073	6.70231252777243e-09	4.30148415961515e-07	8.17377532494562	up	11475
Chil4	5.38310814485978	3.10091806137659	1.18848056462965	2.60914494831718	0.00907687853265944	0.0488370591722167	2.04206347627088	up	104183
Ret	23.3637142943729	3.09895794319729	0.847500467800351	3.65658552524518	0.00025559715831228	0.00319115347418979	3.59244397890236	up	19713
Serpina5	69.126071600614	3.08435918415805	0.745835414247443	4.13544211663669	3.54271907601642e-05	0.000630075709274563	4.45066328418192	up	268591
Gsdma	8.46823501940578	3.07497796139922	1.08412797938253	2.83636066947611	0.00456308834279853	0.029224426383726	2.34074112307075	up	57911
Gm49503	13.6550105189084	3.05761144407337	0.738409886765361	4.14080512581892	3.46088897857266e-05	0.000621111127206279	4.46081233216112	up	NA
Gm2539	8.38271661308416	3.05582409434458	0.982741914387008	3.10948790278338	0.00187411958846005	0.0148904549711349	2.7272027000271	up	100039992
Gm42906	1213.62070225742	-3.0527422053265	0.235245686710536	-12.9768254118207	1.65603395191447e-38	3.23679363328738e-35	37.7809307635789	down	NA
Scg2	21.5608849660153	3.04977560482213	1.03613144177069	2.94342540132768	0.00324602042366064	0.0225928906146662	2.48864875196043	up	20254
Rcan2	2299.8677043885	-3.04427917137404	0.335881227701965	-9.06355854479398	1.26262599132972e-19	5.42929176271778e-17	18.898725274905	down	53901
Cntnap5b	414.5381634119	3.03507636174881	0.464567062091702	6.53312860383053	6.44097899485423e-11	6.92405241946830e-09	10.1910481171511	up	241175
Gpr176	313.87573674085	3.03197454545398	0.423201806579198	7.16437051618912	7.8144788814499e-13	1.30241314690832e-10	12.1070999781639	up	381413
Gm18878	9.87899028764505	3.01278230596834	0.856443454169988	3.51778309624439	0.000435167902442756	0.00482771408798723	3.36134314526317	up	100417883
Slc13a5	1270.81099582834	-3.01225803505596	0.238242668750303	-12.6436546856056	1.21282717928045e-36	2.17298202954413e-33	35.9162010791269	down	237831
3830432H09Rik	28.7279748200304	2.99262232258288	0.741278982987864	4.03710666464676	5.41144686715233e-05	0.000901907811192055	4.26668660136124	up	320069
Cxcl9	1029.30799555872	-2.99130913668503	0.971130838141381	-3.08023287820826	0.0020683879903557	0.0160125179260136	2.68436799252895	down	17329
T2	6.71158967391308	2.98848273166721	1.05611755278879	2.82968758901488	0.00465934765278415	0.0297258084673173	2.33167488387398	up	21331
Gm50397	153.745133544482	2.98785415146864	0.616549446479611	4.84609007197843	1.25918366253441e-06	4.0346421377779e-05	5.89991091976677	up	NA
A530058N18Rik	8.8161470163492	2.98504115758604	1.06604339561914	2.80011223731881	0.00510848412190012	0.0320678565316358	2.29170795214729	up	NA
Aloxe3	65.9489774798238	2.98372705356294	0.671846692657771	4.44108319080884	8.95071808074785e-06	0.000208720649388372	5.04814212155599	up	23801
Fstl3	35.3443912054891	2.98356161000776	0.606128870596286	4.92232222344507	8.55232444776301e-07	2.94199961003047e-05	6.06791583174685	up	83554
Rgs1	496.659897778933	2.98259224246783	0.496782192622175	6.00382277537919	1.92725062424226e-09	1.43874612573641e-07	8.71506180498755	up	50778
Lox	368.847372084172	2.98214690506694	0.623306208783916	4.78440109057339	1.71497921870861e-06	5.25992199746576e-05	5.76574113816049	up	16948
Gm10182	9.3292317758508	2.97647549192385	0.836315765509901	3.55903310050492	0.000372222622606795	0.00427043030205234	3.42919723524951	up	100041826
Gm47448	37.6581762339819	2.97128591322607	0.491956390058594	6.03973436115379	1.54368150241696e-09	1.20687826552599e-07	8.81144229986255	up	NA
Il12b	38.2395552201617	-2.96864350933257	1.08055386988281	-2.74733503999624	0.00600817240991453	0.0360825996684811	2.22125761335406	down	16160
Trem2	608.105142378524	2.96727911971005	0.331282950101607	8.95693279355296	3.3383504162308e-19	1.35423648960306e-16	18.4764680787269	up	83433
Hcar2	243.872463135427	-2.92551615399887	0.639901010944612	-4.57182611679308	4.83492084283715e-06	0.000125696249239418	5.31561063177755	down	80885
Cd63	1579.92961912874	2.92374614788976	0.46914612417788	6.23205862142261	4.60345135232087e-10	4.10681344709123e-08	9.33691644196188	up	12512
Nkain1	103.48561980164	2.90671141359909	0.696970630816001	4.17049339682501	3.03940862548371e-05	0.000561402795944155	4.517210908389	up	67149
Gm12708	45.6343820497356	2.90380369200585	0.608938227872207	4.76863425400721	1.8547904828877e-06	5.60871946302189e-05	5.73170514117819	up	105244624
Asb11	86.4743377746678	2.9035225344197	0.415396482411977	6.98976196803728	2.75353011616585e-12	4.11117343733096e-10	11.5601101691507	up	68854
Olfr111	31.9386472435002	2.90334581001193	0.634259412907146	4.57753681053682	4.70483018841329e-06	0.000123208098722151	5.3274560469585	up	NA
Gm37795	141.061202701983	2.89698602222445	0.326659949850501	8.86850690925007	7.41331669146801e-19	2.89793288848295e-16	18.1299874467393	up	NA
Gm7665	149.05902856818	2.89312115488508	0.49802468853554	5.80919223782341	6.27749760882423e-09	4.11666881437965e-07	8.2022134440431	up	665509
Tlr2	2115.559882878	-2.87634328695934	0.812560856362745	-3.53984967948699	0.000400354998761127	0.00454013968364544	3.3975547445995	down	24088
Best3	19.9627891064858	2.87145950374431	0.841526593591747	3.4122029245547	0.000644401231311702	0.00649526539016868	3.19084363840899	up	382427
Gm17749	36.6273259953799	2.867095380117	0.739538072921458	3.87687326061643	0.000105807437744671	0.00155599173153928	3.97548380245269	up	434410
Bcat1	87.3033479844792	2.85827040511193	0.731993301194975	3.9047767246583	9.43124186019971e-05	0.00141996988791522	4.02543111770572	up	12035
Gm30198	8.49569319940808	2.85443675117655	1.07730462190511	2.64960967690713	0.00805848114384204	0.0445119439120394	2.09374680596261	up	102632020
Gm5318	37.4597232543657	-2.85169919930804	0.605089582131691	-4.71285456487565	2.44270539641169e-06	7.03054431363471e-05	5.61212890815053	down	102636284
Rnf183	17.3980539376505	2.84796884566394	0.662564080406565	4.29840513526836	1.72031501840357e-05	0.000348602949063871	4.76439201923929	up	76072
Cerkl	2066.49987012092	-2.84435875371751	0.374031343862473	-7.60459998978947	2.85786441898088e-14	6.26980459266213e-12	13.5439583785839	down	228094
Gm23144	9.17054859727856	-2.84425876191007	1.05300488285096	-2.70108791348562	0.0069113067280722	0.0398907636653831	2.16043983234529	down	115488584
Myo5a	1863.97325136385	2.84231714256132	0.294856669609852	9.63965694356589	5.43693680190224e-22	2.99728567284354e-19	21.2646457151397	up	17918
Fabp12	252.689162734002	-2.84202870214488	0.453033441226051	-6.27333093657159	3.53404634228815e-10	3.27508604996531e-08	9.45172775984678	down	75497
Gm12107	9.27279588908222	-2.8409604882763	0.715372504082352	-3.97130232440309	7.1480798858788e-05	0.00114008692541835	4.14581060252867	down	102638676
Gm2788	3945.66671168564	-2.83064398859861	0.409233451799487	-6.91694184859927	4.61497410164677e-12	6.65919081781246e-10	11.3358307318089	down	108167326
Gm7115	103.01508002576	-2.82932237640005	0.80255415409493	-3.5253974600515	0.000422847841997651	0.00472271615737637	3.37381588148729	down	633522
Toporsl	46.7161159279232	2.81741473721502	0.736908693496945	3.82328877658532	0.000131683402093152	0.0018528750948971	3.88046896181591	up	68274
Pgf	37.2602203086873	2.81255444187068	0.732898565935468	3.83757667513068	0.000124254443339767	0.00176801491184976	3.90568807194322	up	18654
Kcnj6	24.5572158112565	2.8092661029071	0.601823361929304	4.66792464470181	3.04257443557754e-06	8.49550004739183e-05	5.51675878809703	up	16522
Serpinb10	24.5441542892234	2.80895338699175	0.668484596574984	4.20197174532303	2.64600165559765e-05	0.000499464755007459	4.57740988841129	up	241197
Gm20627	33.9945491410994	-2.80430165785972	0.660092810401462	-4.24834449591137	2.15356054032071e-05	0.000417507228285801	4.66684291495889	down	102631874
Gm41750	8.6355484614137	2.79727755108013	0.991195499451241	2.82212495176663	0.00477065857881981	0.0302385493645713	2.32142166343275	up	105246464
Slc22a26	91.7744360341954	-2.79558712060047	0.65681801873535	-4.25625826463036	2.07876567096162e-05	0.000406304199324316	4.68219446379215	down	236149
Gm35986	114.112930058736	-2.79538411644292	0.484193143642782	-5.77328314773751	7.77416388867214e-09	4.91601540018974e-07	8.10934630816118	down	102639747
Gm4949	9.85327844984549	-2.79241585825536	0.767934776215514	-3.63626696529719	0.000276617655205196	0.00338683347774016	3.55812010436591	down	240219
Fosl1	97.7761921917491	2.78705802549195	0.578002342971064	4.82188015219079	1.42211384894059e-06	4.50965306079981e-05	5.84706563427611	up	14283
Klrb1a	17.0000085753377	2.77848161209578	0.615184974695228	4.51649784436346	6.28707569106741e-06	0.000155728257324826	5.20155131108054	up	17057
Pf4	229.563025786501	2.75396053489718	0.54393549369862	5.06302781635183	4.12649616261936e-07	1.57304374993468e-05	6.38441855442087	up	56744
Gm49236	12.2697001819973	-2.75359455984509	0.94849990907034	-2.90310471673529	0.00369483070376222	0.0249259052811069	2.43240545608006	down	NA
CR974586.2	8.61998649304278	-2.74116766227513	0.982714098918936	-2.78938469010532	0.00528082976861495	0.0328333834659403	2.27729783208408	down	NA
Fos	4528.07599797999	2.73870314955731	0.990189551185656	2.76583725437011	0.00567768621969285	0.0345887812965564	2.24582861265931	up	14281
Gpr141	570.82757638186	2.73022658524836	0.44962826759728	6.0721862525195	1.2618046080957e-09	1.00106269645969e-07	8.89900789088876	up	353346
Scel	24.7246541011812	2.7242057952495	0.603833584826934	4.511517516917	6.43654666221437e-06	0.000158881461811262	5.19134707795072	up	64929
Zbtb7c	25330.7281861081	-2.72404284635847	0.124696045497934	-21.845462985461	8.58506562453987e-106	1.84578910927607e-101	105.066256380728	down	207259
Crnde	34.5473693050962	2.72271148154692	0.55054173009321	4.94551336024237	7.59434614432787e-07	2.68992491108813e-05	6.11950961194398	up	71296
Gm15890	1332.00353107524	2.70512639432223	0.351922086957881	7.68671957394361	1.509555071226e-14	3.52776456862598e-12	13.8211510385248	up	NA
Mmp3	98.2102174679545	2.70468662847763	0.688784982510817	3.92675028804821	8.61012897679845e-05	0.00131569135039919	4.06499034291425	up	17392
Gm12503	62.2915890047533	-2.70137818018328	0.446546052932648	-6.04949514712366	1.4530044140318e-09	1.14851451844426e-07	8.8377330663718	down	NA
Cpxm1	301.827070007686	2.70022151496936	0.436977849003564	6.17930982343075	6.43824374333326e-10	5.38607939617374e-08	9.1912325855285	up	56264
Ubd	80.3989610116433	2.70017857915734	0.652412972371618	4.13875672849022	3.49192975062418e-05	0.000625617621959054	4.45693450185741	up	24108
Gm13481	862.383824979751	-2.69688180657425	0.280835863790617	-9.60305343545781	7.76104892815967e-22	4.06981834037641e-19	21.1100795786225	down	102633236
Gm10639	9.32002654484551	2.69575589894197	0.839670475273172	3.21049266149909	0.00132507651882734	0.011363839311842	2.87775904191967	up	NA
Ren1	40.0460883207086	2.69340026632975	0.521355172214786	5.16615238492375	2.38961992888388e-07	9.70567930634738e-06	6.62167116847214	up	19701
Gm43403	8.05629673106456	2.69002664633526	0.874163190089153	3.07725911687143	0.00208913612169549	0.0161221918939171	2.68003326180273	up	108168904
Atp1a3	290.242171741803	2.68888162607281	0.503471713621716	5.34068062479693	9.25982642905659e-08	4.36526302328209e-06	7.03339715388064	up	232975
Mup-ps1	10.9424847122699	-2.68684716390184	0.647412400520743	-4.15013237580974	3.32283049072265e-05	0.000603774736006199	4.47849181304614	down	100417331
Cd109	44.3138848968317	2.68586376037262	0.446382083516964	6.01696138700546	1.77721451826501e-09	1.35018064108472e-07	8.75026014761627	up	235505
Emp1	1451.06984772099	2.68448012153153	0.362172690468553	7.41215500831535	1.24263390735186e-13	2.36430345204115e-11	12.9056568001073	up	13730
Gm41639	12.787828470102	-2.68339763855966	0.799594468599574	-3.35594822617947	0.000790933740252432	0.00763243959399789	3.10185989759974	down	105246338
Grk1	5.49858844650183	2.68006344449591	0.999974902827722	2.68013070819802	0.00735934174227293	0.041726225595693	2.13316102947817	up	24013
Ankrd66	25.4307121939939	2.67928974906845	0.811016057355369	3.30362108711547	0.000954447407812064	0.00884128361394199	3.0202479972088	up	100043332
AI427809	56.2435947705374	2.67142330853392	0.438297705601029	6.09499724592593	1.0943933558014e-09	8.84566058260533e-08	8.96082655227194	up	NA
Ms4a4a	235.017875998195	2.67089968031165	0.410713903125773	6.50306614892882	7.86991679306065e-11	8.33513354930069e-09	10.1040298593189	up	666907
Fitm1	407.306799038415	-2.66898871355507	0.514957526668107	-5.18292980553957	2.18427260998359e-07	8.92811047806982e-06	6.66069316009587	down	68680
Capg	1134.73757205774	2.66676814527703	0.454576629037835	5.86648757311074	4.45123611243161e-09	2.98135752078753e-07	8.35151936828623	up	12332
Cd248	426.342567537979	2.66621986139617	0.598757086340188	4.4529241026491	8.47087035623392e-06	0.000199260079495656	5.07207196493608	up	70445
Syngr1	153.065190279165	2.65403193426747	0.317793133793779	8.35144517625014	6.74327440456417e-17	2.07114856711614e-14	16.1711291671863	up	20972
Gm5340	68.3845663065683	2.65383853106664	0.514975034286763	5.15333434511478	2.55895127880737e-07	1.03028937255353e-05	6.59193798279063	up	384710
Gm37168	250.137662261532	2.64983482475454	0.379409872316338	6.98409561295022	2.86696770873076e-12	4.25102108535941e-10	11.5425771985774	up	102634085
Gm38563	12.9346048550549	2.64398426755368	0.742778695553121	3.55958549078309	0.000371440604757257	0.00426601121916721	3.43011062224915	up	102641552
9430093N23Rik	36.9076038969048	-2.64377051910164	0.657508154224771	-4.02089388871345	5.7977718319542e-05	0.000958125245096197	4.23673888005951	down	77362
Gm28856	72.7664797313851	2.64028116048589	0.393778398344933	6.70499238044315	2.01416877217558e-11	2.43284430347051e-09	10.6959041416505	up	433347
Col1a1	14715.7821417012	2.63819384748497	0.566699657479281	4.65536517036173	3.23406990332172e-06	8.94884207482844e-05	5.49025059720055	up	12842
Elovl3	14537.9650928686	-2.63514605364472	0.491300023925164	-5.36361881807299	8.15709509325092e-08	3.88003417046227e-06	7.08846447477345	down	12686
Socs3	6138.8391574254	-2.63143090844706	0.405068991364471	-6.49625363714737	8.2344785458137e-11	8.67365851296024e-09	10.0843638976291	down	12702
Scd1	455089.376513514	-2.6290742298796	0.394604569396221	-6.66255394331167	2.69109493008653e-11	3.11067424714303e-09	10.5700709819518	down	20249
Gm11212	430.626736870642	-2.62871803494185	0.412201507517898	-6.37726448593279	1.80278974969177e-10	1.74004450623513e-08	9.74405491990712	down	435786
Arhgap22	1832.56397607373	2.62571582751727	0.299811894010024	8.75787745575389	1.98961299750561e-18	7.12944657439511e-16	17.7012313906219	up	239027
Eda2r	411.328859520217	2.6171610580386	0.508248863505012	5.1493692282753	2.61363924748109e-07	1.04838141456798e-05	6.58275435693923	up	245527
Rnf186	459.601344705482	-2.6099997040332	0.453644894939604	-5.75339816042829	8.74671486069624e-09	5.46669678793515e-07	8.05815503106519	down	66825
Il7r	271.80524274551	2.60423404342314	0.398100238944205	6.54165405760565	6.08421138660573e-11	6.57339421165945e-09	10.2157957054603	up	16197
Mrgpra2b	32.1177996129193	-2.60206426772268	0.861271804749775	-3.02118826295336	0.00251784757077932	0.0186765370489819	2.598970565401	down	235712
Vcan	1180.1479584107	2.598403809763	0.769077338465317	3.37859884800153	0.000728562349617532	0.00716892014497801	3.13753327582789	up	13003
Shisa7	53.0969016478958	-2.59540666597478	0.647936459303081	-4.00564998112067	6.18471757362412e-05	0.00101272983878841	4.2086801277272	down	232813
Rpp25	22.3352647041201	2.58669614192391	0.661917050719515	3.90788564686787	9.31073528731221e-05	0.00140477760475237	4.031016020564	up	102614
Cyp2c29	45016.9327099478	-2.58462303450577	0.991316582380313	-2.60726298787383	0.00912692314405826	0.0489592933126878	2.03967560655893	down	13095
Tmc5	186.323725450054	-2.58438268478633	0.615088871215982	-4.20164110541816	2.64986997509202e-05	0.000499756179512969	4.57677543568034	down	74424
Gcnt1	623.503827658066	2.58076113733768	0.416382109832227	6.19805961014402	5.71634925175577e-10	4.84941036648214e-08	9.24288124498312	up	14537
Psat1	670.464832371945	2.57495290323356	0.414798171303967	6.20772481985369	5.37571738101621e-10	4.66040014886486e-08	9.26956357163048	up	107272
Dnah12	170.642909890118	2.57480974252583	0.437253386294535	5.88859874670344	3.89483803507476e-09	2.68394287673421e-07	8.40951059753848	up	110083
Sec14l5	19.9507842617548	2.57034370521443	0.526111269556624	4.88555150582607	1.03139738043077e-06	3.43799126810257e-05	5.98657397596004	up	665119
Mthfd1l	2041.82880633799	2.56981329487766	0.219892028808493	11.6867051016012	1.4905784057103e-31	1.88514327781009e-28	30.826645174766	up	270685
Serpina7	6062.23059893091	-2.56248778823632	0.343565205637097	-7.45851950719084	8.75000668371872e-14	1.72591874954085e-11	13.0579916152404	down	331535
Ryr1	48.7464066687054	2.55954317642192	0.461452487737569	5.54671010437275	2.91094781128735e-08	1.60406865622566e-06	7.53596558070791	up	20190
Etv4	181.795213924267	2.55273026042293	0.540878564096147	4.71959961047588	2.36309308452625e-06	6.87503400775565e-05	5.62651917075025	up	18612
Dusp18	56.6505928256857	2.54755549792469	0.614453955315447	4.14604784603727	3.38263171926523e-05	0.000609100351458982	4.47074528302709	up	75219
Cox4i2	84.9632374564471	2.54511604922609	0.583756484102852	4.35989341195508	1.30125811623342e-05	0.000280770803537784	4.88563654868264	up	84682
Ccn2	1340.3430932109	2.5340719833755	0.40548620526385	6.24946533440412	4.11860138412547e-10	3.76808211739139e-08	9.38525023888891	up	14219
Reg4	12.0771125791799	2.53093078447222	0.650749165536579	3.88925705711099	0.000100551569293618	0.00149609601371128	3.99761114704396	up	67709
S100a11	1699.9986059847	2.52847927067928	0.480114046061446	5.26641386858256	1.39114469664957e-07	6.06685821054071e-06	6.85662769553763	up	20195
Phlda3	266.808326107334	2.52364752369033	0.426768733687875	5.91338428633819	3.35149003469941e-09	2.35480508973978e-07	8.47476206759697	up	27280
Prtn3	1119.08269440507	-2.52318039296318	0.820329176499934	-3.07581452085946	0.00209928390176766	0.016183077765509	2.67792882457456	down	19152
Ccr2	1174.32526755191	2.51642019393293	0.416256568751537	6.04535851885855	1.49078121650996e-09	1.16977358229796e-07	8.82658608789128	up	12772
Spock1	28.2998898415573	-2.51606603077311	0.591454528804628	-4.25403122004707	2.09956009063565e-05	0.000409623792637626	4.67787169108652	down	20745
Gm10701	145.556092785723	2.51318320195776	0.502826468377912	4.99811239067255	5.78942401592817e-07	2.13138041682287e-05	6.23736464165202	up	100038418
Serpinb1b	13.4703217091221	2.50486726370706	0.782801076899653	3.1998771305065	0.00137486185444045	0.0117021100041447	2.86174093737429	up	282663
Ankrd1	158.867077247692	2.50364598159265	0.545637263523467	4.58848056935352	4.46483856410138e-06	0.000117928782712751	5.35019423934821	up	107765
Cfap44	83.857896238533	2.5021891814355	0.363301603727078	6.88736068260027	5.68369889223593e-12	7.93503416773198e-10	11.245368937941	up	212517
Slc13a3	2371.53351165738	-2.49673081361158	0.419534764363379	-5.95118933087757	2.66200924797921e-09	1.92057714199842e-07	8.57479044009374	down	114644
Slc22a27	94.853755110595	-2.48961643639684	0.490402053913991	-5.07668435832749	3.84078123536367e-07	1.48129855522095e-05	6.41558042883589	down	171405
Sh3pxd2b	3355.0294268485	2.4850636148648	0.748963495559738	3.31800365384642	0.000906632984541213	0.0084750474641896	3.04256848476591	up	268396
1700061I17Rik	25.9640964008034	2.4828787052162	0.773051168240978	3.21179089718707	0.00131910348488529	0.0113240043785134	2.87972113231437	up	433646
Col12a1	1865.60329004932	2.4779816068298	0.785466633098631	3.15478914368937	0.0016061413851479	0.0132357377465235	2.79421622737185	up	12816
Cyp3a57	10.232127086965	2.46285698447549	0.772091650524159	3.18985056088031	0.00142346379838566	0.012001753594232	2.84665357337917	up	622127
H2ac12	20.3579736724698	2.46268916959237	0.906356885415144	2.71712965303328	0.0065850806134714	0.0385459387938021	2.1814389041082	up	319168
Rab7b	1003.04568919827	2.45336078122909	0.322535486594736	7.60648326524062	2.81654679466191e-14	6.24286145208569e-12	13.5502830289148	up	226421
Elovl6	24096.674128387	-2.44958510958201	0.330247886698944	-7.41741342864389	1.19429700916916e-13	2.29262372295865e-11	12.9228876552814	down	170439
4930477G07Rik	42.5264730279862	2.44401418564102	0.517783092820702	4.72015061814183	2.35670073192384e-06	6.87503400775565e-05	5.62769556330765	up	78168
Elovl7	392.565423385946	2.44144734357667	0.551092705857142	4.43019353663802	9.41485556430513e-06	0.000217228344725424	5.02618633821837	up	74559
Gm13589	13.7642120377125	2.4258219962854	0.868107187915024	2.79438072861903	0.00519992184500347	0.0324770183951059	2.28400318377651	up	NA
Hormad2	297.120854512867	2.42139228242696	0.57676507542723	4.19822972227184	2.6900966875644e-05	0.000506454280058096	4.57023211028716	up	75828
Fmo3	64.0868457927498	2.41592336650051	0.844832415308257	2.85964804702599	0.00424111406350414	0.0276482572363066	2.37252004716201	up	14262
Wfdc3	69.2384171852728	2.40970211135093	0.51581315826727	4.67165692214143	2.9877970781807e-06	8.37518085800326e-05	5.52464890177598	up	71856
Gm23726	45.9811108560463	-2.40823375538284	0.643332443002558	-3.74337371226476	0.000181565876558839	0.0024321908697913	3.74096576933206	down	NA
Fndc10	75.5395474834896	2.4064007673477	0.35770684049675	6.72729871200091	1.72841686640437e-11	2.14803252183202e-09	10.7623515043658	up	230991
Hspb7	25.4603419478175	2.40332403076989	0.715412582996515	3.35935387200422	0.000781249564392572	0.00756274904747424	3.10721021180077	up	29818
Hs6st2	304.379154412449	2.40234143955272	0.605160984867986	3.96975598166955	7.19462757325034e-05	0.00114443561775874	4.14299168220945	up	50786
1700027J07Rik	116.084881584394	2.40198999815639	0.790148431941639	3.03992250197088	0.00236639031325442	0.0178266964733602	2.62591362111458	up	69443
Ncam1	855.509828520239	2.39709714567729	0.396456764451275	6.04630154058551	1.48208594414941e-09	1.16721054209569e-07	8.82912661147976	up	17967
Gm44626	9.20314907387839	2.39306085378513	0.883880851624259	2.70744733228187	0.00678028281288321	0.0393255689858235	2.16875219086553	up	NA
Susd3	138.325645730003	2.39009259993643	0.428620941796294	5.57623850556593	2.45774904736456e-08	1.36895348493104e-06	7.60946246356054	up	66329
Irx3	57.7147285083925	2.38627734123393	0.355442677940242	6.71353635714819	1.89963257420396e-11	2.33383430545058e-09	10.7213303919034	up	16373
Gm12724	12.8614659177549	2.38591459084767	0.878014650263838	2.71739724403314	0.00657975830018611	0.0385252732717868	2.18179005939872	up	105244641
Gm46339	7.97722898354237	2.38479687607279	0.857687456561789	2.78049638924734	0.0054275863289305	0.0334364200779386	2.26539326011122	up	108167986
Kcnn4	183.956598732587	2.38271732534004	0.373357575412187	6.38186414915921	1.74945131239248e-10	1.70969105529265e-08	9.75709813952204	up	16534
G930009F23Rik	108.224364851568	2.3820840670274	0.652530260925856	3.65053425054577	0.000261695407939623	0.00325604818906359	3.58220389800964	up	100038726
Id1	964.173185792048	2.38131613250885	0.324437651679101	7.33982668221316	2.13870626149523e-13	3.93010124975619e-11	12.6698488590805	up	15901
Gm5739	11.2623885562827	-2.37938265146266	0.623407585998875	-3.81673676243483	0.000135228309235897	0.00189038273639258	3.86893238193024	down	436026
Mup5	10.6143355996923	-2.3674464958538	0.789355550077512	-2.99921435355883	0.00270676800740584	0.0197406757663587	2.56754896529379	down	17844
Rad51ap1	136.534352979477	2.36725348096468	0.486201810007647	4.86887015276115	1.1223812441603e-06	3.69543594937924e-05	5.94985959930841	up	19362
Fam50b	26.8667870101778	-2.36358816326216	0.537149816069318	-4.4002401053734	1.0813116497502e-05	0.0002414143350948	4.96604911801679	down	108161
Gm32281	532.656861968777	-2.3625950452122	0.357048568332959	-6.61701307540045	3.66529087938377e-11	4.10436218264328e-09	10.43589155382	down	102634779
Ms4a14	59.24539285717	2.35954143066573	0.605265340048535	3.89835874374785	9.68468682481715e-05	0.00144899628902971	4.01391441856416	up	383435
Fkbp10	213.16545418513	2.35645573619311	0.499915873476868	4.71370456753889	2.43253275488895e-06	7.01065070108746e-05	5.61394130309589	up	14230
Cdc6	252.481368538033	2.3537979942262	0.526569595565511	4.47006058467605	7.81974434816839e-06	0.000186805003872911	5.10680744514919	up	23834
A730020M07Rik	27.9374494946314	2.35310080669856	0.448476468902925	5.24687685945881	1.5469922242758e-07	6.63878898641311e-06	6.81051186921117	up	100503044
Vim	8293.45575182356	2.35139400961122	0.462458810859053	5.08454797356617	3.68502621829633e-07	1.42753267915984e-05	6.4335594178671	up	22352
Mchr1	19.6544262877965	2.35121029010652	0.719140147153314	3.26947438467131	0.00107747492477264	0.0097239004565105	2.96759282804388	up	207911
Catsperg2	13.4760071700826	2.34932901513267	0.850092934406071	2.76361432973685	0.00571650618456445	0.0347188934938236	2.24286932231809	up	76718
Fcamr	32.596814203737	2.34160914456984	0.481487837234034	4.86327787223349	1.15457581332804e-06	3.77255014993206e-05	5.9375775445753	up	64435
Ckap4	1306.08242997023	2.34143519394713	0.494558196365744	4.73439771325831	2.1970653653464e-06	6.45312914685077e-05	5.65815702210227	up	216197
Acacb	17843.016549505	-2.34003311621403	0.427689055457217	-5.47134205646772	4.46640290128082e-08	2.29182965101522e-06	7.35004210304903	down	100705
Xylt1	2814.18352180613	2.33818036553719	0.318276818802702	7.34637343157124	2.03656887995444e-13	3.77467507922589e-11	12.6911008968089	up	233781
Gm12618	6.16167186481848	-2.33414392441765	0.89112119401016	-2.61933386850974	0.0088101673941194	0.0477967698646397	2.05501583986812	down	637900
Mup-ps18	22.8809751911182	-2.33112632236404	0.738090659774477	-3.15831976938486	0.00158681394859283	0.013111644848096	2.79947399059625	down	667295
Mup2	2078.3677964463	-2.32928587088358	0.493609093128468	-4.71888768523427	2.37137692743216e-06	6.88981134321507e-05	5.62499940996385	down	17841
Gm5546	11.1946085626217	2.3271420668884	0.750749200216677	3.09975963506421	0.00193677746917081	0.0152641919307817	2.71292027575122	up	433634
1700029N11Rik	35.29628981959	2.3270004579744	0.726782478185555	3.20178392823098	0.00136579402848619	0.0116387521254273	2.86461479043235	up	69491
Ankdd1a	46.8825817368	2.32550798273363	0.623523017776827	3.72962651968365	0.000191763799390633	0.00253562219366459	3.7172333742704	up	330963
Neurl1a	351.248088385655	2.32489443145961	0.462893306480462	5.02252765142919	5.09958524824062e-07	1.91012339437584e-05	6.29246514384815	up	18011
5430425K12Rik	35.886490550599	2.31831058430993	0.827261629074755	2.80239104876993	0.0050725346628164	0.0318887413013311	2.29477497656303	up	71416
Gm15850	20.3695690680665	2.31458786817186	0.767369743829382	3.01626156984173	0.00255912393598784	0.0189141164055478	2.59190868112639	up	329253
Ccr1	327.28580990804	2.31457124970903	0.845771074456509	2.73664035057757	0.0062070111277008	0.0369362688196976	2.20711747602676	up	12768
Mcub	223.764120948829	2.31239728209033	0.407256295185911	5.67799027154322	1.36286463791275e-08	8.25396893383777e-07	7.86554727690698	up	66815
Flnc	280.864838175779	2.3082630633835	0.620027929741927	3.7228372346779	0.000196996525078809	0.00258908570030198	3.70554143451053	up	68794
Nptx1	33.562792337566	2.30529222189471	0.52114686453955	4.42349820895789	9.71154373940663e-06	0.00022236229009291	5.01271172949294	up	18164
Cxcr4	332.003764210897	2.30214305125293	0.478180399480051	4.81438188130707	1.47656208446571e-06	4.65485114604293e-05	5.83074828769382	up	12767
Ostn	7.51706654095632	-2.29708250859947	0.791092163262486	-2.90368507649759	0.0036879892107815	0.0249026774636521	2.43321035814577	down	239790
Gm10440	7.96640286126729	2.29529982752712	0.878834311316668	2.61175490985133	0.00900788059301877	0.0485701852542492	2.04537737939068	up	330086
Col1a2	10471.1843157508	2.294897737778	0.522736012186375	4.39016575150324	1.13264292173764e-05	0.000250275671298656	4.94590698471849	up	12843
Lpin1	34622.5298971345	2.29227295586059	0.395047016932522	5.802531996469	6.53209239280786e-09	4.2301200736557e-07	8.18494768103842	up	14245
Gm50044	266.697743557925	2.28360603283342	0.577678176669657	3.95307651398314	7.71527524546225e-05	0.00120902636864022	4.11264857569894	up	NA
Vmn2r20	37.2819806186056	-2.28149308391724	0.544013924510355	-4.19381376307733	2.74303214788293e-05	0.000515067171873215	4.56176910250617	down	667180
Pkm	7531.25103007904	2.2813277056939	0.411620774472211	5.54230458513437	2.98516462483064e-08	1.63310532910582e-06	7.52503171355167	up	18746
Cd200r4	186.532982337469	2.27438091758407	0.31574334158939	7.20325852679992	5.87903519819977e-13	9.87494193447618e-11	12.2306939396513	up	239849
Gm47731	8.12096882338605	2.26782126368424	0.855770445450969	2.6500345691293	0.00804835353146058	0.0444946261060433	2.09429295507762	up	NA
Tnfrsf10b	296.063228379796	2.26427094398385	0.472887688805909	4.78817909111013	1.683014245085e-06	5.17665325741451e-05	5.7739122081266	up	21933
Gm26077	11.2273818670644	-2.26406560128756	0.819195924680354	-2.76376570375516	0.00571385509392851	0.0347188934938236	2.24307077772738	down	115485788
Creg2	13.9122102658932	2.26074392740202	0.845489377825979	2.67388803063985	0.00749774803965235	0.0423101267329463	2.12506915804987	up	263764
Zc3h13	18294.2310410257	-2.25910672255867	0.452766859483902	-4.98955847858161	6.05174525008264e-07	2.20683806428154e-05	6.21811936201236	down	67302
Gm15983	26.4004285926026	2.25675234120099	0.419254357214582	5.38277611756803	7.33457422755138e-08	3.5357252442232e-06	7.13462509190821	up	115488672
Gm33424	13.9043479041279	2.255295775071	0.740843092467267	3.04422866056573	0.00233277759173155	0.0176105049937599	2.63212666510169	up	102636324
Slc34a2	382.175100906273	-2.25472415810181	0.508465117244572	-4.43437333581585	9.23404900073829e-06	0.000213935402495553	5.034607825183	down	20531
E230014E18Rik	26.8849539084292	2.25162273914395	0.532729268130338	4.22657975418964	2.37270199497105e-05	0.000455067733201405	4.62475680458369	up	442848
Gm7694	2894.2867422268	-2.24617153370188	0.461621214784597	-4.86583255223657	1.13975987323759e-06	3.73549348698295e-05	5.94318663700797	down	665574
Gm6209	89.3270623212003	2.24282763263263	0.651316444277051	3.4435298729823	0.000574173158628657	0.00597774781984728	3.24095711370633	up	621304
Ly6m	110.364878780695	2.23942381091125	0.485514436022334	4.61247626179387	3.97899998707268e-06	0.000107203633736921	5.40022606226458	up	67038
Ikzf4	505.505475198192	-2.23836148394208	0.572226755145407	-3.91166869394861	9.16605973555843e-05	0.00138586697830173	4.03781731676842	down	22781
Gm49708	65.6503549538181	2.23710083276159	0.394042714146698	5.67730540991233	1.36833042995044e-08	8.26379332694787e-07	7.86380901476811	up	NA
Orm2	21015.9847742344	-2.23205481593841	0.479981263625717	-4.65029572004073	3.31459413340443e-06	9.15986810645183e-05	5.47956964264808	down	18406
Sgcz	431.025985635815	-2.22945743475804	0.470758315191161	-4.73588540619346	2.18100804342913e-06	6.43232824879646e-05	5.66134273276589	down	244431
Gm13067	228.484035451746	2.22601114679177	0.274440467673017	8.1110893217248	5.0167958854935e-16	1.41922515181724e-13	15.2995735684176	up	102636131
Sebox	170.037946160905	-2.22217667322252	0.191433105163306	-11.6081106835041	3.74805601209255e-31	4.47684468111055e-28	30.4261939275065	down	18292
Havcr2	406.966015025129	2.217679767404	0.371898509364293	5.96313163823863	2.47448911185566e-09	1.79734851030057e-07	8.60651445281318	up	171285
Gm26885	304.926310519869	-2.21480279291012	0.375058610434073	-5.90521782807979	3.52181097736469e-09	2.45045100366799e-07	8.45323395719624	down	102640282
Lgr5	2740.03740029697	-2.21373270495494	0.29641021665906	-7.46847639027653	8.11286683566306e-14	1.61506145339589e-11	13.0908256524594	down	14160
Lgals1	2262.01696988672	2.21200312702177	0.431289465071171	5.12881325922661	2.91574392855501e-07	1.16089804562838e-05	6.53525062003131	up	16852
Rmi2	99.3990306571215	2.21180474358055	0.456171928438676	4.84862089421157	1.24322755197959e-06	4.00626767566615e-05	5.90544937375221	up	223970
Tcam1	8.10554973557428	2.21044971271985	0.774593121717486	2.85369137776318	0.00432144903735929	0.0280613573854499	2.36437060424765	up	75870
Cdhr2	101.562484113735	2.20850532148691	0.403424807145331	5.47439146619289	4.39017608240862e-08	2.26352004248886e-06	7.35751806060416	up	268663
Gm15601	213.069642453702	-2.20661048243855	0.30372534797092	-7.26515089102747	3.7262208754398e-13	6.62097097702112e-11	12.4287314054404	down	115488342
Tg	153.747083759755	2.2053710805227	0.588857993060928	3.74516624807794	0.000180274358779384	0.0024163957068309	3.74406604051296	up	21819
Hbegf	410.987272608293	2.20244204610039	0.352703689859111	6.2444542243949	4.25282451468819e-10	3.87023295822113e-08	9.371322537313	up	15200
C3ar1	1528.16702447527	2.19836091279565	0.366673999202721	5.99540986700903	2.0297284991791e-09	1.51000563087719e-07	8.69256205035971	up	12267
Ankrd2	69.6589847475729	-2.19680719512242	0.374512022113868	-5.8657855166382	4.47011331075705e-09	2.98470298699617e-07	8.34968146800614	down	56642
AY512931	20.3126322646696	2.1964165983634	0.58029913055979	3.7849730986924	0.00015372520631018	0.0021024757860489	3.81325491542878	up	434310
Fut4	70.2080255156742	2.1946293586657	0.479701579534892	4.57498881032155	4.76245439698224e-06	0.000124263069824172	5.3221691698956	up	14345
Sybu	1192.45366151946	-2.19380340685655	0.379668462472354	-5.77820815711364	7.55003653225593e-09	4.78837125202072e-07	8.12205094695111	down	319613
Gas6	8423.50613559523	-2.19192119807382	0.23120734455747	-9.48032685669716	2.53487801324743e-21	1.23863357465499e-18	20.5960429355213	down	14456
Ano4	371.89581614496	2.19034778959257	0.283119352884985	7.73648204290147	1.02205411325537e-14	2.44157371499895e-12	13.9905261096161	up	320091
Spp1	8397.70767696218	2.18668795033769	0.773976095163318	2.82526548817541	0.00472414552220708	0.0300322675125524	2.32567673287941	up	20750
Uhrf1	1015.63295644514	2.18600673966031	0.475324920489328	4.5989735556257	4.2457766675784e-06	0.000112835844688425	5.37204285392631	up	18140
Adh6-ps1	9971.25482378488	-2.18374624565808	0.332943531444724	-6.55890876204223	5.42029513368292e-11	5.91555052660827e-09	10.2659770655944	down	639769
Steap1	69.6207843991402	2.18278063562708	0.649494507796339	3.36073763430734	0.000777346284835673	0.00754148924316266	3.10938547271612	up	70358
Hba-a2	560.13244199886	2.18250646714691	0.494016463018057	4.41788205561711	9.96727827133287e-06	0.000227249716684684	5.00142341672478	up	110257
Lilra6	63.2563751210616	2.18224920338555	0.772265091285656	2.82577735030412	0.00471660359017238	0.0300122814707838	2.32637062276534	up	18726
Tnni2	15.1135116851495	2.18180152757765	0.657290324336221	3.31938786681667	0.000902150283944581	0.00844048350949021	3.04472110985131	up	21953
Gm22383	13.9560142506934	-2.17897992770622	0.628390279531568	-3.46755829725841	0.00052520980574246	0.0055858388725299	3.27966717416655	down	NA
Gm30173	22.0531882275745	2.17886004472794	0.615857695541023	3.53792777211924	0.00040328035746427	0.00456103507915929	3.39439293061481	up	102631981
Mroh6	472.053451294755	-2.17828062190336	0.29514785520807	-7.38030307002483	1.57929614706511e-13	2.95259714451303e-11	12.8015364241547	down	223645
A230020J21Rik	11.5159732399985	2.17479609545651	0.740563318709324	2.93667812125344	0.00331748241496598	0.0230083457812157	2.47919137052938	up	100125339
H2-K2	1303.33774355767	-2.16951457853541	0.391772725449029	-5.53768661677208	3.06493043788046e-08	1.66825327631468e-06	7.51357937784622	down	630499
Gm48341	170.772081754654	-2.1684142085831	0.573680754448109	-3.77982735479622	0.000156937138918153	0.00213553701692423	3.80427426916903	down	NA
Hbb-bs	2761.06174809598	2.16822080685659	0.470902504741121	4.60439429611565	4.13668059889494e-06	0.000110482773759306	5.38334801052641	up	100503605
Tmsb10	1789.53884049904	2.16316073639026	0.478713524114017	4.51869568630581	6.22217496648277e-06	0.000154655215929919	5.20605778076997	up	19240
Cd177	66.3872164211712	2.16267095550336	0.63653524310139	3.39756671597032	0.000679880078153075	0.00678302630175921	3.16756768433692	up	68891
Gm19142	32.1502389511877	2.16217099311099	0.387365489784128	5.58173366015627	2.3813285341093e-08	1.34379431714829e-06	7.62318068409615	up	100418330
Tlr13	1095.26331374055	2.16082579231719	0.347933127577489	6.2104629339612	5.28287369127529e-10	4.59845280819509e-08	9.27712977277661	up	279572
Clspn	314.615866333258	2.1604003053735	0.453320709860515	4.76572161470022	1.88178932025313e-06	5.6664524349359e-05	5.72542900055446	up	269582
Gm15283	705.760304107098	-2.15975995854629	0.453139856533144	-4.76621053612467	1.87723102084573e-06	5.6664524349359e-05	5.72648227777575	down	102637576
Mab21l3	61.185732318606	-2.15964238265003	0.532507225655492	-4.05561141445848	5.00033303322953e-05	0.00084385526070985	4.30100106972853	down	242125
Alpk1	5594.95901034152	-2.15595102242702	0.159527583150705	-13.5145971614846	1.28255828164406e-41	3.44687538191841e-38	40.891922890683	down	71481
Cd300lb	599.942093080692	2.15558553290099	0.349853330648481	6.16139777462014	7.21056124104841e-10	5.98560103021393e-08	9.14203093023146	up	217304
Mroh3	33.4855137525261	2.15365949030507	0.720311325577295	2.98990091344047	0.00279067958042901	0.0202086934924971	2.55429002536736	up	76422
Gm13986	96.8381756869858	2.14679792607117	0.565425998428951	3.79677965292734	0.000146587977665946	0.00202157890944056	3.83390164666243	up	329496
Ang4	29.5810273872447	-2.14340491831077	0.792401315880616	-2.70494871140989	0.00683149362239291	0.0395681877374589	2.16548433276854	down	219033
Arhgap20	10.6728604476383	2.14099827208737	0.691732906547994	3.09512277328507	0.00196731444939282	0.015438653793877	2.70612621825982	up	244867
Slc25a24	807.563045974108	2.14080870419531	0.391391378657575	5.46973904110516	4.50698682406825e-08	2.30714801708256e-06	7.34611371156355	up	229731
Fabp5	3557.05734700877	-2.14049768381526	0.241686947666922	-8.85648854635362	8.25743679682828e-19	3.11464721283874e-16	18.0831547417533	down	16592
Col5a2	3715.78589225246	2.13857713563366	0.451204904159847	4.73970277343447	2.14031949084485e-06	6.32099849631377e-05	5.669521393588	up	12832
Cpne8	8607.02100494545	-2.13726900526497	0.399826020741412	-5.34549752740393	9.01690290071051e-08	4.26073433769837e-06	7.04494260703703	down	66871
Hba-a1	2658.98085465211	2.13639135725674	0.497799435111728	4.29167091516936	1.77333629435016e-05	0.000356657907656954	4.7512088972636	up	15122
Lbp	38860.5487934139	-2.13342560011897	0.290945417825384	-7.33273483413093	2.25502845029723e-13	4.10873827808393e-11	12.646847974527	down	16803
C730002L08Rik	231.747938921422	-2.12623295020798	0.243914025241931	-8.71714100121563	2.8531473593742e-18	1.00561751191058e-15	17.5446757973193	down	320155
M1ap	42.0972999471769	2.12589581821711	0.417096754153675	5.09688890418419	3.45280818753681e-07	1.34728450148895e-05	6.46182754716695	up	110958
Bcl3	8772.65269492413	-2.1244920839906	0.292630872454997	-7.25997249082909	3.87169055553103e-13	6.76758918243229e-11	12.4120993609183	down	12051
C330011F03Rik	126.271499154796	-2.1221438106247	0.502706657592652	-4.22143565949009	2.42751248090217e-05	0.000463512596264624	4.61483852851656	down	328837
Osbpl3	2128.00039283383	2.12180590841056	0.322228059594773	6.58479559812047	4.55511615007066e-11	5.0223075500779e-09	10.3415005445545	up	71720
Cxcl1	14396.7690681929	-2.12083981893882	0.28101427175805	-7.54708935482407	4.45093227762078e-14	9.35049672984874e-12	13.3515490135987	down	14825
Gm44955	22.8847612030339	-2.1185308569454	0.78693862408653	-2.6921170115453	0.00710000301172972	0.0406633097368644	2.14874146705877	down	NA
Gm17276	323.177749185313	2.11505997757788	0.487163218268596	4.34158388454472	1.4145925101508e-05	0.00029905348051369	4.84936864570839	up	100504381
Galnt14	132.786276296646	-2.11180581717039	0.446024533933499	-4.73473016954097	2.19346719838614e-06	6.4513741129004e-05	5.65886885575022	down	71685
AA414768	28.1267144715538	2.11096245741595	0.707672795761245	2.98296397722225	0.00285471591426267	0.0205340890453822	2.54443710388286	up	245350
Obp2a	120.119563774791	2.10886403781384	0.53760105334664	3.92273047957379	8.75510734234888e-05	0.00133402706772571	4.05773852486277	up	227627
Galnt9	19.3981273029016	2.10800941681413	0.737937926778471	2.85662159419942	0.00428175966335319	0.0278356570630963	2.36837771345653	up	231605
Nat8l	34.597859159816	2.10648915168651	0.775827035637239	2.71515306237853	0.00662451453884842	0.0387345832431985	2.17884594242124	up	269642
Gm28578	15.568011012509	2.10317449252842	0.618706939275476	3.39930645515517	0.000675569746495265	0.00674628404535448	3.17032980733128	up	102639970
Ppp4r4	19429.5080990066	-2.10166030527386	0.226015530263067	-9.2987428909317	1.42115964507967e-20	6.50104944025805e-18	19.8473571331332	down	74521
Slco1a4	7540.60594363311	2.10054725564299	0.490150899737138	4.28551137368	1.82319319649874e-05	0.000364299755805975	4.73916730845546	up	28250
Ptpro	402.932279037193	2.0961487912211	0.304950749604344	6.87372893472382	6.25450043478096e-12	8.61998457357632e-10	11.2038073729541	up	19277
Fignl1	247.425199486509	2.08747346719255	0.514387137131598	4.05817586892438	4.94575174539616e-05	0.000836614181951357	4.30576768706701	up	60530
Cd68	2887.45424357975	2.08742976868759	0.21815201379197	9.56869355640314	1.08265050678879e-21	5.54213949903784e-19	20.9655117164764	up	12514
Slc4a1	74.981693235062	2.08709073873549	0.572674209085599	3.64446434922919	0.000267949272430368	0.00331276931071894	3.57194741786988	up	20533
C2cd4c	24.6842804926565	2.08290764101859	0.620199148765886	3.35844969339816	0.000783809866644413	0.00758411887167187	3.10578927389919	up	237397
Nipal4	10.8735287795163	2.07965934948254	0.744244509187753	2.79432273105007	0.00520085462020231	0.0324770183951059	2.28392528591491	up	214112
Gm14276	16.017910138739	2.06725131233121	0.667013268696912	3.09926565084653	0.00194000986301708	0.0152784659541638	2.71219606210946	up	668943
Cyp4f18	258.710793491906	2.06682116996444	0.353670679024942	5.84391438855661	5.09882394086003e-09	3.38347884964477e-07	8.29252998368521	up	72054
Cxcl13	232.794534349766	-2.06570530044721	0.595830722117775	-3.46693318045942	0.000526432737224535	0.00558787527757875	3.27865711112304	down	55985
Tnfrsf12a	1319.44481561601	2.06466019599477	0.451552197592682	4.57236219201656	4.8225639234575e-06	0.000125526784932611	5.316722007039	up	27279
Ear10	9.79253693736201	2.06204961699302	0.752365101927288	2.74075659770874	0.00612978979824641	0.0366186386947201	2.21255441798189	up	93725
Dio1	4053.65561382995	-2.06151877978064	0.441161864247086	-4.67293061085177	2.96932106547923e-06	8.33425625428242e-05	5.52734284065684	down	13370
Scg3	28.0390276425035	2.06023709540773	0.629812706078604	3.27119011020811	0.00107095889893597	0.00968276548659518	2.97022719612223	up	20255
Hpdl	11.8443057833247	2.05845598757958	0.65446860311038	3.14523260213967	0.00165954826257203	0.0135462901665735	2.78001011302704	up	242642
Cyp2c40	860.450638466835	-2.05717333484376	0.471962388916898	-4.35876540832999	1.30798228275543e-05	0.000281779750293004	4.88339813869804	down	13099
Mme	1869.86940331321	-2.05666089589288	0.409549052407574	-5.02176939197539	5.119763135749e-07	1.91434621597571e-05	6.29075013105869	down	17380
A230028O05Rik	43.6574818791344	2.05591490261174	0.528433186721481	3.89058627329427	0.000100002313424138	0.00148998595884891	3.99998995304284	up	319487
Gm527	317.837316518348	-2.05354784631203	0.233388610633087	-8.79883487348248	1.38243926333947e-18	5.12455933824113e-16	17.8593539400782	down	217648
Ugt2b1	21919.4838634055	-2.04980704270257	0.341236506401552	-6.00699809149507	1.88989740235861e-09	1.41822010244691e-07	8.72356177191086	down	71773
Mafb	6714.19262832117	2.04751891464926	0.363607598891032	5.63112245424461	1.79040545697591e-08	1.0375665047165e-06	7.74704860712777	up	16658
Gm36757	12.1103930933616	2.04475715876072	0.670964204412548	3.04749067880748	0.00230760682857302	0.0174651085970881	2.63683818456604	up	102640765
Bcl6	8649.27007354307	-2.04415279577952	0.256237122655548	-7.9775825399328	1.49227111131249e-15	4.01047861165232e-13	14.8261522683842	down	12053
Mup19	17960.1726655939	-2.04287923233871	0.359120920205306	-5.6885553511358	1.2811858595636e-08	7.81821903170805e-07	7.89238786328592	down	100189605
Lrrc75a	852.95897699495	-2.04152977583773	0.264483017054383	-7.71894467393328	1.17296799991408e-14	2.77129802177502e-12	13.9307138358387	down	192976
Gm26569	226.476610017741	2.04015871570199	0.395506434115474	5.15834519927516	2.4914196828934e-07	1.00687073650767e-05	6.60355310882944	up	102635673
Oacyl	29.5466454386206	2.03995462989104	0.573151527179901	3.55918903318344	0.000372001713240259	0.00427017449795278	3.42945505998617	up	319888
Cldn4	80.8311963055748	2.03960593713741	0.563923027108879	3.61681619492302	0.000298248931317273	0.00359235407468984	3.52542110381468	up	12740
Chst11	1753.18711856955	2.03835737580842	0.504886178028337	4.03726119769914	5.40788473314275e-05	0.000901907811192055	4.26697257377751	up	58250
Pim1	3158.20228649109	-2.03407459904268	0.517371836770866	-3.93155261743311	8.43990186352814e-05	0.00129520264144079	4.07366260318193	down	18712
Smpd3	1457.38828699509	2.03195594557059	0.364141307488988	5.58013030595833	2.40338464120495e-08	1.34915848004978e-06	7.61917671850744	up	58994
A630031M04Rik	128.734241948338	-2.03065201921135	0.426767085671087	-4.75822078925832	1.95306806900325e-06	5.83207826160694e-05	5.70928262026701	down	115486416
Gm36231	322.680735183869	-2.02979354159888	0.369156705259895	-5.49846044424375	3.83121456680292e-08	2.01396364758589e-06	7.41666352471516	down	102640076
Diaph3	1917.17904338739	2.02823003978882	0.474882100773935	4.27101808319019	1.94582627879169e-05	0.000384869043183269	4.71089593566578	up	56419
Akr1c18	117.789697499829	2.0263563727185	0.525808114850844	3.85379440804811	0.000116301264827094	0.00167480053166948	3.93441556210353	up	105349
Gm34081	10.5532362392187	2.02475503711152	0.657687163830211	3.07859898818738	0.00207976423425428	0.0160729442977955	2.68198589463619	up	102637209
Nat8f6	325.838335381136	-2.02171545448676	0.256678109944119	-7.87646229328597	3.36780494446275e-15	8.72383208505411e-13	14.4726530697842	down	100504710
Gm26153	12.3813916787879	2.0167763621052	0.618961252917671	3.25832409152994	0.00112072334049078	0.00999815428238666	2.95050158323661	up	115486005
Cd93	5360.33145664603	2.01672067052464	0.421460777002916	4.78507320388364	1.70925024447918e-06	5.24984003661462e-05	5.76719434930948	up	17064
Gm11662	9.09945078049935	2.0166256659226	0.755543442950856	2.66910617084632	0.00760534053964604	0.0427666497414746	2.11888133503925	up	666739
Tent5b	13.2642295151451	2.01440260367512	0.608527700377226	3.31028908367917	0.000931996617548726	0.00867067385430446	3.03058566380759	up	100342
Gm49760	39.7080682342936	2.01400274614259	0.418939992434396	4.80737762570607	1.52922967982388e-06	4.78086656517329e-05	5.81552728163218	up	115488002
Baiap2l2	9.10504433444565	2.01342353281257	0.770514147153034	2.61309093447791	0.0089727424897309	0.0484221796007064	2.04707479596168	up	207495
B3gnt7	23.3313651851346	2.01279994727156	0.66470614113807	3.02810493645413	0.00246092615827379	0.0183269526854473	2.60890141739649	up	227327
Cenpi	220.062996757076	2.01173854111551	0.485329965922642	4.1450944354756	3.39673694044732e-05	0.000611128403511443	4.46893808566923	up	102920
3300005D01Rik	21.7861382510635	2.01140772526428	0.706191769521624	2.84824577696058	0.0043960960055664	0.028432113668841	2.35693283166428	up	78512
Cib2	218.601421885928	-2.01058597706567	0.275760611794936	-7.29105568768029	3.07535607975672e-13	5.51001297623078e-11	12.5121045922396	down	56506
Rnase4	71841.2809198422	-2.01030194105871	0.439257599632109	-4.57659000719031	4.72616417380108e-06	0.000123616216224724	5.32549119625898	down	58809
Hbb-bt	406.605746690543	2.00661958639979	0.481617306043773	4.16641919054589	3.09421505159458e-05	0.000569081468000714	4.50944950560911	up	101488143
Olfr542-ps1	56.1946175262614	-2.00551729304644	0.720870141223394	-2.7820784609595	0.00540119804934054	0.0333289653163541	2.26750989786067	down	NA
Gm5784	24.4756893463867	2.00163851724229	0.600241145823471	3.33472393748722	0.000853841194698225	0.00808348114751732	3.06862289591467	up	544848
Gm32444	6.33758218493822	-1.9997543037903	0.764492709604783	-2.6157925100739	0.00890206351806648	0.0481737643187589	2.05050931126139	down	102634995
Gm40841	9.57000781419924	1.99786271517828	0.69317636328729	2.88218528644529	0.00394927428128949	0.0262714718588255	2.4034827030034	up	105245375
Kcnab2	600.577397240822	1.99768181698105	0.322469181799482	6.19495421495269	5.83019752530328e-10	4.91565673702041e-08	9.23431673122794	up	16498
Ereg	187.472806233606	1.99211904597792	0.390470166902151	5.10184699072574	3.36354643747802e-07	1.31723585438574e-05	6.47320257202422	up	13874
Ace	161.196350419296	1.99050494786881	0.39875209728637	4.99183568290877	5.98081270853763e-07	2.18686178968638e-05	6.22323979747457	up	11421
Gm36037	39.3540805889155	1.98807425169395	0.470253421600255	4.2276656806209	2.36128292019002e-05	0.00045328198914362	4.6268519742444	up	102639815
Emb	413.752289846147	1.9869402925938	0.404215688593362	4.91554471700046	8.85359379455388e-07	3.03108704749854e-05	6.05288040745663	up	13723
Dscc1	35.0386660152577	1.98601062109571	0.579506279102067	3.42707351536034	0.00061012386816356	0.00625065048841215	3.21458198499127	up	72107
Kif17	32.334657502867	1.9859642353811	0.54342501924751	3.65453220783081	0.000257651319371543	0.00321130629941343	3.58896762927776	up	16559
Atp8b4	2242.39146212557	1.98580282661091	0.361503172200255	5.4931822991331	3.94754930935261e-08	2.06501971170514e-06	7.40367243645684	up	241633
Cerox1	9.60021660239258	1.98380063360512	0.65554516900155	3.02618450628903	0.00247661126747923	0.0184246166957797	2.6061421555609	up	72834
Slc37a2	1458.92657023104	1.98177529146057	0.297973089066099	6.65085326219157	2.91398693077881e-11	3.33248505381619e-09	10.5355124003709	up	56857
Zfp365	29.6461819172922	1.97980509754982	0.680428983518945	2.9096425130378	0.00361842376250144	0.024549104100278	2.44148057320339	up	216049
Nol3	179.911778500875	1.97906247488933	0.30960731025402	6.39216972385307	1.63548214227724e-10	1.61297550729177e-08	9.78635419354621	up	78688
Shisa4	57.9545765835665	1.97805660596698	0.662756861213052	2.9845886504238	0.00283959905030742	0.0204458739389182	2.54674297774591	up	77552
Ppbp	97.9195931841204	1.97779284421679	0.498771493321873	3.96532855365184	7.32949188328156e-05	0.00116298210694135	4.13492613176213	up	57349
Pbk	112.852124352282	1.97756316127112	0.476869308558181	4.1469709326656	3.36902814685379e-05	0.000607758034006136	4.47249536065075	up	52033
E2f8	1011.47396975096	-1.97534233893019	0.184910947256438	-10.6826684316897	1.2269327984969e-26	9.09622591989079e-24	25.9111792237777	down	108961
Sorcs2	336.036629149045	1.97451590566036	0.370423135665421	5.33043353815731	9.79785857772045e-08	4.58941088063158e-06	7.00886883344051	up	81840
Gm38388	65.3281527095331	-1.97027413283806	0.290292743584788	-6.78719732538746	1.14332786549836e-11	1.50807049743649e-09	10.9418292116357	down	105243936
Gm11963	1383.72175952254	-1.96935862278241	0.309537366771284	-6.36226457349675	1.98800614169086e-10	1.89965031317127e-08	9.70158227823934	down	102639290
Gm12679	28.4573068189605	-1.96849702300558	0.480210732732312	-4.09923579134767	4.14516568302095e-05	0.000715989729236845	4.38245810593791	down	115489982
Gm15264	564.049401301254	1.96664975992506	0.251633163986848	7.81554278762656	5.47266829258331e-15	1.38426315635931e-12	14.2618008743619	up	100042801
Rgs20	221.336538920084	1.96452703896913	0.447871249310309	4.38636559501055	1.15260330628067e-05	0.000253125343054489	4.9383201389648	up	58175
Gm44764	18.1889654322649	-1.96430145600288	0.499317454771862	-3.93397314119606	8.35531240465747e-05	0.00128589274660083	4.07803730722093	down	108169140
Fbn2	140.649454581424	1.96230192916129	0.438104475191882	4.47907300719044	7.49678919163017e-06	0.000180898953557855	5.12512470126526	up	14119
Slc16a10	33770.8967381285	-1.96068993322073	0.252874568108698	-7.75360665125456	8.93187080781761e-15	2.15769912773122e-12	14.0490575672685	down	72472
Serpina10	58315.4499264366	-1.9603303755153	0.127304068412773	-15.3988038242351	1.66724986429224e-53	8.96146802057079e-50	52.7779993092592	down	217847
Tspan6	64.3386467190452	1.95800443855884	0.572456981505803	3.42035209948608	0.000625401323631856	0.00635748399004073	3.20384120392871	up	56496
Sirpb1c	468.165350564546	1.95714027997973	0.441481570123054	4.43311887160819	9.28796227524663e-06	0.000214952840600433	5.03207955723218	up	100038947
Apoa4	29772.8085211174	1.95680492654727	0.375774400930394	5.2073928444895	1.91512364061959e-07	7.99517636375169e-06	6.71780318268467	up	11808
A230083G16Rik	297.225557790334	-1.95532666784064	0.443339321895643	-4.4104517043063	1.03155211787562e-05	0.000233456531940272	4.98650882495308	down	442825
Tspan32os	17.6448710198789	1.95248577402598	0.616850962276635	3.16524718842923	0.00154951251187841	0.0128478669515564	2.80980491260455	up	NA
Nes	1239.0666360454	1.95207845059755	0.489641760517174	3.98674828824999	6.69850245955541e-05	0.00108121473633965	4.17402227882842	up	18008
Exo1	203.386192606522	1.94858521550375	0.453240410042198	4.299230987198	1.71391771560498e-05	0.000348602949063871	4.76601003218908	up	26909
Grip1	2385.05251801534	1.9484787377672	0.437014571138443	4.45861274760547	8.24918023137169e-06	0.000194470805893083	5.08358920765384	up	74053
Myof	3910.41975806478	1.94733428515188	0.303207014776839	6.42245789262206	1.34091348945299e-10	1.33470555663145e-08	9.87259924024321	up	226101
Tmem255b	62.1528826297396	-1.94382455640551	0.343938443883416	-5.65166410145299	1.58901882164558e-08	9.41154398495313e-07	7.79887095862119	down	272465
Vill	619.698945349254	1.9397681475192	0.407860569537187	4.75595900265701	1.97506552277953e-06	5.88958512340638e-05	5.70441849208331	up	22351
Cd101	189.287993566746	1.93843072556771	0.599771537518205	3.23194850757464	0.00122949209360796	0.0107543043175635	2.91027425969751	up	630146
Flrt2	720.122600826383	1.93526041813846	0.521733780867815	3.70928716733558	0.000207843587425788	0.0027082649270633	3.68226337018859	up	399558
Cdc7	192.830925168045	1.93328100082551	0.575838532982112	3.35733176939995	0.00078698618498546	0.00760458560772467	3.10403289132231	up	12545
Htr2a	79.6258273364046	1.93208372143379	0.531662117109928	3.63404436625358	0.000279012851851931	0.00341185238358059	3.55437579185247	up	15558
Slc22a3	581.247695706327	-1.92996920355571	0.371408815729032	-5.19634731816315	2.03242379643079e-07	8.45205253834854e-06	6.69198572883846	down	20519
Creb3l1	1001.16373061819	1.92883891263014	0.456463299763534	4.22561663474228	2.3828736400111e-05	0.00045661125900391	4.6228989869867	up	26427
Ncapg2	961.595996799447	1.92743181709128	0.366503550619498	5.25897174483945	1.44863144010332e-07	6.25413171932155e-06	6.83904209340342	up	76044
Gm38279	25.5958355503352	-1.92691458337651	0.439788755019561	-4.38145487210287	1.17889463328469e-05	0.000258371402809591	4.92852500934761	down	NA
Fbf1	4654.79142936289	-1.92647240491561	0.414697518670736	-4.64548814058663	3.39273264754008e-06	9.33978897850343e-05	5.46945036206804	down	217335
Rgs18	55.2612043480399	1.92581819817315	0.349255406518525	5.51406839301428	3.50632238980149e-08	1.87061864468318e-06	7.45514815507768	up	64214
Dct	180.338102411751	-1.92486081630451	0.629837528992078	-3.0561227740507	0.00224219423180242	0.0170886834398271	2.64932676901745	down	13190
Gm16556	40.3206922387485	1.92256401495475	0.666517669336646	2.88449069455005	0.0039204734493076	0.0261249476000249	2.40666148297806	up	NA
AW551984	39.4323442708691	1.92173476762388	0.583269650371897	3.29476215057404	0.000985050171101701	0.00906617237957473	3.00654164922043	up	244810
Gm41556	18.121135017366	1.92088520884324	0.710959424500466	2.7018211485035	0.00689608465162348	0.0398456920209366	2.16139741604829	up	105246248
Ppargc1a	6397.28996856776	1.91835273591519	0.468242589805442	4.09692065113572	4.18682334606459e-05	0.000721866094149067	4.37811536283646	up	19017
Apol11b	16.3997710018441	1.91783493394105	0.688260060514263	2.78649749414206	0.00532810300404885	0.0330222678108481	2.27342738788099	up	328563
Gm13165	68.995889787943	-1.91490012463742	0.452345618814065	-4.23326776029754	2.30320010906168e-05	0.000443716866889124	4.63766832756516	down	105247209
Elfn1	80.6703523086443	1.9146715127438	0.635631177325038	3.01223662565046	0.00259330362632407	0.0190749325918466	2.58614663266471	up	243312
C430002N11Rik	34.5464132047789	1.91253380167229	0.500728685571119	3.81950117255794	0.000133721823968792	0.00187542023178671	3.87379770825223	up	319707
Lrp8	216.292492020942	1.91248845067474	0.408568880545344	4.68094498073865	2.85555575329788e-06	8.07821693367163e-05	5.54430935603388	up	16975
Cphx1	110.212654692711	-1.91148385156021	0.37774149784967	-5.06029616137361	4.18605761263822e-07	1.59292457826056e-05	6.37819479876879	down	105594
Itga6	2399.74702104056	1.91087349581838	0.3407913326506	5.60716577195795	2.05666656176815e-08	1.17601944356423e-06	7.68683611283724	up	16403
Smtnl1	19.8319992237746	-1.90995902140779	0.650380469831467	-2.93667954374879	0.00331746719915235	0.0230083457812157	2.47919336244923	down	68678
Slc4a9	148.013692961109	1.90979044455181	0.557742470846074	3.42414383766531	0.000616739681731485	0.00630523212421633	3.20989810767457	up	240215
Ggt1	15.3708942405468	1.90908944251875	0.557263687142797	3.42582782005237	0.000612928792000495	0.00627223656735395	3.21258997741891	up	14598
Gm379	5128.21203891171	-1.90875230892269	0.450949158817823	-4.23274391713369	2.3085731935992e-05	0.000444353837622048	4.63665635153419	down	236954
8030451A03Rik	44.7645690614369	1.90736836901398	0.685589279663678	2.78208604712965	0.0054010717948086	0.0333289653163541	2.26752004973566	up	100504061
Btnl2	11.3840754756291	1.90722710211691	0.632096222601103	3.01730501452546	0.00255033053973775	0.0188556074980611	2.5934035284754	up	547431
Gm35611	51.3034471331811	-1.90503679693699	0.391678680713867	-4.8637745446469	1.15168091135429e-06	3.76881881188998e-05	5.93866783135882	down	102639258
2700038G22Rik	99.1168902532072	1.90422880295792	0.45885199377492	4.14998480728406	3.32497342991321e-05	0.000603774736006199	4.47821182082349	up	67194
Cyp2c69	487.22646522528	-1.9041109276338	0.497079189919747	-3.83059875820031	0.000127831813183408	0.00181172312685779	3.89336105094561	down	100043108
Gm11892	31.659865615452	-1.90384304226677	0.706001118932675	-2.69665725904937	0.00700393178972145	0.0402955668929652	2.15465809209913	down	664973
Ckap2	157.220170201959	1.90100004422623	0.467725750601611	4.06434762631965	4.81669930484844e-05	0.000815459396560329	4.31725046481722	up	80986
Tnfrsf13b	119.663464097026	1.89958834754004	0.392223951314656	4.84312174504641	1.27814918496363e-06	4.08611531779217e-05	5.89341845257418	up	57916
Gprc5b	287.433417130641	1.89710925950237	0.582347786964085	3.25769119754441	0.00112322562678236	0.010008019467808	2.94953299652196	up	64297
Erich6	27.7225959225168	1.89523624505763	0.543014897573791	3.49021040403423	0.000482640393132859	0.00522759115987731	3.31637633393862	up	545527
Plp2	280.880911834956	1.89497773711945	0.437378308335206	4.33258280304825	1.47370208997308e-05	0.000308215904031335	4.8315903005727	up	18824
Eldr	84.1329416294642	1.89491455675408	0.51352010561486	3.69004939832924	0.000224210509381005	0.00287434851597506	3.64934403465269	up	72735
Zan	14.7709927649548	1.89480901804239	0.574898950626109	3.29589924625675	0.000981071930680031	0.00903342765044058	3.00829914965146	up	22635
Kcnt2	3118.48510833104	-1.89036307116743	0.319188834269497	-5.9223972401596	3.17282067461163e-09	2.25134140277723e-07	8.49855447319661	down	240776
Slco4a1	99.3813657016135	1.89025655299502	0.658687296414405	2.8697328205428	0.00410818767074265	0.0270606724635316	2.38634972512679	up	108115
Gm30117	4865.74731035503	-1.88884607111859	0.321349515142658	-5.87785567462289	4.15615027129418e-09	2.82415292214053e-07	8.38130875832034	down	102631899
Loxl2	1084.91931908177	1.88678469829228	0.504296165535569	3.74142186127569	0.000182982071337145	0.00244811109754114	3.7375914605471	up	94352
Mybpc1	33.0391219635769	1.88657647008547	0.524751515425666	3.59518060382376	0.000324166614615394	0.00383365358318536	3.48923171445636	up	109272
Gm38416	612.711518028572	-1.88424791091496	0.392286153074077	-4.8032485881783	1.56111871436627e-06	4.84866781181969e-05	5.80656407001008	down	330850
Olfr1392	9.71312795003086	1.88265680159288	0.691197707387352	2.72376019403928	0.00645433523433492	0.0380708388307821	2.1901484813491	up	NA
Itgax	601.967815195561	1.88240745160498	0.33174668904394	5.67423131495265	1.39312783384164e-08	8.36654984011041e-07	7.85600903075135	up	16411
Mup16	2659.19417077833	-1.88148414000293	0.453717683359434	-4.14681686213324	3.37129507313125e-05	0.000607758034006136	4.47220323412264	down	100039177
Popdc3	113.063957201056	-1.8800304531783	0.393266637214619	-4.78054906079487	1.74817089158883e-06	5.3464685873627e-05	5.75741611538218	down	78977
1810041H14Rik	25.0198568814237	-1.87967382997538	0.432230492135308	-4.348776553661	1.3689910646232e-05	0.000291418889994047	4.863599386488	down	78312
Olig1	118.333279284773	-1.87809327648064	0.698804972923295	-2.68757857950561	0.00719721657900424	0.0410522679356814	2.14283542830442	down	50914
Gm17501	197.376988508595	1.87606238914701	0.549128218482855	3.416437775371	0.00063446161653356	0.00641623930172697	3.1975946465904	up	100216343
Rpl26-ps6	77.7325099988546	-1.87523857929572	0.375276063747947	-4.99695760120534	5.82418673983395e-07	2.14051307532359e-05	6.23476470876726	down	628726
Gm9959	11.9675048383851	-1.8749081006557	0.582264169698474	-3.22003001082245	0.00128177177504317	0.0110630642968399	2.89218929592715	down	100043697
Slc4a4	70116.4679060473	-1.87437163301222	0.361196703463017	-5.18933759649925	2.1104347353526e-07	8.7090876794781e-06	6.67562807374624	down	54403
Gm2544	22.5156665315424	1.87054468519254	0.525297500588495	3.56092439636006	0.000369551487399582	0.00425443643003367	3.4323250453997	up	100039999
Gm22816	79.1103328665163	-1.8692456087755	0.397406466030813	-4.70361146220144	2.55599451437522e-06	7.29799230532102e-05	5.59244008258685	down	NA
Gm15448	35.1416512856263	1.86924153940905	0.50079636741095	3.73253813535586	0.000189559986562519	0.00251111504072344	3.7222533307588	up	NA
Enthd1	10.5841442743868	1.86843429439826	0.70860796454007	2.63676727880273	0.00837002323357476	0.0459891386460152	2.07727333648711	up	383075
Procr	207.472803788288	1.86777470901615	0.575624639229944	3.24477894399172	0.00117541831519091	0.0103866467855327	2.92980754645778	up	19124
Mrgprf	72.0095249918182	1.86721391650191	0.489460609014652	3.81484001391012	0.000136271189703278	0.00190248738871459	3.86559595249583	up	211577
Ttk	184.39202130694	1.86715441299065	0.459013476860798	4.06775510331451	4.74682297875014e-05	0.000805498769085462	4.323596963939	up	22137
Saa4	54186.7784723192	-1.86350640804397	0.223002593024071	-8.3564338099101	6.46426762366318e-17	2.0430768639207e-14	16.1894806718693	down	20211
Atp11a	11054.1250670323	-1.86293228208085	0.233229521168386	-7.98754922939559	1.37647696014932e-15	3.74610818268485e-13	14.8612310535505	down	50770
Cyp1a1	166.367453167752	1.86272301019488	0.577740138238467	3.22415371013399	0.00126345562390062	0.0109313062027619	2.89844000711449	up	13076
Gm5469	32.3912483521935	-1.86144098486307	0.533057027302395	-3.49201096603703	0.000479398565127126	0.00520296272096578	3.31930327017367	down	432946
Dusp4	763.325036678122	1.85989223157878	0.31435273930832	5.91657714092505	3.28710341320029e-09	2.31713847160021e-07	8.48318663267658	up	319520
Alox5ap	387.976058967855	1.85984951957621	0.371748610065078	5.00297639109028	5.64518567307722e-07	2.08542082424674e-05	6.24832176933392	up	11690
Kif5c	130.458212169128	1.85827306335863	0.508090057769469	3.6573694661858	0.000254816954075248	0.0031852119259406	3.59377167988311	up	16574
Skint3	41.0517281173261	1.85804846400202	0.431873684221703	4.30229609231802	1.69037210740744e-05	0.000345465782407414	4.77201768212882	up	195564
Tedc1	120.344057550493	1.85553157046804	0.559488269272784	3.31647984841547	0.000911591613364685	0.00851399638894037	3.04019967897893	up	104732
Mctp1	1562.94771348396	1.85402531541005	0.295010083517477	6.28461676056645	3.28663442629183e-10	3.05898875174348e-08	9.48324859998704	up	78771
Cyp4f39	28.7342467617427	-1.85390772598427	0.569631263304638	-3.25457510044143	0.00113562130101534	0.0100933683223769	2.94476646994447	down	320997
Cytip	605.794700432256	1.85135777809278	0.336109438750663	5.50819930845852	3.62522824608909e-08	1.92450388372631e-06	7.4406646448457	up	227929
Slfn10-ps	109.027881843505	1.85026261502399	0.565798297191188	3.27018060006422	0.00107478841407303	0.0097092230683068	2.96867702379011	up	NA
Prg4	20889.302514809	-1.85007082193988	0.186980322220422	-9.8944680379731	4.39943099041341e-23	2.55642611605104e-20	22.3566034902646	down	96875
Fam83f	532.923302275279	1.84811383916711	0.421946241715066	4.37997464239796	1.18693120157574e-05	0.000259339642620716	4.92557445344805	up	213956
Dsn1	154.475194783052	1.84808060955597	0.318640554221434	5.79989139822947	6.63578811783457e-09	4.284367703707e-07	8.17810748954405	up	66934
Chtf18	145.763794890086	1.84676693728487	0.46754357270373	3.94993546078565	7.81722687625615e-05	0.00122303312154145	4.10694728350453	up	214901
Lpl	7183.5381064972	1.84589852960478	0.30570933368607	6.03808365072791	1.55955218074766e-09	1.20991086966122e-07	8.80700008969065	up	16956
Tagln2	3701.20894997144	1.84433647818094	0.43145809229738	4.27465960450625	1.914295338573e-05	0.000380382160622177	4.71799105819046	up	21346
Neil3	357.05897539199	1.84350347664499	0.484700785604048	3.8033845444413	0.0001427325309046	0.00197474053530398	3.84547703331671	up	234258
Stil	279.505893531613	1.84347877781746	0.431563062651843	4.27163243881385	1.94047228217053e-05	0.000384163481276855	4.71209255636966	up	20460
Fkbp5	19503.8296577109	1.84234455398974	0.204549547307671	9.00683760115389	2.12083796834628e-19	8.94078751361668e-17	18.6734925102393	up	14229
Mup17	60206.8955440543	-1.84054619320069	0.451111590810181	-4.08002416851034	4.50310185906374e-05	0.000768386428332305	4.3464882292909	down	100039206
Ncs1	193.28238900703	1.84047218141726	0.470374152355736	3.91278341337375	9.12383605382621e-05	0.00138142588138918	4.0398225271611	up	14299
Sema3e	150.215590611955	1.83844784774047	0.473198669131504	3.88515008107421	0.000102266692724767	0.00151427954103478	3.99026578878215	up	20349
Fbn1	6164.8849278757	1.8362780703304	0.430849914900404	4.26199009637702	2.02614424685411e-05	0.000397827409199665	4.69332963924091	up	14118
Nyap1	55.3525318856922	1.83557468403612	0.371535418770299	4.94051062510129	7.79182464989913e-07	2.74629885201363e-05	6.10836082954295	up	243300
Gdf9	69.417708924805	-1.83480655368373	0.295912695046792	-6.20049962166577	5.62841954169517e-10	4.80202460898596e-08	9.24961353777386	down	14566
Pstpip1	472.281614005735	1.8289960143259	0.407439762129787	4.48899735451761	7.15591859379715e-06	0.000173452367267913	5.14533460863929	up	19200
Slc22a1	22137.0178874376	-1.82867747777326	0.324235805302878	-5.63996155842518	1.70088132634402e-08	9.97157384465451e-07	7.76932598686474	down	20517
Ccdc146	87.9601868318259	1.82459443661637	0.344178389263606	5.301304479111	1.14978142876671e-07	5.25963845074131e-06	6.93938471034414	up	75172
Paqr9	34966.6510035732	-1.82259587641679	0.251872703469482	-7.2361786383002	4.61503368599175e-13	7.93785793990581e-11	12.3358251246301	down	75552
Sult2a8	30158.7591824236	-1.82132498557737	0.470448778668155	-3.87146288429859	0.000108184131958043	0.00158014281599237	3.9658364352409	down	76971
E230001N04Rik	190.917093780206	1.82098133155894	0.294299751694803	6.1875054976171	6.11237159800764e-10	5.13343708426423e-08	9.21379025095421	up	320187
Tpm2	600.646576842212	1.82081193943024	0.509501667165164	3.57371144546224	0.000351956780618815	0.0040969522378476	3.4535106634854	up	22004
Scn5a	27.2852519869882	1.81944279199722	0.636976972713662	2.85637137594785	0.00428513588127418	0.0278356570630963	2.36803540208339	up	20271
Sdcbp2	75.6443932013651	1.81883061634807	0.469691153992364	3.87239700149353	0.000107770223182574	0.00157730415141275	3.96750121775661	up	228765
Serpina3f	466.885857571007	-1.81852989866087	0.500454190226938	-3.63375896170683	0.000279321823942822	0.00341217000839243	3.5538951307234	down	238393
Slc41a2	36344.6112015105	-1.81604840886856	0.220943380571155	-8.21951942698594	2.04320263363407e-16	6.01765159220993e-14	15.6896885602862	down	338365
Ms4a7	232.740853081609	1.81577607025456	0.34375892340371	5.28212054039428	1.27697130744745e-07	5.67249651035539e-06	6.89381886088634	up	109225
1700063D05Rik	7.83196157110808	-1.8154846764519	0.698357958249611	-2.59964772364346	0.00933195034903558	0.0498600726899267	2.03002758055094	down	78500
Emilin2	1553.43580272624	1.8146343278962	0.336164015908932	5.39806238032268	6.73644473968204e-08	3.28420775290621e-06	7.17156924846597	up	246707
Gm49513	162.311811294749	-1.8124749170723	0.625851637853935	-2.89601369948848	0.00377935900899808	0.0254000668340297	2.42258185160741	down	NA
Gm16348	1637.33415909665	-1.81163106026121	0.243200164536625	-7.449135833082	9.39536005396185e-14	1.83636582872891e-11	13.0270865719815	down	102640962
Snca	57.6819967921592	1.81153858784488	0.49981054796881	3.6244504947061	0.000289576478613759	0.00350359836251874	3.53823671741659	up	20617
Gan	7962.51046534875	-1.81078042144929	0.168137012361655	-10.7696716862935	4.78705154123048e-27	3.67577171915912e-24	26.3199318965307	down	209239
Gm47990	136.346883632475	1.80975375056959	0.508121374331337	3.5616564112288	0.000368522458991071	0.00424838223501771	3.43353603964029	up	115488178
Got1l1	20.4741605806882	1.80887477160736	0.574107535684106	3.15075949917972	0.00162846522535715	0.0133480756176815	2.78822151103018	up	76615
1810046K07Rik	137.048862205418	1.80843246868895	0.37299726450727	4.848379976936	1.2447380499279e-06	4.00626767566615e-05	5.90492203446426	up	NA
Sfxn3	541.158990789226	1.80792685766462	0.318510482800218	5.67619263821409	1.37725675864243e-08	8.29440344840678e-07	7.86098508772653	up	94280
Cox7b2	12.0613328512776	-1.80755919991177	0.560582379760384	-3.22443099386106	0.00126223273090528	0.0109251222683025	2.89886056234279	down	78174
3930402G23Rik	137.750018657982	-1.80576431060653	0.504844376661628	-3.57687317931015	0.000347728768908216	0.0040613487939554	3.45875937701525	down	665306
Nyx	29.201974035741	1.80334758223258	0.492477507932525	3.66178668707783	0.000250462370905319	0.00314357324837382	3.60125751265392	up	236690
Csrp3	1370.92089582297	-1.80310395126755	0.430842160740487	-4.18506849043874	2.85080132192273e-05	0.000532512844668451	4.54503304849175	down	13009
Usp13	89.6338015315676	1.80290502309745	0.520101620139429	3.46644761962888	0.000527384482512366	0.00559386599606111	3.27787265281031	up	72607
Angpt4	88.7853218827193	1.80253889672656	0.409599832374531	4.40073152929993	1.07886541879774e-05	0.000241118570729226	4.967032727253	up	11602
Cyp2b10	75.5713386327619	1.80239267061033	0.676302686622375	2.6650680327945	0.00769727491242216	0.0431529102000199	2.11366300209638	up	13088
Postn	1938.92780577203	1.79932031188565	0.384906766639154	4.67469129627563	2.9439611280686e-06	8.2738776801928e-05	5.53106792870164	up	50706
Orc1	50.801173350301	1.79921233943086	0.462852458291885	3.8872264956109	0.000101396134487074	0.00150351941897154	3.99397860124463	up	18392
Dtl	528.373537417193	1.79736148097807	0.466199480999518	3.8553485240365	0.00011556486965425	0.00166531145949489	3.93717416620989	up	76843
Nudt7	40207.4610869442	-1.79694931464979	0.260578706944143	-6.89599444146055	5.34892869213033e-12	7.56591887373698e-10	11.2717331917518	down	67528
Adgrv1	1251.48651438791	-1.79592013457271	0.26735883806794	-6.71726488471773	1.85167192505028e-11	2.28798542463109e-09	10.7324359581302	down	110789
Gm7096	24.9210900302859	-1.79537353929277	0.532820968712663	-3.36956246979268	0.000752876234083974	0.00735431123707653	3.123276411943	down	100534290
Tmem151a	58.1465868866855	1.79384037920032	0.395984442056673	4.53007792397962	5.89619355334486e-06	0.000148788921827364	5.22942826840377	up	381199
Smim3	414.87496773963	1.79362288237836	0.392956374865966	4.56443258616213	5.00847105245481e-06	0.000129873883089783	5.30029483198189	up	106878
Gm11461	21.8123343183755	-1.79264878412726	0.545878283133649	-3.28397160963511	0.00102355232720149	0.00933660374833774	2.98988994993948	down	NA
Gm13056	28.4159896218654	1.79225217710286	0.618935099215294	2.89570292487069	0.00378310347472135	0.0254097859126864	2.42215177980535	up	100503810
Gm5086	316.087039885286	1.78897105435817	0.407065629646498	4.39479760527003	1.1087600870353e-05	0.000246263862306394	4.95516241611278	up	328314
Gm14538	12.9010927187507	-1.78664718376646	0.642184542039694	-2.78213981621505	0.00540017700715988	0.0333289653163541	2.26759200462649	down	100417915
9030616G12Rik	976.822892474446	-1.78545830765677	0.546119528360648	-3.26935444520066	0.0010779318025128	0.0097239004565105	2.96740871477939	down	77699
Fbln2	805.96455613948	1.78537137479576	0.447711852341779	3.98776884162724	6.66976031968856e-05	0.00107738427402933	4.17588977233637	up	14115
Axin2	1482.91065265261	-1.78455454599851	0.341815524574017	-5.22081186400906	1.78140443055076e-07	7.52459631765057e-06	6.74923747188033	down	12006
Pdilt	1107.93588872393	-1.78275555098658	0.143355853413761	-12.4358755400179	1.66901955652992e-35	2.76030157426101e-32	34.7775385744991	down	71830
Gm46329	401.746906827005	1.78046654172841	0.416131790266278	4.27861216896961	1.88062212362869e-05	0.000375077696271029	4.72569845915946	up	108167972
Ercc6l	180.00545443225	1.7804096064524	0.511245671410334	3.48249326305477	0.000496767720148314	0.0053517684658683	3.30384663226974	up	236930
Emp3	467.919743708119	1.77680994743708	0.394520260450216	4.50372294038697	6.67732487278424e-06	0.00016388411502838	5.1753974934647	up	13732
Fstl1	3478.27066598109	1.77648384386666	0.392883547476948	4.52165496691075	6.13580154522802e-06	0.000153216879468528	5.21212869553987	up	14314
Ddias	196.760178903163	1.77570230316388	0.422223545076222	4.20559754156609	2.60393251380966e-05	0.00049369090870289	4.58437027557998	up	74041
Bcl2l14	54.2428673825342	1.77538566525104	0.669424800302677	2.65210620288987	0.00799913769451703	0.0443504143079299	2.09695682734524	up	66813
Clstn3	670.776179858637	-1.77533827659925	0.376303804726542	-4.71783238516385	2.38370753552985e-06	6.91629042022832e-05	5.62274703060009	down	232370
Myo1f	2676.14588078639	1.77379994625926	0.280142219385044	6.33178372811149	2.42343024411448e-10	2.27527293661403e-08	9.61556947647027	up	17916
Gm34653	9.10935128944519	1.77152349421083	0.680872517534343	2.60184314771006	0.00927242502132491	0.0496149512791322	2.03280666977681	up	NA
Ptrh1	164.794931281237	1.7707608545464	0.521830673803227	3.39336291146066	0.000690401054162903	0.00684188042779741	3.16089855417468	up	329384
Ahnak2	387.082437336031	1.77034517728678	0.301504951015372	5.8716952120515	4.31361257538723e-09	2.91643617518319e-07	8.36515886338906	up	100041194
Mycn	298.534124059652	1.76755141191459	0.321799258838135	5.49271436577072	3.95802669917046e-08	2.06547509786808e-06	7.40252128055325	up	18109
Gm4211	31.1747577394179	-1.7665995279526	0.505332491147304	-3.49591518238166	0.0004724388458081	0.0051430051568983	3.32565440016415	down	100043074
Dnajc12	5924.86670387487	-1.76643834285473	0.281738223240726	-6.26978591167386	3.6154485422381e-10	3.3361435046403e-08	9.4418378152893	down	30045
Tnfrsf23	179.48989783583	1.76244782094799	0.4202758650218	4.19354992192229	2.74622604685896e-05	0.000515216928511934	4.56126371805954	up	79201
Ak1	183.236241428722	1.76188532921917	0.494582775898665	3.56236693851256	0.000367526199323681	0.00424144567120727	3.43471169653586	up	11636
Pnrc1	16836.3334148112	-1.76017259703093	0.312818524560165	-5.62681701637013	1.83565270253536e-08	1.05525489584252e-06	7.73620948197993	down	108767
Lrr1	29.292573899029	1.75866723606915	0.633668240866543	2.77537538202036	0.00551380256533182	0.0338325565747111	2.25854878888713	up	69706
Kif18b	120.266300771906	1.75857315178149	0.560167831123135	3.13936833583527	0.001693124812356	0.0137522415812822	2.77131102575432	up	70218
Slfn1	280.150667335971	1.75741648009195	0.561209063178025	3.13148271366115	0.00173926024779573	0.0140368225704235	2.75963542908112	up	20555
Gm45308	14.2382558860302	-1.75608743893827	0.645493834175493	-2.72053325061016	0.00651767166585604	0.0382868690753838	2.18590752133306	down	NA
Arl4c	572.698593329183	1.7557605809475	0.401445725595066	4.37359391072086	1.22217633230459e-05	0.000266228886976176	4.9128661307365	up	320982
Itgb6	46.7862181948219	1.75242093628699	0.44304962405283	3.95536039565182	7.6419362855598e-05	0.00120103530803754	4.11679658755119	up	16420
D430020J02Rik	76.1642299382349	1.75115930612906	0.491475140201884	3.56306792121721	0.000366545790513886	0.00423467732189606	3.43587176365507	up	319545
Orm3	638.387998337571	-1.74997063714891	0.551975694138385	-3.17037626064415	0.00152241659475317	0.0126741538797792	2.81746649076777	down	18407
Dpf1	53.2289222531505	1.74922395918278	0.363890796569895	4.80700247346541	1.53210095972297e-06	4.78086656517329e-05	5.81471261537842	up	29861
5430437J10Rik	851.813324703525	1.74810977924778	0.374944651847304	4.66231421260464	3.12673315513636e-06	8.69660580018521e-05	5.5049091811801	up	71432
Ccn1	1754.28059130152	1.74597538947828	0.440613550974053	3.96260030046397	7.41378441188419e-05	0.00117375820953984	4.129960047129	up	16007
Hrob	64.566289389783	1.7451149062557	0.564322821726872	3.09240533798635	0.00198541544745417	0.0155392909065398	2.70214860343061	up	217216
Plaur	618.788362755421	1.73841136498203	0.536148047390001	3.24240920664491	0.00118523706708814	0.0104477087213094	2.9261947748598	up	18793
Rin1	193.570980909607	1.7382814037939	0.476789336430482	3.64580595868119	0.000266555060014581	0.0032993286069738	3.57421306884882	up	225870
Gm26684	721.934923607645	1.73608163900119	0.29478445493618	5.88932560700002	3.8777476422702e-09	2.68075801636043e-07	8.41142045754088	up	102638507
Ckb	1353.97814661114	1.73515205815809	0.397500894767055	4.36515258456192	1.27034053008776e-05	0.000274771845039104	4.89607984556816	up	12709
Mup11	23316.7631499883	-1.73332071697841	0.490561377991097	-3.53334117756384	0.000410342554931255	0.00462145884286117	3.38685344181087	down	100039028
Mcm6	2074.47254619604	1.73172209611421	0.365727990249007	4.73500017030462	2.1905491509976e-06	6.4513741129004e-05	5.6594469977848	up	17219
Pla2g7	998.159594083634	1.73138626740646	0.23838890728081	7.26286422952968	3.78978289460807e-13	6.67871575689127e-11	12.4213856687587	up	27226
C630004M23Rik	14.1640439023739	-1.72860729265136	0.618726671103806	-2.79381409171764	0.00520904154841325	0.0325144521556931	2.28324217852917	down	791351
Fancd2	263.843777147027	1.72784415014228	0.386333295042488	4.47241843329153	7.7339904254485e-06	0.000185225840735308	5.11159636991197	up	211651
Mdga1	98.8298696171952	1.72665670438881	0.437861080114935	3.94338931410752	8.03380789993152e-05	0.00124622561218274	4.09507855709491	up	74762
Lig1	1061.40026146422	1.72663755759407	0.351616271764051	4.91057353213936	9.08103945552305e-07	3.09908489355152e-05	6.04186443738634	up	16881
Lin7a	11967.7466341625	-1.72620841170778	0.153545298748735	-11.2423397249862	2.52597423179023e-29	2.46856572652227e-26	28.5975710841245	down	108030
Ndufa4l2	220.270149450761	1.72610760825225	0.468655997736824	3.68310150000801	0.000230413361428944	0.00293999244553252	3.6374923402375	up	407790
Gm12473	236.228914309209	-1.72487265218777	0.301602045264479	-5.71903499750874	1.07130729872582e-08	6.58088769217292e-07	7.97008593626598	down	NA
B3galt1	136752.301395008	-1.72413668783865	0.296873196303922	-5.80765360195597	6.33544210147068e-09	4.14018252831671e-07	8.19822307367244	down	26877
Map2k6	2608.39729672092	1.72405159495883	0.22989187956515	7.49940188500761	6.41096882831356e-14	1.3003380170636e-11	13.1930763347563	up	26399
Syne4	362.784228218569	-1.72403670938669	0.31245633389483	-5.51768846512481	3.4348763853494e-08	1.84164195224469e-06	7.46408888775338	down	233066
Dlgap2	498.571388465235	1.72109613096883	0.367597839076957	4.68200829278682	2.84077985956608e-06	8.05762097370325e-05	5.54656241973711	up	244310
Polq	330.830576638465	1.72062345497279	0.443606422941845	3.87871628089198	0.000105009140727645	0.00154636748331806	3.97877289526536	up	77782
Gm18103	12.9781523619321	-1.71938788346179	0.536402440568163	-3.20540652581781	0.00134871845252777	0.0115245526679063	2.8700787006433	down	100416414
Tectb	14.6179917736969	1.71836523204608	0.627503422676767	2.73841571208645	0.00617359833013673	0.0367781557489442	2.20946163022806	up	21684
Kif14	146.731770413029	1.71537660138816	0.514717989170189	3.33265329263822	0.000860220670441085	0.00813671113703622	3.06539012589417	up	381293
Tuft1	3633.76099941057	1.71326680521522	0.167037729487544	10.2567654054648	1.10341004957894e-24	7.18888365634763e-22	23.9572630649163	up	22156
Serpinb7	25.7882141004812	1.71208018193071	0.520214682055928	3.29110315603635	0.000997953109664557	0.00914577658047228	3.00088986421599	up	116872
Fhl2	463.756534492602	1.70974499906825	0.322498972620576	5.30155176984016	1.14822476690783e-07	5.25963845074131e-06	6.93997308974901	up	14200
Rab11fip5	597.813257541322	1.70886911792541	0.255064735587623	6.69974668975109	2.08781134214269e-11	2.49377465867044e-09	10.6803087474169	up	52055
Mcm5	1399.50700557372	1.70767698141725	0.448621414681778	3.80649903355275	0.00014094784311109	0.00196141011449089	3.85094156563927	up	17218
Amer2	59.8080757977883	1.7073561374749	0.521710687237599	3.27261100690723	0.00106559019642745	0.00965045881347524	2.9724097837228	up	72125
Myl7	22.3800925604723	1.706651991407	0.622454842396958	2.74180852194031	0.00611019487962122	0.0365625354611345	2.2139449380726	up	17898
Fxyd5	1047.82396360705	1.70313785282652	0.389373626915132	4.37404522314434	1.21965095615988e-05	0.000265948230805653	4.91376443940935	up	18301
Fam129b	3714.14614999068	1.70293616509983	0.305156731229448	5.58052957979612	2.39787367110941e-08	1.34915848004978e-06	7.62017370088074	up	NA
4930480G23Rik	519.97848385653	-1.70118307237964	0.410075884088295	-4.1484591959408	3.34720490955084e-05	0.000606786724749941	4.475317700142	down	74988
Mup8	376.472575655023	-1.70115083576564	0.411424896728797	-4.13477854473887	3.55297081773154e-05	0.000631312996539075	4.44940835956674	down	100041687
Gpr156	22.7223519344069	1.70074056554433	0.593656839877357	2.86485466232593	0.00417200674534686	0.0273469954344383	2.3796549980728	up	239845
Gm8724	38.5881706540184	-1.69691695117615	0.589081884458507	-2.88061302841792	0.00396902612711209	0.0263620827101977	2.40131604223084	down	667610
Gm28286	20.3746431020505	-1.69599225571787	0.638823146472779	-2.65486976338002	0.00793390332359625	0.0440886330982991	2.10051309580597	down	NA
Gm5122	346.387795869102	-1.69572976768064	0.634637057959191	-2.67196777498877	0.00754078896487154	0.0424749705907095	2.12258321312694	down	330956
1700095A21Rik	57.0481309511568	-1.69566029565633	0.489448873422964	-3.46442782429495	0.000531360706737123	0.0056221728321103	3.27461056411126	down	67524
Coro1a	1334.50602118205	1.69464092476446	0.376269599126649	4.50379443010503	6.67507787182743e-06	0.00016388411502838	5.1755436634304	up	12721
Kcnh2	14.2779981744289	1.6930890584266	0.610721597901785	2.77227637641019	0.0055665752061484	0.034057909857469	2.25441191910346	up	16511
Gm15962	259.010766264013	-1.69295097275872	0.404644034400783	-4.18380311788292	2.86672409420414e-05	0.000534558265614823	4.54261410340185	down	NA
Gm12498	21.0242282447817	1.69288640289894	0.584392311049921	2.89683209530512	0.00376951441810657	0.0253660594645669	2.42371459120513	up	108168891
Flna	19913.9596202135	1.69174826589329	0.379363521217432	4.4594384311497	8.21746739787554e-06	0.000194060793362796	5.08526201027047	up	192176
Adora2b	103.594343461146	1.69125919989551	0.534110977470012	3.16649398952012	0.00154288534521761	0.0127978529792356	2.81166634599739	up	11541
Cd180	1411.64187538354	1.69107347484696	0.277172545783138	6.10115792698338	1.05302799160604e-09	8.54343464887915e-08	8.97756008423857	up	17079
Bnip5	27.302544619574	1.69013049643672	0.473130057085209	3.57223235160545	0.000353951155276401	0.00411348639915817	3.45105666582038	up	207819
Mex3a	68.3137268083984	1.68977931720006	0.445477887795304	3.79318337339452	0.000148728240526955	0.00204453783333091	3.82760655978647	up	72640
Cbr3	105.068544844741	1.68461804948668	0.293579463803345	5.73820126129505	9.56873654129177e-09	5.93868078466358e-07	8.01914540280514	up	109857
Gm9694	20.1158276932306	-1.68420208104717	0.647442916557335	-2.60131362623075	0.00928675104029637	0.0496679471060627	2.03213619688491	down	676894
Gnat3	18.8494409372557	1.68272148565175	0.569141803867343	2.95659442728962	0.00311056970279001	0.0219269667573722	2.50716006238178	up	242851
Fhl3	548.434531892762	1.6811906341508	0.562582078605549	2.98834729737198	0.0028049062512084	0.0202775670480769	2.55208164965319	up	14201
Chst1	48.3243881385619	1.68003954568272	0.535662032943393	3.13637973640043	0.0017104757291554	0.0138456824391491	2.76688308386925	up	76969
Gpr12	66.0811662321307	1.67879842981664	0.489329944156025	3.43081074409243	0.000601780287350542	0.00618736084128884	3.22056204264296	up	14738
Rgn	37163.7768807469	-1.67800784583042	0.40011333411085	-4.19383135420709	2.7428193261098e-05	0.000515067171873215	4.56180279912453	down	19733
Rgs2	575.68315021251	1.67800681513193	0.317203734751009	5.28999703124267	1.22318345344828e-07	5.46745202684782e-06	6.91250840245243	up	19735
Col3a1	17085.4581275037	1.67800500855927	0.502680419920235	3.3381149176758	0.000843488565637603	0.00801370046893878	3.07392080034712	up	12825
Gm41333	186.916302002618	1.67673556464422	0.499865495744443	3.35437348430518	0.000795449187198697	0.00766569140509726	3.09938755759381	up	105245962
Tmeff2	289.871999081448	-1.67523391198272	0.532343587687807	-3.14690352382935	0.00165009397625552	0.0134944923885484	2.7824913211152	down	56363
Heyl	1063.1913888578	1.67197689034222	0.374293283429858	4.46702349297045	7.93154226198502e-06	0.000188428904566495	5.10064235735507	up	56198
Gm8113	69.1723110062157	1.67108320941544	0.490312037975333	3.40820351120873	0.000653921049052992	0.00656677150305496	3.1844746829149	up	666451
Capn11	234.417732810543	-1.66919886422951	0.609261302218783	-2.73970931380459	0.00614935447928086	0.0366743748417583	2.21117047134657	down	268958
Dlgap5	189.787561054195	1.66873315517013	0.489067621690505	3.41207039918531	0.000644714606052283	0.00649526539016868	3.19063249070707	up	218977
Osgin1	31248.8584904509	-1.66810054557538	0.382990437156122	-4.35546265322389	1.32786156206569e-05	0.000284920395054016	4.87684720054401	down	71839
Gm36011	83.9467417748061	-1.66723148782571	0.416140794749798	-4.006412033764	6.16480696631764e-05	0.00101023894646211	4.21008051757199	down	102639780
Nfatc2	658.792620630063	1.66302706001841	0.308027654286602	5.39895375261036	6.70306488570363e-08	3.27536125096882e-06	7.17372657661304	up	18019
Sds	20353.1731127065	1.66285237070079	0.396910744954797	4.18948691069115	2.79585907852345e-05	0.000523159009471315	4.55348472239775	up	231691
Gm45717	781.741841424308	-1.66277361008132	0.486040060955803	-3.42106287866779	0.000623769087692095	0.00635293007360495	3.2049761515048	down	NA
Mbp	871.968500476843	1.66195441403573	0.271156625291807	6.12913076435884	8.83604827550243e-10	7.25095564592757e-08	9.05374192003837	up	17196
Gm33104	23.3367920665287	1.6617167182822	0.570576835769521	2.91234521647043	0.00358725937227256	0.0243838370230351	2.44523722107303	up	102635880
Fmnl1	999.394094811759	1.66115746817432	0.383058167143264	4.33656716044653	1.44725220560304e-05	0.000304267034300021	4.83945577989866	up	57778
Mup10	1699.81311803199	-1.65987090059693	0.36260430416364	-4.5776370592883	4.70257672692468e-06	0.000123208098722151	5.3276641098003	down	100039008
Treh	487.74619858847	1.65806907009271	0.157964162494196	10.4964888485617	8.96530478569322e-26	6.21787267394853e-23	25.0474349415179	up	58866
Cfap157	104.843052844793	1.65795683687253	0.347916028441525	4.76539366208358	1.88485283650351e-06	5.66773929857698e-05	5.72472255250829	up	227736
Slc22a28	3393.34622805942	-1.65794838405745	0.286356721720642	-5.78980082637933	7.04699377675274e-09	4.49585656380368e-07	8.15199611203092	down	434674
Mboat1	1009.34500004461	-1.65748609432573	0.370959001674937	-4.46811126523937	7.89132594487646e-06	0.000187680871476597	5.10285001806287	down	218121
Efcab11	279.987823052026	1.65596598940972	0.47858011410674	3.4601646424456	0.000539845202224754	0.00569233538392948	3.26773075398683	up	78767
Cyp1a2	22413.8522575121	-1.65286622803787	0.517984466035556	-3.19095713562269	0.00141802316511647	0.0119793705500998	2.84831667437151	down	13077
Mns1	17.8683802764201	1.64440980688309	0.626274083350877	2.62570310763089	0.00864702029110653	0.0471137699591461	2.06313352190731	up	17427
Gm37696	11.5064523493358	1.64401997880435	0.609134991889868	2.69894194340026	0.0069560310080674	0.0400750494675021	2.15763849070001	up	NA
Ptafr	895.424260803726	1.64274610166238	0.493109069264514	3.33140516785178	0.000864087355014776	0.00816610027816162	3.06344235024894	up	19204
Gm37811	33.0381515563805	-1.64029580350529	0.420693247345448	-3.89903050228513	9.65786091579703e-05	0.00144598892541529	4.01511905322609	down	NA
Fam78b	1215.07554804441	1.63802730237415	0.31588364531594	5.18554007674514	2.15389761282483e-07	8.85445481371585e-06	6.6667749450687	up	226610
Melk	207.818658718313	1.637496189092	0.498809175322025	3.28281088260827	0.00102777590248911	0.00936718181581853	2.98810156911698	up	17279
Gm47863	20.608173606557	1.6361912625639	0.552347718167372	2.96224861395752	0.0030540107975126	0.0216346728654105	2.51512943182058	up	NA
Cyp2c67	24393.8256970817	-1.63564717627212	0.420761287517685	-3.88735186623691	0.000101343796119595	0.00150351941897154	3.9942028320079	down	545288
Gm29675	31.7460869001383	1.6337867143629	0.41280562420051	3.95776273040633	7.565505236566e-05	0.00119314811202719	4.12116206379072	up	NA
Mup18	5386.31893166527	-1.63324461670178	0.359164526023292	-4.5473439005384	5.43271868233107e-06	0.000139051728178712	5.26498278307128	down	100048884
Fabp4	758.496639402094	1.6331495684358	0.336967872530771	4.84660319742105	1.25593271447624e-06	4.03023184496105e-05	5.90103362693197	up	11770
Slc37a1	3969.91810123474	-1.63294106330454	0.252819898631702	-6.45891036323587	1.0545955158808e-10	1.07970493292558e-08	9.97691407961215	down	224674
Gpr55	35.2479051599775	1.63228672846905	0.363153565022535	4.49475617392813	6.96497085681104e-06	0.000169781035625212	5.1570806964335	up	227326
Lsp1	934.00301248525	1.63095104051506	0.346535058330761	4.70645321824366	2.52063795811519e-06	7.23547611474989e-05	5.59848952801812	up	16985
Adcy1	1268.5573032934	-1.63085722234663	0.390988208606714	-4.17111612689853	3.03111335050063e-05	0.000560351995148439	4.51839782259758	down	432530
Glod5	9.35252137109926	1.63030586648479	0.625577214707914	2.60608255568577	0.00915843845299273	0.0490793685790987	2.03817856880601	up	69824
St8sia2	19.0764438163764	1.6295652824315	0.475955788885344	3.42377447755774	0.000617578494817879	0.00630780885443439	3.20930783531568	up	20450
Fas	4399.51642517671	-1.6285996486854	0.2856620808787	-5.70114046525113	1.1900851898697e-08	7.28969560746396e-07	7.92442194939226	down	14102
Gm44658	24.3841778766964	-1.62692506155469	0.41084999970444	-3.95990035955965	7.49810418311155e-05	0.00118536205835955	4.12504852952715	down	NA
1700109G14Rik	18.3583837251216	1.62447266124604	0.514772395738399	3.15571051341217	0.00160107681323318	0.0132041240830508	2.79558783187641	up	67355
Igsf21	40.7708867398514	-1.62305195631668	0.612143267268811	-2.65142499003253	0.00801529146029931	0.0443890205499625	2.09608068075859	down	230868
Atg16l2	4327.54384567516	-1.62251445395186	0.245200872144684	-6.61708271981378	3.66356518338506e-11	4.10436218264328e-09	10.4360960769426	down	73683
Lgi3	34.2336638330875	1.62176491470434	0.494384030832351	3.28037479684348	0.00103669266662258	0.00944044571469102	2.9843499735747	up	213469
4732465J04Rik	8992.25470614315	-1.62018697024472	0.268373704806149	-6.03705557299292	1.56951682664542e-09	1.20991086966122e-07	8.80423402390782	down	414105
Galnt6	360.567331981554	1.61853111151243	0.259882890127578	6.2279248576845	4.72653648740515e-10	4.19919563963681e-08	9.32545698513781	up	207839
Pdgfc	6506.2877174219	-1.61849428066351	0.286975428268004	-5.63983575329667	1.70212446557591e-08	9.97157384465451e-07	7.76900868588691	down	54635
Hip1r	7099.66908684464	-1.6165411512062	0.189579013957648	-8.52700474308474	1.50185713552696e-17	4.89241339603479e-15	16.8233713777202	down	29816
Psd	574.62368093618	-1.61447962754982	0.460864810341931	-3.50315231564759	0.000459786464915481	0.00502958348700767	3.33744381753616	down	73728
Sulf2	1824.72835849547	1.61063353103337	0.213522146485612	7.54316850754354	4.58687834630158e-14	9.48248888898884e-12	13.3384827781219	up	72043
Mpp4	1046.56622197211	-1.61061299784038	0.245195061102438	-6.56870081558249	5.07561482849665e-11	5.56763871493255e-09	10.2945113424886	down	227157
Dbn1	837.240884731495	1.60988245980305	0.47599946918958	3.38210977954235	0.000719313926744	0.00709415111238349	3.14308153117771	up	56320
Slc16a3	422.248175020442	1.60935517612844	0.564165479666112	2.85262965235111	0.0043359120875069	0.0281297857216048	2.36291953188888	up	80879
Depdc1a	67.4602776085858	1.60910991355041	0.591106032773582	2.72220181208464	0.00648485272178541	0.0381670773387315	2.18809988277839	up	76131
Gm49774	37.1129873520139	1.60670149495551	0.590924982845599	2.71896017531438	0.00654874922491759	0.0384138819003905	2.18384163994526	up	NA
Ttll8	312.563078846772	-1.60580243304822	0.360771696753899	-4.45102109588055	8.54629448077142e-06	0.00020037658815331	5.06822214672001	down	239591
Mup15	30754.4533991214	-1.60538059090352	0.47212719757487	-3.40031372721105	0.00067308578220859	0.00672772864597149	3.17192958307803	down	100039150
Npr2	2292.28846453113	-1.6052136606041	0.30162887450314	-5.32181696214696	1.02735915688633e-07	4.76039264505519e-06	6.98827770383601	down	230103
Rassf2	1406.58065830303	1.60485648106054	0.269812638334617	5.94804042896693	2.71371576759401e-09	1.94482963344237e-07	8.56643564194887	up	215653
Ces2c	1161.25204645223	-1.60448975529639	0.478993184518529	-3.34971312151171	0.00080895296299736	0.00777831565155848	3.0920767299385	down	234671
Gm18870	23.2875122321937	1.60439317693575	0.502908320260717	3.19022993316952	0.00142159639606843	0.0120001266256268	2.8472236861943	up	100417865
Pmm1	474.255045545313	1.60428819641485	0.352450221631775	4.55181497400488	5.31850996663579e-06	0.000136453417998412	5.2742100225747	up	29858
Gm19951	299.493944168125	1.60264334306406	0.384554844923535	4.16752867431101	3.07919788621413e-05	0.000567290099002603	4.51156240004475	up	105245440
Nid1	8632.64835819245	1.60026069830035	0.324405611998145	4.93290078566675	8.10173130860751e-07	2.82031268201719e-05	6.09142216415466	up	18073
Grhl3	84.5779645899507	1.59849928435676	0.265185775771497	6.02784700539194	1.66158226006181e-09	1.26680916990528e-07	8.77947815320767	up	230824
Bub1	188.17000849544	1.59717524699567	0.489537086444362	3.26262359118975	0.00110386028494062	0.00990227459507156	2.95708589156979	up	12235
Tgfb3	223.505771519298	1.5969774836283	0.429121988977797	3.72150000383907	0.000198042862824905	0.00260105164980786	3.70324080431554	up	21809
Trank1	24.7265383923426	1.59683391589177	0.596720064175179	2.67601847459078	0.00745025381942342	0.0421305778846932	2.12782893121181	up	320429
C430049B03Rik	114.27695490846	1.59563942336643	0.4207959545609	3.79195523643158	0.000149465859531285	0.00205074408418802	3.82545799603795	up	NA
Cenph	99.0889766017824	1.59557980276621	0.40540735564978	3.93574458018612	8.29391478391796e-05	0.00128010888624721	4.08124043112106	up	26886
Gm49018	52.6009670925517	1.59500289550197	0.581842446274805	2.7412969021319	0.00611971811716864	0.0365897993698481	2.21326858160895	up	118568132
Greb1	18.1258600290391	1.59417992390017	0.57718824490678	2.76197572969913	0.00574527490560746	0.0348739159995936	2.24068918592574	up	268527
Gm12798	241.528351843705	-1.59387698471509	0.432806687694139	-3.68265331852143	0.000230818962170275	0.00294342092921763	3.63672851602047	down	NA
Bhlhe41	107.414809066681	1.59239435701125	0.313856257151374	5.07364221909787	3.90272541203926e-07	1.50104823539971e-05	6.40863200373572	up	79362
Aebp1	750.78135630374	1.59233737361912	0.493004035607687	3.22986681367906	0.00123847897067873	0.0108021492371572	2.90711136331773	up	11568
Gm43143	30.4991484599708	1.59094104160904	0.530270484700421	3.00024438001268	0.00269763074677664	0.0196940784569432	2.56901749707043	up	NA
Slc17a2	25409.5013444855	-1.58962062381645	0.366111156691013	-4.34190708140054	1.41251272709144e-05	0.000298934239955821	4.85000763038946	down	218103
F730043M19Rik	102.564430853048	1.58925534304806	0.273579496122074	5.80911715086617	6.28031335403035e-09	4.11666881437965e-07	8.20201868675147	up	320046
Gm45774	98.2831068642275	-1.58895059832991	0.384063178891758	-4.13721149451228	3.5155205034016e-05	0.000628293356800785	4.45401036480637	down	NA
Prrg4	254.732920192653	1.58863895289996	0.377148552739615	4.21223664086752	2.52854440331602e-05	0.000481094731604375	4.59712941539675	up	228413
Gask1b	287.662666677815	1.58577199706189	0.401061582123952	3.95393642209237	7.68758450379439e-05	0.0012064457432962	4.11421009731995	up	68659
Slco4c1	23.6417643971822	1.58522068985138	0.603823255949487	2.6253057897856	0.00865711799902412	0.0471448928518284	2.06262666288287	up	227394
Ptpn7	143.230384286821	1.58291327251851	0.522002217356804	3.0323880241998	0.00242627096819275	0.0181758974969143	2.61506069835018	up	320139
Mboat2	121.716057315649	1.58199783005349	0.48067976366317	3.29116794515621	0.000997723285386671	0.00914577658047228	3.00098989187216	up	67216
AC106834.1	89.0227366422588	1.58174854968586	0.415742214837955	3.80463780976004	0.000142011831619887	0.00197168594094221	3.84767547115799	up	NA
Bnc2	354.497983870573	1.58047311946781	0.412994798922363	3.82685962048862	0.000129788481732522	0.00183244559108059	3.88676384792062	up	242509
Robo2	7722.26617339252	1.58041510382741	0.396621286950481	3.98469561726961	6.7566677530824e-05	0.00108896819108899	4.17026743619572	up	268902
Krt8	36128.3780133969	1.57947005966374	0.376071097544003	4.19992408344788	2.67004489676794e-05	0.000503119765823933	4.57348143591833	up	16691
Tpo	51.2403106615471	-1.57840517346012	0.359787533311309	-4.38704798616351	1.14899447496189e-05	0.000252590809935386	4.93968205964882	down	22018
Tmem202	50.2156948086562	1.57761118014789	0.461650321528987	3.41732932173174	0.000632387324622525	0.00640429933084517	3.19901684351791	up	73893
Trpv1	72.0020423221984	-1.57635027842318	0.426753520407017	-3.6938190384926	0.000220911039486178	0.00284509612819737	3.65578258078708	down	193034
Cdk1	387.271030487548	1.57634101999993	0.435111930869539	3.62284025825201	0.000291385784645293	0.00352350639475467	3.53553163925339	up	12534
Gng2	1575.63884127431	1.57471554689159	0.228546625414936	6.89012819170979	5.5742133719902e-12	7.83304493449604e-10	11.253816411205	up	14702
Ankrd55	216.035686291327	1.57438552047123	0.314179201760511	5.01110675579135	5.41178800790072e-07	2.01303533165857e-05	6.2666592240482	up	77318
Nfkbia	5733.405863628	-1.57403830559246	0.511322801981635	-3.07836517263118	0.00208139690193365	0.0160797820307486	2.68164509620176	down	18035
Igdcc4	141.755301438527	1.57346058651467	0.24123427362124	6.5225416061117	6.91258789442774e-11	7.39406167811922e-09	10.160359333543	up	56741
BB123696	77.2659040606337	-1.57335402211982	0.591979604470112	-2.65778417066944	0.00786562474642013	0.0438101989971552	2.10426677677276	down	105404
Akr1b8	655.981562098949	1.57333914077079	0.517278166123816	3.04157268527392	0.00235345736384859	0.0177497559692951	2.62829366513432	up	14187
Ccdc120	592.649350443945	1.57277859298754	0.304832454085069	5.15948538913979	2.47629546979743e-07	1.00264317515338e-05	6.60619753685438	up	54648
Armh2	40.8884193624284	1.56926904277414	0.433797581033887	3.61751450765133	0.00029744566314607	0.00358871030170623	3.5265923588468	up	666145
Cyp4f16	813.177757463473	1.56708004408106	0.242397428115327	6.4649202603564	1.01352239991403e-10	1.04261873675367e-08	9.99416664849879	up	70101
Chaf1a	515.370867453094	1.56670661387594	0.370525580853546	4.22833589590998	2.35426137852618e-05	0.000452337977107354	4.62814532188768	up	27221
2410018L13Rik	56.7344252851614	1.56642424868332	0.44895626738427	3.48903526352287	0.000484767193197531	0.00524113333535572	3.31446677889	up	69732
Cd200r1	749.117008361985	1.56631100590536	0.245563110377571	6.37844586467832	1.78894057349021e-10	1.74004450623513e-08	9.74740408594685	up	57781
Ticrr	166.161445607065	1.56544047541459	0.516853924817415	3.02878705229453	0.00245537689190772	0.0182964936832201	2.60988183571501	up	77011
Kntc1	555.339241151824	1.5653425584236	0.457542189676123	3.42119829328012	0.000623458570904654	0.00635277690732231	3.20519240028534	up	208628
Sox4	687.069117514275	1.56479967222518	0.441623903778254	3.54328572080846	0.000395174306195396	0.00449536909164074	3.40321130052245	up	20677
Anln	643.625545084284	1.56463300827089	0.441351449296513	3.54509543531537	0.000392470957724491	0.00446934618171428	3.40619247488472	up	68743
Gm12493	29.1148746851262	-1.56410113550793	0.499717675904656	-3.12996960268892	0.00174824392606401	0.0140881725676073	2.75739797195743	down	NA
Gipc2	103.986430242546	1.56403971020643	0.432484292457898	3.61640812737423	0.000298719270909072	0.00359600466099946	3.52473675938614	up	54120
Lancl3	73.091604684246	1.56334028266637	0.523839727825267	2.9843866351195	0.00284147472583191	0.0204525298310633	2.54645620253692	up	236285
Tpx2	423.038699821179	1.56325150691239	0.460061626527005	3.39791761967487	0.000679008635638985	0.00677747709667511	3.16812470232258	up	72119
Anxa3	2073.00630832133	1.56320144256586	0.33527078819836	4.66250415363062	3.12384780026956e-06	8.69660580018521e-05	5.50531013392191	up	11745
Tenm4	283.463222648373	1.5608363977084	0.206835905476066	7.54625457372056	4.47954029383451e-14	9.35049672984874e-12	13.3487665525409	up	23966
Gm28117	22.3671415477887	-1.5607662970743	0.549300519606759	-2.84137050915526	0.00449200903208609	0.0288724048400152	2.34755937917345	down	108168217
Gm30275	21.5914823265195	1.55606207448088	0.472752372768652	3.29149500692693	0.000996563857939875	0.00914340456922952	3.00149486729731	up	102632118
Spdl1	183.111001080856	1.55525293202915	0.403849760112137	3.85106810908417	0.000117603783603836	0.00168903229624747	3.92957870571027	up	70385
Galnt12	80.6783556948397	1.55487112779935	0.434138773002565	3.58150716888438	0.000341617762229838	0.0040004258648919	3.46645955649047	up	230145
Pkp1	32.5023356652319	1.55423744394441	0.580087304745754	2.67931642569839	0.00737726424353974	0.0417947776643226	2.13210466042722	up	18772
Gm38832	107.048578605464	1.55283464624531	0.243501900618153	6.37709456190398	1.8047903483276e-10	1.74004450623513e-08	9.74357324021408	up	105242682
Lad1	565.00760920663	-1.55224908171849	0.37856149254973	-4.10038821239744	4.12457639890619e-05	0.000715725525233923	4.38462064761445	down	16763
Slc13a1	531.714222368656	-1.55102340666895	0.473055615797522	-3.27873373631573	0.00104273971102047	0.00949149186576632	2.98182408675576	down	55961
Fam102b	1540.97114821667	1.55026171663793	0.297337041979472	5.21381966510906	1.84991314139737e-07	7.78339188650557e-06	6.73284866246044	up	NA
Basp1	1338.877340512	1.54983999475673	0.317659686619908	4.87893195151066	1.06661853181893e-06	3.54440470388052e-05	5.97199087499705	up	70350
Ehd2	1613.903881747	1.54700642181771	0.405014149462595	3.81963549636576	0.000133649027593285	0.00187542023178671	3.87403419674588	up	259300
Slc30a10	6752.38468578276	-1.54398492216082	0.202570369565908	-7.62196823488777	2.49836525585984e-14	5.59529718760276e-12	13.6023440683605	down	226781
Foxm1	260.18558613983	1.54378066167729	0.469754826474531	3.28635401846368	0.00101493365553796	0.00928161360870533	2.99356234590395	up	14235
Defb1	138.950422980808	1.54374392467665	0.37511941381771	4.11533998991274	3.86609120170014e-05	0.00067468312367332	4.41272790511142	up	13214
Apba1	1205.8290531704	1.5432264223283	0.190184601880215	8.11436050590612	4.88349640568207e-16	1.39993563629553e-13	15.3112691275916	up	319924
1700016L21Rik	24.5621925214174	1.54320103709228	0.588984717709782	2.62010369826384	0.00879030327724446	0.0477251314294838	2.05599614092604	up	72208
Slc15a5	674.363765681887	-1.54119861363021	0.36674192540204	-4.20240639774325	2.64092461188563e-05	0.000499383281930881	4.57824399603252	down	277898
Tuba8	167.286360738151	-1.54052749704336	0.564415043805225	-2.72942316820134	0.00634452314231407	0.0375674050013089	2.19760101414362	down	53857
Bmp8b	191.136872410423	1.53982099023945	0.431369453183615	3.56961064089074	0.000357512200752833	0.00415038461997079	3.44670913252244	up	12164
Mcm2	1141.45605332552	1.53838620712857	0.40180062345151	3.82873026406398	0.000128806083591228	0.00182073030717383	3.89006362449402	up	17216
Crip1	429.806757906685	1.53834164172028	0.359677204276689	4.27700622510642	1.89423507802765e-05	0.000377442578105601	4.72256612525091	up	12925
Gm28707	14.7817403906591	-1.53785758626417	0.539842371110818	-2.84871597444225	0.0043896048547044	0.0284095437616329	2.35757457250166	down	108168079
Nelfe	3821.27333139498	-1.53710804722239	0.378193958440863	-4.06433792215838	4.81689969130985e-05	0.000815459396560329	4.31723239748133	down	27632
Rgs14	159.275474269399	1.53687184013405	0.353238470643352	4.35080538463138	1.35638401440351e-05	0.000289308098310272	4.86761733721986	up	51791
Chaf1b	353.185413799832	1.53540640605081	0.290839296238059	5.27922610840744	1.29730638169647e-07	5.7496261427519e-06	6.88695744552989	up	110749
Runx2	1043.09075598576	1.53464708924696	0.278746990750109	5.50551984477831	3.68080492230905e-08	1.94919472486809e-06	7.43405719896456	up	12393
Fblim1	1079.22321205341	1.53350578562443	0.308823026023079	4.96564587612657	6.8472800613554e-07	2.45770486342473e-05	6.164481908643	up	74202
P4ha3	24.5460497782047	1.53269866995014	0.512093488848753	2.99300558067205	0.00276244697892383	0.0200232083785097	2.55870604886585	up	320452
Gm15943	53.1332245610786	1.53208780278015	0.390477768347481	3.92362363999367	8.72269671424964e-05	0.00133100056321056	4.05934922756059	up	NA
Lyz2	10691.5792393771	1.53166386859303	0.359153026213868	4.26465533296372	2.00211019287375e-05	0.000394549671372921	4.6985120233402	up	17105
Nuf2	178.6420254063	1.53078249029463	0.513571589194322	2.98066038406854	0.00287627578769322	0.0206615200251935	2.54116947457183	up	66977
Comt	54424.6715510965	-1.53000806119572	0.174521472109601	-8.76687574715656	1.83692313414932e-18	6.69387243800175e-16	17.7359090163198	down	12846
Kif20b	411.308204176716	1.52983396874882	0.387507761346785	3.94787955583617	7.88464524699319e-05	0.00123108113878252	4.10321784206104	up	240641
Socs2	2310.85206713747	-1.52936229356141	0.467186799913499	-3.27355630305602	0.00106203230182501	0.00962229013452915	2.97386227394098	down	216233
Bsn	94.5464943729509	1.5289817412526	0.309963519546865	4.93277964932073	8.10675924412382e-07	2.82031268201719e-05	6.09115272454053	up	12217
Gpr173	51.8663823435423	1.52839621555495	0.445420643635548	3.43135469223002	0.000600574782577844	0.00617816163895868	3.22143290726393	up	70771
Gm5526	20.2441606728418	1.52762837226873	0.484724045585875	3.15154237999956	0.00162410591779764	0.0133313517635801	2.78938565119394	up	433297
Maged2	921.506689595631	1.52673110303788	0.360962748560188	4.22960848211545	2.34098370986474e-05	0.000450189174973989	4.63060160840524	up	80884
Gm47078	25.0363461476755	-1.52634148008661	0.50843554559877	-3.00203534803823	0.00268181033446327	0.01959854595206	2.57157193998505	down	NA
Hmmr	193.032706419466	1.52603324512427	0.49701240833527	3.07041276944308	0.00213763118530253	0.0164022378601015	2.6700672233578	up	15366
4930578M07Rik	16.757904861939	-1.5250887038784	0.538807403969471	-2.83048950820433	0.00464768354891662	0.0296601948060871	2.33276344981694	down	75921
Btc	640.348216148085	1.52490875687905	0.438233698139075	3.47967023840123	0.000502031300249722	0.00539137139006435	3.29926920496261	up	12223
Mpp3	49.0948558686048	1.52460197654177	0.346575690855074	4.39904475925668	1.08728402205802e-05	0.00024199385584107	4.96365699399982	up	13384
A330041J22Rik	26.2957383917447	-1.52359937963669	0.437507576754962	-3.48245255759312	0.000496843249203401	0.0053517684658683	3.3037806067267	down	319556
Fanci	200.848399248094	1.52348262680562	0.423011632745804	3.60151473120625	0.000316368492184617	0.00376004565061873	3.49980677533785	up	208836
Atp1a4	14.7015177959518	1.52212301702595	0.545126246370378	2.79223946225434	0.00523446025349838	0.0326300073790128	2.28112809354814	up	27222
Ndrg4	62.7301907144593	1.5217836656234	0.486915428458956	3.12535519862188	0.00177590478562556	0.0142469973473693	2.75058032244588	up	234593
Mcm3	1337.48399686484	1.52092547465375	0.39217263086238	3.87820402282857	0.00010523045108167	0.00154856584411766	3.97785856794752	up	17215
Ltbp2	1047.9986991586	1.51734694149735	0.433200850015667	3.50264072991195	0.00046067035897391	0.00503393126300651	3.33660973076491	up	16997
Tyro3	116.446749809683	1.51684241722711	0.368437816513829	4.11695637429275	3.83908707459413e-05	0.000671605956906215	4.41577203750831	up	22174
Mmp24	239.426325797569	1.51661392654314	0.497272030104911	3.04986774788675	0.00228942156348379	0.0173685827857804	2.64027423098743	up	17391
Acss1	253.348948048785	1.51553127559102	0.347770600549674	4.35784759607517	1.31347791992537e-05	0.000282680433217172	4.88157722347568	up	68738
Tmem86a	925.746642034067	1.51509828729112	0.33435990448919	4.53133963417586	5.86108209311626e-06	0.000148250900002353	5.23202219563976	up	67893
Enpp2	17689.4591932803	1.5147035937164	0.149524934763032	10.1301070361068	4.06204546378463e-24	2.56864639621675e-21	23.3912552201335	up	18606
Gm29684	25.0662458317738	-1.51466569306597	0.575526901219883	-2.63178956510199	0.008493645335276	0.0465138499002634	2.07090587757519	down	628062
Ddr1	763.227971341322	1.51182979071718	0.416567985792178	3.62925102811769	0.000284244729154105	0.00345464198802332	3.54630757983464	up	12305
Mctp2	24383.4617562032	-1.51084313424698	0.27971550579608	-5.40135638868881	6.6138876972519e-08	3.2465430477378e-06	7.17954318361008	down	244049
Gm7931	16.645454776821	1.51064063431313	0.498058408360574	3.03305919336972	0.00242088108464798	0.0181418415196694	2.61602654287945	up	100503799
Gm28068	233.93985182304	-1.50942965355591	0.357308294326509	-4.22444616462386	2.3952909987107e-05	0.000458173989966904	4.62064171754912	down	102636152
Rsad2	1937.0024938718	1.50935563057488	0.318948479058368	4.73228665341485	2.22004593783356e-06	6.50285935468959e-05	5.65363803890918	up	58185
Cdca7l	143.851087483174	1.50867314223652	0.402360467408343	3.74955609320689	0.000177147870323656	0.00238191320322614	3.75166406439907	up	217946
Actg2	68.1159463815641	1.50850254203887	0.441108617816063	3.41979839230413	0.000626675611432455	0.00636143798196307	3.20295720657082	up	11468
Tmem178	202.784704484798	1.50501853147449	0.434419669818608	3.4644345917921	0.000531347337538506	0.0056221728321103	3.27462149123131	up	68027
Me1	16287.09492999	-1.50359714911137	0.227312873625634	-6.61465901657498	3.72409149062409e-11	4.14859932893357e-09	10.4289796581458	down	17436
Pla2g4c	82.858175719588	1.50144810226615	0.448652148902799	3.34657508258462	0.000818165190802408	0.00783194639459117	3.08715900169418	up	232889
Ahnak	27009.1441857745	1.50083306660381	0.3275442597272	4.58207714540259	4.60379981960611e-06	0.00012100451848598	5.33688356843289	up	66395
Slc4a11	172.78653667999	1.49984208716886	0.545210049877152	2.75094358129827	0.00594238768752112	0.0357774671749381	2.2260390177867	up	269356
Gm13391	34.8247622865602	1.49945992420964	0.512727727564851	2.92447598129941	0.0034503670595237	0.0236930347428169	2.46213470102932	up	102632465
Tmem156	227.686195347535	1.49921303376639	0.278261588179078	5.38778292604856	7.13321317927169e-08	3.45414602149417e-06	7.14671479670021	up	243025
Cd84	2613.41661174746	1.49802634189343	0.206475505493566	7.25522544823173	4.00993366317101e-13	6.95270756114329e-11	12.3968628119078	up	12523
Golm1	917.403194455801	1.49670507538091	0.34048556846461	4.39579592794542	1.10367587882324e-05	0.000245388121972075	4.95715844898535	up	105348
Mms22l	1094.51565897804	1.49500846339367	0.332418504982997	4.49736835038753	6.87997347090609e-06	0.00016809026093691	5.16241323639549	up	212377
9030619P08Rik	149.623536445569	-1.49479536697761	0.416432427328929	-3.58952682087102	0.000331278746594833	0.00390273591878844	3.47980642567151	down	105892
Nxpe1-ps	132.720390455669	1.49411313127242	0.300019994901994	4.98004518585668	6.35694290887544e-07	2.30091367913842e-05	6.19675168891117	up	640268
Slc25a4	810.157174986	1.49164874781973	0.346248567942229	4.30802864163357	1.64716059473606e-05	0.000337947992280833	4.78326405595619	up	11739
Ms4a6b	543.464077833703	1.4916198077286	0.325318070394907	4.58511205946201	4.53743014447305e-06	0.000119552387385013	5.34319004803923	up	69774
Mapk15	830.379767821212	-1.4911336615544	0.322388020070325	-4.62527627803642	3.74099408887747e-06	0.000101426699761495	5.42701297802738	down	332110
Pkdrej	556.603738593905	-1.49032264441534	0.313639344701668	-4.75170819475128	2.01705325917802e-06	5.9789543666921e-05	5.69528263432975	down	18766
Mest	871.61603682341	1.4897505491301	0.453487247900399	3.28509909821611	0.00101946508336688	0.00930834447734705	2.99162764419753	up	17294
Gm34294	166.160312752241	-1.48914514804057	0.302183789855682	-4.92794517122099	8.30989275046009e-07	2.8770160086134e-05	6.08040458129218	down	108168820
Slc41a1	2358.21891164008	-1.48877094101386	0.350024251651592	-4.25333654450824	2.10608685147882e-05	0.00041052463560104	4.67652372320739	down	98396
Efhc1	104.095640836378	1.48821493552776	0.282116277053754	5.27518281139163	1.32623813098655e-07	5.83110834687338e-06	6.87737848974102	up	71877
Fermt2	29356.7854181575	-1.48688543978696	0.110582081415826	-13.4459889048007	3.25031249634775e-41	6.98817186714766e-38	40.4880748824318	down	218952
Naip1	164.811272353902	1.48453965418312	0.441026219350327	3.36610294138518	0.000762382515661513	0.00742692527717378	3.11782707228421	up	17940
Soat1	2442.97375961143	1.48419481683901	0.276407169466026	5.36959594682815	7.89132445170955e-08	3.77029946026123e-06	7.10285010023844	up	20652
Acot2	292.779436067149	1.4831592529093	0.439466192980502	3.37491091829014	0.000738395882796666	0.00724578342315304	3.13171073354725	up	171210
Card11	810.820640360204	1.48266062886646	0.205707246635243	7.20762468565578	5.69362983646429e-13	9.63882216409309e-11	12.2446107713314	up	108723
4930534D22Rik	119.960688266521	-1.4806522879869	0.479621125096184	-3.08712900769325	0.00202099866412855	0.015726193007153	2.69443397355139	down	100503594
Adamts12	2423.65951337351	1.47899352043941	0.315931267099852	4.68137748446395	2.84953676140126e-06	8.07181032544494e-05	5.54522573589291	up	239337
Golga7b	68.9614042966956	1.47874975355212	0.409587784601932	3.61033656066985	0.000305799946138669	0.0036709271681237	3.5145625954171	up	71146
Zgrf1	656.247325656428	1.47585333033402	0.320804398397142	4.60047723069861	4.21524096979475e-06	0.000112162971349737	5.37517759331425	up	71643
Coro6	42.3429325453141	1.47580733380049	0.563530818979993	2.61885824890951	0.0088224599638852	0.0478513847688022	2.05441030378162	up	216961
Slc7a8	3113.5536703427	1.47452942398368	0.274715146048536	5.36748499379486	7.98421488726175e-08	3.80622217463697e-06	7.09776778295614	up	50934
Mirt2	35.4941308624796	-1.47396117767728	0.352608051416553	-4.18016880713826	2.91292777049256e-05	0.000542233307927187	4.53567028408686	down	100038659
Sarm1	239.08117122983	-1.47309566284669	0.300281281152007	-4.90571925494412	9.30855911970913e-07	3.16667754863523e-05	6.03111753865221	down	237868
Unc5b	2371.83106627673	1.47305442800204	0.361040088879071	4.08003009465089	4.50298705847862e-05	0.000768386428332305	4.3464993011915	up	107449
Cyp2d40	5541.32807333798	-1.47263241658024	0.356029995901852	-4.13625939817219	3.53013122466968e-05	0.000630075709274563	4.45220915039385	down	71754
Clec7a	846.089158940758	1.4725544276447	0.218373187947899	6.74329317386728	1.54836331405507e-11	1.96981131669727e-09	10.810127127131	up	56644
Arnt2	59.7129623579057	1.47136847749351	0.393896407592158	3.73541989501202	0.000187402228257287	0.00249328459624484	3.72722524955235	up	11864
Gm5148	36.9634956826224	1.47034415937676	0.489440308599558	3.00413376982349	0.00266338194290523	0.0194903716039695	2.57456654899408	up	381438
Tnfaip2	2610.57664786433	-1.46958786697329	0.339144587968507	-4.33321927905792	1.46944617342473e-05	0.0003076250509117	4.83284631773207	down	21928
Slc11a2	10080.682568895	-1.4678395688445	0.208707753015879	-7.0329901387651	2.02153659438621e-12	3.12683717836717e-10	11.6943183925464	down	18174
Oxct1	1890.65034204572	1.46783110347764	0.278895808623817	5.2630088301452	1.41716769339242e-07	6.14230560233085e-06	6.84857875666438	up	67041
Ptpn22	773.304701207514	1.46599339952777	0.28315497861859	5.17735342913556	2.25055626643258e-07	9.16419691823874e-06	6.64771012474029	up	19260
Bard1	636.192132942828	1.46556866035549	0.37987868839272	3.85799126177982	0.000114322734203613	0.00165184058157103	3.94186739727393	up	12021
Bub1b	413.552398356373	1.46451397132739	0.392311235212067	3.73304111603057	0.000189181698257298	0.00251025469154903	3.72312088025093	up	12236
Gm11827	72.4338878129431	1.46347481944241	0.307904377968219	4.75301724872995	2.00403243742244e-06	5.95120129897547e-05	5.69809525322417	up	100503518
Aunip	70.5851577672919	1.46335631056318	0.54437825020765	2.68812413061137	0.00718546799458843	0.041043217543459	2.14354494070326	up	69885
Ccdc192	24.0519135987568	1.46250675070208	0.431686916911347	3.38788759494053	0.000704331228733033	0.00695595839125412	3.15222305537345	up	75444
Gm16235	17.273923515621	1.46225110861397	0.497152202051138	2.94125441380135	0.00326885933021704	0.0227297786544846	2.48560376813942	up	NA
Foxred2	79.2756993541306	1.460202071187	0.358815679761383	4.06950463301395	4.71132028398189e-05	0.000800105735431363	4.3268573706423	up	239554
Gm44620	99.4270556478012	1.45974517281374	0.412550327299288	3.5383444787689	0.000402644392874839	0.0045586384659342	3.39507834440583	up	NA
Adamts7	2083.78704976951	1.45962158235481	0.151962439194188	9.60514710144663	7.60492611441659e-22	4.06981834037641e-19	21.1189050009742	up	108153
Gm41584	61.9204096794294	-1.45670408340073	0.500158529273628	-2.91248473862133	0.0035856572141785	0.0243806546821119	2.44543123097753	down	105246280
Gm49864	14.9126113094555	-1.45647398291872	0.549180181972781	-2.652087658529	0.00799957705516986	0.0443504143079299	2.09693297394075	down	NA
Cyp4a12a	8770.94721484485	-1.45595584149747	0.496841695748703	-2.93042201158953	0.00338501950074672	0.023371200791925	2.4704388250461	down	277753
Gm3734	2301.18558279179	-1.45512459994614	0.521255813658891	-2.79157481186075	0.00524522306938435	0.0326876220265982	2.28023603735743	down	100042226
Pole	808.402196162887	1.45321978223536	0.345231990209779	4.20940070285002	2.56048939865537e-05	0.000486312032430128	4.59167701796081	up	18973
Gm29458	24.7092516314887	-1.45015070151435	0.449160195203942	-3.22858240110949	0.0012440541264691	0.0108200500481738	2.90516072389321	down	NA
Uap1l1	1201.38857210823	1.45006240157273	0.216222574623851	6.706341389632	1.99564538312978e-11	2.42408902470566e-09	10.6999166282953	up	227620
0610043K17Rik	3633.79377615665	-1.44957666671137	0.393728378701582	-3.68166671524088	0.000231714192694975	0.00295308544335624	3.6350473644822	down	68400
Fcrl1	116.57680285565	1.44721366310863	0.336879628770441	4.29593700394036	1.73956981611945e-05	0.000351510818106843	4.75955813653584	up	229499
Map3k9	139.882488053562	1.44688136735627	0.296505460632748	4.87977983362802	1.06204333709721e-06	3.53466435721206e-05	5.97385776133537	up	338372
Ppl	5590.17280969652	1.44640201297977	0.263701617513329	5.48499484614144	4.13481472270229e-08	2.1421329286289e-06	7.3835439460173	up	19041
Cyp3a16	24.6876691920463	-1.44536721685635	0.521883493638985	-2.76952084990868	0.00561388110545544	0.0342698591048529	2.25073678938441	down	13114
Mid1	5506.61724055223	-1.44497074404228	0.310120477382509	-4.65938514037571	3.17155306635604e-06	8.79850205505223e-05	5.49872801760002	down	17318
Dgkg	314.765539928908	1.44446685388347	0.38263292330354	3.77507204924336	0.000159961422575951	0.00217256512026718	3.79598474223457	up	110197
Twist2	76.4021341389047	1.4442509178652	0.525509593116556	2.74828649520937	0.00599076371998075	0.036028369225059	2.22251780895781	up	13345
Ppm1l	15079.6439777669	-1.44203178172887	0.315482390399346	-4.57087883702006	4.85683049804261e-06	0.000126113352304246	5.31364705301231	down	242083
Cdkn1a	5128.27873212591	1.44148460667882	0.366464911745864	3.9334860186518	8.3722710964892e-05	0.00128758103415249	4.07715671752839	up	12575
Parvg	464.287630330047	1.44081773602683	0.299032729641239	4.81826099021146	1.44814863802187e-06	4.57198174999562e-05	5.83918685985176	up	64099
Iqgap1	9467.53829764017	1.44073286131676	0.296476499440029	4.85951791807428	1.17671932563609e-06	3.83325234866301e-05	5.92932711393117	up	29875
Gm26861	75.3373348453582	-1.44063945279763	0.292828441246321	-4.91973882955515	8.66597677515374e-07	2.97633387645057e-05	6.06218247921072	down	108168064
Etnppl	11355.3562937154	1.44040050913574	0.493843757128951	2.91671300556632	0.00353741094894558	0.0241826185698983	2.45131448429262	up	71760
Acpp	2271.96102454869	-1.43901573925038	0.130710763676865	-11.0091602158168	3.45206351553197e-28	2.85459098399759e-25	27.4619212221714	down	NA
Inka2	185.767845382683	1.43900736784628	0.32641304685586	4.40854733506324	1.04066277408121e-05	0.000235023630701115	4.98268998046304	up	109050
P3h4	167.863841545723	1.43773761302622	0.485688269323441	2.96020658483059	0.00307432813961274	0.021757095128925	2.51224977977139	up	66180
AA986860	2855.3435553934	1.43728591444237	0.329114005326238	4.36713689232896	1.25885833871708e-05	0.00027256248018547	4.90002313897472	up	212439
Gm7135	449.120070554049	1.43722417314428	0.264619943357586	5.43127685278859	5.59522505861191e-08	2.79112154895954e-06	7.25218244001186	up	634346
Gstm2	2530.55013126245	-1.43454852986541	0.273809795248297	-5.23921552391699	1.61260620008329e-07	6.90658033900215e-06	6.79247167477554	down	14863
Shcbp1	161.495387551654	1.43413719182388	0.426599288891148	3.36178992597856	0.000774390135174239	0.00751665368227817	3.11104018806883	up	20419
Cldn14	5268.2758289473	-1.43323363343728	0.416111361299396	-3.44435112024267	0.000572431792190478	0.00596283116865081	3.24227625403618	down	56173
Gm4221	149.165134811064	1.43274781380271	0.327071640363531	4.38053208223818	1.18389859077975e-05	0.000258940180078989	4.92668549638924	up	100043089
G6pc2	355.905599310844	-1.43261361838374	0.42216492883093	-3.39349273363605	0.000690073892846114	0.00684188042779741	3.16110440268724	down	14378
Gm14525	36.2164446284884	-1.43047350604658	0.522299824028474	-2.73879760290442	0.00616643223979694	0.036755833977165	2.20996603640819	down	100039120
Pdp2	3486.71661824372	-1.42930846635876	0.280972139093582	-5.08701137048577	3.63750033813149e-07	1.41166529367919e-05	6.43919695763528	down	382051
Adam12	4647.16186664127	1.42839514838489	0.373281739425604	3.82658725975417	0.0001299321037891	0.00183244559108059	3.88628352963638	up	11489
Kdelr3	269.523725045975	1.42758460538801	0.483361288318099	2.95345250000353	0.0031424096488983	0.0220646007352428	2.502737200372	up	105785
Cyp27a1	34866.2377746256	-1.42683570135572	0.322545808001594	-4.42366840913547	9.70389229407489e-06	0.00022236229009291	5.0130540324577	down	104086
Blm	1066.70600445465	1.42632267261326	0.229580346777658	6.21273855812496	5.20690432793233e-10	4.5693242061447e-08	9.2834204020118	up	12144
Gm48693	94.7383251786569	1.42580174189306	0.289454282214496	4.92582708048	8.40042628137503e-07	2.90368432555568e-05	6.07569867501531	up	NA
Mid1-ps1	301.626444260367	-1.423425171776	0.411020128239455	-3.46315198205266	0.000533886741960855	0.00564057245806308	3.2725508638672	down	107988026
H2-Q5	1139.29897648777	-1.42229133757905	0.45730977162616	-3.11012671459324	0.00187007100138476	0.0148692775627856	2.72814190419921	down	15016
Lpxn	963.694071032625	1.4221365959775	0.241573553473295	5.88697138213315	3.93336789777303e-09	2.70183417898147e-07	8.4052354310374	up	107321
Hmga1	1653.36295283477	1.42191793505158	0.272331661737389	5.22127293602293	1.77697415570688e-07	7.520658336161e-06	6.75031888852307	up	15361
Gm3604	90.304662057933	1.42167870168656	0.314411605666696	4.52171190904978	6.13415086242921e-06	0.000153216879468528	5.2122455472458	up	100041979
Rgs10	506.868497037245	1.4206699667717	0.301916783563322	4.705501794251	2.53242277951278e-06	7.25961196793665e-05	5.5964637885907	up	67865
Slc35e4	169.975675159372	1.41904940587348	0.44325646817173	3.20141838364262	0.00136752809976229	0.0116488660446514	2.86406374108497	up	103710
Gm28981	85.8520933902184	1.41601114837105	0.45890256476603	3.08564662107086	0.00203110056092907	0.0157819523165794	2.69226857389926	up	NA
Sh3kbp1	3385.65097215586	1.41566126463355	0.222404894698976	6.36524329444118	1.94980420899616e-10	1.87146386131328e-08	9.71000899644346	up	58194
Aurkb	194.822828934907	1.41505055182263	0.498166605843578	2.84051667699892	0.00450405178726121	0.0289179174302167	2.34639662464151	up	20877
Mrgpre	285.003255133954	1.41428196770697	0.343074535958023	4.12237522600634	3.74985733093643e-05	0.000659753949387343	4.42598525535647	up	244238
Klf6	3469.0816577432	1.41329205257749	0.329153298589149	4.29371985222475	1.7570415686097e-05	0.000353711551733226	4.75521796371571	up	23849
Gm26048	109.633219510468	-1.41319832698025	0.37267498040456	-3.79203971633981	0.00014941501079687	0.00205074408418802	3.82560576946325	down	115487652
C030034L19Rik	106.144168725913	1.41228627791118	0.26537112495793	5.32192897073888	1.02672663554637e-07	4.76039264505519e-06	6.98854517127805	up	320088
Cacna1c	1866.59674797586	1.41205544631717	0.412311041044868	3.42473352820914	0.000615402697433949	0.00629455661029015	3.21084060448422	up	12288
Septin6	381.653068275175	1.41074879111612	0.204109011652093	6.91174181726363	4.78738587740927e-12	6.86191975761995e-10	11.3199015656922	up	56526
Mad1l1	36125.5418607035	-1.41066726645255	0.342457858080193	-4.11924338475017	3.80118485143212e-05	0.000667428787384625	4.42008101016409	down	17120
Gm9930	26.5667511229887	1.40849584295718	0.417442414812534	3.37410812360721	0.000740552736770851	0.00725701177783651	3.13044400875243	up	791352
F630028O10Rik	758.347470860105	1.40780607871168	0.396086936996132	3.55428555505586	0.000379007456537287	0.00433670054047454	3.42135224570174	up	NA
Mbl1	20811.7598954825	-1.4077257723998	0.158404604468263	-8.88689932420394	6.28378999027988e-19	2.5018793479818e-16	18.2017783378884	down	17194
Ihh	400.134529847833	1.40739582112944	0.289149797095498	4.86735884052726	1.13099560169333e-06	3.71810480679001e-05	5.94653908399057	up	16147
Gm30015	220.735447196813	-1.40733908109146	0.310999326954439	-4.52521584169742	6.03338975958949e-06	0.000151716818515993	5.21943861816588	down	102631755
Tm6sf1	871.910267567404	1.4060083457297	0.321494837090718	4.37334657829345	1.22356242833094e-05	0.00026626105474813	4.91237386727012	up	107769
Slc41a3	560.505088624165	1.4059477322635	0.197764200025393	7.10921254748322	1.16706899000055e-12	1.91541857137495e-10	11.9329034703548	up	71699
St8sia4	837.356035017044	1.4056496074209	0.338976461327367	4.14674695085506	3.37232419484166e-05	0.000607758034006136	4.47207068159684	up	20452
Pde6c	222.065657030266	1.40467760008724	0.261195550571146	5.37787721504323	7.53691859304282e-08	3.61704798550046e-06	7.12280617555788	up	110855
Gem	616.514285956934	-1.40406864867219	0.537606211919608	-2.61170465954762	0.00900920459506724	0.0485701852542492	2.04531355033302	down	14579
Cdr2	383.450961744224	1.40382204809667	0.43933909109719	3.19530421158476	0.00139683521044759	0.0118562799149717	2.85485482610818	up	12585
Cyp26c1	511.529138149733	-1.40356610515619	0.396655283231917	-3.53850349280625	0.000402401957720349	0.00455829404161617	3.39533991506675	down	546726
Gm28818	201.851366602254	-1.40337584393678	0.256845552378575	-5.46388999513719	4.65812260510918e-08	2.36201971721338e-06	7.33178908471039	down	102632274
Mup22	21440.2145027156	-1.40261067094464	0.224769748507332	-6.24021106158281	4.36980867968163e-10	3.94556628985824e-08	9.35953757702899	down	100861909
Cd300a	1175.01148440349	1.4022858926302	0.234058938725759	5.99116573058217	2.08342188037353e-09	1.53929795285329e-07	8.68122277913219	up	217303
Cavin3	109.142744089714	1.40207962522146	0.493087597641249	2.8434696632576	0.00446252574073342	0.0287430507566712	2.35041926577583	up	109042
4930520O04Rik	40.0330163777054	1.40188734904124	0.37268826446553	3.76155485081258	0.000168860379955366	0.00228189702642386	3.77247223784893	up	75116
Gulo	28407.5848785726	-1.40112528069199	0.280819071235714	-4.98942352642391	6.05597422291214e-07	2.20683806428154e-05	6.21781598206658	down	268756
Strip2	65.826659115771	1.40070049328975	0.338892950701695	4.13316503158159	3.57801617250113e-05	0.000634190830245459	4.44635770076917	up	320609
Rnf150	4009.56730632535	1.40051363414868	0.283288236191073	4.94377617997543	7.66236701352838e-07	2.70510493909459e-05	6.11563704993415	up	330812
Gm5834	39612.6682746759	-1.39996063524248	0.205284371991059	-6.81961623120274	9.12840329765127e-12	1.23434384213523e-09	11.0396051808077	down	545367
Matn2	878.470082726093	1.39882924608031	0.290172674242267	4.8206787552725	1.43070590219557e-06	4.53021751063398e-05	5.84444963121602	up	17181
Ccn5	104.35116255457	1.39806204924195	0.490457878761243	2.85052419337836	0.00436472297209257	0.0282910895085892	2.36004331564902	up	22403
Cpt1c	96.0708014645754	1.39512725257658	0.347436351277259	4.01549016804879	5.93223720005365e-05	0.000978091256143816	4.22678149206462	up	78070
Gm20492	35.9760875242207	-1.39420489991269	0.395714874102263	-3.52325624119044	0.000426279012513563	0.00475363006693029	3.37030604894781	down	102632786
Slamf7	250.725421224995	1.39383729467645	0.485330008525393	2.87193717716205	0.00407964060139866	0.0269138609788497	2.3893780946808	up	75345
Plxna3	232.123745282547	1.3933599946949	0.279030910881682	4.9935685988773	5.92737185618142e-07	2.17101354187224e-05	6.22713782625823	up	18846
Acaa1b	20548.7175658713	-1.39253511058983	0.399187116472151	-3.48842698856734	0.000485871495123235	0.00524672885241062	3.31347857917082	down	235674
Myo1g	673.253384638665	1.39140257413143	0.263578590944783	5.27889070635069	1.29968293273369e-07	5.7496261427519e-06	6.88616258412341	up	246177
Klhl23	264.343844046142	1.390693008948	0.254404092310463	5.46647263539636	4.59079258226514e-08	2.34446652063421e-06	7.3381123287571	up	277396
Tmem237	358.832817669099	1.39065559974493	0.245873852822928	5.65597188874918	1.54966831865813e-08	9.2038311743508e-07	7.80976124556579	up	381259
Loxl1	713.378341116932	1.39004689332815	0.360877319876186	3.85185440250184	0.000117226718671115	0.00168474228036696	3.93097339131328	up	16949
Pik3cg	768.160073525294	1.38949699436028	0.311893846936636	4.45503176163194	8.38807757894072e-06	0.000197528661497509	5.07633756152214	up	30955
Myl9	524.579759714374	1.38929946120203	0.523952679592017	2.65157430301497	0.00801174826792523	0.0443890205499625	2.09627270485631	up	98932
Lpgat1	50612.053810457	-1.38857274326757	0.198330895766919	-7.00129315656117	2.53610645413786e-12	3.85211427994132e-10	11.5958325207137	down	226856
Gm49369	41.3816472190182	1.38735559188	0.430820323611487	3.22026495929918	0.00128072165971102	0.0110584400336493	2.89254524557639	up	NA
Myc	1481.53676336563	1.38707284312719	0.388185779533239	3.57321910347933	0.000352619472782051	0.0041024451649427	3.45269370823557	up	17869
Zwilch	302.314164640872	1.38421665487267	0.403023443982615	3.43458097919579	0.000593470722566227	0.00612410067394677	3.22660070104226	up	68014
Spred3	250.989312965255	1.38409378713661	0.39921441589883	3.46704360367429	0.000526216520757521	0.00558787527757875	3.27883552120433	up	101809
Zfp641	85.1214841047641	1.38312762671883	0.369900173799035	3.7391916108433	0.000184612973375121	0.00246369978395887	3.73373778290245	up	239652
Knl1	405.967735794053	1.38196372441081	0.440497208073321	3.13728146077325	0.00170522343614721	0.0138191872887919	2.76821870715353	up	76464
Eid2	45.0807559736215	1.38043587010775	0.527882315465887	2.61504473566128	0.00892157694603004	0.0482672129692113	2.04955837449956	up	386655
Slc2a10	77.5165146473603	1.37973886797924	0.452067050535882	3.05206687004437	0.0022727146418639	0.0172662066431356	2.64345509011917	up	170441
Nlrp1a	170.561471851581	1.3796072923362	0.345418807081241	3.99401325015787	6.49642306906051e-05	0.00105292194474821	4.18732570011917	up	195046
Racgap1	345.199908707423	1.37942459031507	0.411829510407894	3.34950399486629	0.000809563882513553	0.00777831565155848	3.09174887547334	up	26934
Gramd1b	2660.94951783901	1.37788192758752	0.320482682680442	4.29939588642743	1.71264307355287e-05	0.000348602949063871	4.76633313752369	up	235283
Gfod2	3150.83394060139	-1.37731956015965	0.184034837398515	-7.48401541593541	7.20854943227991e-14	1.44844684854222e-11	13.1421521190443	down	70575
F730035M05Rik	18.2243716586611	-1.37696313692601	0.499565386119329	-2.75632214558015	0.005845539336478	0.0353428278217877	2.23317541263724	down	414124
Garnl3	347.428191996111	1.37546636104798	0.21193075001528	6.4901688921915	8.57402022867403e-11	8.94861334546075e-09	10.0668154961938	up	99326
Hif3a	120.434105306524	1.37485748572317	0.357696804945448	3.84363926854994	0.000121223154608275	0.0017340637552082	3.91641441846872	up	53417
Gm30794	51.6583736070614	1.37441257820789	0.314901520443966	4.36457904766598	1.27367787166001e-05	0.0002752168265396	4.89494039637276	up	102632818
Zbtb16	74221.3393323567	1.37433697553511	0.31119550513642	4.41631370907056	1.00398348142852e-05	0.000228419522229769	4.99827343259285	up	235320
Gm8883	2762.79358926954	-1.37380404778005	0.182630731609946	-7.52230490273762	5.38188925159696e-14	1.10200589437462e-11	13.269065243383	down	667931
Selenom	220.611859422079	1.37360008335024	0.394235231423113	3.48421443307288	0.000493583865590476	0.0053219925326957	3.30663904508411	up	114679
Cklf	334.21950995903	1.37313931999137	0.346959573369963	3.95763491018359	7.56955360374458e-05	0.00119314811202719	4.12092973121945	up	75458
Arhgap25	2209.32805829347	1.3728821739662	0.233580931449625	5.87754387931399	4.16398361078395e-09	2.82415292214053e-07	8.38049098851791	up	232201
Gm2061	432.541449795642	-1.37118769623594	0.213467560013565	-6.42340080220528	1.33262999027995e-10	1.33262999027995e-08	9.87529041734243	down	100039138
Litaf	27056.7001718974	-1.3711192677392	0.12316642271684	-11.1322488507391	8.74021938928189e-29	7.82977986956503e-26	28.0584776659516	down	56722
Arhgap10	5455.87635934342	1.37035337234137	0.220598650890113	6.21197530815358	5.23226504672112e-10	4.57291457335382e-08	9.28131026441374	up	78514
Parpbp	139.062565512467	1.37000596345352	0.351087981104374	3.90217278057784	9.53330665064689e-05	0.00143132746500634	4.02075643713185	up	75317
Ncapg	250.684967471991	1.36923897823838	0.390867377664957	3.50307817044804	0.000459914471416608	0.00502958348700767	3.3373229249389	up	54392
Arhgap27	761.500856017921	1.36709095396268	0.251974622381986	5.42551047815526	5.77891394795306e-08	2.86943764159332e-06	7.23815377243228	up	544817
Dnajc6	74.231277672998	1.36598840024984	0.439949510839887	3.10487536999892	0.00190359215417023	0.0150744866720663	2.72042609385416	up	72685
C1ql4	51.426123211095	-1.36553510668181	0.389527274512507	-3.50562129029546	0.000455542888952552	0.00499982944069489	3.34147072833188	down	239659
Tnfsf14	81.0158205628906	-1.36526413083367	0.305546865085587	-4.46826423976316	7.88568594273371e-06	0.000187680871476597	5.10316052323715	down	50930
Nfil3	8767.91960442385	-1.36517997113271	0.313500407704776	-4.35463539306878	1.33288579388826e-05	0.000285428730762925	4.87520706079542	down	18030
Coro2a	903.609469113097	1.36430013778846	0.19510639493436	6.99259569758057	2.69846321947073e-12	4.05713001528817e-10	11.5688834970688	up	107684
Efna3	876.946565956983	-1.36416830990166	0.385887599623885	-3.53514420062028	0.00040755268626395	0.00459967598670599	3.38981623999234	down	13638
Col6a3	8456.44306320818	1.36350344824263	0.415396166007242	3.28241702697578	0.00102921269894169	0.0093763021301891	2.98749486388583	up	12835
Cep55	111.585688452813	1.36267325941073	0.507767161279262	2.68365771425161	0.00728216190686046	0.0414197039675926	2.13773966947315	up	74107
Pls1	165.629688080686	1.35984294215439	0.464005930782581	2.93065853675816	0.00338244352050185	0.0233609173436523	2.47076944644924	up	102502
Gm13912	84.6300716483114	-1.35885019264099	0.372682687371879	-3.64613178632865	0.000266217484907902	0.00329704834419348	3.57476342388147	down	102631868
Gspt2	74.0533405654503	1.35756004554236	0.341185090227732	3.97895477975379	6.92189035444846e-05	0.00110729644807025	4.1597752843882	up	14853
Rasl11a	91.805871282368	1.35754317766927	0.387059234924846	3.50732667038123	0.000452633120763734	0.00497526180798583	3.34425367035777	up	68895
Gm650	29.9597260475885	1.35747218020467	0.433784775866258	3.12936796247363	0.00175182783846556	0.0141011975016884	2.7565085765231	up	667383
Sash3	360.356018035179	1.35666782943466	0.298036124453383	4.55202479874838	5.31320709090529e-06	0.000136453417998412	5.27464325642517	up	74131
Slc8a1	12902.4639660769	1.35639781336828	0.292205130256084	4.6419370261554	3.45158066884067e-06	9.45337380637891e-05	5.46198197201551	up	20541
Osbpl5	1130.24756435111	1.35630813307137	0.240198439219234	5.64661509658456	1.63637627843872e-08	9.63892876340617e-07	7.78611682483355	up	79196
Gm43700	57.227762538356	1.35611461996154	0.335542755855087	4.04155534964735	5.30978443901275e-05	0.000889099419305094	4.27492310958662	up	108169042
Rbm46	142.508648260562	1.3554989943879	0.324583251364656	4.17612119137057	2.96521883665184e-05	0.000551013007675148	4.52794324967131	up	633285
Gramd3	19336.8882016614	-1.35517480983923	0.215109636728786	-6.29992607698861	2.97787630786042e-10	2.78366698343474e-08	9.52609334551243	down	NA
Clcn1	34.401995268561	1.35368880137227	0.377007527730086	3.59061478035373	0.000329898911157769	0.00389270688321091	3.48161911785554	up	12723
Abcd2	2303.26509671561	1.35357995653367	0.42474109591107	3.18683539116986	0.00143838611794555	0.0121021407708367	2.84212451702404	up	26874
Lipc	27616.4532772099	-1.35268780684763	0.173904195569712	-7.77835061664961	7.34761956744539e-15	1.79515705340995e-12	14.1338533379455	down	15450
1700122E12Rik	27.6494296238616	-1.35242504209054	0.466800878972705	-2.89722042740546	0.00376485127822047	0.0253426119228992	2.42425217492779	down	73619
Sptbn5	62.1593226263677	1.35237756904832	0.443771839342072	3.04746144111653	0.0023078313267129	0.0174651085970881	2.63679593579132	up	640524
Rap2b	408.441364044121	1.35226249187105	0.36735203262824	3.68110796120064	0.000232222642805384	0.00295781209734346	3.63409543676797	up	74012
Kif4	385.025762846297	1.35191054884208	0.467741386253352	2.89029491204745	0.00384880572958928	0.0257747229180713	2.41467400958524	up	16571
Gabbr2	9831.04816401953	-1.35144328625268	0.369302145446391	-3.65945148956321	0.000252755683144449	0.00316605527707884	3.59729907063102	down	242425
Tnr	87.7833716583554	1.34967869861167	0.385387035660653	3.50213830181902	0.000461539973826498	0.00503966959739447	3.33579067890577	up	21960
Rad51	241.378250380357	1.3495067482845	0.404382962139759	3.33719981955642	0.000846270821165863	0.00803303428479737	3.07249063304098	up	19361
Traip	105.914253217107	1.34881683558056	0.449767727146482	2.99891867328504	0.00270939617642921	0.0197464467095688	2.56712748641863	up	22036
Gm10283	19.6584340503412	-1.34769236475607	0.451993618742128	-2.98166237060298	0.00286687975786537	0.020600907350971	2.54259052176948	down	330776
Stat5a	3197.71852638467	-1.3476804340398	0.307170513829131	-4.38740169829411	1.14712811234456e-05	0.000252438632706326	4.94038807697466	down	20850
Alms1-ps2	25.4613910222925	-1.34623837806264	0.466257918925292	-2.88732549822568	0.00388532057827572	0.0259660594825791	2.41057314169389	down	623273
Map1a	295.28790697858	1.34589935457439	0.49429170913026	2.72288474541196	0.00647146303112631	0.0381404756494561	2.18899752543372	up	17754
Serpinh1	4703.2881346225	1.34585670932323	0.500683781747263	2.68803735688526	0.00718733553726154	0.041043217543459	2.14343207984346	up	12406
Cfh	226143.932166494	-1.34504728015955	0.184365875528094	-7.29553273514866	2.97479633765234e-13	5.37463203861557e-11	12.5265427618552	down	12628
Il1r1	82988.4094946081	-1.34379580786378	0.268516496387024	-5.00451862714204	5.60017968910863e-07	2.07592867785924e-05	6.25179803786231	down	16177
Wdhd1	619.057237246401	1.34319871141192	0.301212881056066	4.45930036823992	8.22276198853522e-06	0.000194060793362796	5.08498228040383	up	218973
Nfkbiz	6822.233509064	-1.34290235055052	0.416341552659781	-3.22548240013865	0.00125760567824638	0.0109103365521101	2.90045551040653	down	80859
Zfp449	139.956196039533	1.34248560715472	0.330209828470501	4.06555314653407	4.79186724839817e-05	0.00081250115016215	4.31949522193901	up	78619
Hid1	521.511037445436	1.34243902220647	0.304919654062931	4.40259919070158	1.06961660899698e-05	0.000239549553056614	4.97077186197295	up	217310
Ugt2b38	2414.21298833214	-1.34219008187266	0.314817471382858	-4.26339134221807	2.01347432077157e-05	0.000396063109758359	4.69605390487866	down	100559
5033403H07Rik	2478.15980536169	-1.34188865066598	0.306281968314172	-4.38121988719075	1.18016695272589e-05	0.0002583868582852	4.92805655072882	down	75954
Caprin2	415.819011653503	1.34154691267313	0.278900846720375	4.81012133325704	1.50838704805993e-06	4.73435350850926e-05	5.82148720537027	up	232560
A530064D06Rik	87.0419266727908	1.33926268309915	0.414492061399867	3.23109368747871	0.0012331751231759	0.01077766371658	2.90897524487353	up	328830
Hmga1b	67.2608975642163	1.33822116061168	0.408257647869929	3.27788387454296	0.00104588412753448	0.00950871325679571	2.98051642785869	up	111241
Crp	96433.8030249073	-1.33646272771045	0.270549726580956	-4.93980439233798	7.82009790409874e-07	2.75175294497746e-05	6.10678780973508	down	12944
Cotl1	4078.85470595479	1.33615610914229	0.257216096670122	5.19468309503157	2.05068861256997e-07	8.51154539966299e-06	6.68810028020179	up	72042
Gab3	1152.67533229963	1.33582469675664	0.270928459116904	4.93054403037166	8.20009311072735e-07	2.84817450534149e-05	6.08618121624488	up	210710
Gm19705	464.763947611205	1.3354954755934	0.301862086568551	4.42419083090158	9.68044247595499e-06	0.000222360591060932	5.01410479140299	up	100503460
Rhebl1	58.019816354367	1.33505395569254	0.390067453692399	3.42262330029037	0.00062019962169505	0.0063255654015387	3.20746850300647	up	69159
Gm20125	28.0423640890497	1.33328076951338	0.45064001557879	2.95863821103626	0.00309001641338103	0.0218178498810155	2.51003921370724	up	100504235
Gm31717	139.999821887671	-1.3321043242784	0.252448301702681	-5.27674108042632	1.31501479256185e-07	5.79965960621644e-06	6.88106936178118	down	105243300
Trip13	235.080017818686	1.33125245207692	0.383783364326967	3.46876018039894	0.000522865967294797	0.00557896689669387	3.28160962494617	up	69716
Abca13	88.5299007868914	1.33065160802587	0.425015221671819	3.13083282709661	0.00174311355634368	0.0140573673898684	2.75867431955265	up	268379
Pawr	10273.8466444854	-1.33028427302827	0.261442950657076	-5.08823921121189	3.61403328528602e-07	1.40509431525587e-05	6.44200785189975	down	114774
Gm10616	90.0389625350822	-1.33015511792514	0.377806636892149	-3.52072988676706	0.00043036076616272	0.00478425877585237	3.36616732799151	down	100038478
Sirpb1b	1026.52605321129	1.32638556175683	0.421793995242865	3.144628839472	0.00166297666829544	0.0135686713102451	2.77911384392638	up	668101
Acox1	240976.082808248	-1.32630805184725	0.384349265927817	-3.45078856504525	0.000558951274565509	0.00584790871199924	3.25262604919702	down	11430
B4galnt3	548.328828180996	-1.32537781964519	0.307415779411738	-4.31135259934085	1.62258922990268e-05	0.00033383414777902	4.7897914110214	down	330406
Apbb1ip	3615.05588925399	1.3251426706302	0.306755477341574	4.31986637081183	1.56123710831196e-05	0.000323377628407583	4.80653113472644	up	54519
Msantd3	136.646546988435	1.32483623760058	0.487138194560493	2.71963121018642	0.0065354760464706	0.0383704901690655	2.18472277276202	up	66665
4933440J02Rik	332.672824384725	-1.32471737977747	0.425904550869558	-3.11036211534445	0.00186858113283712	0.0148629279896404	2.72848804056067	down	71321
Kifc1	186.490727213785	1.32321326812542	0.417528827607682	3.1691542730284	0.00152883222534054	0.0127107087566982	2.8156401716228	up	100502766
Top2a	1390.77340157987	1.32281585631127	0.44850610156368	2.94938207462369	0.00318410062719122	0.0222483469238255	2.49701321570092	up	21973
Elavl4	52.7134356673196	-1.3223615665674	0.315382185948295	-4.19288604583454	2.7542781726094e-05	0.000516277076818675	4.55999219961706	down	15572
Rad54b	349.453686406966	1.32123084058117	0.297543891188848	4.44045695343346	8.97680605127217e-06	0.000208875898379168	5.0468781578813	up	623474
Anxa5	10192.4997296072	1.31959823677865	0.299620916989351	4.40422601345138	1.061622189403e-05	0.000238255501797123	4.97403001268077	up	11747
Lct	57.8377114743644	1.3186701254494	0.446991260496059	2.95010270220044	0.00317668313365528	0.0222254107951801	2.49802610282097	up	226413
Cenpu	183.97285837519	1.3183753966642	0.332000918398749	3.97099924609477	7.15718058125611e-05	0.00114069223496669	4.14525802505884	up	71876
Kcnk13	2521.48057922375	1.31781035118583	0.419327664376316	3.14267448379745	0.00167411901664874	0.0136390901318484	2.77621367033533	up	217826
H3c3	324.962340995721	1.31676657342765	0.471807180649434	2.79089981550332	0.00525617387690913	0.0327434411263454	2.27933027652797	up	319148
Gm15327	55.545210404781	-1.31652644621488	0.44582263944131	-2.95302734707396	0.00314674084881647	0.0220805901597762	2.5021390221212	down	100504675
Cyp21a2-ps	834.006227340157	-1.31645120346001	0.276816826600155	-4.75567623409521	1.97783232480272e-06	5.88966689518815e-05	5.70381052947271	down	632302
Zranb3	2040.17197408626	1.31644683139229	0.118931636765308	11.0689373088346	1.77492876491856e-28	1.52643873782996e-25	27.750819072256	up	226409
Nlrp5-ps	2841.7464001003	-1.3155514020472	0.48951088085158	-2.68748142995023	0.00719931052743668	0.0410522679356814	2.14270909363366	down	100417675
Gm33037	1816.1589910417	-1.31532353642261	0.223330459149986	-5.88958416791347	3.87168581568331e-09	2.68075801636043e-07	8.41209989259588	down	102635789
Dcaf4	497.620190846431	1.31528881915368	0.166300526618164	7.90910796195891	2.59239723331039e-15	6.79713908733821e-13	14.5862984507117	up	73828
Bach2	24092.7320818494	-1.31512561438838	0.450569013147855	-2.91881060617193	0.00351369631203653	0.0240576215215258	2.45423577719081	down	12014
Gm6967	22.6522387766235	1.31477092372412	0.493748434606841	2.66283562958744	0.00774852535170664	0.0433498035549552	2.11078094169421	up	629359
Pole2	260.72066444378	1.31344842482225	0.275269885001395	4.77149334666811	1.82865022410612e-06	5.54527218875622e-05	5.73786935645229	up	18974
Trmt9b	1075.04971129476	-1.31328974024803	0.386831900278843	-3.39498820883532	0.000686315562755846	0.00682506225682271	3.16347615302197	down	319582
Gm13657	249.404325849159	1.31323984201618	0.386994454002114	3.39343323511558	0.000690223815551064	0.00684188042779741	3.16101005984608	up	102638051
Ly6c2	110.42244279331	1.31315286589785	0.447460831974279	2.93467667349559	0.00333895410027402	0.0231125283824506	2.47638955103689	up	100041546
Zkscan2	31.5745466219976	1.31259886315992	0.487503844319375	2.69248925614628	0.00709208205681289	0.0406504303443021	2.14922624816772	up	210162
Gm43653	42.7614271039519	-1.31257440291491	0.356175635717533	-3.68518862967891	0.000228533320517865	0.00291967336821125	3.64105047015846	down	115489703
Slc22a14	735.869948647649	-1.31165052318831	0.345213819041868	-3.79953075699218	0.0001449703203699	0.00200055320151018	3.83872090134389	down	382113
Kbtbd12	50.7970061394728	-1.31090355351961	0.320444820358835	-4.09088701153495	4.29726464393705e-05	0.000736184779638618	4.36680789978074	down	74589
Il2ra	168.715220370056	-1.30975563421034	0.361302843516074	-3.62509085581573	0.000288859880508602	0.00349886615827321	3.53931277274097	down	16184
Col25a1	894.11281467328	-1.30938331895367	0.461773214554614	-2.83555493840539	0.00457461463302279	0.0292770431059436	2.33964548516056	down	77018
Actg1	12450.7237205256	1.30885943212281	0.155396562506348	8.42270518094205	3.67889395527e-17	1.18054059758664e-14	16.4342827305991	up	11465
Itgb2	3002.06198441311	1.30746710601872	0.305769831586584	4.27598464908887	1.90294336242724e-05	0.000378679686519322	4.72057413748879	up	16414
Scd2	2546.54894690826	1.30744854763444	0.323226060050374	4.04499732302114	5.23237220078575e-05	0.0008775039182285	4.28130137037988	up	20250
Dock2	6447.06029560532	1.30691764292652	0.220796865392669	5.91909509495196	3.2371776088743e-09	2.28945126943412e-07	8.4898334722261	up	94176
Clp1	1736.53420097193	-1.30591102813529	0.20034023561315	-6.51846606917724	7.10300001066035e-11	7.56012377372265e-09	10.1485581846761	down	98985
Platr19	36.5543273484278	1.30567273165763	0.484245296567975	2.69630441619447	0.0070113558566723	0.0403274882071842	2.15419799000306	up	NA
Gm31227	60.4417758210234	-1.30545604680815	0.364364481748677	-3.58283013904905	0.000339891638993477	0.00398438565183742	3.46865951851096	down	102633392
Htr7	58.3823475233453	-1.3053531814635	0.315757688030979	-4.13403451742855	3.56449904143805e-05	0.000632316249099983	4.44800149774107	down	15566
Slc13a4	118.845235040545	-1.30483678244882	0.332065641891517	-3.92945435431438	8.51388357000473e-05	0.00130283627583702	4.06987229322985	down	243755
Tlr9	191.97657728047	1.30366039302842	0.303117123028935	4.30084707852013	1.70146450283621e-05	0.000347072929895431	4.76917710703433	up	81897
C1qtnf6	318.861439899653	1.30341006594251	0.444607231919769	2.93159888631258	0.00337221987894722	0.0232977915801302	2.4720841158088	up	72709
Spire1	728.064868357901	1.30262204751977	0.332875959684007	3.91323557506622	9.10676136558823e-05	0.00137981232811943	4.04063604356757	up	68166
Hopx	3112.8669178643	-1.30214228213151	0.287891131508153	-4.52303714709822	6.09585365252135e-06	0.000152629260671706	5.2149654679587	down	74318
Gm41804	709.998624502589	-1.30183361824616	0.299445412315804	-4.34748226121832	1.37709204314692e-05	0.000292853401856171	4.86103703106125	down	105246529
Otulinl	1043.03815737647	1.30024348789723	0.231078742621764	5.62684162612701	1.83539094247804e-08	1.05525489584252e-06	7.73627141583834	up	223433
Col5a1	7047.2313987708	1.29995797962957	0.402574406324384	3.22911233105587	0.00124175109583611	0.0108043903522769	2.90596544807092	up	12831
Chst12	343.371611195502	1.29924976551529	0.353931254468157	3.6709099552896	0.000241688481776016	0.00305485147453518	3.61674404640788	up	59031
Fer1l6	88.2709562304352	1.29886020750616	0.426076909675237	3.04841726461116	0.00230050250260995	0.0174313922972834	2.63817728995011	up	631797
Gm2710	40.8595738763416	-1.29877777190367	0.356992464707282	-3.63810976505795	0.000274646377174246	0.00337422691956931	3.56122612532863	down	108167606
Gm49484	71.8599956738595	1.29788438894009	0.356903880637853	3.63650960202654	0.000276357346184766	0.00338557432648004	3.55852898642832	up	NA
Sstr1	15.9852035932611	1.29726276919198	0.490925459047008	2.64248420057547	0.00823003049707461	0.0453823174370619	2.08459855546979	up	20605
Slc38a1	1040.53406823081	1.29574081326936	0.246038212186231	5.26642102361154	1.39109050410183e-07	6.06685821054071e-06	6.8566446139667	up	105727
2010003K11Rik	966.180857377294	-1.2945856664301	0.286351991644423	-4.52095918382032	6.15600580463119e-06	0.000153365150405064	5.21070097933469	down	69861
Pif1	55.6265008502649	1.29438724047328	0.368938869655691	3.50840571957423	0.000450800985439644	0.00496161833051749	3.34601514326805	up	208084
Gm31333	6866.68920500774	-1.29251470060805	0.26798385982244	-4.82310651643141	1.41339442206545e-06	4.48862334924775e-05	5.84973662695293	down	102633526
H4c6	670.576231767469	1.29231421982625	0.340729223326736	3.79278949779722	0.000148964428050104	0.00204647616810046	3.82691742652692	up	319157
Gm826	724.749750971649	1.29210791865751	0.409362400408494	3.15639129868336	0.00159734413088996	0.013183454439207	2.79660150963093	up	329554
Map4k1	236.651849800308	1.2916274377561	0.241863707009109	5.34031109391479	9.27872186809262e-08	4.36526302328209e-06	7.03251184316303	up	26411
Acsbg1	63.4711337889875	1.29138680630516	0.369347157860398	3.49640380011607	0.000471574494840862	0.0051361963723802	3.32644969180725	up	94180
Adcyap1r1	819.302409590328	1.29114082109074	0.258260261321299	4.99937858997381	5.75153741926428e-07	2.12106439990021e-05	6.24021605036153	up	11517
Sorl1	2415.90518276682	1.29107129700619	0.41398812873027	3.11861912795904	0.00181700672496963	0.0145333499207021	2.74064346531068	up	20660
Bst1	149.556671959281	1.29010727129281	0.485888411275046	2.65515135030155	0.00792728323125533	0.0440632340930687	2.10087562476688	up	12182
Tubb6	2229.15104049206	1.29010258812467	0.362315079529019	3.56072010527882	0.000369839148266648	0.00425443643003367	3.43198711974173	up	67951
Olfr458	14.9316633664491	1.29008406292018	0.494269616873686	2.61008166166497	0.00905206112400219	0.0487645487762583	2.04325252213586	up	NA
Upp2	20365.745779334	1.28998456001555	0.430013652902516	2.99986884441547	0.00270095881533199	0.0197055446723253	2.56848203795636	up	76654
Syvn1	17278.7539298693	-1.28986553878754	0.234111453067734	-5.50962168610501	3.59605726834693e-08	1.91374334825394e-06	7.44417340060705	down	74126
Adam15	82.5868119256519	1.28911679853455	0.347095219594275	3.71401484595903	0.000203996818592054	0.00267390921361656	3.69037660550885	up	11490
Gm20619	140.693538474853	1.2879504631229	0.227962675610015	5.64983043683103	1.60606179271796e-08	9.4863539954495e-07	7.79423774939347	up	101056138
Abcb1a	591.8855430814	1.2879022157578	0.210419844274137	6.12063097090744	9.32055365477737e-10	7.61946401436173e-08	9.03055828914033	up	18671
Ccna2	284.597929613047	1.28773368800164	0.443817393955513	2.90149441085384	0.00371387404499381	0.0250465156735781	2.43017282932315	up	12428
Gm14548	58.1548118586035	1.28696297654125	0.432986024253461	2.97229680509939	0.00295580789954354	0.0210779004445062	2.52932379452592	up	NA
Prkar2b	329.363759407363	1.28647111765792	0.350575623917076	3.6695966002537	0.000242933524966447	0.00306878424605089	3.61451254817032	up	19088
Lypd6	99.9294552433295	1.28574583374649	0.434405431074106	2.95978305466249	0.00307855749159504	0.0217597990200088	2.51165273161307	up	320343
Cdk14	7673.37539701675	1.285612429678	0.30228763286979	4.25294418257519	2.10978178358378e-05	0.000410872358216045	4.67576246180484	up	18647
Gm36210	82.209934174839	-1.2848968233308	0.281896595666302	-4.55804306644347	5.16324516953934e-06	0.000132945833706701	5.28707725259173	down	102640043
Gm38266	799.859334799823	-1.28370236025912	0.246497297355536	-5.20777458426882	1.91118898139383e-07	7.99427297664732e-06	6.71869636709538	down	NA
Tlcd2	4504.78515894952	-1.28313764673595	0.199319065671951	-6.43760616883385	1.2137242462751e-10	1.22512071807111e-08	9.91587997217706	down	380712
Cd300c2	609.747402791775	1.28126453279031	0.293883524223945	4.35976986519992	1.30199298198684e-05	0.000280770803537784	4.88539135669917	up	140497
Gm6410	18.6849622017296	-1.28073424374046	0.46172833473206	-2.77378308282437	0.0055408609975118	0.0339687799961516	2.25642274476354	down	623223
Selenon	800.352647159202	1.28072241659372	0.371226382271678	3.44997682749939	0.00056063467470376	0.00585981794172622	3.25132004505807	up	74777
Itga2	761.369610443799	1.27880750534977	0.367444432208496	3.48027454835441	0.000500900198541361	0.00538526665866917	3.30024879616954	up	16398
Cd37	370.892392127103	1.27870345199242	0.287634453988186	4.44558513162313	8.76529606465456e-06	0.000205040340837484	5.05723341019492	up	12493
Cd44	9133.7328762772	1.27821678184614	0.39180808444381	3.26235428158822	0.00110490961644543	0.00990227459507156	2.95667324658018	up	12505
Gm44340	44.356971563693	-1.27554011804838	0.44136077463902	-2.89001694609498	0.00385221059923918	0.0257773196027521	2.41428997814477	down	NA
Raph1	69823.4317285452	-1.27527892885107	0.17242433729741	-7.3961654650374	1.40173323163523e-13	2.64361969124187e-11	12.8533346304867	down	77300
Cx3cr1	983.989860226937	1.27504309601415	0.322430454361659	3.95447476739893	7.67029657923647e-05	0.00120461195364196	4.11518784332147	up	13051
Gm11962	87.7352729289001	-1.27403400079128	0.27664722967371	-4.60526571075347	4.11939536168149e-06	0.000110295143556852	5.38516652434446	down	382478
Igsf8	1644.18563327766	1.27366400791556	0.240374277774551	5.29867013936548	1.16649150612558e-07	5.30223411875262e-06	6.93311841919875	up	140559
Smad9	1753.71693877879	1.27335945996887	0.283289775994222	4.49490086784792	6.96023651439199e-06	0.000169781035625212	5.15737600246557	up	55994
AL732309.1	209.258705124943	1.27255382886797	0.286951615536931	4.43473310469718	9.21864242022304e-06	0.000213808858721462	5.03533303044491	up	NA
Gltp	1015.1574829877	1.27132917085342	0.224385897683002	5.66581582880701	1.46326629116867e-08	8.73895146114624e-07	7.83467663200088	up	56356
Fasn	78546.0127060386	-1.27108073808493	0.333250029564763	-3.81419542481364	0.000136627322789723	0.00190622157039522	3.8644624415752	down	14104
Creld2	9743.7596676669	-1.27037976036138	0.39340708620806	-3.22917355812324	0.00124148526205817	0.0108043903522769	2.90605843168316	down	76737
Ell	15390.7515322749	-1.27033453718415	0.180588798673773	-7.03440383076563	2.0011476688964e-12	3.11773006386033e-10	11.6987208626778	down	13716
Mup13	14226.0887954147	-1.26994320546076	0.418666971166145	-3.03330162855572	0.00241893688312424	0.0181335923944112	2.61637546345642	down	100039089
Oas1h	83.5929355961793	-1.26959557237444	0.303119604796995	-4.18843107566306	2.80889590433314e-05	0.000525141408201413	4.5514643551421	down	246729
Tlr7	930.21977066047	1.26938705486446	0.250309993127832	5.07125999646441	3.95190427698494e-07	1.51724896348529e-05	6.40319358343682	up	170743
Smc2	1069.2118858757	1.26891097068807	0.312936024736665	4.05485744811853	5.01648858539383e-05	0.00084525473813454	4.29960017161774	up	14211
Per1	6029.97025540735	1.26890132774026	0.227449655471516	5.57882281733842	2.42151740397374e-08	1.35579750482905e-06	7.61591240523706	up	18626
Prss23	419.856619315907	1.2676050031567	0.343438220604509	3.69092584082664	0.000223439279882629	0.0028663153445564	3.6508404769826	up	76453
Nrg4	8458.67755901647	1.26687721051156	0.298409392983239	4.24543342234107	2.18171284294988e-05	0.000422584019129933	4.66120241182703	up	83961
L1cam	117.516689449178	1.26643252754091	0.290891309590835	4.3536279214469	1.33902900430707e-05	0.00028645894121992	4.87321001576313	up	16728
Ripk3	277.035198120405	1.26630371386935	0.35717260032026	3.54535513847903	0.000392084434447229	0.00446731072634628	3.40662039862777	up	56532
Plcxd2	17018.1045541687	-1.26627252896115	0.24260711912128	-5.21943681433411	1.79468028812592e-07	7.56580905778572e-06	6.74601290723584	down	433022
C6	57709.4019758833	-1.26594334943768	0.256809500743677	-4.92950356498384	8.24388313906987e-07	2.8587659272581e-05	6.08386817317822	down	12274
AI506816	2050.07042312521	1.26431533492082	0.36591063829127	3.45525711092994	0.00054976828598633	0.00578561828130499	3.25982031654492	up	433855
Lrig1	17696.0786970581	-1.26372178671201	0.305114420462887	-4.14179632937317	3.44596284582466e-05	0.000618949049166502	4.46268940940114	down	16206
St6gal1	25014.9301823506	-1.26300488742282	0.178801859681257	-7.06371225486315	1.62112266238717e-12	2.56280420892089e-10	11.7901841229785	down	20440
Csf2ra	1086.25567393589	1.262998944525	0.272195727568871	4.64003956199289	3.48342484321191e-06	9.52845217926921e-05	5.4579935551683	up	12982
Srms	191.557044004878	-1.26294919954668	0.211148712343911	-5.98132560472184	2.21328940987184e-09	1.62408608574213e-07	8.65496179398398	down	20811
Snapc1l	42.7249390147973	-1.26294427556338	0.415874484799005	-3.0368400123748	0.00239072309378399	0.0179785052523105	2.62147072325932	down	NA
Nrp1	48392.9142669546	-1.26234771881693	0.111129108081623	-11.3592895741569	6.66847054943905e-30	6.82724365775902e-27	29.1759737625011	down	18186
Snhg18	248.237702535291	1.26154404640502	0.36526911512404	3.45373861126096	0.000552872964054163	0.00581260084457922	3.25737464690187	up	100616095
Ptgr1	497.596737938272	1.25971599575895	0.30744787237013	4.09733196735999	4.17939339503032e-05	0.000721163386782921	4.37888674796386	up	67103
Plekhh1	376.40127177869	1.25907163776657	0.298550068042178	4.21728806167512	2.47258029015479e-05	0.000471698990579663	4.60684959699872	up	211945
Plod2	672.549308855629	1.25870566154307	0.340484502551194	3.69680749670485	0.00021832776914814	0.00282263802566747	3.6608910227846	up	26432
Gm12592	60.0565039229789	1.25802733133455	0.317808775697155	3.95844113673357	7.54405276061895e-05	0.00119087470156613	4.12239528294762	up	791413
Tyrobp	1319.68898191568	1.25741657745274	0.253014222353054	4.96974662435438	6.70404496323673e-07	2.41435455124941e-05	6.17366308160628	up	22177
Tgfb2	619.513334344391	1.25734643596459	0.417039321702372	3.0149349726353	0.00257034356938358	0.0189709532240807	2.59000882207152	up	21808
Noct	11063.0261671379	1.25648236086294	0.352863423680389	3.560817802417	0.000369701555490334	0.00425443643003367	3.43214872216304	up	12457
Vat1	4761.24731732767	1.25640095486078	0.22767613538259	5.51836912002002	3.42160156254657e-08	1.83911083986878e-06	7.46577056442146	up	26949
Tcf19	371.475066516422	1.25614343213969	0.331310387775295	3.79143992609023	0.000149776379473113	0.00205369397874486	3.8245566717723	up	106795
Hey1	86.3912783579194	1.25561551405561	0.405002886569702	3.10026312328397	0.00193348797509048	0.0152438545890889	2.71365852458295	up	15213
Gli3	1349.91209179219	1.25516362156747	0.339878746081972	3.69297473300891	0.000221646052643804	0.00285011371521638	3.65433999876699	up	14634
Fcgr1	951.644418153178	1.25514958052773	0.344412877553447	3.64431663950472	0.000268103190727951	0.00331276931071894	3.5716980173961	up	14129
Ffar4	31.989063221435	1.25445071573172	0.458595187780744	2.73542058258902	0.0062300617700967	0.0370426792193249	2.20550764735702	up	107221
C1qtnf9	152.20048151882	-1.25429094831607	0.35943899234174	-3.48957952542762	0.000483781089428736	0.00523730786642388	3.31535111182627	down	239126
Prkag3	189.19124279332	-1.25392893475137	0.468866415072978	-2.67438420505379	0.00748666258089107	0.0422697598448419	2.12571173980628	down	241113
Map3k6	705.782616452078	1.25229621265695	0.372680110159654	3.36024429133199	0.000778735812137502	0.00754181079322355	3.10860985271354	up	53608
Sema4d	1660.06086331575	1.25177303682165	0.279704493609804	4.47534117406032	7.62893926012801e-06	0.000183881383512054	5.11753584284434	up	20354
Mdm1	248.340123675963	1.24874787485785	0.354620736387098	3.5213616879266	0.000429336576381892	0.00477534215841215	3.36720211118475	up	17245
Fhad1	489.060148225206	1.24694141428065	0.264636670415617	4.71189957280788	2.45418324475936e-06	7.05413633186179e-05	5.61009301324035	up	329977
Gm12602	180.443288442347	1.24688969797844	0.4238255547123	2.94198800453372	0.00326112559127814	0.0226833387940731	2.48663247548145	up	102637941
Cenpf	318.779529765974	1.2464830779752	0.406667099207817	3.0651190627502	0.00217583359474882	0.0166537637191526	2.66237432204638	up	108000
Gm12910	535.999947682243	-1.24571261628225	0.310611912903061	-4.01051139552084	6.05873759818988e-05	0.000996655381492597	4.21761785623856	down	NA
Gpx7	128.880263429359	1.24517798157853	0.324793489652904	3.83375289606085	0.000126202922840702	0.00179336605490753	3.89893058678056	up	67305
Radx	44.8880297441493	1.24473059428423	0.451566145708464	2.75647456328103	0.00584281570118283	0.035336878043192	2.23337781234139	up	102871
Cenpm	174.948660306704	1.24451314107791	0.216248858720881	5.75500443534937	8.66395199882321e-09	5.43075708381047e-07	8.062283962512	up	66570
Galr2	52.4963286944257	-1.24305767299578	0.274832769140136	-4.52296018733466	6.09807139148815e-06	0.000152629260671706	5.21480749555807	down	14428
Hpgds	743.081024782816	1.24250923407122	0.254710999315152	4.87811377369643	1.07105142115417e-06	3.55364283253314e-05	5.97018967819949	up	54486
Gm4240	259.516064659861	-1.24186184837502	0.224524941418701	-5.53106412378103	3.18293933833723e-08	1.72375807995593e-06	7.49717163824876	down	100043115
Pvt1	11704.6969367429	1.24028267195794	0.312435471051089	3.96972426909599	7.19558517217e-05	0.00114443561775874	4.14293388182322	up	19296
Klhdc7a	2914.68338610512	-1.23951228472055	0.226160990866816	-5.48066348652709	4.23733757942751e-08	2.18997014321373e-06	7.37290693532816	down	242721
Rcan3	506.143490790621	1.23830456186451	0.309998320067849	3.99455249174733	6.48165607031771e-05	0.00105174041895721	4.18831401722944	up	53902
Rwdd2a	130.152531400803	-1.23824063680991	0.236807767006264	-5.22888523659428	1.70535178198608e-07	7.26040857677242e-06	6.7681860206499	down	69519
Srxn1	4675.14938484522	1.23810980904848	0.263191699068774	4.70421298783041	2.54847096304794e-06	7.28618692892696e-05	5.59372031034284	up	76650
Aldh3a2	10366.9305785663	-1.23730918753375	0.381152608002133	-3.24623041153855	0.00116944148952248	0.0103426540620046	2.93202150229707	down	11671
Slc25a43	151.986321191734	1.23671792564614	0.247152545737314	5.00386480728619	5.61921725044302e-07	2.0794005315753e-05	6.25032417686672	up	194744
Prok1	406.650783415582	1.23648210652796	0.38137272248688	3.24218811053143	0.0011861570095803	0.0104477087213094	2.92585782034685	up	246691
Slc2a2	1614.48288326924	1.23573171688793	0.467168650585931	2.64515120040281	0.00816544215926186	0.0450492703166872	2.08802029321411	up	20526
Olfr1029	45.8827549070356	-1.23524251749098	0.336716690887187	-3.66849209118902	0.00024398524011387	0.00308025993097369	3.61263644550958	down	NA
Plekhm3	4074.98329115552	1.23422258441298	0.254612786654423	4.84744933917303	1.25058954145264e-06	4.01908447552045e-05	5.90288520759874	up	241075
Ifi27l2b	1301.39360073475	1.23307317188309	0.298173702402056	4.13541892510838	3.54307689540905e-05	0.000630075709274563	4.45061942207003	up	217845
Evl	1855.47193311191	1.23272427710028	0.21370990585489	5.76821309320733	8.01164633699649e-09	5.05133126819427e-07	8.09627823028222	up	14026
Nme4	119.315190957607	1.23180027790988	0.298825721429297	4.12213604644914	3.75375390476481e-05	0.000659899500837641	4.42553420302688	up	56520
Msn	11158.2086478606	1.23167312525494	0.334799063044425	3.67884280814582	0.000234294612135749	0.00298067110113527	3.6302376983711	up	17698
Rian	215.112350455641	1.23163657719164	0.447691687773046	2.75108207462634	0.00593987589910822	0.0357723618573744	2.22622262857024	up	75745
Fam229b	44.4793977266576	1.23028903791668	0.452202198954606	2.72066133415725	0.00651514710633421	0.0382824987117206	2.18607577385041	up	66337
Man1c1	3639.85528004145	1.22944396997652	0.178597359275898	6.88388660930459	5.82412400928575e-12	8.07862362578346e-10	11.2347693864465	up	230815
Pgr	228.489049271479	-1.2289447092348	0.326105871502269	-3.7685451769802	0.000164201769744552	0.00222593824054721	3.78462216642394	down	18667
Cracr2a	285.047555113985	1.22880441095742	0.244134003489869	5.03331937948745	4.82059004290336e-07	1.81193506857381e-05	6.31689980062139	up	381812
Csrp1	2770.21386007059	1.22833974521219	0.343546462020413	3.57546905879417	0.000349600523167944	0.00407614492847658	3.45642792612693	up	13007
Slc23a4	37.9715527504529	1.22822261633392	0.37666473484474	3.26078473165317	0.00111104354859982	0.0099365375602729	2.95426891806549	up	243753
Gm4258	232.805186653685	1.22705538744905	0.335876227084178	3.65329632913114	0.000258895157901057	0.00322493968416728	3.58687607207002	up	100043143
St8sia3os	3857.98686204384	-1.22677962662153	0.347262501260781	-3.5327155168426	0.00041131481925732	0.00462756076087514	3.3858256430176	down	73588
C1ql3	244.008734772421	-1.22671299779923	0.287730723985856	-4.26340635718669	2.0133389663277e-05	0.000396063109758359	4.69608310101164	down	227580
Atg14	3164.87551083834	-1.22637746415642	0.265998906075063	-4.61046055509095	4.01777872287691e-06	0.000107842999428032	5.39601398547722	down	100504663
Arhgef6	1804.12280789249	1.22590482726946	0.23092439175182	5.30868488153027	1.1041904534431e-07	5.08353206617272e-06	6.95695601198207	up	73341
Erbb3	18981.3168470285	-1.22515685246758	0.254849692089866	-4.80737034610803	1.52928534598997e-06	4.78086656517329e-05	5.81551147297435	down	13867
Sparc	13323.6879532946	1.2250457790953	0.402830302067815	3.04109639420589	0.0023571835304666	0.0177697916918064	2.62760660196195	up	20692
Cip2a	279.621652563601	1.22482507112758	0.282932317991389	4.32903911374613	1.49761336208904e-05	0.000312028767338867	4.82460029370236	up	224171
Neurl1b	580.909248889181	1.22473504438272	0.254766995342605	4.80727514463057	1.53001351901073e-06	4.78086656517329e-05	5.81530473179297	up	240055
Gm16332	22336.6358773502	-1.22318864665209	0.172788542256034	-7.07910739150513	1.4508592252758e-12	2.31069004341895e-10	11.8383747244691	down	100417200
Lpar5	64.0525027658652	1.22218160925898	0.365494841791211	3.34390932377959	0.000826067325925368	0.00788302153013556	3.08298455548069	up	381810
Tmsb4x	9146.80158164874	1.22147301080519	0.281471813340343	4.33959264449771	1.42747078025016e-05	0.000301468262687207	4.84543277282362	up	19241
Prlr	14694.5176740188	-1.22096479570682	0.423020065964767	-2.88630467900432	0.00389794608397787	0.0260105030433036	2.40916417229711	down	19116
Cfap74	128.989521609733	1.22082965084278	0.389183180660429	3.13690239329223	0.00170742958867434	0.0138318523573845	2.76765719680058	up	544678
Aanat	189.062557832694	-1.22076297368157	0.452901204073824	-2.69542885446288	0.00702980883988491	0.040412002689178	2.15305648449823	down	11298
Inpp5d	5036.11179582563	1.22027927094026	0.259360629381661	4.70495184195657	2.53925887015627e-06	7.26951607301729e-05	5.5952930217929	up	16331
Atp8b5	219.938306351565	1.21967584652659	0.23529684806683	5.18356219620999	2.17687588560912e-07	8.91552137624748e-06	6.66216633151548	up	320571
Slc7a6	397.503241889333	1.21911605960261	0.357034224213589	3.41456358221083	0.00063884281056068	0.00645144219213463	3.19460598832677	up	330836
Tead2	274.819613271371	1.21846158177678	0.369141977989665	3.30079387993877	0.000964116838695557	0.00891165607564681	3.01587033194161	up	21677
Gm16062	83.4772174909311	-1.21819565151565	0.268075985477965	-4.54421774984311	5.51396357787127e-06	0.000140795982095288	5.2585361069248	down	100504104
Rnase6	66.5013864530658	1.21767846187777	0.303107861116169	4.01731072692663	5.88660820118947e-05	0.000971312941869329	4.23013486884621	up	78416
Gm15611	394.37246396832	-1.21762137858385	0.457482988075378	-2.66156646328284	0.00777779840356202	0.0434683300433022	2.1091433177269	down	NA
Mup21	11436.8424791406	-1.21729157270989	0.301279954737543	-4.04040014467714	5.33600810224081e-05	0.00089210088801071	4.27278351965451	down	381531
Nkain3	374.697731727569	1.21612057069327	0.334959416757596	3.63065049033492	0.000282707807184834	0.00344179946459452	3.54866219798209	up	269513
Ikbke	9802.77630214877	-1.21566027287281	0.444459245935576	-2.73514452447462	0.00623528927843332	0.0370635110551054	2.20514339316972	down	56489
Abr	5948.6747019465	1.21543415137403	0.17169322721812	7.07910364938238	1.45089839935608e-12	2.31069004341895e-10	11.8383629984127	up	109934
Mt1	38103.404166263	-1.21457122609592	0.336898010774548	-3.60515998091989	0.000311960693579696	0.00372206154936929	3.50590012276625	down	17748
Lpcat4	155.293802035511	1.214336959019	0.34650802409536	3.50449881265899	0.000457467607896712	0.00501558060672071	3.33963965178278	up	99010
Pdgfrb	4665.80675327692	1.21330395484301	0.303304829356563	4.00027905067301	6.32678345076167e-05	0.00103187642658517	4.1988170300499	up	18596
Bmpr1b	75.8936978778495	1.21275814124746	0.436077420201619	2.781061538767	0.00541814654353537	0.0334069832767452	2.26614925286725	up	12167
Sh3bgrl3	934.259164067849	1.21210658488695	0.324008456842338	3.74097206196306	0.00018330989904664	0.00244959829776129	3.73681408176309	up	73723
Kif15	525.169374386216	1.21208372803693	0.426960873660025	2.83886370581599	0.00452744904733009	0.0290394255720754	2.34414642860924	up	209737
Gm15638	1173.95141579183	-1.21205680069415	0.221936372145812	-5.46128058675224	4.72712229885994e-08	2.39136775118797e-06	7.32540316159957	down	100503378
Gm16242	29.6397529498688	-1.21200266141119	0.44674167106011	-2.71298322929027	0.00666804811351661	0.0388833833579081	2.17600127516686	down	NA
Pmp22	849.599094722375	1.21197483113862	0.283654355268375	4.27271715955826	1.93105337777014e-05	0.000382651130157217	4.71420572137823	up	18858
Bmp7	226.905806923525	-1.21067416015991	0.412355562618914	-2.9359957034914	0.00332478927464066	0.023044155191739	2.47823587510099	down	12162
Frat1	632.960911651187	-1.20954861895116	0.382490869768705	-3.16229409523573	0.00156531390366916	0.0129670197012612	2.80539855718388	down	14296
Gm12715	87.9086870242549	1.20899196746552	0.288237116844924	4.1944354033904	2.73552091031675e-05	0.000514555551809362	4.56295996112761	up	100039940
Gm43437	86.7274030928796	-1.20890209817884	0.248178567775877	-4.87109789138021	1.10979834460574e-06	3.65961110567844e-05	5.95475592732247	down	NA
Fcrl5	29.614466186559	-1.20861201483765	0.411133238783706	-2.93970883602892	0.00328520799774672	0.0228274403062915	2.4834371285657	down	329693
Apobr	304.632307088926	1.20816444053097	0.402598322460628	3.00091772153155	0.00269167284638448	0.0196572575398323	2.56997772663382	up	171504
Trpv4	319.821031877421	1.20783221874347	0.236139740248125	5.11490449457736	3.13899738415898e-07	1.23806424535777e-05	6.50320904621324	up	63873
Tmem45a	235.64097641968	1.20752579920859	0.262670664053412	4.59710947760445	4.28392552469104e-06	0.000113698009669345	5.36815808790948	up	56277
Gm36028	210.52095064747	-1.2063727144065	0.235151611640208	-5.13019113920554	2.89448119450003e-07	1.1545704208117e-05	6.53842926770761	down	NA
Tef	7463.45120164458	1.20634971177219	0.317091191513666	3.80442517502163	0.000142133866860921	0.00197168594094221	3.84730242848783	up	21685
D030055H07Rik	47.2684923743362	-1.20610876320898	0.381425111883647	-3.16211158004956	0.00156629535647328	0.0129670197012612	2.8051263396014	down	654798
Kif21b	1326.51074355396	1.20566516041805	0.239520210840758	5.03366774847914	4.81183366225094e-07	1.81181127387732e-05	6.31768939397042	up	16565
Metrnl	1037.7509203365	1.20566164615996	0.331666861780074	3.6351586036938	0.000277809668495312	0.00339949224396653	3.55625264376365	up	210029
Cstb	2323.60181982028	1.2048542642625	0.216465589532783	5.56603138107558	2.6060633160477e-08	1.44781295335983e-06	7.58401503702094	up	13014
St3gal5	24323.4043836424	1.20477705530678	0.273696257873601	4.40187624290855	1.07318768798158e-05	0.000240099222597337	4.96932431836343	up	20454
Cfap45	50.2148916596741	1.20430166321857	0.434244206240773	2.77332810872513	0.00554861449380496	0.033987239776868	2.25581544801503	up	71870
D630024D03Rik	501.598872015122	-1.20225982595095	0.242317285313624	-4.96151079108905	6.99469835711654e-07	2.49810655611305e-05	6.1552310095016	down	414116
Ttc12	234.016011253162	1.20222235095911	0.309289181488998	3.88704947638745	0.000101470077996637	0.00150351941897154	3.99366200579775	up	235330
Gm6602	20.0521683180969	-1.20196237135152	0.436217189187096	-2.75542184293886	0.00586165069659677	0.0354004185328176	2.2319800653006	down	625585
Stum	119.133647773471	1.20143918668526	0.419864224523194	2.86149454159768	0.00421648764234679	0.0275713151795791	2.37504916816232	up	381310
Abcg1	4478.76730451319	1.20138876867023	0.209328313819644	5.73925594081525	9.50934154801777e-09	5.92611139948934e-07	8.02184955372112	up	11307
Cacnb3	155.16178532369	1.20119723417142	0.368978940050144	3.25546285652016	0.0011320770328176	0.0100743610122427	2.9461240203303	up	12297
Rgs7	1905.10736919343	-1.20117103950233	0.297242526657131	-4.04104706352426	5.32130767826294e-05	0.000890335525935045	4.2739816294217	down	24012
Mirt1	202.752755495054	1.20104645436726	0.432399669666744	2.7776303698218	0.0054756868832299	0.0336941236375051	2.26156139413436	up	381232
Stard13	7216.64278255386	-1.20075387115787	0.156725287034054	-7.66151968123029	1.83745712633783e-14	4.15845560171192e-12	13.7357827855837	down	243362
Zfp980	47.195808610451	-1.20064611195625	0.372527271710172	-3.2229750762794	0.00126866592053005	0.0109675582192987	2.89665272618888	down	100041379
Ces3a	115940.83294968	-1.2001789326812	0.268591050016748	-4.46842488834368	7.87976715516817e-06	0.000187680871476597	5.1034866155967	down	382053
Hand2	21.40577386914	1.20009220962852	0.448675075834543	2.67474676946635	0.00747857151435252	0.0422351687834461	2.12618134901793	up	15111
Gm12536	288.518635435436	-1.19999160981541	0.336725932134358	-3.56370417392326	0.000365658031893083	0.00422896594174357	3.43692488260201	down	102638251
4930429F24Rik	179.024237679554	-1.19960686885951	0.277270586618414	-4.32648440460232	1.51508041456477e-05	0.000314726849402344	4.8195643158911	down	74633
5430400D12Rik	52.9045933158681	-1.19883834908851	0.315215589370866	-3.80323305545026	0.000142819878716043	0.00197474053530398	3.84521134006797	down	71339
Ugt3a1	3543.13775970127	-1.19861357189627	0.303296572363051	-3.95195225108416	7.75162100462342e-05	0.00121383722942027	4.11060746913897	down	223337
Adap1	551.222569775579	1.19786128516197	0.258568547485232	4.63266432368535	3.60989599113139e-06	9.82440048219302e-05	5.4425053108723	up	231821
Gm9999	135.169850934439	1.19597127419491	0.33244374754434	3.59751471648716	0.000321272323568565	0.00380780317349732	3.49312668571261	up	NA
4833405L11Rik	231.703396863547	-1.19532217580214	0.291872861097618	-4.09535224106484	4.21527002014018e-05	0.000725606929007317	4.37517460027985	down	76862
Gm49495	174.785994519793	-1.19486441712284	0.399230043415299	-2.99292209298959	0.00276320275623434	0.0200232083785097	2.55858724657715	down	NA
Gm42807	16.4363401643577	-1.19472949265028	0.459785014215502	-2.59845244127576	0.00936450160819615	0.0499967182955593	2.02851533143023	down	NA
Ccnd3	10227.3273007192	1.19410922501939	0.126815691335887	9.41609995135884	4.68154610635825e-21	2.23673869526005e-18	20.3296106950947	up	12445
Ddit4l	142.763673785933	1.1928804356821	0.341506071794621	3.49299920031726	0.000477627939367947	0.00519160803660812	3.3209102766056	up	73284
Gm45299	172.371851180287	-1.19272982390741	0.261408145659486	-4.56271100848203	5.04973004150193e-06	0.000130648851855947	5.29673183863775	down	NA
Tnfrsf11b	1574.79359110887	1.19226539177892	0.42779933531383	2.78697345545029	0.00532028368108194	0.0330023367406987	2.2740652102155	up	18383
Relt	284.668054210959	1.19048954618633	0.375512314482616	3.17030760449653	0.0015227763919828	0.0126741538797792	2.81736386479113	up	320100
Cep192	2546.43669456567	1.1893670401812	0.247228657140619	4.81079763946909	1.50329158746876e-06	4.7252586448214e-05	5.8229567728752	up	70799
Fga	983034.319847539	-1.18802168087837	0.177889437484001	-6.67842732925174	2.4151993495942e-11	2.82210793566714e-09	10.6170470169391	down	14161
Fpr1	398.403996016304	-1.18750505759237	0.318115662711924	-3.73293489377082	0.00018926152813958	0.00251025469154903	3.72293765764071	down	14293
Clec4a4	51.5919846976328	1.18712536912852	0.388564225819732	3.05515868483289	0.00224941472078287	0.0171315680116301	2.64793046704408	up	474145
5330417C22Rik	429.791531694376	1.18665643258843	0.323118120067147	3.67251589710238	0.000240174205309348	0.00303749730244175	3.61947363762156	up	NA
Ap1s2	961.615032282223	1.18663637087865	0.276024354263645	4.29902779428381	1.71548960439656e-05	0.000348602949063871	4.76561190935767	up	108012
Gm48619	21.5248129687771	-1.1862966531524	0.424742260746128	-2.79298003233415	0.00522249155874933	0.0325648400560065	2.2821222533087	down	NA
Prss30	27.8971518277303	1.18438769476155	0.437140120709782	2.70940057581186	0.00674049040587116	0.0392101360419392	2.17130850512405	up	30943
Cers6	29393.889038102	-1.18334622423994	0.253430694523454	-4.66930900562412	3.02214518060097e-06	8.44943060896241e-05	5.51968467645649	down	241447
Notum	410.776790754237	-1.18331820726614	0.400269704970968	-2.95630219467139	0.00311351870090327	0.0219333722376869	2.50674852140726	down	77583
Myom3	308.799237642479	1.18116263225558	0.374567751416435	3.15340182861176	0.00161379498232401	0.0132581551853138	2.79215163919317	up	242702
Pmaip1	148.161184644948	1.18045690521617	0.372198072569217	3.17158253149376	0.0015161078106247	0.0126440333314318	2.81926991486847	up	58801
Numbl	266.407008480745	1.17996673837752	0.294262488711612	4.00991218263613	6.074133428251e-05	0.000998424072686518	4.2165156723261	up	18223
1700011L03Rik	109.34412623788	1.17973866177063	0.422923660484171	2.78948371065371	0.00527921520540952	0.0328328397212336	2.27743063377157	up	69285
Zc3h12a	1668.69095327661	-1.17896206179224	0.379903304249441	-3.10332142049007	0.00191361684499047	0.0151236520509139	2.71814501471185	down	230738
Adh4	15459.7722588774	-1.17866166373227	0.123942337997129	-9.50975818900215	1.91106244365725e-21	9.55531221828625e-19	20.718725122211	down	26876
Atp1b1	9024.44481444471	1.17821266839146	0.263440544743337	4.47240446431419	7.73449581326515e-06	0.000185225840735308	5.11156799129279	up	11931
Slc22a29	52.8775078296982	-1.17810518007272	0.327001594001052	-3.60275057273552	0.000314867634093222	0.00375050090471151	3.501871979113	down	236293
Des	1177.37460577676	1.17784344308178	0.426816442704214	2.75960184574715	0.00578718453119135	0.0350689028806691	2.23753266942487	up	13346
Pdk3	256.547392893856	1.17782998393561	0.307978236011743	3.82439356490989	0.000131094362734848	0.00184579489115863	3.88241598325871	up	236900
Ccdc162	1444.0507195555	-1.17763029682814	0.146387414591326	-8.04461435510538	8.65174379292995e-16	2.41574664348044e-13	15.0628963499547	down	75973
Ccdc14	456.572708150974	1.17726855914155	0.292524336395533	4.02451492975861	5.70928722618517e-05	0.000945683169206327	4.24341810770107	up	239839
Gm15458	47.0301956972276	1.17700811360205	0.429626361675382	2.73960868930891	0.00615123723902878	0.0366754300163946	2.21103752291704	up	100042744
Arid5b	92900.1925335005	-1.17643590257913	0.284562962844631	-4.13418489468518	3.56216618256748e-05	0.000632316249099983	4.44828582364635	down	71371
Gimap9	1254.24148586993	-1.17627825458499	0.210684305924576	-5.58313183045581	2.36225544063513e-08	1.33653926246461e-06	7.62667314209081	down	317758
Ncaph	392.769350155111	1.17587627847705	0.397458996422839	2.95848449540715	0.003091557935544	0.0218215678313185	2.50982261044561	up	215387
Pkib	396.477730945959	1.17586453752085	0.265334858045441	4.43162480113893	9.35256555278736e-06	0.000216215225145084	5.02906923911863	up	18768
Lrrcc1	632.121786606561	1.1743749125737	0.191462112273965	6.13371960972245	8.58477710655772e-10	7.0717512563598e-08	9.06627097629208	up	71710
Sgo1	153.991319666573	1.17337046146089	0.269338908586517	4.35648331545824	1.3216876280513e-05	0.00028387896106996	4.8788711752919	up	72415
Gm9465	23.8039777483304	1.17316676488811	0.391596606091863	2.99585529250705	0.00273676273618544	0.0198726255371455	2.56276285214484	up	669675
Gm19325	71.2413780187813	1.17292410852746	0.373343601967026	3.14167459238007	0.0016798462082782	0.0136702094920444	2.77473047657975	up	100502694
Mlxipl	40652.529851753	-1.17270735126879	0.208274785125661	-5.63057765519358	1.79607050479546e-08	1.03805150142748e-06	7.74567661909265	down	58805
Gm50237	21554.4496721098	-1.1723188464145	0.362863023530896	-3.23074761106014	0.00123466910390403	0.01077766371658	2.90844941941142	down	NA
Gm48749	267.64844547199	1.17227739833935	0.302473809505	3.87563273745184	0.00010634798639665	0.00155967374319779	3.97327072865832	up	NA
Dthd1	36.4856602978347	1.17198754917649	0.382705186342964	3.06237697057548	0.00219586721341029	0.0167772370605264	2.65839392570955	up	100322896
H2ac6	79.147166860731	1.17131643971207	0.429466784340325	2.72737376305189	0.00638406799507	0.0377495769785493	2.19490249607361	up	319164
Sestd1	2266.69736165772	1.16970929370283	0.249981760680173	4.67917855494808	2.88026533335882e-06	8.12492948063998e-05	5.54056750269016	up	228071
Mt2	2677.24012727982	-1.16968733582048	0.330493457009938	-3.53921480444107	0.000401319149909698	0.00454842473540248	3.39651011636464	down	17750
Ranbp17	370.217980924914	1.16896835182899	0.22848114408709	5.11625743340734	3.11657631608492e-07	1.23400351373528e-05	6.50632223400581	up	66011
Prmt2	337.895508803631	1.16827499559328	0.265875082632463	4.39407478138246	1.11245519624558e-05	0.00024657512081732	4.95371747105727	up	15468
Ypel2	17481.162222854	-1.16788553968044	0.31914992710197	-3.65936332897012	0.000252842647011366	0.00316605527707884	3.59714967168863	down	77864
Sh3yl1	1283.32547011382	-1.16545367113205	0.195650692509616	-5.95680831068242	2.57211634962733e-09	1.86196974804672e-07	8.589709390002	down	24057
Pianp	55.4705374127173	1.16506040070821	0.36746877225035	3.17050179141337	0.00152175894465445	0.0126741538797792	2.8176541368543	up	319352
Tagln	220.103376739095	1.16454892253621	0.265219600693146	4.3908855887449	1.12889932617066e-05	0.00024973693870995	4.94734478618667	up	21345
Cnn2	1288.5951862431	1.1645284283079	0.340174347138146	3.42332817893225	0.000618593450734441	0.00631517530426898	3.20859468233631	up	12798
Cd48	874.057344887175	1.16449771593213	0.21921874025085	5.31203543364773	1.0840751746946e-07	5.00163438968538e-06	6.96494060080221	up	12506
Tpm1	6758.76900425892	1.16376023624021	0.303477599796578	3.83474838676818	0.000125692897052121	0.00178729979273849	3.90068926374784	up	22003
Specc1	2542.1405724778	1.16320265872666	0.250306439821794	4.64711439128295	3.36610524313777e-06	9.28015156182264e-05	5.47287230969131	up	432572
Def6	159.762909392916	1.16302863672737	0.334180083059823	3.48024522011735	0.000500955038015737	0.00538526665866917	3.30020125141404	up	23853
H2-Q6	3408.75981681657	-1.16261870552395	0.400207751907555	-2.90503794587293	0.00367208578729603	0.0248379417830521	2.4350871813613	down	110557
A230057D06Rik	38.9693537895587	1.16256001281809	0.343688790537281	3.38259508260564	0.00071804416620038	0.00708487818876006	3.14384884190367	up	319893
Pid1	187328.125796069	-1.1624515605492	0.167634176266167	-6.93445445577567	4.07791753537896e-12	5.92400182504376e-10	11.3895615608757	down	98496
Gm35533	323.19905547433	1.16233208694835	0.408305928573984	2.84671861368219	0.0044172387995793	0.0285218268589912	2.35484912178842	up	102639153
Ptpn3	20221.6558234232	-1.16224232078015	0.173960296644046	-6.68107805747367	2.37190839029128e-11	2.81746024261119e-09	10.6249020886464	down	545622
Spata13	19967.0265010793	-1.16216760270382	0.160740747775596	-7.23007463127067	4.8272868033067e-13	8.23703700564238e-11	12.3162968977023	down	219140
Gpc3	316.930503675292	1.16164800902348	0.309269025045655	3.75610848468253	0.000172575908795897	0.00232625833173152	3.76301983091081	up	14734
Erc2	39741.1288453593	-1.16151042684408	0.111065845829749	-10.4578542410287	1.34875455351718e-25	9.06194465644353e-23	24.8700670760892	down	238988
Gjb2	37277.2351425155	-1.16105378487224	0.215801109394128	-5.38020304034559	7.44018755875924e-08	3.57861370275892e-06	7.12841611624075	down	14619
Knstrn	302.127759441823	1.16098328657364	0.232816355356354	4.98669126916198	6.14220968860596e-07	2.23447560583804e-05	6.2116753612811	up	51944
Btbd11	3106.33893675731	1.16063748528101	0.269712880182559	4.30323344029926	1.68323332843994e-05	0.000344662062490083	4.7738556783021	up	NA
Shcbp1l	165.481550120782	1.16050439575711	0.38650936032389	3.0025259796674	0.00267749118829889	0.0195736350045652	2.57227194976948	up	71836
Pcdh17	1791.62955043554	1.1600463605966	0.385488019140369	3.00929290405311	0.00261856532175421	0.0192409960415979	2.58193658787914	up	219228
Zfp52	524.581905707051	1.15943009879251	0.295223473063719	3.9272964536335	8.59060692018848e-05	0.00131364188324362	4.06597615249266	up	22710
Nin	2601.27266565257	1.15864173630441	0.230102850549041	5.03532109028553	4.77048505996911e-07	1.80255586624492e-05	6.32143745992052	up	18080
Gm36283	311.991752643923	-1.1581702497943	0.277726415307333	-4.17018398668583	3.04353824057673e-05	0.000561683022939053	4.51662123717789	down	102640148
Itgb7	347.651306269637	1.1578996176876	0.224507451135023	5.157510861371	2.50254337725209e-07	1.00946871690281e-05	6.60161838604127	up	16421
St6galnac4	408.537697164184	1.15774977088818	0.281146453735847	4.11795971638309	3.82241490359958e-05	0.000669779302586724	4.41766217427627	up	20448
Kif18a	254.69447284065	1.15699053679163	0.330119670998792	3.50476096529208	0.00045701741527813	0.00501320123902031	3.34006725022537	up	228421
Itpr3	1018.09786361674	1.15598849950542	0.267869104089139	4.31549768845586	1.59243718431092e-05	0.000328573891196592	4.79793768994721	up	16440
Nsl1	232.344145623375	1.15556579879597	0.400825836193004	2.88296236033933	0.00393954511356803	0.0262257681722822	2.40455392184761	up	381318
Pdlim2	233.01938122575	1.15416193498931	0.321778386265056	3.586822435111	0.000334732093144737	0.0039391023550147	3.47530264674744	up	213019
Cd36	6482.03917107257	1.1541535000623	0.249611507387346	4.62379924764962	3.76774530340301e-06	0.000101894998771276	5.42391846284976	up	12491
Cenpn	189.028305098737	1.15391210135807	0.325075596633467	3.54967310160516	0.000385709788812819	0.00440401511390101	3.41373933916495	up	72155
Nav3	568.740200841013	1.15369609378264	0.361384307409808	3.19243550460633	0.00141078446603741	0.0119416795353561	2.85053933093776	up	260315
Aldh18a1	943.929421504249	1.15285986402881	0.353928161195434	3.25732730657793	0.00112466668788185	0.0100167082806378	2.94897616827423	up	56454
Gria3	1875.59325717429	1.15109515753819	0.334326271196507	3.44302933005707	0.000575236924066354	0.00598046125117341	3.24015324466344	up	53623
Sbk1	2741.97191591424	-1.1510705493604	0.245920407684636	-4.68066298440964	2.85948675817517e-06	8.07870766107309e-05	5.54371191026079	down	104175
B4galt6	1694.12426629608	1.14888076527197	0.289906148314447	3.96294032379691	7.40322920932054e-05	0.00117295083272212	4.13057880433898	up	56386
Adgrf2	73.9654017900193	1.14879217854146	0.354766538738784	3.23816384325726	0.00120301699361901	0.010570030798042	2.91972823784483	up	435529
Ms4a4c	252.034152773302	1.14755381230912	0.378746311967787	3.02987455203716	0.00244655335303647	0.0182529257559749	2.61144530895506	up	64380
Sult6b1	98.2641468523324	1.14649046983395	0.339683061830987	3.37517703607016	0.000737682197555913	0.00724208550111969	3.13213069722011	up	73671
Ppil6	273.869130415011	1.14644753817732	0.211991697388956	5.40798320074705	6.37384013800965e-08	3.14306337080751e-06	7.19559883324555	up	73075
Gask1a	886.762364822044	-1.14602424164499	0.277375975295743	-4.13166367571338	3.60147108682781e-05	0.00063782230944644	4.4435200674572	down	245050
Gm49519	94.1919129700432	-1.1444203115542	0.259752347655388	-4.40581315966582	1.05387775197105e-05	0.000237260436307618	4.97720976362399	down	NA
Baat	34580.6729078434	-1.14375607442792	0.215524902865583	-5.30683953093464	1.11542291139997e-07	5.12427192202976e-06	6.95256043910536	down	12012
AI413582	219.644117149277	1.14370289521756	0.253703002476965	4.50803847038193	6.5429714432245e-06	0.0001613232637951	5.18422497517422	up	NA
Neat1	307815.972672439	-1.14354014086168	0.386801913881377	-2.95639731816935	0.00311255850434274	0.0219333722376869	2.5068824767237	down	66961
Gm49762	32.8328737634983	-1.14278570619541	0.387969843178718	-2.94555292450652	0.00322377990847585	0.0224817606332244	2.49163461568742	down	NA
Sema3a	301.249310178579	1.14181288443181	0.36582007938284	3.12124169443654	0.00180090160947996	0.0144260002249699	2.74451001379189	up	20346
Gch1	11637.988236376	-1.14126004936928	0.293480432796313	-3.88870916706518	0.000100778795017198	0.00149843989825018	3.99663083868228	down	14528
Cd33	496.882774741326	1.13885923506877	0.323641726485809	3.51888876454472	0.000433358366195932	0.00481260582294036	3.36315281475108	up	12489
Gm46102	83.5239084091976	-1.13868899993032	0.418616309554238	-2.72012574269465	0.00652570960530995	0.0383236155460705	2.18537225626336	down	108167638
Lair1	2229.45854700025	1.13868290733988	0.342132374997444	3.32819396980011	0.000874109826982426	0.00824266284975148	3.0584339972788	up	52855
Tnfrsf11a	2001.73316804931	1.13863293391621	0.378435603325242	3.00878914116765	0.00262291086373097	0.019253186606424	2.58121646810105	up	21934
Eif5a2	129.635466240966	1.13843328565138	0.279527765871131	4.0727019804402	4.64708701943345e-05	0.000789821113974855	4.33281919502577	up	208691
Rad54l	240.131439686975	1.13792071558671	0.399585742044418	2.84775104778443	0.00440293521219806	0.028452992805007	2.35625770499968	up	19366
Cerk	3211.22573783747	1.13564824043061	0.175500346562881	6.47091736667147	9.74096973394387e-11	1.00687908307593e-08	10.0113978060437	up	223753
Lysmd2	114.874285752426	1.13514737850414	0.406148055984367	2.7949102840168	0.00519141199125753	0.0324544628847679	2.28471450407631	up	70082
Nipa1	234.645663722017	1.13475322373106	0.311941530652048	3.63771127672257	0.000275071528750253	0.00337752019881807	3.56055435888894	up	233280
Pter	22872.7690335907	-1.13441197699836	0.328713917335711	-3.45106159846526	0.000558386110423613	0.00584484000686839	3.25306539310947	down	19212
Tmem236	30.7668983528153	1.13378212894563	0.393549884330478	2.88091084278799	0.00396527789466018	0.0263453259379462	2.40172637104793	up	625286
Mup3	250372.484955198	-1.13348304550449	0.273882588882782	-4.13857284659158	3.49472913475732e-05	0.000625617621959054	4.45658647938579	down	17842
Gm16793	124.355237845216	-1.13287242504812	0.308930193660098	-3.66708223507142	0.000245333913288565	0.00309272148358085	3.61024241373382	down	100504714
Krt18	32332.503472271	1.13205908696264	0.361540202899948	3.1312121802286	0.00174086334248752	0.0140444885041207	2.75923531959662	up	16668
Snx10	12371.7495189377	-1.131356074192	0.357776400240098	-3.16218753789453	0.00156588683375495	0.0129670197012612	2.80523962749625	down	71982
Itpripl2	2367.90589423759	1.13107154452241	0.271657343723047	4.16359642268876	3.13273639409052e-05	0.000574201470357597	4.50407614754037	up	319622
Arhgap19	905.791050931736	1.13006375371604	0.363638557781919	3.10765657142928	0.00188577065446654	0.0149609110963212	2.72451112684589	up	71085
Zfp707	2844.40601021215	-1.12998214341707	0.262872875362115	-4.2985878320861	1.71889783569496e-05	0.000348602949063871	4.76474993524574	down	69020
Mup6	337.56428308656	-1.12994357089239	0.42514716271724	-2.65777046157521	0.00786594468633763	0.0438101989971552	2.10424911189307	down	620807
Tifab	492.209492036903	1.12986703426237	0.391780009374935	2.88393232739215	0.00392743141716705	0.0261585425864596	2.405891390096	up	212937
Prrx1	229.113924619058	1.12972241183009	0.363613257840678	3.10693405003703	0.00189038566333573	0.0149864645139079	2.72344958504781	up	18933
Tmem140	1608.81952218961	-1.12967016813205	0.213860024441642	-5.28228766026495	1.27580665779392e-07	5.67249651035539e-06	6.89421513581495	down	68487
Tnfaip8l3	75.2668203879173	1.12903630568842	0.418610173976871	2.69710670183281	0.00699448541492566	0.0402735501930642	2.1552442310905	up	244882
Cgref1	233.024643949988	1.12896288849849	0.200794368324461	5.62248283116294	1.88232279887582e-08	1.0791984046888e-06	7.72530589751381	up	68567
Gsdmcl-ps	57.1117461795952	1.12877675092821	0.386025512398441	2.92409883459499	0.00345455041854784	0.023714187100504	2.46160846448325	up	74460
Glis3	5368.78768791149	1.12869380498942	0.296772782922864	3.8032254638485	0.000142824257320823	0.00197474053530398	3.84519802557168	up	226075
Dock11	1690.32587070629	1.1285300703467	0.237418895430728	4.75332878749733	2.00094555724992e-06	5.95025304023143e-05	5.69876472770942	up	75974
Rassf5	2944.00372918702	-1.1279881721129	0.254232642071377	-4.43683455799595	9.12914026595687e-06	0.000212070352749998	5.03957012009239	down	54354
Arhgap11a	478.743113578451	1.12729056830701	0.307414154098696	3.66700932041369	0.000245403853534369	0.00309272148358085	3.61011862190416	up	228482
Padi2	65.4321966582976	1.12685900566533	0.432148384245662	2.60757426556697	0.00911862876435676	0.0489270073455629	2.04007046483467	up	18600
Nat8f2	89811.5067684906	-1.12657260615472	0.18160123425424	-6.20355148345261	5.52029697444038e-10	4.76652148395454e-08	9.25803755797887	down	93673
Slc22a7	2918.72661073495	-1.12603144157954	0.356762797028165	-3.15624681429619	0.00159813565504381	0.0131849257802924	2.79638635910433	down	108114
Mfge8	1841.30737006107	1.12598132146756	0.236253814782844	4.76598154617107	1.87936461161795e-06	5.6664524349359e-05	5.72598895515639	up	17304
Riiad1	72.5183353760698	1.12527179161729	0.261984699373764	4.29518133809755	1.74550598659458e-05	0.000352379142833647	4.75807865733933	up	66353
Abcb11	69097.2129185282	-1.12476849071903	0.282433508351664	-3.9824187196604	6.82174580092159e-05	0.00109651552133147	4.16610446776561	down	27413
Gm40770	832.33237177722	-1.12468758707017	0.248137322431059	-4.53252084793752	5.8283921654605e-06	0.000147771735327123	5.23445123425869	down	105245294
Elf4	1747.14226233742	1.12405823915681	0.259036293822773	4.33938512078105	1.42881934734076e-05	0.000301468262687207	4.84502267772593	up	56501
Mfap3l	104.00032196631	1.12376798055785	0.284547114987914	3.94932129466707	7.83730964848947e-05	0.00122457963257648	4.10583299411843	up	71306
Gm32364	59.1280893957162	1.12369342284338	0.342238006473391	3.28336830389628	0.00102574558649873	0.00935264211608258	2.98896034300679	up	102634888
Ggt6	2700.00562358655	-1.12359846190653	0.215007606720261	-5.2258544664813	1.73352673356671e-07	7.35124748948408e-06	6.76106945648755	down	71522
Lmod1	262.334917424298	1.12338839348081	0.347754472890566	3.23040674112141	0.00123614224252486	0.0107861437557973	2.90793155223322	up	93689
Orm1	161047.881429784	-1.12276110394092	0.299222574781372	-3.75226068675221	0.000175247093465834	0.00235930651816871	3.75634917622702	down	18405
Spn	161.797129009014	1.12205063036309	0.23615907435191	4.75124927315341	2.02163724286543e-06	5.9789543666921e-05	5.69429677038476	up	20737
Gm49936	1163.70960755175	-1.12122758626479	0.254545741593822	-4.40481769305702	1.0587287728402e-05	0.000237854426500149	4.97521528403388	down	NA
Gm21974	380.053459713158	-1.12082899738431	0.230039323930448	-4.87233651287895	1.10286109436949e-06	3.64232158662735e-05	5.95747918361394	down	NA
Id3	6475.16399777707	-1.12052755246838	0.30269628249324	-3.70182132148717	0.00021405734686506	0.00277577379831049	3.66946986174138	down	15903
Smox	888.029655643027	1.11970350038367	0.292136610207936	3.8328078756945	0.000126688895155327	0.00179789521177526	3.89726145128962	up	228608
Car10	40.1048592189784	-1.11967673003765	0.391796053494962	-2.85780502393969	0.00426582419753627	0.0277756572522804	2.36999704659244	down	72605
Ddit4	1588.39503784072	1.11940777385666	0.272363300151165	4.10998021112015	3.95693025665155e-05	0.000688858303789542	4.40264160437595	up	74747
Plcg2	2405.96499923979	1.11919089200331	0.208895128540398	5.35766870114863	8.43026402967146e-08	4.00111868957917e-06	7.07415882337837	up	234779
Hnf4aos	963.465306307081	1.11895237476053	0.421022201217948	2.6577039679228	0.00786749666641936	0.0438101989971552	2.10416343243203	up	68314
1810008I18Rik	4657.68382985407	-1.11880789335132	0.298475201944595	-3.74841154662826	0.000177958076403013	0.00238981801540586	3.74968229730516	down	100503969
Cdc45	400.86795070277	1.11803586925838	0.325406617720892	3.43581171485991	0.000590781398923179	0.00610370018109003	3.22857318714512	up	12544
Lca5l	122.373929738428	1.11790732624828	0.346756930044055	3.22389325025531	0.0012646053155854	0.0109368520857145	2.89804499702497	up	385668
Spata3	323.255006836341	-1.11750914960998	0.401409546101377	-2.78396256507499	0.00536992315200508	0.0332048742502471	2.27003192936542	down	70060
Mfap2	35.8585482290799	1.11748557329729	0.411700982445934	2.71431359395418	0.00664132647595621	0.0388117747303774	2.17774517008171	up	17150
Vwa3a	39.3244719399013	1.11700150427535	0.406386223039553	2.74862050175021	0.00598466321874686	0.0360017513159087	2.22296028408049	up	233813
Tgm1	234.01906248068	-1.11692163859344	0.225234436969803	-4.95892925442473	7.08827720216408e-07	2.52732935068869e-05	6.14945930677899	down	21816
Dscaml1	120.203707041084	1.11681712591716	0.36463792798243	3.0628111894355	0.00219268360218949	0.0167588686267593	2.65902403122108	up	114873
Fgg	490514.652654233	-1.11643050428461	0.174625956708724	-6.39326778977543	1.62377516036811e-10	1.6088094906873e-08	9.78947410648127	down	99571
Mdk	52.5717647448789	1.11614715068524	0.324152036664496	3.44328285631126	0.000574697895052294	0.00597774781984728	3.24056039355509	up	17242
Dusp14	89.0437502452739	1.11547682790948	0.378459651501505	2.94741281794222	0.00320445096621241	0.0223687323940152	2.4942463695055	up	56405
Gpr108	11134.3367180456	-1.11542683839731	0.265327796410189	-4.20395772131199	2.62287950515653e-05	0.00049684501639529	4.58122166039997	down	78308
Selplg	691.019144409198	1.11535302874513	0.267493738439005	4.16964163443198	3.05078974037032e-05	0.000562538416963653	4.51558772278813	up	20345
Armcx2	640.47977714365	1.11530875025614	0.424103359837185	2.62980408993767	0.00854340860658678	0.0466793608746164	2.06836882208814	up	67416
AC163703.1	210.660746710476	-1.11503100752978	0.41823869835105	-2.66601587066406	0.00767560693682375	0.043087610741961	2.11488727332417	down	NA
Gm16485	57.3835553648885	-1.11485325843895	0.37024872241351	-3.01109278965676	0.0026030929241577	0.0191403891482184	2.58451032834539	down	791396
Lpar2	221.066740264132	1.1136738439041	0.302184381271038	3.68541166561887	0.000228333268326867	0.00291967336821125	3.64143080687083	up	53978
Cdc42ep5	571.438185736307	1.11251753867173	0.330301939961281	3.36818348327638	0.000756652218047096	0.00738403338612615	3.12110369049878	up	58804
Tmem150b	66.6470969402039	1.11237446872064	0.366111293023374	3.03835060517955	0.00237877019006012	0.0179074086436599	2.62364751256956	up	330460
Vgll3	259.092928420453	1.11212745317548	0.341643186366717	3.25523088870191	0.00113300215051044	0.0100784221083883	2.94576926581716	up	73569
Gm44950	297.91832377018	-1.11171168622291	0.2109093510553	-5.27104028655144	1.35652687708562e-07	5.93998530699404e-06	6.86757159707059	down	NA
Ehd4	2685.71996085807	1.11092270011495	0.266984157747364	4.16100606675759	3.16848667554387e-05	0.000578289164042387	4.49914811487611	up	98878
Tfpi2	9447.65814784757	-1.11005040975447	0.208160082608149	-5.3326766392771	9.67755544713041e-08	4.54295725138218e-06	7.01423433173065	down	21789
Rem1	242.248267012008	1.10971344807705	0.33943683413196	3.26927821759509	0.00107822226457307	0.0097239004565105	2.96729170452241	up	19700
Aim2	819.859563570018	1.10953014849737	0.188686453403345	5.88028514228093	4.09560323833121e-09	2.79541173409908e-07	8.38768212228356	up	383619
Psd4	1677.66755565814	1.10936131709286	0.229951981476298	4.82431727689725	1.4048363838724e-06	4.469829802947e-05	5.85237425349493	up	215632
Adtrp	11504.6675549748	-1.10879873086902	0.226293786608651	-4.89981959949505	9.59246921725156e-07	3.24273723539164e-05	6.01806958580171	down	109254
Clic1	2415.78256632621	1.10803099923522	0.324456191593796	3.41504039048336	0.000637725542011672	0.00644318569231718	3.19536618841876	up	114584
Ptk7	420.766244943103	1.10712803045652	0.312762591767282	3.53983519640452	0.000400376969311244	0.00454013968364544	3.3975309121835	up	71461
Mical1	355.398836981283	1.10684516284076	0.288244393586545	3.83995382900113	0.00012305745133204	0.00175563052663495	3.90989208391639	up	171580
Apcs	36518.8462180004	-1.10682565738561	0.3479921889688	-3.18060488847594	0.00146967925336954	0.0123141480699318	2.83277743647021	down	20219
Gbe1	27166.5117452849	-1.10671379948471	0.162394274919042	-6.81498039285216	9.42766229291779e-12	1.26684212061083e-09	11.025595982676	down	74185
Nrip3	97.1960476005146	1.10616757418249	0.326278003470729	3.39026095052628	0.000698261226414474	0.00690552730814682	3.1559820731269	up	78593
Rgs19	461.181689870113	1.1050669000511	0.262589546171657	4.20834308205364	2.57250078955862e-05	0.000488162109227806	4.58964448327072	up	56470
Prr16	78328.9286813841	-1.104824701225	0.165757104883117	-6.66532334770245	2.64083281157967e-11	3.06907597021421e-09	10.5782590926616	down	71373
Cd24a	314.856391639107	1.10445999666563	0.324706970757068	3.401405254992	0.000670403628322651	0.00670715589061749	3.17366364390606	up	12484
Olfr1034	190.862931466498	-1.10422417802989	0.340520419476416	-3.24275466278277	0.00118380100375214	0.010443874263714	2.92672129612305	down	NA
Gm31848	44.0749621675777	-1.10364418494838	0.413366171224608	-2.66989478524284	0.00758750184629104	0.0426933498286463	2.11990119023841	down	102634208
Efna1	10460.7240803563	-1.10311944785231	0.375949752573632	-2.93422043850463	0.00334386630347021	0.0231390812760249	2.47575109511636	down	13636
Trpv2	543.898694120385	1.10256008522589	0.258974904561046	4.25740126092406	2.06816954592338e-05	0.000404969446606126	4.68441386120638	up	22368
Rasgef1b	12682.5035762953	1.10243888041327	0.288105995926703	3.82650446710504	0.000129975791925484	0.00183244559108059	3.8861375277869	up	320292
2010110G14Rik	100.085565045726	1.10229621885138	0.308175468659837	3.57684608591636	0.000347764796728925	0.0040613487939554	3.45871438254077	up	69898
Gm13212	204.630332836067	1.10222327012492	0.180541524136806	6.10509563046393	1.02739148577847e-09	8.36701399402923e-08	8.98826403769164	up	NA
Ripply1	70.7992196313368	-1.10108546625253	0.364712176636282	-3.0190532063058	0.00253565995613986	0.0187729645513109	2.59590898780681	down	622473
Cyp2c70	88818.7124150475	-1.10075388718982	0.213079841499083	-5.16592221697591	2.39256280575075e-07	9.70567930634738e-06	6.62113665299397	down	226105
Vangl2	206.486662240324	1.10074464993182	0.247213544233109	4.45260656468675	8.48341133802294e-06	0.000199336987724036	5.07142947470498	up	93840
Azin2	254.711097630938	1.10050761703994	0.212513763589147	5.17852396218228	2.23648351444765e-07	9.12417373066876e-06	6.65043429874811	up	242669
Rbfox1	988.488481116598	1.10042154288549	0.370194952334625	2.97254604890128	0.0029534090347104	0.0210723365111124	2.52967640091309	up	268859
Homer3	398.184482282144	1.09931157553405	0.265343021509926	4.14298280496864	3.42817657913487e-05	0.000616269201098661	4.46493681645454	up	26558
Adgrl2	26965.4579804921	-1.09891256331938	0.198133038967585	-5.54633678989381	2.91716671899643e-08	1.60406865622566e-06	7.53503874980486	down	99633
Gm16548	198.151218763998	-1.09869216609418	0.249038293048714	-4.41173986796988	1.02543268112018e-05	0.00023231615009572	4.989092845464	down	100503816
Tbx20	1525.26952044553	1.09846384488371	0.27586282085568	3.98192058457338	6.8360623009061e-05	0.0010969881577785	4.16519398796177	up	57246
Gmnn	439.618546052982	1.09825107843054	0.169076117802182	6.49560146463432	8.27023253561326e-11	8.67365851296024e-09	10.0824822791398	up	57441
Cd53	1429.30601523123	1.09801264846883	0.236421684287159	4.64429754732302	3.41235476512786e-06	9.37655504459299e-05	5.46694582377414	up	12508
Rbm3	4395.17664802357	1.09790778464996	0.119177080567852	9.21240711232965	3.18892045308367e-20	1.42837061961039e-17	19.4963563140019	up	19652
Lrch2	48.6357166304397	1.09752955764288	0.323870542197524	3.38879093540254	0.000702015123415762	0.00693945984066155	3.15365353182281	up	210297
H1f5	350.385486189245	1.09751538145799	0.410199987231903	2.67556171530916	0.00746041362088555	0.0421436922882394	2.12723709366829	up	56702
Efcab5	86.398810597189	1.09724193433584	0.36252214903492	3.02668936851676	0.00247247896793808	0.0184066128153285	2.60686739402695	up	319634
Cpb2	54133.5610215769	-1.09625663311436	0.201464956205676	-5.44142591228219	5.28557748269975e-08	2.65513822144964e-06	7.27690755635111	down	56373
Tlr4	1567.51684935417	1.09558557868314	0.231700211101525	4.72846171988632	2.26227266442831e-06	6.61753228370185e-05	5.64545505214259	up	21898
B230317F23Rik	71.8598714647094	-1.09552117035136	0.395699617141633	-2.76856767834385	0.00563032905373713	0.0343507589827889	2.24946622290243	down	320383
Miga1	790.639314951226	1.09538530194879	0.203112229742381	5.39300515453025	6.92889641813563e-08	3.37039079162706e-06	7.15933593099858	up	215708
Gm37784	32.6720416734245	-1.09356100111549	0.394593858189464	-2.77135839400321	0.00558229469545272	0.0341254864805895	2.2531872403607	down	NA
Map3k1	15811.9751026881	-1.09320312518568	0.123345392278649	-8.8629425468608	7.79297454076568e-19	2.99194558261539e-16	18.1082967425755	down	26401
Zfp791	252.658384086256	1.09311714454852	0.223066203103659	4.90041579288703	9.56340412894209e-07	3.23800297279142e-05	6.01938749148289	up	244556
Slco1a1	30395.3217927735	-1.09162706916531	0.263154623477918	-4.14823442863396	3.35049216795371e-05	0.000606870948702652	4.47489139292534	down	28248
Slc2a1	1904.0042910743	1.09054595510405	0.14358168582836	7.59529983794525	3.07080557687232e-14	6.66892120229847e-12	13.5127476793448	up	20525
Gm10521	118.895962238585	1.08976888024339	0.324305683903045	3.36031384688648	0.000778539765614024	0.00754181079322355	3.10871919999287	up	100038548
Gm8251	202.117242635209	-1.08934259715751	0.261739597840811	-4.1619327229961	3.15565331183597e-05	0.000576436246427132	4.50091071554721	down	NA
Ddhd1	10922.6251370684	-1.08928880537426	0.198257577928914	-5.4943110712511	3.92238579654945e-08	2.05686084453203e-06	7.40644969239378	down	114874
Pgbd1	121.201317242008	1.08894894487223	0.24496215712101	4.44537620696363	8.77381923583655e-06	0.000205040340837484	5.05681131746782	up	319207
Mir670hg	544.50996928261	-1.0885449180695	0.303177306434365	-3.59045645886812	0.000330099371935584	0.00389270688321091	3.48135530198041	down	414123
Spaar	123.300356793527	1.08753928578996	0.315012346833401	3.45237034904261	0.000555684451371947	0.00582506860287512	3.25517175505525	up	71406
Rap1gap2	1476.24989356602	1.08728641703968	0.282381831177061	3.85041209098868	0.000117919250227741	0.00169243249659308	3.92841529087401	up	380711
Srpx2	454.478340408793	1.08725570458658	0.358341006167301	3.03413699764791	0.00241224860738222	0.0181023892002506	2.61757793564863	up	68792
Prepl	13438.2553776965	-1.08645260041003	0.323797790158788	-3.35534285109617	0.000792666782782746	0.00764573164191523	3.10090934081811	down	213760
Gimd1	657.042774550055	-1.08515499652587	0.300902031802286	-3.60633987755487	0.000310546336335418	0.00371551038692492	3.50787358996922	down	433653
Scube1	152.799858217584	1.08498407788963	0.199212041330319	5.44637799323884	5.14058349184071e-08	2.58835000174649e-06	7.2889875827743	up	64706
1500011B03Rik	186.77520004441	1.08469505671643	0.31777863241801	3.41336687260207	0.000641654993625502	0.00647679923143112	3.19269842152472	up	66236
Ap1s3	674.705969126555	1.08388014804822	0.368234705474751	2.9434491967584	0.00324577090194806	0.0225928906146662	2.48868213747685	up	252903
Cyp2j11	146.344098188572	-1.08362802576706	0.408346535450358	-2.65369712166639	0.00796152533735084	0.0441964355158903	2.09900371842666	down	100066
Adcy7	1811.5184560365	1.08317068839674	0.231498413014484	4.67895513533808	2.88340520638526e-06	8.12492948063998e-05	5.54009432170081	up	11513
Ulbp1	789.355500872798	1.08295134343645	0.378631668174874	2.86017106983319	0.00423412537817669	0.0276194464899269	2.37323628607946	up	77777
Gm36435	211.485141303038	-1.08252810226526	0.344974014543844	-3.13799896985482	0.00170105474804928	0.013794761088709	2.76928170849615	down	102640351
Bcl2l11	2069.56530876311	1.08180627885267	0.292263414167286	3.70147690888696	0.000214348165917543	0.00277786954022132	3.66888022820326	up	12125
Snhg15	347.677047940731	1.0817209129232	0.162517746977086	6.65601716147171	2.81347417389421e-11	3.23474303415644e-09	10.55075706707	up	100041286
Ngef	3392.79459241391	1.08165489637053	0.184975153439631	5.84756858560217	4.98810194072565e-09	3.32025361379571e-07	8.30206467952344	up	53972
Gpc6	14642.83310887	1.08139396495575	0.313184568193611	3.45289670941651	0.000554601320579404	0.00581938916176534	3.25601910064408	up	23888
Gm8369	141.693630316503	1.0809198763671	0.20539426966168	5.26265838938724	1.41987250435276e-07	6.14230560233085e-06	6.84775065078734	up	666926
Slc25a30	5838.92263117735	1.08076993440567	0.322388471534851	3.35238393997236	0.000801188255363782	0.00771408306776593	3.09626542566414	up	67554
Cyb5b	44337.9470462498	-1.07958577445777	0.18505360924503	-5.83390823265863	5.41439073974394e-09	3.57084051854279e-07	8.2664504057522	down	66427
Pck2	709.302118994961	1.07647313842291	0.190052478048941	5.66408367559248	1.4781226904137e-08	8.80322377947219e-07	7.83028951617245	up	74551
Gm28055	671.342964352245	1.07636160980505	0.217368956330538	4.95177245166648	7.35405666281158e-07	2.61775195778889e-05	6.1334730282268	up	NA
Heatr6	6018.75317504172	-1.07552358231965	0.266271786198556	-4.03919468027171	5.36350349251922e-05	0.000896000971943771	4.27055143224464	down	217026
Aspg	20107.7433224239	-1.07528528988965	0.262316865088549	-4.09918473799491	4.14608005999941e-05	0.000715989729236845	4.38236231601923	down	104816
Pdgfa	976.764170939203	1.07519965659264	0.26798390775859	4.01217993119655	6.01606166019968e-05	0.000991151921029066	4.22068772119513	up	18590
Rbl1	1198.72945719661	1.07514872920275	0.34591613024209	3.10811967181267	0.00188281810720034	0.0149430008507964	2.72519163370335	up	19650
Gas7	2938.48304664079	1.07389248941457	0.268191116577846	4.00420604201057	6.22261132025784e-05	0.00101738512080261	4.20602732527923	up	14457
Src	1424.11380877324	1.07376098645562	0.33707158376981	3.18555772173575	0.00144475279682358	0.0121346234341449	2.84020645613213	up	20779
Elmo1	9624.86101117959	1.07343891005543	0.203435760177772	5.27654975269542	1.31638785480634e-07	5.79965960621644e-06	6.88061613322583	up	140580
Bex3	126.892123019598	1.07339943677188	0.399775975973593	2.68500235452562	0.00725292952536687	0.0412971358038633	2.1394865424325	up	12070
Gm48728	67.1923525190619	1.07336242957079	0.36060006563163	2.97660076043159	0.00291463288426489	0.0208812419232573	2.53541613949109	up	NA
Nradd	98.8697150744774	1.07324275035771	0.297070291512145	3.61275691653546	0.000302958689238745	0.0036449982197163	3.51861658687327	up	67169
Gm40117	158.379684434129	1.07314420067409	0.260833011248355	4.11429594566265	3.88362925957999e-05	0.00067719407202733	4.41076223556208	up	105244523
Hexb	1510.06772672501	1.07278557195925	0.292591206361373	3.66649970551157	0.000245893202114556	0.00309707313735381	3.60925347746277	up	15212
Lyve1	2131.91245933698	1.07269570411037	0.313601410271769	3.42057040872605	0.00062489957516014	0.006356298511711	3.2041897705889	up	114332
Dnajb13	156.374296742295	1.07262633472176	0.283195754806285	3.78757914452309	0.000152122236034184	0.00208320259537259	3.81780729954911	up	69387
Map2	1028.03475064567	1.07251716771415	0.279255917090645	3.84062468178971	0.000122721621988974	0.00175200190754511	3.91107891336734	up	17756
Gm830	85.738231321358	1.07224051142365	0.395810446634172	2.70897476441463	0.00674914730247089	0.0392140336097179	2.17075109312811	up	329892
Clec4a2	417.812856091909	1.0716693934034	0.365764395879874	2.9299445366338	0.00339022509267852	0.0233918221213101	2.46977146602616	up	26888
AC160336.1	83.3020648779411	1.07048184423404	0.292332543994694	3.66186340256892	0.000250387363544129	0.00314357324837382	3.60138759272013	up	NA
Ncf2	1552.08176596883	1.06971972165091	0.251770820995711	4.24878354616453	2.14934471773876e-05	0.000417065987647864	4.66769392559476	up	17970
Rad18	1187.1054114298	1.0694852050761	0.248055729368773	4.31147148988504	1.62171687138229e-05	0.00033383414777902	4.79002496512446	up	58186
Aldh1a1	55031.8860747946	-1.06814865634481	0.180778754609763	-5.90859616579706	3.45035373549732e-09	2.40852614653222e-07	8.46213637811533	down	11668
Ctps	1294.10792482584	1.06792696649362	0.297830957769694	3.58568153724109	0.000336199032960664	0.00394987934899141	3.4734035400948	up	NA
Vmo1	185.189509606231	-1.0673375166939	0.291358808717003	-3.66330958516035	0.000248977317322871	0.00313224828697585	3.60384021680076	down	327956
Nckap1l	2987.98319005007	1.06689340394472	0.248822278363586	4.28777282710088	1.80473524451293e-05	0.000361524469206524	4.74358650028498	up	105855
Mbl2	13793.7182712277	-1.06652226465421	0.264425156367217	-4.0333615731065	5.49845763738343e-05	0.00091569976145425	4.25975911659893	down	17195
Slco1b2	89085.0304111147	-1.06646350005551	0.27064245940023	-3.94048850434958	8.13158476080672e-05	0.00125957544926041	4.08982480670575	down	28253
Foxj1	34.4274284556992	-1.06574652308701	0.352690849454043	-3.02175836071947	0.00251311075025118	0.0186574175174035	2.59978837206675	down	15223
Zc3hav1l	161.177243002746	1.06545810061945	0.275746707499433	3.86390144158527	0.000111590261213621	0.00161779542555148	3.95237370580829	up	209032
Txlnb	93.0197311692346	1.06490111270407	0.356754002975765	2.98497312944353	0.00283603235516016	0.0204341262991386	2.54728881876846	up	378431
Pask	304.622433428629	1.0645312608487	0.341163387774812	3.12029748500257	0.00180668480018511	0.0144615499642516	2.74311760918821	up	269224
Zcwpw2	1000.04437207196	-1.06420792833943	0.210126260656334	-5.06461174826677	4.09233526006628e-07	1.56557309771219e-05	6.38802879440453	down	100039681
Stambpl1	661.908644676653	1.06414860173332	0.196160616361862	5.42488406424183	5.79921683748998e-08	2.87288391718974e-06	7.23663065232011	up	76630
Hyou1	53217.0446834047	-1.06403685616248	0.259998514985296	-4.09247282132614	4.26797281273255e-05	0.000732333722855146	4.36977835572316	down	12282
Hells	972.348789006962	1.06389023018022	0.319934478366494	3.32533784921268	0.000883114520162786	0.00829896048446075	3.05398297450869	up	15201
Gm49645	180.322539507048	-1.06285086872023	0.277511646251518	-3.82993248419178	0.000128178422350269	0.00181424363431915	3.8921850781162	down	NA
Zfp808	581.804464598873	1.06271612056904	0.302805910854323	3.50956200812176	0.000448845387445764	0.00495130134328579	3.34790323347963	up	630579
Anks6	260.389468129432	1.06119285485675	0.324363219082229	3.27161895192477	0.00106933593703991	0.00967215929590162	2.97088583765053	up	75691
Ly86	1650.02430669628	1.06078286833094	0.277873347556364	3.81750490883537	0.000134808105842632	0.00188696241902122	3.87028399343209	up	17084
Tm7sf2	6516.02355577607	-1.06068632629114	0.26642771282043	-3.98114113228916	6.85852097007809e-05	0.00109961372749201	4.16376952916029	down	73166
Xcr1	41.7554613159343	-1.06060804452444	0.395048672696842	-2.6847528363634	0.00725834606148869	0.041317034768866	2.13916232946529	down	23832
4921513I03Rik	103.258548390506	1.06016143537224	0.399950132720808	2.65073405066803	0.00803170570480398	0.0444483069892627	2.09519221318726	up	70874
Slfn9	1230.41698855459	1.05991690823607	0.366520044513233	2.89183886148362	0.00382994325479529	0.0256762644147486	2.41680766057755	up	237886
4930452B06Rik	313.969712159408	1.05968062265504	0.359384413904726	2.9485992760275	0.00319217593740138	0.0222975252287621	2.49591318043631	up	NA
Itih4	636571.360741735	-1.05958757063902	0.272117232920309	-3.89386427043865	9.8659866398692e-05	0.00147304661636936	4.00585947697797	down	16427
Mmp17	164.930073218283	1.05954107306888	0.291868916242566	3.63019497488495	0.000283207208023778	0.00344397905685024	3.54789569743313	up	23948
Pold4	300.66026394284	1.05910853824646	0.194690191917034	5.43996863847048	5.32899512829112e-08	2.66449756414556e-06	7.27335467678616	up	69745
Grhl1	639.175598669016	1.05889059062077	0.395304963473813	2.67866758189822	0.00739157342923745	0.0418648126260815	2.13126310437911	up	195733
Gucy1a1	2193.6403507017	1.05868721583202	0.242421331900312	4.36713719676851	1.25885658470042e-05	0.00027256248018547	4.90002374409466	up	60596
Ptprt	909.010065891485	-1.05778849531645	0.23789356141086	-4.44647803430697	8.72895880216292e-06	0.000204436398961332	5.0590375562306	down	19281
Arrdc4	1299.85574582885	-1.0564232026721	0.163171107245819	-6.47432759698436	9.52350788675519e-11	9.89156616257182e-09	10.0212030542151	down	66412
Pik3ip1	132.544778514472	1.05641773094249	0.182491714666061	5.7888531151982	7.08686348442765e-09	4.50791612175131e-07	8.14954593305347	up	216505
Atp8b2	1069.91720268072	1.05565836134422	0.33498641805845	3.15134675448251	0.00162519420973341	0.0133314290382558	2.78909473365384	up	54667
Dok1	243.706201779539	1.05563318057556	0.325476971516947	3.24334215000091	0.0011813625069359	0.0104309215191465	2.92761681652313	up	13448
Abcg5	6361.65596228174	1.0550968261937	0.390116475634724	2.70456874316072	0.00683931168279483	0.0395921381744989	2.16498760404099	up	27409
Il15ra	8844.10477880411	-1.0550389518739	0.319593774915095	-3.30118742817874	0.000962765436503066	0.00890299220852298	3.01647950938728	down	16169
Btk	529.55300586881	1.05490388222531	0.226198490208326	4.66362035066525	3.10694341788171e-06	8.66397969967015e-05	5.50766665582951	up	12229
Gm26708	1399.16035984005	-1.05489273747787	0.253430779731982	-4.16244916498888	3.14852249877575e-05	0.000575622735745566	4.50189319896054	down	120623200
Spsb4	1797.64050813287	-1.05467430922989	0.359255507510205	-2.93572203398977	0.00332772365468505	0.023052555144975	2.47785274615189	down	211949
Nedd4l	90415.88471733	-1.05461199286762	0.242287514504025	-4.35272942159839	1.34453052036781e-05	0.00028734996210644	4.87142933499748	down	83814
Vwc2l	45.6025496035386	1.05443884501965	0.403470893499519	2.61341985756131	0.00896411045090705	0.0483998931929938	2.04749280096295	up	320460
Gm43821	66.715967790805	1.05435519918131	0.34371988774041	3.06748383432964	0.00215869136438455	0.0165343300086455	2.66580944582058	up	NA
Hmgb2	509.683609940979	1.05430393907629	0.351035719661278	3.00340928294594	0.0026697312823347	0.0195235450919034	2.57353244967374	up	97165
9530020I12Rik	43.3071656036659	-1.05427196070208	0.395780263323946	-2.66378103811396	0.00772678390618169	0.0432671467846865	2.11200123343443	down	77442
Gm4951	36845.5862004529	-1.05421853069506	0.265072151164851	-3.97710029538121	6.97607466443983e-05	0.00111430613139269	4.15638887982711	down	NA
Cd52	613.911321931232	1.05279563238371	0.305818896495188	3.44254604424118	0.000576265755320783	0.00598247886981981	3.23937718766678	up	23833
Cdkn3	122.799411679532	1.05272849641377	0.217371963666896	4.84298194971908	1.27904912040657e-06	4.08611531779217e-05	5.89311277662229	up	72391
Gas2l3	1268.15868250571	1.05189177406746	0.238785793733917	4.40516899108161	1.05701442851085e-05	0.000237717680052127	4.975919084424	up	237436
Hcst	41.746411199821	1.05174518711278	0.356041043164979	2.95399984721826	0.003136841609759	0.0220399001992871	2.50350740981494	up	23900
Arhgap9	371.385344977774	1.05153656538771	0.216565284223053	4.85551767523678	1.20072642916638e-06	3.89375840529069e-05	5.92055593001355	up	216445
Sod2	17250.3306593259	-1.05053576598444	0.290011315075856	-3.62239578724596	0.000291887066326673	0.00352758399439206	3.53478514840836	down	20656
Xbp1	25805.7107847057	-1.05022337848094	0.134662012377989	-7.79895799813995	6.24204342600202e-15	1.54257395010395e-12	14.2046732142661	down	22433
Fgf11	87.9797420300817	-1.04926431319833	0.266791023402235	-3.9329071114075	8.39246748275618e-05	0.00128976448090963	4.07611033278319	down	14166
Mir142hg	234.516518584712	1.04913197122565	0.350908598937805	2.98975851375931	0.00279198080468395	0.0202113088554562	2.55408757188287	up	78591
Incenp	831.06397096467	1.04816797036163	0.344570445516049	3.04195552462959	0.00235046620847013	0.0177378109800308	2.62884598807515	up	16319
Hnf4g	797.547479719952	1.04755326026323	0.303452880480806	3.45211176972003	0.000556217270646636	0.0058278125335783	3.25475553034046	up	30942
Gm27216	3272.40884043314	-1.04598114594354	0.188989765840161	-5.53459147003853	3.1195459958656e-08	1.69369290179572e-06	7.50590860657045	down	105243469
Tnfrsf26	222.510793526645	1.0457911561148	0.38578669602504	2.71080150479559	0.00671207941146559	0.0390659738350054	2.17314291395568	up	244237
Gm14634	247.990923811383	1.04567928874189	0.363599340934007	2.87591084751631	0.00402863480515117	0.0266755923346936	2.39484209952551	up	552913
Slc25a19	1737.96845220053	-1.04511641026051	0.307993854714542	-3.39330280219114	0.000690552582712576	0.00684188042779741	3.16080324610426	down	67283
Smpdl3b	105.362075474401	1.04491151066603	0.317311199376183	3.2930180615127	0.000991181071057234	0.00910174336273784	3.00384700043131	up	100340
Cmtm7	804.724815562853	1.04347170626058	0.236662023344251	4.40912188409177	1.03790602197271e-05	0.000234647523369224	4.98384196824709	up	102545
Shisa9	1058.5764794233	1.04334160343857	0.271245506813258	3.84648437386602	0.000119824768969788	0.00171520142000696	3.92145339968433	up	72555
Onecut2	35050.2692682516	-1.04268413572442	0.233621890385532	-4.46312686710884	8.07721957911382e-06	0.000191255749945977	5.0927381106681	down	225631
Gm45495	80.0419342351802	-1.04230778923857	0.336194511935009	-3.10031173096621	0.00193317067294795	0.0152438545890889	2.71372980192209	down	NA
Hivep2	24526.1888769955	-1.04222714554238	0.300571136278654	-3.46748912236252	0.000525345003910047	0.0055858388725299	3.27955539357608	down	15273
Sftpd	550.491000730615	-1.04215977506312	0.304948508056108	-3.41749425733005	0.00063200427392374	0.00640429933084517	3.1992799847948	down	20390
Gm29811	69.5755851521888	-1.04213665172114	0.251294356723398	-4.14707542703886	3.36749148653231e-05	0.000607758034006136	4.47269349355797	down	101243624
Piwil2	109.691341956642	1.04094218357032	0.384302953728343	2.70864996865504	0.00675575723211141	0.0392140336097179	2.17032596517692	up	57746
Cdca8	201.459820310003	1.04034653592395	0.388782642423796	2.67590787859792	0.00745271269225578	0.042133400705627	2.12768562082973	up	52276
Myo7b	260.52917358182	1.04032843762407	0.299928846365766	3.46858413330268	0.000523208673051342	0.00557985440010111	3.28132506547293	up	17922
Rnft2	181.596415465336	1.0402969263499	0.378840578592236	2.74600184123788	0.0060326425055515	0.036193727798444	2.21949241021592	up	269695
Gm9837	45.4943544391834	-1.04029649268992	0.320082708936917	-3.25008650465697	0.0011536990899113	0.0102118280910222	2.93790744996033	down	432561
Gm12762	110.89945568076	-1.04028527521514	0.267060603820055	-3.89531537162287	9.80710418749506e-05	0.00146629165529307	4.0084592108717	down	105247247
Mcm4	1244.92859322165	1.03965618349181	0.381730140924635	2.72353705414389	0.00645869699873869	0.0380861177928913	2.18985508933245	up	17217
Cul9	1895.22511419827	1.03938014957329	0.115736845229015	8.98054675256281	2.6942453730418e-19	1.11396683693075e-16	18.5695628543052	up	78309
Cand2	180.007881373195	1.0369684957081	0.333544771480541	3.10893344574161	0.00187764008689939	0.014912376022522	2.72638765128901	up	67088
Gm3839	5290.29095186861	1.03613242301938	0.33477818107406	3.09498193608431	0.00196824883948916	0.015438653793877	2.70591999595281	up	NA
Klhl6	1233.10342732047	1.03589938497686	0.36645476082455	2.82681382729485	0.00470136519387127	0.0299317002274895	2.32777601226144	up	239743
Tlr6	163.767992032928	1.0353897746379	0.281339019888497	3.68022101963764	0.000233031884711146	0.00296636206115431	3.63258465233566	up	21899
Ntrk2	380.986379960967	1.03458002066287	0.311075363764663	3.32581792444856	0.000881594965303398	0.00829146620910895	3.05473089869555	up	18212
Gm49431	3607.47252182592	-1.03297326639372	0.343286241287098	-3.00907272753125	0.0026204637905246	0.0192483674397947	2.58162183698562	down	NA
Nrg2	190.694773055463	1.0328701139205	0.342189269615921	3.01841759994348	0.00254098492312409	0.0187994411036366	2.59499791181836	up	100042150
Mex3b	96.1473120225798	1.03282678243839	0.346980918020161	2.976609746529	0.00291454746658022	0.0208812419232573	2.53542886732824	up	108797
Ppp1r26	40.6755360113655	1.03191785074109	0.346942720076728	2.97431763523637	0.00293640939973544	0.0209743528552531	2.53218339437899	up	241289
Kcnj2	324.897705429322	1.03190794042832	0.391936624155522	2.6328438753375	0.00846732596208943	0.0464293500498454	2.07225372110565	up	16518
Iqck	177.966328640352	1.03152195351676	0.319827993831446	3.22523973326858	0.00125867221984489	0.0109118760994617	2.900087353011	up	434232
Nqo1	413.334106492194	1.03146094609597	0.269081568242228	3.83326495691984	0.000126453623442215	0.00179574168032208	3.89806872172951	up	18104
Mirg	127.221529430904	1.0310047192446	0.214657291063703	4.8030267881217	1.5628496714377e-06	4.84866781181969e-05	5.80608279421684	up	100040724
Rtp3	2596.77512038309	-1.02947432405647	0.172459805026846	-5.96935804198676	2.38188898232548e-09	1.73595298711857e-07	8.62307848445149	down	235636
Gm4841	1408.43752723472	-1.02845915303732	0.392959190481279	-2.61721618414804	0.00886501761277829	0.0480216373582095	2.05232039721762	down	225594
Ush2a	313.112419734716	1.02771443837266	0.234213433865721	4.38793975823721	1.1442945865046e-05	0.000252073090264846	4.94146215664096	up	22283
Gm45606	84.7722001708196	1.02722201035403	0.255261791028979	4.02419024881564	5.7171687006787e-05	0.000946259638680462	4.24281899255171	up	118567916
Tlr1	457.068892029028	1.02716568745364	0.360595488134401	2.84852617753996	0.00439222398471567	0.0284179403163969	2.35731552082443	up	21897
Naaladl2	27395.5351273617	1.02664764926777	0.236757517191951	4.33628322109587	1.44912203620005e-05	0.000304267034300021	4.83889503936212	up	635702
Pacrg	286.064895219102	1.02658120906074	0.211618453062049	4.85109495039987	1.22781745409936e-06	3.96367496443486e-05	5.91086619717729	up	69310
Wdfy4	4356.22996235661	1.02585146772231	0.218345721713608	4.69828975659007	2.62349060246754e-06	7.48077559059047e-05	5.581120487137	up	545030
Tob1	10678.0157426079	1.02460705466743	0.316063403754597	3.24177694252437	0.00118786956263316	0.0104540301255068	2.9252312456669	up	22057
9130230L23Rik	366.078346400614	-1.02424479772943	0.289856615052875	-3.5336257464491	0.000409901051130533	0.00461890597447927	3.3873209679982	down	231253
Acsm2	107.238194691467	-1.02393516194685	0.36712001338978	-2.78910199553658	0.00528544165288846	0.0328417166654477	2.27691871707966	down	233799
H3c7	494.696673935467	1.02387881535392	0.345916575326062	2.95990099459332	0.00307737921638764	0.0217597990200088	2.51181898362354	up	260423
Lifr	44205.5781650955	-1.02308910453345	0.151264280799881	-6.76358687671264	1.34616589098734e-11	1.74352811182095e-09	10.8709014177487	down	16880
Myzap	1145.45499852636	1.02204149241443	0.237592743604365	4.30165280685638	1.6952880112492e-05	0.00034614142679827	4.77075650921864	up	102371
Gm7631	227.91495728616	1.02191186972755	0.365872830810293	2.79307940812203	0.00522088738369047	0.0325642816215101	2.28225567456735	up	665424
Il20ra	26.2234335922432	-1.02086959923943	0.392360032288284	-2.60186949543667	0.00927171270808237	0.0496149512791322	2.03284003382051	down	237313
Tm4sf4	14522.9360817791	1.02074085238523	0.23744619684105	4.29883007588675	1.71702046130375e-05	0.000348602949063871	4.76522452942944	up	229302
Cd300ld3	30.1555866572885	1.02024187159355	0.365110003726544	2.79434105113613	0.00520055996183032	0.0324770183951059	2.28394989189596	up	382551
Lzts1	131.804207298898	1.01971930677701	0.247556001370864	4.11914597557816	3.8027919281217e-05	0.000667428787384625	4.4198974366028	up	211134
Rragb	35.0893924112657	1.019547085487	0.317328174883934	3.21291069051751	0.0013139714115126	0.0112956358846545	2.88141408375446	up	245670
Ucp2	4002.93496670573	1.01926909925067	0.220930751484887	4.61352298129665	3.95900466465136e-06	0.000106798745658725	5.40241398654505	up	22228
St3gal1	50999.0393069994	-1.01824893569735	0.136827737968402	-7.44183124574122	9.92990239990744e-14	1.92335947385595e-11	13.0030550201239	down	20442
Gna14	1972.85953716202	-1.01803022526838	0.345003838031742	-2.95077942053131	0.00316973194483955	0.0221918598237904	2.49897746327099	down	14675
Gm28876	251.648445143832	-1.01668046273231	0.351349391806117	-2.89364514765786	0.00380798244096976	0.0255370001499844	2.41930506286307	down	102632344
Gm41442	130.536931437215	1.01631669964322	0.21723383287984	4.67844573826297	2.89057640695622e-06	8.13447549077994e-05	5.53901554637851	up	105246099
Plcb2	593.843738192461	1.01495363618701	0.254759560357247	3.98396682253554	6.77743389043228e-05	0.00109067985512196	4.16893470999395	up	18796
Gpx1	55223.9881144854	-1.01485404488311	0.236852887986423	-4.2847442288366	1.82949537110949e-05	0.000365219595903937	4.73766868500446	down	14775
Gm4117	139.259883445092	1.01462480988937	0.309470588950393	3.27858234713222	0.00104329919704767	0.00949256569467837	2.98159112686302	up	100042940
Hes1	1157.54114304998	1.01458962932716	0.293540286082602	3.45638972717244	0.000547463156214765	0.00576418112566966	3.26164510313814	up	15205
Samd5	1135.61321936376	1.01439548732903	0.331542926151855	3.05962036078673	0.00221617718035393	0.01691438032574	2.65439552130192	up	320825
Rnd3	7294.14242780361	-1.01405961435108	0.338435029131096	-2.99631990504823	0.00273259596232088	0.0198549554545113	2.56342457771325	down	74194
Stap1	302.08039365359	1.01379586581463	0.261219569707338	3.88101039654287	0.000104023393504789	0.00153290127508771	3.98286898255153	up	56792
Gm21284	39.7922086182073	1.01299420369912	0.380767928894787	2.66039791386692	0.00780483832464143	0.043574142814799	2.10763608881467	up	100861870
Hip1	5736.67759318103	1.01289172546772	0.236178124274128	4.2886771523855	1.79740409909305e-05	0.00036082341858544	4.74535427220838	up	215114
Gsg1l	134.295467729465	-1.01230100255649	0.340957550456751	-2.96899423755361	0.00298776199275884	0.0212493823500877	2.52465400168544	down	269994
Gnat1	3536.99690751541	-1.01080033233524	0.348031389937557	-2.90433668214985	0.00368032157184999	0.0248686909318497	2.43411423274537	down	14685
Traf3ip3	214.83088209716	1.01000105676223	0.265481923199459	3.80440613277994	0.000142144800393508	0.00197168594094221	3.84726902202143	up	215243
Tspan32	125.765771369314	1.00994991504786	0.253796109287912	3.97937508924597	6.90966522675488e-05	0.00110616383004639	4.16054299368153	up	27027
Accs	496.915911813347	1.00986042748766	0.163845018079082	6.16351012272002	7.11498279936058e-10	5.92915233280048e-08	9.14782614549562	up	329470
Nphp4	88.2712197233997	1.00886646060482	0.364902498825399	2.76475623996082	0.00569653467696472	0.0346465333959665	2.24438925456124	up	260305
Gm6450	48.242054855233	-1.00872381505564	0.383802481262262	-2.62823682571858	0.00858287390684351	0.0468592658702731	2.06636726775753	down	623798
Efemp2	695.037490579748	1.00858934052176	0.319954283753378	3.15229203588092	0.00161994168485974	0.0133035699864341	2.79050061903729	up	58859
Itgb3	2720.06251339295	1.00796399616877	0.151797639820471	6.64018226739803	3.13295492271423e-11	3.56394343060084e-09	10.5040458537481	up	16416
9430062P05Rik	69.1270970055667	1.00778484744005	0.35226833049825	2.86084430585809	0.00422514490439395	0.0276111293144285	2.37415839201617	up	115487189
Lat2	363.768733898408	1.00769686680595	0.27105605808884	3.71766959908962	0.000201068999259069	0.00263757381578401	3.696654883598	up	56743
Stap2	5210.33212909935	-1.00752474434155	0.227432711230286	-4.42999047450736	9.42372506376456e-06	0.000217228344725424	5.02577739287018	down	106766
2700099C18Rik	65.1408955841599	1.00735799415521	0.352672909426598	2.85635206796305	0.00428539650599297	0.0278356570630963	2.36800898881707	up	77022
Cpne5	44.5213048049251	-1.00689988090635	0.301938346417145	-3.334786365675	0.000853649542000468	0.00808348114751732	3.06872038834334	down	240058
Was	359.129808188867	1.0060705715342	0.311628514099695	3.22842912639354	0.00124472098040993	0.0108214723327187	2.90492799013364	up	22376
Rubcnl	441.888234356187	1.00454425123341	0.210884958332639	4.76347037349572	1.90291560536459e-06	5.70609281943356e-05	5.72058047232108	up	271221
Gpd2	6064.76819756592	-1.00447525950254	0.31365535065102	-3.20248086767102	0.001362493503944	0.0116152301089595	2.8656655596627	down	14571
AW112010	2997.16600108632	-1.00397605940501	0.273007386073068	-3.67746848847638	0.000235560165221469	0.00299146104681724	3.62789814973891	down	107350
Runx1	6597.03322340412	1.00381248427847	0.278661392902445	3.60226608294422	0.000315455222831177	0.0037553526892701	3.50106227780632	up	12394
Slc39a14	81901.465071572	-1.00361555718941	0.144201104784239	-6.95983264962548	3.40677183847685e-12	5.01682154296248e-10	11.4676569514361	down	213053
Ces4a	379.076398204789	-1.00334234098127	0.271339010762501	-3.69774452321374	0.000217523647134418	0.00281393406341155	3.66249352371279	down	234677
Hddc2	115.913306676388	1.00324570197238	0.254176586318078	3.94704215878055	7.91226286732687e-05	0.00123184579334681	4.10169929270345	up	69692
Rmdn2	9011.23787125757	-1.00297842714343	0.209801035368868	-4.78061714700317	1.74757889168394e-06	5.3464685873627e-05	5.75756320960252	down	381110
Rad51b	19594.7995318787	-1.00285202635211	0.297793524677625	-3.36760857187122	0.000758231646297091	0.00739318838793082	3.12019809339233	down	19363
5033428I22Rik	210.058840846494	1.00206694149017	0.290705042273009	3.44702291248565	0.000566800510036971	0.00592138530893823	3.24656976762334	up	NA
Carmn	1901.60780065832	1.00193744343259	0.264874813098484	3.78268296525443	0.000155146972130531	0.00211519334229957	3.80925669574745	up	328968
Zeb2	23239.1822636028	1.0014595216321	0.215659281133669	4.64371167504437	3.42205040820639e-06	9.38444946128027e-05	5.46571359741192	up	24136
Cenpt	364.071207195395	1.00145920243373	0.291922784789462	3.43056196574718	0.000602332383293839	0.00618736084128884	3.22016378715691	up	320394
Amotl2	7179.92569176849	-1.00127588123106	0.31745394665111	-3.15408232215645	0.00161003662260653	0.0132470181219946	2.79316424520105	down	56332
Erbb4	19138.7888192731	1.00124683177065	0.23079707438787	4.33821284098249	1.43646010855343e-05	0.000302783258175478	4.84270643014936	up	13869
Chek2	514.355778964839	1.00101940044613	0.186414389256618	5.36986122390007	7.87972547954235e-08	3.77029946026123e-06	7.10348891256079	up	50883
Gm16156	139.925296482464	-1.00097408229737	0.294821743837853	-3.39518405008786	0.000685824798724211	0.00682430564070142	3.16378681529228	down	NA
Zfp61	94.9981308182449	1.00070908929359	0.269460677911756	3.71374813219057	0.000204212043198065	0.00267390921361656	3.6899186494174	up	22719
