geneID	baseMean	log2FoldChange	lfcSE	stat	pvalue	padj	-log10(P.Value)	trend	ENTREZID
Upk3a	7767.92057918786	12.8889928133731	0.82017457435024	15.7149382783343	1.19497518330085e-55	5.97129099095432e-52	54.9226411138518	up	22270
Tmem238l	585.337351381354	12.4477180828907	1.27495779361952	9.76323933638029	1.61899611709531e-22	7.70487961630978e-20	21.7907541928316	up	71576
Shh	456.913857892356	12.0903382999643	1.24893076596973	9.68055125984247	3.64743928003515e-22	1.62011147398539e-19	21.4380119291988	up	20423
Pitx2	450.561168772956	12.0702391484816	1.26211872761516	9.56347361336516	1.13869283517696e-21	4.84259412542918e-19	20.9435934119863	up	18741
Tbx20	262.927025108677	11.2933266613474	1.28326810663764	8.80044209229021	1.36278223265903e-18	3.9477233719404e-16	17.8655735372031	up	57246
Gm49246	246.701458513398	11.2012827334326	1.39038819902817	8.0562268446049	7.86855489343486e-16	1.62140902278326e-13	15.1041050210634	up	NA
Gm13219	226.935136428219	11.0808329110941	1.34137878253313	8.2607784284231	1.44725515259908e-16	3.36369023141283e-14	15.8394548955588	up	100040710
Gm12405	172.694654815092	10.6869241081342	1.31533510339531	8.12486801313804	4.47849484506386e-16	9.83694010583917e-14	15.3488679213405	up	102637788
Tbx5	166.310156676073	10.6325737990851	1.27400981623298	8.34575500408913	7.07603612481751e-17	1.72482695198601e-14	16.1502099585819	up	21388
Foxa1	1089.06450763552	10.5554182221358	0.86453975508975	12.209291892008	2.7729197178768e-34	5.03864721099286e-31	33.5570627040203	up	15375
Trim40	111.883588468648	-10.4337822466179	1.53721100223804	-6.78747565000983	1.14112510933677e-11	1.43451626952348e-09	10.9426667383022	down	195359
Krt6b	795.927618107755	-10.3507493495753	1.81136629563307	-5.71433253148709	1.10135448452195e-08	7.75136388613546e-07	7.95807287549357	down	16688
Snx31	3644.7737853028	10.3337529230053	0.651053290895723	15.8723610916521	9.84659437687511e-57	6.56045761349933e-53	56.0067139521499	up	66696
Gm12498	128.465445189933	10.2600577420329	1.330539297381	7.71120233895276	1.24637870916383e-14	2.22434086060416e-12	13.9043499782945	up	108168891
Fbxw27	97.1460488748091	9.85680745945283	1.31674850138293	7.48571762117109	7.11572426522105e-14	1.17544707944825e-11	13.1477808892015	up	76998
Hoxd13	176.103448429069	9.75097664240093	1.25970725083555	7.74066882280246	9.88951904459224e-15	1.78082618615594e-12	14.0048248288638	up	15433
Pla2g10os	154.796775558557	9.56428451832879	3.41099006203874	2.80396141424471	0.00504789457956682	0.047977801643548	2.29688972349262	up	76684
Fa2h	521.968466582181	9.50329778814891	0.885427535264941	10.73300457649	7.12414014676253e-27	6.2819150534905e-24	26.1472675456424	up	338521
Upk2	4234.47532547276	9.42075714552099	0.812347082875047	11.5969606392617	4.26974164675546e-31	5.68957306902321e-28	30.3695984024417	up	22269
Gm11373	60.8317606481923	9.18191262278662	1.32886076663471	6.90961224330482	4.8598022221914e-12	6.51931052464173e-10	11.313381404721	up	NA
Gm14719	58.2776222694644	9.11954789011561	1.3091662667593	6.96592031254368	3.26263791575014e-12	4.54641631625902e-10	11.4864311210994	up	100041697
Gm2568	54.3766914722333	9.01921694177988	1.30847123605424	6.89294246083525	5.4649984041826e-12	7.28229254018678e-10	11.2624099605313	up	102632291
Hcn1	387.039028242207	8.88361119034185	0.912368934746649	9.73686285450819	2.0993535337604e-22	9.75857637972162e-20	21.677914419525	up	15165
Gm12253	36.4374651886665	-8.816146436356	1.57835142149943	-5.58566762526222	2.32804111482966e-08	1.50591863440826e-06	7.63300935401099	down	624860
Bglap2	42.9125668733909	8.67821635296818	1.46323391326896	5.93084692356567	3.01376086022867e-09	2.39043857437503e-07	8.52089121161113	up	12097
Scnn1g	438.657624465118	8.59293786977942	0.841617747896817	10.2100245524206	1.78819582862051e-24	1.19141527408223e-21	23.7475849225467	up	20278
Fam25c	1013.49605345006	8.58155286302048	2.00837037827803	4.27289356377496	1.92952573775034e-05	0.000551750507098051	4.7145494240434	up	NA
Gm5155	112.262535876692	-8.5653635107919	1.38907095981842	-6.16625338702031	6.99270002114314e-10	6.10349729356372e-08	9.15535510209818	down	NA
Slc22a20	38.8334019400226	8.53442001893254	1.34752775229141	6.3333909111854	2.3983089537515e-10	2.30468266190312e-08	9.62009487116768	up	381203
Gm2675	38.0368010426174	8.50349267457711	1.35711867027763	6.26584311365896	3.70813530082238e-10	3.41558564022293e-08	9.43084442789094	up	100040231
Upk1a	12043.7918720998	8.50100542829857	0.686152295012575	12.3893856948227	2.98319805081633e-35	6.11150381815389e-32	34.5253179134091	up	109637
Sptssb	7517.31040794076	8.39851479272651	2.65699006661068	3.16091313184316	0.00157275395168627	0.0199470843372238	2.8033392149375	up	66183
Hrh3	34.1593064917544	8.34977263802379	1.53671954392275	5.43350455263264	5.52578731982118e-08	3.30686936971814e-06	7.25760583451281	up	99296
Gm12406	203.439114621597	8.17121344873034	1.04098528606953	7.84949946755014	4.17700950888628e-15	7.73056167255731e-13	14.3791345360703	up	NA
Sox15	104.836310045938	8.1691069547838	1.17281713841636	6.96537140121811	3.27538497869371e-12	4.54641631625902e-10	11.4847376470321	up	20670
Ivl	3034.76364648855	8.15020756066907	1.64382841116181	4.95806466497847	7.11988672623866e-07	3.24173794724507e-05	6.14752691571157	up	16447
Gm43050	29.2079242156004	8.12320124467035	1.37815536070743	5.89425653759424	3.7637206322464e-09	2.89343261528235e-07	8.42438262020136	up	NA
Hottip	28.7657922386713	8.10148373580163	1.37801702644312	5.87908826984008	4.12532354274549e-09	3.13524589248657e-07	8.38454198473375	up	791364
Upk1b	13047.7343139926	8.03207395097775	0.569399030480942	14.1062304658184	3.47671686654629e-45	9.9275166755039e-42	44.4588306755242	up	22268
Prom2	1847.84522897805	8.02647798208569	0.530617518844968	15.1266735398362	1.0801921979395e-51	4.31817633048296e-48	50.9664989638851	up	192212
Ttc23l	52.517312747037	8.00328261150661	1.30926655372754	6.11279848913952	9.78989603670506e-10	8.25655873340341e-08	9.00922192014018	up	75777
Kap	1186.26473840744	-7.99978283533576	1.54005102455847	-5.19449207056582	2.05279522356752e-07	1.07693624484692e-05	6.68765437148195	down	16483
P2rx1	8104.94396303491	7.98639756474728	0.345008188799675	23.1484290055054	1.50769564965409e-118	3.01358206452859e-114	117.821686318291	up	18436
Ttc6	366.008227090672	7.91787570835664	0.729468331111761	10.8543104212478	1.90237233747591e-27	1.81069610864136e-24	26.7207044777847	up	70846
Ighv9-3	19.4447979154416	-7.91342094682529	1.90921708337169	-4.1448513192906	3.40034264883453e-05	0.000901406483619424	4.46847731736949	down	780825
Crhbp	25.1234675298884	7.90687554690984	1.66929632940561	4.7366518500195	2.17277952809615e-06	8.77363983991633e-05	5.66298433929795	up	12919
Htr4	253.476143697136	7.88109357114412	0.779337011261813	10.112561648245	4.85967030323936e-24	2.77528828631852e-21	23.3133931937708	up	15562
Syt6	136.553514606431	-7.86565485723609	0.977237293499384	-8.04886889761442	8.35627002738248e-16	1.70433801334001e-13	15.0779875345238	down	54524
Fmo5	11455.8071701934	7.8225673344555	0.439912851276742	17.7820841372385	9.72950254528293e-71	9.72366484375576e-67	70.0119093639826	up	14263
Ifit1bl1	579.185697508497	-7.79391799708478	1.61338765964294	-4.83077823888256	1.36000414292194e-06	5.67510705818867e-05	5.86645976865523	down	667373
Ankdd1a	916.657824713394	7.7654723416199	0.765930391310942	10.1386136778419	3.72346057857277e-24	2.29668283210133e-21	23.4290532398061	up	330963
Ccl3	17.1619119872107	-7.7361421734204	1.64435792051188	-4.70465832098901	2.54291468004093e-06	0.0001004501553847	5.59466821104294	down	20302
Gm36235	21.9867968959906	7.71394620594587	1.59341566639902	4.84113867373897	1.29097240008057e-06	5.40963445132295e-05	5.88908304249023	up	102640080
Fat2	1032.24693601961	7.68392459780764	0.82050454638859	9.36487753983577	7.61385329174217e-21	2.9266480691412e-18	20.1183954956856	up	245827
Cyp4f15	1646.34603880753	7.67261443727761	0.632856038354269	12.1237911504015	7.9017543205904e-34	1.31616887799967e-30	33.1022764774223	up	106648
Ghrh	60.1680678702395	-7.65199316849659	1.20595918396661	-6.34515103846868	2.22207332532174e-10	2.16657568909907e-08	9.65324161404628	down	14601
Slc6a18	20.9847669583962	7.64445913093641	1.45574772897488	5.25122518056033	1.5109083262178e-07	8.20653141968513e-06	6.82076188551243	up	22598
Gm7868	15.6721935025916	-7.58711296982688	1.92577692480296	-3.9397673074742	8.15606796524757e-05	0.00189122374117597	4.08851916386386	down	665967
Kcnv1	19.8922771916469	7.56946099308057	1.48596461379115	5.09397123109718	3.50639997172777e-07	1.75653941440839e-05	6.45513854585583	up	67498
Gm5067	19.6406379862508	7.55186522773837	1.66217040077206	4.54337607277243	5.53603570804978e-06	0.000193113929725129	5.25680111729426	up	118568782
Fbxw18	18.7600133745273	7.4830618652159	1.47387102839582	5.07714835358463	3.8314171306759e-07	1.89560310910767e-05	6.41664056331606	up	546161
Foxf2	64.9943854654352	7.46561432265618	1.15149887526443	6.48338828897404	8.96852892686295e-11	9.48481249683263e-09	10.0472787867596	up	14238
Slc9a4	190.341920959122	7.46255969058848	0.763351088617482	9.77605167774641	1.42667839473094e-22	6.95523115948342e-20	21.8456739155574	up	110895
Pitx1	329.598260207724	7.43805746435152	0.760490095033	9.78061057327612	1.36385275834337e-22	6.81517223344183e-20	21.865232513617	up	18740
Psca	6187.42557015999	7.42065474686699	1.93094176947426	3.84302357749888	0.000121527788660503	0.0025649359204673	3.9153244045182	up	72373
Dnaic1	286.003235553201	7.37346752031618	0.80718113750626	9.1348362563279	6.55058311074913e-20	2.30922028786226e-17	19.1837200388618	up	NA
Gm46189	13.2030818820885	-7.34464628998981	1.54633823647048	-4.74970230753266	2.03716309612507e-06	8.25939471913752e-05	5.690974199811	down	108167770
Cpb1	16.7671744918106	7.32071161981602	1.49576483446216	4.89429317440023	9.86596715027336e-07	4.32458226753649e-05	6.00586033489848	up	76703
Prdm6	223.489119745487	7.29996838649529	0.744912496607487	9.79976630777591	1.12846418072936e-22	5.78352360113294e-20	21.9475122215738	up	225518
Aadacl4fm4	16.3930181506003	7.28957482619418	1.5555394317829	4.68620381923663	2.78319102994721e-06	0.000107810895942994	5.5554569839625	up	230890
Gm6089	16.3089555857423	7.28438020051154	1.70540520494212	4.27134863867075	1.94294380242482e-05	0.000554002292765582	4.71153976072279	up	619645
Gm12602	132.107759084728	7.22868504276669	0.963926099548904	7.49921082762419	6.42031924269395e-14	1.06941117519139e-11	13.1924433766207	up	102637941
AC133103.4	15.3891018787666	7.19991276908255	1.73567186287098	4.1481992783896	3.35100652319181e-05	0.000891876409927535	4.47482472675039	up	NA
Ly6a2	11.6729261256584	-7.17831056108811	1.93858480200204	-3.7028612592417	0.000213181479103239	0.00398976723250519	3.67125052887932	down	546643
Npy6r	370.075495388269	7.08422092307542	0.753636531696043	9.40004979208284	5.4537256641852e-21	2.13743271717125e-18	20.2633067119256	up	18169
Speer4a	13.984457017868	7.06170509467157	1.56787327584852	4.50400246209303	6.66854331054671e-06	0.000228629234461763	5.17596902384703	up	NA
Cyp26a1	449.452402826434	7.04111325828966	1.61960794283771	4.34741833011324	1.37749337076609e-05	0.000424242488364755	4.86091048252818	up	13082
Myh2	210.475010444951	7.02899244785122	0.687078958597679	10.2302542668419	1.4513780723808e-24	1.00034982450853e-21	23.8382194425856	up	17882
Wnt3	10.5169009906526	-7.01549474791506	2.13689006292377	-3.28303962362772	0.00102694230114531	0.0142743551566708	2.98845395659565	down	22415
Gm32846	144.065433757105	6.99592682096845	1.03474700073646	6.76100227010976	1.37040376576318e-11	1.69084138704163e-09	10.8631514566334	up	102635538
Siglec15	13.3535667355464	6.99242330053881	1.61047301130791	4.34184444659526	1.41291555629462e-05	0.000432486311473458	4.84988379323365	up	620235
Gm34397	10.0648778227135	-6.96227732580541	2.22648056784626	-3.12703260309172	0.00176580344204986	0.0217008201045407	2.75305764095326	down	102637635
Gm35520	12.7569901084278	6.92955744797118	1.59618340214038	4.34132909706935	1.41623413484488e-05	0.000432839264331489	4.84886494222152	up	102639136
Gm31045	12.4332158098048	6.8924131698649	1.66136541473784	4.14864370518543	3.34450872173307e-05	0.000891333871066676	4.47566766716669	up	102633143
Sp8	12.3218206596984	6.87823466097225	1.54831492692389	4.44240027746652	8.89608672699114e-06	0.000289130051218047	5.05080099185126	up	320145
Inmt	1272.10832883895	6.84134417114053	0.792924402193875	8.62799045181583	6.24392904831141e-18	1.66404871756865e-15	17.2045420406035	up	21743
9130227L01Rik	11.8799271377598	6.82738573623367	1.76405559860519	3.87027809193314	0.000108711273132309	0.00235419385413716	3.96372541814644	up	329159
Cd200r4	39.8054441880294	6.7689386322504	1.21331819313673	5.57886519013699	2.42092768518281e-08	1.56095169585271e-06	7.61601818304696	up	239849
Phlda2	59.4668639991126	6.76203968029006	1.022008969788	6.61641911195041	3.68004086154808e-11	4.25182986940018e-09	10.4341473590856	up	22113
Gm8902	8.68257296869145	-6.75479225380356	1.90007787921982	-3.5550081013401	0.000377967443402148	0.00639155098030638	3.42254560693453	down	667968
Gm29687	11.1397647275317	6.73477199974637	1.89520256477791	3.55358953439133	0.00038001181821839	0.00642068995988942	3.42020289678524	up	629481
Cnnm1	38.7555067025972	6.7329305767145	1.22677154939524	5.48833283591685	4.05744994468199e-08	2.48773955503999e-06	7.39174682920536	up	83674
Rhox5	11.1612996319657	6.73257989451428	1.80032854452119	3.7396395868982	0.000184284291839059	0.00356235437647883	3.73451168191797	up	18617
Lmx1b	11.0458006496158	6.71959235793894	1.61372305793166	4.16403070211538	3.12678041599228e-05	0.000842292277019591	4.50490261682913	up	16917
Ms4a18	16.6230522191088	-6.70914568304844	1.54483694817486	-4.34294744890386	1.40583771069703e-05	0.000430979818426567	4.85206481119156	down	76002
Gm18729	16.6578254436419	-6.69851159508296	1.7132088927246	-3.90992109808045	9.23262737903327e-05	0.00208051585177133	4.03467469184057	down	100417639
Gm39473	8.33509576741456	-6.6936285859566	2.17460302033329	-3.07809219584856	0.00208330450879379	0.0246101910587151	2.68124724621962	down	105243601
Gm12496	10.7117777202378	6.67638710456653	1.59542597866303	4.18470502164027	2.85536639170682e-05	0.000780753261798028	4.5443381565295	up	102636602
Krt4	863.031845336321	6.66744453057536	0.612774273872033	10.8807513873661	1.42384395215211e-27	1.42298964578082e-24	26.8465376051042	up	16682
Acaa1b	2089.72414743639	6.6637390907638	0.597274996199207	11.1569028222659	6.62598677698471e-29	6.97053808938792e-26	28.1787494351441	up	235674
Zdhhc19	10.4871399363253	6.64305840349155	1.71933918410042	3.86372768382363	0.000111669708569418	0.00240005820955432	3.95206461726265	up	245308
Cd200r3	507.900359491192	6.64229084069709	0.683678338668612	9.71552039169796	2.58923005147935e-22	1.17621659702203e-19	21.5868293610563	up	74603
Nppc	412.692298082178	-6.64024453931167	0.767465124589778	-8.65217757336007	5.05259456543099e-18	1.36474675910587e-15	17.296485549389	down	18159
Clec4e	61.4985963635641	-6.63719087369285	1.34653424927249	-4.92909176077684	8.26127686339116e-07	3.70628206798142e-05	6.08295282291348	down	56619
9530036O11Rik	336.16821635959	6.6279706897893	0.626542626609045	10.5786428700965	3.74340956403453e-26	2.99293081463689e-23	25.4267326544059	up	654796
Ptf1a	7.91303302428542	-6.60041452425664	2.28650174354178	-2.88668685379292	0.00389321498341303	0.0394312839551849	2.40969161386928	down	19213
Gm36535	35.1058494513102	6.59663849175351	1.28865601784425	5.11900646907219	3.07149427257292e-07	1.57015415652654e-05	6.51265029017424	up	102640487
Evx2	10.0258362991826	6.58234093072761	1.65957549670506	3.96627989735705	7.30031276800879e-05	0.00172073881611981	4.13665853296029	up	14029
Gm21680	9.98221541331431	6.57562877186002	2.17487558141621	3.02345054956117	0.00249909868286512	0.0285114066627329	2.60221659438271	up	100862368
Mt4	7.75229128260862	-6.57350488768261	2.2527099520901	-2.91804316910999	0.00352235581697681	0.0367813427315211	2.45316677513072	down	17752
Cyp2a5	9.85355347898859	6.55318696516277	1.72369246820856	3.80183071286116	0.000143630856012597	0.00293247553624085	3.84275225120454	up	13087
Oas3	1745.96287155144	-6.55029079566149	1.01850285003732	-6.43129353582222	1.26522554750773e-10	1.31715251268669e-08	9.89783204736838	down	246727
Ankfn1	811.227046058402	6.52845880535572	0.801325874948839	8.14707100999645	3.7284476054991e-16	8.28046785985733e-14	15.4284719555108	up	382543
Mgam2-ps	7.42534138328009	-6.52718449444112	1.91362190631214	-3.41090602741901	0.000647474025459001	0.00987916856555307	3.18877764937195	down	638904
Fbxw26	9.55217955083988	6.5132109870044	1.76106767411511	3.69844446226469	0.000216924800213542	0.00403198310478875	3.66369079385862	up	382109
Krt15	6612.88103242557	6.50688307528692	1.67553767538845	3.88345972213272	0.00010298059743618	0.00226368543084826	3.98724459296631	up	16665
Gm40915	7.34302845821141	-6.50567390634314	1.80705633994641	-3.60015001332836	0.000318033642989369	0.00556642421722549	3.49752693601618	down	105245466
Mx1	4815.99943441844	-6.47704697032696	1.44177203204549	-4.49242101134238	7.04180398199003e-06	0.000238967025453339	5.15231606826398	down	17857
Dnaaf1	297.951793041118	6.46466468652633	0.677676766918741	9.53945155286914	1.43589659610972e-21	5.96483174914357e-19	20.8428768340184	up	68270
Gm36862	18.1275425928584	6.45965435871789	2.01233603347489	3.2100276749323	0.00132722193182578	0.0174071600874893	2.87705645037714	up	102640910
Grpr	76.4630127162371	-6.45142339819605	0.791252383474966	-8.15343313073276	3.53735888187319e-16	7.94435161021138e-14	15.4513208767104	down	14829
Ace2	269.336921723193	6.44668814014025	0.777385022723212	8.2927866523042	1.10625658282621e-16	2.60139489147415e-14	15.9561441319989	up	70008
Gm13262	9.11723001534618	6.44479047111632	1.69812972159936	3.79522859128005	0.000147507483631841	0.0029811724801145	3.83118594566842	up	100126244
Arg1	7407.51430567591	-6.42357257011548	1.54495921164262	-4.15776191481835	3.21380709271696e-05	0.000859940778704506	4.49298019511557	down	11846
Gm26685	8.98095823298605	6.41986557732627	1.66626921178788	3.85283814398625	0.000116756573405192	0.00247471647581313	3.9327186592566	up	102635083
Serpinb12	8.94679467885182	6.41409512057602	2.26341880476867	2.83380835533509	0.00459969075678884	0.0446303974983958	2.33727136552163	up	71869
Gm39157	8.83436188582153	6.39932919652549	1.70539566551785	3.75240146666041	0.000175148681006168	0.00342886565715111	3.75659312887955	up	105243162
Gm20121	8.77676031828912	6.38871642664482	2.20132851669285	2.90220945133753	0.00370540705009584	0.038000859988361	2.4311640765105	up	115490195
Cdh20	8.77838788875313	6.38838857305213	1.68749965397304	3.7857125232656	0.000153268780388842	0.00306967573387993	3.81454629841137	up	23836
Mgst2	850.090750532888	6.37169681480747	0.514368756925285	12.3874102558158	3.05758646095352e-35	6.11150381815389e-32	34.5146212533484	up	211666
Sp6	8.38796355570776	6.32366632059773	1.66552446232604	3.79680182647466	0.000146574871877716	0.00296959938565963	3.83394047676333	up	83395
Ern2	72.3543056281894	6.3171835160646	1.15553410986128	5.46689488622969	4.57987452349961e-08	2.78244778041673e-06	7.33914642035819	up	26918
Igf2bp1	28.559749060411	6.31284138337863	1.460472286819	4.32246571218986	1.542950679217e-05	0.000459619943013256	4.8116479560407	up	140486
Gsta1	8.30135056205089	6.30937842254816	1.68671198831135	3.74063768223098	0.000183553963101526	0.00355167145641172	3.73623623423522	up	14857
A4gnt	8.23110003603336	6.29759512218443	1.71168732867443	3.67917377004914	0.000233990797956824	0.00427011851542238	3.63080122154351	up	333424
Ighv7-3	12.424158722243	-6.29085159680226	1.78568326891366	-3.52293808555947	0.000426791049996812	0.00700385838040745	3.36978469650566	down	629822
Slfn4	1512.45524865036	-6.28201471143857	1.01920807744533	-6.16362335666	7.10989430092198e-10	6.152059189906e-08	9.14813685565104	down	20558
Aqp3	3637.10048245681	6.25726110318472	0.773790144470367	8.0865091755176	6.13990936264642e-16	1.30557987596358e-13	15.2118380398675	up	11828
Lcn8	7.90764012645027	6.23766646547618	1.68087915816959	3.71095473173025	0.000206479029119913	0.00388616086068627	3.68512405054505	up	78076
Gm37176	7.8258277882536	6.22343733167994	1.74093549206869	3.5747661875081	0.000350541016860135	0.00602460347807427	3.45526115785765	up	NA
Ascl1	7.81622647733321	6.2213997656804	1.90667430094764	3.26295884021108	0.0011025553162654	0.0150531937578639	2.95759961233979	up	17172
Adh6a	26.3167748723607	6.20360760566868	1.61024492495536	3.85258634231726	0.000116876743704603	0.00247471647581313	3.93227189675568	up	69117
C7	303.263851914341	6.1995102403242	0.644624855622365	9.61723735324908	6.76229554285639e-22	2.93836441979595e-19	21.1699058525252	up	109828
Gm26651	5.95028158206445	-6.19857188167815	1.84332823258971	-3.36270652838085	0.00077182367847733	0.0113435380039742	3.11248190200937	down	102635721
Unc5a	528.532655398374	6.18317771343322	0.538806511424054	11.4756922612001	1.7477328646281e-30	2.05492261754038e-27	29.75752494715	up	107448
Kcnd2	376.506205853588	6.16035076025042	0.965048126373267	6.3834648157927	1.73125386993192e-10	1.73021511760996e-08	9.76163924279685	up	16508
Gm30735	7.45972724343156	6.15493428932657	1.73862354569844	3.54011902378441	0.00039994661397486	0.00668965097918787	3.39799797568073	up	102632743
Gm9758	7.46626236503237	6.15431087907626	2.16203377354446	2.84653780823545	0.00441974805018366	0.0432836472450127	2.35460248710649	up	381714
C330018A13Rik	7.40484039266914	6.14134932715582	1.87306098574645	3.27877702535584	0.00104257977961762	0.0144015788769848	2.98189070228033	up	320805
4930412L05Rik	25.0449577012857	6.11287427274772	1.38630460553046	4.40947411439109	1.03621943030694e-05	0.000329783458934914	4.98454826845117	up	NA
Gm3776	7.1426196257233	6.09405699355743	1.9609444723378	3.1077152257617	0.00188539646227486	0.0228672964125909	2.72459731215645	up	NA
Foxq1	1606.78010259456	6.09169939243516	0.567877588017821	10.7271347222881	7.59136118593127e-27	6.32233864101643e-24	26.1196803449825	up	15220
Prrxl1	7.07715121341111	6.07851147798687	1.85433976682998	3.27799230039604	0.00104548247336798	0.0144217416685156	2.98068324336604	up	NA
Gm48483	7.07081746329113	6.0759341858428	1.74068100213563	3.4905500653987	0.000482027288247476	0.00777624006254281	3.31692837503949	up	NA
Gm12500	7.02326315503292	6.06803749190733	1.7976168311306	3.37560117752728	0.000736546042346476	0.0109295339973433	3.13280009972154	up	791415
Gstm1	51613.3082562692	6.0350384963573	0.450300181361097	13.4022564195189	5.86524324910902e-41	1.46543102578989e-37	40.2317139716891	up	14862
Slc22a29	13.5399421876055	6.03431432719235	1.55866671041226	3.87145904052594	0.00010818583823415	0.00235045492893934	3.96582958561849	up	236293
Gm43158	6.84730390919435	6.03169479475182	1.82629100491923	3.30270191251289	0.000957581210381387	0.0134505504097703	3.01882438422627	up	NA
Calb2	13.4047760933062	6.01978316139658	1.85940384504088	3.23748021574315	0.00120590300753996	0.016144400076831	2.9186876217018	up	12308
4930588K23Rik	6.72948053316376	6.00508638532376	1.79894206859705	3.33812104911582	0.000843469952312515	0.01217276347063	3.07393038406158	up	619305
Chrm2	358.150418977257	5.99244778008399	0.529774378773807	11.311320479397	1.15340466930309e-29	1.2807918072239e-26	28.9380182947766	up	243764
Gm31406	13.0830492849563	5.98330769602487	1.51111261248069	3.95953792365115	7.50949193893936e-05	0.00175966852140117	4.12438944456427	up	102633622
1810065E05Rik	34.9342665667928	-5.9671969044273	1.54177513521597	-3.87034189884728	0.000108682822347235	0.00235419385413716	3.96383909206207	down	69864
Rnf212	12.9452629496913	5.96708961873433	1.54108816905602	3.87199755247582	0.000107947036466951	0.00234820212978214	3.96678927610619	up	671564
Mst1	22.9828211497287	5.96700517439573	1.33068486552039	4.48416099784995	7.32013796762387e-06	0.000246736792068914	5.1354807334207	up	15235
Gm27605	6.55896926262002	5.96685299339203	1.83089450378168	3.258982416009	0.00111812597866903	0.0152034707902289	2.95150926196077	up	NA
Slc1a7	6.51479553272128	5.95897717041585	1.76784938833575	3.37074934648455	0.000749640310644933	0.0110909034264774	3.12514706803817	up	242607
Gm19253	6.45752689598361	5.94684091318088	1.82355798698564	3.26111972069014	0.00110973174656958	0.0151249184384306	2.95478198973968	up	100462958
B230307C23Rik	5.03379206975572	-5.94549087429396	1.98370055874447	-2.99717154793614	0.00272497323892239	0.030530697925774	2.56463775843152	down	245305
Fbxw22	22.3336599555984	5.93294722401363	1.26828529294568	4.67792795281412	2.89788323342424e-06	0.000111604797822127	5.53791911786456	up	382156
Gm36757	12.742548224553	5.93216508798915	1.53648148343629	3.8608763932007	0.000112981051649984	0.00241267656023491	3.94699438708191	up	102640765
Gm38811	6.38814360303639	5.93043985239184	1.93047581106157	3.07200940742722	0.00212623024076955	0.0250397869510849	2.67238970929454	up	105242656
Cxcl15	330.292289091728	5.92851492467225	0.918020130878563	6.45793564352292	1.06140858039082e-10	1.11075574370951e-08	9.97411740587064	up	20309
Col9a2	82.2552038700869	5.92732489007138	1.30326768465793	4.54804869317937	5.41456093785272e-06	0.000190204295300176	5.26643675418154	up	12840
Gm10032	6.2622520107452	5.90130359161389	2.05050195946995	2.87797998161356	0.00400230535804941	0.0402404826442111	2.39768977970362	up	118568160
Gm10636	4.83263955903336	-5.89902726606128	1.95078091305078	-3.02393119934516	0.00249513174539577	0.0284824062404173	2.6029065182619	down	100038607
Gm38025	4.76528827729079	-5.87964125053848	1.99531837088411	-2.94671834647283	0.00321165587168329	0.0342553775684128	2.49327099547171	down	NA
Triml1	6.16503891378373	5.87610511105512	2.07067930373324	2.83776686252722	0.00454303521402588	0.0442344424285771	2.34265389686403	up	244448
A630031M04Rik	67.9884318279689	-5.86818376904452	0.79080273640409	-7.42054054558298	1.16643292421084e-13	1.88021462009083e-11	12.9331402302801	down	115486416
2310043L19Rik	4.71606094062119	-5.8498328049081	2.0483325683959	-2.85589991350342	0.00429150392777477	0.042506729686998	2.3673904856533	down	75589
Gm19541	4.62036636645892	-5.82119219400035	2.00425270365947	-2.90442027762853	0.00367933892854849	0.0378228471638764	2.43423020455305	down	100503078
Foxo6os	5.79611063463263	5.78841713860698	1.82868697653981	3.1653406038685	0.00154901507043929	0.0197459905790437	2.80994435694913	up	402730
Gm10220	5.75947081871892	5.78313644200487	1.8937153268331	3.05385733539799	0.0022591948889132	0.0262539461858122	2.64604630315277	up	434689
Adam7	5.74342274011948	5.77588097925934	1.83668667056295	3.1447285330867	0.00166241011931409	0.0207676584155312	2.7792618261699	up	11500
Gm10471	19.9587890351944	5.77571760626924	1.58039583240746	3.65460189645712	0.000257581349070349	0.00465509584558603	3.58908558653379	up	NA
Ifi206	24.90744861364	-5.77416779033843	1.37395086616517	-4.20260136845701	2.63865022895254e-05	0.000726464748984895	4.57861817465427	down	102639543
Gm8104	5.7291276694155	5.7712627719347	2.00004167076155	2.88557126399132	0.00390703996297736	0.039521211933194	2.4081521465915	up	101056159
Pnoc	146.246054643056	-5.76875086994148	0.58787677229559	-9.81285728880762	9.91213629246921e-23	5.2137836898388e-20	22.0038327350157	down	18155
Gm36529	19.8280985544731	5.76475360921104	1.62639271636802	3.5445028443589	0.000393354260467298	0.00660702937665577	3.40521614157362	up	102640479
Gata3	1379.3669529906	5.76370758023425	0.502049937559464	11.4803471707465	1.65614180587377e-30	2.05492261754038e-27	29.7809024798266	up	14462
Chil4	48.9813799843916	-5.75247781306801	1.20189770821665	-4.786162560875	1.70000380426082e-06	6.96304836876337e-05	5.76955010675841	down	104183
Gm5798	19.4234101123509	5.7479603233625	1.90603634429556	3.01566144872586	0.00256419387278124	0.0290704626825372	2.59104914190829	up	108168148
Gm21671	5.6228846473189	5.7468294172943	1.85381863123309	3.09999550143249	0.0019352358186538	0.0233021045441279	2.7132661063557	up	NA
Enho	1187.84148356881	5.73661101154953	0.555132795228942	10.3337634902	4.95764464941484e-25	3.67012597231496e-22	24.3047246055087	up	69638
Vip	19.4056151477385	5.73067816194021	1.57141885110235	3.64681775194445	0.000265508096962032	0.00476817236484915	3.5759222300917	up	22353
Gm20775	38.4122966754797	-5.7239247567334	1.01221638499792	-5.65484301733088	1.55988776792254e-08	1.0497992156645e-06	7.80690664749512	down	665550
Gm12092	100.021765110429	5.70919040706525	0.848995138530542	6.72464440367331	1.76021778138116e-11	2.13231715237859e-09	10.7544335961626	up	102637613
Gm43824	5.45990729076019	5.7046460471589	1.92978759205677	2.95610049035442	0.00311555564016518	0.0335139578032844	2.5064644883505	up	NA
Mcidas	5.44539230682054	5.69909556993571	1.84700381092187	3.08558950243378	0.00203149072797605	0.0242317621009659	2.69218515551725	up	622408
Slc5a11	1025.74830761147	5.6977596453173	0.395777036384605	14.3963876665658	5.45195187068631e-47	1.81622689985463e-43	46.2634479867309	up	233836
Trim15	670.151858401086	-5.67654622546717	0.550441921090012	-10.3127069504921	6.17374421835839e-25	4.40717140844812e-22	24.2094513675421	down	69097
Tac4	5.35146531241432	5.67357373028256	1.97442050593695	2.87353869817624	0.00405901347791484	0.0406878442309738	2.39157950660971	up	93670
Ugt2b35	52.4730863626656	5.66402699563865	1.16133502424777	4.87716884221882	1.07619312660456e-06	4.65604939709351e-05	5.96810978601861	up	243085
Ptprh	427.078918209805	-5.66327289794279	1.01901919621435	-5.5575723391491	2.73552624664485e-08	1.7524903403185e-06	7.56295911392678	down	545902
Csprs	211.309713584475	-5.66241118339618	0.845731991194937	-6.69527845978221	2.15261332217286e-11	2.56109732640424e-09	10.6670339762744	down	114564
Ly6g6f	5.26485231875745	5.65103498525565	1.97222341192318	2.86531178521258	0.00416598841407293	0.0414287227191412	2.38028194219221	up	433099
Slc47a1	321.047428831065	5.63768637931553	0.636858512151266	8.85233732728451	8.57051994490517e-19	2.55682914416066e-16	18.0669928300776	up	67473
Myot	47.1264696384386	-5.63259593231478	1.37285459783043	-4.10283502798926	4.08118260042577e-05	0.0010444901128977	4.38921397357194	down	58916
Chrna3	5.18041973959501	5.62858878820871	1.95506712889681	2.87897469351079	0.00398970347563202	0.0401541757658272	2.39905938092534	up	110834
Lce1c	5.17343866964039	5.62690942945353	1.89306167908551	2.97238568168141	0.00295495229662882	0.0322872980408484	2.52944952577362	up	73719
Gstm2-ps1	105.045920391075	5.62451318815419	1.87488208153831	2.9999290320911	0.00270042516825537	0.0303406960444566	2.56856785299269	up	433943
Ighv2-2	7.75022474676882	-5.6018816756726	1.98713457426992	-2.81907513874884	0.00481622424952294	0.0461710744841556	2.31729329997635	down	777686
Gm2427	7.72000458616638	-5.60055561744633	1.84371942948666	-3.03763985337274	0.00238438734112075	0.0274376132264372	2.62262319253624	down	100039794
Gm47754	818.061800181074	-5.59979497507739	0.967008259472269	-5.79084503180293	7.00331718125338e-09	5.12755691644295e-07	8.15469620394635	down	115488147
Slc5a10	5.06499669129452	5.59376755435008	1.90425411441218	2.93751107691675	0.00330858352148289	0.0350460876668787	2.48035789760455	up	109342
Cfc1	5.04983438752023	5.58979165783837	1.94397740275457	2.87544065580072	0.00403463981272648	0.0405044603600084	2.39419523029199	up	12627
Hes2	5.03620517840574	5.58799509262704	1.99690810980289	2.79832360096861	0.00513686194241012	0.0486153392542109	2.28930210615714	up	15206
Tmprss11d	1586.83747096761	-5.565268924378	0.976397860293295	-5.69979631326341	1.19950660360753e-08	8.41253964663416e-07	7.92099735678126	down	231382
Dnajc25	16.9996813406391	5.56315791077172	1.57020884610821	3.54294138933182	0.000395690634049378	0.00663512113538503	3.40264422931146	up	72429
H2-M10.2	4.95928797147348	5.56288769637921	1.9649104596878	2.83111511211716	0.00463860235796707	0.0448989752692716	2.33361285557835	up	333715
Extl1	271.650015856409	5.55440228770266	0.688596091473546	8.06627042540518	7.24781758819849e-16	1.50905602034283e-13	15.139792745441	up	56219
Nrk	1039.09028772813	-5.55260613751196	0.51740419154637	-10.7316605242738	7.22853943517518e-27	6.2819150534905e-24	26.1409494453504	down	27206
Mgat4c	776.179982982312	-5.53562947939943	0.958547073424021	-5.77502100092554	7.69434876415682e-09	5.53218140640167e-07	8.11382813218101	down	67569
Trim29	477.400397887391	5.53539463309884	0.474977000200725	11.6540266807858	2.18866944459107e-31	3.12479463274903e-28	30.6598198251065	up	72169
Tpsab1	40.9804302139834	-5.51635832971655	1.00178061826952	-5.50655326037901	3.65927290789983e-08	2.2574962861048e-06	7.43660519970302	down	100503895
Zbp1	2734.34184201042	-5.51359400737007	0.891206058632824	-6.18666575923904	6.14500647280235e-10	5.43479599019351e-08	9.21147765531604	down	58203
Ttll6	16.5265642297771	5.50393160967998	1.74351983113179	3.15679323596059	0.00159514410883282	0.020141339511908	2.79720007571417	up	237930
Sec1	329.692298097589	-5.48970404488659	0.806761006873926	-6.8046224323091	1.01314595349535e-11	1.30650073022356e-09	10.9943279858029	down	56546
Gm49248	4.6061693159313	5.45692523538807	1.94758824322251	2.80188856878646	0.00508044183936297	0.0481726145565403	2.29409851605214	up	118567993
S100a5	16.1951491214925	5.45263625546758	1.36887107067286	3.98330885376032	6.79623378694036e-05	0.00161910752006393	4.16773169003963	up	20199
Mir205hg	61.9446811691622	5.45044993242636	1.03374406136933	5.27253324696879	1.34553452313761e-07	7.38861100232818e-06	6.87110515481898	up	70800
Gm20663	42.5448824798484	-5.4427973713955	1.32500972926259	-4.10774143856634	3.9954702518691e-05	0.00103180180096072	4.39843209850945	down	NA
Fut4-ps1	406.621553606804	-5.42096446798094	1.80579584042489	-3.00198081456729	0.00268229079847406	0.0301878538738173	2.57149414023295	down	14346
Aoc1	6421.51106247039	-5.42085023189606	1.5014549961482	-3.610398077733	0.00030572742323502	0.00540785817311645	3.51466560404301	down	76507
Catsperd	231.703964174473	5.40457693019438	0.765138359880513	7.06352891657187	1.62326401929222e-12	2.35114501576904e-10	11.7896108376621	up	106757
Gm37711	15.5310181433715	5.39122788233468	1.37041579797117	3.93400885360205	8.35407039049624e-05	0.00192767753118408	4.07810186973701	up	NA
4921504E06Rik	6.83562882400762	-5.38571249300597	1.92605873836683	-2.79623481139143	0.00517018216297608	0.0488151162369229	2.28649415497538	down	70909
Gldc	649.836437488067	5.3825409419651	0.600614041390299	8.96173011457677	3.19623365000236e-19	9.98223721816363e-17	18.4953614805477	up	104174
Ifit1	3432.94547950519	-5.3790730761133	0.976849938027167	-5.50655005105165	3.65933958724213e-08	2.2574962861048e-06	7.4365972860526	down	15957
Gm34730	15.3477819802933	5.37884616270186	1.39972964128979	3.84277506457996	0.000121650953202071	0.0025649359204673	3.9148844837839	up	102638082
2210009P08Rik	70.9834757894564	-5.37305734840352	1.17679760083804	-4.56582962488806	4.97522737444019e-06	0.00017885763446099	5.3031870666352	down	72292
Sprr2b	1774.0520926742	-5.36747978587217	0.934955971682063	-5.74089042526316	9.41800185932401e-09	6.7231078987203e-07	8.02604122815385	down	20756
Gsta4	10507.1512673325	5.36543473774321	0.592841297766682	9.05037276916363	1.42481097038437e-19	4.52049550413378e-17	18.8462427496656	up	14860
Npy4r	286.372333540088	5.35269051597182	0.588541061973634	9.09484632732662	9.47203246226629e-20	3.15544974759631e-17	19.0235568222176	up	19065
Adprhl1	8.46894467698574	5.34701406090764	1.61677330762753	3.30721322258461	0.000942291383890607	0.0132730938556769	3.02581477995885	up	234072
Ctdsp2-ps	89.668345897446	-5.31663344580515	0.997589199021399	-5.32948176566125	9.84934081766665e-08	5.60879271406043e-06	7.00659283435818	down	100043719
Snhg11	1379.25227796646	5.30771152124795	0.636739316123419	8.33576847988942	7.69964509913189e-17	1.85422296676444e-14	16.1135292923653	up	319317
Sowaha	119.718455121117	5.29538203334798	0.583508164890137	9.07507786861045	1.13596246115119e-19	3.72223240549016e-17	18.9446360200196	up	237761
Guca1b	37.3164709401366	5.29222709148382	1.29096429757777	4.0994372202342	4.14155991293182e-05	0.00105723498773539	4.38283605163755	up	107477
Slc6a3	21.3427841012488	5.28603228380695	1.21928398569221	4.33535775572904	1.4552325235028e-05	0.000442727361944809	4.83706760763619	up	13162
Tmprss11b	377.667323956664	-5.27147914653917	0.933984091426104	-5.64407808969222	1.66068690566382e-08	1.10646032901361e-06	7.77971223868624	down	319875
Ugt2b34	1237.63787078485	5.25011143330836	0.789252758201443	6.65200264269252	2.89131509930606e-11	3.39950624734880e-09	10.5389045757687	up	100727
Gm36241	11.0781953860387	-5.24692451991501	1.45259785274638	-3.61209711965001	0.000303730764244259	0.00537729895103123	3.5175112170878	down	102640087
Rsph4a	39.9886424243485	5.2202290052765	1.00537990526634	5.19229495032882	2.07717585357054e-07	1.0868741089311e-05	6.6825267345663	up	212892
Uox	2358.58756716624	-5.20492599006876	0.867040924850014	-6.00309148148818	1.93595465878159e-09	1.56663407772172e-07	8.71310481834557	down	22262
AC147806.2	158.350785968545	-5.18534906752943	0.786182655087961	-6.59560349490193	4.23529459669367e-11	4.80994706810869e-09	10.3731163758247	down	NA
Gm5406	7.54039397566964	5.17965816542733	1.68158467918399	3.08022440353157	0.00206844684920489	0.0245247093163188	2.68435563425292	up	385905
Aldh3b2	1115.50603920792	5.17859714523588	0.608023462233935	8.51710084707789	1.63597033758489e-17	4.13921203894264e-15	16.7862245749556	up	621603
Gm47751	26.907740712796	-5.17543912073193	1.1622200411484	-4.45306304959086	8.46538830034227e-06	0.000277842662310741	5.07235311637037	down	NA
Gm7361	22.3033881397334	5.17426221329826	1.19639320552096	4.32488431848389	1.52611926442094e-05	0.000455965199659878	4.81641152545325	up	664837
Gm32772	45.3434077455397	5.17284590094944	0.849621384970811	6.08841301837894	1.14035379563584e-09	9.57705532233997e-08	8.94296038756295	up	102635433
Ifit1bl2	83.0350815739866	-5.17082955096181	0.90762659815482	-5.69708904683265	1.21870283431201e-08	8.51728400427569e-07	7.91410217883753	down	112419
Gm10727	7.48592704471634	5.16676253094333	1.70551164249111	3.02945016745628	0.00244999318208928	0.0280230944788462	2.61083512420082	up	NA
AC125149.3	105.256140951759	-5.15295221552442	0.946219213826743	-5.44583341811948	5.15633768687003e-08	3.10436378569753e-06	7.28765864858358	down	NA
Daw1	97.618365247964	5.14240172428393	0.808263081771346	6.36228703284841	1.98771538408141e-10	1.95716527571523e-08	9.70164580101113	up	71227
4930511M18Rik	20.0333990333969	-5.1406580333662	1.42073838738848	-3.61830022965416	0.000296544270982023	0.00526873501190104	3.5279104618007	down	75063
Stac	316.38967913451	5.13723925816211	0.564301014421657	9.10372146579814	8.7288443647158e-20	2.95715493494813e-17	19.0590432499082	up	20840
Ly6i	15.9818662595352	-5.12773734478413	1.63609204410541	-3.13413744859806	0.00172360099732466	0.02135854726257	2.76356326328843	down	57248
2010310C07Rik	7.17762943890754	5.10164707927171	1.68220474141092	3.03271471877602	0.00242364604800687	0.0277933661546536	2.61553080472919	up	72131
Gm36101	12.5494712278022	5.10049412318458	1.41556559274741	3.60314926367011	0.000314384870795913	0.00551705425589879	3.50253836176732	up	102639899
Gm48874	52.6020211314153	-5.09763772465007	1.06062888931956	-4.8062406898236	1.53794733306212e-06	6.37769528905511e-05	5.81305853667512	down	NA
4732414G09Rik	161.037233318198	5.0960871135046	1.00147143554862	5.08859956720871	3.60717377785111e-07	1.79800971251092e-05	6.44283293476956	up	100043309
AC167036.1	184.744751035058	-5.09057277938904	0.909628809701875	-5.5963187677152	2.18950970058268e-08	1.42553485000803e-06	7.65965312633383	down	NA
D630024D03Rik	12.47348221441	5.0878226296095	1.72352298427129	2.95199000886005	0.0031573314671695	0.0338203329934533	2.50067982203367	up	414116
Wnt2	246.816829473766	5.07914970157667	0.642653619512653	7.90340168849958	2.71393219689822e-15	5.31824281878448e-13	14.5664010066692	up	22413
Duox1	152.699146956236	5.07820098850733	0.616980454236815	8.23073235729792	1.86072293642271e-16	4.27495747738128e-14	15.7303182889545	up	99439
Gsdmcl-ps	6.95245695100042	5.03624598015237	1.79684692708553	2.80282416060956	0.00506572801337929	0.0481015541716985	2.29535813184897	up	74460
Igkv16-104	24.7160269891097	-5.00919232889809	1.51128881672151	-3.3145169033704	0.000918016292630837	0.0130181622414755	3.03714961102438	down	381778
Gm13418	9.37006695525361	-5.00672245375756	1.72098478159946	-2.90921948136251	0.0036233238908483	0.0373699679722786	2.44089284241566	down	433410
Ifi44	3032.71726346051	-5.00506427754717	0.850668551994954	-5.88368321105734	4.01235483206021e-09	3.06102856424502e-07	8.39660066717914	down	99899
Rgs6	239.166647408023	5.00231578305725	0.544967115622986	9.1791149220789	4.34649117870067e-20	1.57959392145216e-17	19.3618611974481	up	50779
Ddx4	428.877544230199	-5.00162229902505	0.925558795303401	-5.40389473300343	6.52092228549204e-08	3.82927392499545e-06	7.18569097556053	down	13206
Tnip3	209.168175810771	-4.98901897065178	0.904610249483435	-5.51510329835494	3.48575159908266e-08	2.1705047651858e-06	7.45770356472787	down	414084
Chil3	80.0894011124514	-4.9810092372551	1.1662783755839	-4.27085791997246	1.94722438211796e-05	0.000554431922361449	4.71058400107324	down	12655
Gm11528	35.0353532582526	-4.96593836680747	1.33742149235444	-3.71306906251767	0.000204760981580913	0.0038610966979616	3.68875279720075	down	102631496
Dsg3	124.531963244	-4.96169109616042	0.670822101990128	-7.39643354242589	1.39890765555651e-13	2.2191560491479e-11	12.8542109531321	down	13512
A330033J07Rik	50.9316818587417	4.95830197236915	0.824024425858822	6.01717839516889	1.77483454510671e-09	1.45989271142358e-07	8.75084212683219	up	320614
Defb1	163.545476841471	4.95516231477512	0.749475097471045	6.61151028432477	3.80418685167683e-11	4.3700049880067e-09	10.4197381598053	up	13214
G630018N14Rik	19.8764594678034	4.9343788863306	1.45476103276693	3.39188277331398	0.000694141315316463	0.0104241146585616	3.1585521056049	up	414126
Gpa33	550.178411387758	4.92827659830513	0.539537264326721	9.13426546070927	6.58522895778212e-20	2.30922028786226e-17	19.1814291207215	up	59290
BB218582	124.041788389215	4.92780403008728	0.866270741958729	5.68852645183999	1.28140265578209e-08	8.86251774524995e-07	7.89231438024246	up	102640562
Cspg5	535.72633655424	4.89162834435819	0.482698581935931	10.1339190281845	3.90670483747475e-24	2.29668283210133e-21	23.4081893997039	up	29873
Stum	1415.66698689162	4.86997096035203	0.529749107058535	9.19297625132932	3.82119403662222e-20	1.41440789637046e-17	19.4178009086883	up	381310
Tbx4	274.800095495164	4.86977185838621	0.574782265866774	8.47237666778492	2.40436187019176e-17	5.93313395819665e-15	16.6190001679504	up	21387
9330158H04Rik	12.8618833195039	4.86846887588837	1.40137964774091	3.47405421773934	0.000512657433497037	0.0081519465240563	3.2901727410047	up	319472
B430212C06Rik	10.7452131559571	4.8648638804652	1.62979495740578	2.98495455416602	0.00283620457828756	0.0313551200834136	2.54726244626154	up	338360
2610027K06Rik	94.2450033068394	4.86254462378999	0.908728421625516	5.35093269680282	8.75020631929568e-08	5.0114362151886e-06	7.05798170671766	up	69909
Gm19510	41.5640374814556	4.86044413162098	1.02685024241993	4.73335247033354	2.20841496885174e-06	8.88164957694339e-05	5.65591931783163	up	100503021
Ms4a4c	312.475511503732	-4.85359519237155	0.886650208329294	-5.47408115035255	4.39787510410021e-08	2.68002218234009e-06	7.35675710839276	down	64380
Kir3dl2	8.76629952319981	-4.84734341488578	1.66900964372055	-2.9043231913748	0.00368048017479186	0.0378228471638764	2.43409551728887	down	245615
Hmgcs2	2004.90739748457	4.84317696002242	0.636098579296147	7.61387797058353	2.65991945488845e-14	4.58331638485435e-12	13.5751315140558	up	15360
Mei1	10.3465466286224	4.83048051669205	1.57528295868723	3.06642085477618	0.00216638152634636	0.0253819659722221	2.66426505639231	up	74369
Gm13031	29.227420191693	-4.81667231178296	1.25624390853583	-3.83418560603955	0.000125980990706652	0.00264016818543388	3.899694980708	down	100126227
Gm5441	10.3059548485639	4.81652137499976	1.49178604527384	3.22869448354144	0.00124356669708063	0.0165599008269471	2.90533091695031	up	432713
Bmp10	19.9418847953582	4.80944560594517	1.23152833994151	3.90526587977148	9.41218431809823e-05	0.00211382854101289	4.02630957665654	up	12154
Lancl3	154.275848663774	4.80348093665042	0.709359345792643	6.77157630352072	1.2738674513118e-11	1.5814945724733e-09	10.8948757589384	up	236285
Spta1	172.896407975495	-4.80345276760949	0.674224750374938	-7.12440883390632	1.04528348848384e-12	1.54763899020852e-10	11.9807659097563	down	20739
Pla2g10	138.919913336568	4.77884686440971	1.0962932700212	4.35909532156235	1.30601220770361e-05	0.000404722046629142	4.88405276355594	up	26565
Slc26a9	533.489563966746	-4.7656411095397	1.57053810753394	-3.03440017576059	0.0024101450144973	0.0277021153247682	2.61795682584784	down	320718
Gvin1	164.582729429734	-4.76299112548764	0.841665312460499	-5.65900846212095	1.52250049115143e-08	1.02809931814645e-06	7.81744255859372	down	74558
2310002F09Rik	115.094438466889	4.75999390643111	0.701282754455011	6.78755306071978	1.14051319379958e-11	1.43451626952348e-09	10.9428996863091	up	100504720
Gsta2	202.34844786789	4.74447822212798	0.538279997115156	8.81414551451925	1.20601331334156e-18	3.54496972162811e-16	17.9186478979348	up	14858
Asb16	29.2654547600303	4.74337265257455	0.929284800081526	5.10432609266654	3.31975400802578e-07	1.68414322620353e-05	6.47889409608965	up	217217
Tmprss11g	1555.31643794044	-4.73856941249335	0.529924484470369	-8.94197107580204	3.82289664124129e-19	1.17557012407894e-16	18.4176074437402	down	320454
Gm15984	50.2328640952374	4.73591452441413	0.905396141446133	5.23076508460678	1.68809917084962e-07	9.04603920293358e-06	6.77260204344044	up	102634697
7420701I03Rik	8.39341670106245	-4.73291247307803	1.59835454418516	-2.96111553615964	0.00306526927760043	0.033189925417485	2.51353136759284	down	71457
Kcnc4	159.803571319288	4.72425404023232	0.729603840512884	6.47509480886415	9.47524268587293e-11	9.96795530553832e-09	10.0234096577941	up	99738
Slc5a7	9.7870425592216	4.72209040909664	1.65724982068732	2.84935339871584	0.0043808189831278	0.0430617029253654	2.35844469164102	up	63993
Dlx3	18.6718531847285	4.72052518061018	1.30552934706369	3.6157940005158	0.000299428424533307	0.00531525341880261	3.52370697476112	up	13393
Slfn1	170.623779952816	-4.71870087269405	0.982754984297598	-4.80150286499603	1.5747925554566e-06	6.50350280960053e-05	5.80277664692458	down	20555
Gm28497	49.2574823395471	4.70300751790642	0.776762682909015	6.05462597700166	1.40744294164191e-09	1.16730163973189e-07	8.85156920260973	up	102640814
Krt12	109.322501606637	-4.70262850542259	0.610981505499238	-7.69684264269182	1.3946947456362e-14	2.46700518369702e-12	13.8555208352523	down	268482
Gm14042	9.69913492589546	4.70066922944121	1.47145988600743	3.19456158753721	0.00140043401120389	0.018176542218145	2.85373735042142	up	105244298
B230334C09Rik	59.7477200698114	4.69365266726362	0.873426645223208	5.37383727979141	7.70784215613796e-08	4.43989478434828e-06	7.11306718755838	up	NA
Treml1	46.8322511515555	-4.69033378502529	1.26102558915959	-3.71945964090322	0.000199649444600696	0.00377897073738515	3.69973189361985	down	71326
Cntn2	61.4692275098725	-4.6748027362052	0.717779283495928	-6.51286940664641	7.37286078611533e-11	8.09718359301501e-09	10.13236396634	down	21367
Pga5	32.2042147209144	4.67138913763169	1.38378625216723	3.37580253475965	0.000736007232327615	0.0109295339973433	3.13311791807481	up	58803
Cxcr2	23.3769805858174	-4.65912528027653	1.49296163054057	-3.12072673869693	0.00180405355049513	0.0220681899432661	2.74375057525341	down	12765
Mefv	42.5857550207955	-4.6589688877418	1.04390661990832	-4.46301306926376	8.08151217113635e-06	0.000266997132688716	5.0925073686642	down	54483
Wnt11	312.990870077155	4.65403804994281	0.803846339993862	5.78971106589644	7.05076058144325e-09	5.1434526460543e-07	8.15176403215651	up	22411
Krt87	627.576529090035	-4.62822989295542	0.839563554478125	-5.51266174939233	3.53447108684958e-08	2.19400646223445e-06	7.45167556666163	down	406219
Isl1	41.3052485473275	4.62478553358133	0.917121841084456	5.04271660144166	4.58968755734533e-07	2.21591002164779e-05	6.33821687802251	up	16392
Gm15917	9.16002830699536	4.62358647619831	1.58700063117092	2.91341186977787	0.00357502732204997	0.037136593990282	2.44672063476634	up	NA
Shisa9	136.014002292665	4.62006308663318	0.681440330448377	6.779849797844	1.2030088732056e-11	1.5028588348521e-09	10.9197311693601	up	72555
Duoxa1	215.154886232939	4.61308046146584	0.950403705234718	4.85381152878246	1.21110844472001e-06	5.11789336005573e-05	5.91681696764567	up	213696
Aldh1a7	657.820939394526	4.6049561136959	0.531797469109591	8.65922908848392	4.74965422295111e-18	1.3004943644979e-15	17.3233380060657	up	26358
Galnt9	54.6800305476759	4.6032519427907	0.749749816423275	6.13971733231064	8.26684509617087e-10	7.09174677177096e-08	9.08266020008948	up	231605
Gm4355	16.8371780608839	4.59955045855549	1.28497124168394	3.57949680844829	0.000344256452538364	0.00595757400288902	3.46311791083707	up	100043317
2310015D24Rik	17.5265739629945	4.59219951331703	1.17294207782685	3.91511192251298	9.03622804822869e-05	0.00205245597986358	4.04401281727828	up	70100
Ifit3	1310.48203850626	-4.58307855260148	1.02559205368036	-4.46871495947633	7.86909079904515e-06	0.00026127472905534	5.10407544346915	down	15959
Hsd17b14	133.490894163981	4.57745471779036	0.533247555358322	8.58410820976851	9.15437738162085e-18	2.39846122808621e-15	17.0383711881096	up	66065
Gm4759	743.234522040947	-4.57588206962158	0.858790707300707	-5.32828549578067	9.91441962348685e-08	5.62981305210952e-06	7.00373270371732	down	NA
Acer2	6805.24387403945	4.57528490468149	0.386723460406195	11.8308956479543	2.70242701099624e-32	4.15508546890714e-29	31.5682460269397	up	230379
Mypn	77.6853583501108	4.57398468200411	0.719556415004664	6.35667278704542	2.06170511235569e-10	2.02006675420419e-08	9.68577345216362	up	68802
Mrap2	28.1072449026677	4.57018104481498	0.973990899675949	4.69222150467268	2.70254287832371e-06	0.000105504740335809	5.56822740683935	up	244958
Frmpd2	8.80450932372308	4.56358522053986	1.56050582694471	2.92442690167638	0.00345091119581415	0.036131853232003	2.46206621650223	up	268729
Cntn4	158.953154439037	4.55829308586639	0.532339871983612	8.56274971266235	1.10207006634562e-17	2.82412519052772e-15	16.9577907934516	up	269784
Kcnt1	33.3618358539877	4.55095165988249	1.21648621006362	3.74106308993382	0.000183243510502778	0.00354910008520302	3.73697139678364	up	227632
G730013B05Rik	8.54329620085868	4.54264891144297	1.5589376979374	2.91393871445489	0.00356899963927209	0.0371161107126797	2.44745349593959	up	619312
Gm14317	16.9154117530921	4.53164623746687	1.23069910007633	3.68217238249854	0.000231254950771618	0.00423677722825215	3.63590896098988	up	670507
1700007K13Rik	22.055749335313	4.52217531401629	1.23532961186345	3.66070340303327	0.000251523787156322	0.00456389719954925	3.59942093648392	up	NA
Gm13791	8.53253714478809	4.51108660532657	1.51071334447806	2.98606391597415	0.00282593571291418	0.0312657583967428	2.54883772212093	up	102634512
AI115009	248.284014687712	-4.50616710067214	0.568499749715284	-7.9264187942544	2.25556021712853e-15	4.46377600197675e-13	14.6467455739675	down	99542
Galnt13	464.448321396592	-4.50537719074687	0.79246739570421	-5.68525243457273	1.30619575537959e-08	9.00284164087146e-07	7.88399173185854	down	271786
Klra10	26.1492450176927	-4.50166268900285	1.60450686347069	-2.80563629330033	0.00502173390320724	0.0477745917455051	2.29914630385538	down	16628
Trim58	26.6540146681424	-4.49437760361642	1.00040985064884	-4.49253633468472	7.03799058084955e-06	0.000238967025453339	5.15255131872956	down	216781
Entpd3	862.061458228114	4.49229163003106	0.618175817132835	7.26701288780073	3.67523754257361e-13	5.65081907699703e-11	12.4347145858056	up	215446
Cntfr	646.44791570651	4.49161187777124	0.451472329111173	9.9488087932521	2.55219785958566e-23	1.41703696714995e-20	22.59308565989	up	12804
Hpse2	200.884996840016	4.48854112444234	0.569887530893902	7.87618763548274	3.37521255893392e-15	6.48689890653569e-13	14.4716988716433	up	545291
Gm28905	19.8905460984208	4.48459278398802	1.18744648552024	3.77666938146121	0.000158939485030281	0.00316738028592747	3.79876819844678	up	102633974
Hrh1	152.862491808474	-4.4799526541721	0.707955229718541	-6.32801689444851	2.48331958078062e-10	2.34134866889826e-08	9.60496738707511	down	15465
Irf7	4945.71006905292	-4.47529642287812	0.920602977991822	-4.86126650669804	1.1663709990905e-06	4.99632622587886e-05	5.93316328728703	down	54123
Rnf183	144.946043217335	-4.47060805553097	0.787607888599528	-5.67618496493262	1.37731850741466e-08	9.46042691622139e-07	7.86096561673848	down	76072
4932435O22Rik	23.7174138008259	4.46106970942167	1.16378354179467	3.83324694774618	0.000126462885438477	0.00264407965914673	3.8980369133364	up	319819
Gm7897	54.5340066752811	-4.45723098622275	1.14225954699422	-3.90211751606861	9.5354840721331e-05	0.00212955592886923	4.02065725494939	down	666028
Gm12250	856.086146926934	-4.44667052229143	0.914183313022188	-4.86409066863322	1.14984199158353e-06	4.94258961887562e-05	5.93936183520995	down	631323
Npy	21.0377426681079	4.446212713444	1.42004184312205	3.13104345127515	0.00174186386418373	0.0215182193957354	2.75898579039846	up	109648
Gm12153	23.234814518485	4.42722124760607	1.27272685312613	3.47853212708738	0.000504167999329315	0.00804896962507536	3.29742472342702	up	102638460
9030622O22Rik	190.809507992847	4.42632012028058	0.568458467721297	7.78653212436746	6.88734151071204e-15	1.26297414785424e-12	14.1619483818701	up	100043820
Dhx58	914.686876019751	-4.4238373284706	0.781359470818326	-5.66171844546464	1.49864572195708e-08	1.01542137933824e-06	7.82430102171072	down	80861
Crtac1	367.671016833804	-4.42065834874748	0.671720537524568	-6.58109749783524	4.66988216681421e-11	5.24391037922935e-09	10.3306940776669	down	72832
Aqp4	476.778634612499	-4.41415382672604	0.945355038323017	-4.66930798248708	3.02216023050683e-06	0.00011528041734231	5.51968251372955	down	11829
Tmprss11e	360.270539558496	-4.41346748610731	0.848561416202297	-5.20111732850122	1.98093992615687e-07	1.05026597464253e-05	6.70312869464528	down	243084
Trp63	1295.13992292492	4.40379473965162	0.77623815123889	5.67325212323446	1.40111782988797e-08	9.5909394465071e-07	7.85352534029	up	22061
Oas2	5283.80735877751	-4.39234067675981	0.812506604694634	-5.40591381212291	6.44787984770051e-08	3.80177647185362e-06	7.19058306393976	down	246728
Col19a1	24.7566071870062	4.38631497581787	1.00282454869211	4.37396051137611	1.220124591693e-05	0.000378693328241609	4.91359581955312	up	12823
Syngr1	473.97658916988	4.38092416955931	0.475051784405496	9.22199287187568	2.91628850973427e-20	1.09982593835035e-17	19.5351695132802	up	20972
Sprr2d	72.5449577942322	-4.37546749275144	0.943430169819877	-4.6378286731988	3.52088444680333e-06	0.000132533782151987	5.45334822796565	down	20758
Cyp1b1	474.368610468969	4.37430183850337	0.622834345217766	7.0232187291694	2.16814381623976e-12	3.11775961143887e-10	11.6639119137721	up	13078
Gpnmb	1134.93658517924	4.35792959292101	0.712037072914153	6.12036895085437	9.33589368178175e-10	7.97460867142964e-08	9.02984410272944	up	93695
Hcrtr1	126.803494268918	4.35055971322253	0.593502240089228	7.33031725805864	2.29608523230355e-13	3.58548059556901e-11	12.6390119946573	up	230777
Col25a1	626.280909818702	4.34420420737101	0.628157108877638	6.9157924760782	4.65255068746421e-12	6.28345832034018e-10	11.3323088867268	up	77018
Sprr2f	33417.143710541	-4.34097724878875	0.893273188244075	-4.85963007276855	1.17605293994022e-06	5.02285174434295e-05	5.92957312808435	down	20760
4933421A08Rik	12.603041661273	-4.33277985876755	1.46546331176938	-2.95659387988103	0.00311057522445605	0.0334990180961356	2.50715929145324	down	71097
B3galt5	435.708405416853	-4.32813476012935	0.455029984518127	-9.51175726301379	1.87468538522031e-21	7.49424229595673e-19	20.7270716062975	down	93961
Gm14216	81.1966687327441	-4.32456002289225	0.832319077066538	-5.1957958696969	2.03845844569306e-07	1.07222914243455e-05	6.69069813728523	down	102635751
Isg15	2532.89518690957	-4.32362963370882	0.891233825125795	-4.85128538865606	1.22663892285211e-06	5.17258624260928e-05	5.91128325869981	down	100038882
Atp2b3	21.4636726677925	4.31961504129406	1.40640988484591	3.07137704863852	0.00213073897331084	0.0250672222475203	2.67146975037693	up	320707
Slc16a14	3903.36013471763	-4.3188948939699	0.665979377176421	-6.48502797831503	8.87153207666709e-11	9.48257663895304e-09	10.0520013728418	down	71781
Lcn2	31255.656523793	-4.31852477336959	0.94335843683446	-4.57781963328898	4.69847535668838e-06	0.000169212838611689	5.3280430466595	down	16819
Oxtr	5728.50363244927	-4.31667431206635	0.556480624254887	-7.75709723558888	8.68953065272862e-15	1.578966715334e-12	14.0610036804483	down	18430
Lrrc7	133.309366287167	4.31548580833535	0.777690787691273	5.54910238958431	2.87139986782662e-08	1.82201716057519e-06	7.5419063239444	up	242274
Gm49368	29.6414614200603	-4.3024662329148	1.16609759934841	-3.68962789677205	0.000224582300753044	0.00413142072138254	3.6486244733113	down	118261720
Ly6d	5303.79215774504	4.29134227147551	1.4647962431759	2.92965133646932	0.00339342527003118	0.0357364511577362	2.46936171039485	up	17068
Smim31	300.623147312523	-4.290258017882	0.955599189874959	-4.48959989014158	7.13570793868001e-06	0.000241334230589401	5.1465629337462	down	407795
Ifi211	557.67908954323	-4.28945271723562	0.732300839283702	-5.85750075260235	4.69884689427146e-09	3.53084780912398e-07	8.32800870565939	down	381308
Muc13	70.6337868518672	-4.27508090804778	0.84840047100393	-5.03898931478549	4.67996608892475e-07	2.25405210085369e-05	6.32975729381609	down	17063
Krt78	71.7892067480024	4.274724533117	0.857981469267134	4.98230403130776	6.28316104602662e-07	2.89372864027604e-05	6.20182180857877	up	332131
Tnnt2	2268.60458681037	4.26910112551891	0.52655476385537	8.10761086702753	5.16247574205002e-16	1.12160396882713e-13	15.2871419760365	up	21956
Smad9	249.220917173819	4.26761868559626	0.447453722359271	9.53756438340608	1.46226113522131e-21	5.96483174914357e-19	20.834975062769	up	55994
Gm26588	20.4279706575021	4.2608988524195	1.33760758436903	3.18546253939599	0.00144522813236218	0.0186851357759737	2.84006359318017	up	102639841
Ccl7	484.933816701296	-4.24689318201339	0.961752685424001	-4.41578510398554	1.0064403177896e-05	0.000322019901270489	4.99721197380379	down	20306
Gm31727	32.3421319430762	-4.24059802328214	1.20128061969676	-3.53006446100213	0.000415458430338424	0.00688572396816287	3.38147242405267	down	102634047
Lypd3	262.16366013443	4.2398231945185	0.98745007028444	4.29370893993374	1.75712797245878e-05	0.000511974838389301	4.75519660748094	up	72434
S100a8	21.4999332323629	-4.23963953456735	1.23170724783485	-3.44208377601088	0.000577251446756783	0.00894426505253843	3.23863496994357	down	20201
Sprr1a	6599.1097712265	4.2374719779309	0.584626766727779	7.24816621320385	4.2245200620937e-13	6.44577916039152e-11	12.3742226230986	up	20753
Dmrtc1a	22.4147659008631	4.2328408804832	1.02084225814492	4.14642012192474	3.37713920559448e-05	0.000897636415444447	4.47145103738783	up	70887
Krt84	1081.88295709942	-4.23150123718055	0.946149333615274	-4.47233971091204	7.73683895845862e-06	0.000257924814164583	5.11143644284521	down	16680
Gm41206	23.5673852996715	-4.22892379410836	1.48172079428171	-2.85406252677881	0.00431640349324409	0.0427103011019377	2.36487796466134	down	105245816
Gm12248	935.214943072538	-4.22792588771003	0.463520481253791	-9.12133564470285	7.42040985067749e-20	2.55722676026451e-17	19.1295721067194	down	NA
9330159F19Rik	176.955229332713	4.22183032166943	0.54932234740766	7.68552443131602	1.52371524298328e-14	2.67158072603069e-12	13.8170961878233	up	212448
A930001A20Rik	92.2890562082273	-4.22144958994623	0.996497299765027	-4.23628803704902	2.27245235079648e-05	0.000637051579070407	4.64350521437799	down	77127
Gm35608	28.7460632875613	-4.22125894298377	1.07341069819355	-3.93256649117413	8.40437223538198e-05	0.00193310232728211	4.07549472064111	down	102639255
Saa3	322.655109413215	-4.22031487375973	1.0427328237246	-4.04735976247964	5.17985965853686e-05	0.00128774918973675	4.28568200673135	down	20210
Padi2	5633.09159855396	-4.21990896176398	0.801182475466777	-5.26710093016628	1.38595016366693e-07	7.54833021018379e-06	6.85825238591006	down	18600
Bpifb1	30.0911331671056	4.21382263450977	1.11203421373493	3.78929225599725	0.000151077092400798	0.00303185634830035	3.82080138210795	up	228801
Muc4	10592.2424561203	-4.21189884918375	1.43603617596718	-2.93300330428446	0.00335700319192446	0.0354275500528966	2.47404824581349	down	140474
Klra13-ps	96.3674118115841	-4.20583989363045	1.12942351007449	-3.72388201247295	0.000196182638861853	0.00373101673222713	3.70733942804733	down	16631
Apol7a	724.416547053748	-4.19280152775476	0.822251966185155	-5.09916874654286	3.41148321174565e-07	1.72193753627202e-05	6.46705676158594	down	75761
Mreg	392.35512428811	4.1923778315179	0.484146468524302	8.65931717791195	4.74598554269359e-18	1.3004943644979e-15	17.3236735890723	up	381269
Gm4841	87.6537928617981	-4.18581331143334	1.07257148661466	-3.90259611006904	9.51664303606562e-05	0.00212772551459597	4.02151622052509	down	225594
Gm4070	325.449636996051	-4.18342686892346	0.721868132359295	-5.79527850225316	6.82078956082972e-09	5.01227726992149e-07	8.16616534938107	down	NA
Cabp7	79.1640708999723	4.17249960427672	0.732601362195333	5.69545706518112	1.23041847231001e-08	8.55105874650201e-07	7.90994715741741	up	192650
Anxa13	23.0680673447041	4.17202639146925	0.930816569818817	4.48211444310809	7.39070890398979e-06	0.000247861559686154	5.13131390283316	up	69787
2610528A11Rik	17.0991995276659	-4.16496089819538	1.27163394803173	-3.27528287888353	0.00105556218954891	0.0145307004440108	2.97651617468954	down	NA
Ksr2	226.701625335886	4.16452258952484	0.632369463434755	6.58558458358343	4.53099053553577e-11	5.11669145899938e-09	10.3438068449868	up	333050
Tsku	3008.84791815529	4.15893802102082	0.51726955598893	8.0401755194536	8.97098800084272e-16	1.8112334157661e-13	15.0471597242151	up	244152
Ly6c2	287.820043276241	-4.15066149917607	1.11165245821694	-3.73377620720922	0.000188630117287996	0.00362184321263445	3.72438896521612	down	100041546
Dmgdh	33.9273411449439	4.150605433617	0.899470510212928	4.61449862612443	3.94045381675182e-06	0.000145855168313399	5.40445375818423	up	74129
Dlk1	68.0008145432627	4.14780522965642	1.07370095739622	3.86309167472017	0.000111960966683197	0.00240373340715763	3.95093336044376	up	13386
Hoxb13	12.9520939707714	4.14741756557883	1.43547210750976	2.88923591331477	0.00386179230378412	0.0392223092317261	2.41321108730081	up	15408
BC023105	205.956760551394	-4.14395760533324	1.0806490480569	-3.83469324549391	0.000125721097012536	0.00264016818543388	3.90059183808707	down	667597
Lpo	127.793560235515	-4.14281527968927	0.894359164433559	-4.63216059547298	3.6186927065705e-06	0.00013570437114246	5.44144829489871	down	76113
Cyp2f2	253.411078607177	4.13937953940873	0.866079386492774	4.77944586139076	1.75778995553052e-06	7.18501137651209e-05	5.75503302152846	up	13107
Ano5	820.76647590707	-4.13650756112516	0.471616590225046	-8.77091189508685	1.77225082209459e-18	5.06053563314668e-16	17.7514748135196	down	233246
Inhbb	17668.2313972834	-4.136377105759	0.573753915001039	-7.20932266885099	5.62308730637511e-13	8.45069692329516e-11	12.2500251734028	down	16324
Oas1g	1758.43840546582	-4.13318124713255	0.82273445039237	-5.02371238394283	5.06821200568765e-07	2.41481721269838e-05	6.29514522666655	down	23960
Gdpd3	200.747648989571	4.1329404640089	0.86305456574894	4.78873599425596	1.6783510878821e-06	6.88847670320072e-05	5.77511718559262	up	68616
Ifi202b	4935.03524598873	-4.12399539824095	0.799921690058628	-5.15549890632256	2.52956518450565e-07	1.31669137780987e-05	6.59695412475261	down	26388
Ugt2b1	53.1860239842675	4.11859437984015	1.19388827158259	3.44973183661535	0.000561143669350482	0.00877632211500582	3.25092593229465	up	71773
Mpped2	123.559406454661	4.11152944625387	0.479029370192027	8.58304250657051	9.2396194998318e-18	2.39846122808621e-15	17.0343459132524	up	77015
Gm15230	20.9605143600337	4.11081554002214	1.00385889884774	4.09501329792527	4.22144157194573e-05	0.00107625222117412	4.37453921732459	up	102631592
Nr1h4	60.3999119408216	4.1085087535435	0.828565693937459	4.95857936625315	7.10105284657804e-07	3.24054439035164e-05	6.1486772552865	up	20186
Gm38407	14.4431608431721	4.10390666548379	1.14795316189795	3.57497744829472	0.000350258085869975	0.00602460347807427	3.4556118300374	up	328061
Asz1	161.768207322752	4.10162482936907	0.55390233307135	7.4049603774475	1.31189633334801e-13	2.09777471287681e-11	12.8821004817543	up	74068
Spink4	26.4562078967116	-4.09300191358227	1.12526202619159	-3.63737673387493	0.000275428932378374	0.00494189721757536	3.55999044130386	down	20731
Gm35585	43.6361744794194	4.08961322843589	0.829723599291156	4.92888623624747	8.26997099419508e-07	3.70628206798142e-05	6.08249601367395	up	102639226
Ngb	390.34787698707	4.08669021797253	0.416415839806379	9.8139643772262	9.80394638480993e-23	5.2137836898388e-20	22.0085990724551	up	64242
Lrg1	1065.66568417889	-4.08616371857694	0.730817287512128	-5.59122476766688	2.2547347919931e-08	1.46323503319344e-06	7.64690453367404	down	76905
Sult1d1	4404.94724343058	4.07747537845784	1.0111898672609	4.03235387386039	5.52209512257247e-05	0.00135920145516726	4.25789611655722	up	53315
Gm4869	38.4994650465691	4.05748009737695	0.881710266433943	4.60182925371543	4.18796469786322e-06	0.000153876908788401	5.37799698783078	up	NA
Mkrn2os	790.917552162123	-4.04268963156071	0.748610387975848	-5.40025852765903	6.65449280942268e-08	3.88918135306259e-06	7.17688503988323	down	70291
Tbx2	2153.88114920025	4.04007721944634	0.384022930522833	10.5204062006035	6.95729898904842e-26	5.3485573920423e-23	25.1575593324906	up	21385
Ctla2a	12.0099063092276	4.03968352866238	1.42355569193818	2.83774182600636	0.00454339155022358	0.0442344424285771	2.34261983400336	up	13024
Lmo1	336.745961431461	4.02796020788368	0.397374551369827	10.1364322249589	3.80752440744838e-24	2.29668283210133e-21	23.4193573040166	up	109594
Gm35048	10.0425184400823	-4.02178468490944	1.29233150827668	-3.1120379400735	0.00185800618750448	0.0226312173527359	2.73095284405897	down	102638497
Gata4	57.0402192706937	4.01352559350158	0.668129974455041	6.0071030292799	1.88867507262799e-09	1.53458688421497e-07	8.7238427516084	up	14463
Rnase10	26.1639353821629	-4.00559466789398	1.06242529721618	-3.77023653181984	0.000163092899519082	0.00323619741006222	3.78756494617497	down	75019
Cldn8	1287.88011716971	4.00123588015862	0.777059437512569	5.14920183321742	2.61597266734756e-07	1.35733379615396e-05	6.58236679799385	up	54420
Phf21b	1795.38277455871	-3.99960371505968	0.536805097693651	-7.45075583716272	9.28069811886941e-14	1.5081511707314e-11	13.0324193537629	down	271305
Capn13	330.590074456923	3.99853422490171	0.48176132749955	8.29982399304445	1.04265747416566e-16	2.48102828495515e-14	15.9818583392354	up	381122
Atp8a2	189.117366294076	3.9933775834379	0.507297886914831	7.87185928907355	3.49409028992094e-15	6.65141682999425e-13	14.456665876712	up	50769
Ttr	344.833304865317	3.97728488936059	0.880591216791807	4.5166074945089	6.2838225053745e-06	0.000217302844701428	5.20177609066343	up	22139
Il13ra2	610.361733154425	3.97354136344294	0.784338865909268	5.06610284935516	4.06042590806947e-07	1.98434701834945e-05	6.39142840981614	up	16165
Pdia2	24.8374008947081	3.97280393406423	0.835051683646857	4.75755454646126	1.95952317187417e-06	7.97697538888409e-05	5.70784959650964	up	69191
Oas1a	3170.98692883529	-3.96413789448033	0.752589039143488	-5.26733408048551	1.38419169676996e-07	7.54833021018379e-06	6.85880376025189	down	246730
Gm4804	19.1157965758462	-3.96129493408265	1.12304272455485	-3.52728782927901	0.000419840094155073	0.0069238975263792	3.37691608924377	down	217409
Gm42705	21.3773864670941	3.9596537790388	1.17499516543366	3.36993197548809	0.000751867418767819	0.011115625714742	3.12385873437364	up	NA
Gm49891	27.7401340861305	3.95532676025528	1.38471280424568	2.85642390835689	0.00428442685649434	0.0424576717935592	2.36810726702202	up	NA
Cyp1a1	136.163704632832	3.94829471097396	0.648742311959165	6.08607553136211	1.15711870023403e-09	9.6771918745932e-08	8.93662208770993	up	13076
Gm9028	18.5935526514412	3.94340493712245	0.931616127331305	4.23286461175664	2.30733416652842e-05	0.000644120046376676	4.63688950293464	up	668184
Dpy19l2	16.9860658773002	3.94223783825676	1.09840228962562	3.58906556868199	0.000331865371367138	0.00577312884498377	3.47903806186909	up	320752
Csmd2	465.93300718781	-3.93868788965635	0.623960150262043	-6.31240294432622	2.74735762278252e-10	2.5660833721578e-08	9.56108480490705	down	329942
1700018A04Rik	23.6921963337181	3.9254865537504	1.26955277235086	3.09202314330068	0.00198797349520843	0.0237937809713929	2.70158941016077	up	71307
Ranbp3l	12.9249589594275	3.91922427038533	1.22339420168672	3.20356616451329	0.00135736846514588	0.0177095828207153	2.86730224470711	up	223332
Edaradd	88.9139042819672	3.91852991300905	0.721623179305735	5.43016081714423	5.63032923611642e-08	3.34937561819926e-06	7.24946620883463	up	171211
Cyp3a57	387.799385503899	3.91406026431859	0.572392173963777	6.83807438738023	8.02647195184283e-12	1.04858249263683e-09	11.0954753075906	up	622127
Kcng4	93.4275188190129	3.90550926709289	0.72670523424619	5.37426879984437	7.6894076309866e-08	4.43989478434828e-06	7.11410711566058	up	66733
Gdf6	90.3278246784359	-3.90207821395103	0.607483283286806	-6.42335076751202	1.33306828781111e-10	1.38058906408127e-08	9.87514760282926	down	242316
Tmprss13	849.275589178448	3.89903162834906	0.680315331500529	5.7312123478817	9.97153382114235e-09	7.06776659634728e-07	8.00123803338106	up	214531
Chrnb3	15.1288135024164	3.89611684784138	1.3872328112823	2.80855298126921	0.0049764693186486	0.0474342721703139	2.30307866913556	up	108043
Upk3b	2826.39659235353	3.89082629534089	0.444376311327417	8.75570140928174	2.02838057849227e-18	5.71031985956386e-16	17.6928505564233	up	100647
Fcgr4	51.6675754515812	-3.89035947073612	1.17127217459132	-3.32148202196775	0.000895407506989991	0.0127838608926542	3.04797926886405	down	246256
Gm2619	37.3653550150206	-3.88369859249421	1.13460072191055	-3.42296502857363	0.000619420458933682	0.00953408503707467	3.20801445436304	down	108167347
Car8	180.488295490173	3.87578629987629	0.637894108510846	6.07590860013467	1.2328762117047e-09	1.0267804049814e-07	8.90908052703154	up	12319
Ifi27l2b	67.8980900323354	-3.87027299412565	1.04617704660092	-3.69944361396607	0.000216072637424379	0.00402503250404332	3.66540022695297	down	217845
Ifi208	95.3429569452716	-3.86161607263237	0.890363184233088	-4.33712460377454	1.44358795512754e-05	0.000440525741176936	4.84055675022258	down	100033459
Hoxd12	20.1622556126413	3.8543801331071	1.07002768779431	3.60213121312054	0.00031561897537835	0.00553385270163374	3.50083689439044	up	15432
Naip1	3524.33687066557	-3.84609855162244	0.771220076183961	-4.98703116061649	6.13141792665078e-07	2.83691623884018e-05	6.21243908069998	down	17940
Lif	955.475133504906	-3.84535718629006	0.640648123094507	-6.00229212834641	1.94551256332875e-09	1.56802036757318e-07	8.71096596035408	down	16878
Muc3a	15.7665801951062	3.8427434850412	1.17702393341095	3.26479638685437	0.00109542790507041	0.014986593406261	2.9604161999932	up	619309
Gpr142	26.6546966876983	-3.8329628317985	1.36942792370402	-2.79895185825563	0.00512687806069424	0.0485438364174119	2.29014701183547	down	217302
Gm13822	26.5584878784764	-3.83108533029818	1.04814455506013	-3.65511160822508	0.000257070118590638	0.00465006111347481	3.58994840210238	down	105246766
Phf11a	173.804899095505	-3.83016014365467	0.952726253077129	-4.02021056025691	5.81461482420527e-05	0.00140705231363456	4.23547904882248	down	219131
Ccl12	266.076920945779	-3.81990344041823	0.755792006888233	-5.0541728486196	4.32260005818524e-07	2.09709053308269e-05	6.36425494502575	down	20293
Kcna2	231.54182339451	3.81926803621501	0.562143408503273	6.7941169076125	1.08977988793815e-11	1.38742168153552e-09	10.962661211332	up	16490
Gm26550	46.7644425817979	3.8157987643315	0.9757036519476	3.91081734368298	9.19843167321833e-05	0.00207749437609365	4.03628621327713	up	102640044
Gm3336	548.720144346817	-3.81490666774599	0.777422650044377	-4.90712055730332	9.24232272378221e-07	4.08706961510971e-05	6.03421887084104	down	100502950
Gstm6	48.5750008336587	3.80434455010177	1.28501021094718	2.96055589106766	0.00307084397203393	0.0332322844141928	2.51274224927042	up	14867
Unc5cl	6625.67738982002	-3.80318977482688	0.952064916862634	-3.99467484566035	6.47830986342616e-05	0.00155075997066062	4.18853828313076	down	76589
Apobec2	761.508874088868	-3.79958460074874	0.676307552650519	-5.61813125678957	1.93033838146432e-08	1.26503618258062e-06	7.71436655403811	down	11811
Raly	158.450999588139	-3.79905439482282	0.593764392086127	-6.3982523126307	1.57165430024337e-10	1.57860432930977e-08	9.80364297484071	down	19383
Zfp536	267.572542152599	3.78560334222121	0.539917763266715	7.01144433425716	2.35870336926296e-12	3.32012415104423e-10	11.6273266725915	up	243937
Sele	258.469456578952	3.77737475426722	0.467572916410229	8.07868595826263	6.54683820821392e-16	1.37745475900821e-13	15.1839683916499	up	20339
Gm33819	23.9101183495684	-3.77603947807498	1.28603126845308	-2.93619569811631	0.0033226463529613	0.035139182699995	2.47851588054816	down	102636866
Rhov	286.881814954608	3.76733994885628	0.710665847313049	5.30114112434162	1.15081084490722e-07	6.46135032809143e-06	6.93899605409734	up	228543
Platr26	20.4023303872944	-3.7668578308067	1.12570552592172	-3.34621954327037	0.000819215051036408	0.0118948961124495	3.0866020772154	down	381371
Fam3b	912.190904276561	-3.76529208653018	1.00584818708694	-3.74339998308784	0.000181546885841171	0.00352306713999352	3.74101119634401	down	52793
Prss27	65.341783259426	3.75821317305328	0.840419441368258	4.47183036001007	7.75529384195088e-06	0.000257924814164583	5.11040174246415	up	213171
Hnf1aos1	147.156288174331	3.74909092449609	0.963549419837426	3.89091711053975	9.98660464269582e-05	0.00220322575715457	4.00058214296379	up	102638537
Eppin	11.4705369570614	3.74735403572602	1.25329555091154	2.99000027008833	0.00278977200422018	0.0310305858766572	2.55443128825152	up	75526
Gm7628	14.7762136301625	3.73931123937381	1.05863968470902	3.53218502327505	0.000412140880932838	0.00685347082203459	3.38495430495375	up	115487215
Trim30c	51.10741095398	-3.73875014416295	1.05061674400487	-3.55862417527358	0.000372802528421292	0.00633099145121902	3.42852115083605	down	434219
Ect2l	12.9186947403901	3.72815308876692	1.16664854882462	3.1956094168402	0.00139535864156123	0.0181224356904002	2.85531415365724	up	100045792
Trnp1	160.514795852947	3.72749524261022	0.565024983432755	6.59704500138061	4.19433482977934e-11	4.79064940443597e-09	10.3773369031694	up	69539
Ifi209	219.119156472	-3.72305086678418	0.910147063668802	-4.09060361275744	4.30251940899565e-05	0.00109240450644977	4.36627716186021	down	236312
Cyb5r2	72.634358460364	3.71839818871457	0.761552906264345	4.88265248300933	1.04668242365179e-06	4.55797130369326e-05	5.98018506863353	up	320635
Tacr2	82.3940199812565	3.71805373354719	0.775013135915584	4.79740737446309	1.60732495104125e-06	6.62416724152836e-05	5.79389631354303	up	21337
Gm13021	19.1181134021807	-3.71595236213336	1.3061238750575	-2.84502292094597	0.0044408227382607	0.043453533191662	2.35253656196068	down	102637389
Kbtbd11	1100.42846953466	3.71155142022218	0.465219141498277	7.97807116936079	1.48637688010376e-15	2.9709701079514e-13	14.8278710585452	up	74901
Gm47233	14.4563692374373	3.70672677804134	1.28332222071951	2.88838353937572	0.00387227392515972	0.0392689047265817	2.41203392822897	up	NA
Fcgbp	21991.9007781486	-3.70613459570749	0.819648825472828	-4.52161276943152	6.137025072623e-06	0.000212594206501887	5.21204210241599	down	215384
Phf11b	610.53048535581	-3.70019368962331	0.885290149407321	-4.1796395137803	2.91971554047146e-05	0.000796170180394863	4.53465945855891	down	236451
Sec14l5	22.3744183649137	3.69463911461336	0.915395020379016	4.03611449959998	5.4343702261917e-05	0.00134101471705086	4.26485077782188	up	665119
Slfn10-ps	159.308842738056	-3.69346407160561	0.860660337366285	-4.29143055773664	1.7752572103046e-05	0.000516504237548302	4.75073871476476	down	NA
Vsig2	1430.15919681277	3.69001827964958	0.684027803504036	5.39454428715748	6.86976819712628e-08	3.99165484663256e-06	7.1630579168571	up	57276
Col4a3	274.145565121844	-3.68708122905665	0.862279303492592	-4.27597092278851	1.90306062959617e-05	0.000545744273520348	4.72054737530751	down	12828
Kng1	64.3875975274792	-3.68587934235387	0.937093487620702	-3.9333101670703	8.37840118338827e-05	0.00192934888080144	4.07683884813327	down	16644
Gm13393	16.9527583438787	-3.68450776290323	1.17768304380053	-3.12860729573965	0.00175636872560434	0.0216171786252337	2.75538430466853	down	NA
Crybg2	125.943838822877	3.68441933870336	0.728087798970558	5.06040527517801	4.18366265450427e-07	2.03462406662363e-05	6.37844334163454	up	230806
Gm45418	89.0965538653147	-3.6784415464466	0.903772085346189	-4.07009865218129	4.69932338804727e-05	0.00118299843677946	4.32796466759422	down	NA
9530052E02Rik	54.705462358257	3.67681361150701	0.848242263960342	4.33462675431946	1.46007640175656e-05	0.00044285291530061	4.83562441819287	up	619321
Padi1	23738.1407763558	-3.67506169280099	0.985197753908565	-3.73027818853723	0.000191268467307586	0.00366545937156667	3.71835662225234	down	18599
Chst13	223.306226880967	-3.67015671884215	0.803975291914633	-4.5650118302788	4.99466173156453e-06	0.000178912721667584	5.30149391946794	down	71797
Fhod3	806.489247632276	3.66838867957445	0.466875886554807	7.85731023001509	3.92469963212652e-15	7.40065058933441e-13	14.4061935753777	up	225288
4732490B19Rik	24.9928465574181	3.66741385726446	1.03669109623744	3.53761488892394	0.000403758486632643	0.00673649802238169	3.39387833609368	up	319871
Pparg	1001.34651398393	3.66557930033062	0.503553381742976	7.27942544570501	3.35244876173034e-13	5.19447642243922e-11	12.4746378511103	up	19016
Ccl8	552.394662276862	-3.66418558760916	0.86138289476487	-4.25384066700021	2.10134849529452e-05	0.00059492569014089	4.67750191664093	down	20307
Cntn3	52.9840275643837	3.65642058949689	0.883970187474255	4.13636188336203	3.52855573790624e-05	0.000929232833850723	4.45240301795666	up	18488
Rimbp3	15.7146262081265	3.65485516074897	1.13228717254414	3.22785177592082	0.00124723582970467	0.0165977029055505	2.90405142153673	up	239731
Ptpn5	3319.6738323207	-3.65032255297684	0.751779289902535	-4.85557743077772	1.20036436910601e-06	5.10486872546615e-05	5.92068690439206	down	19259
Trem1	28.9458620019621	-3.64755554283752	1.19266013957109	-3.05833608570944	0.00222569803894148	0.0259249722624488	2.65253375685529	down	58217
9130409I23Rik	33.8894458493218	3.64519681476592	1.02959676809977	3.54041206004709	0.000399502749056271	0.00668782323964551	3.39848022787474	up	NA
Clec2f	107.549861700443	-3.64207730946289	0.866369704660045	-4.20383733396126	2.62427565187629e-05	0.000723503747995907	4.58099054894529	down	435921
Gm38416	79.8837054891086	3.6397012918794	0.955100179219077	3.81080578882871	0.000138514557240892	0.00284545628995987	3.85850458185465	up	330850
Trim30a	2680.64339873951	-3.63243916461117	0.816627583817735	-4.44809756196271	8.66341809624426e-06	0.000283411458114125	5.06231072605924	down	20128
Brinp2	66.9928312244753	3.63208384362591	0.583100822799022	6.22891222514667	4.69684829685349e-10	4.22885602511295e-08	9.32819346683472	up	240843
Chil5	183.80478279132	-3.6239496291526	0.933220285930454	-3.88327352479205	0.000103059522817286	0.00226368543084826	3.9869118727259	down	229687
Liph	498.625327203023	3.62229961380632	0.66681969590598	5.43220249198677	5.56627067190496e-08	3.32115278179213e-06	7.25443567898354	up	239759
Myoc	21.724200440697	3.61736461746086	1.23702227265333	2.92425180809545	0.00345285306091786	0.036131853232003	2.46182190302627	up	17926
Gm30414	1018.04820402863	-3.61259442441662	0.538976960668272	-6.70268803315341	2.04620012177067e-11	2.44906874454803e-09	10.689051893825	down	102632303
Ros1	206.225332378121	-3.61209826151768	1.16573368017522	-3.0985621526992	0.00194462176515198	0.0233869433464848	2.71116485772201	down	19886
Hs3st6	87.055812361336	3.60599695567906	0.524621088876568	6.87352649776433	6.26338685327641e-12	8.23635371205848e-10	11.2031907636053	up	328779
Ndp	202.649003396512	3.59276106156431	0.716240281927272	5.0161393490699	5.2720097734905e-07	2.47945720829478e-05	6.27802379329852	up	17986
Gm4951	720.082059124705	-3.57668259438829	1.0366363621588	-3.45027699678586	0.000560011627231046	0.00876547565003457	3.25180295586905	down	NA
Gm44737	40.7987648429546	3.57417218068108	0.856343562536117	4.17375961827277	2.99613880506746e-05	0.000813679652658811	4.52343807051915	up	NA
Cacng4	25.9705425238139	3.57090248970287	1.06527065784472	3.35210818340534	0.00080198673191622	0.0116919214642662	3.09583281663259	up	54377
St8sia6	1003.77014825697	3.5622733205121	0.647234228204126	5.50383951478633	3.71607848841639e-08	2.28544544081436e-06	7.42991512171657	up	241230
Clec4d	35.5401015597445	-3.55618825845025	1.10758066677603	-3.21077133713582	0.0013237922644831	0.0173964232626484	2.87818016101947	down	17474
Evx1os	11.5400321998061	3.55449807688986	1.22874959384271	2.89277660371285	0.00381852786976612	0.0388816785842513	2.41810403532419	up	70593
Art4	80.0865124379028	3.54601916558622	0.952049573549874	3.72461609573995	0.000195612676018404	0.00372522404130453	3.7086030056503	up	109978
Cmah	657.316639855125	-3.54136033988421	0.872966616435192	-4.05669618197492	4.9771757637871e-05	0.00124618267712021	4.3030170223271	down	12763
Gm44530	13.5395231350327	-3.532766875616	1.21415226584583	-2.90965719456525	0.00361825380934344	0.0373562278621677	2.44150097198943	down	NA
Ddx60	2279.18688285317	-3.53181079026864	0.860154076223509	-4.10602110470137	4.02532719933766e-05	0.00103436223691115	4.39519881216783	down	234311
Gm609	77.4675912628231	3.53097772276753	0.814536148496423	4.33495521258997	1.4578980200218e-05	0.00044285291530061	4.83627285385809	up	NA
Akr1c14	13979.4826197395	-3.51869637256981	0.595886830678351	-5.90497421895391	3.52701902349935e-09	2.74311502886012e-07	8.4525921978946	down	105387
Gm40548	25.5906151700662	-3.5137383454202	1.10751220237265	-3.17264075094851	0.00151059317294628	0.0193863224844526	2.82085248240759	down	105245037
Aldh1l2	1007.42206202289	-3.50676777958246	0.806473575676212	-4.34827362650054	1.37213347185943e-05	0.000423243886350714	4.86260364134598	down	216188
Slc46a2	81.4070057797317	3.50231295505518	0.770509913552522	4.54544827192084	5.48184593729763e-06	0.000191893409097557	5.26107317410876	up	30936
Btbd17	61.9263591668529	-3.49640495472846	1.08507382241821	-3.22227380523874	0.00127177538077818	0.0168569272619325	2.89558958640986	down	72014
Grid2ip	32.2914426645649	3.4960401473355	0.972556087340856	3.59469257643979	0.000324774843350395	0.00567943969281514	3.48841761803071	up	170935
Rxfp2	628.576373982326	-3.49312991058738	0.824744642741265	-4.23540782147672	2.28137276504878e-05	0.000638106067338816	4.6418037473507	down	140498
Ifi204	1835.9736639323	-3.49109029405566	0.803685998986827	-4.34384859068931	1.4000802940898e-05	0.000429874115487972	4.85384705697877	down	15951
Marchf4	50.4847437093189	-3.48725677665913	1.03386322708442	-3.37303492889819	0.000743445209964796	0.0110073947087232	3.12875103236966	down	381270
Fam135b	71.7805632705221	-3.48314401932634	0.627230729394969	-5.55321009652414	2.80470636854197e-08	1.7910693576491e-06	7.55211259936219	down	70363
Slc34a2	1022.2876866151	-3.47893682838641	0.842013180975588	-4.13168927397975	3.60106995765761e-05	0.000944595620914178	4.44356844154747	down	20531
Ctnnd2	330.55338441253	3.47781610962433	0.480869619853247	7.23234732667391	4.74716193169602e-13	7.18835399172274e-11	12.323565953695	up	18163
Cox8b	43.9536739415994	3.47170308061772	0.832534350766117	4.17004184562833	3.04543714653255e-05	0.000823710388158223	4.51635035928709	up	12869
Ccdc88b	1113.6040121727	-3.47085619859463	0.652469742722801	-5.31956651983664	1.04014778745203e-07	5.88965268430347e-06	6.98290495039832	down	78317
Nek5	27.8989796951509	3.46586407785961	1.02156088141465	3.39271416996714	0.000692038091136962	0.0104056442146587	3.15987000046331	up	330721
Plk5	13.6716348344327	3.46425859645186	1.14732085811005	3.01943311843771	0.0025324820133896	0.0288428777684509	2.59645363047445	up	216166
Gm19696	33.2179377255997	-3.46211607264871	0.960466139586313	-3.60462064195193	0.000312609212545693	0.00549071435884298	3.50499822753627	down	100503447
Cys1	328.642340664701	3.45256699518092	0.637785964874859	5.41336307997676	6.18518937328442e-08	3.65767944358607e-06	7.20864699894296	up	12879
Lox	8193.18222470278	-3.448820940485	0.45884551618352	-7.51630084384569	5.63478092855196e-14	9.46453791595769e-12	13.2491229639782	down	16948
Iigp1	5220.97998267813	-3.4472802713097	0.948381533652506	-3.63490868283061	0.000278079115973394	0.00498050660401094	3.55583162587184	down	60440
Gm34376	16.1733506741724	3.43730501938976	0.986201204418167	3.48539933229718	0.00049140308517469	0.00789563092160105	3.30856212121748	up	102637612
Atp2c2	2227.86641425036	-3.4318823600408	0.580111582727853	-5.91590042712661	3.30064855051427e-09	2.59737650502674e-07	8.48140071641434	down	69047
Col17a1	662.936476474588	3.42796836494472	0.659578374523526	5.19721157841334	2.02300068390662e-07	1.06690600712204e-05	6.69400397040922	up	12821
Rnf186	364.370740324016	-3.4256088941849	0.998603180182902	-3.43040054564764	0.000602690863482123	0.00928803776351632	3.21990539218793	down	66825
Ckm	694.488795718136	3.42361153755522	0.336818209058677	10.1645678454362	2.85384759786547e-24	1.84008728342371e-21	23.5445692229429	up	12715
Ifi207	627.181089302677	-3.42093222424432	0.86340113223418	-3.96215860337378	7.4275170840488e-05	0.00174577495331258	4.12915634060143	down	226691
Cers3	1018.55943719694	3.41732460904329	0.743318030975712	4.59739232284943	4.27811595802339e-06	0.000156335448409335	5.36874744808446	up	545975
Gsdmc2	5277.38314720648	3.41599788609637	0.950470528299706	3.59400716212342	0.000325630879122477	0.00568688737001316	3.48727441828953	up	331063
Il1f6	885.236611442227	-3.41177263898574	0.916532261015917	-3.72247959412144	0.000197275856679632	0.003748241276913	3.70492606199768	down	NA
Cdh22	55.5975702961246	3.41107941270769	0.748398528945243	4.5578382115677	5.16828238948546e-06	0.000183814285411095	5.28665376497335	up	104010
Rtp4	1919.67277834173	-3.40808750202268	0.663175800001542	-5.13904081242825	2.76144423374337e-07	1.42257080783666e-05	6.55886372275429	down	67775
C130026L21Rik	100.007970683617	-3.40580558330623	0.545970160205572	-6.23808008486004	4.42973875321506e-10	4.00640806331505e-08	9.3536218858272	down	330164
Prph	38.6534515021718	3.39511518907691	1.01592594791436	3.34189238501771	0.000832093145429236	0.0120433582844602	3.07982805558224	up	19132
Gm42906	62.9190269047046	3.38880813468743	0.876697335049576	3.86542538594098	0.000110895748236495	0.00238598946797747	3.95508510446244	up	NA
Trim30b	46.397577624436	-3.38713318391093	0.905238021024147	-3.74170450781428	0.000182776351840436	0.00354348566497248	3.73807999530665	down	244183
Rab3c	127.923308621998	3.38636153036022	0.52074836769795	6.50287497842799	7.87992836965138e-11	8.56000044851042e-09	10.1034777303285	up	67295
Bhmt2	29.5377701320813	3.38621568790727	1.20896573994961	2.80091947688148	0.00509572323501917	0.0482946021913528	2.29279416795058	up	64918
Cpne6	21.1912291550589	3.37467098268695	1.02770589017871	3.28369333574621	0.0010245634249953	0.0142511995398789	2.98946115168653	up	12891
Ank1	502.615692625852	3.37461988700732	0.429879710339548	7.85014925301272	4.15542443964282e-15	7.73056167255731e-13	14.3813846102961	up	11733
Baiap3	182.224224861584	3.3717370045881	0.526937444869499	6.39874246443644	1.56661818281673e-10	1.57860432930977e-08	9.80503683716329	up	545192
Gm39323	38.6578922668238	3.37093057672286	1.19233531605128	2.82716659595938	0.00469618892575303	0.0453028109304786	2.32825443992024	up	105243388
D830013O20Rik	12.8683509760262	-3.3697924818918	1.14484460404804	-2.9434496786521	0.00324576584893407	0.0345316278020361	2.48868281358674	down	380765
Ret	916.444505038194	-3.36640427954831	0.745565867058056	-4.51523390258177	6.32469183952624e-06	0.000218338411897151	5.19896062993928	down	19713
Trpc5	26.4075692108854	-3.36586762315673	1.10969158437104	-3.03315594221117	0.00242010503885671	0.0277686908821286	2.61616578409979	down	22067
Zbtb16	663.244850352391	3.35485071697297	0.776004085262976	4.32323847346249	1.53755378127248e-05	0.000458695895224989	4.81316968433214	up	235320
Fbln2	7452.00375590869	-3.35258655610817	0.58866619467811	-5.69522521662961	1.23209171452501e-08	8.55105874650201e-07	7.90935696292678	down	14115
4930461G14Rik	23.6027635227896	-3.35237707127793	0.893347692792189	-3.7526005813033	0.000175009578274871	0.00342886565715111	3.75693818172463	down	74879
Gm19299	49.3644270015684	-3.34625905701519	0.947667648120384	-3.53104705394576	0.000413918107440171	0.00687640071983248	3.38308557434982	down	100502636
Kndc1	32.4130226450076	-3.34554564749087	0.993234290646489	-3.36833482190117	0.000756236960488425	0.0111576687420127	3.12134210065253	down	76484
Paqr7	427.870683576424	3.33747508187535	0.368588335336869	9.0547495997807	1.36881482331938e-19	4.41288236911415e-17	18.8636553003321	up	71904
Cd177	20.3638366685451	-3.33467941684129	1.08304913208811	-3.07897335221724	0.00207715260249309	0.0245960463380521	2.68253159591261	down	68891
Fam83a	53.7245584381168	3.32891494152209	1.12847040104196	2.94993553969015	0.00317840235022458	0.0339913890723858	2.49779112681967	up	239463
Prok2	38.5187518621599	-3.3256005268401	0.771143701249567	-4.31255617007734	1.61377865566137e-05	0.00047575527683421	4.79215603294544	down	50501
Zscan4-ps3	71.8264228294247	-3.32312619654695	0.939279986154449	-3.53795060634935	0.000403245484292928	0.00673355951549461	3.39443048731816	down	100043042
Dock3	212.75649534338	3.32160838749709	0.674112726231404	4.92737825328769	8.3340319947704e-07	3.72663605171076e-05	6.07914483659706	up	208869
1700086L19Rik	52.4467739524117	-3.31953724074553	0.727103604246453	-4.56542536903773	4.98482518313406e-06	0.000178880943914692	5.3023500677097	down	NA
Aqp7	45.9908753093522	3.31847309125685	0.845773047899979	3.9235975886161	8.72364044852162e-05	0.00199734393224571	4.05930224250197	up	11832
Pglyrp1	1987.87719502332	-3.31616187774962	0.500494437741483	-6.62577169231698	3.45438729896987e-11	4.03779493168478e-09	10.4616289718132	down	21946
Add2	2050.83319044107	-3.31576410799124	0.761597361205706	-4.35369694918842	1.33860723677497e-05	0.000414180827378609	4.87334683144447	down	11519
4930425L21Rik	55.892460857792	-3.31547632323087	1.08685204503281	-3.05053143009064	0.00228436769766191	0.0265156454941151	2.64123398964996	down	75024
Usp18	482.788206209286	-3.31228394549339	0.942062286516336	-3.51599251228061	0.000438113339859208	0.00717199790098759	3.35841352303949	down	24110
4833412C05Rik	25.8245622012858	3.30916489748626	0.899229904009134	3.67999872194269	0.000233235122582567	0.00426619542518633	3.63220604913071	up	73904
BC147527	92.9127583094108	-3.30840438492124	0.892786126102682	-3.70570765852238	0.000210801334294057	0.00394891946566973	3.67612664452822	down	NA
Gata5	283.926406641707	3.30259645601266	0.537606004868636	6.1431539568083	8.0898801804636e-10	6.96985021754769e-08	9.0920579106929	up	14464
Olr1	79.7540690549716	-3.29874671140335	1.17001051304612	-2.81941629978612	0.00481110764989037	0.0461710744841556	2.31775492552722	down	108078
Trim10	47.3024504081944	-3.29845206460012	0.769950451977451	-4.28397964587041	1.83579714519048e-05	0.000532567682700543	4.73617530984047	down	19824
Slc6a2	597.798747711767	3.29688743233297	1.02849580379041	3.20554291051325	0.00134807944937729	0.0176230580933694	2.87028451179969	up	20538
Pbld1	148.57465159432	3.29463067877193	0.656235340777591	5.02050175302664	5.15366807740825e-07	2.44103122111934e-05	6.28788355567102	up	68371
Adra1b	33.618709433134	3.29397859420897	0.723224667853853	4.55457168514972	5.2492422422627e-06	0.000185047361443292	5.27990338492848	up	11548
Baiap2l2	78.6660034500628	3.28418546062256	0.700127444309673	4.69083948546078	2.72086368353904e-06	0.00010580666012953	5.56529321601876	up	207495
Cd209b	67.5326167237573	3.280743589412	0.710872602257427	4.61509358919412	3.92918215232172e-06	0.000145707778962164	5.40569783733365	up	69165
Edar	28.5879177153676	3.27067043901489	0.860744545527331	3.79981546907292	0.000144803872109068	0.00294978982002002	3.83921982478861	up	13608
Slc9a2	173.288053618067	3.26878595409159	0.736963943613585	4.43547609407269	9.18690267471002e-06	0.000297132379712142	5.03683088448034	up	226999
Gm4788	48.2742445884782	-3.26654740657899	0.894266775691304	-3.65276614917715	0.000259430476423378	0.00467161834482025	3.58597900679843	down	NA
Gm31518	53.0413941084701	-3.26440040683668	1.08426036775791	-3.01071634075031	0.00260632207070657	0.0294655913740288	2.58397191829036	down	102633771
Ncoa7	11816.6873053211	-3.26300642402995	0.769451702448847	-4.2406903690578	2.22833351300574e-05	0.000626440650604202	4.65201980810413	down	211329
Atp13a4	183.907217146112	-3.25893434109763	0.847858270615455	-3.84372536548117	0.00012118061265085	0.00256042080937124	3.9165668561784	down	224079
4932411K12Rik	99.3945623814266	3.25275858174381	0.732191618683089	4.44249633394355	8.89211489764928e-06	0.000289130051218047	5.05099493428921	up	NA
Gm32391	15.0394888837122	3.24733630138349	0.982667034428202	3.30461508080717	0.000951069212081312	0.013368474972631	3.02178787703604	up	102634922
Wnt10b	22.4646441785438	3.24545460722149	0.953053704534143	3.40532185309314	0.000660861157999956	0.0100222252094864	3.17988977296239	up	22410
Ccl11	1309.01798930518	-3.2447552479424	0.862655366339612	-3.76135751836846	0.000168993676655731	0.00333983446486432	3.77212954535615	down	20292
Gm31410	12.2268392822942	-3.24238561761103	1.16345000198625	-2.78687147026139	0.00532195827021116	0.0499180206029942	2.27392853509994	down	102633626
Amdhd1	17.980046892255	3.23949220504923	0.880366603343749	3.67970819513735	0.000233500990351903	0.00426619542518633	3.63171127311305	up	71761
Ucp3	27.9004877699522	3.2384706820018	0.877359379012057	3.69115639437109	0.000223236817354972	0.00411508781161016	3.65123417776542	up	22229
Gpld1	555.240270001519	3.23639568018584	0.465254456642869	6.95618415681315	3.49612795951756e-12	4.81935211412669e-10	11.4564126804154	up	14756
Tenm2	150.404865255687	3.23384449252422	0.457630554178178	7.06649602610477	1.58894720818962e-12	2.31823918228424e-10	11.7988905317245	up	23964
Tbx18	135.022558107027	3.23334346662987	0.511089017188728	6.32638025449079	2.50978895479898e-10	2.35519538162076e-08	9.60036279629575	up	76365
Gm4755	24.834198751115	3.22789804091696	0.945804404373548	3.41286002263328	0.000642849522784396	0.00983112185265073	3.19189067415583	up	208941
Gm11425	22.470107179298	-3.22702305888987	1.12301077487511	-2.87354594549526	0.00405892035010968	0.0406878442309738	2.39158947094121	down	102635048
Gm21847	190.296067318681	3.22641786379925	0.890739067130386	3.62218070685225	0.000292129927447273	0.0051995485216528	3.53442394915645	up	105242428
Wincr1	26.2105350111606	3.22535866978133	0.782778205892023	4.12039916991025	3.7821656089648e-05	0.000985631371473121	4.42225945870491	up	100040617
Gm37459	84.2806931474415	3.22434893459425	0.554326161089533	5.81669991590648	6.0020749971669e-09	4.45983178599896e-07	8.221698582278	up	NA
Colec11	22.4753591181206	3.2205167973512	0.901466861814964	3.57252932278308	0.0003535498804137	0.00607109536916584	3.45154930531769	up	71693
Has1	98.4502501443787	-3.21730393323623	0.642922199775539	-5.00418858511881	5.60978188307315e-07	2.61982056726323e-05	6.25105402445138	down	15116
Il1f8	443.854564829901	-3.21379652888196	0.914889511370431	-3.51277010933041	0.00044346099502262	0.00724174703309814	3.35314457288162	down	NA
Gch1	1046.87566049032	-3.21317603586467	0.479081025541025	-6.70695741338542	1.98724226777335e-11	2.39283123182251e-09	10.7017491841517	down	14528
Clec5a	85.7168750013728	-3.21233370044962	0.798018123013489	-4.02538940885096	5.68811081841188e-05	0.00138651169559045	4.24503195106944	down	23845
Wfdc18	58.8316657144942	-3.20742885243395	0.770443429727147	-4.16309456175109	3.13963265402162e-05	0.000844616116939222	4.50312116264783	down	14038
Cck	49.5965412881872	3.2066349655936	0.740648042397144	4.32949900902346	1.49448943000285e-05	0.000449877330224353	4.82550715222568	up	12424
Gkn3	23.5431757917432	3.20349558663973	1.01062513418576	3.16981586770126	0.00152535566256163	0.0195190838561343	2.81662888138029	up	68888
Grin2c	32.2634358716263	3.20249121444643	0.863762321344722	3.70760698320428	0.000209227035463139	0.00392678871815702	3.6793821984193	up	14813
Plcxd3	135.569834136976	-3.20029750123612	0.744871038355298	-4.29644507095147	1.73558949039406e-05	0.000507177817748486	4.76055298834099	down	239318
Spatc1	25.4987600383711	3.19995272435395	0.910594730057308	3.51413490406711	0.000441188690352457	0.00721643170439028	3.35537562900717	up	74281
Gdnf	179.033014829083	-3.19921005625276	0.649731359275765	-4.9238966390953	8.48376593031721e-07	3.77669294911315e-05	6.07141132230705	down	14573
Gpr31c	20.7946518209599	-3.19586704950498	1.01779982152956	-3.1399760364491	0.00168961655156104	0.0210493814313621	2.77221184475683	down	667359
Slc15a3	177.232008271417	-3.19215838808584	0.709122697525312	-4.50156002512089	6.74565083216155e-06	0.000230482168945718	5.17097614248125	down	65221
Klra1	47.8617673464661	-3.19080945575947	1.09616229740664	-2.91089144673965	0.00360399205618776	0.0372474628847368	2.44321617495092	down	16627
Chodl	656.295838394881	3.18963083901904	0.497583688722239	6.41023994819806	1.45290783744309e-10	1.48166948238839e-08	9.83776193350608	up	246048
Pak6	412.569861306798	3.186530102996	0.486461542853789	6.55042551627507	5.73733672773922e-11	6.37099369522509e-09	10.2412896603655	up	214230
Ppp1r1a	133.962677909176	3.18076359393857	0.61053545430207	5.20979342235685	1.89051004779825e-07	1.00498709668594e-05	6.72342101008048	up	58200
Gm34016	22.777366916983	-3.18063762715696	0.8382818154473	-3.79423431183438	0.000148099769487832	0.00299011938638665	3.8294456174426	down	102637126
Gpr149	11.5144382122481	-3.17935158146479	1.11647272407711	-2.84767510473029	0.00440398591317506	0.0432139766482784	2.35615407885563	down	229357
Fbp1	159.986245729887	3.17736653253025	0.553867143305263	5.73669438769913	9.65422323826515e-09	6.86721046570975e-07	8.01528266304521	up	14121
Samd9l	15036.8071834468	-3.1683111809944	0.68848054934792	-4.60188916592517	4.18675992608233e-06	0.000153876908788401	5.37812194136979	down	209086
Ak5	809.461304913818	-3.16795278325583	0.37238542509156	-8.50718790209608	1.78202607825194e-17	4.45239215651247e-15	16.7490859447671	down	229949
Fbxo41	66.0374431024917	3.16492473720599	0.689804044817625	4.58815044791852	4.47190322477393e-06	0.000162813117771915	5.34950760346721	up	330369
Gm14591	53.8503377187692	-3.16462423671478	0.826339197333968	-3.82969154425308	0.000128303982084169	0.00267418143263647	3.89175986451093	down	NA
Gm14546	16.6952907729689	3.16035731436987	1.0850691057728	2.91258620999906	0.00358449240885135	0.037141956593116	2.445572335015	up	105242627
Fmo2	1938.30679741001	3.15888231317955	0.385329544080674	8.19787208560938	2.44679507015028e-16	5.55756134797315e-14	15.6114024031982	up	55990
6430571L13Rik	57.2409153387788	3.15520578856069	0.718844337345622	4.38927543091107	1.13728953031872e-05	0.000355501691431866	4.94412895887178	up	235599
Eya4	72.1436281527593	3.15245011467524	0.713214217349181	4.42006067460631	9.86731927238251e-06	0.000317086780733732	5.0058008193004	up	14051
4933406J09Rik	32.374361614603	3.14966308593858	0.951186334414217	3.31129976533807	0.000928636723290758	0.0131270090701101	3.03215414599056	up	102639979
Nkain4	145.759956926157	3.14649368289738	0.653607731014373	4.81403987987435	1.47909270807763e-06	6.14970039551516e-05	5.83000460399857	up	58237
Degs2	393.887217829154	3.14559437489435	0.490043837404318	6.41900608638618	1.37166925726339e-10	1.40913580789596e-08	9.86275059494236	up	70059
Gm20052	16.5421222206939	3.14395770954351	1.07518596956532	2.92410596728171	0.00345447125907333	0.036131853232003	2.46161841626067	up	102637176
Vmn1r38	18.1757663314701	-3.14274629539801	0.990834532986933	-3.17181748391834	0.00151488181748257	0.0194099088255395	2.81962124704102	down	171186
Fam83f	331.430981340462	3.13988063207524	0.590508225728057	5.31725130196785	1.05346526821666e-07	5.94821010765947e-06	6.97737977811046	up	213956
Sostdc1	54.5733738197886	3.13594890633341	0.651431890442353	4.81393212758428	1.47989087964918e-06	6.14970039551516e-05	5.82977030630325	up	66042
Mettl7a3	21.5034829506497	-3.13380291653575	0.888204928859029	-3.52824310552	0.00041832777393322	0.00691607571991497	3.3784833004552	down	NA
Art3	3005.49905342961	3.13166766251721	0.408056289434646	7.67459721514419	1.65939235101381e-14	2.88416820104904e-12	13.780050916125	up	109979
Phf11d	3239.54843710541	-3.11662140236924	0.692431750623636	-4.50097991543899	6.76408979029432e-06	0.000230717793051882	5.16979063596925	down	219132
Tbx3os2	108.433611815653	3.11374921972458	0.691020753451694	4.50601404396495	6.6056717331374e-06	0.000226862829212973	5.18008301224153	up	433944
Adora1	178.795061768586	3.11205852271414	0.883252517931245	3.52340747355378	0.00042603582137012	0.00700372296307284	3.37055388359837	up	11539
Trf	4404.865482432	3.10970543986172	0.394246676794075	7.88771503452899	3.07769544391852e-15	5.97252199349936e-13	14.5117743583738	up	22041
Ttc9	1570.37175707456	-3.10626426710364	0.456631766424712	-6.80255841906214	1.02777316557201e-11	1.31686730983676e-09	10.9881027256235	down	69480
Gm50046	34.1453473225186	-3.10437066519822	0.815589740048273	-3.8062895016488	0.00014106724813838	0.00288603086570107	3.85057380555003	down	NA
Adamdec1	295.874368723237	3.1032692897845	0.681331580213867	4.5547122427679	5.2457337031936e-06	0.000185047361443292	5.28019375990827	up	58860
Ifne	360.029802532166	-3.08656180765732	0.618754381730369	-4.98834739404291	6.08979887431809e-07	2.82419721345406e-05	6.21539705042397	down	230405
Ltf	49019.9292989236	-3.08120158343372	0.912425700730422	-3.3769342325267	0.000732985737441927	0.0109172272131067	3.13490447585073	down	17002
Paqr6	176.05955840119	3.07942618203665	0.480774310732241	6.40513877987064	1.50232664712219e-10	1.52428959505981e-08	9.82323562950273	up	68957
Card14	183.747593253227	3.06649438432827	0.680908982918007	4.50353051767203	6.68337652719601e-06	0.000228745428126017	5.17500407096113	up	170720
Aldh1a2	9858.24865847444	-3.06370958317812	0.604687484989548	-5.0665999532487	4.04984141451175e-07	1.98402524983482e-05	6.39256198274852	down	19378
Lgr6	3146.03022084752	-3.0614137634384	0.48880042480182	-6.26311600420484	3.77359676238188e-10	3.459938169105e-08	9.42324450937214	down	329252
Aox3	1776.47115204437	3.05971181024638	0.927657550383423	3.29832038663592	0.000972650847811832	0.0136430492253073	3.01204303031908	up	71724
Slfn2	223.251573424595	-3.05873291324862	0.769966034841746	-3.97255563860982	7.1105620452334e-05	0.00168196348118491	4.14809606966458	down	20556
Nrg1	1636.43939522031	-3.05734317311958	0.625832694557429	-4.88524041602149	1.03302724805964e-06	4.50832939611706e-05	5.98588822298582	down	211323
Nlrp3	79.6980346013558	-3.05611832721311	0.760118474157556	-4.02058156868273	5.80546429754449e-05	0.00140681710145575	4.236163041421	down	216799
L3mbtl4	163.360905859402	3.05269180080681	0.998515533412646	3.05723015682447	0.00223392676446469	0.0260056657938965	2.65093106860188	up	320858
Ifi205	714.715430319821	-3.05168355440937	0.855106172086078	-3.56877736827068	0.0003586510256393	0.00613234961546477	3.44532792286883	down	226695
Grin2b	89.550217000812	3.05154945686972	0.75549519946854	4.03913811631942	5.36479694907558e-05	0.00132548283582352	4.27044671089558	up	14812
Smim10l2a	36.7505885370685	3.05040333365189	0.773475233021938	3.94376342437505	8.0212790721059e-05	0.00186212922291815	4.09575637365278	up	320237
Lhfpl3	139.183931318665	-3.04867368667546	0.826306307202366	-3.68952004856091	0.000224677522720773	0.00413142072138254	3.64844037327119	down	269629
Edn3	105.482995857104	3.04742518859849	0.615624140611411	4.95013919625037	7.41604215353638e-07	3.36126645271848e-05	6.12982781028262	up	13616
Gpr141	50.0751925893171	-3.04550208449324	0.839850575925242	-3.62624277674405	0.000287575000175774	0.00514136771333934	3.54124887127116	down	353346
Hopx	486.530417281826	3.04139505046131	0.424724451868909	7.1608663854372	8.01687596819797e-13	1.19583072277866e-10	12.0959948354676	up	74318
Ngfr	4592.06750722158	-3.03890564123561	0.779528048531658	-3.8983916575674	9.68337081163738e-05	0.00215056906425564	4.01397343710631	down	18053
Phyhipl	155.186347081869	-3.03796791566984	0.445532607697559	-6.81873304710415	9.18468887090088e-12	1.19210104643875e-09	11.0369355507288	down	70911
Tfap2c	178.550497238681	3.03411436971954	0.599432220309578	5.06164711692102	4.1564982256235e-07	2.02634357399421e-05	6.38127240055896	up	21420
Gm8739	341.498595299609	-3.03232067972266	0.465771939005097	-6.51031207719339	7.49948357345831e-11	8.19123921673687e-09	10.1249686417975	down	667632
Cyp2c23	30.6649182916595	3.03219461895623	1.0504935849233	2.88644753521042	0.00389617699677257	0.0394312839551849	2.40936132207689	up	226143
Tmem212	115.461575034323	-3.0310599552287	0.736720103820397	-4.11426258019917	3.88419098239914e-05	0.00100696769592988	4.41069942434515	down	208613
Hsh2d	277.458354851565	-3.02679028243663	0.825792438453975	-3.66531605460483	0.000247033315833217	0.00448881992443121	3.6072444722188	down	209488
CT030740.1	94.2950119489503	3.02169560854923	0.722457511404352	4.18252362367373	2.88291050734328e-05	0.000787207858207343	4.54016883897503	up	NA
Gdpd2	93.3117396669346	-3.01815962935469	0.787993982871239	-3.83018106097374	0.00012804900424356	0.00267165291943661	3.89262379441702	down	71584
Lrmp	580.759370996127	-3.01269480925041	0.762074091028787	-3.95328334175922	7.70860638142782e-05	0.00179789526665087	4.11302412980409	down	NA
Oas1h	110.670945064435	-3.0123677184839	0.810384774356363	-3.71720670699475	0.000201437626077607	0.00380921028385922	3.69585940532334	down	246729
Gm35439	813.298536930136	-3.0110134033401	0.944709766899274	-3.18723644958477	0.00143639296691348	0.0185829272638619	2.8427267299997	down	102639022
Mgam	639.583695328672	-3.00677126139476	0.768925410478523	-3.91035491924185	9.21606023099442e-05	0.00207912654511418	4.03545469560673	down	232714
Lgals9	4652.82352791873	-3.00438087783547	0.696339524763081	-4.31453446342525	1.59939582886788e-05	0.000473065889286178	4.79604404093225	down	16859
Trim6	481.042293840868	-3.00402139652978	0.639251075645138	-4.69928250570105	2.61077096300595e-06	0.000102724586631029	5.58323122617233	down	94088
Ly6g6g	47.4058746983872	3.00317830358828	0.981740859739722	3.05903362765656	0.002220522233636	0.0258797658343536	2.65354487396651	up	78725
D630003M21Rik	116.444340951734	3.00123468614212	0.436275926830548	6.87921221770234	6.01844469553936e-12	7.96666705790998e-10	11.2205157259207	up	228846
4930512H18Rik	47.0990165509945	-3.00068100376421	0.914807593369772	-3.28012253670845	0.00103762008902817	0.0143738416702848	2.98396162860707	down	75111
Vat1l	29.9504960176231	3.0005196551516	0.898586467956695	3.33915517554422	0.000840336080641663	0.0121386632700609	3.0755469892032	up	270097
H2-T3	20.6270134502698	2.99765770826739	0.90204698217758	3.32317248158285	0.00088999865758389	0.0127157206345867	3.05061064841615	up	15043
Gstm4	1178.20515481701	2.99172224014585	0.335540122829356	8.91613859743185	4.82829168333549e-19	1.46224082070469e-16	18.3162065014917	up	14865
Klra9	42.2941752748595	-2.99142109800383	1.00283428857196	-2.98296651011367	0.00285469228975553	0.0315246350760406	2.54444069794821	down	16640
Sprr2g	752.528632622893	-2.98984221195953	0.656303304962516	-4.5555800029535	5.22412271629058e-06	0.000184813743103037	5.28198662989878	down	20761
Fcgr1	225.718639197036	-2.98088292455547	0.761695832221565	-3.91348199433022	9.09746870605424e-05	0.0020640204823679	4.04107942964789	down	14129
Mgat3	1554.42444778985	2.97771674025325	0.403368285726919	7.38212905084256	1.55778084732319e-13	2.45172626585008e-11	12.8074936400478	up	17309
Podn	524.812615573834	2.97723201184432	0.367782320136816	8.09509280037384	5.72207127520854e-16	1.22981463063299e-13	15.2424467368424	up	242608
4930432J09Rik	24.7042568175322	2.97443028843832	1.05283612898339	2.82515978180802	0.00472570439121813	0.0455435773248158	2.3255334484417	up	73877
Siah3	40.9504067732291	-2.9732184010179	1.02737830735551	-2.89398596381796	0.00380385165515131	0.0387717424187478	2.41977642827654	down	380918
Bmp3	1788.04324770599	2.97219021535707	0.448690238487023	6.62414726333083	3.49258447952689e-11	4.05870805678974e-09	10.4568530802607	up	110075
Ppara	158.912197766738	2.96780690139474	0.791873752446012	3.7478283529761	0.000178372248602582	0.00347495565796141	3.74867271283137	up	19013
Gm32531	63.6426080250484	-2.96261707716805	0.512840501429791	-5.77687813054608	7.60993634620995e-09	5.49124215480305e-07	8.11861897589768	down	102635111
Hif3a	264.291836387513	2.9608053454102	0.766514410939448	3.86268712388774	0.00011214660201389	0.00240381920481153	3.95021388078787	up	53417
Golm1	5583.85176075644	-2.95965940342641	0.500680474722021	-5.91127386197679	3.39472079524752e-09	2.66092859825127e-07	8.46919593922433	down	105348
Rtn4rl1	646.511208687076	2.95552814680252	0.417683360965378	7.07600163906817	1.48373107144e-12	2.18064828352519e-10	11.8286448084731	up	237847
4930500F04Rik	17.9222948280832	-2.94546131404687	1.02781983755411	-2.86573697687734	0.00416039755052732	0.0414287227191412	2.38086516799081	down	70969
E030025P04Rik	38.9580720858707	-2.94258635835591	1.02911229755642	-2.85934427694911	0.00424517787210914	0.042110479060902	2.37210410818632	down	268498
Il18rap	338.218008615475	-2.9412526049332	0.629210895430812	-4.67450997160398	2.94656319890069e-06	0.000113043963953219	5.53068423957155	down	16174
Plcb4	4244.75170235347	2.93835346845333	0.389318671436014	7.54742498636174	4.43948086062329e-14	7.52002910526596e-12	13.3526678119909	up	18798
AA986860	538.580116302744	2.93749049639911	0.488990978166442	6.00724886052856	1.88697768913775e-09	1.53458688421497e-07	8.7242332347273	up	212439
Zim1	83.312008277271	2.93501990529827	0.543163354330579	5.40356760429012	6.53283174116194e-08	3.82927392499545e-06	7.18489852730321	up	22776
D830026I12Rik	28.6432875299564	2.93348991658226	0.862859631482763	3.39973016415343	0.000674523830290549	0.0101991698687274	3.17100270250673	up	319682
Fam83e	432.690247682132	-2.9252579215522	0.706085671315817	-4.14292208493747	3.42908470254231e-05	0.000906620966063699	4.46482178715324	down	73813
Dbh	31.0635525607651	-2.92420569500567	0.896733265309037	-3.26095373968079	0.00111038154164192	0.0151249184384306	2.95452776629636	down	13166
Gabra1	14.4019416269986	2.92087216030933	1.01748408917082	2.87068091913815	0.00409588737039003	0.0410163310417615	2.38765199419302	up	14394
Morrbid	3672.11232799704	-2.91947330877627	0.719971688154233	-4.05498349006032	5.01378439231325e-05	0.00125269403041946	4.29983434593463	down	100043424
Rec8	49.7372647384288	2.91580627879067	0.836125521907553	3.48728295261038	0.00048795481082244	0.00785285085243069	3.31162039586445	up	56739
Lsmem1	29.7592048166081	2.91500241624985	0.924019405059311	3.15469826747062	0.00160664171038067	0.0202404193026461	2.79408096241119	up	380755
Rab3b	21.4255525945115	2.91423564312321	1.02501956452117	2.84310245774145	0.0044676705719174	0.0436349766139091	2.34991885750652	up	69908
Nipal4	1256.41324679237	2.91344421643628	0.526146263827974	5.53732757739176	3.0712180031957e-08	1.93651436744087e-06	7.51268935508913	up	214112
Nr1d1	1246.17891147173	2.90784727964001	0.459301306270508	6.33102331724573	2.43540533648113e-10	2.31148539800105e-08	9.61342874666822	up	217166
Grik3	254.973683674807	2.9058438104134	0.591998072185854	4.9085359343892	9.17588180141251e-07	4.06668570835107e-05	6.03735218940986	up	14807
Col6a4	30754.8628774984	-2.90472263287095	0.732145629890954	-3.96741100988826	7.26576285056662e-05	0.00171461709394481	4.13871878131105	down	68553
A930038B10Rik	32.7015829890201	-2.9038397489753	1.00765535887049	-2.88177869885026	0.00395437355431937	0.0398789195780705	2.4029223069706	down	320323
2600014E21Rik	324.625993873418	2.89799858692861	0.75032815309865	3.86230821136149	0.000112320736040469	0.00240381920481153	3.94954005926282	up	102635707
4930481A15Rik	44.0724819138385	2.89779775777742	0.892074815798493	3.24837973952175	0.00116064259699741	0.0156749488032326	2.93530149434237	up	74931
Gm26801	35.239396706446	2.89617361346997	0.723233265170944	4.00448064675983	6.21538789784417e-05	0.00149318717911189	4.20653176217336	up	NA
Krt23	347.827386508762	2.89326270684535	1.03451710219743	2.79672776863693	0.00516230098516688	0.0487867953151374	2.28715667774907	up	94179
Bbox1	74.0027039987121	2.89093701088898	0.535851141857404	5.39503751147793	6.85092382977229e-08	3.99165484663256e-06	7.16425086104484	up	170442
Fn3k	102.197685288029	2.88782865140792	0.659370844489365	4.37967294966511	1.18857557550009e-05	0.000370050601294328	4.92497319847165	up	63828
Gm34030	22.9874540116312	2.88754250090758	0.826362151992002	3.49428213035527	0.000475338404460601	0.00768694500676254	3.32299709592715	up	102637146
Gpr20	68.0110333700034	2.8848051212461	0.642451873751275	4.49030540513755	7.11211246355751e-06	0.000240943904951843	5.14800138450181	up	239530
Slitrk6	270.249824509927	2.88182813815239	0.875945256605607	3.28996374650149	0.00100200291752182	0.013956818338276	2.99913101393606	up	239250
Wnt6	71.0899845546824	2.87781105879884	0.698145248438271	4.12208070632352	3.75465602122531e-05	0.000980724385672674	4.42542984425943	up	22420
Adamts4	1619.65618459823	-2.87713171504331	0.502671168599916	-5.7236855717366	1.04237591531473e-08	7.36219427396142e-07	7.98197563179926	down	240913
Sphkap	380.222511850752	-2.87637835320352	0.710629091460271	-4.04765071929838	5.17342689382214e-05	0.00128774918973675	4.28622168358939	down	77629
Gm35019	1703.89795603535	-2.87387310154283	0.527612264950518	-5.44694142357051	5.12433293471679e-08	3.0944159123601e-06	7.29036266132136	down	102638459
Ccl24	45.7029013662081	2.87189050636154	0.672670198932005	4.26938864085435	1.96009479538794e-05	0.000557302628310302	4.70772292450151	up	56221
Akap5	181.140372081572	2.87121354433145	0.426468151278115	6.7325391960138	1.66727452258364e-11	2.03204165593914e-09	10.7779928861784	up	238276
Apoc1	327.01893387377	2.86889152448039	0.750387737041889	3.82321216467352	0.000131724341554385	0.00273123043463594	3.88033396364158	up	11812
Gfra1	799.158220907408	-2.86605636690374	0.485022454154912	-5.90912099502169	3.43938018742427e-09	2.68540356196236e-07	8.46351981482226	down	14585
Csf3r	179.395412986397	-2.86395034191397	0.904076021024307	-3.16782026656248	0.0015358643972137	0.019621486609024	2.81364712684457	down	12986
Gm47391	129.894324191217	-2.86286747023784	0.903006429918573	-3.17037329456889	0.00152243213705457	0.0194941534628102	2.81746205709219	down	NA
E330023G01Rik	261.518020385653	-2.86189717616187	0.755012360693094	-3.79053022858417	0.000150326035453564	0.00301981587602597	3.82296579602914	down	331011
Gbp2b	172.043509886088	-2.86150382330715	1.00287374428038	-2.85330415680636	0.00432671876887769	0.0427436195202674	2.36384133246336	down	14468
Rasa4	2219.27447732039	-2.86065183556826	0.842614624939748	-3.39497054869279	0.000686359833838478	0.010338327323861	3.16344813957181	down	54153
Car12	11236.942951407	-2.85967575426202	0.864562323791354	-3.30765715272153	0.000940799093418142	0.0132614190967855	3.02650310976675	down	76459
Sncaip	1198.74267278201	-2.8568653480575	0.571346974030054	-5.00022836894769	5.72624490154368e-07	2.66177169981523e-05	6.24213008189692	down	67847
Slc23a4	567.781898071347	-2.85314379106047	0.74798577059333	-3.81443592008074	0.000136494347629657	0.00281262785610472	3.86488533282892	down	243753
Nexmif	1073.41383421302	-2.85282326012342	0.567761836336208	-5.02468302296048	5.0426470287866e-07	2.41130212467432e-05	6.2973414301782	down	245555
Prxl2a	20277.6681470171	-2.85248284082403	0.618402622000501	-4.61266291464999	3.97542730941101e-06	0.000146877709908516	5.40061618319739	down	70564
4930597O21Rik	69.7911202314707	-2.84981346698731	0.858183098624505	-3.32075226318835	0.000897751869168761	0.0127990473330565	3.04684368197595	down	75373
Mall	1607.77504421218	-2.84802199242586	0.711026804921987	-4.00550580190622	6.18849147303891e-05	0.00148851465178221	4.20841520312506	down	228576
Siglec1	520.506169703991	-2.84749211502117	0.749416154125523	-3.79961400531036	0.000144921633142869	0.00294978982002002	3.83886678048252	down	20612
Paqr5	1917.73476532153	2.84255898691477	0.449009854396459	6.33072739736553	2.44008114357725e-10	2.31148539800105e-08	9.61259573119328	up	74090
Slco4a1	763.187787794205	-2.84167753864716	0.733431287626018	-3.87449729318904	0.000106845030875655	0.00233656288527636	3.97124567109903	down	108115
Hs3st5	73.6036444725274	-2.8409730977023	0.636346366152139	-4.46450745822766	8.02531533135309e-06	0.000266019905212414	5.09553789425317	down	319415
Fut2	5274.5115451904	-2.83955653826022	0.711196666417328	-3.99264601810433	6.53400723301611e-05	0.0015622217293484	4.18482038910496	down	14344
Epsti1	2121.40448715547	-2.83642205279653	0.729650946569283	-3.88736842751043	0.000101336884206075	0.00223321018909705	3.99423245304427	down	108670
Fgf12	225.132087979314	-2.83464599259155	0.480587643277141	-5.89829146097478	3.67284779238125e-09	2.83447419591183e-07	8.43499706901343	down	14167
Adra2c	73.1588035369431	2.83194951893103	0.800691720652038	3.53687873358406	0.000404885524192185	0.00674966793790942	3.39266775021563	up	11553
Lrp8	691.460741373024	-2.83147798570988	0.600266218622161	-4.71703703768172	2.39304139378813e-06	9.49049828949149e-05	5.62104978908473	down	16975
Dbpht2	76.0586656936024	-2.83119587278105	0.795885540448233	-3.55729024953331	0.000374700074107531	0.00634703820445875	3.42631622101218	down	386753
Smpd3	678.237376350543	-2.83106794981116	0.48366762690441	-5.85333355455415	4.81816432496683e-09	3.60694638679539e-07	8.31711839233906	down	58994
Pla1a	950.375001574504	-2.82930859179361	0.642289036105216	-4.40503952698663	1.0576459083037e-05	0.000333442057021677	4.97565970641152	down	85031
Chst9	150.399013115141	2.82004564950139	0.699096167739266	4.03384509833724	5.48714970405109e-05	0.001352369276012	4.2606531909327	up	71367
Otogl	147.541703355331	2.81995917344573	0.623292076685885	4.52429812430759	6.05962598804458e-06	0.000211010111932117	5.21755418051046	up	628870
Slc12a8	137.889227168126	2.81804700448665	0.60311882180062	4.67245740412034	2.97617252593152e-06	0.000113867672627741	5.52634189675241	up	171286
Ptchd1	40.7432113333658	2.81768077492599	0.828799965761466	3.39971150015339	0.000674569870245028	0.0101991698687274	3.17097306053571	up	211612
Msr1	412.907229109858	-2.81560830830276	0.683441502823891	-4.11975025904783	3.79283273467377e-05	0.000987124227873168	4.42103630942216	down	20288
Zfp52	2299.75113463222	-2.81458034708576	0.776846270341629	-3.6230853574775	0.000291109702808016	0.00518842616698988	3.53594331910343	down	22710
Rpp25	40.7269676206133	2.81363306748641	0.940213075013266	2.99254833001202	0.00276658858434358	0.0308930573317651	2.55805541940404	up	102614
Ada	1083.44995150533	-2.81066556199713	0.657237841548203	-4.27648163924382	1.89870208596412e-05	0.000545276685262224	4.72154317247817	down	11486
Pigr	13274.2537575541	-2.80475275835449	0.685153583852978	-4.09361174553287	4.24705248018298e-05	0.00108140235635538	4.37191237246516	down	18703
Gm15848	164.518195376462	2.80378199028708	0.604899508572868	4.63512029775327	3.56729963006796e-06	0.000134028543243982	5.44766041120551	up	102640771
Abcc3	2925.34254434779	2.80298525452395	0.45337099404703	6.18254209318293	6.30774840275999e-10	5.5541530869765e-08	9.20012563770714	up	76408
Dusp6	4666.38616713871	-2.80200597697711	0.494867393164284	-5.66213497935379	1.49501149975543e-08	1.01542137933824e-06	7.82535546669666	down	67603
Shisal1	1722.96563301161	2.8015634389339	0.431646811634421	6.49040688688477	8.56048603402292e-11	9.24902674854325e-09	10.0675015769231	up	72301
Ptprz1	303.648639692116	2.80105848916028	0.609272602266424	4.59738133430038	4.27834151890667e-06	0.000156335448409335	5.36872455079379	up	19283
Rnf144b	2342.4636792299	2.80077970224493	0.448065467289799	6.25082695880565	4.08285041094033e-10	3.72639333396691e-08	9.38903653163548	up	218215
Rnf128	73233.5499128027	-2.79883064211849	0.873961053915769	-3.20246609340127	0.00136256339466314	0.0177657646004742	2.86564328258387	down	66889
Plk2	3803.52971985833	-2.79827495806261	0.482141472576744	-5.80384620951105	6.48107263362002e-09	4.79791406669618e-07	8.1883531113653	down	20620
Cftr	2847.29046474967	-2.79788224310045	0.909016984018107	-3.0779207564781	0.00208450337514532	0.0246101910587151	2.68099739734469	down	12638
Gm34567	23.6404662919423	2.79541500562453	0.877990079866385	3.18387994321068	0.00145315268664765	0.0187391070327182	2.8376887508192	up	102637865
Gm19610	20.9816811137859	2.78541721180077	0.982793193165367	2.83418447662375	0.00459428019725421	0.0445995495787845	2.33778252145913	up	102639958
Nptx1	441.044261631025	2.78498160027754	0.689405107352	4.03968808843705	5.35223317622305e-05	0.00132401530601914	4.27146497428712	up	18164
Tnfrsf23	130.259366847789	-2.7830073896123	0.784765597267435	-3.54629127385651	0.000390694108706811	0.00657893331493828	3.40816313747092	down	79201
Slco5a1	1131.18135340252	-2.7819158359403	0.553086186961	-5.02980530254403	4.90978137846714e-07	2.35339832596645e-05	6.30893784560395	down	240726
Cmklr1	1346.99143855617	-2.77881142058519	0.594750183856973	-4.67223297446419	2.97942729559278e-06	0.000113867672627741	5.5258672078254	down	14747
Apobr	607.897571046916	-2.77749531904944	0.493260265964643	-5.63089206793829	1.79279898942206e-08	1.18657172849564e-06	7.74646840127919	down	171504
Gm10605	172.454598781426	-2.77742632803356	0.724412553292451	-3.83403947848525	0.00012605589673294	0.00264016818543388	3.8994368337743	down	100038557
Sidt1	735.266094492491	2.77522352570763	0.570904230303052	4.86110170217947	1.16734257929029e-06	4.99632622587886e-05	5.93280167312171	up	320007
Kng2	171.572831302006	-2.77491178046858	0.547180575320913	-5.0712907322069	3.95126597365018e-07	1.95007171064987e-05	6.40326373544111	down	385643
Tekt5	28.7461554980852	2.77359065343683	0.73811705068072	3.75765693378701	0.000171511802547675	0.00337087306718084	3.76570598871183	up	70426
Ankrd37	254.529397748574	-2.76821081873517	0.695550819193375	-3.97988291056208	6.89492197971568e-05	0.00163676603955531	4.16147064376959	down	654824
Adgrg7	5216.0894721117	-2.7645471497251	0.960369043185881	-2.87863001139033	0.00399406612616696	0.04017785290882	2.39858474918197	down	239853
Plac8	11535.670935786	-2.76273034753852	0.680632270475293	-4.05906458947248	4.92696854072272e-05	0.00123563672762818	4.30742021073791	down	231507
Sema4g	1071.66717360334	2.76186084598287	0.500293777422001	5.52047810831199	3.3807851329935e-08	2.11172291369606e-06	7.47098243009805	up	26456
Amn	29.432072187059	2.76177698399412	0.90033392994585	3.06750294766768	0.00215855331762121	0.0253136202264822	2.66583721952905	up	93835
Diras2	154.030356550104	2.76168775514469	0.898457315228531	3.07381075131235	0.00211343453178613	0.0249076234795643	2.67501120083917	up	68203
Ifi203	3596.68927553279	-2.76086094409533	0.716611007680844	-3.8526633201327	0.000116839994295234	0.00247471647581313	3.93240847290311	down	15950
9330162012Rik	111.60138400624	2.75959632572058	0.697329861860221	3.95737580828532	7.57776625625458e-05	0.00177358772751776	4.12045879510015	up	493800
Mc5r	17.8725050484657	2.7579773104341	0.977866750090183	2.82040197212938	0.00479635254449262	0.0460911032015954	2.31908890261641	up	17203
Samd13	87.3560962482103	-2.75575630470921	0.988307323373595	-2.78835969291658	0.00529756891452141	0.0497593080185403	2.27592338497079	down	75015
Coq8a	620.738981568501	2.75483196309098	0.489745979316875	5.62502211234806	1.85484213210879e-08	1.21955870186153e-06	7.7316930478126	up	67426
Hmmr	1123.24255130203	-2.75476380270104	0.74487362090354	-3.69829689949213	0.000217050921590589	0.00403198310478875	3.66343836582225	down	15366
Tmem200a	1056.10614439394	-2.74726110542164	0.611349675815468	-4.49376390321484	6.99752074824617e-06	0.000238273330010127	5.15505580513969	down	77220
Irgm1	4331.00522095067	-2.73905158531211	0.693031586845805	-3.95227524589226	7.74116251967748e-05	0.00180338410773093	4.11119381477323	down	15944
1600027J07Rik	57.8847373728419	-2.73868740884061	0.597488357233234	-4.58366656970949	4.56892601514138e-06	0.000165142302333898	5.34018587444068	down	69794
Gm5578	11.2055325450453	-2.73671110547584	0.977570345595533	-2.79950299004686	0.00511813425425776	0.0484840130209024	2.29088832628029	down	434077
Lgr5	107.950566296345	2.73511605162664	0.691244588432081	3.9567992247586	7.59607224838e-05	0.00177579289006572	4.11941091321839	up	14160
Ccr1	141.543548570357	-2.73373893234927	0.548491066948787	-4.98410839680005	6.2248177507074e-07	2.87347938108867e-05	6.20587335925564	down	12768
Camkk1	1553.54081631649	2.73315081120732	0.458310131971629	5.96354001481362	2.46830970627706e-09	1.97346297636263e-07	8.60760034897895	up	55984
Sox2ot	33.4846917798036	2.73240701792481	0.937767358730699	2.91373653869038	0.00357131165844481	0.0371208410967212	2.44717224848076	up	320478
2810030D12Rik	34.9735260291361	2.72853930148315	0.913109092456775	2.98818544686906	0.0028063921410137	0.0311473519916768	2.55185164450532	up	78335
Papln	1172.89829719346	-2.72643843843787	0.751569351149168	-3.62766048704498	0.000286001002016935	0.00511780485972649	3.54363244529871	down	170721
Gadd45g	3284.16118465762	-2.72517543952972	0.442099928108559	-6.16416168893957	7.08575128317157e-10	6.152059189906e-08	9.14961409589811	down	23882
Sox11	41.7002525099795	2.72093087064009	0.957429512087148	2.84191247114223	0.0044843801492375	0.0437451392986624	2.34829757856632	up	20666
Blk	78.0097178162053	-2.72033198510603	0.609888395789916	-4.46037669167767	8.18157216312606e-06	0.000269856871941524	5.08716323469484	down	12143
Cldn1	381.748267313769	2.71914118895138	0.780690089711096	3.4829969341069	0.000495834042999143	0.00794765906292451	3.30466365873173	up	12737
1700016K19Rik	20.1630689449637	-2.71489997001513	0.81011424649025	-3.35125568001946	0.000804459900738567	0.0117112487224781	3.0944955989509	down	NA
Cdh19	128.348496493374	2.71341001884516	0.617991719794238	4.39068992663623	1.12991571860833e-05	0.000353993031090019	4.94695394970987	up	227485
Tox2	105.898172295289	2.71160598900876	0.461861359225018	5.87103886230862	4.33072728243267e-09	3.26651233665148e-07	8.36343916410294	up	269389
Gm9899	33.9624717494701	2.710118530416	0.786057207476784	3.4477370153699	0.000565304170797309	0.00882757794210672	3.24771781031633	up	100502829
Mchr1	92.8249686111396	2.70992431740109	0.774756329620028	3.49777628629397	0.00046915449071227	0.00759308498814321	3.32868412228351	up	207911
Hormad2	28.7058800153289	-2.70936611415203	0.79503903622127	-3.40784035841729	0.000654791908757058	0.00995283701310728	3.18389669579014	down	75828
Ggt5	2938.76860466274	-2.70817932041048	0.467909326537457	-5.78782932251231	7.13018038714718e-09	5.18247438466537e-07	8.14689948274959	down	23887
Ifih1	1871.00003080432	-2.7080332473159	0.652742871811768	-4.14869830719012	3.34371123184609e-05	0.000891333871066676	4.47577123596716	down	71586
Fam184b	392.844469619362	-2.70624383398051	0.959955923782028	-2.8191334278333	0.00481534970404929	0.0461710744841556	2.31737216772449	down	58227
Klhdc8a	52.3908616378113	2.70573283723464	0.650610625084233	4.15875906865851	3.19981182278071e-05	0.000857343682489825	4.49487556128352	up	213417
Sectm1b	126.088532471363	-2.70443494300512	0.923855863061805	-2.92733428572093	0.00341881197718419	0.0359092032579914	2.46612478323873	down	58210
Rtl4	64.875593713768	-2.70356742786723	0.509082158487867	-5.31067015960189	1.09222851193826e-07	6.14970802721748e-06	6.96168649066823	down	619287
Col6a3	48694.7193452068	-2.69948280446867	0.526549904641301	-5.12673685945802	2.94807102656313e-07	1.510924196896e-05	6.53046205742328	down	12835
Avil	344.497796821605	-2.69911851176176	0.54185973286491	-4.98121256859415	6.31870842183993e-07	2.90341020541923e-05	6.19937168478598	down	11567
Sfrp2	1084.81867582476	2.69353344235329	0.537850493117159	5.00795941776066	5.50101292993823e-07	2.57504090031863e-05	6.25955733425506	up	20319
Dsc2	3793.63764378074	-2.68683632325941	0.721344632762189	-3.72476095506654	0.000195500387148998	0.00372522404130453	3.70885237823483	down	13506
Tcam1	49.9748410613462	-2.68315919893471	0.643919832207271	-4.16691498650881	3.08749573693188e-05	0.000832832183398037	4.51039363338515	down	75870
Fam129a	6805.93086145688	2.68200230351262	0.434631409092214	6.17075123289949	6.79662859281264e-10	5.95837773303241e-08	9.16770646179748	up	NA
Ppfibp2	1992.8251999304	2.67991716280793	0.413102913543695	6.48728700511688	8.73957614690546e-11	9.39175527012615e-09	10.0585096293248	up	19024
Gm48877	32.3361354035856	2.66993994378228	0.770138930608747	3.46682895470803	0.00052663689456961	0.0083410604189044	3.27848871882145	up	NA
Trpv6	6650.24863959098	-2.66992124943214	0.744988410733368	-3.58384266247023	0.000338576081923389	0.00587963399260183	3.47034372506815	down	64177
Klhdc7a	1819.01827573754	2.66674927783954	0.444398634570399	6.00080439134898	1.96342406625335e-09	1.57610121430811e-07	8.70698589003647	up	242721
Sh3gl2	3356.99747792113	2.66498396462402	0.471930156513662	5.6469880719455	1.63283154633717e-08	1.09153969726379e-06	7.78705861763311	up	20404
Oas1b	1198.95002070611	-2.66034450347299	0.768763052106857	-3.46055198176096	0.000539069145773796	0.00848418431946979	3.26835552479101	down	23961
Klra17	45.1389574614219	-2.6602145186124	0.893970816921123	-2.9757285900834	0.00292293421280893	0.0320129364633561	2.53418095930407	down	170733
Tspan1	5848.76889548936	-2.64781637901682	0.82906788760165	-3.19372685712927	0.00140448936959415	0.0182173481631719	2.85248154357103	down	66805
Nlrc4	195.29958577374	-2.64756782424815	0.637062045016371	-4.15590262355076	3.24005810565232e-05	0.000865805901280462	4.48944720129404	down	268973
Gm8206	67.4399673445501	2.64332894915606	0.627185605201214	4.21458803779151	2.50234528420492e-05	0.000691796369857372	4.60165276471506	up	115488283
Scube2	1383.47627409529	2.64331996389004	0.598620885500771	4.4156828268342	1.00691634127504e-05	0.000322019901270489	4.99700661090805	up	56788
Brinp1	36.8544175391753	2.64208340814301	0.850745115882004	3.10561102123267	0.00189886323188673	0.022989032473192	2.72150631476585	up	56710
Muc20	1183.79125304027	-2.64183097229073	0.868671607286612	-3.04123094404199	0.00235613036002659	0.0271907238084362	2.6278006845666	down	224116
Hgfac	1464.42528230188	-2.63827741226713	0.647041459292405	-4.07744723986051	4.55328575666668e-05	0.00114768065200824	4.34167509323471	down	54426
Ier3	3268.0796099513	-2.63593525409294	0.476082474450665	-5.53671978187067	3.08189036580104e-08	1.93713285005129e-06	7.51118281479817	down	15937
Chst8	547.98226769713	-2.63578216758761	0.71411133411307	-3.69099612578096	0.000223377540304033	0.00411508781161016	3.65096049555513	down	68947
Tmem132c	524.872507299066	2.63536010082551	0.70749885063058	3.72489665315592	0.000195395254632821	0.00372522404130453	3.70908598776057	up	208213
Cacna2d4	57.6686217942995	-2.63222377046893	0.557166616669521	-4.72430273407822	2.30906228309838e-06	9.21228281727951e-05	5.63656435255656	down	319734
Il4ra	6557.7678213302	-2.63181738253225	0.389666842264354	-6.75401932388898	1.43804584410971e-11	1.76341474429846e-09	10.8422272686635	down	16190
Serpina9	349.307528473021	-2.63161181744033	0.745363464972728	-3.53064235250197	0.000414551874494604	0.00687640071983248	3.38242111674907	down	71907
Tpsb2	84.3905688451535	-2.6286948854542	0.704608919304507	-3.73071474605925	0.0001909373137363	0.00366262478595122	3.71910919174131	down	17229
Cux2	158.10587920304	2.62803005555258	0.614266788656643	4.27832027399673	1.8830894530166e-05	0.00054240985606856	4.72512904905994	up	13048
Adamts2	6281.00989099756	-2.626027015695	0.49231386926387	-5.3340504496076	9.60458194845532e-08	5.48503954244929e-06	7.01752153360606	down	216725
Tgm2	5123.31516137277	-2.6260055301616	0.652855360774354	-4.02233892518993	5.76230596517931e-05	0.00140117970355236	4.23940368540632	down	21817
Ly6h	322.748019299239	-2.62306803118419	0.667974827238023	-3.92689652996385	8.60489762345366e-05	0.00197468075427775	4.06525429231302	down	23934
Sytl2	2061.08453882544	2.62008180539411	0.410838047911	6.37740788302475	1.80110315153355e-10	1.78220048479469e-08	9.74446141385511	up	83671
Rgs9bp	30.4555526384745	2.61694589173785	0.879695473822671	2.97483159753687	0.00293149430230275	0.03208910630582	2.53291094557977	up	243923
Mad2l1	2781.0562405032	-2.61054265173478	0.669112685096046	-3.90149926893114	9.55987504185243e-05	0.00213262033857753	4.01954778439635	down	56150
Tmem64	6901.29328084289	2.60580980172498	0.418847010841331	6.22138808270526	4.9277560403237e-10	4.4168604365018e-08	9.30735080103921	up	100201
Mfsd2a	694.213202690898	-2.60472418955376	0.440053789064322	-5.91910410564158	3.23700027822702e-09	2.55735816447438e-07	8.4898572632689	down	76574
Pik3r5	586.008516504226	-2.60209780354482	0.661288335419514	-3.93489142961229	8.32343134290403e-05	0.00192333810036955	4.07969759845981	down	320207
Corin	41.0170132061118	2.59642649243308	0.821519740969532	3.16051625170791	0.00157489818987756	0.0199613601897734	2.80274751616233	up	53419
Hspb6	1415.27767181259	2.59584018886849	0.491640756437317	5.2799532074584	1.2921688186701e-07	7.11511579823086e-06	6.88868074313094	up	243912
Gfra3	99.052346368075	2.5930150211722	0.492038373922924	5.26994470065131	1.36464865726281e-07	7.47304037297783e-06	6.86497914778276	up	14587
Fyb2	2695.90927947956	-2.59157368685881	0.604268515817739	-4.28877828154213	1.79658603565765e-05	0.000521950024429145	4.74555198028695	down	242594
Mfsd4a	6882.003926228	-2.58601617747142	0.512783508279501	-5.04309545006246	4.58060609454449e-07	2.21591002164779e-05	6.33907705341515	down	213006
Gm8189	211.826580873359	2.57987332755424	0.627666650814346	4.1102603176496	3.95213319015466e-05	0.00102325438089134	4.40316842775483	up	100534389
Muc1	5518.38426413209	-2.57924670726659	0.858774459238307	-3.00340407137197	0.00266977700618302	0.0300808922207364	2.57352501167984	down	17829
Igsf10	2564.95348727844	-2.57628109332788	0.674762278835924	-3.81805737240141	0.000134506649511329	0.00277739556862857	3.87125624521775	down	242050
Akr1cl	263.984575082198	-2.56707640728289	0.659600262035389	-3.89186687003645	9.94758276930685e-05	0.00219722030004103	4.0022824385999	down	70861
Fam13a	604.657767390235	2.56661341159749	0.509745056888217	5.0350923013665	4.77618636821394e-07	2.29486570018895e-05	6.32091873524808	up	58909
Gm2895	18.9553877804034	-2.56601056882323	0.894517989964376	-2.86859582212027	0.00412298289127873	0.0411844987660566	2.38478846734239	down	105245970
Ccdc184	280.109883518939	2.5654033676173	0.575564729182096	4.45719349631249	8.3039643387749e-06	0.000273442568704173	5.08071452456143	up	239650
Gsta3	30.3397234227258	2.56447012418694	0.653411523821566	3.92473966358642	8.68235822644185e-05	0.00199017174575825	4.06136229952042	up	14859
Herc6	1125.30677665164	-2.56131371345199	0.689959796688028	-3.71226515769021	0.000205412624423058	0.00386973377659574	3.68737286868038	down	67138
Gm15283	22.3899751931538	-2.56078894224023	0.861559862311654	-2.97227047621435	0.00295606140758218	0.0322872980408484	2.52928654839051	down	102637576
Agtr2	534.657777628562	-2.5599253245838	0.613549340593669	-4.17232185777727	3.01511314842523e-05	0.000817721595803574	4.52069638540951	down	11609
Gm2237	120.769214909882	2.55346999484516	0.465493820344825	5.48550782683564	4.1228330101866e-08	2.52009743754158e-06	7.38480425535707	up	100039441
Plxnb1	1953.15951843645	2.55327413137373	0.397788877722737	6.41866646948683	1.37473225204979e-10	1.40913580789596e-08	9.8617818784012	up	235611
Peg10	2239.7983855734	-2.552476867927	0.544256522239518	-4.6898415795258	2.73416651175731e-06	0.000106117515023311	5.56317504026735	down	170676
Chst11	3173.11948364889	-2.55201175414236	0.560115409868622	-4.55622485862502	5.20811825817139e-06	0.000184627878814271	5.2833191630174	down	58250
2900052L18Rik	88.9413057792395	2.55192933914206	0.670356863893385	3.80682212205695	0.000140763912623714	0.00288277570237991	3.85150867017392	up	102640779
Tbc1d9	1261.71600364122	2.55087649871751	0.487297576875958	5.23474078215422	1.65216566185173e-07	8.90120950110306e-06	6.78194640833467	up	71310
Stat2	4242.95911154129	-2.5478636352545	0.696273907074685	-3.65928352242733	0.000252921394426512	0.00458331172420411	3.59701443246506	down	20847
Bcas1	146.869082571591	2.54740629235682	0.637457694776208	3.99619663113665	6.4368275776513e-05	0.0015426775734064	4.1913281240973	up	76960
Ccnjl	161.446006868631	2.54380095128705	0.450019451495173	5.65264666412833	1.57995882042296e-08	1.05973882223537e-06	7.80135423222035	up	380694
Gdf15	64.8211503642758	-2.54261129132471	0.653317353762072	-3.89184716536811	9.94839089222101e-05	0.00219722030004103	4.00224715876605	down	23886
Galnt12	1680.7954302699	-2.54190367940223	0.540629740382799	-4.70174592615346	2.5794634405066e-06	0.000101692929484903	5.58847062313037	down	230145
Frem2	711.451771213061	2.53770775066189	0.486390757282342	5.21742593309352	1.81426734081904e-07	9.67028682887761e-06	6.74129871722752	up	242022
Gm28154	38.3515263536639	2.53612847805334	0.853531717789028	2.97133477900843	0.00296508367275645	0.0323681553528432	2.52796304661551	up	102634738
Gm45397	829.291724877874	-2.53447851275315	0.561602791569981	-4.51293788207129	6.39357523479726e-06	0.000220335830677806	5.19425622000543	down	NA
Ms4a6d	666.913509401242	-2.52977920902928	0.815982919237297	-3.10028451501641	0.00193334832784576	0.0232934095099344	2.71368989287634	down	68774
Gm41804	182.950515323845	2.52921222825337	0.75323451799514	3.3578018104976	0.00078564922081389	0.0114876054320615	3.10477131588017	up	105246529
Gm45104	148.846771177356	2.52773104041491	0.892090093978458	2.83349300421214	0.00460423157529304	0.0446311254737911	2.33684284113636	up	NA
Trpv5	96.2324308272749	-2.52302895380672	0.751170379874441	-3.35879718024617	0.000782824991279876	0.0114575114853565	3.10633531816772	down	194352
Elf5	204.24112198942	2.52179437265938	0.464998204066691	5.42323465038093	5.85300764810275e-08	3.47151088635839e-06	7.23262090839451	up	13711
Rad18	897.505296214155	-2.51885629768101	0.384769112879312	-6.54640981660885	5.89367114905038e-11	6.50843640481873e-09	10.2296141002705	down	58186
Egln3	2830.36182108906	-2.51805799800455	0.657822259499898	-3.82786985639384	0.000129257066744194	0.00268564475060597	3.88854570383084	down	112407
Adam33	2805.35111158133	2.51699694478425	0.428702091182729	5.87120286220253	4.32644470542014e-09	3.26651233665148e-07	8.36386884245961	up	110751
Ifi203-ps	514.080889442673	-2.51685938954705	0.798471222142915	-3.15209780860025	0.00162101964583487	0.0204036150383799	2.79021172171782	down	100504287
Gm35110	50.8240022069893	2.51443632866001	0.599774848723983	4.19230038406821	2.76140027220947e-05	0.000757131257077132	4.55887063667395	up	102638580
Stk26	671.435444746613	2.5141679934789	0.5153107559838	4.87893560203106	1.06659879291437e-06	4.63460362451573e-05	5.97199891215035	up	70415
Tox3	167.831015675856	2.51003701714312	0.533146373851726	4.70796978137412	2.50196179787122e-06	9.90281433977228e-05	5.60171932577784	up	244579
Erfe	53.6480533882411	-2.5070260033976	0.662670535861423	-3.78321634617215	0.00015481473602693	0.00309443694370627	3.81018770340384	down	227358
Ddc	33.7416160140845	2.50686604969005	0.78047456163685	3.21197662667253	0.001318250999108	0.0173578399012982	2.88000189084275	up	13195
A730020M07Rik	30.9631187097501	2.50616406225392	0.819823901793566	3.05695412974795	0.00223598490197334	0.0260144739351823	2.65053113325959	up	100503044
Tlr13	173.330361514894	-2.50308314320785	0.639958994497007	-3.91131801370369	9.1793810268365e-05	0.00207749437609365	4.03718660264325	down	279572
Scamp5	2232.63787674087	2.50271956028339	0.584857388965229	4.27919627502934	1.87569403611588e-05	0.00054240985606856	4.72683800245137	up	56807
E230025N22Rik	23.6208320814791	2.50251154206325	0.843404218768812	2.96715558966064	0.00300568815351564	0.0326542707741885	2.52205608038013	up	240216
Slc37a1	1937.42176152679	-2.50198856149648	0.770824572841472	-3.24585988777376	0.00117096454992029	0.0157823596923848	2.93145625267063	down	224674
Rgs22	317.047985047909	2.50078975687001	0.413402568834441	6.04928451199714	1.45490523901675e-09	1.2016795833664e-07	8.83716529225355	up	626596
Cyp26b1	488.825228457219	-2.5005105225387	0.666945756550422	-3.74919623969398	0.000177402230229969	0.00345943002715767	3.75104092469324	down	232174
Gjb2	3319.85145612568	-2.5004489483486	0.770682263222104	-3.24446152152848	0.00117672914717529	0.0158386950799594	2.92932348908845	down	14619
Plch1	1116.17712404722	-2.49111109315552	0.582972122949019	-4.27312215300108	1.92754789365173e-05	0.000551750507098051	4.71499482225742	down	269437
Maob	1117.55011902818	2.4882156601664	0.591721982444415	4.20504178311499	2.61033928914288e-05	0.000720655548499832	4.58330303985489	up	109731
Rbm38	230.557002405318	2.48342259490844	0.488349848324597	5.08533503886286	3.66977673204279e-07	1.82013640992733e-05	6.43536035727145	up	56190
Tex2	10870.8882122814	-2.48102969190113	0.566259899847221	-4.38143278831951	1.17901414957097e-05	0.000367646409073707	4.92848098282372	down	21763
Tcea3	348.07106177751	2.47728051334864	0.377121047916729	6.56892668026221	5.06792292323562e-11	5.65908622288455e-09	10.2951699988139	up	21401
Kcnf1	873.335144080021	2.47709891713992	0.536681686122711	4.61558309365067	3.91993159600254e-06	0.000145634930745165	5.40672151148409	up	382571
Nlgn3	35.9582172721643	2.47289953468976	0.750797680117385	3.29369629152708	0.000988792740585026	0.0138306433161746	3.00489473070129	up	245537
1700019D03Rik	148.862916484533	2.46980464579753	0.506446492347904	4.87673363941653	1.07856920058628e-06	4.6562507951012e-05	5.96715198550011	up	67080
Adamts1	9759.10888817138	-2.46322332828259	0.491140060169305	-5.01531747875235	5.29459659362463e-07	2.48423466463308e-05	6.27616712409983	down	11504
Gm28729	230.81004084385	2.46239955175394	0.438912566589179	5.6102279569925	2.02060275581684e-08	1.31986300272114e-06	7.69451905903004	up	NA
Syt3	63.6973495130268	2.46017397754604	0.552276881249296	4.45460250297085	8.40487668890603e-06	0.000276310321147786	5.07546865387478	up	20981
6330403K07Rik	128.649697672598	2.46014418753336	0.441450519634763	5.57286508478634	2.50583629842144e-08	1.61050340620089e-06	7.60104730405793	up	103712
Ppm1j	245.001580229856	-2.45624889654121	0.549089182077143	-4.47331504009876	7.70161778728659e-06	0.000257424642696128	5.11341803816605	down	71887
Slc6a15	141.415932437912	2.45590286323436	0.623984081263267	3.93584217447076	8.29054461449392e-05	0.00191795608512158	4.08141693925665	up	103098
Cilp	461.975170131426	-2.45461838786121	0.401161305137629	-6.11878153856112	9.42935690444002e-10	8.0201696087637e-08	9.02551792575439	down	214425
Grb14	564.449395510193	2.45328608651327	0.352988799543426	6.95003946212028	3.65184046412524e-12	4.99951967102296e-10	11.437488203499	up	50915
B4galt5	2964.36185932476	-2.45317256646347	0.518067813555266	-4.73523446598323	2.1880200096203e-06	8.81736773231664e-05	5.65994871066222	down	56336
Car2	17359.723669377	-2.45282494849642	0.499099813102283	-4.91449783010388	8.90103111148251e-07	3.95364021902916e-05	6.05055968098556	down	12349
Bst2	7521.4954271923	-2.45120886225439	0.496185163311216	-4.94010914372495	7.80788541659158e-07	3.5149552636674e-05	6.10746656871574	down	69550
2700046A07Rik	81.0925250399313	2.44977677012852	0.729980860143448	3.35594657871867	0.000790938451758595	0.0115514326548827	3.10185731056251	up	78449
C030014I23Rik	121.90208881276	2.44955795052192	0.412332554987033	5.94073381035594	2.83749038907388e-09	2.25959194808003e-07	8.54706560080472	up	77381
Chadl	52.6853212981914	2.44766185645998	0.611508422461938	4.00266254159782	6.2633608937028e-05	0.00150290585286112	4.20319256360955	up	214685
Lamc2	7363.30772321713	-2.44589779076237	0.545551082255074	-4.48335246747578	7.3479410106119e-06	0.000247256977979984	5.13383433887529	down	16782
Irgm2	1956.08096420166	-2.44574105937389	0.724639074895993	-3.37511617038445	0.000737845373037235	0.0109406923711189	3.13203464179855	down	54396
Eno3	1093.39969614463	2.44485562536868	0.348389160338251	7.01759958029398	2.25712288373289e-12	3.1996717872378e-10	11.6464447961396	up	13808
Reep6	493.300595328254	2.44451740853965	0.499378609443881	4.89511837774132	9.82465704360294e-07	4.3159394502755e-05	6.00768260091899	up	70335
Gm43102	49.3867569455305	-2.44204809938777	0.790852419212723	-3.08786827992355	0.00201597805566821	0.0240856959812888	2.69551419958468	down	NA
Gm38477	32.7583602145405	-2.44156769291335	0.718446071350011	-3.39840078507976	0.00067781043038469	0.010232684956593	3.16889175237137	down	102635349
Colq	29.4235013420974	2.44120437532758	0.695015466061185	3.51244611744032	0.000444002024942308	0.00724466324452804	3.35261504921136	up	382864
Atp8a1	5401.57652367764	-2.44118893906015	0.852532882778303	-2.86345428824352	0.00419049274164199	0.0416300044333699	2.37773490724987	down	11980
Abca8a	626.375288372658	2.44069283239067	0.385513098644146	6.3310243957329	2.43538831140494e-10	2.31148539800105e-08	9.61343178268132	up	217258
B130034C11Rik	73.2857132851127	2.43845897876963	0.680014069366194	3.58589489338418	0.000335924248176288	0.00583865554134577	3.47375864614621	up	414095
E030030I06Rik	84.2647156887978	2.43774068002066	0.577614951466802	4.22035592020295	2.43916909678793e-05	0.000675264707847607	4.6127580909301	up	319887
Cfap299	48.1591342135659	2.43653475656792	0.635270031826927	3.83543160309462	0.000125343985625687	0.00263723745756445	3.90189649993665	up	75784
Scml4	1747.15105146827	-2.43601123899856	0.83860391099811	-2.90484125705926	0.00367439404839273	0.0377991704782675	2.43481427103894	down	268297
4930447M23Rik	114.334010206848	-2.43219553153058	0.799598388267921	-3.0417714282781	0.00235190413364575	0.0271733293776365	2.62858038458449	down	108871
Gm49513	174.836309086036	2.43139894922192	0.870099114213352	2.79439308637858	0.00519972311462946	0.0489783532588189	2.28401978194023	up	NA
Npy1r	328.321485734151	2.43089979863802	0.521778812179035	4.65887027586684	3.17949480664521e-06	0.000121050937514713	5.49764188005202	up	18166
Ramp3	3781.79035150306	-2.43060208428677	0.648145538191948	-3.75008688799605	0.000176773307718321	0.00345390505833216	3.75258331164083	down	56089
Cldn4	2410.16257813825	2.42904528877837	0.325896994922222	7.45341419720082	9.09551598266414e-14	1.49017355296304e-11	13.0411726586601	up	12740
Pi16	1783.79521236449	2.42874482819018	0.477356953841848	5.08790080178625	3.62048649362123e-07	1.8001563192662e-05	6.44123306833442	up	74116
Gbp3	2933.40350571431	-2.42873735799985	0.762653636944351	-3.18458765597818	0.0014496040101777	0.018717496741235	2.83875061823539	down	55932
Gm5934	59.4969747919667	2.42332765268958	0.680404863554649	3.56159660592276	0.000368606429581323	0.00627572854724999	3.43343709367653	up	546272
Nqo1	1520.22953533486	2.4225375491803	0.589892600827408	4.10674340682075	4.01276571841166e-05	0.0010335974378816	4.39655619540476	up	18104
Kcnk4	246.354078612861	2.42184030331607	0.532778232005573	4.54568178245453	5.47577137187641e-06	0.000191893409097557	5.26155469311754	up	16528
Lgals3bp	6479.51294456091	-2.41620593819679	0.752016522379693	-3.21296921848327	0.00131370368204021	0.0173207844304879	2.88150258284873	down	19039
Ptgr1	4128.61123127943	2.41506483575444	0.521616516350479	4.62996235750275	3.65732212955012e-06	0.000136640289206445	5.43683678619603	up	67103
Gm49390	26.5307237678265	-2.4131637721383	0.793729026083896	-3.0402866631253	0.00236353069751755	0.0272446664255944	2.62643875271123	down	NA
Spock3	419.007568470775	2.41252428411838	0.615484460071629	3.91971599711488	8.86533764890693e-05	0.00201593138710298	4.05230471902927	up	72902
Slc44a4	3500.22408955221	-2.41022031065262	0.570975941320049	-4.22122919063872	2.42973736472977e-05	0.000673586552652132	4.61444066764158	down	70129
Mndal	2253.79258084453	-2.40804542311036	0.676930008876379	-3.55730340143647	0.000374681321176747	0.00634703820445875	3.42633795705851	down	100040462
Naip3-ps1	170.405897632732	-2.40468745114838	0.760647375340485	-3.16136955060416	0.00157029136533626	0.0199409045809029	2.80401975738852	down	53898
Bhlhe40	4401.48439507432	-2.40039266824962	0.555463463072867	-4.32142314990524	1.55026046887517e-05	0.000460425055748541	4.80959532718994	down	20893
Nrtn	1437.80215274417	-2.39860193218004	0.74269220021474	-3.2296043118354	0.0012396165139107	0.0165293228018993	2.90671264681439	down	18188
Ndrg2	8415.15333414148	2.3985286525799	0.315892068640015	7.59287392971306	3.12886935496726e-14	5.34528552710133e-12	13.5046125703154	up	29811
Dscam	688.955825417336	-2.39811374928934	0.643194369348866	-3.72844331911217	0.000192666230503895	0.0036851795361836	3.71519439946505	down	13508
Kcnh5	16.2395019881724	-2.39670165558327	0.855301869512913	-2.80217048624969	0.00507600413024878	0.0481533794757535	2.29447803319996	down	238271
Gm15860	113.792041738091	2.39618599303436	0.671029729398717	3.5709088406284	0.000355744701085615	0.00609830624811258	3.4488615601303	up	115490136
Kcnip4	928.624703677296	-2.39557975589723	0.601663787998626	-3.98159205137787	6.84551996186799e-05	0.00162890777378354	4.16459355877999	down	80334
Snx7	2290.89519450213	-2.39370668809186	0.43154652620192	-5.54681023425004	2.90928197369899e-08	1.84021291424985e-06	7.53621418398264	down	76561
Espn	161.187277509102	2.39366603310285	0.478462818766628	5.00282558898349	5.64960509239012e-07	2.63226821880405e-05	6.24798190832036	up	56226
Tmprss11a	582.039186639207	-2.38937172622779	0.577630903964994	-4.13650258292377	3.5263938759088e-05	0.000929232833850723	4.45266918137863	down	194597
Cecr2	189.102349678225	2.38657856693144	0.789533407741142	3.02277084608673	0.00250471831550079	0.0285429359693443	2.6012411084803	up	330409
Ror2	2767.53042829289	-2.38612316221939	0.54015821021125	-4.41745236323669	9.98710719851802e-06	0.000320421025174925	5.00056028851608	down	26564
Necab1	60.6358433331205	2.38560560569409	0.732800518814722	3.25546386014126	0.00113207303176431	0.0153305391320494	2.94612555524213	up	69352
Dlk2	63.1914313872829	2.38546501101064	0.716570755589318	3.32900134760426	0.000871579826605098	0.0124882706624966	3.05969283039398	up	106565
Col6a2	50431.4285124026	-2.38457150520188	0.627576688405522	-3.7996495874637	0.000144900827853844	0.00294978982002002	3.83892913329122	down	12834
Gm20574	103.117558999089	2.38234725753303	0.502263539651959	4.7432215748407	2.10345978633919e-06	8.51092190472627e-05	5.67706578635102	up	100125870
Arsi	736.853326428611	-2.38213246523542	0.507737731200818	-4.69165933286383	2.70998100680735e-06	0.000105588889598568	5.5670337529144	down	545260
Ahrr	64.9060794310495	2.38004994814932	0.756163060056791	3.14753533182455	0.00164653205785974	0.020671441823052	2.78342980918769	up	11624
Tnfsf10	3939.34680046741	-2.37585644819596	0.706688188147245	-3.36195862339916	0.000773917193855582	0.0113659492070429	3.11130550466004	down	22035
Slfn9	2526.62849334631	-2.37538779129814	0.462294836189881	-5.13825291858222	2.77304495461066e-07	1.42487461575213e-05	6.55704308989524	down	237886
Homer2	675.166888622161	2.37283087541308	0.461308900891913	5.14369194009774	2.69391147359256e-07	1.39136699054698e-05	6.56961668001688	up	26557
Plekhg6	536.356744643636	2.37223848598544	0.457104442370942	5.18970779124558	2.10624345826827e-07	1.09920611602784e-05	6.67649143064745	up	213522
Rdh16	62.718313277611	2.37203844243453	0.730742440087592	3.2460663460989	0.00117011566448048	0.0157815599876085	2.93177120666167	up	19683
Parp14	5834.4445932561	-2.371828103011	0.739595404758959	-3.20692650028566	0.00134161268698954	0.0175728403588118	2.87237284346734	down	547253
Nav3	293.479791380561	-2.37049154732054	0.7682586772322	-3.08553826669513	0.00203184076852206	0.0242317621009659	2.69211032988312	down	260315
Vsig8	30.664699704438	2.3696689713112	0.744177891919612	3.18427757266293	0.00145115787329917	0.0187254638938049	2.83828533754643	up	240916
Cpa3	104.149228978508	-2.36938850437493	0.748794059139537	-3.16427257328626	0.00155471116262625	0.0198059698652476	2.80835028324753	down	12873
Caprin2	826.61620215868	2.3686713523962	0.373809844432051	6.33656760964936	2.34940113115945e-10	2.2685908120587e-08	9.62904282648497	up	232560
Uchl1	80.3938555662338	2.36528149950716	0.811562233990007	2.91447950686217	0.0035628219959876	0.0370711535948985	2.44820587512063	up	22223
Gm18445	32.6526727437348	-2.36331039808087	0.814291117525012	-2.90229175686455	0.00370443357435367	0.038000859988361	2.43127818831585	down	100417201
Cp	7453.10130407985	-2.36302688689804	0.822292295100425	-2.87370671107826	0.00405685501640102	0.0406878442309738	2.39181051280396	down	12870
Cd24a	52882.9129524245	-2.36221320702523	0.720164538220972	-3.28010209008712	0.00103769529368726	0.0143738416702848	2.98393015293957	down	12484
Ms4a4b	269.694806588834	-2.36208248013892	0.810930445809152	-2.91280527491111	0.00358197890306513	0.037136593990282	2.4458769763623	down	60361
Alpl	8231.89908281997	-2.35985622078398	0.503936409838211	-4.68284524537851	2.82920110702202e-06	0.000109170022639298	5.54833618065694	down	11647
Hrk	84.8296845023358	2.3598353662837	0.75419003077839	3.12896653360446	0.00175422286719951	0.0216110757904954	2.75591523203823	up	12123
Plag1	96.1284230123319	2.35844498116926	0.721540368867076	3.26862512886474	0.00108071380035357	0.0148462594099431	2.96628930270154	up	56711
Sgsm1	1764.05866827514	-2.35692235645321	0.693138975984531	-3.40036044446274	0.000672970782304973	0.010190409088418	3.17200379069307	down	52850
Col5a1	15215.1783044615	-2.35644772189159	0.579168745761889	-4.06867210831915	4.72818295027705e-05	0.00118767657139835	4.32530572739783	down	12831
Aard	495.043508612968	2.35586018422466	0.663299005972311	3.55173181779652	0.000382704707646745	0.00645527569320097	3.41713619549061	up	239435
Sdr42e1	1191.54331665109	2.35516304991853	0.453099399488007	5.19789488262357	2.01558045507333e-07	1.06580481841285e-05	6.69559986161561	up	74032
Helz2	4020.30556273377	-2.35436506399398	0.704444876074281	-3.34215656037467	0.000831301579413744	0.0120406202676246	3.08024139436876	down	229003
Shank2	621.209684617067	2.35424949617034	0.541936688875701	4.344141196741	1.39821566855072e-05	0.000429874115487972	4.85442583543045	up	210274
Fgfr3	787.111771773905	2.35294321397884	0.415174050072304	5.66736580373716	1.45009544817091e-08	9.89232348738574e-07	7.83860341069629	up	14184
Frem1	414.41737789882	2.3529117050343	0.757871079295048	3.10463318803894	0.00190515131609049	0.0230509470375404	2.72007052490525	up	329872
Naip6	1844.71541588578	-2.35084583025745	0.67023085092891	-3.50751659222981	0.000452310146268593	0.00737420489691405	3.34456367000549	down	17952
Klhl10	39.0074899044931	2.34831568730536	0.721204577745746	3.2561020267584	0.00112953155090284	0.0153168769602754	2.94710163354253	up	66720
Tlr2	1153.56861864223	-2.34784143793372	0.649641639456501	-3.61405626631008	0.000301443598784448	0.00534390424104609	3.52079393403153	down	24088
Rhag	47.9667275706563	2.34556749427064	0.605555175276536	3.87341664316468	0.000107320124232646	0.00234182821305909	3.96931883326509	up	19743
AA536875	100.765248214986	-2.34470760627247	0.641729525489318	-3.65373184985472	0.000258456191092304	0.00465880277196026	3.58761306022672	down	380934
Ccdc151	31.0468942392091	2.34328221829362	0.817195226798252	2.86746929185396	0.00413768956348713	0.0413107587387516	2.38324209605839	up	NA
Stpg2	20.1854741602429	2.34127326798696	0.790436772505196	2.96199942794485	0.00305648351802403	0.0331127330939102	2.51477794178505	up	381476
Kif20b	1271.19331611785	-2.34123722394725	0.662334442666026	-3.53482632508633	0.000408043254053242	0.00679098131724912	3.38929379769206	down	240641
Retn	432.628163546061	2.34059992296314	0.831764073993782	2.81401901830715	0.00489263336995779	0.0468137653416545	2.31045732692755	up	57264
Ly6a	8262.09248132271	-2.33757128435877	0.596360174130111	-3.91973070262196	8.86479674556493e-05	0.00201593138710298	4.05233121756916	down	110454
P4ha3	866.644254997438	-2.33749528909233	0.414441995260753	-5.64010239266814	1.69949072341884e-08	1.12855217872743e-06	7.76968120164815	down	320452
Tmeff2	65.1114484708705	2.3343031358035	0.571050179152715	4.08773733206244	4.35600954065885e-05	0.00110352241696691	4.36091117771081	up	56363
Dbp	642.016509808604	2.33297693964758	0.478274724776033	4.8779013792545	1.0722050703501e-06	4.64885790589107e-05	5.96972214337086	up	13170
Atp13a5	49.4013135141931	-2.33271193600892	0.670882006020336	-3.47708228134861	0.00050690223131542	0.0080745171632504	3.29507579706651	down	268878
Grhl1	638.118424553143	2.33022300456437	0.381071070733354	6.11493021519572	9.65992263675794e-10	8.18146329082702e-08	9.01502635169669	up	195733
Lypd6	440.2673831591	2.32977517210174	0.660033868713387	3.52978124689753	0.000415903392590688	0.00688738774739244	3.38100753701086	up	320343
Ncf1	65.9138507260014	-2.32851209589931	0.603336289834166	-3.85939340154615	0.000113668826273307	0.00242218816583248	3.94435862443974	down	17969
Uroc1	27.4512102037274	-2.32799462842135	0.761849780794818	-3.05571345835738	0.00224525717922907	0.026107155612816	2.64873390627623	down	243537
Adrb3	322.307592238518	2.32709137869561	0.575566127061274	4.04313469692402	5.27413010507006e-05	0.00130631118389269	4.27784916100124	up	11556
Ccl28	4733.26246608933	-2.3269787649625	0.832248180370742	-2.79601544328508	0.00517369281564869	0.0488251992441861	2.28619936078166	down	56838
Dnmt3l	177.201195313231	2.32346339479615	0.487093579216651	4.77005547585489	1.84175190134772e-06	7.51284428655884e-05	5.73476887312537	up	54427
Gm28153	282.42628921298	2.32339084827724	0.609318817855201	3.81309550959802	0.000137237047227293	0.00282501967042135	3.86252863473338	up	105243868
Gm20442	124.769334922921	-2.32316236719692	0.513720607947155	-4.52222926481451	6.11917281058038e-06	0.000212343795378265	5.21330728178918	down	NA
AU015791	77.1335214239399	-2.32181548040174	0.725879595382448	-3.19862342897025	0.00138085408521627	0.0179676792960476	2.85985221087353	down	104932
Atrn	7339.83885663391	2.32171244643228	0.458067572466201	5.06849335335474	4.00976982253008e-07	1.96922061947743e-05	6.39688055697438	up	11990
Tdrkh	101.460603547728	2.3212741113313	0.439182666153815	5.28544109370274	1.2540222186477e-07	6.94332302114412e-06	6.90169476864836	up	72634
Adgrf4	218.424871671242	2.32124455989452	0.692513010819745	3.3519147274169	0.000802547340853171	0.0116919214642662	3.09552933990142	up	78249
Slc26a7	2633.5899533149	-2.31969435185531	0.739971485479709	-3.1348428924278	0.00171946171812515	0.0213204719738744	2.7646074888109	down	208890
Pde5a	6169.71567567782	2.31854828416361	0.437615650463721	5.29813840457204	1.16989278084945e-07	6.53746833457183e-06	6.93185393895398	up	242202
Galnt3	2325.38003649667	-2.31819924384201	0.600212531876263	-3.86229730424876	0.000112325752316088	0.00240381920481153	3.94952066398238	down	14425
Ccn1	2444.25480588756	-2.3168041710505	0.572780638143468	-4.04483674336456	5.23595983168961e-05	0.00130007906976164	4.28100369385208	down	16007
Gbp8	1187.94307878086	-2.31178112716985	0.713292477358495	-3.24100029167695	0.00119111062022026	0.0160214798633665	2.92404790306775	down	76074
Gm32014	880.313197984206	-2.30517979108135	0.452693829535483	-5.09213874959756	3.54046850837464e-07	1.76917211363481e-05	6.45093926420623	down	102634431
Adamtsl3	149.513554878653	2.3043551287993	0.494943673343535	4.65579267481589	3.22736579018552e-06	0.00012263990002705	5.49115180879624	up	269959
Gm15645	43.8848939950378	-2.30397061239539	0.705888539964642	-3.26392975937928	0.00109878402332996	0.0150222264420789	2.9590876639858	down	626055
Knl1	612.581296815815	-2.30101564790161	0.548351884562036	-4.19623915351255	2.7138368634743e-05	0.000745112242130828	4.56641626257987	down	76464
Sp100	4394.51555379072	-2.30018687111387	0.768896621453883	-2.99154243487833	0.00277571957597993	0.0309604257169012	2.55662441168844	down	20684
Cstad	70.3156787082467	2.2998049801322	0.772342503644984	2.97770091543392	0.0029041922863946	0.0318658439866178	2.53697463240876	up	78617
Cacna2d3	659.524123762959	-2.29950107232347	0.566869122153454	-4.05649378746897	4.98148868830824e-05	0.00124618267712021	4.30264085151694	down	12294
AI854703	148.850545730502	2.29930485911228	0.543479198411593	4.2307136424584	2.32951073684905e-05	0.000649403913642103	4.63273528352289	up	243373
Gm49417	45.0177949890106	2.29913862584255	0.706224723381045	3.25553403856416	0.00113179328966035	0.0153305391320494	2.94623288530096	up	NA
Stk32a	129.195809400039	-2.29858392497743	0.577548950565209	-3.9798945573842	6.89458419447583e-05	0.00163676603955531	4.16149192056717	down	269019
Ddit4l	2977.50837945328	-2.297779349878	0.38946972157734	-5.89976376230756	3.6402240321403e-09	2.82018596722559e-07	8.4388718875245	down	73284
Cenpe	1182.55146169703	-2.2954541568285	0.588773573847403	-3.8987044575194	9.67087236624474e-05	0.00215018238994994	4.01453434838256	down	229841
Ncapg	526.038354529861	-2.29383349969977	0.496807694766288	-4.61714567601222	3.89054169777729e-06	0.000144812192653953	5.40998992567253	down	54392
Naip2	743.623773023395	-2.29092143973879	0.528648574858937	-4.33354320561651	1.46728468032141e-05	0.0004436019317778	4.83348561683281	down	17948
Prss41	56.9839259857001	2.28926712848409	0.73591150248435	3.11079133938768	0.00186586734888462	0.0227131282396503	2.72911923502425	up	71003
Cyp4f39	136.658966302991	2.28630680824746	0.488164003180307	4.68348094769904	2.82043680933049e-06	0.000109042342253187	5.54968362601003	up	320997
Slc5a9	840.530347022847	-2.28613651149976	0.785762253562892	-2.90945066543181	0.0036206452551172	0.0373616197001975	2.44121402455948	down	230612
Syt14	93.3922816633966	2.28585590068741	0.619116793614726	3.69212388399512	0.000222389084411896	0.00410823754087337	3.65288653316921	up	329324
Crlf1	54.5828400955351	-2.28388802380721	0.723307777677592	-3.15756043871166	0.00159095253120337	0.020113826181969	2.79834277808062	down	12931
Gm49948	44.1642737766193	2.28334448555191	0.699232484395909	3.2655011552053	0.00109270559783953	0.0149595886915182	2.96149683206326	up	NA
Gm20449	27.5204621627675	2.28231135679558	0.785350957032811	2.90610374426554	0.00365960091751739	0.0377052078037822	2.43656627219302	up	NA
Gm24474	74.1942661021286	2.28147379288362	0.816418843242804	2.7944893871161	0.00519817469670692	0.0489783532588189	2.28414912911725	up	102634964
Cdkn3	202.187458371289	-2.27753011988773	0.757800682253504	-3.0054474391801	0.00265190424921787	0.0299132404815839	2.57644216080536	down	72391
Lonrf2	334.308147728392	2.27646075120443	0.429684682012962	5.29797976632493	1.17090937751487e-07	6.53746833457183e-06	6.93147671583131	up	381338
Tspan6	1448.21819201568	2.27595484215834	0.364561478456596	6.24299323064468	4.29275486993307e-10	3.90016292455556e-08	9.36726391041991	up	56496
BC021767	85.1400696726829	2.27433818097844	0.696970138117376	3.26317880292803	0.00110169987884387	0.0150517957473214	2.95793669832807	up	545551
Gm11427	51.809813995777	-2.27414025356719	0.639624351192893	-3.55543101091436	0.000377359957267878	0.00638668147829835	3.42324418594172	down	435271
Ppp1r14d	139.239422889602	-2.27274265904995	0.782904833179639	-2.90296158962206	0.00369651971121203	0.0379486574153601	2.43220697364128	down	72112
Jaml	96.475787455217	-2.27194782057021	0.650482883569607	-3.49270961305332	0.000478146161871597	0.00772102941380754	3.32043932600023	down	270152
Mki67	5116.34358545786	-2.2713151392288	0.600889813002971	-3.77991952946882	0.000156879052741979	0.00312943962695277	3.80443504166417	down	17345
S100a6	14872.5784298998	2.26966270757341	0.350070264371593	6.48344900600927	8.96491875628297e-11	9.48481249683263e-09	10.0474536418361	up	20200
Col1a1	83442.6008880686	-2.26822283870339	0.658759569078751	-3.44317250962352	0.000574932448294967	0.00891524420211001	3.24038317975588	down	12842
Ppil6	645.764024115051	2.26421358568004	0.508684818597632	4.45111295422996	8.54263905413812e-06	0.000279918474449365	5.06840794317557	up	73075
Hk3	176.487645121136	-2.26258532017036	0.62754342804869	-3.60546413051562	0.000311595529737859	0.00548737572546285	3.50640878150046	down	212032
Gm35363	39.8934535962457	2.26149139203019	0.789200383639444	2.86554776063487	0.00416288472189134	0.0414287227191412	2.38060561537785	up	102638917
Sytl1	1089.1046113424	2.26030165881744	0.365268866990097	6.18804903205374	6.09133835717285e-10	5.41127427036315e-08	9.2152872759588	up	269589
Cacna1g	2936.92232667303	-2.25838097562595	0.697112551236061	-3.23962173916046	0.00119688361509233	0.0160883051099297	2.9219480783159	down	12291
Eif2ak2	5110.31922720564	-2.25399426414657	0.552419567079685	-4.08022162585968	4.49927822980628e-05	0.00113837434502997	4.34685714976989	down	19106
Dlec1	187.366262132907	2.25357820194962	0.736216776761223	3.06102532988123	0.00220580432884398	0.0257456253967779	2.65643301531938	up	320256
Glb1l2	939.348393252636	2.25191426941817	0.324066890689861	6.94891806017079	3.68098257854229e-12	5.00513467890498e-10	11.4340362379896	up	244757
Fam189a1	44.2805834717348	2.2510468305415	0.76061411674755	2.9595122953636	0.00308126406043279	0.0333270054328628	2.51127108160038	up	NA
Clmn	1160.65741251787	2.25073958022488	0.494698068388263	4.54972380942954	5.37163737138581e-06	0.000189028675667711	5.26989331337522	up	94040
B4galnt4	117.994949817808	2.25040090365675	0.506757169831622	4.44078749671066	8.96302714717373e-06	0.000290832770483293	5.04754528818593	up	330671
Cds1	2631.84292071512	2.24815616160408	0.582826753930079	3.85733178246274	0.000114631517146055	0.00244010092088962	3.94069595967428	up	74596
Rnf207	154.419875517962	2.24603553752378	0.539843161802364	4.16053345943105	3.17505094577917e-05	0.000851851252405826	4.4982493017757	up	433809
Rasd1	1332.71143251311	-2.24573267794484	0.530243315883584	-4.23528710437888	2.28259874998626e-05	0.000638106067338816	4.64157042490147	down	19416
Fabp4	9651.1542241618	2.24515261019743	0.786840630174156	2.85337655949528	0.00432573299029649	0.0427436195202674	2.3639402912815	up	11770
Ms4a6b	427.150165697167	-2.243440754964	0.658136518521875	-3.40877719413382	0.000652547521345553	0.00994140232976747	3.18538785562701	down	69774
Slc16a11	317.349472588121	2.24051724502199	0.683012058428873	3.28034800758253	0.00103679111965032	0.0143738416702848	2.9843087312877	up	216867
Pif1	203.933985872341	-2.24049219587589	0.453461971972265	-4.94086016988637	7.77786746064973e-07	3.50934570662453e-05	6.10913946175411	down	208084
Jag2	1371.98917709199	2.23882810165652	0.492652770801787	4.54443420263901	5.50830095513198e-06	0.000192482376732829	5.25898233936964	up	16450
Dmtn	305.35590908086	2.23729205106183	0.518556474899129	4.31446170158618	1.59992265938291e-05	0.000473065889286178	4.79590101072848	up	13829
Gm2762	88.6113782621923	2.23619399247533	0.698590254422236	3.20100943052055	0.00136947049914846	0.0178441827490087	2.86344731879157	up	100040421
Irs2	449.793931242125	2.23445622482572	0.554215129064614	4.03174887808813	5.5363326518735e-05	0.00135920145516726	4.25677782307934	up	384783
Angptl4	2201.95365329454	-2.2319803595384	0.479473136588483	-4.65506863516744	3.23872800363386e-06	0.000122838131568565	5.48962552358014	down	57875
F5	815.083378936951	-2.22829094512756	0.517750646602089	-4.30379171856463	1.67899518069262e-05	0.00049280111118479	4.77495055043825	down	14067
Ctsl	22318.7962597361	-2.22754584157925	0.514377062632854	-4.33056993283778	1.48723902481986e-05	0.000448370039639508	4.82761922729643	down	13039
Fam180a	121.246016283244	2.22709533159271	0.757718875303128	2.93921057556043	0.00329049430539344	0.0349285184154031	2.48273885646354	up	208164
B230206L02Rik	94.7173351709591	2.22645276367623	0.554274953162286	4.01687420832156	5.89751835616312e-05	0.00142366662926315	4.22933069868858	up	100039440
Vipr2	92.622271072859	2.22566138942332	0.738307219687694	3.01454642467777	0.00257363820166636	0.0291455412888992	2.58945250563042	up	22355
Fzd10os	381.657730704523	2.22371820671035	0.658189708773157	3.37853688240626	0.000728726565650325	0.0108699899956856	3.13743539802695	up	319616
Sdk1	2339.82231271981	-2.2230288564812	0.575761472070766	-3.86102399051802	0.000112912814885818	0.00241267656023491	3.9472567656183	down	330222
Tbx3os1	471.223590464079	2.22126255976194	0.51256147375902	4.33365103208336	1.46656585004619e-05	0.0004436019317778	4.83369843205633	up	100039542
Gm46620	2844.57374757737	-2.21871315181236	0.698082230483963	-3.17829770609428	0.00148142554638281	0.0190790810702961	2.82932017044625	down	108168376
Gm20559	2636.06558083688	-2.21631715631387	0.654388008671888	-3.3868547817861	0.000706987992903836	0.0105757350920117	3.15058796195966	down	330256
Emilin2	2121.79894014301	-2.21495241372926	0.538218282452596	-4.11534220583512	3.86605405827857e-05	0.001003567383336	4.41273207761012	down	246707
Nxpe3	318.105505602555	2.2133767489087	0.400043495092604	5.53284024377484	3.15086433524604e-08	1.97427825494977e-06	7.50157029556368	up	385658
Tmem51os1	142.558464505724	2.20796694859621	0.598167412122152	3.69121905314581	0.000223181822795958	0.00411508781161016	3.65134117972048	up	100038693
Acot7	1880.73029826349	2.20508474573804	0.752930303405846	2.92867047024597	0.00340415108269691	0.0357928310578358	2.46799117334494	up	70025
Naip3	233.852268903086	-2.20218757597909	0.713908982631032	-3.08468954664664	0.00203764724764202	0.0242720459987299	2.69087099778908	down	667838
Slfn5	3264.19049854084	-2.2007611578496	0.737580930497966	-2.98375549970333	0.00284734199411314	0.031460846754192	2.54556036663032	down	327978
Flrt2	2618.83445952362	-2.19982706205441	0.465203750297136	-4.72873888194008	2.25918709580671e-06	9.04942518456604e-05	5.64604780125681	down	399558
Adamtsl4	869.462332865987	2.19856998978303	0.409343274293919	5.37096888565072	7.83147223128879e-08	4.49814560227012e-06	7.10615658764542	up	229595
Cdk15	35.8282956232132	2.19410292907815	0.716293420909777	3.06313427574328	0.00219031753964999	0.0256173592642036	2.65949291907728	up	271697
Bcl2l14	575.651973964644	2.19312593270688	0.607575908690223	3.60963280692727	0.000306630753509133	0.00541425397627257	3.51338428976371	up	66813
Adora2b	177.889412078421	2.19280757207699	0.506544672032928	4.3289520019558	1.49820578756617e-05	0.000450317853862747	4.82442852958299	up	11541
Chrm3	262.495123415886	2.19134817905421	0.415005198374498	5.28029091596281	1.28978932489822e-07	7.11511579823086e-06	6.8894812218761	up	12671
Cyp4b1	64.2199136935368	2.19112200455186	0.671950620509757	3.26083783193716	0.00111083551468962	0.0151249184384306	2.9543502438055	up	13120
Fbxo16	68.3263979888464	2.19015536820543	0.725710342462367	3.01794702384168	0.00254493389073677	0.0289372864081788	2.59432349476578	up	50759
Rims1	987.210606080334	2.18913252685691	0.407204577235823	5.37600176726187	7.6158044361719e-08	4.41231011797693e-06	7.11828421659074	up	116837
Aqp11	194.649971251143	2.18689708512894	0.450531299191474	4.85404030542064	1.20971132647383e-06	5.11789336005573e-05	5.91731825305276	up	66333
Plaat1	135.127700331687	2.18679624502481	0.539691647413031	4.05193642611859	5.07954689124134e-05	0.00126754036532	4.29417502618263	up	27281
Adam12	3815.40301894964	-2.18627098053106	0.681038724003159	-3.21020068826647	0.00132642328719756	0.0174071600874893	2.87731786208585	down	11489
Tnfaip8l3	2479.68610614343	-2.18478088333713	0.352810969898104	-6.1924970302599	5.92184658305584e-10	5.28419060277322e-08	9.22754284804354	down	244882
Slc47a2	31.1615289670764	2.18398295937868	0.654332453241388	3.33772679096049	0.000844667584674817	0.0121812522961618	3.0733141721687	up	380701
B3gnt3	933.109921151517	-2.18096059173466	0.559719556971236	-3.89652382978418	9.75832101108659e-05	0.00216480932707657	4.01062489937702	down	72297
Sting1	2155.42116183318	-2.18050736579775	0.530896489224241	-4.10721752743921	4.00454056900103e-05	0.00103280976636377	4.39744730224964	down	72512
Clec3b	1943.12929194509	2.17978131539463	0.37607789765524	5.79608992973282	6.78788743236007e-09	5.00650531357982e-07	8.16826536846253	up	21922
Sprr2a2	524.088192860747	2.17860193859656	0.723173791021253	3.01255654677415	0.00259057167380392	0.0293041010843196	2.58660438750852	up	100303744
Socs1	526.603392149355	-2.17843981473146	0.503696747903342	-4.32490347376532	1.52598666151711e-05	0.000455965199659878	4.81644926248522	down	12703
Ccnb1	788.140463313019	-2.17683380405856	0.513106645227446	-4.24245880326423	2.21084134274194e-05	0.000622398545897548	4.65544242270578	down	268697
Nod2	314.558210870052	-2.17614065115671	0.753371011546632	-2.88853780913232	0.00387037496043201	0.0392689047265817	2.41224695866114	down	257632
Col1a2	112886.265337053	-2.17535648809983	0.443406042536403	-4.90601453163831	9.29456416371008e-07	4.10109820097654e-05	6.03177097014528	down	12843
Chl1	109.155385441883	2.1739242304567	0.513972369377006	4.22965194236364	2.34053152326169e-05	0.000651567466392126	4.63068550523664	up	12661
Bmpr1b	222.843157821929	2.16987032683232	0.58628053810732	3.70107855505025	0.000214684995203791	0.00400884875347883	3.66819830827878	up	12167
Trim62	844.406130988018	2.1665071047408	0.675220822001728	3.20859048498841	0.00133387329698404	0.0174829242361422	2.87488542156942	up	67525
Kcnk3	394.073090975767	2.16599453613073	0.375967250572262	5.7611255577018	8.35548529686519e-09	5.98600143776851e-07	8.07802832068024	up	16527
Unc5b	917.094519491488	2.16274691076312	0.408327834581851	5.29659437245538	1.17982375834435e-07	6.56889060774007e-06	6.92818286260495	up	107449
9130204K15Rik	66.9995132454973	-2.16266483815592	0.642481417260977	-3.3661126688703	0.000762355630394415	0.0112291557408427	3.11784238786239	down	105242790
Tmprss2	8678.83833147538	2.16230918189356	0.435283322996597	4.96759022837744	6.77900193366062e-07	3.10065653661347e-05	6.16883424221122	up	50528
Hlf	294.523896058888	2.16201068349799	0.61266545030377	3.52886013472121	0.000417353646441001	0.0069056826863102	3.37949578769218	up	217082
Adam11	175.234682715331	2.15841921461379	0.684207712579657	3.1546256713125	0.0016070414965629	0.0202404193026461	2.79397290886478	up	11488
Pkdcc	3040.07674810905	2.15605051651824	0.672685403103261	3.20513944047522	0.00134997063683133	0.0176349434822749	2.86967567772782	up	106522
Nkd2	1202.4951940992	2.15486685324392	0.307041943799555	7.01815141794007	2.24822831603301e-12	3.1996717872378e-10	11.6481595866269	up	72293
Hdac11	1031.65999651731	2.15390657952367	0.465781041427134	4.62428993014441	3.75883803855111e-06	0.00014017099760179	5.4249463868371	up	232232
Serpinb1a	2353.50274746886	-2.15386829451297	0.503387926449571	-4.27874444606639	1.87950502618119e-05	0.00054240985606856	4.72595650855627	down	66222
C3	80955.7242345162	-2.15099217083761	0.601450080426152	-3.57634364154302	0.000348433562295277	0.00600387072686034	3.45788001894102	down	12266
Agr2	647.561194062757	-2.14850808100672	0.549704516498422	-3.90847813056469	9.28793530953721e-05	0.00209062219557466	4.0320808181197	down	23795
Ass1	1654.53290716447	-2.1477704573526	0.497584825621129	-4.31639058661318	1.58601238722347e-05	0.000470344445041879	4.79969342503746	down	11898
Tmc7	300.977354724423	2.1471233663848	0.442887203244759	4.84801401046172	1.24703595699069e-06	5.24752730701682e-05	5.90412102390918	up	209760
Gm45447	35.5206096778197	2.14607692064092	0.655520114902464	3.27385364972399	0.00106091542612099	0.0145943410442576	2.97431923573386	up	NA
Pllp	172.693827601905	2.14490754810706	0.700665701467204	3.06124239222156	0.00220420573722892	0.0257456253967779	2.65674787153841	up	67801
Gm14066	92.8713597036066	2.1446760104371	0.467370606779394	4.58881234576529	4.45774926026921e-06	0.000162593963894637	5.3508843633892	up	545466
Cfap45	53.7174537039992	2.14428573029125	0.606366516115381	3.53628650874125	0.000405794339726636	0.00675918105204667	3.3916940150716	up	71870
Plscr1	2539.66832983414	-2.13824840204134	0.652089308943783	-3.27907293175034	0.00104148716085974	0.0144015788769848	2.9823460795349	down	22038
Slco2a1	1795.27386712047	-2.13641629031813	0.51719873402498	-4.13074539779315	3.61588874944729e-05	0.000947239637273296	4.44178493998993	down	24059
Tdrd5	18.7444290226477	2.13534087422403	0.748560114831192	2.85259771649145	0.00433634780366437	0.0428024295800708	2.36287589179382	up	214575
Adamts17	149.91328238277	2.13113374334216	0.71224425269937	2.99213891198878	0.00277030175161962	0.0309172481358866	2.55747292338109	up	233332
Arhgef38	1506.47963978904	-2.12832805543224	0.741710766748732	-2.8694851832362	0.00411140594720562	0.0411305215579309	2.38600964024048	down	77669
Slc6a4	111.179633268386	2.12691967612955	0.709767955360045	2.99664088814861	0.00272972068314859	0.0305667546301255	2.56388178957951	up	15567
Hoxc11	72.8957760493403	2.12293506438409	0.588352572163333	3.60827021895765	0.000308245350130624	0.00543795945137769	3.51110346599855	up	109663
Rgs4	1743.92124401052	-2.1222508209458	0.382205933735445	-5.55263703052496	2.81391973551385e-08	1.79123018068315e-06	7.55068829457738	down	19736
Adtrp	165.853942184989	2.11774270803053	0.535388187389841	3.95552751799602	7.63659569335375e-05	0.0017831807794247	4.11710020177576	up	109254
AI838599	676.071639581745	2.11698604997043	0.448519208283072	4.71994512358621	2.35908277261232e-06	9.3930969041783e-05	5.62725682085322	up	NA
Gm47015	154.827098214375	2.11479360797029	0.579197914718974	3.65124520345759	0.000260971928240697	0.00469260540279913	3.58340620555762	up	NA
Mlkl	754.039162910211	-2.11383523877147	0.569829666208968	-3.70959141673801	0.000207593991874572	0.00390347009368668	3.68278521986731	down	74568
Ermp1	7650.92784466076	2.11334059471635	0.414183297808302	5.10242833523064	3.35322742011666e-07	1.69681796641245e-05	6.47453699117231	up	226090
Slc29a1	1618.69818133207	2.11300499627825	0.480811621689538	4.39466290114474	1.10944781120104e-05	0.000349222722051754	4.95489312231029	up	63959
Casq2	1075.27594307862	2.10547574055117	0.332171754804159	6.33851527139178	2.31989849682021e-10	2.25097724050691e-08	9.6345310165036	up	12373
Cd180	147.104137883363	-2.10351019338818	0.650643880514991	-3.23296699835742	0.00122511714541023	0.016368744319826	2.91182238217879	down	17079
Hoxa11os	602.273562879667	2.10328414047606	0.476431505507568	4.41466216268657	1.0116785633242e-05	0.000323026056289522	4.99495745226818	up	15397
Tmem86a	1383.20137741953	-2.09735055553135	0.36292431658554	-5.77903011642652	7.513247805894e-09	5.44111583855831e-07	8.12417228679481	down	67893
Il13ra1	3294.99648674535	-2.09709963593391	0.492141205154442	-4.26117466688409	2.03355218442988e-05	0.000576548100175666	4.69174467837661	down	16164
Misp	1385.75227303165	-2.09473006227005	0.541708611915608	-3.86689451892338	0.000110230076614017	0.00237935072501184	3.9576998907354	down	78906
Prf1	96.4666094066101	-2.09307865168693	0.678656642696552	-3.0841496568432	0.00204134879768323	0.0243016556093463	2.69008278265928	down	18646
Atp10b	308.342138722656	-2.09280260782949	0.617376472840737	-3.38983213629743	0.000699354334110285	0.0104787814319313	3.15530272932074	down	319767
Tmem191c	123.797937447563	2.08962036640511	0.454519841736794	4.59742386255423	4.27746860884158e-06	0.000156335448409335	5.36881316894219	up	NA
Cyp51	3749.5509928043	-2.08912722261826	0.31266665544105	-6.68164380903143	2.36276754328833e-11	2.79449690267735e-09	10.6265790035615	down	13121
Dtna	1539.8768187059	2.08909410899627	0.398766942796859	5.23888488434835	1.61549763961122e-07	8.72718022177001e-06	6.79169367218956	up	13527
Gm43154	29.9863423710021	-2.08848075505492	0.722536604632144	-2.89048435977607	0.00384648670727007	0.0391265019363431	2.41493576406316	down	NA
Parp9	1970.58010213701	-2.08772606095751	0.672622156579777	-3.10386156705484	0.00191012681897263	0.0230832012440296	2.71893779769907	down	80285
Plod2	7038.7584769148	-2.08764129953191	0.327266795540967	-6.37901958883752	1.78225241906865e-10	1.77232146031563e-08	9.74903078714242	down	26432
Mycl	1322.57828461984	2.08651962979228	0.398049924346818	5.24185410464823	1.58971046674959e-07	8.61114710281593e-06	6.79868196633553	up	16918
1700029J07Rik	354.626143073414	2.08595178013889	0.488957748286384	4.26611867272659	1.98903006873727e-05	0.000564726321220463	4.70135865147186	up	NA
Vdr	195.808671376398	2.0856913278481	0.731231840101988	2.85229829100057	0.00434043493964369	0.0428216256533061	2.36246674919191	up	22337
Slc12a7	2863.86962002064	2.08552994858796	0.515644456130822	4.0445115307491	5.24323279366813e-05	0.00130026969081686	4.28040085966925	up	20499
AC169509.1	58.275739607302	2.08391389374623	0.659072209234744	3.16189010027579	0.00156748709749297	0.0199304056752134	2.80479602530469	up	NA
Efcab12	86.9123961215971	2.08212551885607	0.625035722294474	3.33121043260166	0.000864692095282756	0.0124082573344825	3.06313851117677	up	212516
Ncald	782.398184795893	2.08078222438757	0.331819148389244	6.27083227260496	3.59123307346773e-10	3.32322067928116e-08	9.44475640795214	up	52589
Gng12	25003.6081363756	-2.080102476215	0.486890218425557	-4.27222071320587	1.9353587303319e-05	0.000552627861455343	4.71323852410036	down	14701
Luzp2	45.9596724308784	2.08009152956374	0.599759535860084	3.46820918250309	0.000523939276707689	0.00830491535514138	3.28071904377759	up	233271
Fam241b	123.548956732233	2.07941089245231	0.565209678011749	3.6790079387301	0.000234142980433406	0.00427011851542238	3.63051885776118	up	69894
Adgra1	69.1128699756555	2.07602278772788	0.667891453342951	3.10832363153758	0.0018815190869953	0.0228444646680313	2.72549137163873	up	52389
Gm4032	43.5286699325362	2.07554333805541	0.641013394379406	3.23790946687602	0.00120409012722188	0.0161417528255607	2.91934100453152	up	NA
Gm2115	35.1925959022858	2.07275354677135	0.736819167914795	2.8131102406541	0.00490648269338423	0.0469238163040019	2.30922972870173	up	NA
Col6a1	56189.9843156959	-2.07168278577869	0.597633379100141	-3.46647770728273	0.000527325461286207	0.00834535338098868	3.27792125876688	down	12833
Ednrb	1729.51045825495	2.07166686206326	0.65995248214371	3.1391151910421	0.00169458819535271	0.0210774292773553	2.77093582325136	up	13618
Igfbp2	4980.99876707933	2.07095075538543	0.406468731170275	5.09498172079041	3.48774905804091e-07	1.75158613497793e-05	6.45745476990594	up	16008
Fst	522.529627132826	2.0707590577249	0.710911878336598	2.91282101316142	0.0035817983873578	0.037136593990282	2.44589886341223	up	14313
Col4a4	1073.9203220028	-2.06832730467214	0.668496355934536	-3.09399937084278	0.00197477905231835	0.023650020190377	2.7044814882536	down	12829
Gmds	2232.41493814235	-2.06819483514714	0.504313521579287	-4.10101007934601	4.11350640156525e-05	0.00105141644443077	4.38578782249482	down	218138
Cda	349.712937389813	-2.06770305201416	0.623428552384647	-3.31666402526014	0.000910990949405095	0.0129416397275828	3.04048593767349	down	72269
Dnajc6	164.680376752772	2.06751864287022	0.48088975066397	4.29936100741506	1.71291260683589e-05	0.000502019020314306	4.76626479426574	up	72685
Kcnk6	509.127922517213	-2.06729748633318	0.425681334733758	-4.8564438175946	1.19512670026812e-06	5.09343123346676e-05	5.92258605094139	down	52150
Il11	107.002467370331	-2.06708148601578	0.528519577985284	-3.91107836325664	9.18849514469014e-05	0.00207749437609365	4.03675560981869	down	16156
Mlph	2255.18579285433	-2.06585286487726	0.592499405623992	-3.48667499961726	0.000489065293976233	0.00786439026226625	3.31063315535374	down	171531
4930556M19Rik	197.987255701445	2.06550006154107	0.533405580284362	3.87228806350309	0.000107818416694955	0.00234820212978214	3.96730705004117	up	75259
Tmem246	777.84400877109	2.06157598266097	0.353757888775509	5.82764667043008	5.62144383447723e-09	4.19259027475862e-07	8.25015212414404	up	NA
Melk	449.348307484809	-2.05870955095869	0.429887803099322	-4.78894617645861	1.67659438395855e-06	6.88847670320072e-05	5.77557199291898	down	17279
A930017M01Rik	52.8016815580839	2.05741135618529	0.624085093230118	3.29668402354654	0.000978334993166252	0.0137035457907548	3.00951241231593	up	239410
Unc5c	157.990835194453	2.05360505759009	0.566647962655646	3.6241285470536	0.000289937383942116	0.00517897089386507	3.53769578397914	up	22253
Plin1	563.753495189204	2.05059820436601	0.719693158934521	2.84926732859577	0.00438200439014375	0.0430617029253654	2.35832719167393	up	103968
Tead4	461.560448196833	-2.04959117202969	0.529342338085976	-3.87195775694177	0.000107964666663488	0.00234820212978214	3.96671835177021	down	21679
Inpp5d	776.273947227343	-2.04916732124513	0.528139743718561	-3.87997181733989	0.000104468568676838	0.00228960279683402	3.98101435551943	down	16331
A630023A22Rik	216.456964883587	-2.04878668767663	0.60825892180941	-3.36828053681816	0.000756385888804644	0.0111576687420127	3.12125658198385	down	105518
Xaf1	2518.73066472678	-2.0487637364744	0.693374446858038	-2.95477248369649	0.00312899706232321	0.0336014041573655	2.50459484459347	down	327959
Gm7357	147.182839008458	2.04642788502554	0.599003205826266	3.41638886924269	0.000634575585552181	0.00973437974214659	3.19751664081413	up	664830
Car7	62.9490142970402	2.04601282380767	0.51051477835561	4.00774455618692	6.13013710707145e-05	0.00147625518670053	4.21252981191247	up	12354
Unc13c	82.9498674733426	2.04227427999118	0.630632247062442	3.23845520032369	0.00120178893575539	0.0161240845950215	2.92017179862741	up	208898
Map2	1102.49182279258	2.04089442175354	0.49351829859334	4.13539766928733	3.54340487914114e-05	0.000930690889937886	4.45057922115521	up	17756
Cbx7	968.894244692461	2.0382427819306	0.389495863162718	5.23302806191574	1.66755411360489e-07	8.95996548998242e-06	6.77792006394294	up	52609
Ndc80	462.816382289521	-2.03598074846515	0.695838697062401	-2.92593780291378	0.00343419588579994	0.0360329172521623	2.46417493640408	down	67052
Trim34b	527.77565897294	-2.03385312475513	0.692176331377651	-2.93834537899773	0.00329969204360165	0.0349828897933641	2.48152659042676	down	434218
Susd4	461.468918972821	2.03381248245789	0.569380459948354	3.57197449775914	0.000354299919270179	0.00607875260632818	3.45062894662398	up	96935
Chrnb2	41.1557300693214	2.03294048466447	0.680289001682964	2.98834830437533	0.00280489700853124	0.0311473519916768	2.552083080735	up	11444
Exd1	221.843969489353	2.03053059565874	0.524592380870379	3.87068259033763	0.000108531030702288	0.00235419385413716	3.96444607254333	up	241624
Plcl1	564.955331840698	2.03000691504679	0.503975007870935	4.02799123635643	5.62554400430498e-05	0.00137461336868029	4.24983547381322	up	227120
Asic2	2812.20001091936	-2.02997047820684	0.491992102940568	-4.12602248303173	3.69091200855035e-05	0.000965627607681994	4.43286630827401	down	11418
Ano1	3108.70430735637	2.02980017648578	0.450098963846079	4.50967529260946	6.49269267574712e-06	0.000223366508094378	5.18757515347807	up	101772
Acot1	836.265530857294	2.02754718207478	0.529578247847392	3.82860736881901	0.000128870408298508	0.00268039721235231	3.88984679550976	up	26897
Parp12	3788.31644899989	-2.0255152211873	0.627610717712544	-3.22734326234853	0.00124945472128269	0.0166161683093802	2.90327947755544	down	243771
Socs3	1090.30758933103	-2.02536405522489	0.417158536930824	-4.85514229224739	1.20300328675846e-06	5.10522923476179e-05	5.9197331861106	down	12702
Slc36a2	212.724250972854	2.02393120376927	0.543408101234675	3.72451422636267	0.000195691677174793	0.00372522404130453	3.70842764462265	up	246049
Selp	77.8849846319254	-2.02067440970182	0.691034221091831	-2.924130742048	0.00345419631835696	0.036131853232003	2.46165298305223	down	20344
2810459M11Rik	1032.46003901121	-2.01739610123946	0.638799860781461	-3.15810353930185	0.0015879914576961	0.0200890969977402	2.79915183810881	down	72792
H2-Bl	51.2284535293155	2.01636014643858	0.71597495661227	2.81624395911731	0.00485887551875712	0.0465130286728532	2.31346422713773	up	14963
Gm43196	217.671040558296	-2.01596431512149	0.688803561742839	-2.92676232686808	0.00342510517859792	0.0359564087761635	2.46532608759248	down	NA
Chst1	320.974358630009	2.0158070342224	0.401644961031428	5.01887793897822	5.1974158900462e-07	2.45593259598684e-05	6.28421253014164	up	76969
Hoxa7	260.455669521947	2.01525789335402	0.445547452522855	4.52310496209301	6.09390007683242e-06	0.000211834564757785	5.21510467128763	up	15404
Fbp2	333.627485524829	2.0150590812228	0.481431095009819	4.18556072116967	2.84463009669044e-05	0.000778883100995185	4.54597419936052	up	14120
Meltf	264.876545808782	-2.01453065353687	0.676553702935385	-2.97763598779573	0.00290480750804806	0.0318658439866178	2.53688264157395	down	30060
Cpne5	143.604361333357	2.01354502691138	0.684086085099675	2.94340883518775	0.00324619414849038	0.0345316278020361	2.48862550943383	up	240058
Slc13a3	67.0344265442611	-2.01242833394473	0.711083794036019	-2.83008606133808	0.00465354846995884	0.0450001098948257	2.33221575824709	down	114644
Tinag	61.7860378855984	-2.01210915855051	0.711626721979152	-2.8274783624686	0.00469161858842986	0.0452899797974042	2.32867730168721	down	26944
Ccdc103	29.229723271666	2.01155888430785	0.65482996339953	3.0718797195304	0.00212715420466991	0.0250397869510849	2.67220102546647	up	73293
Il17ra	1939.85444793977	-2.0078383099391	0.505400792315666	-3.97276446825401	7.10432888334575e-05	0.00168196348118491	4.14847694180771	down	16172
Cd226	91.3460594114509	-2.00765725239643	0.704620284759348	-2.84927541233377	0.00438189304390172	0.0430617029253654	2.35833822718841	down	225825
Slc14a1	2334.93793605653	2.00450280958865	0.527908496134211	3.79706487822663	0.000146419477957725	0.00296959938565963	3.83440114590824	up	108052
Spon2	5422.85009630499	-2.00431974392386	0.454555650198893	-4.40940453175945	1.03655240667973e-05	0.000329783458934914	4.98440873567677	down	100689
Nectin1	941.039347143917	2.00367963036619	0.498361406262521	4.02053530868864	5.8066045062087e-05	0.00140681710145575	4.23607775320216	up	58235
Ercc6l	312.251972185022	-2.002055231591	0.562572071825513	-3.55875332576403	0.000372619286099449	0.00633099145121902	3.42873467056215	down	236930
Slc2a6	462.722884216114	-2.00155999861365	0.615215527988281	-3.2534289327167	0.00114021242032879	0.0154303086374623	2.94301423253827	down	227659
1810019D21Rik	761.811961730075	1.99930111112892	0.566740694729317	3.52771757829003	0.000419159117725023	0.0069183752643169	3.3776210824467	up	69771
Gm35279	355.660464157236	-1.99830032928106	0.567399237808082	-3.5218593824706	0.000428531384842236	0.00702664915523102	3.36801736565523	down	102638802
Rgs11	273.70531312829	1.99765931811234	0.413063490239379	4.83620403477115	1.32342080285723e-06	5.53400313964652e-05	5.87830204296196	up	50782
Enpp1	1175.48232956907	1.99577480816826	0.318226951612525	6.27154550566894	3.57481786396026e-10	3.32322067928116e-08	9.44674608049005	up	18605
Tmem119	4072.43070282488	-1.99467627619824	0.587647251341159	-3.39434290153811	0.000687934967026244	0.0103542500910546	3.16245261524789	down	231633
Ttc39aos1	233.181980530116	-1.99351751521021	0.550114091444676	-3.62382557766327	0.000290277399330623	0.00518041487305402	3.53718677652828	down	102635290
Acad12	290.348862031315	1.9932375826004	0.41924250313727	4.75437859397517	1.99057714831291e-06	8.08692195944685e-05	5.70102098590842	up	338350
Tmem266	1307.34234223122	-1.99104543332191	0.559349369083812	-3.55957393244788	0.000371456952125225	0.00631887792262043	3.43009150905746	down	244886
Cldn7	5723.67157615856	-1.99031047331486	0.524844906031013	-3.7921878452932	0.00014932589080577	0.0030057662693109	3.82586488578312	down	53624
Zbtb8b	148.666422964311	-1.99030596689376	0.604871381298385	-3.29046145747791	0.00100023203361284	0.0139418674252813	2.99989924077164	down	215627
Aatk	259.924418306656	1.98851894941439	0.577439165674847	3.44368561680507	0.000573842542066071	0.00891279640411058	3.24120725828648	up	11302
Ube2c	922.379956264924	-1.98607242697424	0.622514037594286	-3.19040584956035	0.00142073124110079	0.0184041322405202	2.84748806953641	down	68612
1810064F22Rik	126.66287051897	1.98563997985399	0.641640368654223	3.09463069479041	0.00197058093928278	0.0236138919750505	2.70540572229954	up	69862
Gdf5	46.2420407199144	-1.98428014933987	0.582415302211775	-3.40698491575408	0.00065684757006576	0.00997649637574043	3.18253540237316	down	14563
4632428C04Rik	70.5688712496726	1.98323107105463	0.527389964327447	3.76046418248353	0.000169598358106728	0.00333983446486432	3.77057835649345	up	100043102
Ccl9	363.220546792236	-1.98091019249411	0.589733918083842	-3.35898976089161	0.000782279658468021	0.0114575114853565	3.10663796251883	down	20308
A830082K12Rik	96.5800993254392	1.98059127045414	0.50133009404151	3.95067300765341	7.79317394120579e-05	0.00181127861321885	4.10828563033559	up	320174
L1cam	741.26266085819	1.97898675240925	0.47382818558496	4.1765914578638	2.95909797762431e-05	0.000805809950636986	4.52884065483358	up	16728
Kcns3	467.723311226235	-1.97715906818478	0.421245580147035	-4.69360193048115	2.6843614129611e-06	0.000105205913573071	5.57115901268785	down	238076
Slc16a1	3864.53818630165	-1.97710716522409	0.431101770007147	-4.58617269233506	4.51445235844672e-06	0.000164063406801151	5.34539492577793	down	20501
Col4a6	2500.23169284459	1.97664671503957	0.492718510636293	4.01171596432807	6.02789982889535e-05	0.00145338554619976	4.21983397336462	up	94216
Bcl3	646.926512817692	-1.97502665249799	0.393365390424612	-5.02084499697872	5.14446617732179e-07	2.44103122111934e-05	6.28865968373371	down	12051
Pbx4	52.4396514837357	1.97476332192636	0.578945630595364	3.41096506747205	0.000647333843771061	0.00987916856555307	3.18887168669628	up	80720
Gda	2383.84746554862	-1.97388115753249	0.48256661755205	-4.09038065572279	4.30665775006213e-05	0.00109240450644977	4.36585964023308	down	14544
Dcaf12l1	195.939461292264	1.9733116155758	0.524677353535243	3.76100016949416	0.000169235315296883	0.00333983446486432	3.77150900513744	up	245404
Dok7	299.832315017232	1.973260503366	0.41088705659474	4.80244016377532	1.56743666348631e-06	6.48652671423691e-05	5.80480999898473	up	231134
Irf4	140.699412479724	-1.97214413696997	0.440550454542494	-4.47654545951613	7.58605210030488e-06	0.000253986615378382	5.11998417892861	down	16364
Mal	5055.57115996376	1.97123634629237	0.448646950492974	4.39373619752987	1.11419009312383e-05	0.000350164018574828	4.95304070741022	up	17153
Itga2	1316.3897307974	-1.97040697949787	0.377390209582788	-5.22113963071854	1.77825394254491e-07	9.50367374427476e-06	6.7500062197601	down	16398
Kif4	473.851820715935	-1.96818864253357	0.485954361785347	-4.05015120206482	5.11845497721287e-05	0.00127565683397171	4.29086111248739	down	16571
Sox6	167.573876950933	1.96692834856545	0.401224037824299	4.90231931075575	9.47117190967066e-07	4.16981903371139e-05	6.02359628050946	up	20679
Grip2	143.571452544481	1.96668311589065	0.459394849192453	4.28102996659145	1.86030302635313e-05	0.000538894737547049	4.73041630741971	up	243547
Myh8	37.7919607481618	1.96619383152605	0.634636144880091	3.09814347542016	0.00194737125129198	0.0234059269818545	2.71055124569739	up	17885
Tpbgl	305.009510233816	-1.96491327155405	0.44341680785522	-4.4313008364708	9.36663023871272e-06	0.000302455905026478	5.02841662383488	down	100503386
A330023F24Rik	215.075839450971	1.96490747557563	0.514208078320322	3.82123027314948	0.000132787591638632	0.00274757596446478	3.87684250580118	up	320977
Gm16638	149.471883730488	1.96407537124912	0.588138768484219	3.33947611770439	0.000839365678663148	0.0121386632700609	3.0760487928943	up	102631889
Dgki	137.510619849252	1.96321670849042	0.704375522669725	2.78717338309746	0.00531700226496115	0.049894948954011	2.27433315468302	up	320127
Kif11	664.236151369213	-1.96246911588818	0.437830150392047	-4.48226124704049	7.38562510961222e-06	0.000247861559686154	5.13161274068163	down	16551
Pgap1	1077.36651158354	1.96184272547217	0.419661190454074	4.67482524021212	2.94204040284255e-06	0.000113043963953219	5.53135136743069	up	241062
S100a7a	68.9933578495733	1.96070927894046	0.660584867424438	2.96814137838957	0.00299606490143303	0.0326005225103349	2.52344878308574	up	381493
Kcng1	528.053404420841	1.96068798658344	0.521647802085383	3.75864324309472	0.000170837223799298	0.00336091971387832	3.76741749471678	up	241794
Id3	1458.98429816326	1.96014616805418	0.437022959239966	4.48522469268687	7.28371375663737e-06	0.00024592376785079	5.13764712992209	up	15903
Angpt4	119.522845929416	-1.95984379278545	0.476929677697731	-4.1092930141109	3.96872251944205e-05	0.00102622025509195	4.40134926453144	down	11602
Abcd2	271.22844505309	1.95906333259499	0.593600848457495	3.30030413144746	0.000965801035629352	0.0135564825141569	3.01511233324104	up	26874
Gzma	184.957368528621	-1.95836443255465	0.662769087275555	-2.95482162664662	0.00312849872135941	0.0336014041573655	2.50466401818579	down	14938
Dcbld2	4084.11128595341	-1.95652000757394	0.625743547751287	-3.12671223635468	0.00176772860288136	0.0217008201045407	2.75258441088318	down	73379
Sult1a1	448.368337043847	1.95596941451991	0.635348449147051	3.0785774595748	0.00207991451332977	0.0245996043150505	2.6819545146296	up	20887
Gm47071	51.6777303614842	1.95534210247795	0.529533189178814	3.69257705170519	0.000221993050309946	0.00410471516151267	3.65366062131191	up	NA
Lvrn	368.113034627782	-1.95513800534506	0.62446356221796	-3.13090806836004	0.00174266703426626	0.0215182193957354	2.75878558420072	down	74574
Steap1	314.680704268159	-1.9548871193474	0.577757284667472	-3.38357848741368	0.000715477541178125	0.0106883147182873	3.14540399418302	down	70358
Greb1	2031.83979582943	-1.95478407641272	0.588648254673659	-3.32080161776141	0.000897593137587015	0.0127990473330565	3.0469204764082	down	268527
Gfra4	401.756847914745	1.95475090453911	0.347481953230571	5.62547460771881	1.84998619379578e-08	1.21955870186153e-06	7.73283151266763	up	14588
C3ar1	273.915996025319	-1.95409118832731	0.644470781215156	-3.03208655114333	0.00242869554704773	0.0278353019463245	2.61462692345106	down	12267
P2ry2	524.686440357276	-1.95295987908401	0.547208284775297	-3.56895159196276	0.00035841263583604	0.00613234961546477	3.44561668768979	down	18442
Fam71e1	53.9213480890648	1.9526712342539	0.615526990128157	3.17235680249755	0.00151207108031127	0.0193863224844526	2.82042779278893	up	NA
Ttc38	1159.93472914837	1.95176196933199	0.473516084070434	4.1218493626537	3.75842945479922e-05	0.000980724385672674	4.42499359698871	up	239570
Slc25a27	1026.64405882692	1.95142013955775	0.602585266326443	3.23841329784621	0.00120196548161808	0.0161240845950215	2.92010800434497	up	74011
Kifc2	391.993306313607	1.95118850264809	0.356992375894962	5.4656307372295	4.61263674013473e-08	2.79386009581251e-06	7.33605074612161	up	16581
Pmepa1	4677.59631591867	-1.95116934783923	0.468869045163127	-4.16143775744544	3.16250198644708e-05	0.000849624861627744	4.49996919302475	down	65112
Chst10	237.546594009868	1.95011859686727	0.445687755004773	4.37552653167774	1.21139705566844e-05	0.000376569274474353	4.91671348623529	up	98388
Gale	1691.7896025416	-1.94930520909611	0.436719950605369	-4.46351307375364	8.06266764315786e-06	0.000266815564323575	5.09352124218719	down	74246
C230035I16Rik	111.170899866781	1.94625086535373	0.57692826859233	3.37347114243937	0.000742268264368192	0.0109981156917653	3.12943910728297	up	320842
Ptgs1	1272.21695151107	1.94588487911616	0.51252065556003	3.79669552437822	0.000146637712309689	0.00296959938565963	3.83375432340746	up	19224
Carmil3	118.977234338832	1.94570447680501	0.655559356391176	2.96800657001682	0.00299737923718185	0.0326005225103349	2.52325830537075	up	268747
Nfasc	329.354820516848	1.94449179421321	0.586613297177775	3.31477619680334	0.000917165231938858	0.0130181622414755	3.03755241694177	up	269116
9330179D12Rik	38.3233431530261	1.94440347349356	0.657791245338359	2.95595827289155	0.0031169925733593	0.0335139578032844	2.50626423248508	up	77558
9130230L23Rik	158.520826578437	-1.94147378500846	0.637725411625162	-3.04437262435703	0.00233166143948946	0.0270018823015732	2.63233450950301	down	231253
Gm13889	434.771357795081	1.940407881466	0.547520303521399	3.54399255878949	0.000394116368770475	0.00661427202265681	3.40437552727836	up	620695
Gm16576	208.404294170225	1.93943510081596	0.619806393516539	3.1290982492329	0.00175343668596185	0.0216110757904954	2.7561099112389	up	100504191
Hcn3	32.8064897217915	1.93892961729021	0.591335673041193	3.27889844243362	0.00104213132520504	0.0144015788769848	2.98207754954115	up	15168
Phyhip	264.688662950465	-1.9353067647439	0.375873447637864	-5.14882542756378	2.62122696275479e-07	1.35733379615396e-05	6.58149537340497	down	105653
Gpt	590.850839231622	1.93392387446301	0.395435580193586	4.89061675612563	1.00520511912525e-06	4.3965076413732e-05	5.99774530837812	up	76282
Rab27b	3902.81185982412	1.93332685402738	0.572708653967076	3.37575980498197	0.000736121541946324	0.0109295339973433	3.13305047283822	up	80718
5830417I10Rik	30.6501050897556	-1.93320859330473	0.650001999683696	-2.97415791681483	0.0029379383415643	0.0321420424582306	2.53195732297714	down	100302730
Aknad1	212.986503939988	1.93138835874127	0.519875041204942	3.71510114096801	0.000203122432419497	0.00383381603323975	3.69224211136612	up	329738
B230208H11Rik	61.7332580969011	1.93121745139611	0.533616289079135	3.61911263003013	0.00029561496371097	0.0052568967034296	3.52927358620203	up	320273
Enpp2	1100.32192026496	1.93119413848273	0.327946344039628	5.88875032023339	3.8912681042799e-09	2.98002555051136e-07	8.40990884573235	up	18606
Slc39a8	4548.33528063223	-1.92868946219992	0.574199609742163	-3.35891810004186	0.000782482540106013	0.0114575114853565	3.10652534428658	down	67547
Cd14	5309.61865637024	-1.92779694475294	0.577742160734148	-3.33677733039813	0.000847558223036386	0.0122141267210175	3.07183045822825	down	12475
Nrip3	33.8197571638733	1.92698787571757	0.600074783297462	3.21124621356127	0.00132160648027296	0.0173804045820203	2.87889784052923	up	78593
Mettl27	1091.54631241672	1.92667001275768	0.420857249021306	4.57796561004499	4.69519857771389e-06	0.000169212838611689	5.32834603505248	up	79565
Dnah3	30.1863009660502	1.92438436287484	0.671616041466148	2.86530434662323	0.00416608628504472	0.0414287227191412	2.38027173949371	up	381917
1600014C10Rik	51.3601718784011	1.92421692768929	0.558315033513384	3.44647163731293	0.000567958180179003	0.00884828379221973	3.24568364102513	up	72244
Actn2	176.720619276145	1.92369949721004	0.500859266455965	3.84079845586559	0.000122634771570828	0.00258295449331688	3.91138637353481	up	11472
Cebpb	703.749457545111	-1.92020315641018	0.599012072345725	-3.20561678980974	0.00134773341937832	0.0176230580933694	2.87039600241663	down	12608
Rbfox3	986.733745629776	1.92003762547755	0.378676674944866	5.07038788633365	3.97005731250215e-07	1.95451984143579e-05	6.40120322363392	up	52897
Rundc3b	310.68450402996	-1.91790412076179	0.59445780168449	-3.22630826835329	0.00125398216605072	0.016665289584456	2.9017086399334	down	242819
Arhgap40	666.097179510934	1.91678778436724	0.618570733352169	3.09873662140424	0.00194347706808561	0.0233869433464848	2.7114205794282	up	545481
Gm14634	81.1726219290182	1.9164914846956	0.68512380706519	2.79729220460915	0.00515329037078146	0.0487246773562818	2.28791538579913	up	552913
Gm26512	882.736893887319	-1.91638200028263	0.682125537508307	-2.8094271434007	0.00496297508920829	0.0473601931693516	2.30425790466295	down	102637693
Entpd5	2971.30822673853	1.91549616644199	0.436105835055855	4.39227364659466	1.12171389626967e-05	0.000351975154766691	4.95011789986771	up	12499
Trmt9b	267.801907414854	1.91529459552116	0.483417191277031	3.96199107123512	7.43273206558439e-05	0.00174577495331258	4.12885152232089	up	319582
Csrnp3	1255.13574864986	-1.91519934636543	0.475467738521755	-4.02803216958494	5.62456490101752e-05	0.00137461336868029	4.24991106759806	down	77771
Clstn2	353.736541302281	-1.9127280937521	0.50727975955172	-3.77055866656766	0.00016288250490439	0.00323619741006222	3.78812556045219	down	64085
Tns4	695.664532718719	1.91163161053291	0.545566765753136	3.50393706239413	0.000458433690924262	0.00744471821906882	3.3387234729673	up	217169
9330102E08Rik	63.902690026811	1.90961810024886	0.567096722912334	3.36735872928693	0.000758918981393821	0.0111867792036133	3.11980458485771	up	330427
4930562C15Rik	247.321773905005	1.90718264479432	0.622791714959972	3.06231216469683	0.00219634272113225	0.0256728060292347	2.65829989086895	up	78809
Arvcf	496.829491479939	1.9044800458585	0.411194969586423	4.63157428159692	3.62895751621423e-06	0.000135834462236124	5.44021811600493	up	11877
Mustn1	655.180525851549	1.90432955674904	0.443449195529724	4.29435790152741	1.75199650759236e-05	0.000511224907938046	4.75646676388419	up	66175
Pbld2	146.109475541329	1.90399960413272	0.663709091611521	2.86872611539749	0.00412128499727149	0.0411844987660566	2.38496735187612	up	67307
Ovol2	636.798535114778	-1.89921532446994	0.514812031990552	-3.68914323374787	0.000225010519852468	0.00413374105773081	3.6477971769683	down	107586
Tlnrd1	2782.49747252747	-1.89905127088082	0.371188059971965	-5.11614320521047	3.11846332757208e-07	1.59009808651813e-05	6.50605935878833	down	80889
Vwa5b2	57.0120517513753	1.89814034971853	0.54485274596302	3.48376761204275	0.000494408570329989	0.00793754096687215	3.30591400957223	up	328643
Rgs7bp	629.623358941879	1.89802849798828	0.401752729284724	4.72436989131973	2.30829941955764e-06	9.21228281727951e-05	5.6367078576361	up	52882
Galnt5	205.977158813955	-1.89740823014998	0.528639651811003	-3.58922798100724	0.000331658703091856	0.00577312884498377	3.47930860184766	down	241391
Insc	64.373005106517	1.89685535475733	0.60097061901977	3.15631961817242	0.00159773677080101	0.0201613400093249	2.79649476970612	up	233752
Ldhb-ps	392.188847668507	1.89672300009487	0.446734803798744	4.24574710536624	2.17866253192453e-05	0.000615072128363099	4.66181003541382	up	433229
Mal2	5229.81831158759	-1.89629483151346	0.605678360579878	-3.13086112189635	0.00174294562746126	0.0215182193957354	2.75871616083141	down	105853
Nlrp6	154.125730267601	-1.89571312613879	0.654335858663637	-2.89715610269387	0.00376562333483367	0.0384605412450972	2.42416312345488	down	101613
Gmppb	1257.39859245089	-1.89550743389863	0.411338818063622	-4.60814139259148	4.06284355368622e-06	0.000149830474079484	5.39116990055789	down	331026
Rassf10	103.304834064504	1.89531119339572	0.437877124988772	4.32840878235949	1.50190513240725e-05	0.000450484309978025	4.82335749860563	up	78748
Rasl11b	890.175018925799	1.89500812409903	0.377699155481091	5.01724215317685	5.24184820338359e-07	2.47108636531206e-05	6.28051555977008	up	68939
Prss23	7148.65400106682	-1.89494281380406	0.496133989255515	-3.81941744537108	0.000133767218560011	0.00276498362417528	3.87365030318114	down	76453
Ccnb2	632.172768007242	-1.89471591947719	0.54820858384975	-3.45619527912479	0.000547858260613303	0.00860895512039206	3.26133178566828	down	12442
Igf1	15767.3837537821	-1.8930485452069	0.599111547194475	-3.15975973768439	0.00157899289153498	0.0200003776777856	2.80161982513679	down	16000
Trim30d	209.817866071964	-1.89262501437067	0.584347226257227	-3.23887053677491	0.00120004031201391	0.0161198963417568	2.92080416479309	down	209387
Cela1	660.759435247013	1.89160877271689	0.370158303717131	5.11026972438913	3.21699201104713e-07	1.63616377396463e-05	6.49255001760672	up	109901
Rnf223	79.9718351145416	1.89117745062293	0.535644506574185	3.53065779152354	0.000414527680193008	0.00687640071983248	3.38244646401912	up	100045778
Sox9	707.381086521486	-1.88950087821917	0.412212464351517	-4.58380335779435	4.56593658214707e-06	0.000165142302333898	5.34047012486831	down	20682
Pcsk4	164.994239444419	1.88846100423243	0.389933780052768	4.84303002416686	1.27873957137005e-06	5.36963162868582e-05	5.89321789510963	up	18551
Plch2	2560.62046092565	1.88644582185905	0.647970459999156	2.91131454026702	0.0035991150007532	0.0372163014149275	2.44380427632719	up	269615
Fbn1	8403.26001388776	-1.88548420355956	0.503445441695314	-3.7451609398038	0.000180278170594616	0.00350295009167546	3.7440568576606	down	14118
Naip5	1541.70567230176	-1.88484851262971	0.634736308572968	-2.96949849437049	0.00298286274127585	0.0325089751759116	2.5253667305729	down	17951
Tpx2	954.301109989035	-1.88434981515761	0.405054241283377	-4.65209254243882	3.28583549097657e-06	0.000124388787487954	5.48335418379492	down	72119
Colgalt2	318.589235531073	-1.88422323486049	0.504055222709083	-3.73812858189146	0.000185395128033017	0.00357001716678608	3.73190168279226	down	269132
Klf4	5965.97681955159	-1.88387246027777	0.670109451283501	-2.81129068791594	0.00493431840749143	0.0471674587895451	2.30677282927782	down	16600
Aebp1	14866.7259638099	-1.88355445631593	0.480415928218906	-3.92067445244587	8.8301485254742e-05	0.00201250865139314	4.05403199141095	down	11568
Iqgap2	2967.59491930299	-1.88321454739014	0.557704580221804	-3.37672419086315	0.000733545650821189	0.0109174314732792	3.13457285348694	down	544963
Kcnq5	498.260728759833	1.88171018507935	0.543685691722076	3.46102576126143	0.000538121314744712	0.0084839979360075	3.26911980540253	up	226922
Cenpi	226.014110909947	-1.88146306483084	0.543216328716224	-3.46356132054659	0.000533075077699557	0.00842300763087648	3.27321162111519	down	102920
Olfml3	5936.05360261767	-1.8814176682335	0.355370761173164	-5.29423878887077	1.19513183648738e-07	6.63563754103051e-06	6.9225841845059	down	99543
Rbpms2	1169.87793837055	1.87524531052283	0.408982750933949	4.58514523226355	4.53670978729751e-06	0.00016457305849093	5.34325900160383	up	71973
Mapt	82.4348245498041	1.87398324683435	0.464863811257256	4.03125216773927	5.54804785972503e-05	0.00135920145516726	4.25585980118116	up	17762
Rhoh	47.2111182114461	-1.87165313301859	0.608047816602048	-3.07813478136958	0.00208300680860094	0.0246101910587151	2.68130931049729	down	74734
Bmp7	1424.04043001307	1.8695071936753	0.660086011814829	2.83221755985301	0.00462263845538733	0.0447661324836637	2.33511007216226	up	12162
Bend4	673.72348709511	-1.8672864774932	0.608008804423218	-3.0711503910944	0.00213235717992717	0.025071503124932	2.67114004716942	down	666938
Nrp1	1903.87271760764	-1.86550775194551	0.450259203906639	-4.14318627084038	3.42513522638037e-05	0.000906620966063699	4.46532227762806	down	18186
Gas7	144.469825106431	-1.8644426826056	0.594166781538221	-3.13791134162499	0.00170156336025626	0.0211378797046626	2.76915187466259	down	14457
Gria4	719.30193478028	1.86142776823999	0.586741329898491	3.17248448913942	0.00151140632653723	0.0193863224844526	2.82061876421798	up	14802
Cxcl16	1165.57411994912	-1.85553192278689	0.534343123573487	-3.4725475839902	0.000515543611844246	0.0081913240966159	3.28773459016289	down	66102
Gm16485	3529.63760419502	-1.85464857611934	0.489556443778791	-3.78842644129789	0.000151604465187816	0.00303938821481852	3.8192880072932	down	791396
Plau	3246.47046570586	-1.85321186069146	0.531377347299771	-3.48756278397767	0.000487444463257408	0.00785095884898394	3.31207485827274	down	18792
Gm45512	182.847393352106	1.85195787890639	0.542616525794196	3.41301414695358	0.000642486068430231	0.00983112185265073	3.19213628506978	up	NA
Trpc6	233.507140804856	-1.85114003895774	0.478748252905694	-3.86662515784133	0.000110351842585577	0.00237940952491965	3.95722041086601	down	22068
Mastl	1064.87337371858	-1.85061476115703	0.45898745602543	-4.03195062710928	5.53158097728529e-05	0.00135920145516726	4.25715072555209	down	67121
Sox10	40.5979987619357	1.85006180146125	0.594259588166881	3.11322162620574	0.00185056994441341	0.0225543853956922	2.73269449560063	up	20665
Drp2	429.409026200906	-1.84968153600207	0.471534435259503	-3.92268601758452	8.75672372946446e-05	0.00200033593033755	4.05765835186384	down	13497
Qpct	1138.18411741872	-1.84964981802522	0.390901356883703	-4.73175594162878	2.22585936630627e-06	8.93383072564853e-05	5.65250227862062	down	70536
Pkhd1	704.917677865995	1.8485620278681	0.555127216801731	3.32997909653623	0.000868525041033072	0.0124534279197769	3.06121765559834	up	241035
Pxmp2	101.1062151533	1.84820939246195	0.625807674396558	2.95331851633828	0.0031437740063201	0.0337112418660548	2.50254868125088	up	19301
Fign	84.3297369021433	1.84782558015368	0.622590128680681	2.96796478940225	0.0029977866907142	0.0326005225103349	2.52319927286918	up	60344
Fen1	41.4075127686435	-1.84779279700911	0.607710334854073	-3.04058149258366	0.00236121783470909	0.0272337115292356	2.626863945133	down	14156
Lap3	7101.43683259368	-1.84693279420073	0.562612266226192	-3.28278088671851	0.00102788526300183	0.0142775334516196	2.98805536046348	down	66988
Pdk2	1070.98117943865	1.84504117479137	0.441912477402452	4.17512803810488	2.97818501167739e-05	0.000809904245080376	4.5260483263774	up	18604
Frk	3095.95827818738	-1.84479810644186	0.599994906434192	-3.07468961262624	0.00210721727401484	0.0248490022849608	2.67629068221782	down	14302
Eda2r	524.553097171316	1.84421849471505	0.557213977016289	3.30971327135453	0.000933915871742124	0.0131923042009764	3.02969224377391	up	245527
Pak3	843.23088029411	-1.84381519682962	0.414773906086182	-4.44535003232945	8.77488759937552e-06	0.000286588976039735	5.05675843785742	down	18481
Ckmt1	4189.84215491947	-1.8432909582425	0.450401230437509	-4.09255311414663	4.26649475652636e-05	0.00108497070220673	4.369928783774	down	12716
Htr1b	114.393617388401	1.84130936950724	0.534694426681201	3.44366665823708	0.000573882778271479	0.00891279640411058	3.24117680786132	up	15551
Gprin3	428.682141784396	-1.84103578919453	0.553473488623212	-3.3263305777738	0.000879974969379624	0.0125815019227181	3.0555296810486	down	243385
Gpc6	439.225355439175	1.83566581089253	0.474528303730278	3.86840109738939	0.0001095513544195	0.00236725672663455	3.96038224874427	up	23888
Sdf2l1	1109.07303232177	-1.83419266411318	0.55116433205736	-3.32785080135101	0.000875187240878765	0.0125220061350642	3.05789902242785	down	64136
4930525G20Rik	48.7273582824078	1.83342601006794	0.531005287015824	3.4527453019753	0.000554912681257598	0.0086924723142452	3.25577535026735	up	320163
Hsbp1l1	60.892803245633	1.83061456850142	0.568892704838849	3.21785558670502	0.00129152827041952	0.0170847564984417	2.88889608306184	up	66255
Pgr	18617.39809197	-1.83049895027996	0.445893639118829	-4.10523674187723	4.03901023114703e-05	0.00103502226282265	4.39372504672477	down	18667
Fdps	81.5147293622681	-1.82982953538777	0.619898745226312	-2.95182003428598	0.00315906990322436	0.0338208297941341	2.50044076401295	down	110196
N4bp2l1	478.817120743012	1.82876506087555	0.474446324069878	3.85452467033173	0.000115954691256974	0.00246302058325654	3.93571167612645	up	100637
Rbbp8nl	133.585324594793	1.82846518133012	0.604826132202403	3.02312529829354	0.00250178634511199	0.0285257874877915	2.60174978221291	up	271887
Prom1	3864.88216367181	-1.82840364467161	0.454480662017108	-4.02306147979247	5.7446492937675e-05	0.00139858769895036	4.24073647949626	down	19126
Prodh	939.728407286899	1.82817624784942	0.367869245640985	4.96963600385772	6.70787065210373e-07	3.07515868335434e-05	6.17341532048742	up	19125
Pim1	1800.78928586132	-1.82779176165781	0.498406183801478	-3.66727344295119	0.000245150594160038	0.00445866248960041	3.61056704983729	down	18712
Hmgcr	2766.1447685438	-1.82768670530605	0.371173743290773	-4.92407326310865	8.47610787248345e-07	3.77669294911315e-05	6.07180352481091	down	15357
Plekhb1	296.08438306311	1.82631329136307	0.486518462747511	3.75384169605682	0.000174144867092588	0.00341926090711852	3.75908932181566	up	27276
Lyn	2208.95634260542	-1.8253706674259	0.524605924715576	-3.47950829647141	0.00050233481524482	0.00803590985888412	3.29900672121386	down	17096
Clvs2	259.520825120795	-1.82422502273642	0.388704815375999	-4.69308573131985	2.69114644262189e-06	0.000105265430714533	5.57006266883151	down	215890
C230037L18Rik	41.3606706067679	1.82222247932937	0.612970126170151	2.97277534667905	0.00295120371089998	0.0322695075347204	2.53000081169072	up	100532730
Nr2f1	139.064659007382	1.82203748575007	0.51105288394526	3.5652621147232	0.000363492729519184	0.00619922583415483	3.43950427135591	up	13865
Neurl1a	900.94425892856	1.82072312702941	0.50842304015077	3.58111844516228	0.000342126499724144	0.00592584443369687	3.46581328583175	up	18011
Bmp2	687.716552517799	1.82045021080552	0.442004608315939	4.11862269432333	3.81143617522389e-05	0.000990676024322172	4.41891134835365	up	12156
Phkg1	54.3623902071486	1.81973646990854	0.550617514734538	3.30490117225179	0.000950098953786946	0.0133642349671312	3.02223116013683	up	18682
Kif2c	355.114198145827	-1.81963188189469	0.518968859528883	-3.5062448323904	0.000454476965205066	0.00740349273065922	3.34248812374641	down	73804
Abhd12	3278.28247468807	1.81862959793285	0.302427716875265	6.01343559619218	1.81632110909745e-09	1.48789452166556e-07	8.74080736970199	up	76192
Gm15912	197.416255529589	1.81785876729202	0.428818581509786	4.23922573712104	2.24292031952329e-05	0.000629655777340331	4.64918615459626	up	115488138
Stard4	2310.02402873237	-1.81770272068851	0.398262056894931	-4.56408711103516	5.01672466254595e-06	0.000179224612494585	5.29957973409649	down	170459
Cct6b	43.8512408251129	1.81733724777085	0.633975604928256	2.86657283599503	0.00414942664339556	0.0413865966807338	2.38201190878481	up	12467
Gm36608	44.5592049108112	1.81561043951052	0.6235984170242	2.91150585047117	0.00359691171402682	0.037212769844704	2.44407022178158	up	102640578
Hk2	1794.83758642332	-1.81500249930249	0.534027411931293	-3.39870661833367	0.000677053008531978	0.0102289762165814	3.16937732775252	down	15277
Dhcr24	4427.43641014253	-1.81388295611707	0.621639004936464	-2.91790402743867	0.00352392792329712	0.0367813427315211	2.45297298301664	down	74754
Trim68	1278.77343244183	1.81375593606704	0.469936326742306	3.85957805952216	0.000113582971753847	0.00242218816583248	3.94468677274172	up	101700
Cnbd2	1904.21310531946	-1.80907490898931	0.473000636319449	-3.82467753757422	0.000130943358805004	0.00271785654807313	3.88291652325998	down	70873
Slc2a9	294.844325217521	1.80901274976817	0.636298007491172	2.84302752557853	0.00446872108908705	0.0436349766139091	2.34981675056462	up	117591
Gja1	7686.78099483023	-1.80891234368307	0.474006780260653	-3.816216178782	0.000135513788200035	0.00279530402326347	3.86801651412876	down	14609
Ldhb	4293.95753879246	1.80635606290064	0.436796886928041	4.13546002034172	3.54244286530574e-05	0.000930690889937886	4.45069714559216	up	16832
Sspo	63.7680478784989	1.80358984146091	0.623559294192131	2.89241112795472	0.00382297322153436	0.0389071225824994	2.4175987440371	up	243369
Il21r	116.429513175136	-1.80201697583103	0.573657521562427	-3.14127664694959	0.00168213057549758	0.0209877814875441	2.7741402950916	down	60504
Acsbg3	126.462712342607	1.8004695740684	0.604909245255235	2.97642925478633	0.00291626357558023	0.0319573883490667	2.53517322649708	up	78625
Armh4	577.137454338501	1.8002282150409	0.518697567559046	3.47067024723606	0.000519161120130771	0.00824224977694508	3.28469783921407	up	67419
Peg3	1619.77581799536	1.79924952375662	0.42616582559133	4.22194698802997	2.42201080630089e-05	0.000672377111060309	4.61582392349421	up	18616
Dlg2	157.726632508889	1.79902686801921	0.545511451257382	3.29787186661715	0.000974205797228081	0.0136552773316935	3.01134929039074	up	23859
4930516B21Rik	167.712026836914	1.798093108653	0.417736406927524	4.30437251538136	1.67459687838416e-05	0.000492232976546213	4.77608972269526	up	NA
Hid1	652.326226556456	1.79728625891869	0.48647359787566	3.69451963429692	0.000220302871118558	0.00408479943220569	3.65697984282735	up	217310
Ccna2	873.888514894221	-1.79473535675134	0.472803085807069	-3.79594679186103	0.000147081044286029	0.0029755626651712	3.83244329527007	down	12428
Abca9	1522.88322807078	-1.79202815894429	0.508610707952891	-3.52337874709133	0.000426082005358044	0.00700372296307284	3.3705068068902	down	217262
Epcam	13310.2153235643	-1.79062828621893	0.53978827877992	-3.31727893437457	0.00090898817508088	0.0129315698530367	3.04144176642658	down	17075
Fzd10	365.004590295089	1.78930644241361	0.613584292938729	2.91615424808844	0.00354375255288796	0.036930409816019	2.45053661090101	up	93897
Slc19a3	59.2351758714447	1.78928478415232	0.614825649453455	2.9102311943929	0.00361161488311091	0.0373069551853338	2.44229856596011	up	80721
Ptprv	241.384080583794	-1.78918763671302	0.563954294819455	-3.17257560257754	0.00151093214236913	0.0193863224844526	2.82075503986773	down	13924
En2	132.083538956132	-1.78909400917008	0.607239995561011	-2.94627169199747	0.00321629755726392	0.0342683132060721	2.49264377910897	down	13799
Lyve1	1143.17522954336	-1.78745019980547	0.444564426717497	-4.02067752699727	5.80309980901427e-05	0.00140681710145575	4.23633995982813	down	114332
4930452B06Rik	199.225813470771	1.78659981007848	0.466610992729417	3.82888495538405	0.00012872515948691	0.00268016509148371	3.89033656142155	up	NA
Ctsf	877.98594184453	1.78571267503463	0.455162061903996	3.92324586008944	8.73639157400545e-05	0.00199797476866386	4.05866790868024	up	56464
Ebpl	796.95604076974	1.7856892727117	0.482438881835781	3.70137926262654	0.000214430685064864	0.00400884875347883	3.6687130669233	up	68177
Samd12	1681.25986905266	-1.78340770099023	0.586706896781222	-3.0396910463714	0.00236820949009578	0.0272671493594668	2.6255798828746	down	320679
Idi1	1489.81441699797	-1.78271875156023	0.401599484390848	-4.43904641527188	9.03583302690913e-06	0.000292719984670761	5.04403180300201	down	319554
Ppp1r3c	1597.45812115034	-1.78220966523803	0.412384696274686	-4.32171630358202	1.54820173038718e-05	0.000460425055748541	4.81017245147875	down	53412
Chst7	305.154155548586	-1.78093084455884	0.483964626337216	-3.67987813084075	0.000233345443772864	0.00426619542518633	3.63200067458865	down	60322
Sgca	317.328922076578	1.78092782094163	0.483407694898955	3.68411144409666	0.000229501820596068	0.00420851595419652	3.63921386493417	up	20391
Card10	1234.74104810415	-1.77477699554618	0.413064471085216	-4.29661014147122	1.73429815497343e-05	0.000507177817748486	4.76087623792753	down	105844
Slc41a2	506.374676193636	-1.77376953467194	0.470309434473198	-3.77149468978604	0.000162272611870603	0.00322736812544241	3.78975477356366	down	338365
Fos	1554.15823706109	-1.7734459395445	0.474282048576409	-3.7392221461209	0.00018459055204945	0.00356482700904774	3.73379053135883	down	14281
Gm6548	604.769149519346	-1.77121545611477	0.591545274780524	-2.99421790964677	0.00275149355542569	0.0307588664350384	2.56043150006029	down	625054
Kif27	75.9252442214178	1.76468410130194	0.493152798275496	3.57837187069173	0.000345741292137166	0.0059780942450153	3.46124874925018	up	75050
Hspa5	39598.4761886325	-1.76327259010365	0.582060245956228	-3.02936440403499	0.00245068887077362	0.0280230944788462	2.61071182146235	down	14828
Prkab2	2929.17820113919	1.76277917022546	0.511063910851169	3.4492342988758	0.000562178681799358	0.00878563525551648	3.25012562716053	up	108097
Btk	81.1331313585763	-1.76079075154172	0.578688404987182	-3.04272685674551	0.00234445029662889	0.0271342631899353	2.62995897006039	down	12229
Tmprss4	2020.4283463014	-1.76073634590024	0.622737834276603	-2.82741187219753	0.00469259296379948	0.0452899797974042	2.32858711492074	down	214523
Ect2	844.099124828908	-1.7597238949007	0.512717071370443	-3.43215389765963	0.000598807650062868	0.00923531428198812	3.22271265996748	down	13605
Spty2d1	3491.21162323748	-1.75964459229913	0.355981574548039	-4.94307772679865	7.68988067374488e-07	3.47749626486001e-05	6.11408039922799	down	101685
Cd79b	90.9678576050657	-1.75880759915675	0.526064775747117	-3.34332895917407	0.000827797065469834	0.0119985552897832	3.082076117501	down	15985
Adamts8	86.3661786103871	-1.7580713351825	0.502568348871895	-3.49817360987577	0.000468456084675825	0.00758792562439253	3.32933111571941	down	30806
Cdc42ep3	1953.5128249885	1.75781488119129	0.399005075165272	4.40549504404971	1.05542565289069e-05	0.000333267740126052	4.9765723541863	up	260409
Ackr3	2404.2283786366	-1.75615023654603	0.504728514285568	-3.47939572827943	0.000502545893716488	0.00803590985888412	3.29882427126527	down	12778
Tmem151a	147.689660639519	1.75208222391384	0.558346639914416	3.13798292792162	0.00170114784825999	0.0211378797046626	2.76925793983062	up	381199
Cyp2e1	927.115672753405	1.7517256506775	0.623531180375481	2.80936335793606	0.00496395860965537	0.0473601931693516	2.30417184838064	up	13106
Vash1	250.707128087145	-1.75127159276581	0.448369051252068	-3.90587081752273	9.38866616606443e-05	0.002110918552613	4.02739610292713	down	238328
Sgcd	1597.45086121009	1.75043265189522	0.391408483934439	4.47213773779215	7.74415185159621e-06	0.000257924814164583	5.11102613973069	up	24052
Ppef2	211.730869918531	-1.74985219006964	0.528331432211629	-3.31203499050709	0.000926199607552649	0.0131018243140569	3.03329540736043	down	19023
Tnfrsf19	1497.24697965983	1.74769435344726	0.503906843164689	3.46828858776992	0.000523784473688695	0.00830491535514138	3.28084737931908	up	29820
AL831766.1	36.1375931587451	1.74623974750352	0.576371997292834	3.02970955512317	0.00244789020221154	0.0280230944788462	2.61120806595583	up	NA
Myo1g	433.676037392102	-1.74607959258322	0.578963485316783	-3.01587170325231	0.00256241655836624	0.0290704626825372	2.59135026791907	down	246177
Gsg1l	100.2391602739	-1.74587086904765	0.487990650881806	-3.57767278101095	0.000346667057965237	0.00598892061763972	3.46008742521305	down	269994
Aspm	670.549021493608	-1.74480357916587	0.376002141429752	-4.64040862249145	3.47720910303521e-06	0.000131384604067047	5.45876919209967	down	12316
Rab6b	289.203589944731	-1.74309687790089	0.582420512851264	-2.99284939221575	0.00276386103824201	0.0308798515552718	2.55848379626232	down	270192
Agbl2	44.1632364544221	1.74221329006324	0.604428030082346	2.8824164389363	0.00394637791438787	0.0398183754431018	2.40380132803606	up	271813
Cfap70	76.2504549102018	1.74186283042728	0.567522083161116	3.06924238212027	0.00214602402120988	0.0251877440610353	2.66836542113031	up	76670
Wfdc15b	423.529647972765	1.73975799714465	0.498506581694149	3.48993987447904	0.000483129232075834	0.00778773152478369	3.31593668442374	up	192201
Knstrn	677.941038078182	-1.7371270661314	0.507504280710847	-3.42288160347782	0.000619610589511707	0.00953408503707467	3.20788116849966	down	51944
Cfh	24315.5186370607	-1.73382048717498	0.615352898716965	-2.81760350977474	0.00483835163962805	0.0463387506338695	2.31530257136057	down	12628
Pdk4	835.82892323388	1.7334297875524	0.491506413587452	3.52676941670055	0.000420662940934001	0.00693174844467339	3.37606574625918	up	27273
4930426L09Rik	92.9254919068307	-1.7332277993828	0.57641760241881	-3.00689602834766	0.00263930017039732	0.0297878779254103	2.57851121420065	down	74629
Acsbg1	68.0533352036278	1.73266070461658	0.537362229962022	3.22438126092159	0.00126245198558378	0.0167444527457522	2.8987851302727	up	94180
Hsd17b11	6848.96671260705	-1.73145731796193	0.465272268953608	-3.721385161974	0.000198132965745596	0.00376095130040169	3.70304325969464	down	114664
Plin4	2054.55425428287	1.72834488056737	0.367935493314149	4.69741275841437	2.63477663943406e-06	0.000103465452787835	5.57925619577321	up	57435
Kif20a	432.964869759347	-1.72808258615539	0.378673056094143	-4.56352137640806	5.03026854159806e-06	0.000179224612494585	5.2984088294528	down	19348
Ldlr	3446.89274583924	-1.72686180331732	0.44224409159345	-3.90477077284461	9.43147396780781e-05	0.0021138939385965	4.02542042963149	down	16835
Mmrn1	736.694164121715	-1.72643435870534	0.588517087158938	-2.93353310613237	0.00335127911889993	0.0353858251603655	2.47478939945513	down	70945
Depdc1b	99.4679949399728	-1.72541732368557	0.528362458711	-3.26559409215962	0.0010923470777697	0.0149595886915182	2.96163934880084	down	218581
Ppp1r26	296.694549841102	1.72488763041412	0.45368380395947	3.80195990105967	0.000143555965275135	0.00293247553624085	3.8429787562692	up	241289
Xdh	2285.31562138898	-1.72327395123186	0.600148611743373	-2.87141204280372	0.00408642486224703	0.0409420852865131	2.38865648211445	down	22436
Trim34a	407.916390021234	-1.71791211067386	0.547128382611665	-3.13987021194838	0.00169022699606445	0.0210493814313621	2.77205496608568	down	94094
Dennd2a	1914.52996286651	-1.71730355726161	0.531399845433034	-3.23165987348415	0.00123073454863178	0.016421843897231	2.90983560791034	down	209773
1700003E16Rik	98.324078259699	1.71389206354309	0.467043325915272	3.66966396572385	0.000242869517272373	0.00442119846196739	3.61462699038693	up	71837
Cep55	545.128240744286	-1.71078339482594	0.559099556931057	-3.05989044995237	0.0022141796546832	0.0258209001970874	2.65478714412932	down	74107
Rnf150	644.393504879204	1.70957939033912	0.474727839263669	3.60117787275922	0.000316778747297672	0.00554931954512345	3.49924396294415	up	330812
1700066B19Rik	67.7445030238735	-1.70891514532967	0.53947503269613	-3.16773722926349	0.00153630310902154	0.019621486609024	2.81352309056191	down	NA
Pik3ip1	788.815826354493	1.70810597122806	0.384395101454556	4.44362054762031	8.84575569239517e-06	0.000288432242707332	5.053265059417	up	216505
Baz1a	2169.18777238389	-1.70746719060622	0.335065865576003	-5.09591506037465	3.47060722453571e-07	1.74736768775868e-05	6.45959453351063	down	217578
Eln	6441.07346816421	-1.70382029157112	0.456786797995254	-3.73001211735727	0.000191470562007748	0.00366581761820965	3.71789798796351	down	13717
Cyth4	803.673331271363	-1.70102684749648	0.485648078568296	-3.50259153194049	0.000460755444457412	0.00747530829855094	3.33652952429371	down	72318
Selenbp2	133.14612476535	1.70089947645353	0.507723840812776	3.3500484707015	0.00080797420379765	0.0117538488977492	3.09260250472934	up	20342
Lamc3	215.216780174852	1.70070802901363	0.566704954345668	3.00104669276681	0.00269053304850711	0.0302465548782678	2.57016166903428	up	23928
1810020O05Rik	76.8830918758801	1.69981081909458	0.50128822876149	3.39088516659213	0.000696672849712029	0.010454276967	3.15697111418196	up	NA
Fbn2	1941.77236136722	-1.69824814584257	0.40967682873526	-4.14533609597923	3.39315642082165e-05	0.000900696023099377	4.46939611939	down	14119
Sord	1088.90784310635	1.69796201229653	0.348427017452237	4.87322144164465	1.09793037773792e-06	4.72961904961756e-05	5.95942519861353	up	20322
Adamts3	384.912133816209	-1.69442574320536	0.536659889834238	-3.15735491938616	0.00159207438134722	0.0201152861784882	2.79803664598652	down	330119
Gm12247	224.745682255082	-1.69259748141986	0.40580919262477	-4.1709195163179	3.03373003759542e-05	0.000821655772241967	4.51802306837428	down	667947
Gm11767	58.6029856953716	1.69234304004512	0.583903177464851	2.89832819097305	0.00375157791170377	0.0383759157109187	2.4257860298158	up	102640451
Dclk1	2047.3380537247	-1.69184941684634	0.408648604388463	-4.14010814836421	3.47142122503177e-05	0.000916601947766645	4.45949268549087	down	13175
Dzip1l	1118.6409650664	1.6893779998329	0.414250404353302	4.07815654995012	4.53941978431196e-05	0.00114563033647509	4.34299965387746	up	72507
Gm20426	73.9917250771359	-1.68868917848747	0.490648550654232	-3.44174904060304	0.000577966180501614	0.00894840280082592	3.23809757343283	down	108169154
Tbc1d8	1479.97181432047	1.6884222067461	0.443112656914521	3.81036781594754	0.000138760189402396	0.00284757563221261	3.85773511603408	up	54610
Gm47251	58.8643805356137	1.68700295713607	0.536351717419644	3.14532964535312	0.00165899781944747	0.0207639626894903	2.78015418480298	up	NA
Cthrc1	145.98163460492	-1.68654605828831	0.494240739886753	-3.4123978907015	0.000643940464149328	0.00984027675643484	3.19115428370642	down	68588
Tdrp	428.474565853956	1.68608377242439	0.451225105771166	3.73667987631759	0.000186466071842446	0.00358718368044929	3.72940017807541	up	72148
Gm43646	76.5341723975956	1.68590937913147	0.528604580914373	3.18935824622482	0.00142589051382065	0.0184590023252896	2.84591382025485	up	NA
Trarg1	106.843877652275	1.68305536249687	0.577903302678311	2.91234771404956	0.00358723068639655	0.0371510709635721	2.4452406939659	up	237858
Rab32	1813.16482968715	-1.68301385572416	0.50014514266038	-3.36505088657233	0.000765295434562092	0.0112641569558373	3.11617087748514	down	67844
Aifm2	2026.57933927962	1.68231157750811	0.339494701988843	4.95533970825675	7.22040261910298e-07	3.28003198978705e-05	6.14143858492627	up	71361
Plp1	290.45543729923	1.67852839102821	0.446050325238659	3.76309195633947	0.000167825456316883	0.00332128239689293	3.77514216329612	up	18823
Scnn1a	181.56789765533	1.67777495630538	0.478830719647658	3.50389999526337	0.000458497504886618	0.00744471821906882	3.33866302338965	up	20276
Hey1	260.435509686767	-1.66891836199522	0.538142004978005	-3.10126016285131	0.00192698904165756	0.0232307943091986	2.71512075507012	down	15213
Sat1	13808.3087014883	-1.66600872481252	0.592887636186047	-2.80999066792773	0.00495429364819678	0.0473357655067674	2.30501825572112	down	20229
Ksr1	1706.07330513107	-1.66553960090639	0.552284886281366	-3.01572547480119	0.00256365253100555	0.0290704626825372	2.59114083800383	down	16706
Nabp1	3896.26252077287	1.66300736398605	0.446198357569936	3.72705846127054	0.000193727535309854	0.00370193687932444	3.71280864679129	up	109019
Scara5	1995.80391216508	1.6623555612357	0.37706525296108	4.40866812357086	1.04008263712132e-05	0.000329783458934914	4.98293215356658	up	71145
Jdp2	940.194377319055	-1.66116434238278	0.511013846609638	-3.25072276104436	0.00115112049336405	0.0155673859413806	2.9388792142814	down	81703
Actr3b	271.850060398353	1.65773880099458	0.440006514519824	3.76753240302284	0.000164869146452803	0.00326601040564779	3.78286061045013	up	242894
Abca8b	308.433001382761	1.65682395833283	0.380943594032427	4.34926320927134	1.36595686172737e-05	0.000421989887978466	4.86456301588844	up	27404
Cd68	714.79314391785	-1.65670520322139	0.466963487079299	-3.54782600580513	0.000388424724987673	0.00654623389802159	3.41069313307931	down	12514
Ly6e	14394.9868409666	-1.65621120814868	0.592235578636093	-2.79654122091568	0.00516528214816709	0.048791899611325	2.28690595061187	down	17069
Spdl1	343.257759498501	-1.65600933807277	0.565098200070835	-2.93048064542622	0.00338438075698126	0.0356787988241253	2.47052078293985	down	70385
Ncf2	542.412114903135	-1.65288799383041	0.440611931817024	-3.75134642181415	0.000175887478635431	0.00343995980720646	3.75476507670568	down	17970
Ankrd13d	470.220281115764	1.65194415508337	0.425305681482828	3.88413375839202	0.000102695363537797	0.00226065520527918	3.98844916336868	up	68423
Slitrk3	1036.61531456187	-1.65116006983685	0.543168902258777	-3.03986487991208	0.00236684308700824	0.0272671237020868	2.62583053324343	down	386750
Naaa	3127.03983133974	-1.64784152950562	0.541809227122841	-3.04136852422414	0.00235505391549755	0.0271907238084362	2.62799914588751	down	67111
Gm5577	83.0952225169374	1.64671105699743	0.55063494569291	2.99056765263097	0.00278459439492501	0.0310116512447535	2.55523805538234	up	434064
Nipsnap1	1236.62199324837	1.64624044917856	0.403595539839418	4.0789361791103	4.52422537766384e-05	0.00114323915105872	4.34445576850394	up	18082
Cdca3	467.843458171676	-1.64494998787817	0.466910982403037	-3.52304839653193	0.00042661345127322	0.00700385838040745	3.36996545521187	down	14793
Msrb2	2895.64159117937	-1.64422339119381	0.477395164631854	-3.44415593832368	0.000572845208375787	0.00891279640411058	3.24196271525784	down	76467
Rragb	210.607226617549	1.64420965998496	0.381563126043189	4.3091419158749	1.63889181531111e-05	0.00048244726957936	4.78544971364372	up	245670
Nup62cl	97.4323896213146	1.642859257197	0.47654921253722	3.44740734844607	0.000565994500852377	0.00883145830057557	3.24718778835426	up	279706
4930429F24Rik	374.023452956355	1.63619284729066	0.452744697615225	3.61394149044506	0.000301577145482289	0.00534390424104609	3.52060157383348	up	74633
Ric3	319.770918811252	1.63579571550742	0.451507480817736	3.62296481233221	0.000291245455241277	0.00518842616698988	3.53574084288965	up	320360
Cdh6	440.792966189938	1.63545768334286	0.382295113047126	4.27799788050457	1.88581816361126e-05	0.00054240985606856	4.72450018558989	up	12563
Tsc22d3	1822.50746856473	1.63477745368173	0.457272543185626	3.57506147710712	0.000350145609675422	0.00602460347807427	3.4557513147128	up	14605
Pdia3	35547.6429261608	-1.63475174298998	0.515119889582466	-3.17353644471978	0.0015059399415273	0.0193573810618956	2.82219234791181	down	14827
Ramp2	1725.25889723206	-1.63328036460264	0.452784383161283	-3.60719235323286	0.000309528201069048	0.0054557757345398	3.5092997763346	down	54409
Ralgapa2	2094.403537932	1.63258610708865	0.498993870404575	3.27175583492635	0.00106881837919751	0.0146929448166436	2.97109608675903	up	241694
Mxd1	1680.97510505633	-1.629935389532	0.538126949523369	-3.02890496559533	0.00245441878489735	0.0280496984977291	2.61005133384501	down	17119
Zfp948	2277.98117439865	-1.62654563441099	0.53325432353772	-3.05022493511193	0.00228670035130931	0.0265273166697449	2.64079074151436	down	381066
Apaf1	1371.23711649301	-1.62624726995087	0.432453676459566	-3.76051206978911	0.000169565892576952	0.00333983446486432	3.77066149969294	down	11783
Cfap126	48.737520021844	1.62613378774942	0.571123220282921	2.84725560089095	0.00440979400396802	0.0432285250374265	2.35558169738693	up	75472
Dkk3	1851.85208604518	1.62431096346148	0.51000779493822	3.18487477952812	0.00144816656863804	0.0187110235125644	2.83918148255882	up	50781
Ube2ql1	273.425111750911	-1.6239852195868	0.384542807960115	-4.22315847798991	2.40902300800653e-05	0.00066970169518824	4.61815905213841	down	76980
Pde10a	663.136770720542	-1.62327613825796	0.548962793266035	-2.9569875375348	0.00310660673837444	0.0334893488323345	2.50771372008381	down	23984
Vegfc	252.817137141105	1.62298520377857	0.489673831691623	3.31442094459452	0.000918331436886153	0.0130181622414755	3.03700054839291	up	22341
Rbm24	1843.08628689159	1.62291246125761	0.374524982007434	4.33325556164206	1.46920391653444e-05	0.0004436019317778	4.83291792260347	up	666794
Cav3	72.0839965713671	1.62214236553386	0.480423343679129	3.37648531628654	0.000734182907644248	0.0109187856830307	3.13419573043159	up	12391
Slc16a12	494.740656772655	1.62126072617875	0.486550381198386	3.33215385051296	0.000861766010047989	0.0123831624793956	3.06461063944202	up	240638
Cdc20	847.82393798991	-1.62099217112329	0.452478173081842	-3.58247594592833	0.000340352964960498	0.00590536029829031	3.4680704617176	down	107995
Sntb1	458.803100267485	1.62022570815416	0.366442071930356	4.42150569561808	9.8015480300458e-06	0.000315480421939703	5.00870532759187	up	20649
Dbf4	777.213344104131	-1.61936301692704	0.477325692669944	-3.39257459171965	0.000692390774739645	0.0104056442146587	3.15964872720097	down	27214
Nek2	335.234848447712	-1.61484084247173	0.447361134360731	-3.60970303059362	0.000306547757039814	0.00541425397627257	3.51350185718736	down	18005
Gm12576	257.967148923047	1.61333248066608	0.546030386042778	2.95465696031738	0.00313016882834774	0.0336014041573655	2.50443223777545	up	102635494
Usp43	578.203131278331	-1.61266517542279	0.392767374425674	-4.10590410616695	4.02736541712472e-05	0.00103436223691115	4.39497896352865	down	216835
Col3a1	126627.245640704	-1.61199700946846	0.491565152236223	-3.27931506563307	0.00104059388261443	0.0144015788769848	2.98271873153878	down	12825
Sgpl1	6350.99690354436	1.6090271229613	0.416186425147959	3.86612110760045	0.000110580041897153	0.00238176064379342	3.95632324984945	up	20397
Glt8d2	75.2670674298718	1.60663682824458	0.510489865316566	3.14724529790276	0.00164816629100391	0.020671441823052	2.78299897247992	up	74782
Ddit4	2844.27631730626	-1.60634007136352	0.491503990255521	-3.26821369350109	0.00108228616074564	0.0148576482012251	2.96565789486575	down	74747
Daglb	561.409664468386	1.60385987277904	0.410777983716091	3.90444458164423	9.44420295760792e-05	0.0021138939385965	4.02483468842706	up	231871
Drc3	89.4662583851578	1.60214882092836	0.465288554001922	3.44334458079478	0.000574566732171772	0.00891524420211001	3.24065952357987	up	74665
Tspan15	839.306658595458	1.6021072377358	0.318923323979884	5.02348720608736	5.07416064305243e-07	2.41481721269838e-05	6.29463578755046	up	70423
Emid1	2232.57627255229	1.60137338500996	0.424152323746713	3.7754676689364	0.00015970773940322	0.00317952021433421	3.79667403753297	up	140703
Il6ra	876.973836799818	-1.59847401291868	0.506658961403052	-3.15493089965713	0.00160536122431226	0.0202404193026461	2.7944272311254	down	16194
Nova1	1084.97625912295	-1.59662724575995	0.463970895725774	-3.44122284494247	0.000579091389896522	0.00895888444369325	3.23725289223849	down	664883
Optc	879.752024708939	1.59646979945927	0.373183464183135	4.27797572154971	1.88600585335026e-05	0.00054240985606856	4.72445696373349	up	269120
Tmsb10	8443.50657312308	-1.59173613013175	0.541671367734471	-2.93856427521571	0.00329736278969611	0.034982848959897	2.48183326732599	down	19240
Ckap2l	525.969457438639	-1.58940164298094	0.407666257442403	-3.89878145165228	9.66779827371196e-05	0.00215018238994994	4.01467242006908	down	70466
Cenpa	843.757025084022	-1.58633330977099	0.413768340872769	-3.8338682617063	0.000126143717084719	0.00264016818543388	3.89913437577177	down	12615
Zmynd15	464.395784678728	-1.58624061970129	0.403234151005775	-3.93379532895408	8.36149899708122e-05	0.00192767753118408	4.07771585799123	down	574428
Rgma	3179.09288457415	-1.58503275819221	0.505314367648336	-3.13672608512743	0.00170845658697209	0.0211971634142757	2.76739605243912	down	244058
Ccnf	316.388189630607	-1.58501720654435	0.522284298609817	-3.03477858852591	0.00240712328935087	0.0276833028236739	2.61850166522413	down	12449
Chrdl2	2689.7365775856	-1.58480338762505	0.366156844409992	-4.32820910443098	1.50326713405715e-05	0.000450484309978025	4.82296383741823	down	69121
Gfra2	149.586777586428	1.58452805868454	0.44293263044684	3.57735680274004	0.000347086250942709	0.00599098444200592	3.45956258960712	up	14586
Dnase1l2	433.679300745247	1.58026241199098	0.358416969909127	4.40900555682852	1.03846360985706e-05	0.000329783458934914	4.98360871753541	up	66705
Arhgef19	567.043160777927	1.57940882739614	0.470018233011378	3.36031395479482	0.000778539461503454	0.0114254381472328	3.10871936963554	up	213649
1700001L05Rik	554.403730106293	1.57782520767161	0.371077977573408	4.25200443849966	2.11865660452204e-05	0.000598977485306739	4.67393942877601	up	69291
Plekhf1	349.965235816755	1.57635246420549	0.493102402149724	3.19680548570286	0.00138958597756808	0.0180591966967691	2.85711457704191	up	72287
Pdia6	15167.9488368349	-1.57434986216141	0.438299883492892	-3.59194679591316	0.000328216868017246	0.0057246062460111	3.48383910305574	down	71853
Cemip	619.020281006749	-1.5738888287131	0.516562498364673	-3.04685073673697	0.00231252512288089	0.0268113411578557	2.63591354046168	down	80982
Gna15	227.761507382752	1.57314026768981	0.528247128168491	2.9780384668519	0.00290099573485687	0.0318658439866178	2.53745290971147	up	14676
Sbspon	280.052739332476	1.56833005007008	0.520089447000965	3.01550062035226	0.00256555414108443	0.0290704626825372	2.59081881596236	up	226866
Cd164	17442.2915128479	-1.56564161359983	0.287626821371974	-5.44330881985119	5.22998602745528e-08	3.13924806957286e-06	7.28149947140178	down	53599
Anln	1089.93290268696	-1.56441122406751	0.384509158104633	-4.06859288288213	4.72979062854255e-05	0.00118767657139835	4.32515808354996	down	68743
Artn	209.704003033687	1.56371623721636	0.404153541161751	3.86911427949242	0.000109231438570868	0.00236289826207199	3.96165234667894	up	11876
Eaf2	168.941031572541	1.55838682178282	0.465898719199643	3.34490471332469	0.000823108436280141	0.0119392535735613	3.084542947077	up	106389
Papss2	416.555070222087	-1.55813568812928	0.483870953440458	-3.22014718397642	0.00128124796378067	0.0169712288270696	2.89236681180077	down	23972
B3gnt8	359.763215494577	-1.55624900287393	0.401093962134519	-3.88001104427493	0.000104451721875537	0.00228960279683402	3.98108439632627	down	232984
Ptch1	1920.91379050414	1.55505805149003	0.392732380458918	3.95958705944466	7.50794713186161e-05	0.00175966852140117	4.12447879417824	up	19206
Ppl	2455.13382411058	1.55474750246806	0.483655201593837	3.2145782725887	0.00130636293522721	0.0172403266711452	2.88393615011359	up	19041
F2rl1	962.773664177039	-1.55163137426832	0.420637713855539	-3.68875952668666	0.000225350083791058	0.00413617766282431	3.64714227611092	down	14063
Chst2	486.013539658399	1.55139499260338	0.492946779782103	3.14718557100453	0.00164850301510631	0.020671441823052	2.782910254197	up	54371
Atp6v0e2	558.437110038037	1.55078974372219	0.357696217896651	4.33549382445597	1.45433257653353e-05	0.000442727361944809	4.83733626772922	up	76252
Casp3	1951.02961432604	-1.54723547623027	0.461899499983477	-3.34972321097038	0.000808923499585641	0.0117591002979766	3.09209254795357	down	12367
Gm28539	143.516416720358	1.54676854507941	0.535249530897137	2.88980831517377	0.00385476796548325	0.0391708704087846	2.41400175881746	up	NA
Pgpep1	1837.33250878295	-1.54657850075631	0.40608260902453	-3.80853172823978	0.000139794411040627	0.00286585711577442	3.85451019127085	down	66522
Arl4c	4210.1374731288	-1.54640761205396	0.545123643896152	-2.83680157587982	0.00455679215028282	0.044343311343648	2.34134078051211	down	320982
Septin4	873.780829025929	1.54518559016393	0.395010750333951	3.91175579109579	9.16275400784817e-05	0.00207647536404614	4.03797397276798	up	18952
Top2a	2712.19072218742	-1.54395576564344	0.461414218310643	-3.34613825143114	0.000819455270504452	0.0118948961124495	3.08647474716152	down	21973
Bicdl1	502.152362122278	1.54306311044884	0.472280441078578	3.26726024673993	0.00108593803360917	0.0148972829885263	2.96419495598972	up	75665
Tgfbi	4225.49286614791	1.5411243002643	0.519986084578565	2.96377988944327	0.00303885566889279	0.0329574862234559	2.51728992634058	up	21810
Sgo1	296.684471272907	-1.54051189345852	0.474521726536208	-3.2464517582863	0.00116853250397718	0.015770849216405	2.93235920273979	down	72415
5031434O11Rik	138.003173398227	1.53888184942957	0.531105767865989	2.89750543590005	0.00376143219763956	0.0384373756474538	2.42464676222613	up	100039684
Mpp2	279.088833565981	1.53757303577622	0.431375289490281	3.56435121166315	0.000364757287021281	0.00621548904772494	3.43799602313151	up	50997
Tmem159	1340.07111253239	1.53687217056416	0.347455939420492	4.42321456103889	9.72430809901235e-06	0.000313499145617837	5.01214128969077	up	NA
Cdca8	583.326992284277	-1.53665180830239	0.490636394495341	-3.13195642545629	0.00173645645209056	0.0214912022070502	2.76033610371741	down	52276
Cd34	2099.34009919166	-1.53652974315335	0.430630701384813	-3.56809149513077	0.000359590945571414	0.00614316565818925	3.44419125224993	down	12490
Myo7a	314.911882865828	1.53616435131256	0.511168865577332	3.00519936709675	0.00265406821738749	0.0299207645398427	2.57608791867799	up	17921
Trim25	4722.01902359582	-1.53396359351379	0.519240767894851	-2.95424336523673	0.00313436724828635	0.0336284125382434	2.50385011936709	down	217069
Tacc3	915.358115544454	-1.53322381869689	0.473760683155606	-3.23628336670839	0.00121097105144581	0.0161905614557183	2.91686623864689	down	21335
Mylip	1959.56626920283	1.53269508188644	0.445762981658864	3.43836331178211	0.000585241917004763	0.00904703436743326	3.23266457579361	up	218203
Eva1a	823.394523739315	-1.53209021053506	0.428317693563042	-3.57699491186104	0.000347566936419034	0.00599410519857088	3.45896154411559	down	232146
Sema3a	3999.02918247386	-1.53198180273474	0.499053093093624	-3.06977719191761	0.00214218516390247	0.0251574600799546	2.66914299280129	down	20346
Gnao1	1168.04076732347	1.53047564760653	0.444393625618115	3.44396399808337	0.000573252029457402	0.00891279640411058	3.24165439908282	up	14681
Rhpn2	2075.11522229423	-1.52994080353738	0.535973473214727	-2.8545084411751	0.00431034862333691	0.0426722378817525	2.3654876024452	down	52428
Bub1b	581.993965008724	-1.52956598320035	0.397737763603589	-3.845664463294	0.00012022619182434	0.00254294298643906	3.92000090899178	down	12236
Cyp2j6	1712.30490195786	-1.52940140716921	0.441724723156368	-3.46234051886611	0.000535499171662055	0.00845462673237058	3.27124119662088	down	13110
Per2	2201.30076742832	-1.52901576157146	0.541526133422242	-2.82353088281937	0.00474978497200226	0.0457142895950657	2.3233260509197	down	18627
Efnb3	308.802337189317	1.52696841730171	0.495738116460683	3.08019167096427	0.0020686741998856	0.0245247093163188	2.6843079019555	up	13643
Vamp5	509.152640429196	1.52693705637094	0.417895148963814	3.65387600252607	0.000258311051595449	0.00465880277196026	3.58785701254815	up	53620
Hmga1	755.646273839673	1.52675954269404	0.391531836973679	3.89945184150292	9.6410710356564e-05	0.0021483358735864	4.01587471723432	up	15361
Itga6	7347.4312684697	-1.5265261947003	0.407608234363358	-3.74508183595597	0.000180334983206626	0.00350295009167546	3.74392001626232	down	16403
Kpna2	2798.90654035139	-1.52634500843927	0.515823551910901	-2.95904481830041	0.00308594217058319	0.0333595522474942	2.51061221671484	down	16647
Spag5	389.665439477808	-1.52584025537669	0.474674849460371	-3.2144956850175	0.00130673878861242	0.0172403266711452	2.88381121731756	down	54141
Arhgap11a	1083.27134517078	-1.52467337998496	0.432183248775458	-3.52784006391952	0.000418965217069891	0.0069183752643169	3.37782203111879	down	228482
Gm31621	120.630273403994	-1.52378314678464	0.543602659817459	-2.8031193726983	0.00506109328612335	0.0480803862181719	2.29575565769709	down	102633908
Iqgap3	416.700339670295	-1.52371154527199	0.426841366378709	-3.56973729654894	0.000357339398159491	0.00612039407918757	3.44691909837919	down	404710
Ripor3	269.963060770968	1.5210004937933	0.384898821015381	3.95168914724349	7.76015010800149e-05	0.00180570291453706	4.11012987791111	up	69553
Kdelr3	2436.64380283539	-1.52091063738939	0.544409154538615	-2.79369041594894	0.0052110339608741	0.0490617742863644	2.28307609647972	down	105785
Fap	493.63653997296	-1.52077703597488	0.411688669906518	-3.69399778798918	0.000220755722263147	0.00408940257330471	3.65608803015085	down	14089
Klrd1	190.315957731878	-1.51976930025003	0.518696536948672	-2.92997772684266	0.00338986300632513	0.0357177552822492	2.46981785247516	down	16643
Syn2	371.084192544882	1.5191382907296	0.439570470088897	3.45596074827861	0.000548335163773807	0.00860968048194097	3.26095390267889	up	20965
Nrg4	155.263839464292	1.51865713505601	0.503490653844565	3.01625685295212	0.0025591637493948	0.0290639573993769	2.59190192467032	up	83961
Ifitm10	266.587446322229	1.51815281472959	0.462559572399766	3.28206982476526	0.00103048084380192	0.0143036466013284	2.98696007715837	up	320802
Armc2	96.0166444462946	1.51663076078069	0.518079898992421	2.92740707317595	0.00341801186015801	0.0359092032579914	2.46622643465442	up	213402
Gpx1	17296.4669711183	-1.5144260650412	0.396224538399024	-3.82214102932734	0.000132297986607449	0.00274028202726392	3.87844676512413	down	14775
Bambi	545.168287918671	1.51382212586364	0.493888916295419	3.06510649645385	0.00217592502021721	0.0254788455208563	2.66235607398625	up	68010
Eme1	110.607694912939	-1.50987855325144	0.474789885232555	-3.18009839765624	0.00147225051492618	0.0189731420324593	2.83201828511184	down	268465
Inka2	899.960669812057	1.509806752278	0.397526992248708	3.79799807740706	0.000145869454783251	0.0029630474209427	3.83603564030602	up	109050
Prrx2	401.289986224831	-1.50979481384235	0.458700026644351	-3.29146441278267	0.00099667226066335	0.013901943577208	3.00144762883496	down	20204
Cenpf	938.8251987824	-1.50921884709738	0.488556653330433	-3.08913784472939	0.00200738277678055	0.0240117097201015	2.6973698063899	down	108000
Mettl7a1	8496.37701222479	-1.50898533591594	0.403668410919218	-3.73818038543006	0.000185356939972474	0.00357001716678608	3.73199114885575	down	NA
Sh3bp2	700.937259911433	-1.50861219555861	0.435495749442604	-3.46412610798039	0.000531957066276481	0.00841199196260626	3.27412341776442	down	24055
Gata6os	407.93846406071	1.5066445271216	0.424887831112243	3.5459818257859	0.000391153182997722	0.00658111937858457	3.40765313134478	up	68434
Acsl1	1265.33203300464	1.50541811953083	0.459588522052814	3.27557814717974	0.00105445936949831	0.0145255230031236	2.97697014986725	up	14081
Sorl1	2809.04664500378	1.50505937654856	0.479196428168848	3.14079840348528	0.00168487966648451	0.0210089674196459	2.77343111084482	up	20660
Bbof1	120.36647666867	1.50387326116056	0.539684032031077	2.78658098424887	0.00532673063795337	0.0499393489640769	2.27353926405771	up	72873
Mitd1	1656.63747379968	-1.50062747070233	0.529127457136134	-2.83604158216316	0.00456764985885973	0.0444057321881753	2.34030719508474	down	69028
Jade2	564.313920050338	1.49935380378352	0.484055731176029	3.09748177165632	0.0019517239900566	0.0234441461017136	2.70958159961546	up	76901
Tnfrsf1b	690.962933776074	-1.49823982633825	0.427524451952133	-3.50445411834829	0.00045754440235614	0.0074413323956831	3.33956675348271	down	21938
Slc27a1	1523.82794218922	1.49774554277934	0.420038029981319	3.56573794721861	0.000362833788062927	0.00619327220819965	3.44029227705289	up	26457
Lipg	743.34611092191	-1.49591740360841	0.422440031173044	-3.54113552982776	0.000398408872191675	0.00667510187541256	3.39967099881013	down	16891
Cd55	7080.20579109241	-1.49311923028194	0.477206986596185	-3.12887127016316	0.00175479167540394	0.0216110757904954	2.75577443452166	down	13136
St14	6581.80133184763	-1.49094733247832	0.480301062517097	-3.10419328382237	0.00190798640971425	0.0230712839427516	2.71942472303189	down	19143
Tef	2269.26077461971	1.49043137341257	0.452431403176904	3.2942703865094	0.000986775278110847	0.0138120898171426	3.00578173951726	up	21685
Nxpe5	143.356188483395	-1.48592337172594	0.446063761825846	-3.3311905133107	0.000864753975732144	0.0124082573344825	3.0631074326272	down	381680
Sntg2	1256.51043250607	1.48481367930591	0.336900758248697	4.40727318936406	1.04680123983245e-05	0.00033106745540777	4.98013577165303	up	268534
Ppm1h	1321.57388647859	1.48408950285624	0.515295428006792	2.8800750447114	0.00397580523914847	0.040054634637147	2.40057489832774	up	319468
Metrnl	879.828091337956	-1.48347718847491	0.42327544302393	-3.50475609422737	0.000457025776547804	0.00743895050621947	3.34005930475121	down	210029
Apol10b	1022.37919896773	-1.48326918144397	0.374128502913796	-3.96459817921365	7.35196835911217e-05	0.00173087330461642	4.13359637070418	down	328561
Eps8	3704.02248495827	-1.48265720884138	0.463553709477099	-3.1984582984221	0.00138164514098585	0.0179676792960476	2.85960348597852	down	13860
Rel	885.076981202936	-1.48247086630984	0.489004290921748	-3.03161116135701	0.00243252334638014	0.0278631957865021	2.61394298285595	down	19696
Fhl1	15874.5249517579	1.4809313181951	0.377667895962312	3.92125286270794	8.80897642193126e-05	0.00200997512239226	4.05507455244299	up	14199
Pkhd1l1	714.656027046985	1.4806290935138	0.400068445663445	3.70093945064433	0.000214802732388224	0.00400884875347883	3.66796019851447	up	192190
Abcc4	2284.52334269881	1.47986598795156	0.404268289400134	3.66060368016356	0.000251621708720396	0.00456389719954925	3.59925189275473	up	239273
Zfp641	820.382537589482	1.47921925999516	0.410347249151572	3.6047987723899	0.000312394883166849	0.00549071435884298	3.50529608820896	up	239652
Uap1	2626.86908803782	-1.47549460734284	0.323300344716829	-4.56385101796039	5.02237255960219e-06	0.000179224612494585	5.29909107446298	down	107652
Sh3d21	378.439529360137	1.47511285813199	0.473063782150297	3.11821135709631	0.00181952269216686	0.022230207561755	2.74004252374282	up	66938
Anxa3	3820.38547836765	-1.47465938048034	0.31791572498975	-4.63852293096821	3.50908007127773e-06	0.000132338665027735	5.4548067218053	down	11745
Slc16a2	2515.05792457738	-1.47423592748882	0.456576203951399	-3.22889347874501	0.00124270173179203	0.0165594148100394	2.90563309644362	down	20502
Ctsd	5108.55632169821	1.47398329585431	0.465597765452865	3.16578687704962	0.0015466406744069	0.019728304913877	2.8106105726927	up	13033
Satb1	1075.89457899796	1.47361544154717	0.366032692660425	4.02591208680442	5.67548918169101e-05	0.00138512427061831	4.24599669981711	up	20230
Mtfr2	161.239373519833	-1.4723371580862	0.38185319472748	-3.85576755259824	0.000115367073056536	0.00245314580452557	3.93791812558531	down	71804
Specc1	1066.50654850057	-1.46955553443529	0.391516623176574	-3.75349460902076	0.000174386284463524	0.0034206408771903	3.75848767545876	down	432572
Hsp90b1	15938.644220645	-1.46942076827609	0.48444007039522	-3.03323539499384	0.00241946789920623	0.0277686908821286	2.61628013560954	down	22027
Calr	25408.168873036	-1.46731369110284	0.378744648534089	-3.87415029303253	0.000106997368123772	0.00233733704268628	3.97062690477629	down	12317
Perm1	259.04218703807	1.46582170227144	0.49485334275144	2.96213357703377	0.00305515210412973	0.0331127330939102	2.51496716305161	up	74183
Osgin1	926.190681792488	1.46531198551534	0.43883427242531	3.3391010629525	0.000840499798167118	0.0121386632700609	3.07546238651353	up	71839
Acy3	134.692257315764	1.46516685192111	0.393785030248165	3.72072765436958	0.000198649576702964	0.00376718001815829	3.70191235603405	up	71670
Skil	3554.23583261098	-1.46273308377031	0.431800773825323	-3.38751844007123	0.000705279759640458	0.0105596493151262	3.151638579508	down	20482
Socs2	3375.14837598593	-1.45973645974673	0.521794714639766	-2.79753017574065	0.00514949567839456	0.0487118408044252	2.28823530199088	down	216233
Bcl7a	1088.51538637332	1.45871579804707	0.394365938119652	3.69888891774546	0.000216545341316409	0.00403008219947149	3.66445115509895	up	77045
Arpc1b	9311.50045761734	-1.45759335328007	0.389901841133554	-3.73835976009356	0.000185224767314104	0.00357001716678608	3.73230094212128	down	11867
Cpe	6129.84906541974	1.45547440842018	0.439209618327512	3.31384912280051	0.000920211472399023	0.0130352056367222	3.03611235663031	up	12876
Gpt2	1232.14784074746	1.45485458877691	0.384437342634626	3.78437375205671	0.00015409610456483	0.00308315609413597	3.81220833978503	up	108682
Spon1	7981.90581746353	-1.45194260613773	0.465023937064094	-3.1222964893044	0.00179446121682033	0.021988574125125	2.74606592351237	down	233744
Dpy19l1	1001.4310362405	-1.45112637612191	0.424914516688503	-3.41510190668704	0.000637581528220397	0.00977299048011449	3.19546427365109	down	244745
Pip4k2a	2824.1552409744	-1.45073433928453	0.307457707574697	-4.71848421276629	2.37608403577854e-06	9.44198165151916e-05	5.62413820357742	down	18718
Mcm10	272.840324158032	-1.45054150703968	0.427066810696935	-3.39652127186499	0.000682482525356236	0.0102954420504305	3.1659084640506	down	70024
Btbd11	322.511598788211	1.45033488754246	0.481362502686218	3.01297853374316	0.00258697215915756	0.029279954426524	2.58720824511001	up	NA
Lrrc10b	288.762892612127	-1.44740043206326	0.445525115047627	-3.24875160384288	0.00115912648630541	0.0156650576120842	2.93586917032872	down	278795
Arhgap27	2006.39643505512	-1.44479267110716	0.46910821766692	-3.07987073492924	0.00207090454071855	0.024536597486593	2.68383991964574	down	544817
Gm12295	119.113426077071	1.44240478955618	0.468513409781316	3.07868410901929	0.00207917015137599	0.0245996043150505	2.68210996820584	up	327946
Creld1	1177.95522991242	1.44183193705816	0.388029112451726	3.71578289048489	0.000202575474537506	0.0038271064130961	3.69341313507528	up	171508
Pls1	842.329785936494	-1.44123044120276	0.419391812068104	-3.43647729815173	0.000589331740296574	0.00910321702090256	3.22964016799285	down	102502
Sec61b	2919.85140676536	-1.44057763611246	0.453841128141846	-3.17418926312517	0.00150255679873221	0.0193263225824063	2.8231691020808	down	66212
Nckap5	246.094446413439	1.43855535248356	0.463685142291249	3.1024400423423	0.00191932423181163	0.0231523553080572	2.71685165361665	up	210356
BC051142	67.2599046480486	1.43851934975548	0.515199323654702	2.79216078847108	0.00523573319180644	0.049210489496125	2.28102249280855	up	NA
Lrrc61	147.783559110203	1.43687101474892	0.507810551678084	2.82954146974834	0.00466147584446592	0.0450549222336483	2.33147656192953	up	243371
S100a1	2853.53895140575	1.43628170946814	0.315239261940801	4.55616378691389	5.20963196173949e-06	0.000184627878814271	5.28319295666812	up	20193
Xk	705.573123950326	1.43613753078949	0.426990175940667	3.36339712646936	0.00076989524486734	0.0113235218207567	3.11356836271195	up	22439
Il34	106.401378271625	1.4349296668059	0.474309125270992	3.02530478616887	0.00248382688220627	0.0283695609837365	2.60487867690229	up	76527
Elk3	376.517212966579	-1.43379751379335	0.50368625334526	-2.84660838819941	0.00441876837503702	0.0432836472450127	2.35469876288209	down	13713
Gm11613	363.721314307272	1.43302266823608	0.459191521058834	3.12075158733706	0.00180390134059464	0.0220681899432661	2.74378721868267	up	108167924
Cd80	119.778093630662	-1.432795153987	0.506272706078099	-2.83008571622657	0.00465355348972407	0.0450001098948257	2.33221528977551	down	12519
Bmp2k	764.22647761352	-1.43212950879886	0.47214898305627	-3.03321527778909	0.00241962920652578	0.0277686908821286	2.61625118191125	down	140780
Maml3	560.79730395429	1.43175325326178	0.495403818522959	2.89007310749145	0.00385152244470652	0.039157797876294	2.41436756694888	up	433586
Racgap1	765.821757537289	-1.42903934819739	0.411338705443958	-3.47411835862863	0.000512534897086063	0.0081519465240563	3.29027655935329	down	26934
Prrx1	5516.61775096198	-1.42513856727551	0.323273699938109	-4.40845811938415	1.04109146782035e-05	0.000329783458934914	4.98251111273291	down	18933
Pik3cb	1185.72273153537	-1.424085560849	0.409568230422173	-3.47704107660177	0.000506980140078009	0.0080745171632504	3.29500905294174	down	74769
Tnfaip3	595.654046346335	-1.42396411022685	0.494547704519358	-2.8793260937502	0.00398526024804077	0.0401296633943773	2.39954331276284	down	21929
Dnah11	69.9876212996618	1.42339269670954	0.502212487255423	2.83424393624369	0.00459342538977849	0.0445995495787845	2.33786333340229	up	13411
Parpbp	175.117947827534	-1.42317508322487	0.449899633514034	-3.16331683159833	0.00155982473475279	0.0198584565593878	2.80692419716214	down	75317
Pon3	1426.24579850792	-1.42305954298327	0.441307033722589	-3.22464731862356	0.00126127944165967	0.0167400089507925	2.89918868303365	down	269823
Ccdc122	213.607396214532	1.42210667395354	0.483460833930897	2.94151371558013	0.0032661237840449	0.0347066890991437	2.4859673597987	up	108811
Tmem45a	1028.82866645215	-1.42033346494649	0.381813696467034	-3.71996467934231	0.000199250640895433	0.00377499697650988	3.70060027300888	down	56277
Sulf2	4918.35440523597	-1.4189239595195	0.45131955793395	-3.14394520373778	0.00166686649110654	0.0208103231881559	2.77809918391387	down	72043
Snai2	909.926106796801	-1.41845233470342	0.398630159644046	-3.55831665112849	0.00037323919142379	0.00633302628028753	3.42801276008779	down	20583
Hoxa9	2617.36039948187	1.41821416563546	0.377108467616753	3.76075927066362	0.000169398393992371	0.00333983446486432	3.77109071138168	up	15405
Prr11	362.343971465164	-1.41804333812377	0.495059248891389	-2.86439116388446	0.00417811706762126	0.0415276996258646	2.37901939558844	down	270906
Kcnip1	283.307375106946	1.41637956417279	0.469457150403162	3.01705824047291	0.00255240767430537	0.0290037092632267	2.59304995825766	up	70357
Smtnl2	184.13051943475	1.41588647552644	0.47769847432499	2.96397529325826	0.00303692668818081	0.0329544466033431	2.51756569188247	up	276829
Syk	562.982563729914	-1.41358544144373	0.458421790052312	-3.0835912954365	0.00204518348016326	0.0243038807381113	2.68926772391681	down	20963
Phactr1	1188.94593156863	-1.41325385047902	0.44618436373926	-3.1674212844108	0.0015379733989017	0.019630276051882	2.81305117611464	down	218194
Khk	779.528290582944	1.41230736601271	0.474202196298895	2.97828094647313	0.00289870147860409	0.0318658439866178	2.53779650795322	up	16548
Tram2	1634.24664344313	-1.41222942873974	0.467751771040548	-3.01918563685633	0.00253455176844518	0.0288500118153088	2.59609883384659	down	170829
Cabcoco1	131.773384343278	1.4117217076372	0.495153374642071	2.85107964508508	0.0043571054234588	0.0429436998047804	2.36080193185389	up	73287
Parm1	2692.85207028401	1.41080626754519	0.393893281802112	3.58169669990453	0.000341369972520143	0.00591786904660244	3.46677468281805	up	231440
Synpo2	26143.2876241715	1.40718460516035	0.354046329056784	3.97457758963137	7.05042754579854e-05	0.00167169567954236	4.15178454610775	up	118449
Vegfb	866.817205154611	1.40504065043153	0.352556706883938	3.98528980727651	6.73978158653992e-05	0.00160757463426921	4.17135417724768	up	22340
Gsr	3921.44264949198	-1.40397227972245	0.360506899346652	-3.89443941923685	9.84260856714357e-05	0.00218108714013377	4.00688978610326	down	14782
Gm13657	79.1994982445217	1.40330315497689	0.499720347648803	2.80817693651953	0.00498228443019421	0.0474670644379037	2.30257148295411	up	102638051
Hmox1	641.562866963315	-1.4014339676503	0.421105335415176	-3.32798910341185	0.000874752878799865	0.0125220061350642	3.05811461958545	down	15368
Slc44a3	584.368640566065	1.40097744214385	0.375190249524713	3.7340454447273	0.000188428471447424	0.00362145027624145	3.72485347490679	up	213603
Sparc	63274.3816313643	-1.39690325603602	0.422186699007108	-3.30873345683612	0.000937190134381641	0.0132292065014267	3.0281722917846	down	20692
Nkd1	2129.59808314258	1.3968651582447	0.350393659491216	3.98655946078762	6.70383329515308e-05	0.00160091063206117	4.17367679388483	up	93960
Gpr137c	100.418153338332	1.39646765357427	0.478923149518961	2.91584913983989	0.00354721973559354	0.0369472788301426	2.45011190794758	up	70713
Sphk1	854.419874798057	-1.3964188272079	0.401375719403586	-3.4790814683132	0.000503135605503746	0.00803890845947952	3.29831494777733	down	20698
Prkaa2	1214.25955559382	1.39628785961608	0.443590544513673	3.14769527187935	0.00164563149318841	0.020671441823052	2.7836674099454	up	108079
Cdk14	1445.02069612104	-1.39369636380507	0.407837452944634	-3.41728390500289	0.00063249283952478	0.00971734579279117	3.19894438678847	down	18647
9330182L06Rik	535.534911827849	-1.39231022281102	0.480702172491565	-2.89640925813675	0.00377459786823491	0.0385128444054514	2.4231293097061	down	NA
Slc22a23	1167.07333151895	1.39206138205069	0.430123463797084	3.23642279303183	0.00121037964138472	0.0161905614557183	2.91707838976728	up	73102
Entpd2	333.076373505229	1.39135036234816	0.433277125032765	3.21122506119599	0.00132170377049584	0.0173804045820203	2.87886587106446	up	12496
Bard1	306.580472208764	-1.39066883025451	0.402490833192982	-3.4551565292115	0.000549973428999709	0.00862185795987936	3.25965829217405	down	12021
Prrt1	225.975037896423	1.38963878426858	0.466560945529216	2.97847215371258	0.00289689351146709	0.0318658439866178	2.5380674689772	up	260297
Gprc5a	536.385194238143	-1.38759180450464	0.489200985658874	-2.83644523454053	0.00456188013388335	0.0443712214676693	2.34085613025554	down	232431
Clic1	7817.99948805021	-1.38511610842671	0.408988140678949	-3.38669015225555	0.000707412338303964	0.0105757350920117	3.1503273697254	down	114584
Ccdc189	105.984404996555	1.38375782740964	0.406289630235134	3.40584086925578	0.000659606137901598	0.0100107877633843	3.1807153117231	up	NA
Iah1	1274.20677741512	1.38283096879255	0.364729672649085	3.79138598389555	0.000149808919496963	0.00301245541539768	3.82446232833888	up	67732
Slc22a18	382.99604570437	1.38260026687493	0.416767060605694	3.31744131809645	0.000908459968730887	0.0129315698530367	3.04169420511139	up	18400
Galc	1810.21786306333	-1.38219535464441	0.448059133070106	-3.08485030797965	0.00203654623893528	0.0242720459987299	2.69110572499047	down	14420
Lpar1	4756.71016215336	-1.38218680251921	0.331512796397424	-4.16933167449205	3.05494141791908e-05	0.000825164446775224	4.5149971134471	down	14745
Kif18b	209.266961145344	-1.38152871209825	0.482055866061098	-2.86590996887308	0.00415812482020581	0.0414287227191412	2.38110247798844	down	70218
Nuf2	335.198555145447	-1.37946348797573	0.461923278306264	-2.98634763122095	0.00282331494519923	0.0312644981299957	2.54924067292184	down	66977
Ssr2	6671.74237384434	-1.37922830297417	0.363590770944087	-3.79335344346864	0.000148626367023027	0.00299470143554059	3.82790413783783	down	66256
Inca1	131.908156432534	1.37907759080718	0.469355781843657	2.93823501095498	0.00330086702773087	0.0349828897933641	2.48137197045487	up	103844
Xpnpep2	111.820400999669	1.37896808693319	0.488523218218502	2.82272783668681	0.00476169750818376	0.0458021221335789	2.32223819706622	up	170745
Adam23	215.109390529681	1.37685250582486	0.465382831035846	2.95853738901427	0.0030910274180612	0.0333823972889681	2.50989714263651	up	23792
Tgfa	836.307335744145	1.3756316014636	0.460297739380256	2.98856910163353	0.00280287111500563	0.0311473519916768	2.55239687203235	up	21802
Lrrc59	5490.55857741179	-1.37535702402904	0.412660173734218	-3.33290467937152	0.000859443819423323	0.0123675759990161	3.06578250723974	down	98238
Heatr5a	3261.18287706964	-1.37425922614439	0.327180875051708	-4.20030426878467	2.66556518704845e-05	0.00073286543271973	4.5742106922314	down	320487
Il17re	1395.54740648206	1.37342422496285	0.443578713242593	3.09623564873757	0.00195994534156699	0.0235146383476837	2.70775603996334	up	57890
Midn	3631.58447198439	-1.37152011541907	0.421016799854918	-3.25763750019404	0.00112343816866877	0.0152549470892333	2.94945082510948	down	59090
Tppp	1618.27860270907	1.36903044578121	0.470974442191789	2.90680411321283	0.00365141775375905	0.0376402981238452	2.43753847716436	up	72948
Slc16a7	1844.49471918627	1.36813268369742	0.412876752884967	3.31365879560335	0.000920838020765046	0.0130352056367222	3.03581675728925	up	20503
Prkce	1684.66082501868	-1.36441040579648	0.316328997006891	-4.31326378140023	1.60861999009375e-05	0.00047493495364836	4.79354653868366	down	18754
Adam8	342.190363871808	-1.36147786973569	0.487148435202298	-2.79479060457273	0.00519333411562839	0.0489643218411228	2.2845537359634	down	11501
Sesn1	1771.25058419377	1.35765670070464	0.392913879496615	3.45535439583864	0.000549569934848695	0.00862185795987936	3.25997703411164	up	140742
Birc3	1727.45550839993	-1.35685780955361	0.40432424863026	-3.35586553156353	0.00079117026738715	0.0115514326548827	3.10173004212918	down	11796
Spint1	2905.03651168827	1.35618067340257	0.464053509333424	2.92246615126479	0.00347271365132739	0.0362846839847004	2.45933102572334	up	20732
Ripk3	554.443655456733	-1.355297299419	0.38158289859561	-3.55177683383368	0.000382639243452563	0.00645527569320097	3.41721049081449	down	56532
Pdzrn3	145.566285568933	1.35455562886154	0.430189406684424	3.14874240930625	0.00163974662948532	0.0206133683208506	2.78522325312142	up	55983
Fabp3	163.651198673107	1.35312217887881	0.449837488033372	3.00802448634167	0.00262951950178318	0.0296942575150521	2.58012360390152	up	14077
Ctsk	1605.52488055729	-1.35294265205248	0.432749430939166	-3.12638805582316	0.00176967864570749	0.0217008201045407	2.75210558960808	down	13038
Egr2	80.6460337713194	-1.35066449164303	0.48197070150351	-2.80237883221868	0.00507272677412598	0.0481451390129298	2.2947585289077	down	13654
Ociad2	1533.29693789439	1.35005352819484	0.477675079906154	2.82630094176167	0.00470890011291515	0.0454035192749388	2.32708052188895	up	433904
Plpp2	2482.53608657671	-1.34965845254405	0.389963996900309	-3.46098220161868	0.000538208394179383	0.0084839979360075	3.26904953303574	down	50784
Insig1	1967.2276111847	-1.34707011125176	0.328099090532624	-4.10568072305527	4.03125966857008e-05	0.00103436223691115	4.39455922640786	down	231070
Icam2	434.226085410258	-1.34549787126291	0.462032973763109	-2.912125211117	0.00358978705653439	0.0371582929497718	2.44493131267933	down	15896
Ttc12	485.411958045133	1.34359066607882	0.469468950787073	2.86193722465834	0.00421060295340327	0.0418090073684176	2.37565570925079	up	235330
Tmem252	8369.61402149782	1.34172980646421	0.383311377301796	3.50036520154687	0.00046462115514193	0.00753191212406885	3.33290101977849	up	226040
Crebl2	1161.87162945146	1.33948643101063	0.397508591549218	3.36970435227631	0.000752488721467266	0.0111165887396066	3.1235000050248	up	232430
Tnfaip8l1	173.387675714173	-1.33826893868728	0.415006119599786	-3.22469687911553	0.00126106113454853	0.0167400089507925	2.89926385890392	down	66443
S1pr1	1171.62898075123	-1.33664563412137	0.448905198624035	-2.97756773193627	0.00290545439450869	0.0318658439866178	2.53678593707899	down	13609
Mttp	238.856391416818	1.33366310969516	0.382890363723871	3.48314618504466	0.000495557684418546	0.00794765906292451	3.30490578504037	up	17777
Osbpl6	457.697192847102	1.33362944536335	0.472764551970067	2.82091675402895	0.00478866276262121	0.0460393416542918	2.31978574668881	up	99031
Txnrd1	7199.9094041282	-1.33205173729679	0.350642080401899	-3.79889297876062	0.000145343832084698	0.00295537387152488	3.83760339353522	down	50493
Ypel1	208.667498514899	1.33171344240808	0.408621309068857	3.25904061499562	0.0011178966276094	0.0152034707902289	2.95159835399382	up	106369
Scn7a	938.213275924901	1.33052408792348	0.473950892594955	2.80730368633478	0.00499581197730472	0.0475506141916032	2.30139391512489	up	20272
Carns1	344.80078520098	1.32922474462756	0.403806133890426	3.29173985501728	0.000995696692936649	0.0138980345659342	3.00187293531599	up	107239
Amy1	358.280052138997	1.32865964012591	0.329592662274082	4.03121729397308	5.54887125983834e-05	0.00135920145516726	4.2557953511978	up	11722
Ptprj	1880.94167177815	-1.32859078013539	0.452612835833229	-2.93538025206366	0.00333139167215981	0.0351944274540858	2.4773743042473	down	19271
Letm2	331.802797917294	1.32785878360625	0.445239999036334	2.98234387404598	0.00286050504663685	0.0315598331407414	2.54355728169499	up	270035
Pstpip2	266.616439485347	-1.32769164372732	0.468555721886305	-2.83358324679575	0.00460293173563982	0.0446311254737911	2.3369654659174	down	19201
Nxnl2	137.105506040453	-1.32756866245758	0.466706292676781	-2.84454845218253	0.00444744211818182	0.0434909359384629	2.3518896953897	down	75124
Col5a2	14128.4153474218	-1.32596856252189	0.435863309576814	-3.04216604928112	0.00234882284588015	0.0271534245479771	2.62914973756808	down	12832
Klhl14	2133.86095376775	-1.32524041652746	0.353456372322532	-3.74937480351371	0.000177275970762747	0.00345943002715767	3.75135012775148	down	225266
Nuak1	1090.81424806929	-1.32458997808646	0.388677634398693	-3.40793979601033	0.000654553344956233	0.00995283701310728	3.18405495342789	down	77976
Amigo1	724.165262826932	1.32366046424092	0.364086732921449	3.63556357470048	0.000277373576002001	0.00497232559383677	3.55693491436268	up	229715
Tuba1c	3635.78635013285	-1.32095695922549	0.375392424244787	-3.51886951869896	0.000433389803774678	0.00710048803102317	3.36312131040541	down	22146
Atp2a3	1847.1213129757	1.31808134321447	0.338505065642091	3.89383048290364	9.86736163073129e-05	0.00218415087790761	4.00579895496855	up	53313
Aurka	388.906510369188	-1.31805459649813	0.445763228420438	-2.95684909042106	0.00310800190534223	0.0334893488323345	2.50751872362937	down	20878
Flnb	11146.2276549961	-1.31752223013116	0.438947365207807	-3.00154946711531	0.00268609393317316	0.0302136440834356	2.57087880404799	down	286940
Brip1	213.212373964233	-1.31639134785454	0.40366986698132	-3.26105923560416	0.00110996849745157	0.0151249184384306	2.95468934695848	down	237911
Engase	519.128371403393	1.31573870928192	0.336977118940945	3.90453427050786	9.44070140452185e-05	0.0021138939385965	4.02499573824459	up	217364
Ripk4	1231.62713531991	1.31500186736649	0.41591502470456	3.16170801547884	0.00156846748684764	0.0199304056752134	2.80452447947118	up	72388
Gfpt1	7078.80701169133	-1.31233830282823	0.309325293761602	-4.24258322644528	2.20961556556947e-05	0.000622398545897548	4.65568327938043	down	14583
Cenpv	715.691232718073	1.31211508037951	0.439969434722107	2.98228689728929	0.0028610375050542	0.0315598331407414	2.54347644903454	up	73139
Sec61a1	7534.71647223032	-1.31095084039805	0.363635153525622	-3.60512680825199	0.000312000545108169	0.0054896715630476	3.50584464720828	down	53421
Sun2	2630.54593828398	1.31038680062315	0.341724429227639	3.83463015384903	0.000125753370210559	0.00264016818543388	3.90048036695406	up	223697
Serp1	14201.9970595103	-1.30994977435802	0.45150201083216	-2.90131548239102	0.00371599553654256	0.0380878377792213	2.42992481632966	down	28146
Lzts1	107.064506533721	-1.30983666159188	0.469878076088006	-2.78760965503432	0.00530984807124795	0.0498512180592316	2.27491790505085	down	211134
4930412C18Rik	202.398192541592	1.30979428996551	0.418339598572945	3.13093547546903	0.00174250441189256	0.0215182193957354	2.75882611362699	up	320152
Iqank1	292.692981561992	1.30878706626989	0.418453920584793	3.12767308869003	0.00176196038743845	0.0216726549071506	2.7540038596642	up	432964
Sqle	2504.7872405569	-1.30864265319922	0.352988967225119	-3.70731885329616	0.000209465145944562	0.00392756973465282	3.67888823132889	down	20775
Rdh5	213.766908007497	1.3074910434856	0.394145403871553	3.31728095936821	0.000908981586372269	0.0129315698530367	3.0414449143775	up	19682
Hip1r	3170.45728205597	1.30558679975562	0.440225772680444	2.96572095678582	0.00301974339746426	0.0327857854581834	2.52002995962564	up	29816
Fmn1	709.162205082925	-1.30316617705453	0.446651834678415	-2.91763310004715	0.00352699085592323	0.0367940987621052	2.45259566628296	down	14260
Pdgfd	1064.05322573626	1.30201880885402	0.413926442942448	3.14553184763566	0.00165785143851246	0.0207626156347037	2.78045438954268	up	71785
Kcnn2	174.150704684732	1.3011072612962	0.451160774723921	2.88391042437673	0.00392770458516774	0.0397101463066934	2.40586118429044	up	140492
Hspb1	4449.39166286137	1.30108216851251	0.422010383382235	3.08305724158937	0.00204885740727346	0.0243330729985632	2.68848826580046	up	15507
Rrbp1	14059.9389607456	-1.30065992344336	0.323613785360395	-4.01917341683968	5.84026737903376e-05	0.00141155095975969	4.23356726956898	down	81910
Trabd2b	1440.83692897156	-1.29797486042902	0.417945518883055	-3.10560779284776	0.00189888396103862	0.022989032473192	2.72150157376766	down	666048
2900005J15Rik	297.856061333478	1.29795301157809	0.421975267038796	3.07589831197087	0.00209869406577818	0.0247631032979777	2.6780508654805	up	67261
Akap6	659.811983554134	1.29753873230958	0.394781633494707	3.28672517215008	0.00101359702266035	0.0141084800062222	2.99413467381925	up	238161
Cyp2j9	173.465632677609	1.29478441955776	0.409624016763124	3.16090943541161	0.00157277391011931	0.0199470843372238	2.8033337037243	up	74519
Tle2	984.716767027362	1.29470344664252	0.349886276457187	3.70035504036393	0.000215298036707589	0.00401434436353664	3.66695993046889	up	21886
Plekhn1	2121.77727517945	1.29451024081626	0.375604183005811	3.44647450530719	0.000567952151737424	0.00884828379221973	3.24568825075327	up	231002
Smox	3228.85670043283	-1.29121552403904	0.392235799249037	-3.29193695861307	0.00099499912957443	0.0138980032158866	3.00217729917507	down	228608
Ypel3	1692.14760404124	1.29069466912221	0.397750129834037	3.24498868086042	0.00117455292351882	0.0158200564927858	2.93012740981498	up	66090
Sec11c	3056.76949083942	-1.29002578549208	0.410931971191701	-3.13926848220403	0.00169370190875362	0.0210774292773553	2.77116302303433	down	66286
Decr2	1479.63537841569	1.28997463750443	0.324997804541062	3.96917954361579	7.21205263952349e-05	0.00170395399714888	4.14194111209784	up	26378
Triobp	1358.29917871675	-1.28769599875048	0.327582392584606	-3.93090724013165	8.46259198873646e-05	0.00194425619161913	4.07249659748157	down	110253
Rnf32	199.609600801902	1.28726629297456	0.392667524070397	3.27826014138053	0.00104449089135718	0.0144180137682647	2.98109534299872	up	56874
Spry4	435.99407689469	-1.28446403590718	0.412577940125338	-3.11326397023789	0.00185030443479688	0.0225543853956922	2.73275681025914	down	24066
Cebpa	944.558244738445	1.2817714990286	0.403442143221332	3.17708876121404	0.00148761499072814	0.0191464574595454	2.82750945389621	up	12606
Tpm4	2237.42640052169	-1.28035470978154	0.40689598659568	-3.14663882653084	0.0016515883558925	0.0206971461176046	2.78209818767034	down	326618
Phlda3	848.022579830893	1.28005625498238	0.409991708979204	3.12215156294127	0.00179534485552351	0.021988574125125	2.74585211841382	up	27280
Smpd2	1666.7168854052	1.27987005557069	0.29160296557947	4.38908449722845	1.13828838561334e-05	0.000355501691431866	4.94374769539801	up	20598
Ttc39c	781.52361549674	-1.27911701157222	0.36402053031673	-3.51385953550277	0.000441646286108744	0.00721800978474372	3.3549254172802	down	72747
Fcrls	357.707015179896	-1.27826228652423	0.411955110727312	-3.10291644220031	0.00191623735409977	0.0231430527092122	2.7175506981847	down	NA
Kdm1b	2520.8728451051	1.27824531457503	0.392461558386308	3.25699495214466	0.00112598435303874	0.0152791413771476	2.94846764450789	up	218214
P4htm	417.969186278278	1.27254339812869	0.332235227356703	3.83024824987154	0.000128014044409712	0.00267165291943661	3.89274238132835	up	74443
Trp53i11	1888.15090023945	1.27217205700914	0.431229032535844	2.95010762500875	0.00317663251689006	0.0339906481518193	2.4980330228555	up	277414
Car11	404.060101658904	1.26880987935269	0.336548164661482	3.77006922806704	0.000163202270829634	0.00323619741006222	3.78727380267825	up	12348
Rhebl1	185.674719439226	1.26796717313432	0.43524965550639	2.91319512168047	0.00357750984626371	0.037136593990282	2.446419162272	up	69159
Ctsc	3158.51430810907	-1.26722887783254	0.410439259684355	-3.08749430745756	0.00201851637704106	0.0241016160957567	2.69496772263231	down	13032
Magi1	1988.74864391824	1.26489331177254	0.425951464704804	2.96957145727659	0.00298215445658539	0.0325089751759116	2.52546986661557	up	14924
Tgfbr2	8133.03305614497	-1.26371021871622	0.333088575692636	-3.79391642624914	0.000148289603781479	0.00299093097919697	3.82888929521977	down	21813
Bcat1	18276.4296026055	-1.26347142627914	0.395948186527596	-3.19100192719554	0.00141780334517621	0.0183781149567977	2.84838400330501	down	12035
Arl5c	339.686210754474	-1.26164940880532	0.340146571859789	-3.70913457074435	0.000207968878432323	0.00390684393055006	3.68200165030819	down	217151
Disp2	63.8822863763706	-1.25965768772076	0.45064969442198	-2.79520368772566	0.00518670246933019	0.0489248744487833	2.28510866421659	down	214240
Vtcn1	3011.43056984528	-1.25909502324029	0.392787144367972	-3.20554030673861	0.00134809164622583	0.0176230580933694	2.87028058250601	down	242122
Ostc	4730.67254684944	-1.25732321914867	0.440941938582385	-2.85144847684693	0.00435205386942606	0.0429150728870686	2.36130573760912	down	66357
Pwwp2b	973.99304679715	1.2548824792546	0.367301799672591	3.41648878489892	0.000634342766117741	0.00973437974214659	3.1976760083521	up	101631
Tyro3	1441.48502976672	1.25370121384198	0.343131713141578	3.65370254577635	0.000258485705128273	0.00465880277196026	3.58756346941944	up	22174
Me3	887.683403902966	-1.25164806463593	0.420165683299922	-2.97893929557897	0.00289248076262322	0.0318364016978596	2.53872952078222	down	109264
Chd1l	1106.86875434198	1.25151112408274	0.367191801610825	3.40833079222497	0.000653616077405539	0.00995009760486056	3.18467727372987	up	68058
Sh3tc2	667.395307419073	1.25058400576747	0.418718745205779	2.98669218917551	0.00282013513851485	0.0312620733350983	2.54973008015401	up	225608
Dusp4	463.262801847008	1.24927890231627	0.431751579955359	2.89351321527402	0.00380958259190723	0.0388103653654646	2.41912260646668	up	319520
Rab7b	872.834605750725	-1.2470494405977	0.431704261881224	-2.88866603994937	0.00386879716273614	0.0392689047265817	2.41242403931821	down	226421
Foxo1	3426.5294983269	-1.24694299325248	0.39985649133861	-3.11847630403113	0.00181788759192899	0.0222238147935637	2.74043297464224	down	56458
Mgll	2279.99262639861	1.24573296551778	0.351954360919928	3.53947302218877	0.000400926746858922	0.00670043797342487	3.39693496987629	up	23945
Sbno2	3317.01780156736	-1.24572067972639	0.416555594710906	-2.9905268241348	0.00278496667922416	0.0310116512447535	2.55517999658205	down	216161
Endod1	3886.35405315115	-1.24153387941536	0.406934232508056	-3.05094479705827	0.00228122512140461	0.0264945541700379	2.64183185450438	down	71946
Calr3	114.789504767319	1.23960756077868	0.417656817514779	2.9680050912489	0.00299739365758196	0.0326005225103349	2.52325621598378	up	73316
Gm47469	677.061478905031	1.23903474007592	0.422068458246497	2.93562505292044	0.00332876408549881	0.0351852652252513	2.47771698285373	up	NA
Msmo1	2844.688675173	-1.2381014632244	0.362773994633263	-3.4128727018485	0.000642819615574681	0.00983112185265073	3.19191087925489	down	66234
Nrip1	4152.70322930599	-1.23788957392371	0.351153437296267	-3.52520990099068	0.000423147360055788	0.00696694351960056	3.3735083642697	down	268903
Slc39a11	1429.24301083238	-1.23244069217265	0.362101326339862	-3.40357961300563	0.000665090280652119	0.0100787145789799	3.17711939871523	down	69806
Sec24d	5023.46115231471	-1.2311534454559	0.336806978571878	-3.6553679816143	0.000256813341100057	0.00464962415027893	3.5903824190158	down	69608
Hspa4	13110.1289839323	-1.22851041036821	0.415252259790722	-2.95846772992242	0.00309172610897342	0.0333823972889681	2.50979898649695	down	15525
Fmo1	1969.98923427425	1.2277247830188	0.42581192105983	2.88325601585563	0.00393587414058306	0.0397525277018566	2.40495879767063	up	14261
Qsox1	6992.2804874989	-1.22753874707181	0.411098498255022	-2.98599667058456	0.00282655720546899	0.0312657583967428	2.5487422206167	down	104009
Aplp2	13869.8466892208	1.22683965920381	0.35702943102816	3.43624237271084	0.000589843035787339	0.00910407922727208	3.22926354388473	up	11804
Ppfibp1	6953.0934748121	-1.22454875390791	0.386528291646224	-3.16807017849214	0.00153454473107574	0.019621486609024	2.81402044761911	down	67533
Myzap	1090.64486712937	1.22402805010141	0.389185703023259	3.14510024544312	0.00166029927976193	0.0207672478121912	2.77981362049369	up	102371
Rasl12	722.549754333351	1.2238679673518	0.392753843502157	3.11611964491209	0.00183247906907891	0.0223611670529605	2.73696097725188	up	70784
Ldha	19131.1622830732	-1.22152760090698	0.414582000486527	-2.94640770576985	0.00321488343929849	0.0342683132060721	2.49283476849004	down	16828
Tbc1d8b	1880.11304794151	-1.21980727908201	0.309742467366888	-3.93813379692993	8.21178029078934e-05	0.00190193585692117	4.08556267885506	down	245638
Cd1d1	296.456863343748	1.2197707175433	0.414492643208901	2.94280426330401	0.00325253993633531	0.0345807277912075	2.48777736224568	up	12479
Adamts12	1150.62375186318	-1.2187177669009	0.420578691864624	-2.89771638572023	0.00375890337343868	0.0384311819070549	2.42493883813874	down	239337
Echdc2	1300.63962602022	1.21808719400682	0.325242863871854	3.74516193685573	0.000180277454616447	0.00350295009167546	3.74405858247279	up	52430
Tbkbp1	698.650183442678	1.21794592569738	0.412546598964618	2.95226267469929	0.00315454456480416	0.0338085987996277	2.50106333286037	up	73174
Lnx2	1770.36509092625	-1.21372928369345	0.313003604385057	-3.8776846869799	0.000105455268512743	0.00230869650277405	3.9769317181639	down	140887
Ascc3	2867.37090681193	-1.2107473944684	0.385963424691408	-3.13694852157671	0.00170716098429922	0.0211942445678092	2.76772552323426	down	77987
Sh3tc1	704.327445395609	-1.20939358903452	0.34747149114017	-3.48055486528144	0.000500376329599386	0.00801404012502607	3.30070324287853	down	231147
Shroom1	311.974916299561	1.20912411117709	0.410003444435969	2.94905842276632	0.00318743714291868	0.0340515732830884	2.49655837087257	up	71774
Tk2	1094.99817412684	1.20909963397341	0.356061421630134	3.39576140666367	0.000684379882523948	0.0103162783498406	3.16470276511172	up	57813
Tspan7	1148.12305521542	1.20886017202453	0.377933573623534	3.19860487766218	0.0013809429341877	0.0179676792960476	2.85982426774972	up	21912
Fndc3a	6855.37444238583	-1.20754583393722	0.376772892616892	-3.20497004322726	0.00135076538279782	0.0176349434822749	2.86942007792449	down	319448
Lca5l	207.087304553379	1.20450419569502	0.393508003950935	3.06093950720556	0.00220643667724037	0.0257456253967779	2.65630853190122	up	385668
Pdia4	7017.99241758234	-1.20365746014712	0.348201902523832	-3.45678025140813	0.000546670440921415	0.00859704860199625	3.26227440825913	down	12304
Dnajb11	3981.39440573846	-1.19935425634955	0.411402928598746	-2.91527884945933	0.0035537086660357	0.0369955879253758	2.44931817864642	down	67838
Cdc42ep2	748.99710379764	-1.19856855611128	0.423104705133338	-2.8327942033487	0.00461430824945918	0.0447071222928697	2.33589339668801	down	104252
Sirt5	442.134506474445	1.19536139378328	0.365881661084103	3.2670710804183	0.0010866639282205	0.0148972829885263	2.96390474909365	up	68346
Clint1	7806.87848756637	-1.1934324872769	0.377718946035957	-3.1595780402376	0.00157997780434378	0.0200003776777856	2.8013490140068	down	216705
St6gal2	132.198510654513	1.18995209748235	0.41503863466587	2.8670875385862	0.00414268407913515	0.0413399747247895	2.38271818471274	up	240119
Zfp667	592.480608924872	1.18869798933986	0.347487616435553	3.42083554381952	0.000624290708670705	0.00959870975762311	3.20461312863281	up	384763
Krt18	11787.8960644821	1.18684207748179	0.341232097387594	3.47810796981883	0.000504966481894244	0.00805528335203684	3.29673744804268	up	16668
Raver2	747.558486228732	1.18203727493908	0.407563183945243	2.90025527697784	0.00372858863647403	0.0381798307714359	2.42845552834803	up	242570
Pgk1	7310.5922686099	-1.18186592465266	0.328853669032221	-3.59389611838834	0.000325769763791528	0.00568688737001316	3.48708922704982	down	18655
Morf4l2	15343.0602009033	-1.17872791848583	0.320864904127463	-3.67359565762163	0.000239161085554337	0.0043576588678761	3.62130948398082	down	56397
Edem1	3435.83342595034	-1.17632667914419	0.318516953051706	-3.69313679499263	0.000221504791200708	0.00409947941344422	3.65461687544757	down	192193
Bmp4	616.923914506015	1.16919225535677	0.413373149306652	2.82841848174669	0.00467786128935891	0.0451914410109744	2.32995266028641	up	12159
Gm32856	312.490358394447	-1.16888516649	0.361676974307874	-3.23184844356443	0.001229922698151	0.016421843897231	2.91012218353739	down	102635552
Anxa2	20283.5895530071	-1.16712569537585	0.360499827373847	-3.23752081624581	0.00120573142926453	0.016144400076831	2.91874941837979	down	12306
Hacd2	2040.8193675501	1.16520814834464	0.390153100109345	2.98654079134082	0.00282153193398626	0.0312620733350983	2.54951503003844	up	70757
Fam174b	1293.31330658066	1.16459582080251	0.391135132468038	2.97747689770025	0.00290631546866141	0.0318658439866178	2.53665724658898	up	100038347
Tagln2	5814.03140599518	-1.16430946692513	0.393569281867239	-2.95833420078216	0.00309306582845552	0.0333823972889681	2.50961083698655	down	21346
Stim2	1523.85586878195	-1.16425265909464	0.389620182943256	-2.9881733802897	0.00280650294861967	0.0311473519916768	2.55183449715763	down	116873
Slc39a1	5359.72447657278	-1.16384663895529	0.314895877816144	-3.6959729261201	0.000219046316293064	0.00406527183850118	3.65946404596468	down	30791
Dhrs3	3675.02621841605	1.16145067069494	0.307077023714679	3.78227799867601	0.000155399668654904	0.0031030255515227	3.80854991154218	up	20148
AC149090.1	6817.38081309205	1.15973273762862	0.327110318845082	3.54538720063388	0.000392036740145984	0.00659043764679388	3.40667323069645	up	NA
Serinc2	3078.63905116416	-1.15396766786141	0.385815402192624	-2.99098392988799	0.00278080126957676	0.0309998080180146	2.55583004695393	down	230779
Ankrd24	863.505194228707	1.15376858274538	0.358387690814895	3.21933094331997	0.0012849009987553	0.0170083451411397	2.89113033330594	up	70615
Rpn1	10117.6645438535	-1.15060007205418	0.301872105905376	-3.81154816740451	0.000138099137854038	0.00283984111875155	3.85980903269148	down	103963
Mapk6	3462.5401152449	-1.1472487871451	0.339705677440547	-3.37718461401307	0.000732318807850893	0.010915427540137	3.13529981190853	down	50772
D930048N14Rik	599.708790036415	1.14161250243289	0.406469951799439	2.80860244989568	0.00497570479864172	0.0474342721703139	2.30314539361546	up	97775
Sfi1	2045.04205460256	1.14131996905258	0.340319446246399	3.35367250282324	0.000797466881060328	0.011634867166886	3.0982873442224	up	78887
Crip2	3032.90159689713	1.13982290691065	0.343653477063714	3.31677978831951	0.000910613594046577	0.0129416397275828	3.04066587063737	up	68337
Tfdp2	1547.12606022802	1.13911072109512	0.367956807073402	3.09577292551047	0.00196300626469011	0.0235372340843587	2.70707831440101	up	211586
Abtb1	918.389352316651	1.13597541909294	0.378940741636563	2.99776533446076	0.00271966998751645	0.0304883700002686	2.56548379129514	up	80283
Acot9	1996.09598055026	-1.13371818175742	0.332447299235237	-3.41021925690306	0.000649106733950022	0.00989652585674526	3.18768388539643	down	56360
Rora	1541.03787930656	1.13346129914165	0.335154768575804	3.38190413926721	0.000719852598723437	0.0107456413318029	3.14275642317247	up	19883
Umps	1405.62833869882	-1.13325087218083	0.347857818684182	-3.25779905269199	0.00112279883281632	0.0152549470892333	2.94969804749974	down	22247
Fes	1008.89561720776	-1.13020724139336	0.392097658361089	-2.88246363448704	0.00394578678597844	0.0398183754431018	2.40386638592994	down	14159
Samd5	401.444916596738	-1.12902156752168	0.384439878226729	-2.936796184437	0.00331621976073943	0.0351083689500317	2.47935669714648	down	320825
Litaf	3732.23401863848	-1.12764394825349	0.376478161312506	-2.99524398526123	0.00274225395173221	0.0306727319458441	2.56189232900347	down	56722
Acat2	1634.66406862862	-1.12603137386864	0.358057278308557	-3.14483587427116	0.00166180030849427	0.0207676584155312	2.77942116474535	down	110460
Fam210b	1026.05861947019	1.12576790743428	0.350482584655566	3.21205091699668	0.00131791015390991	0.0173578399012982	2.88011419595685	up	67017
Amt	695.343450683584	1.12520672242476	0.335009668017784	3.35872910499118	0.000783017845156942	0.0114575114853565	3.10622834015805	up	434437
A130010J15Rik	184.248089813282	1.12238825346467	0.361302548059611	3.10650522530909	0.00189312962718673	0.0229471649413028	2.72281964781936	up	319266
Dolpp1	906.553146442469	-1.12103720636063	0.35448342296878	-3.16245311832074	0.00156445923839353	0.0199047811947867	2.8056357478079	down	57170
Ugdh	6097.75478978967	1.11910635647531	0.357951491133832	3.12641903775978	0.00176949219466406	0.0217008201045407	2.75215134872118	up	22235
Txndc16	1063.93479469428	1.1142025640967	0.319011770985953	3.49266912833058	0.00047821865190583	0.00772102941380754	3.32037348915331	up	70561
Slc48a1	1993.91045241729	1.11115791378608	0.354970862935106	3.13027921390047	0.00174640223053422	0.0215475850518013	2.75785572261037	up	67739
Megf9	898.191697991464	1.11043501571266	0.333198073435292	3.33265737182695	0.000860208059481172	0.0123696681243954	3.065396492761	up	230316
Uso1	6472.52607373292	-1.11027562112711	0.379733583681063	-2.92382783309371	0.00345755925138637	0.0361452376133424	2.46123036875165	down	56041
Def6	336.293185086464	1.10916423481102	0.358150735036381	3.0969201688176	0.00195542526279055	0.0234744985901847	2.70875877831984	up	23853
Epha1	717.772149393002	1.10863826250019	0.384925379736619	2.88013812770352	0.00397500978902433	0.040054634637147	2.40066179749455	up	13835
Tle6	247.07477481112	1.10624324697355	0.377646851340894	2.92930615744751	0.0033971963031729	0.0357573247539863	2.46887935718602	up	114606
Bdh1	1430.23294765659	1.10563530927868	0.33138999833801	3.33635690522849	0.000848841138461783	0.0122238016394626	3.07117358083386	up	71911
Ubxn11	217.845381667787	1.09724578051729	0.364585735268187	3.00956859902971	0.00261618991889979	0.0295604319383658	2.5823307321611	up	67586
Surf4	10838.6880427641	-1.09384918055767	0.316087928854694	-3.46058511162098	0.000539002816483431	0.00848418431946979	3.26840896546258	down	20932
Slc35e1	2266.77578811359	-1.0935692047627	0.352467239959704	-3.10261233040472	0.00191820734839039	0.0231523553080572	2.71710444961863	down	270066
Tpm3	6077.2427240904	-1.09174509401357	0.374248290598524	-2.91716788410062	0.00353225594254819	0.0368298027019579	2.45194783555619	down	59069
Dnajc3	6271.88945624844	-1.0915143490547	0.298950579379616	-3.65115314818861	0.000261065499695449	0.00469260540279913	3.58325051723061	down	100037258
Cacna1d	646.809502079876	1.09151397499683	0.381479725475147	2.86126339646835	0.00421956327198245	0.0418771751143918	2.3747324965225	up	12289
Ddx39	2160.36494250765	-1.08971957563611	0.348495537348888	-3.12692548067025	0.00176644695186047	0.0217008201045407	2.75289940032379	down	NA
Esr1	16866.9323093296	-1.08505673989337	0.373425462491504	-2.90568493282126	0.00366450230612054	0.0377362555871908	2.43598500066344	down	13982
Fbxl22	2501.93775798424	1.08421940291174	0.356382757512185	3.04228916819767	0.0023478622630553	0.0271534245479771	2.62932738448985	up	74165
Reep4	1088.38897392409	1.08374726794124	0.330681004600898	3.27731938896589	0.0010479775230198	0.0144461894690482	2.97964803198316	up	72549
Gltp	2612.42894645751	1.08145263465133	0.380300111053099	2.8436821426548	0.00445955119381209	0.0435880240889565	2.35070884618887	up	56356
Tax1bp3	2075.31623786921	-1.07968307722461	0.350468963644352	-3.08068099953138	0.00206527785810833	0.0245135236507538	2.6850215110171	down	76281
Gm13446	178.461630172958	1.07848914917042	0.371742592522063	2.90117186156552	0.00371769919487997	0.0380878377792213	2.42972575261917	up	100042194
Itgav	6055.48806519057	-1.07669630416185	0.348591760059307	-3.08870268183812	0.00201032514549449	0.0240325233302296	2.69673369507998	down	16410
Gsn	25105.3739149034	1.07628356978656	0.34613503429472	3.1094326293193	0.00187447027237613	0.0227900923383541	2.72712144275664	up	227753
Rgs3	2890.34519477199	-1.07466600373565	0.359395605072027	-2.99020352104829	0.00278791624209744	0.031027210382541	2.55472027797048	down	50780
Tspan5	1171.55655291995	1.06957912062828	0.374871112499293	2.8531916303108	0.00432825124619878	0.0427436195202674	2.36368753725668	up	56224
Hoxa10	6960.84029263194	1.06806206215608	0.3804327953862	2.80749208561746	0.00499289067133231	0.0475454496134303	2.30164794352969	up	15395
Zfp185	297.479466590565	1.06720588570171	0.371781146755802	2.87052179760662	0.0040979494208057	0.0410164311582695	2.38743340620826	up	22673
Dact2	545.173025965877	1.06682803674478	0.369594631561148	2.88648141949075	0.0038957574913144	0.0394312839551849	2.40940808553623	up	240025
Mfap3l	1650.37403506574	1.06613560153549	0.347207185834259	3.07060350428466	0.0021362662831398	0.025102698687477	2.6703446139607	up	71306
Myorg	347.540365657316	1.06442762128387	0.37364221269783	2.84878845352703	0.00438860504259175	0.0430980297035801	2.35767350221294	up	329828
Phldb2	3771.03062051388	1.06323018483177	0.341992255080908	3.10893059429147	0.0018776582077358	0.0228149740159411	2.7263834599952	up	208177
Cap2	2472.58549070634	1.06302191923701	0.322834260764815	3.29277913911196	0.000992023687758043	0.0138661324971383	3.00347795754362	up	67252
Lrrc28	437.758867549924	1.06260982817866	0.373017487338242	2.84868635988401	0.00439001343188359	0.0430980297035801	2.35753415096881	up	67867
Bzw1	12100.4707181551	-1.06251771613613	0.341669541960107	-3.10978177931994	0.00187225609302232	0.02277702665084	2.72763474738231	down	66882
Dcaf4	604.801123589836	1.0601549339391	0.365135406707067	2.90345694902608	0.00369067708575479	0.0379081467574855	2.43289395155583	up	73828
Plscr4	1713.7702969431	-1.05931090296137	0.359597150419323	-2.94582674452818	0.00322092758075222	0.0342993609398377	2.49201903973581	down	235527
Map2k1	3991.92069728108	-1.05829653325789	0.361748816686986	-2.92550102292003	0.00343902045423567	0.0360646069460979	2.46356524112033	down	26395
Kcnk5	811.758018241632	-1.05546285484678	0.355719153327616	-2.96712404989535	0.00300599650913082	0.0326542707741885	2.52201152809578	down	16529
Cfap410	563.493065823997	1.0544335098359	0.336590595420663	3.13268856641134	0.00173213124599302	0.0214509537452965	2.76141920397512	up	67884
P2rx6	862.711122879303	1.05318585420473	0.374848040870217	2.80963414337111	0.00495978453035079	0.0473601931693516	2.30453719030664	up	18440
Man1a	5177.4603437245	-1.05299291062264	0.327573059924233	-3.21452841960263	0.0013065898026294	0.0172403266711452	2.88386073561434	down	17155
Rxra	3248.40405769908	1.04734254088748	0.361533323656607	2.89694606929864	0.00376814526035747	0.0384666432400537	2.42387236369346	up	20181
Zfp219	2368.9932440876	1.0441752902507	0.366402730898881	2.84980214991593	0.00437464323162937	0.0430617029253654	2.35905735952226	up	69890
Slc9a9	391.957491716485	-1.04306199321266	0.338235759294635	-3.08383121698277	0.00204353495163115	0.0243038807381113	2.68961792992658	down	331004
Htr2a	372.702255720402	-1.0415607931681	0.369345247192278	-2.82001948335853	0.00480207337341205	0.0461239032137242	2.31857120841383	down	15558
Ppp1r12a	19495.4818631973	1.04105930589572	0.323608651186907	3.2170317513991	0.00129524263517301	0.0171225593861364	2.88764886845818	up	17931
Fbxo28	3157.08981260912	-1.0347888072563	0.345136393547891	-2.99820252688801	0.00271577134538222	0.0304617495238495	2.56610679831609	down	67948
Srxn1	2129.78364624737	-1.03309890013495	0.312532863029734	-3.30556886120698	0.000947838101177509	0.0133418225115043	3.02326583752461	down	76650
Bcl6	1046.837084477	-1.03139059254718	0.365288292354356	-2.82349753368679	0.00475027914193273	0.0457142895950657	2.32328086906165	down	12053
Clec14a	1143.2426196485	-1.03137265110462	0.334456006746011	-3.08373188192686	0.00204421734627452	0.0243038807381113	2.68947293081252	down	66864
Spry2	1226.25931054597	-1.0309761325902	0.348609921759665	-2.95739182461068	0.00310253590188238	0.0334665340565704	2.50828318423723	down	24064
a	538.155596974035	-1.03091270590637	0.354886921962568	-2.9049047516468	0.00367364875719713	0.0377991704782675	2.43490236956077	down	50518
Sspn	1362.92114472911	1.02389503639957	0.348697605168321	2.9363408902832	0.00332109142213456	0.035139182699995	2.47871916909235	up	16651
Plxdc2	1369.52468432086	1.02336574072438	0.34984140128406	2.92522765163933	0.00344204318694163	0.0360773776720447	2.46318368492863	up	67448
Ppp1r15b	5134.83122212857	-1.02261520335929	0.360059245633375	-2.84013038343292	0.00450950981457824	0.0439688205725804	2.34587066353084	down	108954
Acsl3	2581.13366917942	-1.02140800824924	0.34090188043378	-2.99619352920421	0.00273372876164948	0.0305944963537792	2.5632445779769	down	74205
Cnot8	3448.30630019566	-1.01852475695322	0.283633073822737	-3.59099431961794	0.000329418816449136	0.00574056085717988	3.48225159749585	down	69125
Ssr3	17609.1584610425	-1.01611662274914	0.322594780398891	-3.14982350766092	0.00163369123028569	0.0205501701138769	2.78683002225559	down	67437
Gata6	809.803387980246	1.01147144398572	0.339220099892528	2.98175563389721	0.00286600661756284	0.0315972091957232	2.54272281115859	up	14465
Foxn2	1862.49092209787	-1.00862672759747	0.350486606149505	-2.87778964987674	0.00400472076234907	0.0402445241819172	2.39742776062813	down	14236
Acbd4	1734.80937918305	1.00275955170295	0.30315781285172	3.30771469245761	0.000940605831449712	0.0132614190967855	3.0265923330973	up	67131
Camk2d	3656.21251443811	1.00115872357389	0.341596161343876	2.93082545083418	0.00338062674449719	0.0356580302738838	2.4710027771058	up	108058
