geneID	baseMean	log2FoldChange	lfcSE	stat	pvalue	padj	-log10(P.Value)	trend	ENTREZID
Gm5067	34.8500518430837	-3.46108520544607	0.608946944540133	-5.68372209841667	1.31794374496124e-08	1.36631038861604e-06	7.88010312674832	down	118568782
Ifitm1	64.3656823156396	-3.40940293387041	0.543863098610799	-6.26886240779916	3.63695316544439e-10	5.51061987662123e-08	9.4392622914996	down	68713
Ly6g6e	56.358544240859	-3.06118768066551	0.506854893601043	-6.03957408582316	1.54521553635469e-09	2.07951459790044e-07	8.81101093389559	down	70274
Upp1	984.490226928989	-2.79075054495544	0.190453850566058	-14.6531589498501	1.28595193803499e-48	2.78627206414041e-44	47.8907752626997	down	22271
Bhlhe40	301.513177853235	2.76274929405871	0.23905129464766	11.5571400612189	6.79337765852617e-31	3.67980284318216e-27	30.1679142413706	up	20893
Gm2832	236.112163731213	-2.74939780080262	0.265193522435035	-10.3675149210183	3.48469066607446e-25	6.29189938848628e-22	24.4578357679188	down	100040545
H2-Ab1	120.138175774162	2.70286352559354	0.397391217206473	6.80151802194764	1.03522445590496e-11	2.22081270159334e-09	10.984965476881	up	14961
Zic2	53.0416120583814	-2.5602827684282	0.622216946789561	-4.11477505014679	3.87557181459171e-05	0.00114872796862871	4.41166421119617	down	22772
Gm21671	182.186192647507	-2.53512848267901	0.333120381136485	-7.61024730468329	2.7357194706103e-14	1.02197989258127e-11	13.5629284386085	down	NA
Nr2e1	709.24736989139	-2.51905782088236	0.214850503345725	-11.7247005785639	9.52371882484335e-32	6.87834719259603e-28	31.021193435046	down	21907
D930019O06Rik	89.7400901151698	-2.51294883436456	0.35906518918542	-6.99858663566209	2.58557461006414e-12	6.66924346145948e-10	11.5874429255881	down	425051
Gm21680	161.274032168451	-2.47009780614659	0.422688818763083	-5.84377370893047	5.10313398329466e-09	6.12848712835114e-07	8.29216302907289	down	100862368
Pou3f2	74.4374262330914	-2.4663974821008	0.365517393075278	-6.74768842420818	1.50219092774476e-11	3.1296125799467e-09	10.8232748652038	down	18992
Dnase2a	28.2788121040211	2.46269576707163	0.709712522192746	3.46999058078167	0.000520476616995678	0.00893556279890872	3.283598776889	up	13423
Gm10471	98.1664269920699	-2.42965114227894	0.309633134461111	-7.84687060868836	4.2654693037429e-15	2.05377607564883e-12	14.3700331790772	down	NA
Irx2	67.9725554214726	-2.4237888180985	0.387951669823178	-6.24765661971044	4.16656410689324e-10	6.18335236329149e-08	9.38022193171765	down	16372
Speer4a	259.266007286264	-2.42336666059679	0.303278006777362	-7.99057830255326	1.34307228662149e-15	7.09764566688481e-13	14.8719006121742	down	NA
Bgn	63.0187283579158	2.40582292654359	0.487185964603442	4.93820245519976	7.88459647055056e-07	4.71921413611654e-05	6.10322052872667	up	12111
Gm1979	114.94299159167	-2.33944765743292	0.363366752107152	-6.43825458401611	1.20855171361098e-10	2.04575702959446e-08	9.91773476151171	down	100038949
Hspa1a	131.880847412669	-2.30556313463783	0.372899501519556	-6.18280025916559	6.29743756360476e-10	8.8030051413306e-08	9.20083612965221	down	193740
Gm26902	30.153998816661	2.30499348569702	0.632017923241182	3.64703816289941	0.00026528053650032	0.0053270003562117	3.57629461281674	up	NA
Gm28876	148.010845992309	-2.28652862220152	0.279012400808107	-8.19507884086523	2.50428964262358e-16	1.59589540255074e-13	15.6013154426667	down	102632344
Cxcl12	478.063370139601	-2.27377887071381	0.208490447435522	-10.9059139096385	1.08002477560212e-27	2.9251121016214e-24	26.9665662817502	down	20315
Phlda2	144.941937182646	-2.25290862486339	0.294001087322599	-7.6629261659544	1.81743840047723e-14	7.03186389698929e-12	13.7405403000212	down	22113
Gm18962	46.4013768188487	-2.24729341335881	0.517055645651836	-4.34632796732298	1.38435532578453e-05	0.000512732082799544	4.85875242417011	down	100418040
Gdpd2	46.2350371581944	2.23288549466065	0.51193409774621	4.36166589506527	1.29075871397178e-05	0.000485535921104628	4.88915493432871	up	71584
Six4	1324.02247904748	-2.22418717718033	0.226733755788474	-9.80968700247409	1.02285330637265e-22	1.30365662289272e-19	21.9901866466408	down	20474
Nkx1-1	54.8196375100945	-2.21495264949933	0.490117408054259	-4.51922868500546	6.20653274876284e-06	0.00026419832036826	5.20715094871356	down	672284
Eddm3b	33.3861347001282	2.21070073659266	0.542172862214834	4.07748319892241	4.55258184425895e-05	0.00130823329999415	4.34174223791294	up	219026
Gm34922	58.9199204760733	2.21041761358803	0.406473382608103	5.43803778590636	5.38705516023208e-08	4.6876033797891e-06	7.26864857751479	up	102638332
Ighm	352.297348965318	-2.18020639455334	0.276195828391575	-7.89369776962149	2.93362095037869e-15	1.4782038402757e-12	14.5325960015335	down	16019
Mir9-3hg	171.582432757867	2.16600365839292	0.308634124969729	7.01803035748351	2.25017663069202e-12	5.94568012892731e-10	11.6477833900113	up	101694
Lcn2	133.850643804532	2.15440928944082	0.503910505014115	4.27538078290404	1.90810885454353e-05	0.000663611469524792	4.71939685312297	up	16819
Cthrc1	467.976492373062	-2.14651971631766	0.236935840511861	-9.05949775973302	1.31052578688576e-19	1.29068919202063e-16	18.8825544291302	down	68588
Tmem63c	2682.89983592011	-2.14545268069851	0.193724229564305	-11.0747772001661	1.66293259457347e-28	7.20615210532467e-25	27.7791253541467	down	217733
Onecut2	2564.05778953652	-2.13751847624522	0.20311164000169	-10.5238600615279	6.70683240909756e-26	1.32106307098106e-22	25.1734825457115	down	225631
4930588K23Rik	59.3902340055541	2.1367765649112	0.476854737669965	4.48098004719852	7.43010582413349e-06	0.000304901710021781	5.12900500070646	up	619305
5031434O11Rik	241.608249343124	-2.13231064040334	0.264893529375117	-8.0496894183616	8.30044019481288e-16	4.61142660771822e-13	15.0808988752012	down	100039684
A530010F05Rik	68.7742998538227	-2.13105094438902	0.364827766760006	-5.84125206070425	5.18099439301064e-09	6.13424073843505e-07	8.28558687771594	down	214394
Cygb	48.0784495073344	2.13015690048902	0.538294824165588	3.95723087954817	7.58236368014127e-05	0.00196046627515061	4.12019538892955	up	114886
Six2	46.2785760262391	-2.11271483054812	0.509638725656383	-4.1455147032382	3.39051242248101e-05	0.00103513103208341	4.46973466007474	down	20472
Gm44531	29.199269462797	2.11259344622901	0.551034869084982	3.83386526833967	0.000126145252952359	0.00293907521203574	3.89912908803492	up	NA
Cdkn1a	997.7907935101	2.11142675110699	0.192322657919265	10.9785647408916	4.84561088866564e-28	1.74983085207864e-24	27.3146514634322	up	12575
Gm13284	29.2891804357147	2.11096198343688	0.55745575418297	3.78677943064879	0.000152612456299081	0.00342658454987792	3.8164100176185	up	668147
Gm48903	60.6236823629782	2.09771058823608	0.388523113422572	5.39919123409919	6.6941988127667e-08	5.67087017206599e-06	7.17430139356095	up	NA
Colca2	42.2522528364262	2.0847028999473	0.476310845796914	4.37676974678035	1.20451099027318e-05	0.000457060238638337	4.91918923303117	up	NA
Gm42503	35.9697698272007	-2.08093417583213	0.545433551521606	-3.81519283151342	0.000136076629807573	0.00312327578182276	3.86621645537799	down	NA
Gm11917	35.3228035873822	2.07929705270717	0.507325137297569	4.09854923369896	4.15747811430586e-05	0.00121519815515057	4.38117002830477	up	102634169
Kit	3009.17116540316	2.07541673559365	0.192028024704076	10.8078846240905	3.15869904587203e-27	7.60439246965659e-24	26.5004917507784	up	16590
Hes5	39.5741431087254	-2.0684106772133	0.527600913447035	-3.92040768788575	8.83992935409597e-05	0.0022142745585572	4.05355120571644	down	15208
Dio3	37.9016369782439	-2.06604580758013	0.576188936849649	-3.58570891498955	0.000336163760962966	0.00638357599367623	3.47344910607233	down	107585
Perp	54.2152178920802	2.05854855109665	0.441347002707238	4.66424046944793	3.09758990606112e-06	0.000149477684843265	5.50897607957996	up	64058
C3	1929.23080107742	2.05152091760224	0.369285714362275	5.55537579119473	2.7701514000504e-08	2.67950314218268e-06	7.55749649432559	up	12266
Lbhd2	30.8559507331629	-2.05136767384184	0.538590858554009	-3.80876808668695	0.000139660870327892	0.00318194750514662	3.85492525588355	down	380787
Oasl2	2775.86400288466	-2.02653179586498	0.247597343393997	-8.18478812448406	2.72783148500656e-16	1.68868356530392e-13	15.5641824622385	down	23962
Cgref1	56.5447187670016	2.02022138734263	0.618492931808869	3.2663613170715	0.00108939153091329	0.0156940467422197	2.96281600531763	up	68567
Gm28648	35.6132515538163	2.01741545910211	0.656795111077444	3.07160547494427	0.00212910927807533	0.0251961723667778	2.67180204751088	up	NA
Aqp5	35.2347847644065	-2.00641661949643	0.595622585741494	-3.36860399106362	0.000755498910966654	0.0119484634335142	3.12176615734946	down	11830
Irs4	409.589405931025	-1.99992575298513	0.259213494692452	-7.7153612521523	1.20640036679653e-14	5.33450545864907e-12	13.9185085394305	down	16370
Gm5862	111.912643432016	-1.99377313719477	0.292262234497601	-6.82186373009179	8.98668937509972e-12	2.00736699680707e-09	11.0464002694378	down	545739
Gm43930	46.3498136341169	-1.99363448027498	0.490258506303319	-4.06649645981163	4.7725209906948e-05	0.00135348445425896	4.32125215279854	down	NA
Foxa1	36.8804496382851	-1.98141527869423	0.449303632172244	-4.40996942115669	1.03385217002708e-05	0.000402886240431236	4.98554155634011	down	15375
Fbxo40	678.868906016691	-1.96772885747304	0.192889151666089	-10.2013453865948	1.9554470834359e-24	3.25912861206197e-21	23.7087539320426	down	207215
Gm7347	93.0284054422408	-1.95339256082415	0.431829852412646	-4.52352367468457	6.08185130656055e-06	0.000259912174081356	5.2159642020034	down	664804
Rin2	6732.62412930849	-1.94970248678068	0.161892832410756	-12.0431674321064	2.10707045965091e-33	2.28269478246281e-29	32.6763209415035	down	74030
Gm21698	74.4148602750661	-1.94706255116932	0.422284446190187	-4.61078443389414	4.01152352046685e-06	0.000185325543961525	5.39669065708756	down	100862388
Pxt1	207.733287635515	-1.94362199362306	0.246214709037456	-7.89401251136212	2.92622813999356e-15	1.4782038402757e-12	14.5336918176236	down	69307
Clec2d	28.9895070789002	1.93765589571085	0.529479707370208	3.65954703974341	0.000252661461676452	0.0051258575750409	3.59746099574386	up	93694
Gm48843	38.4678567697525	1.93029817412881	0.577885399089838	3.34027850014727	0.000836944137804302	0.0129436606950791	3.077303528211	up	NA
Adam7	145.498117908104	1.92409259876476	0.533325063639031	3.60772956297258	0.00030888820285635	0.00592797226863467	3.51019867807675	up	11500
A630050E04Rik	33.3781550510921	-1.91303061195532	0.628958405975375	-3.04158525234849	0.00235335912095888	0.0270648790200722	2.62831179473212	down	228036
Gm43582	35.8720947988674	-1.91227530956581	0.470160328753266	-4.06728341933193	4.75643804952346e-05	0.00135069126106192	4.32271815537162	down	NA
Ptch1	7241.93595936345	-1.90983293245265	0.207818066674305	-9.1899273389246	3.93106808879466e-20	4.25872261399569e-17	19.4054894338366	down	19206
Gpr50	111.92142395486	1.9090715522449	0.336147387787439	5.67926933721137	1.35271332388099e-08	1.39567807564425e-06	7.8687942322629	up	14765
Gm47792	50.4781836648696	-1.90136244080105	0.59179293715826	-3.21288464497604	0.00131409057004548	0.0180288472059356	2.88137470120284	down	115488144
Azgp1	72.7183804756662	1.89757014185969	0.602886983491755	3.1474724016589	0.00164688651919158	0.0208683219795622	2.78333632541243	up	12007
Sntg2	3692.29282390526	-1.89640956988645	0.173878246101316	-10.9065372604544	1.07264691282256e-27	2.9251121016214e-24	26.9695432128415	down	268534
Ifitm3	113.37116881469	1.88842538035115	0.432477408179094	4.36652954498175	1.26236219372994e-05	0.000476508739573981	4.89881602055127	up	66141
Gm31562	28.2271883474174	1.88086695164109	0.595874234003201	3.15648310383392	0.00159684138521335	0.0204946510945763	2.79673822033471	up	102633831
Serpina16	56.8163039191179	1.87908249349722	0.513519385172961	3.65922406778143	0.000252980074988353	0.00512752037864607	3.59691368302724	up	194604
C330024C12Rik	57.8555530443937	-1.87128427879884	0.385802470781699	-4.85036882995412	1.23232106902183e-06	6.84633348781947e-05	5.90927612631262	down	399626
Tmem238	52.5638774033064	1.86924356107277	0.410649425486326	4.55192055573693	5.31584097903324e-06	0.000232851240649365	5.27442801925702	up	664968
Chga	310.296431651813	1.86731289142883	0.259927150241328	7.18398555016332	6.77080236211282e-13	2.00962979150546e-10	12.1693598629559	up	12652
Cd70	78.9642975050466	-1.86023222624747	0.459097318780633	-4.05193441597147	5.07959054335481e-05	0.00142379674389222	4.29417129400121	down	21948
Fbxo32	2931.65160749273	-1.8501297780689	0.22930191172404	-8.06853185025115	7.11485094304194e-16	4.05677566797078e-13	15.1478341940045	down	67731
Fut4	149.226664841707	-1.84812293443014	0.334781069042248	-5.52039259483011	3.38243089735244e-08	3.17260304125261e-06	7.4707710672226	down	14345
Pilrb1	44.786319361498	1.84723848164962	0.4544070650531	4.06516232628064	4.79990428082629e-05	0.00135769616256741	4.3187674231918	up	170741
Gm38411	52.7795160536697	-1.84393601046132	0.438084273748864	-4.20908971390827	2.56401574971819e-05	0.000830411498492437	4.59107931144858	down	329711
Rhox2c	29.9884670643892	1.83321565662971	0.566147443324185	3.23805340507381	0.00120348278885922	0.0168059018378337	2.91956011623807	up	100039948
Cdkn1b	543.372084231267	-1.82841429516051	0.210830347354652	-8.67244359316454	4.22944311489278e-18	3.27283371322792e-15	17.3737168118331	down	12576
Ccrl2	33.9905756190532	-1.8256830140891	0.472644417292862	-3.86269878008071	0.00011214124930306	0.00266713989972492	3.95023460997818	down	54199
Gm50399	174.657500440726	1.82548095541239	0.260184943183756	7.01608991310134	2.28163257174785e-12	5.95616059422417e-10	11.6417542919556	up	NA
Olfr1510	32.4930257578566	1.8206793250522	0.576184276196286	3.15989068127912	0.00157828344657952	0.0204083875854164	2.8018149984454	up	NA
Cd52	43.5228243563289	1.81533010806892	0.602086716910387	3.01506420434635	0.00256924862409592	0.0287179661340257	2.59019386737695	up	23833
Gm13067	79.3461486336278	1.80778556662363	0.40244288979102	4.49203008049758	7.05474561587859e-06	0.000292266105658205	5.15151864167037	up	102636131
Tmem220	75.9789873041099	1.80733577693916	0.432876031324538	4.17518098982976	2.97749233928194e-05	0.000930928232542884	4.52614934722952	up	338369
Dmrtb1	454.326513437246	1.80521535439032	0.273349603384657	6.6040533150144	4.00065541429696e-11	7.53758268361498e-09	10.3978688537982	up	56296
Prom2	89.081234262961	1.80408993087535	0.489206829043113	3.68778566399849	0.000226214070488384	0.00467688956609907	3.6454803855051	up	192212
Rhox2f	70.1720559578024	1.80159953848164	0.36107020056992	4.98961015236916	6.05012671115853e-07	3.81070044914744e-05	6.21823552958213	up	434764
4930463O16Rik	83.6195606478536	-1.79617535857856	0.458853417270763	-3.91448617569881	9.05969279385672e-05	0.00225628004327004	4.04288652861401	down	75804
Sting1	30.2636950244589	1.79569547531357	0.56724332321388	3.16565290736177	0.00154735310769671	0.0201399044872989	2.81041056850798	up	72512
Igfbp6	253.067345315559	-1.79364037483432	0.286928517228615	-6.25117500400007	4.07376081736419e-10	6.08732245722965e-08	9.39000447331039	down	16012
Tbx1	95.2932526135758	1.78648888757879	0.455192309554581	3.92469040025506	8.68413511673893e-05	0.00218969774911192	4.06127342796317	up	21380
Gm44899	53.2550801775146	1.78116287970699	0.582253847491641	3.05908305695233	0.00222015588397453	0.0260162885549357	2.6536165313272	up	NA
Tmem176a	105.98120383661	1.77609804898708	0.354943417661626	5.0038906502001	5.61846358800187e-07	3.59101034103942e-05	6.25038242935575	up	66058
Gm29186	40.0738795527912	1.77507173400212	0.478607119932563	3.70882851523861	0.00020822038231055	0.0043589478488142	3.68147676045595	up	NA
Spocd1	1151.29190050033	-1.7713617685631	0.230341853879305	-7.69014288428566	1.46970799784732e-14	6.00833267723732e-12	13.8327689424767	down	622480
Mgat4f	149.732465273552	-1.77068580757332	0.349211532661377	-5.07052500265022	3.96719790523925e-07	2.65300237693885e-05	6.40151613403316	down	240755
Gbp3	595.658467493977	-1.77061178728773	0.19193674798021	-9.22497544592293	2.83625876647888e-20	3.23437993122621e-17	19.5472541487615	down	55932
Emx2os	118.068071240901	1.76948686622414	0.30998484574449	5.70830119767426	1.14109357439215e-08	1.2179347032687e-06	7.9426787401779	up	329078
Lrrn4	44.9196191733936	1.7643980929894	0.601160075070203	2.93498880940048	0.00333559717400744	0.0344975579805343	2.4768264027792	up	320974
Gm15533	30.7254157638209	1.76291374985729	0.463377364076938	3.80448827786198	0.000142097640602779	0.00322728467394174	3.84741313306268	up	102635153
Vmn1r76	45.5295506553401	1.76068488837789	0.59947569731673	2.93704131169748	0.0033135995878438	0.0344179109634764	2.47969997246957	up	171239
Anxa13	870.23651510827	-1.75965333907808	0.200792337885822	-8.76354823897057	1.89198890993696e-18	1.57668168121554e-15	17.7230814135829	down	69787
Serpinb12	110.878019878778	1.75559537583066	0.512954179908155	3.42251890050881	0.000620437841797308	0.0102228340062527	3.20730172152484	up	71869
Bcl6	1153.69493782055	-1.74940088608617	0.227420660687317	-7.69235688964707	1.4444901328697e-14	6.00833267723732e-12	13.8402854204206	down	12053
Olfr1501	41.6125280304207	1.7477157699208	0.533752482338635	3.27439370822819	0.00105888966942527	0.0154083025301795	2.9751492886706	up	NA
4930471E19Rik	1754.59642213461	-1.74718844654917	0.192131917171867	-9.09369183562698	9.57319314206973e-20	9.87725599091547e-17	19.0189431789758	down	74912
Gm45121	42.3308233008971	-1.74682077193966	0.503107661334409	-3.472061560952	0.000516477886575364	0.0088897974042325	3.28694826842101	down	NA
Ccm2l	54.657031519135	1.74497913228313	0.482718307941856	3.6149014934261	0.000300461844687508	0.00584390196485119	3.5222106707287	up	228788
Ptprn	174.302431830539	1.74199791541996	0.270318067206327	6.44425262958963	1.1617144116286e-10	1.98195796509896e-08	9.93490062297654	up	19275
Gm47480	131.727446010829	-1.74182644275662	0.295222289160556	-5.90005059478869	3.63390121208827e-09	4.44834675493314e-07	8.43962688319972	down	NA
Ugt2b37	35.2398731225856	1.73652072330787	0.548988371991389	3.16312842293699	0.00156083461655865	0.0202506608604648	2.80664311162117	up	112417
Sall1	2831.73258443139	-1.73074615865744	0.22517464412409	-7.68623912070516	1.51523189996186e-14	6.07972769934696e-12	13.8195208951045	down	58198
Ces2g	31.2516264422894	1.72954296434802	0.594172788549264	2.91084175795207	0.00360456521970391	0.0363256347048021	2.4431471121015	up	72361
Gm9918	69.5876145351365	-1.7243145192812	0.344129850313178	-5.0106508276221	5.42462628836525e-07	3.49807671994077e-05	6.26563017572667	down	432988
Wnt9b	86.6824732178156	1.71800118283284	0.320455151922845	5.36112829681229	8.27037519293245e-08	6.8920853578949e-06	7.08247478784478	up	22412
Tinagl1	28.4725786163448	1.71663635389775	0.614939494764914	2.79155326420204	0.00524557232923526	0.0469070638289477	2.28020712026958	up	94242
Gm49042	78.0020215067629	-1.71593857566851	0.541454808926555	-3.16912611612111	0.00152898034668591	0.0200104020100529	2.81559809691647	down	NA
H2-Aa	99.168338225405	1.71562736484292	0.59796774431024	2.86909683869638	0.0041164574519839	0.0396405704942823	2.38547636912993	up	14960
Rflnb	164.422884020297	1.7123488256578	0.28945338775411	5.91580163888922	3.302630440722e-09	4.1363059976372e-07	8.48114002047587	up	76566
Epb41l4a	6242.31965688094	-1.70355365844469	0.160505129315571	-10.613702289198	2.57345401461144e-26	5.57590281345862e-23	25.5894835878097	down	13824
Dio3os	28.2409479039846	-1.69805272380795	0.525019135065118	-3.23426825880801	0.00121954847409924	0.0169427517803216	2.91380093285298	down	353504
Hmgn5	1781.83141792488	-1.69503571031039	0.222726669162333	-7.61038503689458	2.73280554870501e-14	1.02197989258127e-11	13.563391269196	down	50887
Gm21663	40.1852152512153	-1.69328182162207	0.53743683823228	-3.15066199628511	0.00162900890320921	0.0207456701388612	2.78807654208556	down	100862349
Tfap2c	160.910148498221	-1.69288379322608	0.362523994222113	-4.66971516425718	3.01617643780216e-06	0.000146200212254719	5.52054325705868	down	21420
Gm7967	2734.44970593226	-1.689233342528	0.253162265027193	-6.67253211037021	2.51427014192537e-11	4.99786157477954e-09	10.5995880620341	down	666182
Dpysl4	152.713498958093	1.68596132893213	0.320378740037134	5.26240077208843	1.42186405876358e-07	1.10421249323406e-05	6.84714192354368	up	26757
Gm13667	201.285661262078	-1.68242161927659	0.249859766583261	-6.73346350348069	1.65671231662269e-11	3.41866531088227e-09	10.7807528990341	down	100040172
Slc7a4	34.4434691926591	-1.6818933848484	0.548995902824943	-3.06358094148601	0.00218705032009677	0.025697841261137	2.660141224512	down	224022
Gm47715	119.311163013736	1.67538300544697	0.552636979241547	3.03161581359666	0.00243248586019357	0.0276579722155273	2.61394967556434	up	108167801
Tubb2b	54.5069208992857	-1.67234067232014	0.500177625468917	-3.34349356541553	0.000827306126064279	0.0128404311127756	3.0823337597823	down	73710
Il17re	72.555923773317	1.66643918745705	0.400397050920652	4.16196668688075	3.15518388184023e-05	0.000973837167632937	4.50097532531321	up	57890
Six1	263.4110805903	-1.6660345203234	0.307101897399572	-5.42502190455604	5.79474333093579e-08	5.02218815005543e-06	7.23696579566707	down	20471
Gm15669	32.1881376927408	1.66570424331554	0.590232407170938	2.82211587008493	0.00477079368236743	0.0440241851430388	2.32140936452403	up	105243951
Tnxa	73.8473499899815	1.65572016014903	0.468555607670079	3.53366843346982	0.000409834861225547	0.00746019355317988	3.38739110256257	up	100043024
Bcam	221.524042283885	1.65337426499572	0.38261051462478	4.32129855766551	1.55113623636433e-05	0.000561076274345674	4.80935005640762	up	57278
Disp3	286.939890894241	1.65051968493995	0.276867574478378	5.96140479089887	2.50078611660383e-09	3.26412848123224e-07	8.60192345035299	up	242748
Ccdc180	1699.38063533686	-1.63964835765581	0.185704813060034	-8.82932612589718	1.05308252218766e-18	9.12685560329598e-16	17.9775375950762	down	381522
Emx2	33.374055724823	1.63737156798726	0.582967899902134	2.80868220748027	0.0049744723972394	0.0451621265750857	2.30325297464055	up	13797
Mbnl2	12849.865194615	-1.63730466545091	0.198636643030793	-8.24271212234035	1.683502889642e-16	1.10534718514767e-13	15.7737861338322	down	105559
Gm14216	64.2635402113983	1.6359714598132	0.475049487511679	3.44379165291274	0.000573617547620996	0.00963968483684447	3.24137757156898	up	102635751
Phlda3	84.5510680261552	1.63542855915447	0.379822799165238	4.30576722289648	1.66407973140256e-05	0.000593996961125195	4.77882586910382	up	27280
S100a11	628.96909761759	1.63481009055521	0.165791543761976	9.86063615465381	6.16574930597938e-23	8.90621934751034e-20	22.2100141372876	up	20195
Cd274	2502.80748192072	-1.6332250494366	0.263388835155195	-6.20081351768104	5.61720405824994e-10	8.11386402200677e-08	9.25047979906097	down	60533
Gp2	64.0978350429234	1.62974700729485	0.588033132599543	2.77152241420507	0.00557948308537576	0.0487855770826621	2.25340603467671	up	67133
U90926	61.7925861536141	1.62789516662141	0.486498490484903	3.34614638783125	0.000819431224290746	0.0127639226000773	3.08648749134845	up	57425
Sez6	1311.53420414769	1.62360953881072	0.185425925896668	8.75610856982055	2.02107047797872e-18	1.62187163134685e-15	17.6944185416734	up	20370
Gm27199	41.9028399294744	1.62058449096804	0.51709318239482	3.13402795887311	0.00172424426275733	0.0216074033783476	2.76340121040614	up	NA
Utf1	264.598980313211	-1.62040804323812	0.260531335705718	-6.21962820268363	4.9833430370623e-10	7.29554686378573e-08	9.30247921638593	down	22286
Serpinb2	668.181227552313	-1.61541723761453	0.263472769763435	-6.13124930923589	8.71916439722456e-10	1.19568439870041e-07	9.05952513376733	down	18788
Mageb8-ps	86.8782822035968	-1.61468016975164	0.332050491597873	-4.86275494423023	1.15763131467003e-06	6.49803049092115e-05	5.93642973378565	down	436212
Inka2	251.646153843508	1.61216719278691	0.306406207635635	5.26153567588302	1.42857162231067e-07	1.10545933359304e-05	6.84509798111634	up	109050
Eda2r	264.157416086923	1.61206962915096	0.214879840830732	7.50219109860958	6.27597844382886e-14	2.19325201520064e-11	13.2023185567585	up	245527
Stox2	10593.0989479875	-1.61117332710307	0.170716781531107	-9.43769741119145	3.81060963839546e-21	4.5869155019508e-18	20.4190055383897	down	71069
Cd63	672.97447812198	1.61029322255567	0.163234640623255	9.86489887445044	5.90939652175038e-23	8.90621934751034e-20	22.2284568677915	up	12512
AI480526	32.6835931078704	-1.60493758775286	0.477581352369374	-3.36055329587399	0.000777865214498587	0.0122485505832419	3.10909564937369	down	100675
Stc1	47.7915930468865	1.60113882898288	0.454930591047369	3.51952333057366	0.000432323010969232	0.00775425718432975	3.36419164794774	up	20855
Nxph4	159.328161127755	1.59828457236277	0.272662662884309	5.86176543372543	4.57971667612425e-09	5.54350397885945e-07	8.3391613887651	up	104080
Cmklr1	504.724781136292	-1.5982166297608	0.193252685078132	-8.27008757531441	1.33860650121437e-16	9.06362095681615e-14	15.873347070088	down	14747
Gm43464	118.271930415533	-1.59817152244659	0.295121533126493	-5.4152996073031	6.11861643270388e-08	5.24000246037134e-06	7.21334677124875	down	115489697
Krt7	92.0006977432679	1.59700723694361	0.486222657787201	3.2845183402427	0.00102156849102731	0.0150573636021012	2.99073251079554	up	110310
Gm14488	46.7255265234223	1.59692158653159	0.506620959828781	3.15210327474665	0.00162098929970826	0.02067430965049	2.79021985195778	up	100038700
Zfp773	932.693054171156	-1.59678228393667	0.197614017612731	-8.08030879199026	6.46029774329409e-16	3.78311543794467e-13	15.1897474657062	down	76373
Ass1	240.48873106869	1.59368884175396	0.289186291070161	5.51094187714213	3.56918579325547e-08	3.3048525035242e-06	7.44743084434317	up	11898
Fli1	1334.55212707237	-1.59006170445477	0.192221114079053	-8.2720449939794	1.31680587375177e-16	9.06362095681615e-14	15.880478244911	down	14247
Idnk	753.19917252776	-1.58623251167609	0.223874936025118	-7.08535104393339	1.38692277669053e-12	3.80385516488022e-10	11.8579477195978	down	75731
Gm40864	66.7354815579911	1.58399950796402	0.47241492294181	3.35298364010218	0.00079945431887711	0.012496976781161	3.09720634696014	up	NA
Olfr1033	143.716386614507	1.58368929611263	0.353557948716797	4.47929201382819	7.48910221137395e-06	0.000306741734619734	5.12557024211576	up	NA
Setd7	3789.49811208185	-1.58186262954798	0.229792589339969	-6.88387138197776	5.8247469344452e-12	1.3570407723508e-09	11.2347229385185	down	73251
Gm49699	32.5480415089558	1.58167086684636	0.553834869236575	2.85585280866585	0.00429214064442423	0.0409275891553909	2.3673260555559	up	NA
Srpk3	33.1221079944608	1.57965133806985	0.549274380610808	2.87588752330526	0.00402893249667226	0.0392160289332425	2.39481000899989	up	56504
Vmn2r-ps56	103.025651175952	1.5787353395779	0.566293386573355	2.78783997307621	0.0053060747145074	0.0472451712343977	2.2752266390371	up	628403
Gm14616	33.2291940423788	1.57624370960267	0.539879918981275	2.9196190748805	0.00350459477608803	0.0356832965289001	2.45536219073095	up	102632360
Col1a1	1265.2243076835	-1.57218699912152	0.238492742376017	-6.59217963388901	4.33415722594518e-11	8.08591447139672e-09	10.363095338258	down	12842
4930500L23Rik	65.8242606436145	1.56827026943323	0.469680412046037	3.3390156992102	0.000840758126127173	0.0129841099920153	3.07532892643362	up	74973
Gm14662	70.1526697674614	-1.56683298422901	0.418402482405115	-3.74479848977554	0.000180538621421039	0.00389226896550214	3.74342987810272	down	102631518
Mycl	221.492563747724	-1.56600765403609	0.380119908090909	-4.11977278933142	3.79246189235836e-05	0.00112617652651695	4.42107877442301	down	16918
Olfr93	112.515915191007	1.56353629062213	0.560179065871653	2.79113659520501	0.00525233013044745	0.0469287574995484	2.27964798453882	up	NA
Gm36839	47.9085032375867	-1.56288902995319	0.449215573440009	-3.47915148618931	0.000503004160468691	0.00873284546864994	3.29842842277484	down	102640879
Sox3	287.190290671759	-1.56175196739846	0.44953675997284	-3.47413628085235	0.000512500662887541	0.00884104447673913	3.29030556853911	down	20675
Mpzl2	447.816329313945	1.56156596304104	0.175904030655438	8.87737453896006	6.84569846043904e-19	6.44894558879707e-16	18.1645822345951	up	14012
Pdlim2	45.2885210146662	1.5613839313109	0.42538964112114	3.67047943902861	0.000242095944453007	0.00495325101837895	3.61601248571908	up	213019
Tbx20	569.115686513339	-1.55859111784163	0.288790304904033	-5.39696482663973	6.77776686308363e-08	5.71415854561996e-06	7.16891337380163	down	57246
4930479H17Rik	41.2819153316524	1.55806165735535	0.540039207458116	2.88508988947101	0.00391301917054373	0.0384975693318168	2.40748802441188	up	78171
Tmem176b	189.947220734472	1.55774739523848	0.334467113685987	4.65740077722847	3.20226674618602e-06	0.000153503348649585	5.49454249453678	up	65963
Plscr2	167.423017135494	1.55393870106648	0.386391370646569	4.02167030403965	5.77869047168783e-05	0.00157691292758262	4.23817056735021	up	18828
Armcx4	1340.16678256709	-1.55229416145224	0.19205241407706	-8.08265893929036	6.33696669284368e-16	3.78311543794467e-13	15.1981185755246	down	100503043
Gm13026	193.225419520912	1.55228532884238	0.34851461217693	4.45400357576495	8.42836954759417e-06	0.00033784614549814	5.07425643070959	up	NA
Prss50	36.0163074739572	1.55179683001522	0.548993011374922	2.82662401499217	0.00470415249678731	0.0436322226660491	2.32751860796939	up	235631
Gm20708	31.8800543683811	1.55112969476912	0.511461123463038	3.03274212567051	0.00242342595775664	0.0276359843298491	2.61557024461419	up	NA
Tcea3	319.777966538898	1.5498186529827	0.298920837416005	5.18471266968195	2.16348145712295e-07	1.57832164079067e-05	6.66484682272257	up	21401
Obscn	887.453979557282	1.54826315150375	0.326440716077262	4.74286164455449	2.10720190729067e-06	0.000110281989674558	5.67629384928935	up	380698
Crmp1	279.866935655535	1.54702384525456	0.378137475935625	4.09116774640429	4.29206527595795e-05	0.00124221110962293	4.36733368167981	up	12933
Trib3	255.012494064005	-1.5450735368805	0.283791395690177	-5.44439880963586	5.19806429790425e-08	4.54138948156013e-06	7.28415835275876	down	228775
Gli2	1352.89166864276	1.54295979122413	0.26669245092755	5.78553980758643	7.22798408867187e-09	8.19941001304992e-07	8.14098281214453	up	14633
Gm7694	333.344498285956	-1.5422159913192	0.29021891439751	-5.31397477838692	1.07259470746311e-07	8.63937157122793e-06	6.96956435032022	down	665574
Cd276	1770.35979138997	-1.5402093383804	0.213349050717918	-7.2191993974082	5.22945291521994e-13	1.59586699033902e-10	12.2815437429356	down	102657
Gm37971	673.288807519104	-1.53906039481958	0.207369577627189	-7.42182345371083	1.15518732462332e-13	3.97292758136722e-11	12.937347585076	down	NA
Rhox10	211.960317598382	-1.53903180522418	0.274905992151225	-5.59839308405311	2.16347761671485e-08	2.1802823033191e-06	7.66484759364183	down	434769
Wipi1	2696.30284608958	-1.53900765146801	0.220911431920313	-6.96662747640493	3.24628752334985e-12	7.9928763373206e-10	11.4886130173889	down	52639
Ddah2	372.560977612889	-1.53777870519728	0.224150457683499	-6.86047541945519	6.86317529010184e-12	1.58196190436847e-09	11.1634749087952	down	51793
Tmem171	36.5125955489301	1.53320201773321	0.511771664579748	2.99587125245051	0.00273661950677661	0.0301905981941593	2.56278558168907	up	380863
Gm9967	97.9212172236126	-1.53077981759519	0.326983171776922	-4.6815247686188	2.84748984315571e-06	0.000139269892622245	5.54553781635134	down	100038751
Lrp8os3	76.2676666142742	1.52914726173578	0.406022827149964	3.76616081531542	0.000165777035821009	0.00364289151636288	3.78047563003998	up	105244644
Hs3st3b1	2806.64005614757	1.52906012408228	0.155230602987941	9.8502492076325	6.83742295927311e-23	9.25915270366065e-20	22.1651075540481	up	54710
Trim12c	1077.10128104254	-1.52863938708667	0.203126179581072	-7.5255655880465	5.24925953142596e-14	1.86451977487551e-11	13.2799019545171	down	319236
H2bc1	412.508926332847	1.52405093479166	0.252425636435731	6.03762342173865	1.56400530542339e-09	2.0918088242351e-07	8.80576177805865	up	319177
Xdh	197.068004542601	1.52311657215633	0.496090114405195	3.0702417321549	0.00213885581135784	0.0252947752203967	2.6698184919326	up	22436
Gm11217	84.462408717748	1.52211446267328	0.541432158612758	2.81127457699077	0.00493456551080688	0.0449765104081203	2.30675108100167	up	102633436
Gm30288	81.3177459526125	1.52195748818402	0.525244584252259	2.89761671764915	0.00376009798168436	0.0374919663916958	2.42480083795787	up	102632134
Gm36200	83.9473195454191	1.51903577175672	0.403917898990369	3.76075379564434	0.000169402102074784	0.00370376926907602	3.77108120490369	up	102640030
6330403L08Rik	69.3223094245778	1.51768215825963	0.409187107246304	3.70901754083391	0.000208065015108266	0.0043589478488142	3.6818009376775	up	70744
Syt10	238.868453910735	1.51751257406685	0.407490539050414	3.72404369829824	0.000196056967612081	0.00415652281531406	3.70761771882305	up	54526
Gm50430	69.8766666916985	1.51597068203504	0.479904014959546	3.15890393657746	0.00158363680806667	0.0204120515885667	2.80034441260658	up	NA
Gm6088	129.971789890694	-1.51567185737146	0.310906079594707	-4.87501517933414	1.0880008874983e-06	6.21997763309385e-05	5.96337075037731	down	619612
Zic5	52.645817931609	-1.51451213555375	0.540211476384442	-2.80355416676847	0.00505427415067855	0.0456295658428134	2.29634120505603	down	65100
2700069I18Rik	79.3618454614919	1.51335402848469	0.52644983345358	2.87464053043173	0.0040448772166233	0.0393006074675234	2.39309465698182	up	72608
Gm42372	87.8714248064725	1.51217190254965	0.454030639416046	3.33055034456384	0.000866744885533993	0.0132987348867642	3.06210871233775	up	NA
Aif1l	132.312704430305	1.50954353736063	0.408071008849698	3.69921779451045	0.000216264960363702	0.00449694135911739	3.66501384003114	up	108897
Ctso	775.249608530144	-1.50897511706758	0.176634584946339	-8.542919935674	1.30872077928825e-17	9.77794935339257e-15	16.8831530019974	down	229445
4932414J04Rik	79.7673765904826	1.50824520849375	0.439001920099027	3.43562326140518	0.000591192458296672	0.00986094456806312	3.22827111477059	up	237694
Cebpa	74.7451471043886	-1.50817023455851	0.332706751812518	-4.53303164526212	5.81431003325318e-06	0.000250924327180818	5.23550181430257	down	12606
Plaur	211.485334691508	1.50705902594507	0.25426822218758	5.92704433522674	3.08435724239469e-09	3.9081151094132e-07	8.51083532601167	up	18793
6030452D12Rik	43.9501633803589	1.50353436000913	0.42828687104978	3.51057774973068	0.000447134027866148	0.00796060228576485	3.34956227812534	up	330837
1700020G03Rik	155.489438620296	1.50351592637273	0.28587075064075	5.2594255375996	1.44506130052514e-07	1.11028876590348e-05	6.84011372943676	up	105243207
Snai1	157.460574000206	-1.50309965184823	0.264343356209787	-5.68616390969683	1.29924701230949e-08	1.35994130510675e-06	7.88630827318819	down	20613
Efcab10	182.046240217318	-1.50091334862866	0.316811026144398	-4.7375666399457	2.16299739934056e-06	0.000112387685015616	5.66494400273045	down	75040
Gm12979	90.2091441856437	1.50090593740266	0.407483679857077	3.68335227052306	0.000230186708011951	0.00474543806136531	3.63791975804649	up	NA
Srd5a2	49.7531732595427	1.4999295368724	0.506894925331045	2.959054158794	0.00308584863554683	0.0328827415742276	2.51062538039827	up	94224
Fmo6	112.835965419201	1.49992331670362	0.440346325736045	3.40623556741726	0.000658653212000416	0.0107220429334433	3.18134318594628	up	226565
Ly6g6d	72.5373366853041	-1.49766014453345	0.363298442136484	-4.12239627488082	3.74951459884592e-05	0.0011174791308555	4.42602495112225	down	114654
Gbp2	534.349914412617	-1.49542332464594	0.235149116879208	-6.35946817275996	2.02453472525065e-10	3.2493032512597e-08	9.69367476972026	down	14469
Maf	72.8127324615205	1.4948926697117	0.494479019248191	3.02316703342548	0.00250144132565115	0.0282432148008773	2.60180967956642	up	17132
Cp	495.655875682668	1.49431299586465	0.292836363867357	5.10289424486062	3.34497946905332e-07	2.2862987430908e-05	6.47560654351775	up	12870
B3gnt7	75.2341243107174	-1.49212613860515	0.383995816881553	-3.88578748258971	0.000101998707963676	0.00247204251168788	3.99140532949102	down	227327
Ankle1	482.858619335917	1.48620100344868	0.297693004237094	4.99239479025517	5.96352002403613e-07	3.78919613961263e-05	6.22449731815347	up	234396
Fbxw27	731.693131787276	-1.48435146003127	0.239585015089269	-6.19551043072623	5.80964447600915e-10	8.23619043007257e-08	9.23585044365643	down	76998
Gm17276	44.6593874971303	1.48304944498568	0.478795253539003	3.09746062439791	0.0019518632455442	0.0236262686822381	2.70955061381383	up	100504381
Cited1	307.060950628215	1.48197858869978	0.220167147908324	6.73115223038117	1.68324741772695e-11	3.4406529999896e-09	10.7738520431115	up	12705
Slc6a8	48.7808160814173	1.48120175056887	0.457186010559446	3.23982299623815	0.00119603919803458	0.016737151989445	2.92225458689346	up	102857
Gm6522	109.488593145805	1.48112651134146	0.437503992169633	3.38540113427624	0.000710743072549553	0.0113650702235654	3.14828736458605	up	624696
Enc1	2712.57508385391	-1.47943713575458	0.211500223332197	-6.99496725084243	2.65320897518539e-12	6.76318574886374e-10	11.5762285422545	down	13803
Faap20	716.056590909914	-1.47386566050077	0.221752409532547	-6.64644710561509	3.00252279985281e-11	5.91415104585554e-09	10.522513686069	down	67513
C4b	162.920270200942	1.47193299016352	0.322017354223877	4.57097411321561	4.85462255902675e-06	0.000216876509250376	5.31384453030882	up	12268
Tacr2	63.8049120405392	1.469377049222	0.442020292721684	3.32422984513788	0.000886630896083842	0.0135286138207384	3.0522571390812	up	21337
Olfr1331	156.899016445692	-1.46896492691004	0.284123174283578	-5.17016934860757	2.33881951376511e-07	1.69482282290129e-05	6.63100329131622	down	NA
Efnb2	351.072026858332	1.46799350073577	0.251229435822544	5.84323845623206	5.11956510006718e-09	6.12848712835114e-07	8.2907669301693	up	13642
AI661453	1051.78548006574	-1.46728905131119	0.225662094038399	-6.50215118123255	7.91794650728898e-11	1.37246517578744e-08	10.1013874366161	down	224833
Adssl1	44.2025844990869	1.46554444073144	0.498743471404093	2.93847343325728	0.00329832924850284	0.0343404992113881	2.48170599403084	up	NA
2010320O07Rik	61.815436389763	1.46519350366758	0.50782493032977	2.88523350501149	0.00391123443631011	0.0384975693318168	2.40768615199866	up	69881
Unc13d	52.6489324062396	1.46455987875326	0.431918141010916	3.39082742698748	0.00069681963252657	0.011208605031888	3.15687962180946	up	70450
Cd300c	100.653295365291	1.46277601441314	0.525707320162234	2.78249124239268	0.00539433211293557	0.0475891668937195	2.26806231884435	up	387565
4930510E17Rik	69.4977365148124	1.46060512594797	0.526475830803956	2.77430613237753	0.00553195946736394	0.0484678389726545	2.25712101062431	up	74695
Gm12216	3291.54739765229	-1.4592457821504	0.189263352611764	-7.71013385324393	1.25685844955249e-14	5.44647040529074e-12	13.9007136308581	down	622459
Pbx1	7209.69719265289	-1.45632855929301	0.164478003708252	-8.85424510548059	8.4252064002387e-19	7.60620612808216e-16	18.0744194510042	down	18514
Elavl3	202.922017350807	1.45381091985276	0.26279709268587	5.53206622262961	3.16480366962611e-08	2.99440179518729e-06	7.4996532265132	up	15571
Abcg4	75.9505900445716	1.44867925066394	0.385466380336514	3.75825058828537	0.000171105477527547	0.00371477192544024	3.76673608735013	up	192663
Kcnip3	232.185961209378	1.44468248884056	0.345358669038621	4.18313660074652	2.87514514785584e-05	0.000906779765918378	4.54134022564508	up	56461
Grpr	86.2529457168496	1.44415414100693	0.486426507837627	2.96890510228732	0.00298862877511953	0.032104422246165	2.52452802638914	up	14829
H2bu2	189.926023822775	1.44345120906549	0.348813355387726	4.13817643954893	3.50077121379682e-05	0.00106085608236833	4.45583627079231	up	NA
Slc2a10	101.450813732229	1.44312889790655	0.368231279292851	3.91908286737056	8.88865524999645e-05	0.00222390869863364	4.0511639377566	up	170441
Cdhr1	118.894539615686	1.4415747470125	0.436652176532031	3.30142576744204	0.000961947858382865	0.0143642482753835	3.01684846791053	up	170677
Gm11629	35.4536691807832	1.44050522611776	0.492033068225395	2.92765937727154	0.00341523972354427	0.0350701417488311	2.4665788067823	up	NA
Cd34	164.280630595805	-1.44028991366367	0.292886015567238	-4.91757829705264	8.76214148976095e-07	5.15894890376768e-05	6.05738973817835	down	12490
Gm37795	89.8175603495476	1.44027342590104	0.418887450312613	3.43833033151548	0.000585313207206557	0.00977040158747648	3.23261167620665	up	NA
Acot2	129.62886958468	1.43834867075932	0.321435519698024	4.47476580096248	7.64951126216492e-06	0.00031213175238668	5.11636631163402	up	171210
Ddit4	404.429318424935	-1.43600330515584	0.325501720815684	-4.4116611781877	1.02580550147414e-05	0.000400470771179104	4.98893497610917	down	74747
Plekhh3	186.979010171497	1.43533234668307	0.274685928185907	5.22535812504977	1.73818355337279e-07	1.30315650695253e-05	6.75990436367116	up	217198
Gm14597	85.7320527152446	1.43506705291606	0.515910325082536	2.78162111348803	0.00540881448135276	0.0476781055197194	2.26689791430697	up	NA
Lbp	196.777635651301	1.43171479278576	0.32312827155019	4.43079395658321	9.38867660244329e-06	0.000371212510848793	5.02739562016854	up	16803
Pabpc4l	79.7604450079848	-1.43169395016625	0.375659017129887	-3.81115289366587	0.000138320178392172	0.0031580435249981	3.85911445962218	down	241989
Olfr1330	640.836547876467	-1.42919459386206	0.230688639020641	-6.19534017769372	5.81592807403472e-10	8.23619043007257e-08	9.23538097306425	down	NA
Gm34084	265.330206052074	-1.42769714112821	0.319589773425741	-4.46728043211289	7.92202525975617e-06	0.000321435433151942	5.10116377716081	down	102637213
Gm2788	48.2050214806042	1.42766418604814	0.477494757074412	2.98990546994772	0.00279063795298113	0.0306305737220072	2.55429650361226	up	108167326
Rab17	83.6269107825646	1.42679302049904	0.455762079389426	3.13056545294528	0.00174470114947303	0.0217130613472902	2.7582789528022	up	19329
Scube2	521.69176031227	1.42667726076371	0.254061831720087	5.61547262374914	1.96025692478914e-08	1.98471433595357e-06	7.70768700328353	up	56788
Cyp26b1	128.952289351818	1.42603790938334	0.379336980265381	3.75929050836462	0.000170395888730813	0.00371249394194072	3.76854088799104	up	232174
Naaa	190.577005470675	1.42582261354504	0.338931898652095	4.20681151350882	2.58998983638686e-05	0.000836323543740598	4.58670194016962	up	67111
Gm13112	112.981000891155	-1.42228779395392	0.276644478936488	-5.14121156302001	2.72972466886337e-07	1.93937372806075e-05	6.56388115545871	down	102634887
4933416I08Rik	58.7643238662731	1.41981774730779	0.468792637520561	3.02866903972126	0.0024563361482249	0.0278563841123074	2.60971220050743	up	71159
Aff3	29602.3701236504	-1.41918003569066	0.197182994150117	-7.19727399316309	6.14282485597527e-13	1.84856369658911e-10	12.2116318670942	down	16764
Gm12861	626.882947991953	-1.41867358833537	0.181433067572173	-7.81926694686475	5.31318303814407e-15	2.50262471494495e-12	14.2746452224703	down	NA
Eng	261.526156609659	1.41861462281759	0.308749265744529	4.59471415874202	4.3334287415431e-06	0.00019808523321311	5.36316834053524	up	13805
Slc17a4	86.8695419678243	1.41812145833585	0.462864648833247	3.06379297254725	0.00218550094365087	0.0256935696940225	2.66044900165556	up	319848
Runx3	493.214992083839	1.41779431301019	0.239571678977114	5.91803805468021	3.25804596028061e-09	4.10419080356977e-07	8.48704279352184	up	12399
Mobp	500.041622480568	-1.41740217550013	0.249682546963049	-5.67681719343363	1.3722398178816e-08	1.40911469829576e-06	7.86256998303076	down	17433
Fermt1	245.16253872991	1.41722424053352	0.389896987018775	3.63486840811437	0.000278122560307448	0.00552851515062521	3.55576378129175	up	241639
Lgals2	394.163057152572	-1.41479569436693	0.271041662738652	-5.2198458350336	1.79072130507148e-07	1.32875200400629e-05	6.74697199934788	down	107753
Atp1a3	93.8092071465223	1.41439771128343	0.41072660889041	3.44364762513065	0.000573923175314043	0.00963968483684447	3.24114623786362	up	232975
Rcn1	751.89171151496	-1.41432814358457	0.187149110422858	-7.55722610911128	4.11755843919144e-14	1.48691897836602e-11	13.3853602283116	down	19672
Gm807	34.5195681761406	1.41298390559214	0.502650652260323	2.81106549695742	0.00493777331703315	0.0449765104081203	2.30646885150845	up	328320
Havcr1	494.931260655597	-1.41277299669213	0.221353624346447	-6.38242541030619	1.74304934642944e-10	2.8611098628096e-08	9.75869031766416	down	171283
Cybb	58.3164428820086	1.41130626119721	0.488718428883613	2.88776968042943	0.00387983853432886	0.0382981601472909	2.41118634788753	up	13058
Nobox	44.6898948021113	1.41029341003803	0.494816793510526	2.85013247030798	0.00437010237847518	0.0414566585965069	2.35950838868495	up	18291
Wnt8a	42.5403710682293	1.41022425151607	0.49512401339809	2.84822431018352	0.00439639256539516	0.0416513501156173	2.35690353522649	up	20890
Gm16897	193.978094713342	-1.40772789418163	0.288368412536664	-4.88169935742407	1.05175521184828e-06	6.04466317642352e-05	5.97808532721081	down	320400
Erap1	5324.43268919328	-1.40564805845762	0.190727642624601	-7.36992309617271	1.70726493672307e-13	5.60474384605738e-11	12.7676990789856	down	80898
Gm50015	91.8234741307046	1.40535669273224	0.488694019542103	2.87573949451854	0.00403082228295483	0.03921680574979	2.39460634926285	up	118568323
Ogt	10024.4356183471	-1.40504015448293	0.183291661856699	-7.66559777051621	1.78000210827814e-14	7.01223739637498e-12	13.7495794833018	down	108155
Vmn2r102	167.582566099584	1.40134777801716	0.483050816302584	2.90103593808928	0.00371931219969927	0.0371879729722585	2.42953736535818	up	224572
Optc	246.282591770065	-1.39969047379674	0.240386926285971	-5.82265639576266	5.79195561960715e-09	6.78347580594747e-07	8.2371747745446	down	269120
Gm40761	44.173051049336	1.39873637431618	0.481103623812424	2.90734948789646	0.00364505708177977	0.036614488544702	2.43829566621902	up	105245285
5930435M05Rik	89.3946390315571	1.39271188094449	0.500265709504232	2.78394432095833	0.00537022520672514	0.0475176833295982	2.27000750126745	up	78072
4933415A04Rik	348.131417689156	-1.39140765773192	0.203190818256543	-6.84778805297772	7.50005699406119e-12	1.69274723844087e-09	11.1249354363267	down	75727
Olfr920	88.2767152992727	-1.38902851917364	0.336010771080492	-4.13388093098033	3.56688318318604e-05	0.00107637406587872	4.44771111374223	down	NA
Lin28a	5554.0596095348	-1.3883376836487	0.200646079751064	-6.91933620318508	4.53764805325595e-12	1.08040901505381e-09	11.3431691916719	down	83557
H2bc13	822.808147773904	1.3867994816356	0.18787125367209	7.38164809426416	1.56341979596168e-13	5.29290886235964e-11	12.805924393324	up	319185
Gm21168	29.2326818088793	-1.3842057227628	0.48986711214599	-2.82567596077012	0.00471809662814991	0.0437054295177957	2.32623316886743	down	100861728
Epb42	94.9849710401019	1.38218320576854	0.476707503906587	2.89943664499014	0.00373833885984823	0.0373093450374628	2.42732133476773	up	13828
Frat1	48.5228485827214	-1.37757348044658	0.457198873628328	-3.01307277840421	0.00258616888481292	0.0288391771627595	2.58734311775902	down	14296
Acsm4	87.685982281133	1.37726184475698	0.471359719460829	2.92189126031469	0.00347912984417682	0.0355409270786323	2.45852936269903	up	233801
Gm32548	38.7809303034682	1.37714709432124	0.485118830143696	2.83878301304718	0.00452859404039687	0.0425606494876283	2.34403660930548	up	102635130
Gm47209	135.755873677619	1.37690542910272	0.470572476104884	2.92602202427971	0.00343326630536202	0.0351885435375019	2.46429250870252	up	115486879
Kcnh2	363.479469832853	1.37670165609993	0.217724451042466	6.32313756910751	2.56304923426506e-10	4.05354655173876e-08	9.59124305126239	up	16511
Adgrb1	338.555432842241	1.37652349245855	0.320600928370151	4.29357300821437	1.75820462328486e-05	0.000620440058187508	4.75493058228157	up	107831
Dbndd2	170.583195104857	-1.37624423256404	0.250715273426164	-5.48927160981018	4.03594603173579e-08	3.6742370869588e-06	7.39405464973841	down	52840
Lhx1	1872.13410719854	1.37536970414471	0.217692610968725	6.31794390275515	2.65066190491358e-10	4.16173126766395e-08	9.57664566351336	up	16869
Gm12171	37.4205972162558	1.37316151517258	0.494820981358467	2.77506728070169	0.00551902890228042	0.048413279038749	2.25813733159735	up	675689
Sox15	69.545536115877	1.37223131691848	0.393761161989279	3.48493312541537	0.000492260054130686	0.00858759951115103	3.30780540488231	up	20670
Gm25047	59.9054697192795	-1.37181641753547	0.349577499915004	-3.92421256479325	8.70138811088457e-05	0.00218969774911192	4.06041145993203	down	115489189
Tbx21	89.6670501258261	1.36994878606546	0.378576946351803	3.61867989920442	0.000296109625769195	0.00578000654192897	3.52854747457457	up	57765
C230072F16Rik	264.097684773881	1.36926242386579	0.321817826200345	4.25477494529272	2.09259383335053e-05	0.00071854565114431	4.67931505883402	up	320784
Gm11211	51.5791992492969	-1.36912268550182	0.424434473270155	-3.22575750021693	0.00125639759912164	0.0173722825655192	2.90087290217581	down	102632611
Slc35b4	113.530243994521	-1.36782510869255	0.284338593661721	-4.8105503058085	1.50515313886659e-06	8.17347194481764e-05	5.82241931137826	down	58246
Mme	1645.85746731108	1.36711477673026	0.230578986291252	5.92905189982667	3.04688781535652e-09	3.8833481350194e-07	8.51614353595407	up	17380
Gm34719	124.626494450687	1.36595467352801	0.442446305597965	3.08727783743594	0.00201998699744236	0.0242745747496304	2.69465142607675	up	102638066
Gm13936	289.836879656455	1.36520099317516	0.464131473003172	2.9414100800827	0.00326721685323822	0.0341819350840717	2.48582203937236	up	NA
Il20ra	502.661571005253	-1.36454565371897	0.201462450813425	-6.7732009027463	1.25963838119602e-11	2.64976551508486e-09	10.899754114876	down	237313
Dnaaf3	75.1369547814412	-1.36450856063325	0.383345797597651	-3.55947181157153	0.000371601414568721	0.00691114836863561	3.42992264145391	down	436022
Nphs2	78.6230455665367	-1.36404175395136	0.429221600244547	-3.17794293943781	0.00148323938352562	0.0196198704046701	2.82878875149733	down	170484
Rnpep	85.0474050634118	1.3636535505547	0.442259548197405	3.08337842814878	0.00204664713720374	0.0245405110801292	2.6889570276722	up	215615
Gm40538	44.0726084366142	1.36353381911935	0.431602291107671	3.1592367492303	0.00158182934236252	0.0204120515885667	2.80084037271454	up	105245024
Piwil4	1775.2037493603	-1.36273714731004	0.184887771986718	-7.37061803853601	1.69838809844473e-13	5.60474384605738e-11	12.7699630621757	down	330890
Sox10	306.994875537369	-1.36258874917959	0.297831933772695	-4.57502569291148	4.76161547882624e-06	0.000213602324181632	5.32224567868472	down	20665
Selenop	506.158385403337	-1.36030595178495	0.233691155021702	-5.82095608906818	5.85119420606516e-09	6.81601208939859e-07	8.23275548705032	down	20363
Gm2990	84.5459538934717	1.36015229159818	0.482984304864507	2.81614180398626	0.0048604208372415	0.0446042940620548	2.31332612592719	up	NA
Efnb1	77.6551122143452	1.35935251811188	0.355574968523831	3.8229702269404	0.000131853705692734	0.00305400206227273	3.87990766003596	up	13641
9330182O14Rik	97.2414321767792	1.35925137038035	0.3950264093204	3.4409126537104	0.000579755653674781	0.00970005077078878	3.23675500750621	up	328531
Gm33508	62.0557464295045	1.35870359091411	0.442580847357243	3.06995569064331	0.00214090530461893	0.0252947752203967	2.66940254176253	up	102636445
Jpx	1032.21453966973	-1.35796258893583	0.204598035752314	-6.63722202387014	3.19649995635718e-11	6.23951032021542e-09	10.4953252971597	down	70252
D630011A20Rik	50.9202852414066	1.35717798994175	0.485377026004788	2.79613149619562	0.00517183529718145	0.0464750360343557	2.28635531415982	up	791328
Rrad	128.120535533527	-1.35547898962322	0.308539560723153	-4.39320969552901	1.11689301107114e-05	0.000428313643732361	4.95198842663983	down	56437
Gm15939	131.140044418103	1.3517999289073	0.488748872773082	2.76583743556769	0.0056776830650712	0.0493455110192128	2.24582885396098	up	102632938
Mrm1	169.615843560567	1.34780909342103	0.267088055669458	5.04630987725279	4.5042466659532e-07	2.94844448674345e-05	6.34637783424707	up	217038
Rnd3	103.4188238569	1.34767279274246	0.309128488881538	4.35958781288161	1.30307656502452e-05	0.000488473355266197	4.88503006564525	up	74194
Cdh22	411.386566984137	1.34567472227357	0.436633336971987	3.08193307365329	0.00205661071321313	0.0246191073608779	2.68684790621641	up	104010
Ccdc80	135.996925589094	1.34466906615956	0.426933399104055	3.14959913883857	0.0016349462599163	0.0207767628232296	2.78649651786937	up	67896
Gm28380	130.278874512509	-1.34373292784119	0.368750431235408	-3.64401723772728	0.000268415431327368	0.00536910440206971	3.57119251999456	down	102639494
Dkk3	2039.95062904326	-1.34282388138519	0.188567388521144	-7.1211883025819	1.07000485443384e-12	3.01088249104129e-10	11.9706142519886	down	50781
Onecut3	85.4510371994589	1.34224621382833	0.378695158435716	3.54439760828414	0.000393511317088629	0.0072440184429561	3.40504277314363	up	246086
Tle7	90.815718405805	1.33886285479859	0.342815721096057	3.90548849544575	9.40352323117961e-05	0.00230482056391367	4.02670939818989	up	102638837
Btnl7-ps	6448.62617022301	-1.33567094550982	0.195937013156	-6.81683835022227	9.30658807641223e-12	2.05761065154718e-09	11.0312095081888	down	195349
Tbkbp1	172.373074015214	1.33539548796173	0.309019029813088	4.3214021116093	1.55040831542983e-05	0.000561076274345674	4.80955391100048	up	73174
4930477G07Rik	70.3550866393872	1.33484235306576	0.473475377828164	2.81924344025807	0.00481369951435204	0.0442880795658028	2.31752102318683	up	78168
Phldb3	61.6148115307043	1.33478474502743	0.390536124312303	3.41782657719016	0.000631233141163648	0.0103534659118795	3.19981020776021	up	232970
Irf1	957.086715345452	-1.33415269296123	0.21433472209336	-6.2246223100525	4.82717445017231e-10	7.11499243618255e-08	9.31630700584711	down	16362
Slc39a4	86.4427698450601	1.33413135966718	0.345102581925468	3.86589793742927	0.000110681220137875	0.0026411123311975	3.95592606188901	up	72027
Ighd	127.649971258253	-1.33368225161443	0.279983467871433	-4.76343214745396	1.90327628937443e-06	0.000100827108464244	5.72049816271611	down	380797
Agxt2	193.061181931341	1.33172959291358	0.460689165951898	2.89073347353828	0.00384343924750309	0.0380784722222876	2.4152799793489	up	268782
Slc6a6	1883.56166363071	-1.33169781963339	0.189720236311095	-7.01927135200133	2.23028267327038e-12	5.94568012892731e-10	11.65164008957	down	21366
Th	123.83252294381	1.33081117123884	0.477387099043212	2.78769823044251	0.00530839663198916	0.0472451712343977	2.27503663504483	up	21823
Fcgr2b	89.133843655513	1.33005539672467	0.428234590411993	3.105903695087	0.00189698486418074	0.0230671129476366	2.72193613428214	up	14130
Atf3	211.793411780472	1.32911188138079	0.405747647461989	3.27571062874814	0.00105396490053534	0.0153703363679178	2.97717385189163	up	11910
Trpm5	52.8718023615128	1.32868609739428	0.437082684856905	3.0398964393414	0.0023665950943535	0.0270957150842452	2.62587604005581	up	56843
Cd74	168.569664563872	1.32826618462996	0.346869338828301	3.82929834362628	0.000128509137585344	0.00299077065957213	3.89106599091787	up	16149
Ckb	57.9071565509348	1.32800944430806	0.418741049157601	3.17143362701046	0.00151688527454248	0.0199385110950053	2.81904726464324	up	12709
Tapbp	1431.58777890084	-1.32527065973229	0.230359817742166	-5.7530461376542	8.76495514726614e-09	9.64011589724952e-07	8.05725030197117	down	21356
Ngef	109.503487706301	1.32515410353422	0.39006266830955	3.3972851318409	0.000680580122559704	0.0110045742652993	3.16712073932587	up	53972
Rragd	4750.11388887574	-1.3250011805975	0.170961533089126	-7.7502883640307	9.16841045285262e-15	4.13858227670745e-12	14.0377059523773	down	52187
Itga5	239.159072782567	1.32398306170083	0.238598790841539	5.54899317398522	2.87319394788237e-08	2.76682192305633e-06	7.54163505703898	up	16402
Lfng	144.976805732305	1.32387141226978	0.416338871056127	3.17979296266888	0.00147380309539778	0.019530820592039	2.83156053567266	up	16848
Krt24	112.336196189895	-1.32242061251252	0.337867957951391	-3.91401605683715	9.07735953118354e-05	0.00225807589794137	4.04204046291123	down	75706
Nexmif	821.127568068989	1.31833500925891	0.184390949611511	7.14967308339417	8.69848073988016e-13	2.47986818672347e-10	12.0605565938071	up	245555
Pipox	59.4867963809852	1.31592569959793	0.465737989786941	2.82546351909133	0.00472122638081535	0.0437157316209941	2.32594517483208	up	19193
Cxcl16	151.168155819429	-1.31558861485663	0.27264912602556	-4.82520752600285	1.39857563463585e-06	7.65225714031692e-05	5.85431404211564	down	66102
Arhgap27	84.0626619477064	1.31431138235093	0.350288942176962	3.7520778537364	0.000175374980852198	0.00379226517976505	3.75603236338075	up	544817
Gm40264	120.990028341664	1.31149647394602	0.449532611580878	2.91746680921293	0.00352887203369652	0.035779162542865	2.45236409002969	up	105244705
Pcdh1	882.676024846422	1.30939391137718	0.180106702569471	7.27010096069086	3.59218920598262e-13	1.14458769891214e-10	12.4446407964618	up	75599
Erfl	143.170974015929	1.30921440525968	0.371610257944874	3.52308467613371	0.00042655505683402	0.00768260051240459	3.37002490509197	up	232974
Crlf1	694.483548421505	1.30891699624305	0.243058788776471	5.38518686294775	7.23694237379022e-08	6.0541633364059e-06	7.14044488555338	up	12931
Gm20679	155.283773087352	-1.30863685911337	0.327431243227967	-3.9966768174357	6.42379046795085e-05	0.0017077824302956	4.19220863337334	down	100534300
Il17f	217.959220722791	-1.30686198202687	0.22480273792775	-5.8133721771969	6.12267273433997e-09	7.05638032632681e-07	8.21305895360832	down	257630
Csf3r	67.5243565129483	1.30560136022472	0.400173496863474	3.262588278479	0.00110399782402969	0.015814292941749	2.9570317825967	up	12986
C030029H02Rik	152.062283582987	1.30397428118609	0.42938442579294	3.03684577934574	0.00239067735697073	0.0273105706285271	2.6214790318065	up	77383
Gm11454	102.834612397317	1.30245956330337	0.398096276123819	3.27172003713561	0.00106895370910362	0.0154708154184171	2.97104110144805	up	100504589
6430710C18Rik	1093.23619974821	-1.30121110120233	0.177359830595299	-7.33656035210953	2.1915301416502e-13	7.08714680285594e-11	12.6592525518125	down	76218
Il33	160.96442372379	1.30012974073448	0.390509232179886	3.32931883191838	0.000870586818397136	0.0133235294758829	3.06018791280546	up	77125
Capn11	94.6035783409423	1.29977802691419	0.413313989439136	3.14477143316146	0.00166216637707557	0.0210240273742536	2.77932550700835	up	268958
H2ac1	1267.87001157976	1.2987730244888	0.22231141352893	5.84213380623295	5.15363840042768e-09	6.13424073843505e-07	8.28788605652785	up	319163
Nudt17	43.2250876509032	1.2982149315433	0.439837241765841	2.9515802853148	0.0031615234488479	0.0334042088893061	2.50010359270021	up	78373
Gm35551	46.565887731478	1.29594614411852	0.461760344894819	2.8065340786544	0.00500776151856854	0.0453608565312812	2.30035636143417	up	102639180
Rarg	773.99158328687	-1.29582117913089	0.259913344057766	-4.98558926948703	6.17732490418383e-07	3.85717863685738e-05	6.2091995557963	down	19411
Phlda1	136.902501117936	1.29549547188592	0.309885603877647	4.18056036058203	2.90791606172668e-05	0.000913127787093218	4.53641813373289	up	21664
Zfp37	1473.97966934549	-1.29512623741344	0.203457140090488	-6.36559737759721	1.94531108482071e-10	3.14908693251841e-08	9.71101093849354	down	22696
Gm26811	62.3567563831894	1.29511427785192	0.454397414036605	2.85017968378577	0.00436945369265996	0.0414566585965069	2.35957285893224	up	NA
Elfn2	242.848419326371	1.29494771323794	0.308493859433199	4.19764502158056	2.69704945698709e-05	0.000861902221010902	4.56911108962436	up	207393
9530026P05Rik	6079.23152693624	-1.29431460027168	0.166195352350764	-7.7879109250899	6.81261803505705e-15	3.1406169141613e-12	14.1666859600871	down	330385
Sash1	5124.94306247154	-1.29374522934367	0.180250562763532	-7.17748233075373	7.10068315013543e-13	2.07906083532411e-10	12.1486998662018	down	70097
Lhx1os	380.199385790481	1.29349280937784	0.201099823514722	6.43209321008253	1.25858516198678e-10	2.11393524843159e-08	9.90011739264673	up	78365
Myc	66.4044117473195	1.29329820848279	0.41997553307916	3.07946084144626	0.00207375629787839	0.0247832750723283	2.68324228203826	up	17869
Rhbdl3	1089.71815064046	1.29145252250339	0.154545620022381	8.35644855102566	6.46346028664959e-17	4.66812646769455e-14	16.1895349152774	up	246104
Phf19	386.234922490606	1.29106539084715	0.225263087199185	5.7313668515319	9.96245361658157e-09	1.07928241255236e-06	8.00163368758926	up	74016
Steap3	402.195352561187	1.290768039309	0.361212332751688	3.57343291541577	0.000352331538752226	0.00662096049448784	3.45304847946141	up	68428
Wscd2	793.273105053875	-1.29023801740044	0.257730980450042	-5.00614251009895	5.55316500132806e-07	3.55977591963832e-05	6.25545942213311	down	320916
Prtg	6801.14784797133	-1.28960460701929	0.163724050949841	-7.87669618200675	3.36150950731345e-15	1.65531423852183e-12	14.4734656560981	down	235472
Gm50265	63.5351658387111	-1.28802204105745	0.459057518767955	-2.80579663418718	0.00501923590845996	0.0454268105382631	2.29936239161927	down	105247398
Olfm1	156.904317308711	1.28784660409187	0.328411370508118	3.92144340830622	8.80201220771349e-05	0.002207328686395	4.05541803343963	up	56177
Bbc3	83.0697224092713	1.28381111207187	0.396000029932605	3.24194700765643	0.00118716094866933	0.0167135908218442	2.92549039782681	up	170770
Peg10	1011.1106332165	-1.28319680506581	0.185949163897841	-6.90079362642784	5.17128133363459e-12	1.21789296365066e-09	11.2864018346276	down	170676
Paqr4	69.3239175106571	-1.28313525214337	0.343247771446142	-3.73821874134063	0.000185328669876204	0.00396007523689123	3.7320573912267	down	76498
Gm49518	348.258802685273	-1.28297210597917	0.242855805494171	-5.28285541030629	1.27185770818483e-07	9.98454382726112e-06	6.89556147359864	down	NA
Brdt	4312.45647003783	-1.28214058726025	0.211619212833034	-6.05871541669449	1.37212901707022e-09	1.86980625238117e-07	8.86260505133528	down	114642
Gm15564	483.742890129343	-1.2819000076818	0.222758729611366	-5.75465666336962	8.68180602565588e-09	9.59738220193296e-07	8.06138992166806	down	102639045
Sfrp4	57.3399597276388	-1.28184049881682	0.417977607167277	-3.06676835513779	0.00216386476433376	0.0255084101462566	2.66476988494202	down	20379
Gm38832	53.2865372626612	1.28153362839275	0.433220869270418	2.95815303300361	0.00309488436042368	0.0329040964023269	2.50935557364488	up	105242682
Car7	154.742122556639	-1.28094671883656	0.2586321734316	-4.95277405684149	7.31629086106722e-07	4.42799089627775e-05	6.13570903736108	down	12354
2010300C02Rik	2589.79832021909	-1.28060825279372	0.17700348881265	-7.23493226819495	4.6576152858881e-13	1.44166500570482e-10	12.3318363865862	down	NA
Cd24a	418.418316458159	-1.28016230078327	0.244304063179946	-5.2400368791261	1.60544509674095e-07	1.21626499689113e-05	6.79440454191321	down	12484
Gm48664	207.239284471108	1.27990751980563	0.460262213201669	2.78082250311699	0.00542213738501385	0.0477372818858574	2.2658294825509	up	NA
Abcd2	871.160874157238	-1.27970174600964	0.216357247948696	-5.91476254270479	3.32354710527943e-09	4.13858017989019e-07	8.47839816150607	down	26874
Gm41271	64.2402947715424	-1.27967607911345	0.44237263084369	-2.89275599322875	0.00381877843401768	0.0379200148166182	2.4180755387136	down	105245890
Bend7	3069.9860826123	-1.27915314063891	0.181177743300544	-7.06021124524663	1.66249672722802e-12	4.50266457360618e-10	11.7792392009711	down	209645
Gm48773	249.427184790652	-1.2786557055898	0.268507986858423	-4.76207698903198	1.91610548767002e-06	0.000101259164881332	5.71758058531389	down	NA
1700128A07Rik	121.418457634649	1.27715226161576	0.404414750799855	3.15802591050351	0.00158841439163595	0.0204371583275392	2.79903618671785	up	73631
Defb23	58.7670369840957	1.27655778876693	0.45097744705688	2.83064662567465	0.00464540133814925	0.0431982449758282	2.33297675929916	up	629114
Lst1	40.5077677483246	1.27619153531847	0.440683736376438	2.89593517975515	0.0037803047605685	0.0376241907428745	2.42247318680353	up	16988
Ltbp3	126.757459073966	1.2757887556926	0.365892808605597	3.48678281094012	0.000488868194729759	0.00854218320581426	3.31080821657678	up	16998
Tmprss5	478.733365003947	-1.27538481353999	0.243526874366139	-5.2371419657876	1.63082249990808e-07	1.23118575280517e-05	6.78759330536403	down	80893
Nefm	3225.02159870106	1.27425381631985	0.195233153621826	6.52683108724517	6.71757291807806e-11	1.17470662850479e-08	10.1727876106786	up	18040
Cib4	255.929117192557	1.27422222437855	0.398475769660086	3.19774079479288	0.00138508718847983	0.0186967999673187	2.85852288776641	up	73259
Scgn	202.110136187891	1.27207205468295	0.42586569930201	2.98702632489038	0.00281705463883994	0.0307646788607585	2.55020472947267	up	214189
Dll3	54.3050885078385	1.26811074390483	0.397459092262705	3.1905440549506	0.00142005188894159	0.0190162325572914	2.84769578613153	up	13389
Myl3	100.894232989646	1.26744265530254	0.435201894407008	2.91230960064987	0.00358766845949716	0.0362058744815673	2.44518769741827	up	17897
Lhx4	151.294920926418	1.26658531639674	0.347320391409316	3.64673467992286	0.000265593911077322	0.00532835488084475	3.57578188568893	up	16872
Tmc8	508.274411398494	1.26623785630154	0.212462886578599	5.95980727124832	2.52535592123876e-09	3.27646028416049e-07	8.59767740418426	up	217356
Sdr9c7	106.663385290302	1.26563229585493	0.456772167947513	2.77081745488566	0.0055915764567331	0.0488321995518082	2.25246573237504	up	70061
Gm50039	87.8509606796198	1.26515577320154	0.453174319653913	2.79176404825351	0.00524215669297135	0.0469065863503619	2.28049000172674	up	NA
Tspan18	591.58516258073	1.26249774292614	0.308861655010593	4.08758329965834	4.35890185912087e-05	0.00125925768775429	4.3606229090328	up	241556
Unc79	1814.13828127826	1.26185248829569	0.227877153013449	5.53742431660631	3.06952265730929e-08	2.94280298300533e-06	7.5129291565798	up	217843
AC241534.1	71.3712476195301	-1.26166621721604	0.384806212986174	-3.278705422725	0.0010428443278898	0.0152981097172568	2.98178051667826	down	NA
C1qtnf12	189.051903012914	-1.26132191023635	0.276307454143245	-4.56492176133058	4.99680660056415e-06	0.000221856970740431	5.30130745942938	down	67389
Entpd2	101.934444445656	-1.2610364944543	0.431836564319123	-2.92017072811465	0.00349839672268953	0.0356794150498918	2.45613094251162	down	12496
Gm32284	367.517257640541	-1.25919055526602	0.230714559538336	-5.45778540281847	4.82109833316395e-08	4.24629014571802e-06	7.31685401037242	down	102634782
Adam33	227.186588589513	1.25738140082928	0.276163030447647	4.5530402776618	5.28761446820348e-06	0.000232386901993032	5.27674021775004	up	110751
Ehf	152.754150847003	1.25676711979742	0.355804811472507	3.5321813513321	0.000412146604119899	0.00749159435525659	3.38494827417298	up	13661
Chst5	417.825874771524	-1.25672114013843	0.250093995451056	-5.02499525377199	5.03444986979848e-07	3.27571847834606e-05	6.29804797924424	down	56773
AU019990	202.647784173667	1.25504248957514	0.3924950189212	3.19760106261912	0.00138575843858032	0.0186967999673187	2.85831246808985	up	767814
Gm2675	41.5761695878613	-1.25266245003414	0.434305323304624	-2.88428988275494	0.00392297453050587	0.0385658299239885	2.40638451147196	down	100040231
Kcnn4	76.7515386794748	1.25252364257765	0.358085543283253	3.49783359331788	0.000469053697861629	0.0082693136465158	3.32877743585623	up	16534
Sbspon	750.557788717883	-1.25203725210691	0.195722065352898	-6.39701634994203	1.58442367582833e-10	2.62058838047117e-08	9.80012867661565	down	226866
Cyp4v3	614.411307806789	-1.25099357328736	0.199171944851623	-6.28097282586312	3.36460953967081e-10	5.17028332596081e-08	9.47306532805382	down	102294
Csdc2	278.994436499522	-1.24979038603236	0.273816722995345	-4.56433183612971	5.01087668762489e-06	0.000222025900185621	5.30008628465385	down	105859
Rhox2e	39.6726465992272	1.24905264942809	0.421850630994872	2.96088842271585	0.00306753046923889	0.0327409766881768	2.51321111480908	up	100040016
Slc15a2	157.030613847036	1.24878898049501	0.289059996783417	4.32017226316753	1.55907447043932e-05	0.000562129915114057	4.80713313989235	up	57738
Gas1	38.6853612763415	1.24760466217114	0.424455741653643	2.93930447803718	0.00328949745242313	0.0342991055349624	2.4828704456094	up	14451
Prr36	116.006319542348	1.24629376313742	0.334324921644687	3.72779198453519	0.000193164707277001	0.00410726173951989	3.71407221971652	up	73072
Nlgn3	88.0840918858289	-1.24521142427123	0.357429663707488	-3.48379429775107	0.000494359280034821	0.00861728280009209	3.30595730892346	down	245537
Gm20756	1643.89564100626	-1.24498244611589	0.193818371085234	-6.42344912479113	1.33220682428815e-10	2.22037886629626e-08	9.87542834598084	down	626904
Gm5751	380.31355757371	-1.24402144652951	0.283743621414515	-4.38431510928011	1.16351253400041e-05	0.00044461774381282	4.93422893389174	down	NA
Nradd	146.182927524618	-1.2436104933835	0.291729606801255	-4.26288749715668	2.01802132662471e-05	0.000697359937543502	4.69507424841304	down	67169
Tgfbi	441.360524045832	-1.24356889434328	0.22462930261105	-5.53609382163528	3.09291929013344e-08	2.9521710246397e-06	7.5096314127828	down	21810
Gm18774	96.505355722218	1.24066789035179	0.33764847554134	3.67443652266657	0.000238374895661978	0.00488172860520613	3.62273948403901	up	100417709
Olfr1328	297.400760014169	-1.23935231730926	0.252891997092595	-4.90071782246029	9.54871222593961e-07	5.56161149998477e-05	6.02005519500049	down	NA
Mill2	174.686708254076	1.23927675100354	0.330876256999934	3.74543873966691	0.000180078787223183	0.00388622219398876	3.74453744284124	up	243864
St14	259.778624093952	1.23798149886544	0.30023231820206	4.12341185079303	3.73301358710032e-05	0.0011156304191959	4.42794042936329	up	19143
Gm3054	86.0783287546987	-1.2361297176184	0.327156056551876	-3.77841000605896	0.0001578328692123	0.00350745105356194	3.80180254845851	down	100040941
Map3k15	4643.55874610495	-1.23566833210322	0.199738004296354	-6.1864457715811	6.15358394881094e-10	8.65777294927835e-08	9.21087187026662	down	270672
Ccnjl	995.533673284139	-1.23564721318195	0.189321494881836	-6.526713799472	6.72283296878176e-11	1.17470662850479e-08	10.1724476788148	down	380694
Hspb8	91.3254419227884	1.23533863745844	0.438887750974039	2.81470292738133	0.00488223426317908	0.0447286975815227	2.31138138576171	up	80888
Gfral	158.26684710457	1.23405838253518	0.429716658637069	2.87179553720174	0.00408146945406808	0.0395213650631707	2.38918344943513	up	404194
Bcat1	552.245766706824	1.23340471434403	0.221137648400488	5.57754287099179	2.43939677668645e-08	2.40247318002115e-06	7.61271755437645	up	12035
Cylc1	74.5270874179126	1.23284612432353	0.415419376965993	2.9677145378427	0.00300022825560736	0.0321971003537616	2.52284570315375	up	67407
Syne3	701.684131897504	1.23177178204189	0.17757151370122	6.93676455399514	4.01181608574135e-12	9.65822434775088e-10	11.3966589846193	up	212073
Rorc	255.970636044255	-1.23160486938436	0.262265992319131	-4.6960143726363	2.6528688288039e-06	0.00013244172560759	5.57628422319332	down	19885
Foxn4	85.5629899473601	1.22885743517555	0.401851998272447	3.05798512999407	0.00222830633090494	0.0260976828495769	2.65202510583372	up	116810
Myo7a	2704.55119853596	-1.22852861196696	0.208025930395092	-5.90565132737865	3.51256183459687e-09	4.3242430267165e-07	8.45437602176648	down	17921
Sap30	72.4588221890273	-1.2267391283803	0.41880358041484	-2.92915148233731	0.00339888734493976	0.034935337809682	2.46866322973345	down	60406
Gm48009	117.192532773955	-1.2266144022058	0.308228058721582	-3.97956762046048	6.90407208579667e-05	0.00181983612996297	4.16089468277658	down	NA
Kif21a	2571.87404997191	1.22655126917031	0.153180743271591	8.0072158090761	1.17334484573354e-15	6.35571569312713e-13	14.9305743300932	up	16564
Egr4	1486.48520848449	-1.22474475627645	0.208415733587095	-5.87645056923998	4.19156490583348e-09	5.10217060756708e-07	8.37762380446004	down	13656
Gm49981	56.7524244871534	1.22311969738623	0.435972924062423	2.80549463023786	0.00502394184620425	0.0454338343392349	2.29895539634466	up	NA
4833418N02Rik	72.7593954309134	1.22221477621304	0.349204719636781	3.49999501004543	0.000465266867441111	0.00821592275211617	3.33229787332065	up	74597
Plppr4	139.508328291958	1.22121758449846	0.416306099481919	2.93346070600031	0.00335206081809266	0.0346182563134479	2.4746881103513	up	229791
Gm15918	70.5313292759843	1.22092946971097	0.418279234478101	2.91893397776333	0.00351230603672533	0.0356950666408328	2.45440764986431	up	105245780
Dok7	116.191627251543	1.2204140089523	0.264309849261488	4.61736107209883	3.88650701289706e-06	0.000179933648394104	5.41044054430746	up	231134
Nrep	530.871720189991	-1.22001476749767	0.179077743550643	-6.81276602724589	9.57397862528665e-12	2.09534742297056e-09	11.018907546452	down	27528
Adcy10	2098.39551413465	-1.21979618095308	0.202444439979701	-6.02533801904062	1.68756555740534e-09	2.2295416422135e-07	8.77273934699094	down	271639
Gm9495	54.1175776712473	1.21748080535348	0.437908166962064	2.78021945514194	0.00543221742314838	0.0478066023181787	2.26502285585129	up	NA
Lonrf2	1443.86348194851	-1.21715479567126	0.174643276416322	-6.96937678132971	3.1834805548317e-12	7.92833025075155e-10	11.4970977985267	down	381338
Cmip	7193.08525883991	-1.21699637371951	0.1714581688407	-7.09792004631875	1.26648412586563e-12	3.51806558399111e-10	11.897400249294	down	74440
Gm6540	58.9101457074486	1.21614816943665	0.350861733599352	3.46617499993707	0.000527919545602786	0.00902494217131869	3.2774322584569	up	102633973
Adgrg5	68.835573663729	1.21543054392958	0.415332162811347	2.92640602572756	0.00342903085037709	0.035161765941846	2.46482860759772	up	382045
Gm48584	121.785844401918	-1.2153028402643	0.291550546644429	-4.1684121475734	3.06728939467261e-05	0.000953500133635172	4.51324524697799	down	118567985
Npr2	148.258097044879	-1.21468490587615	0.257156546067882	-4.72352317858362	2.31793527047423e-06	0.000118729795520958	5.63489869609821	down	230103
Elfn1	1045.29338705995	1.21246997947743	0.169192912837955	7.16619838940107	7.71090094573144e-13	2.22762787721551e-10	12.1128948757882	up	243312
Zar1l	151.175719744945	-1.20852887274441	0.346195400939437	-3.49088656136086	0.000481420613411684	0.00845343205805	3.31747531809238	down	545824
Zfp874b	516.832448917368	-1.20850408104246	0.218499911181612	-5.53091337432157	3.18567626358835e-08	3.00104554796386e-06	7.496798360387	down	408067
Noxo1	106.601568468274	1.20804830075811	0.377449059872732	3.20055983492298	0.00137160887394434	0.018588849776821	2.8627697137783	up	71893
Snx33	698.158104682929	-1.20766172833053	0.225349520053873	-5.35906057417752	8.36558052771472e-08	6.94471391931015e-06	7.07750391588091	down	235406
CJ186046Rik	55.4143042780232	1.20475512395715	0.429002215254258	2.80827250097794	0.00498080605064086	0.0451621265750857	2.30270036908399	up	102640971
Rhbdl2	170.071624854232	1.20420606528844	0.409867574495356	2.93803691782915	0.00330297689373392	0.0343404992113881	2.4810944644433	up	230726
Klhl14	413.783719799513	1.20330294323049	0.388726123660594	3.0955031575936	0.00196479280909408	0.0237165269050927	2.70668324000171	up	225266
Fcrl5	309.02431779472	1.20230038310064	0.432957187969467	2.77694981515223	0.00548716505132111	0.0482118431334041	2.2606519762355	up	329693
Pias3	165.659371234089	1.20156045289539	0.29166483357793	4.11966173006024	3.79429023103047e-05	0.00112617652651695	4.42086945233134	up	229615
Cysrt1	48.9070274640358	1.20100359084886	0.424541055737257	2.82894569233876	0.00467016231108905	0.0433912550576185	2.33066802530426	up	67859
Atoh8	1778.7078200566	-1.19965885415184	0.218834229684109	-5.4820439009179	4.20439861530407e-08	3.81157760660223e-06	7.37629611561711	down	71093
Lao1	260.573693747191	-1.19963262071649	0.262422563590906	-4.57137756868579	4.84528349627384e-06	0.000216876509250376	5.31468080741292	down	100470
H2ax	3009.25631722868	1.1993499425853	0.254163432073017	4.7188139253673	2.3722367770616e-06	0.000120939421761397	5.62484196545986	up	15270
Serpinb6b	91.1188443818073	1.1981329945607	0.350921682825442	3.41424612156747	0.000639587701321233	0.0104667271333287	3.19409989592592	up	20708
Angpt4	165.222879669236	1.19805592928995	0.291886493926455	4.1045267739994	4.05143350664473e-05	0.00119107747338496	4.39239128447111	up	11602
Ptprn2	5020.17651455187	1.197132779428	0.263400443815701	4.54491557449925	5.49572773376051e-06	0.000239108298810018	5.25997479098751	up	19276
Tmprss13	55.0290487980924	1.19701834818714	0.419531366627329	2.85322729933196	0.00432776542319922	0.041199338059955	2.36373628722013	up	214531
Itgb2	114.25698378097	1.19672313884049	0.390555132136218	3.06415929626831	0.00218282647361206	0.0256797461307254	2.66098078767526	up	16414
Pde4c	1417.93093099909	-1.19642719036649	0.21615072363136	-5.53515237083808	3.10957904232182e-08	2.95505478552574e-06	7.50729839938819	down	110385
1700111N16Rik	419.20393208931	1.19618826126311	0.340899759670915	3.50891494443365	0.000449938770084088	0.00799852630083774	3.34684658316665	up	74305
4930507D10Rik	112.043419317253	1.19614227817139	0.395967516962137	3.02080909905994	0.00252100248317504	0.0283763095692284	2.59842672654542	up	75043
Uncx	45.3884437874605	1.1893179479688	0.425984841866768	2.79192551255327	0.00523954161456629	0.0469065863503619	2.28070670594991	up	22255
Hspa1b	98.4392558291187	-1.18879997463595	0.294898410730538	-4.03121865489539	5.54883912510192e-05	0.00152765816167196	4.25579786630015	down	15511
Plch2	252.718240987849	1.18816805171411	0.29666690937871	4.00505757181485	6.20023785131322e-05	0.00166263061292579	4.20759164993215	up	269615
Dlk2	132.126739548449	-1.18787667099386	0.311283857993232	-3.81605611884857	0.000135601676326603	0.00311898250633599	3.86773494162756	down	106565
Aldh1a1	769.801824245085	1.18783861800992	0.285263596841849	4.16400350819548	3.12715305431379e-05	0.000966562414091539	4.5048508622757	up	11668
Bnc2	61566.0865620498	-1.1863444251166	0.205788920119688	-5.76486053975411	8.17253915897006e-09	9.17483968691214e-07	8.08764298980738	down	242509
Rgs9bp	91.9619111277586	1.18490569470285	0.38300821414974	3.0936822003499	0.00197689123686421	0.0238492775217912	2.70401722372075	up	243923
Gm17745	54.0687681287763	1.18412041470373	0.41263839596965	2.86963216770265	0.00410949547188764	0.0396325852411524	2.38621149375047	up	432488
Cd55	591.30452461775	-1.18321116651363	0.187695488994574	-6.30388707182962	2.90272023930507e-10	4.49237424464449e-08	9.53719481893264	down	13136
Plk5	104.880066671579	1.18257992540452	0.326729726913538	3.61944392564398	0.000295236777224102	0.0057681652408608	3.5298295440352	up	216166
Cyp2b13	141.808825693852	1.17777200065678	0.413702940690872	2.84690265602157	0.00441468595285621	0.0417411059714294	2.35510018535768	up	13089
Trp73	267.337677746902	1.17773575388017	0.400085477285707	2.94371033377733	0.00324303373616812	0.0340275118457892	2.48904853348693	up	22062
Mtmr11	60.4669388038093	1.1774265174482	0.375892271828762	3.13235095715024	0.00173412447881592	0.0216559763537838	2.76091973124127	up	194126
Cacnb3	540.16934553054	-1.17721448344916	0.264939050526243	-4.4433407650208	8.85727145418282e-06	0.000352776655510624	5.05270004503123	down	12297
Gm34639	571.31716033648	-1.17714165439725	0.23449854441833	-5.01982499429635	5.1718575711558e-07	3.34792546944003e-05	6.28635344375159	down	102637956
Iglon5	109.777596676645	1.1771320407946	0.382701044304537	3.07585270098686	0.00209901511916595	0.0250299177693828	2.67798443319145	up	210094
Gm35725	149.643679326887	1.17698527956123	0.283704559940301	4.14863010946634	3.34470732217732e-05	0.0010250321577032	4.4756418790694	up	102639399
Plagl1	883.210848694258	1.1763027266984	0.187807867836119	6.26333039319117	3.76840997755507e-10	5.67014854053372e-08	9.42384185500226	up	22634
Abhd12b	183.951050679479	1.17283544716638	0.284596720036461	4.12104344356506	3.77160289096499e-05	0.00112251812965025	4.42347404004433	up	100504285
Ano3	1170.53849839806	1.17264908670204	0.344336284341614	3.40553447320894	0.000660346758326268	0.0107333811764971	3.18022794979028	up	228432
Sh2b2	128.226378565497	1.17181718017973	0.296365587413827	3.95395832021306	7.68688056949598e-05	0.00198275763451511	4.11424986648008	up	23921
Plekhg3	526.397677517981	1.17159191742624	0.213758204015543	5.48092141221885	4.2311640989034e-08	3.81985968878916e-06	7.37354013092817	up	263406
Tcp11l1	489.786326266798	-1.17128261563792	0.279273735103334	-4.19403068893869	2.74040882264085e-05	0.000868289638421516	4.56218464295601	down	320554
Aspg	110.905950661529	-1.17103591675002	0.312014841525223	-3.75314171282892	0.000174632065077585	0.00377997298105498	3.7578760103	down	104816
Gm41819	156.611592530152	1.16979893030977	0.404153816091406	2.89443989821242	0.00379835616849357	0.0377691524106242	2.42040431428069	up	105246545
Dll4	208.001689361469	1.16936685547534	0.247643951410694	4.72196816766205	2.33573246038061e-06	0.000119359234007233	5.6315769036977	up	54485
Gm50322	57.0674166967538	1.16732951479566	0.358778884442937	3.25361821838577	0.0011394530318602	0.0162104588583814	2.94330357168969	up	NA
Gm48215	193.661525664322	-1.166763568559	0.298119843545579	-3.91374004052373	9.08774718698887e-05	0.00225807589794137	4.04154376314966	down	NA
Tfr2	213.683985211162	1.16655570740525	0.277038043069819	4.21081413396809	2.54452033334367e-05	0.000827809640578938	4.59439407431567	up	50765
Dao	143.175947811707	1.16634721847003	0.414208284828501	2.81584715031217	0.00486488060594855	0.044626320105456	2.31292781373355	up	13142
Trank1	1175.74946516203	1.16522801921017	0.220223163694333	5.2911237839971	1.21567048360169e-07	9.61311400299189e-06	6.91518412781563	up	320429
4930452G13Rik	160.044897146127	-1.16401083330135	0.26201265875629	-4.44257479324332	8.88887194952721e-06	0.000353385667028268	5.05115335007369	down	73989
4933412E12Rik	488.389887212551	-1.16258141041557	0.221270491718232	-5.2541186191967	1.4873500270545e-07	1.13473285338697e-05	6.82758681430952	down	71086
Plk2	405.308448680934	1.16149681460949	0.236624843318595	4.90860045935935	9.17286384344018e-07	5.37157948367077e-05	6.03749505285471	up	20620
Gm40557	72.2255684570558	-1.16127029173551	0.355773098031632	-3.26407560931506	0.00109821853739173	0.0157792447278956	2.95931122988635	down	105245048
Tnfrsf21	339.448134205556	1.16115308230086	0.339545515913645	3.41972733515988	0.000626839315332513	0.0103126252432115	3.20284377241963	up	94185
Adgrb2	227.249585999022	1.15831388866255	0.232099796287767	4.99058554634156	6.01965334207577e-07	3.80256061115906e-05	6.2204285180376	up	230775
Slc44a2	1720.53372838943	-1.15795967671401	0.170062940725227	-6.80900654649349	9.82750081083616e-12	2.12932460068387e-09	11.0075569116756	down	68682
Macrod1	1168.95184717851	1.15617549755884	0.248327488416951	4.65584984139	3.22647031655598e-06	0.000154322146465383	5.49127232603655	up	107227
Gm43625	62.0937705605328	-1.15614624161677	0.384443947648608	-3.00732069964467	0.00263561552680569	0.02934526290817	2.57911794262315	down	NA
Arhgef15	2725.33183681615	-1.15562917223943	0.216128864214096	-5.34694510352243	8.94511319165616e-08	7.34143058801568e-06	7.04841415949005	down	442801
Gm47186	438.190332302442	-1.15506876767457	0.191824647548834	-6.02148254895411	1.72826659366547e-09	2.26947589605756e-07	8.76238926461897	down	NA
Erg	17284.6909634188	-1.1548988457207	0.174345544052085	-6.62419479660279	3.491460923807e-11	6.75441819965413e-09	10.45699281419	down	13876
Camk2n1	843.823086205275	-1.15394157306184	0.230950845282492	-4.99648127137346	5.83858427786354e-07	3.72072369260204e-05	6.23369244652597	down	66259
Gm42750	93.8682478502593	1.15324904562909	0.396264111238782	2.91030404450167	0.00361077308589809	0.0363544457357686	2.44239980335905	up	NA
Clic5	627.622280090732	1.15265498514246	0.302326749597103	3.81261329564304	0.00013750516400284	0.00314606588009454	3.86168099160954	up	224796
Ddx25	2050.18271458233	-1.15127198870775	0.218378004039816	-5.27192284667024	1.35001831961507e-07	1.05218873852877e-05	6.86966033813184	down	30959
Cpe	664.239522488251	1.15119972007264	0.327489264645705	3.5152288772521	0.000439375140282518	0.007848261471147	3.3571645189757	up	12876
Pnpla1	140.289744225789	1.15019335830311	0.336490540403457	3.41820414007481	0.000630358086260776	0.0103469459507669	3.20041267164607	up	433091
Ddo	288.772699080043	1.14998171867472	0.341184691224885	3.37055485856114	0.000750169679901158	0.0118815251859784	3.12484049299484	up	70503
Gm14858	167.345187876658	1.14965914139755	0.351397334442546	3.27167860627445	0.00106911035404791	0.0154708154184171	2.97097746440722	up	434825
Tgfb3	103.895064871274	1.14913815193514	0.300786713748605	3.82044185932887	0.000133212805931801	0.00307911784417083	3.87545402382797	up	21809
Zbp1	102.53189188645	-1.14841801645986	0.302435497137275	-3.79723288876569	0.000146320309417381	0.00330931330286681	3.83469538914646	down	58203
Gm12446	232.422886546126	1.14838829767423	0.303173165837092	3.78789558931912	0.000151928666730316	0.00341676548048063	3.81836027335138	up	115489985
Tmprss7	124.475974536258	1.14765209756213	0.398170483727618	2.88231334180768	0.00394766949469141	0.0386857326736674	2.40365921432058	up	208171
Gm26510	3611.74868019399	-1.14724964604812	0.18165928033606	-6.31539244197032	2.69476755000969e-10	4.200541619141e-08	9.56947869099747	down	102640823
Zfp423	1015.6695079475	1.14722003609588	0.394351205902716	2.90913282100852	0.00362432845343681	0.0364441807042559	2.44077245143359	up	94187
Actn3	404.903146024875	-1.14706575526545	0.196864461599954	-5.82667763365227	5.6541679959243e-09	6.65809010693978e-07	8.24763129195209	down	11474
Cldn34c1	41.0907394193865	1.14454097282917	0.410650208464541	2.78714328944022	0.00531749607581532	0.0472770568217852	2.27429282192404	up	73061
AU020206	4887.47594057265	-1.14415993399422	0.211330065993163	-5.41408970189425	6.16012808638426e-08	5.25478327746802e-06	7.21041025753824	down	108167440
Mamdc2	669.742524333556	1.14407424384198	0.357829365997129	3.19726202642396	0.00138738835921399	0.0186986360435254	2.85780195373899	up	71738
Vldlr	252.6768818382	1.14328919607223	0.255555534023137	4.47374070940181	7.6862940817981e-06	0.000313043108778796	5.11428300321036	up	22359
Emilin3	147.428768050506	1.1430259551094	0.323876245750959	3.5292058930074	0.000416808711227637	0.00755731744449307	3.38006321293656	up	280635
Kdr	708.079889597815	1.14072729957748	0.208644469275575	5.46732584639386	4.56875722724731e-08	4.05701896896588e-06	7.34020191869371	up	16542
Gprc5a	159.73192404256	1.13995021081118	0.260302270884803	4.37933256185716	1.19043346711889e-05	0.000453306185097802	4.92429487213695	up	232431
Slc16a9	814.751425300092	1.13938483787554	0.211035132900986	5.39902916738571	6.70024813794661e-08	5.67087017206599e-06	7.17390911327746	up	66859
Psrc1	165.982972515564	1.13911702123757	0.299442068195106	3.80413155741149	0.000142302542117199	0.00322855411523912	3.84678734153475	up	56742
Stx6	4529.50146551536	-1.13906086639258	0.204791840284454	-5.56204224157776	2.66635727884534e-08	2.60234068291631e-06	7.57408165768475	down	58244
Pou6f1	781.061844850035	-1.13893468862567	0.244798010950781	-4.65254878584233	3.27857137380861e-06	0.000156077831038283	5.48431535739511	down	19009
Pax8	594.640579967465	1.13869048901324	0.278035157022742	4.09549102065571	4.21274556140835e-05	0.00122684889891176	4.37543477030901	up	18510
Cd200	174.168090958911	1.13851474260457	0.344015616815311	3.30948563656572	0.000934675616260113	0.0140441169053453	3.02933908700089	up	17470
Chrnb3	137.323961270792	1.13799805948266	0.400737104802748	2.83976214292113	0.00451471834416938	0.0425121261899687	2.34536933845979	up	108043
Nav1	2401.6280773439	1.13786354828991	0.173531231410483	6.55711101132179	5.48601753124462e-11	9.90546182078977e-09	10.2607428088878	up	215690
Ddah1	4773.4620285843	-1.13599484252307	0.171629078831237	-6.6188949463517	3.61893909407684e-11	6.87820643433007e-09	10.4414187259078	down	69219
Gm12963	85.1328163485066	1.13549970108596	0.409838327362472	2.77060398033904	0.00559524321265304	0.0488338314611182	2.25218103091982	up	102640839
Gm40988	187.935901237198	-1.13385668494373	0.243750683698849	-4.65170668544503	3.29199099019225e-06	0.000156077831038283	5.48254136207312	down	105245543
Gm48163	172.769762191897	1.13036203862225	0.367267307503516	3.07776383992857	0.00208560123882503	0.0249110926359547	2.68076872387333	up	NA
Plxnb1	929.162816697688	-1.13009075369769	0.208650564417005	-5.41618833792902	6.08829703069726e-08	5.23472745095704e-06	7.21550416772796	down	235611
Lims2	135.623858603973	1.12989787676217	0.272248919070283	4.15023824748585	3.32129386712807e-05	0.00101929850168646	4.47869269645044	up	225341
D830013O20Rik	145.781717105928	1.12989155140608	0.406297738655253	2.78094472084867	0.00542009655629549	0.0477372818858574	2.26599297665482	up	380765
Lhfpl2	5626.40539449315	-1.12923243486522	0.183272551853415	-6.16149239722706	7.20625313679098e-10	1.00088388919776e-07	9.14229048631828	down	218454
Adad2	491.725444315957	-1.12830828207798	0.255632861600454	-4.41378418648496	1.01579223424345e-05	0.000397361527284235	4.9931951116867	down	75773
Mvb12b	1056.16688174986	1.12657723721257	0.214322686605981	5.25645350500721	1.46859883111286e-07	1.12438624995486e-05	6.83309682179172	up	72543
Palm	1079.96185310353	-1.12612759280264	0.194257965106788	-5.79707293949869	6.74823463849824e-09	7.69547367959692e-07	8.17080982524808	down	18483
Gm32828	4851.5665018693	-1.12544357931803	0.165610299445609	-6.7957342211537	1.07762283675869e-11	2.28910333373044e-09	10.9675332137094	down	102635512
S100a13	107.96713011331	1.12494919512334	0.396624692045663	2.83630650759843	0.00456386232363295	0.0427278797351033	2.34066746525916	up	20196
Gm26618	284.145026555981	1.12488006188623	0.303738737949597	3.703446157312	0.000212690339698651	0.00443538170380238	3.672252235113	up	102636641
Scml1	496.024466370814	-1.12467547983834	0.244973807831897	-4.59100297208142	4.41121054506985e-06	0.000200793485042076	5.35544221304911	down	195726
Parp10	457.234964822358	-1.12418654717074	0.281187182506176	-3.99800068108027	6.38797674535405e-05	0.00170243901773169	4.19463667352648	down	671535
Pak6	129.757311512624	1.12337668026903	0.28359784518716	3.96116084566038	7.45862667091818e-05	0.00194004878846079	4.1273411301879	up	214230
Greb1	825.342970447752	1.12171830193423	0.235601080205726	4.761091506689	1.92548711969938e-06	0.000101507370857729	5.7154593821891	up	268527
Cblc	140.44499277227	1.12058500963804	0.325087854363106	3.44702207295141	0.000566802271375186	0.00956456761206086	3.24656841805102	up	80794
Wfdc8	322.824914279007	-1.12048001574673	0.218825966610796	-5.1204161603893	3.04862131846747e-07	2.10364579959346e-05	6.51589651775126	down	277343
Apeh	140.291641793904	1.12022128192048	0.293594819740607	3.81553490252385	0.000135888245960341	0.00312225941168899	3.86681810717722	up	235606
Aff4	4617.44165921426	-1.11974016316205	0.1803584224138	-6.20841626454798	5.35212277124903e-10	7.78284859628542e-08	9.27147393293372	down	93736
Atp2a1	75.0632078738209	-1.11931998628579	0.332826110013702	-3.36307745278672	0.000770787348379469	0.0121636194299621	3.11306542242094	down	11937
Gm31342	80.5501707783925	-1.11860208193899	0.383627222431519	-2.91585689578812	0.00354713156049631	0.0358803452480269	2.45012270356696	down	102633543
4933431E20Rik	162.763454931672	-1.11730455634364	0.315468536197086	-3.54173056309367	0.000397511287573145	0.00730090380122191	3.40065053477825	down	329735
S100a10	77.7525732068159	1.11589558509695	0.370016044661015	3.01580323663873	0.00256299519363082	0.0286692910998446	2.59125220824477	up	20194
Alpk2	356.019873599115	1.1157147192962	0.385497301234007	2.89422186802529	0.00380099481621119	0.0377780526068109	2.4201027226864	up	225638
Nrp1	922.61981249361	1.1153023561447	0.262449815900331	4.24958330535943	2.14168549835086e-05	0.000731922708087824	4.66924430397988	up	18186
Ank1	701.741202789986	1.11477667935811	0.303293173841983	3.67557457768209	0.0002373147011609	0.0048692212405807	3.62467535729343	up	11733
H3c3	227.16534974856	1.11424278562798	0.260466646356113	4.27787127916785	1.88689073590738e-05	0.000657287163583683	4.72425324777698	up	319148
Zfp809	763.167474822694	1.11232801849041	0.220070829119291	5.05440917790818	4.31725139650615e-07	2.85046179703923e-05	6.36479266134222	up	235047
Gm13814	382.529890709057	1.11159308131803	0.295772538361206	3.75827007969387	0.000171092152056284	0.00371477192544024	3.76676991095462	up	105244234
Thsd4	10991.1309752212	-1.11146964998174	0.144436432537448	-7.69521671544725	1.41254554371988e-14	6.00110280309385e-12	13.849997540629	down	207596
Serinc5	10009.6299956562	-1.10934141288187	0.194447814425418	-5.70508553238259	1.16284681370689e-08	1.23381650606347e-06	7.93447749278969	down	218442
Ramp2	97.7068745612218	1.10902690661476	0.27659436283773	4.00957884765494	6.08271397202913e-05	0.00164537033248383	4.2159026049229	up	54409
Arhgap18	1056.14670538295	1.1086237823037	0.293165424704612	3.78156388469319	0.000155846215269042	0.00347042132192635	3.80730374011623	up	73910
Apol7e	159.19253552708	1.10842248614997	0.394706747507346	2.80821772911126	0.00498165332138528	0.0451621265750857	2.30262649876822	up	666348
Slc5a2	62.958748276192	1.10808136728808	0.359587851204721	3.08153171353175	0.00205938537958752	0.0246387095635134	2.68626237481605	up	246787
Gm12576	986.301976600558	-1.10777801086506	0.168092882159553	-6.59027316703134	4.39018066083547e-11	8.08591447139672e-09	10.3575176076874	down	102635494
Cnpy1	156.348314712853	1.10738714674113	0.369451436888252	2.99738216223551	0.00272309111123644	0.0300873101005406	2.56493782746457	up	269637
Gm31126	233.936255327331	-1.10723129935276	0.217743074136563	-5.08503567217174	3.67556980725813e-07	2.48870534418319e-05	6.43467532461643	down	102633258
Npdc1	342.038807941784	-1.10660639816253	0.234701045709874	-4.71496151546959	2.4175643880823e-06	0.00012267299202946	5.61662195033019	down	18146
Morc4	235.545319889667	1.10576481717535	0.254913890206545	4.33779742751326	1.43917705610025e-05	0.000528519479229224	4.84188577329263	up	75746
Plgrkt	1041.26909903324	-1.10569497725541	0.231898668108386	-4.76800917519126	1.86055312483273e-06	9.88054033229185e-05	5.73035792494784	down	67759
Dusp15	87.5417624690151	1.10455636553074	0.342016229950193	3.22954371402666	0.00123987924959083	0.0171797390366092	2.90662060821672	up	252864
Epha2	1036.30094633982	1.10392153761632	0.215568238445381	5.12098417455884	3.03945156298845e-07	2.10364579959346e-05	6.51720477318576	up	13836
Esr1	4972.78784156814	-1.10365257911101	0.218159193767039	-5.0589322414234	4.21610636501115e-07	2.79358949879806e-05	6.37508844116488	down	13982
Adamts8	51.7962091339685	-1.10281949312846	0.386752425553004	-2.85148694685386	0.00435152728652924	0.0413528691742233	2.36135828886188	down	30806
F2r	736.801416221521	1.10272287207678	0.201835875391038	5.46346317244324	4.66934175483887e-08	4.1294133796773e-06	7.33074433836113	up	14062
Cd101	129.237203029479	1.10262414120586	0.396019607240576	2.78426653894446	0.00536489273192263	0.0475176833295982	2.27043895709035	up	630146
Dtna	8849.22759166376	-1.1017153898123	0.178853956014947	-6.15986033722521	7.2809128064928e-10	1.00481234253681e-07	9.13781416986665	down	13527
Sfrp1	1378.90643848554	-1.10128956837212	0.164372290850188	-6.69997091770083	2.08461022884284e-11	4.22123830171381e-09	10.6809751355521	down	20377
Fzd2	206.56026891685	-1.10099616670967	0.249447535949069	-4.41373839401032	1.01600722811403e-05	0.000397361527284235	4.99310320236817	down	57265
Arhgef26	858.231709403874	1.10084337668264	0.21449804315366	5.13218377425492	2.86399652130897e-07	2.02195920333389e-05	6.5430275138702	up	622434
Slc34a2	371.044322141147	1.10050429067619	0.272012025036206	4.04579279364471	5.21463431896758e-05	0.00145412460474994	4.28277614147002	up	20531
Slc1a3	259.576949091192	1.10033157626154	0.340181944172634	3.23453844364869	0.00121839516824214	0.0169427517803216	2.91421183193887	up	20512
Hdac11	866.43440253768	-1.09810495108537	0.228974837089192	-4.79574509166538	1.62071272362032e-06	8.75710288844924e-05	5.7902939583798	down	232232
Irgm2	414.971386814882	-1.09746710746246	0.25243260089874	-4.34756486901902	1.37657363769676e-05	0.000511598988129944	4.86120055173162	down	54396
9330154J02Rik	633.924234639468	-1.09590813336174	0.172165876497601	-6.36542011492624	1.94755918658544e-10	3.14908693251841e-08	9.71050933518717	down	442799
Gm44148	127.771043104674	-1.09567430214942	0.254310249806125	-4.30841581487461	1.64428038878282e-05	0.000587985996667124	4.78402412297716	down	115490371
Tm6sf1	767.408630842219	-1.09348963917132	0.226247175420307	-4.83316371636423	1.34380186173929e-06	7.40869082399622e-05	5.8716647615626	down	107769
Ucp2	363.274204930848	1.09202574173515	0.310428242207211	3.51780409530595	0.000435133469774088	0.00779176602445881	3.361377510182	up	22228
Cebpg	4410.59163978713	-1.09186800184411	0.183616797171322	-5.94644944615471	2.74021110794438e-09	3.51314521158763e-07	8.56221597751407	down	12611
Kcp	1299.8391958816	-1.09072953286752	0.220210892270711	-4.95311345238388	7.30353629369157e-07	4.42799089627775e-05	6.1364668082399	down	333088
Cpne2	413.610485302488	1.08996203590705	0.241426892932599	4.51466703923221	6.34163210866927e-06	0.00026784433313555	5.19779895590861	up	234577
Car11	96.0260696099398	-1.0889948862342	0.360613407572398	-3.0198402593103	0.00252908034815405	0.0284009483081338	2.59703737302585	down	12348
Tent5a	180.385469006599	1.08805046262875	0.282591801239338	3.85025488303973	0.000117994966977769	0.0027776144016337	3.92813651693454	up	212943
Itga10	73.3454352607205	1.08800303318152	0.388457912449727	2.80082603111431	0.00509719895470803	0.0459023315676055	2.2926684146268	up	213119
Gm37190	180.185165083019	-1.08769475073277	0.303871608679889	-3.57945500554676	0.000344311522576438	0.00648712848666407	3.46304844314595	down	NA
Apba2	2891.30683920325	-1.08737616704063	0.156177717577814	-6.96242834064245	3.34456736176576e-12	8.14233045251447e-10	11.4756600526494	down	11784
Dmbx1	215.349937225909	1.0860687164134	0.292690978291497	3.71063270468064	0.000206741884637643	0.00434057792097269	3.68457152906085	up	140477
Arl10	150.384088227324	-1.08467430414915	0.279374790710814	-3.88250601061537	0.00010338546002496	0.00250005888656341	3.98554053546786	down	56795
4930543E12Rik	292.24152081208	1.08455859554234	0.350017642453213	3.0985826541224	0.00194448722229803	0.0235633135601407	2.71119490636259	up	75239
Usf1	1086.2590245739	-1.08430313286434	0.196495627579669	-5.5182048894432	3.42479999172872e-08	3.19849747503389e-06	7.46536478622262	down	22278
Gabrr3	324.603792142445	1.08386357151421	0.352727347783693	3.07280844063976	0.00212054562756972	0.0251872910139246	2.67355237843249	up	328699
Adgrf5	666.757288747575	1.08323326101774	0.298717174905257	3.62628382971722	0.000287529307664546	0.00565839919088803	3.54131788138033	up	224792
Arhgef5	505.306339386698	1.08317714807472	0.20710455783247	5.23009806935742	1.69420140632522e-07	1.27459242607113e-05	6.77103496209488	up	54324
Ifngr2	904.15618685199	-1.08107115228378	0.216595779462928	-4.99119214125227	6.00077670798608e-07	3.80172014420861e-05	6.22179253325618	down	15980
Vgll3	189.305577425896	1.07975207455207	0.355668385924057	3.03583933035482	0.0023986714628353	0.0273825155875935	2.62002923166893	up	73569
Tcf7l2	5052.7084813405	-1.07874613594585	0.14903895319753	-7.23801471227542	4.55300062331275e-13	1.42970818123648e-10	12.3417022902362	down	21416
Vwa2	1394.62908844363	-1.07828214675734	0.196880387562641	-5.47683880607085	4.32991311745072e-08	3.87670361635557e-06	7.3635208179631	down	240675
St6galnac4	155.311371424944	-1.07793205492547	0.274260265568471	-3.93032527949756	8.48310193091155e-05	0.00214974701212936	4.07144531458899	down	20448
Alox12b	334.756560570776	-1.0771445742538	0.209923946970816	-5.1311181492007	2.88026039374326e-07	2.0261883750401e-05	6.54056824749988	down	11686
Gpx7	76.2289586482167	1.07624539454518	0.379466024099518	2.83621016426736	0.00456523937724484	0.0427278797351033	2.3405364454044	up	67305
Zbed3	470.956956929505	1.07536777378018	0.23115855809552	4.65207856736939	3.28605823966714e-06	0.000156077831038283	5.48332474371839	up	72114
Tubb6	313.918020040782	1.07534290351412	0.270360736193472	3.97743739958084	6.96619540808489e-05	0.00183175431925941	4.15700434735371	up	67951
Gm15755	57.7922034378138	1.07485718463356	0.358475035982639	2.99841572422805	0.0027138720213086	0.0300007474927007	2.56641063631886	up	102636986
Kif26a	1045.1092346756	-1.07451756869859	0.216134562458194	-4.97152124342181	6.64295837439857e-07	4.11237083137411e-05	6.17763846889304	down	668303
Fbln5	415.216707779506	1.07216917662011	0.343402928018305	3.12218996735799	0.00179511065884813	0.022149580094113	2.74590877435819	up	23876
Ubxn2a	1509.12498386677	-1.07121339121504	0.210750842336953	-5.08284275088382	3.71827518693004e-07	2.50977783411879e-05	6.42965847154567	down	217379
Padi2	158.769402156475	1.07120657715482	0.26862280797633	3.98777224177188	6.66966475578837e-05	0.00176448872116809	4.17589599492456	up	18600
Trim12a	538.468657693622	-1.07030278282886	0.225724640335632	-4.74163025019078	2.1200528787272e-06	0.000110687194514174	5.67365330668774	down	76681
Efemp1	342.371968479985	1.07001161117526	0.370759785285794	2.88599695447137	0.00390175932853694	0.0384619742363102	2.40873952261754	up	216616
Sec1	374.067648934278	-1.06980295198211	0.272795595352433	-3.92162839213002	8.79525624602749e-05	0.002207328686395	4.05575150303829	down	56546
Spred3	129.554065054891	1.0695745013724	0.302262309475438	3.53856391565525	0.000402309871909576	0.00736377359706232	3.39543931054767	up	101809
Slc25a21	1899.02468743388	1.06948136759392	0.346821583796778	3.08366438987426	0.00204468111068307	0.0245305125277797	2.68937441512351	up	217593
1700041G16Rik	67.838079145039	-1.06917756969829	0.318438208247272	-3.35756684344882	0.000786317286977904	0.0123368114822232	3.10440217637929	down	73299
Col9a3	220.942198021752	-1.06904898571201	0.252312763077389	-4.23699924123187	2.26526901339936e-05	0.000762116498330951	4.64488021568318	down	12841
Fgd5	8105.48882973264	-1.06839857536009	0.224904199258774	-4.75046076899077	2.0295366716815e-06	0.00010673293947894	5.69260309701236	down	232237
Fam129a	636.815902877979	1.06791996084425	0.357391111627898	2.98809882534553	0.00280718767656747	0.0307334633486332	2.55172855132246	up	NA
Gm41442	133.091589896654	1.06770088878703	0.32173163178869	3.31860713493128	0.000904676110835508	0.0137266227545329	3.04350687764981	up	105246099
Zfp92	277.178841641522	-1.06743214762824	0.237509409937239	-4.49427308126574	6.98079982557034e-06	0.000291376714078901	5.156094815209	down	22754
1700018A04Rik	157.812064830056	1.06659381533245	0.363950174059829	2.93060394348681	0.00338303793378134	0.0348541526016187	2.47069313246932	up	71307
Zfp27	1787.73825058354	-1.06582922947897	0.219205595360882	-4.86223550874366	1.16067411084245e-06	6.49827544176315e-05	5.93528970250978	down	22689
Map3k21	396.494371413219	1.06460911015179	0.360062435126082	2.95673473901546	0.00310915468445927	0.0330063961529539	2.50735767070819	up	234878
Muc2	152.979566537231	1.06448093791318	0.375996566542719	2.8310921764554	0.00463893500533893	0.0431751738662709	2.33358171220217	up	17831
Akr1b7	198.867331856259	-1.06412422641867	0.245418438571627	-4.33595875115185	1.45126159409751e-05	0.000531156840528896	4.83825429767028	down	11997
Wnk3	2142.42490018144	-1.06291729084337	0.188688020031373	-5.63319966294966	1.76896454560632e-08	1.80793183064397e-06	7.752280871331	down	279561
Rasgef1b	12481.8308044459	-1.06093726885429	0.1517375440024	-6.99192329643548	2.71143121000221e-12	6.83123023571138e-10	11.566801409298	down	320292
Hid1	337.780068472867	1.0603824965974	0.24393126698816	4.34705443746526	1.37977983299504e-05	0.000511912493861362	4.86019020703617	up	217310
Tpbg	656.460243224387	-1.06032239346477	0.219710590136032	-4.82599583756195	1.39305417584505e-06	7.64134299443914e-05	5.85603199354514	down	21983
Gm28373	119.003933564119	1.05935507516331	0.261923992156991	4.04451332021681	5.2431927483429e-05	0.00145833449651278	4.28040417661718	up	NA
Ripor3	384.386363927224	1.05878014066183	0.18408833185467	5.75147881451657	8.84661684925895e-09	9.68079026630776e-07	8.05322278180008	up	69553
Itpkb	558.923668981421	1.05876120106978	0.218759384923816	4.839843563459	1.29941372677989e-06	7.20061309926851e-05	5.88625254973529	up	320404
C230014O12Rik	487.746566870995	1.05501593731226	0.374070425832871	2.82036714066143	0.00479687325832954	0.0442098568689544	2.31904175619228	up	329387
Eppin	420.536890477362	-1.05447639420891	0.216632456388156	-4.86758268723837	1.12971569184138e-06	6.39100519455019e-05	5.94703083881749	down	75526
Uqcc3	143.823488256282	-1.05435027079832	0.273135581223043	-3.86017180946242	0.000113307329145236	0.00268602833762564	3.94574199742357	down	107197
Eml5	5762.99806147403	-1.0542833397944	0.184682709844199	-5.70861961406028	1.1389612043449e-08	1.2179347032687e-06	7.94349106874433	down	319670
Nr2f2	74.2373842861356	1.05365906479254	0.352653907286659	2.98779920772595	0.00280994096523018	0.0307334633486332	2.55130280420314	up	11819
Vstm4	253.845235710195	1.05353455694567	0.376934739999321	2.79500519625112	0.00518988810033631	0.0465435867011535	2.28484200591462	up	320736
Tshz3	710.950853046504	1.05344697875428	0.185048395080324	5.69281878017376	1.24958996176338e-08	1.31431386900617e-06	7.90323247223781	up	243931
H3c2	88.0162056288568	1.05189157805641	0.371303650874072	2.83296858401524	0.00461179182051909	0.0430334596792365	2.33613030528896	up	319150
Sh3yl1	1508.78949213392	-1.05087100632867	0.183531867830745	-5.7258230886518	1.02933444629785e-08	1.1095815645739e-06	7.98744349347622	down	24057
6820408C15Rik	252.589909951487	1.05034847863477	0.248753956715131	4.22243928299648	2.41672513501344e-05	0.000797004315073609	4.61677274104252	up	228778
Rrm2	1122.10604548927	1.0503039764614	0.198361619892652	5.29489513661865	1.19084726478188e-07	9.4513141707066e-06	6.92414393651557	up	20135
Gm26797	58.9206636131238	-1.0502216818553	0.359226597972244	-2.92356325445715	0.00346049907434928	0.0354006767912775	2.46086126259287	down	108167690
Ifih1	1507.11579194198	-1.04964741087089	0.169325789411774	-6.19898135137764	5.68297642247511e-10	8.15450663217009e-08	9.24542414575189	down	71586
Ociad2	149.562615404172	1.04903457684407	0.322086305725464	3.25699838271992	0.00112597074476132	0.0160820093122897	2.94847289328021	up	433904
Ces1d	123.670152774456	1.0489576783141	0.376493901547966	2.78612129971104	0.00533429065035498	0.0473413018566556	2.27292332452796	up	104158
Gm48960	227.24718993704	-1.04708451796583	0.230566938730359	-4.54134718417005	5.58958947545281e-06	0.000242219270329272	5.25262008747897	down	NA
Acbd4	103.306055538937	1.04706749653478	0.31965081003068	3.27566038839157	0.00105415239039673	0.0153703363679178	2.97709660209839	up	67131
Psd2	388.743054379898	1.04625167733429	0.223883748243423	4.67319171464255	2.9655470797551e-06	0.000144392154105739	5.52789517690276	up	74002
Gm5091	371.307299879007	-1.04616064796074	0.232294761487375	-4.50359121859749	6.68146692942795e-06	0.00028001420495148	5.17512817683362	down	328747
Ppp1r9a	11963.3736181334	-1.04613359412529	0.187218097462608	-5.58778028568648	2.29990368393315e-08	2.27543438903103e-06	7.63829035111815	down	243725
Barx1	257.672426729021	1.04553207567954	0.271928018396176	3.84488542904131	0.000120608776339725	0.00282511389940846	3.91862108873621	up	12022
Gjc3	150.631490119656	-1.04516377234099	0.284400728593031	-3.6749686877089	0.000237878586954737	0.0048761734565263	3.62364464995914	down	118446
Casp8	349.25683297817	1.04509131462467	0.333682335479883	3.13199472522775	0.00173622994588238	0.0216569090048439	2.76039275749215	up	12370
Zfp811	432.63193946421	-1.04480933823686	0.224304861236163	-4.65798793873136	3.19314915383976e-06	0.000153405682297663	5.49578079484087	down	240063
Jun	127.255878740092	1.04450791826638	0.344716695999902	3.03004737045482	0.00244515384835011	0.0277523040503938	2.61169381000153	up	16476
Spryd3	705.636163786298	-1.0441051800455	0.198986486304537	-5.24711601996711	1.54498611297342e-07	1.17456891613316e-05	6.81107541985476	down	223918
Rgma	959.20168022022	-1.04355969566686	0.260111282925678	-4.01197396717712	6.02131413642571e-05	0.00163488487962326	4.22030871473648	down	244058
Ly6g6c	280.813257684066	-1.04334747472733	0.275666016527553	-3.78482443309457	0.000153817127729887	0.00344292944888787	3.81299530260728	down	68468
Rab33a	83.4096398117515	-1.04327006032063	0.355877848526855	-2.93153975342724	0.00337286195181212	0.0347833412231857	2.47200143372723	down	19337
Cdk14	11208.4882968102	-1.04168346665406	0.15597627227695	-6.67847392072849	2.41443179399321e-11	4.84384200744915e-09	10.6171850586052	down	18647
Cacng6	151.707585625724	-1.04125204690226	0.314619094482906	-3.30956405749505	0.000934413817159055	0.0140441169053453	3.02946074828008	down	54378
Ppp2r2c	1719.22100564341	1.04102261683723	0.159027697832365	6.54617171113551	5.90307051136737e-11	1.0570399071884e-08	10.2289220291598	up	269643
Macroh2a1	3909.24681705448	-1.04057753891972	0.178798781853852	-5.81982454315756	5.89094338887313e-09	6.82561873832695e-07	8.22981515075207	down	26914
Notch1	1762.43183098378	1.03981646099816	0.18975194293424	5.47987253737115	4.25632354050174e-08	3.82662913493988e-06	7.37096536696442	up	18128
Eif2c5	1158.50888026465	-1.03924938645587	0.210612971073917	-4.93440352299638	8.0396072683333e-07	4.79873748437955e-05	6.09476516584876	down	NA
Gm20458	172.169709071915	-1.03881887292735	0.307275388217856	-3.38074220311729	0.000722903322992567	0.0115254939656218	3.14091977891326	down	NA
Wdr24	281.058425979716	-1.03764010359483	0.288280708888316	-3.59940874155692	0.000318941535270203	0.00609929942162355	3.49628891956533	down	268933
Syt7	428.686857975515	1.03669211209382	0.188048853074237	5.51288718407957	3.52994515497221e-08	3.28254599454004e-06	7.45223204222633	up	54525
Ccng1	2829.76533304373	1.03669061704433	0.185473463351622	5.58942825734034	2.27818464618322e-08	2.27317258585553e-06	7.64241107939271	up	12450
D030056L22Rik	847.111053595604	-1.03666140085278	0.243829515871437	-4.25158290270063	2.12264907001214e-05	0.000727092994862541	4.67312180025464	down	225995
Slfn8	96.8453689496764	1.03566065700952	0.366742237139811	2.82394704544134	0.00474362215529328	0.0438481489926363	2.32388991121343	up	276950
Cpa2	154.779611362101	1.03485096026459	0.312172913224532	3.3149928018267	0.00091645484496858	0.0138568228373581	3.03788892848037	up	232680
Chrdl2	332.856178342206	1.03359931578394	0.232884361699235	4.43825127733915	9.06927053372493e-06	0.000359239277247199	5.04242764303013	up	69121
Hcfc1r1	131.937836362074	-1.0331203204408	0.247422655310788	-4.17552838539826	2.97295178256308e-05	0.000930851824751363	4.52681213443334	down	353502
E130311K13Rik	108.420313834616	1.03146808225963	0.321967021173204	3.20364513887508	0.00135699622373099	0.0184570227116003	2.86742136089964	up	329659
Bambi	357.737971590671	-1.03124855519977	0.225972544202998	-4.56360111728159	5.02835740030088e-06	0.000222345754678203	5.29857386156241	down	68010
Gm14022	171.78893851853	-1.03103604914008	0.251575037066727	-4.09832414678971	4.16152227406528e-05	0.00121519815515057	4.38074777651397	down	100503381
Gstm2	188.398938070627	1.03094092629157	0.266359832043275	3.87048196562937	0.000108620392779882	0.00259582170767276	3.96408863109755	up	14863
9030404E10Rik	63.210327113382	1.03022479419094	0.366507229576886	2.81092625479797	0.00493991068322064	0.0449765104081203	2.30628090333042	up	71528
Adrb1	116.160755196659	1.03015909690668	0.276515987371252	3.72549560949466	0.00019493184578012	0.00414077284560574	3.71011720492145	up	11554
Tmem59l	473.604939139423	1.02969497956523	0.2111963377999	4.87553425543214	1.08514362815542e-06	6.21997763309385e-05	5.96451277537573	up	67937
Cdc14a	1837.60476658328	1.02960889023456	0.164029186722387	6.2769858877441	3.45199401972823e-10	5.26720805813039e-08	9.46192996533263	up	229776
Spo11	738.888996565913	-1.02939714259213	0.224807821627848	-4.57900946300797	4.67183064489715e-06	0.000211766850592022	5.33051290890074	down	26972
Gm20532	96.1582571836382	1.02891482292396	0.328888466219261	3.12846125238703	0.00175724178544155	0.0218065050201386	2.75516847819813	up	NA
Fam214a	8751.90854054352	-1.02872455458207	0.195045236249386	-5.27428700317875	1.3327320232739e-07	1.04246587538901e-05	6.87525716680007	down	NA
Fbln7	282.427886411503	1.02825877609798	0.243574167879898	4.22154280582411	2.42635864878492e-05	0.000798965240778463	4.61504500409764	up	70370
Plekha2	363.032565567543	1.02804020619584	0.313431140737766	3.27995553912096	0.00103823447002928	0.0152408037006263	2.98370455637126	up	83436
Coro2a	499.011764692183	1.02757832631879	0.207215155418208	4.95899213667505	7.08598349956305e-07	4.31269675519754e-05	6.14959986330076	up	107684
Figla	216.901711489693	-1.02750696931111	0.268629722818033	-3.82499359539276	0.000130775486165341	0.00303615894848733	3.88347365678298	down	26910
Dmrtc2	241.694990910415	-1.02702834882476	0.250086313024736	-4.10669555004066	4.01359683865299e-05	0.00118155710194422	4.39646625405627	down	71241
5830444B04Rik	130.001975668155	-1.02458620772314	0.289468334882953	-3.53954503568563	0.000400817374805564	0.00734730123512026	3.39705346074703	down	641454
Maml2	1558.65704994729	1.02406135336961	0.357332268422474	2.86585188035374	0.00415888784859107	0.0399426520458434	2.38102279095864	up	270118
Fbxl21	426.604146186025	-1.02376821909095	0.207803318125091	-4.92662113544632	8.36637524954107e-07	4.96641787758373e-05	6.07746266029684	down	213311
Fam3c	1694.66127244301	-1.02351810425813	0.169723402951512	-6.03050661522816	1.63446479921197e-09	2.17263489598317e-07	8.78662442820238	down	27999
Slc1a1	264.335171847444	1.02293875181508	0.294235828258684	3.47659480447686	0.000507824654179408	0.00880242942568418	3.29428621855848	up	20510
Dbn1	585.249601704985	-1.02221053244946	0.247308412624602	-4.13334314672551	3.57524321514318e-05	0.00107739631074419	4.44669440885542	down	56320
Slc38a7	365.342730063303	-1.02212252807093	0.192252961876889	-5.31655022680717	1.05753040669788e-07	8.61410200072289e-06	6.97570713669878	down	234595
Egr3	907.226402773665	1.02163052221574	0.207854222520975	4.91512998785792	8.87235711979998e-07	5.20968459931453e-05	6.05196098579069	up	13655
Chst3	143.3761269266	1.02045982733166	0.262900901316105	3.88153795678579	0.00010379794708248	0.00250444334012928	3.98381123588609	up	53374
1700029M20Rik	157.754843097889	-1.01941406735863	0.336821814478808	-3.02656782766894	0.00247347320333688	0.0280064909031313	2.60669279025471	down	73937
Tmem44	1061.98676081275	-1.019207662875	0.196512375883051	-5.18648079183348	2.14305115910794e-07	1.56869896839161e-05	6.66896746131791	down	224090
Gm13547	87.4463747836695	-1.01917419440036	0.337322520963906	-3.02136421691635	0.00251638473628836	0.0283675900526326	2.59922295779233	down	433416
Kantr	1818.34224832198	-1.01843527806394	0.199702240071194	-5.0997689244791	3.40068387884127e-07	2.31706344663062e-05	6.46843373738681	down	72997
Chst1	75.4222162722173	1.01810644992826	0.340079599473667	2.993729854728	0.00275589836425896	0.0303414887491864	2.55973680296739	up	76969
Zp3	92.0054642206437	1.01803033641439	0.30809971024588	3.30422360865562	0.000952398348587585	0.0142442069756135	3.02118136631201	up	22788
Neb	10317.9796203794	-1.01696312042957	0.200626105244691	-5.06894713023133	4.000223152532e-07	2.6668564629511e-05	6.39791578086953	down	17996
Gm49883	198.84054156764	-1.01693373149617	0.250535891982934	-4.0590341106313	4.92761159299223e-05	0.00139018958835108	4.30736353170159	down	NA
Gata6	158.081811238298	1.0164902567003	0.300232393342181	3.38567815879143	0.000710026033274926	0.0113619897067709	3.14872572747758	up	14465
Gm48616	102.824516383491	1.01626192159574	0.357906772715542	2.83945987913295	0.00451899774682833	0.0425339375241223	2.34495787520791	up	NA
Crebrf	7419.78288717816	-1.01579497711097	0.182782232207216	-5.55740547013011	2.73814186849815e-08	2.66041793115468e-06	7.56254405397057	down	77128
Adgra1	228.476991420715	1.01574769879321	0.355685296165268	2.85574835323315	0.00429355287534978	0.0409275891553909	2.36718318437089	up	52389
Gls2	208.540188083253	-1.01567936492452	0.231998855409832	-4.3779498960471	1.19800881621869e-05	0.000455390474052814	4.92153998593582	down	216456
Trim2	744.939531762523	1.01522379129726	0.257577325846402	3.94143307436407	8.09962354330405e-05	0.00207931923356361	4.09153516591951	up	80890
Olfr30	97.8585015487415	1.01447818440236	0.350977416547568	2.89043720926946	0.00384706375610982	0.0380961290693014	2.41487061621535	up	NA
Plxna4	1565.81123080808	1.01442169073102	0.311918182880031	3.25220441259491	0.00114513634249858	0.0162766865169385	2.94114280217157	up	243743
Arhgap9	226.647666596457	1.01437383257136	0.239075317234958	4.24290488998682	2.20644963689668e-05	0.000746986629416254	4.65630598105046	up	216445
Tor3a	393.630658863905	1.012585280311	0.181054961812525	5.59269555594665	2.23571117140565e-08	2.24264601624288e-06	7.65058430309639	up	30935
Syt2	601.160265076037	1.01233667135879	0.238735653573011	4.24040840238046	2.2311346859601e-05	0.000754165292366577	4.65147421205426	up	20980
Zim2	752.722797999296	-1.01219666758971	0.181113314450612	-5.58874796510739	2.28712615367381e-08	2.27317258585553e-06	7.64070987984739	down	76637
Lypd10	105.522418705675	-1.01090840758757	0.323342752948475	-3.12642976646105	0.00176942763294392	0.0219200620485969	2.75216719468558	down	232972
Fmnl2	8704.25500432838	-1.0107098606206	0.152642861030434	-6.62140275541012	3.55806060009869e-11	6.82234504622462e-09	10.4487866593818	down	71409
Trim17	67.3126033347781	1.0096501438819	0.346762003942579	2.91165160081696	0.00359523395579945	0.0362614868777692	2.44427284313737	up	56631
Tnfsf4	191.750969547505	1.00942214263163	0.278684663145624	3.6220943457666	0.000292227496560176	0.00572485819888729	3.53427892241087	up	22164
Esrp2	72.5688283613792	1.00904667977213	0.336487194117323	2.99876695878152	0.00271074560338588	0.0299814828935997	2.56691123794509	up	77411
Etfbkmt	651.589736795659	-1.00850737127757	0.201332591501098	-5.00916102931137	5.46678193201096e-07	3.51480012228135e-05	6.26226824961552	down	320204
Zbtb7b	123.093608473093	1.00715097325312	0.320016359750057	3.14718589399534	0.00164850119400123	0.0208755554473551	2.78291073396338	up	22724
Fam241b	1034.0453459358	-1.00701240699165	0.22864888589082	-4.40418680838225	1.06181417552945e-05	0.000412299780308184	4.97395148099795	down	69894
Shcbp1l	2968.44287343856	-1.00654435444836	0.208922794965209	-4.8177813943949	1.45163285639136e-06	7.92255141043615e-05	5.83814321049906	down	71836
Nectin4	98.6209267615176	1.00595888504012	0.354372391023602	2.83870558350897	0.00452969297634518	0.0425606494876283	2.34393123357169	up	71740
Trim21	710.830878796011	-1.00528580115265	0.24963198682882	-4.0270712656788	5.64759190032043e-05	0.00154894143929421	4.24813669330228	down	20821
Dsp	345.554334359624	1.00434897889316	0.2426307533862	4.13941334672657	3.48195088491509e-05	0.00105811262024481	4.45817735916952	up	109620
H2-Q2	117.963056504666	-1.00420629911441	0.304330845318398	-3.29971908717892	0.000967816516867363	0.0144085465590832	3.01420697044485	down	15013
Got2	2055.50364916491	-1.00282803252731	0.194157039730991	-5.16503565318441	2.40393096759814e-07	1.73619907583163e-05	6.61907800789295	down	14719
Mx2	302.769994871471	-1.00185539256911	0.20600716866896	-4.86320645559195	1.15499264728377e-06	6.49803049092115e-05	5.93742078049413	down	17858
Itgav	1833.92496515328	1.00088360572398	0.158107067099912	6.33041662262632	2.44500111049875e-10	3.89528228391002e-08	9.61172093928745	up	16410
