geneID	baseMean	log2FoldChange	lfcSE	stat	pvalue	padj	-log10(P.Value)	trend	ENTREZID
Slc7a11	2974.22675725476	14.7003080491517	1.56343253476275	9.40258547925283	5.32384747033858e-21	1.73755943879389e-19	20.2737743956728	up	26570
Col9a2	2736.51119632215	13.4257991539048	0.932220278373357	14.4019599931163	5.0296653144586e-47	1.16824651363519e-44	46.29846091294	up	12840
Adra2a	956.507068959458	13.0636592473235	1.40373553258451	9.30635361439573	1.32296288931412e-20	4.12216398003764e-19	19.8784523381195	up	11551
Ecel1	532.955644447921	12.2198538472604	1.28459140719025	9.51263863269065	1.85886553544532e-21	6.35778237132063e-20	20.7307520246048	up	13599
Cyp1b1	32013.9989141468	12.2124631035965	0.566195850167958	21.569326408828	3.48734991435601e-103	5.16556999621842e-100	102.457504474118	up	13078
Nptx1	5011.60203989345	12.0166174111627	1.05361304646694	11.4051524432597	3.94086325998753e-30	3.21547724297965e-28	29.4044086340162	up	18164
Cyp1a1	112619.759256313	11.9108584018269	0.248327334916339	47.9643467596498	0	0	Inf	up	13076
Mmp8	428.371791247133	11.9047675305174	1.25108664636779	9.51554200109146	1.80768080044878e-21	6.20356035236231e-20	20.7428782546363	up	17394
Wnt10a	827.643284605701	11.6954105614564	1.25627384866304	9.30960281781158	1.28311263424066e-20	4.01097676703542e-19	19.8917352186975	up	22409
Areg	296.962464304728	11.3761920652525	1.42091838394209	8.00622484290143	1.18283379187789e-15	2.17958349247852e-14	14.9270762767935	up	11839
Serpina4-ps1	1957.39443441635	-11.1969278096853	1.00493915931133	-11.1418962092773	7.84313915690868e-29	5.53602326059539e-27	28.105510079451	down	321018
Cdh22	1044.83510013024	10.9111354988346	1.06080370170504	10.2857253243903	8.17244112233416e-25	4.00428819978795e-23	24.0876481995744	up	104010
Sult2a1	202.956536965724	10.8270983412351	1.00148686931444	10.8110237617461	3.05244298197021e-27	1.86005829306387e-25	26.5153524396999	up	20859
Pitx3	890.392154015996	-10.8148670698404	0.806784914466992	-13.4048950047428	5.6603331742482e-41	9.23689623756978e-39	40.2471580049462	down	18742
Fmo3	24243.2177942692	10.7437153458034	0.734928522976336	14.6187214265316	2.13369720950761e-48	5.40611492977349e-46	47.6708672107645	up	14262
Fgfbp1	178.917065929854	10.6451990728426	1.39150177538512	7.65015126904626	2.00743026331138e-14	3.20789021994389e-13	13.6973595328663	up	14181
Hao1	5485.52738642673	-10.5728354998578	0.960046292329384	-11.0128392602868	3.31392533236125e-28	2.24693472535029e-26	27.4796572811034	down	15112
Tgm3	158.269348590848	10.4682476963021	1.36005432294117	7.69693351193802	1.39370368219439e-14	2.27626447025744e-13	13.8558295525417	up	21818
Gpnmb	6489.52260881453	10.2200655472045	0.917269613143172	11.1418337648663	7.84864120348225e-29	5.53602326059539e-27	28.1052055240075	up	93695
Ovol1	131.313974035935	10.1993040002955	0.937391737497776	10.8805140821072	1.4275557417246e-27	9.07228163783792e-26	26.8454069248679	up	18426
Nyx	284.753037733189	10.1528989046592	1.46440606370528	6.93311722499292	4.11666793724007e-12	5.02030131725743e-11	11.3854541630828	up	236690
Mmp12	1634.90056470969	10.0492150791294	1.07681259144772	9.33237144415142	1.03528144244742e-20	3.27346132278613e-19	19.9849415707033	up	17381
Gm37359	113.712881192426	9.99166243724196	1.0170385813367	9.82427080013996	8.8512271737069e-23	3.51421093725567e-21	22.0529965125991	up	105244462
Elovl3	15282.0550177948	-9.96643080995349	0.852214988824011	-11.6947377606047	1.35605434488184e-31	1.23170672004928e-29	30.8677229054473	down	12686
Mroh9	110.558041435075	9.95039977825884	0.939275152327373	10.593700635648	3.18736537221586e-26	1.80015433400608e-24	25.4965681498799	up	78258
Sult2a5	104.921946834764	9.87494068530171	0.985543029194128	10.0197965921147	1.24759441859861e-23	5.37442463636125e-22	22.9039265768271	up	434264
Duoxa1	99.7649235330906	9.80296238230498	0.965482248318275	10.1534361707636	3.19897451806965e-24	1.46665365047498e-22	23.4949892193425	up	213696
Sult2a2	305.967928322034	9.71748321960511	0.884825175946505	10.9823765007706	4.64539682683815e-28	3.11678610793016e-26	27.3329771810579	up	100043194
4632432E15Rik	86.0984825415157	9.58982209636107	0.942639255943993	10.173374422814	2.60716716748224e-24	1.20104332480952e-22	23.5838311216558	up	74046
Mep1a	85.0691781978048	9.57281653875263	1.05775816431745	9.05009940994385	1.42838241619384e-19	4.03298120325932e-18	18.8451555047387	up	17287
Ivl	84.8000723257882	9.56811537797264	1.06564977751561	8.97866783238966	2.74064821935842e-19	7.51765272250225e-18	18.5621467055025	up	16447
Gm11762	82.065940878678	9.52050527510166	1.31969369084032	7.21417806357734	5.42607155324507e-13	7.33224097047628e-12	12.2655144835242	up	100503830
A730004F24Rik	81.0183108350757	9.5024586318388	1.38007315493647	6.88547458361094	5.75951974859645e-12	6.93158201743583e-11	11.2396137282487	up	320449
Gm31479	160.243919501773	9.3348421951052	1.00378762861058	9.29961869327506	1.40950253049094e-20	4.37059270968335e-19	19.8509341400994	up	102633721
Ahrr	1379.88603847666	9.31284228697812	0.472784407439129	19.6978625784674	2.24916840682367e-86	2.16549934208983e-83	85.6479780254821	up	11624
Tinag	98.5082262830334	9.20579842812496	1.04856119819766	8.77945745460399	1.64265114053367e-18	4.12397527537372e-17	17.784454660441	up	26944
Sprr1a	141.238220746424	9.16270256325823	1.39193936649329	6.58268799907702	4.62018031123608e-11	4.9868941745046e-10	10.3353410749532	up	20753
Sapcd2	393.391507802754	9.08293237438743	0.650387237475424	13.9654222146858	2.53399287956135e-44	5.19091137115248e-42	43.5961946098044	up	72080
Hmx1	126.035015148156	8.97357064607484	1.64367861620503	5.45944356615971	4.77629120605317e-08	3.41269994299665e-07	7.32090920253896	up	15371
Krt20	54.6345722188535	8.93375908454949	1.73269790385458	5.15598193122722	2.5230522648083e-07	1.61639718872857e-06	6.59807375301681	up	66809
Ccr1	211.562371186224	8.88338389880075	1.01434946780251	8.7577153444421	1.99247570954636e-18	4.95699124845281e-17	17.7006069644233	up	12768
Gm29685	166.793351725534	8.86978252478038	0.935064850711384	9.48574050027907	2.40668171432631e-21	8.10193410682996e-20	20.6185813417365	up	628877
Gm17189	52.2516110504387	8.86968272417837	1.45571422114265	6.09301097382714	1.10806463117718e-09	9.97517182699753e-09	8.95543490734677	up	NA
Disp3	51.8721095665427	8.85933857190701	1.00016457931904	8.85788074792542	8.15498851630021e-19	2.13649603904594e-17	18.0885766461885	up	242748
Cbx3-ps8	50.5753694905395	8.82246443694796	1.71309246451565	5.15002232494342	2.60455455063825e-07	1.66401136121732e-06	6.58426654213104	up	665057
Vsig8	48.4140078386632	8.75978969405492	1.08155809630835	8.09923176938389	5.53073271760172e-16	1.05969939512576e-14	15.2572173290693	up	240916
Duox1	48.1080595540684	8.75014949640135	0.985540978115275	8.8785242731712	6.77532137868249e-19	1.78475497220123e-17	18.1690700997631	up	99439
Gm49012	69.2136224000657	-8.71556097262199	0.986900846508161	-8.83124277728534	1.03519023118369e-18	2.67565410626486e-17	17.9849798349782	down	NA
Myh6	43.0242755607016	8.58964376768037	1.03446651937006	8.3034526558782	1.0112868419173e-16	2.11207585986546e-15	15.9951256434267	up	17888
Gm32468	28.0791596075199	-8.56739116190077	1.27500038929516	-6.71952042825409	1.82323623457815e-11	2.08853283361314e-10	10.7391570566731	down	102635028
Cyp2a4	33750.6804658611	8.54446220940125	0.959771471399836	8.90260073779759	5.4553127222771e-19	1.45093234502994e-17	18.2631803487115	up	13086
Trhde	27.468891732323	-8.53635083600398	1.04172499478096	-8.19443795509479	2.51766795108235e-16	4.9928129831145e-15	15.5990015484624	down	237553
Amn	771.499727172526	8.51603777988285	0.450515962890546	18.9028546851998	1.08045376352302e-79	9.45691712290879e-77	78.9663938133957	up	93835
Mup7	65446.8997578164	-8.51015079334962	1.03547109232793	-8.21862711224241	2.05845986045101e-16	4.13323285431123e-15	15.6864575972381	down	100041658
Adm2	39.7116922602907	8.47271793646188	1.07418316762235	7.88759142001438	3.08074458840685e-15	5.39789060913214e-14	14.5113443057218	up	223780
Rtn4rl2	1620.92596633467	8.46019111844502	0.911329970003294	9.28334565625494	1.64238663336521e-20	5.04398676428715e-19	19.7845245981475	up	269295
AI314278	38.4560339748466	8.42786744535352	1.0703216110933	7.8741448906602	3.43081172601075e-15	5.96242875415731e-14	14.4646031142371	up	101521
Ces1h	36.6671976871065	8.35876089553016	1.13250307439354	7.3807842861763	1.5735978683491e-13	2.24953233503566e-12	12.8031062413989	up	75704
AU022793	35.5627062129701	8.31443456911526	1.94050091201491	4.28468470055085	1.82998526885333e-05	8.5675167364551e-05	4.73755240627037	up	105976
Cacna1b	33.2836829041226	8.21957838992124	1.2118484196764	6.78267863906289	1.17967853379703e-11	1.37839137419876e-10	10.9282363232181	up	12287
Krt25	49.613152974196	8.21300310099407	1.01341202747011	8.10430790080228	5.30466112253099e-16	1.01841031481014e-14	15.2753423548947	up	70810
Pnliprp2	32.9335968892078	8.2043092451505	1.02131127884946	8.03311332700925	9.50298137169539e-16	1.76630703951126e-14	15.0221401220641	up	18947
Pkp1	508.629920248629	8.13160495961176	1.15976997871289	7.01139459450073	2.35954222006066e-12	2.97157259578077e-11	11.6271722472783	up	18772
Gdpd2	30.9679844511227	8.1148930921486	1.93075479347735	4.20296410479626	2.63442377306058e-05	0.000119897102751252	4.57931436320169	up	71584
Serpine1	1738.86801690829	8.08930124891466	0.745554831290529	10.8500420216074	1.99333684430249e-27	1.25436909391793e-25	26.7004193057848	up	18787
Mup3	179661.80210058	-8.05888518568386	0.965369364982373	-8.34798107129804	6.94396998813772e-17	1.46776164754753e-15	16.1583921648498	down	17842
Gm2788	545.186551522927	-8.05303016637335	0.434344252893644	-18.5406624186305	9.7019304238375e-77	7.18539893236211e-74	76.0131418441865	down	108167326
Gm19689	29.5829606684644	8.04884642035492	1.06504794814269	7.55726203162132	4.1164218409264e-14	6.33619656026209e-13	13.3854801261839	up	100503434
Mmp7	181.003047798526	7.94568046671854	1.62404386474583	4.89252823719886	9.95488280479889e-07	5.74441783905327e-06	6.00196384839687	up	17393
Ly6d	3648.82003139359	7.88798062106451	0.615944359324798	12.806320086625	1.51133592325331e-37	2.18814169459893e-35	36.8206389946943	up	17068
Gm19541	25.7314750248572	7.8484984839138	1.19296875629053	6.57896398587862	4.73737489343557e-11	5.11052610352915e-10	10.3244622459016	up	100503078
Gm11837	25.3968433394121	-7.84425405426712	0.985106732108533	-7.96284686581849	1.68125482124299e-15	3.05417385262784e-14	14.7743664572491	down	100038514
Smcp	25.5394722206247	7.8352277351246	1.138940613682	6.87939971671976	6.01052919554478e-12	7.20216242622341e-11	11.2210872889645	up	17235
Irx1	16.8181809214501	-7.82788600433556	1.04668809476192	-7.47871886907828	7.50506274431554e-14	1.12728149925538e-12	13.1246456725885	down	16371
Sult1e1	313.831417068597	7.78713447069329	1.23624630966705	6.29901534168428	2.99542347159508e-10	2.93985088527191e-09	9.52354177147957	up	20860
Cbr3	3020.79289794963	7.77491607890654	0.646862394449995	12.0194281590867	2.80908722505299e-33	2.87722253221385e-31	32.5514347752979	up	109857
Gm49984	24.2614942283925	7.76442988562353	1.07528421987762	7.2208163591457	5.1676399915978e-13	7.00267949881825e-12	12.2867077494844	up	118568286
Obox4-ps2	15.4221045309252	-7.70402075309728	1.16115375221646	-6.63479813796537	3.24946924609806e-11	3.58988983378452e-10	10.4881875689641	down	106780808
Gm14506	23.0184466500862	7.68701910459423	1.89081166449245	4.06545995508106	4.7937825269947e-05	0.000208325606724915	4.31932167190196	up	675416
Ms4a4a	133.996032948251	7.68646473391113	0.994327406942872	7.73031566890396	1.07280226332385e-14	1.7777866077938e-13	13.9694803189111	up	666907
Tekt5	66.6283788203966	7.68217993089891	1.49505969190833	5.13837673002419	2.7712188789842e-07	1.76172303511785e-06	6.5573291710128	up	70426
Ctsj	22.9380848522971	7.68180040385284	2.0141024754751	3.81400673371439	0.000136731739707241	0.000540971107417843	3.86413066041611	up	26898
Lypd8	22.8836988916775	7.67835229599255	1.70587611966542	4.50111951710686	6.759648109751e-06	3.40208531106548e-05	5.1700759117464	up	70163
1810058N15Rik	22.6585157817418	7.66340964395186	1.00046216568574	7.65986951510472	1.86122088313077e-14	2.98415231686646e-13	13.7302020832731	up	76513
Slc13a2	14.9316601150852	-7.65414371650354	1.0813828766556	-7.07810700699791	1.46136869052746e-12	1.87851238349778e-11	11.8352402015459	down	20500
Clec4d	193.66022937114	7.64304975770425	0.965110269125856	7.91935388339293	2.38747945971055e-15	4.24107974872569e-14	14.6220603561098	up	17474
Gm20621	22.2577794194729	7.63910455423304	1.12795037460149	6.77255376322027	1.26528760644946e-11	1.4766289787752e-10	10.8978107458739	up	100502684
Vwc2l	186.565648510889	7.62779366218025	1.13866772341895	6.69887580485473	2.1002899399429e-11	2.38602850050387e-10	10.6777207478254	up	320460
Mmp24	21.5027177468606	7.58811748217467	1.02147266248941	7.42860554259162	1.09748493540734e-13	1.61692195227267e-12	12.9596014323746	up	17391
Gm34060	21.281752918561	7.57511566068384	1.04152976700981	7.2730668874032	3.51416204200324e-13	4.81970828210929e-12	12.4541782165672	up	102637183
Gpr12	20.73218949994	-7.55253824986056	1.02602852098677	-7.36094377044897	1.82614483254543e-13	2.58750882233222e-12	12.7384647813029	down	14738
Serpina1e	79758.2599216453	-7.5490074608817	0.772324125892555	-9.77440326903878	1.45009313437245e-22	5.67540516168209e-21	21.838604103665	down	20704
Gm12092	20.6535107596563	7.53162102750532	1.22208165695481	6.16294417369184	7.14046867417004e-10	6.62316304382554e-09	9.14627328179164	up	102637613
A530058N18Rik	19.7603119065135	7.46532511165935	1.16959302542144	6.38283997031308	1.73833541486634e-10	1.7507001437587e-09	9.75986642192005	up	NA
Ren1	76.3586570729587	7.45733121674078	1.2093149001012	6.16657515434292	6.97849208540968e-10	6.47916314352212e-09	9.15623840971694	up	19701
Sult2a6	19.5996846571031	7.4544342171016	1.07121119769144	6.9588837692946	3.42979327052897e-12	4.22547019944375e-11	11.4647320561013	up	629219
Prdm8	19.3419525870066	7.43591691138259	2.21737068060605	3.35348391517029	0.000798010518982385	0.00268644939746937	3.09799138395517	up	77630
4930430E12Rik	87.4993888949508	7.42143701902543	1.24512853443854	5.9603782370725	2.51654760580964e-09	2.16236683165865e-08	8.59919484959234	up	71639
Gm16556	18.7627267853964	7.39211387524299	1.84050310411489	4.01635501658004	5.91051973985882e-05	0.000252189160449194	4.2283743278788	up	NA
Gm37291	12.2179201246233	-7.37638445201047	1.1499021918723	-6.4147929312145	1.41014397922e-10	1.43670542136827e-09	9.85073654253012	down	NA
Lhx1os	18.3768523780476	7.36328515306597	1.0195187816545	7.22231437572602	5.11101454819592e-13	6.93570797322485e-12	12.2914928828498	up	78365
Parm1	1190.25593269332	7.35927390505309	0.416841002198023	17.6548704811841	9.33475633314976e-70	4.99305744308699e-67	69.0298970140352	up	231440
Sult2a8	16103.1998705241	-7.34650906332119	0.332924512726701	-22.0665910213465	6.61983911509422e-108	1.41635135555838e-104	107.179152565285	down	76971
Ankrd66	17.952877158443	7.32916599875578	1.20847004296754	6.06483051971911	1.32092868406976e-09	1.17649411380422e-08	8.87912062897975	up	100043332
Gm13021	76.6900684732535	-7.32004446609196	0.720353384957008	-10.161740916271	2.93783127639541e-24	1.35014031165322e-22	23.5319731499462	down	102637389
Dsg1c	102.323078981781	-7.31230704568513	0.648892548215714	-11.2689027879763	1.86884189060022e-29	1.42238812037145e-27	28.7284274396294	down	211924
Cd163l1	57.2813766420205	7.2943819591294	0.965147040473613	7.55779342756926	4.09964431838172e-14	6.31542007958067e-13	13.3872538206619	up	NA
Meltf	38.4773186387834	7.2861400514033	1.7615977254588	4.13609755854201	3.53262051722625e-05	0.000157208552529948	4.45190301303962	up	30060
Gm42711	163.896734956402	7.23204326345594	1.384227467543	5.22460609475754	1.74526237332256e-07	1.14816440931668e-06	6.75813927430902	up	NA
Cxcl2	36.5513583956691	7.18698279397912	1.07226789676248	6.70259998987092	2.04743379930381e-11	2.32872919311247e-10	10.6887901316002	up	20310
Adgrf1	238.952923822639	-7.18032491717218	0.745626748133615	-9.62991863575887	5.97767920342072e-22	2.18004149130813e-20	21.2234673954062	down	77596
Mmp13	510.061501371401	7.16707245789908	0.707653473226054	10.1279407634725	4.15303242144376e-24	1.87285227885998e-22	23.3816346784738	up	17386
Gm37273	16.0359422822093	7.16462325163872	1.13446521530672	6.31541906703736	2.69430361809845e-10	2.65378570179559e-09	9.5695534656899	up	NA
Mup1	688.107842477196	-7.16154073187665	0.774833602322551	-9.24268218416193	2.40394181334544e-20	7.26692363544423e-19	19.6190760485032	down	17840
Il1r2	52.7271911061689	7.14554585069409	1.03391106604136	6.9111803571781	4.80637504338507e-12	5.82451591160622e-11	11.3181823440361	up	16178
Cyp2b27-ps	15.5131285641286	7.11802795698284	1.09424142757928	6.50498854967464	7.76992981647431e-11	8.17136911775146e-10	10.1095829040376	up	667957
Gjb3	15.3482031904978	7.10200807550959	2.15788494719037	3.29118940504988	0.000997647172227197	0.00329312897476511	3.00102302409084	up	14620
Acod1	64.9984477308979	7.08559314646679	0.877189909833673	8.07760448112121	6.60514310027228e-16	1.25185664900436e-14	15.1801177689676	up	16365
Apol7c	361.881386019185	7.04596894371124	0.456592287236745	15.4316424974079	1.00285135038851e-53	3.32946648328986e-51	52.9987634363618	up	108956
Gm43700	213.630100034808	7.01209544611319	1.11651980244699	6.28031444739744	3.37888929309149e-10	3.28273926477143e-09	9.47122603734233	up	108169042
Chrna9	62.2082938576805	6.98619246104243	1.34668325850661	5.18770276300139	2.12904060903132e-07	1.38129400160064e-06	6.67181605480873	up	231252
Kif14	31.619761858496	6.97886147361022	0.972845436903695	7.17365905094035	7.3019329418424e-13	9.73052046561365e-12	12.1365621597623	up	381293
Siglecf	58.2344600586197	6.88143413223664	0.814720917922513	8.44636977013413	3.00500866223049e-17	6.65108583907015e-16	16.5221542717632	up	233186
Ism2	611.729764290419	6.87559954076434	0.924241013194913	7.43918463107019	1.01308648278352e-13	1.4994614383151e-12	12.9943534792276	up	217738
Serpina9	47.6273230294962	-6.85464543003507	0.859117462911608	-7.97870573693638	1.47875644518948e-15	2.70931818349843e-14	14.8301033494787	down	71907
Atp1a3	113.458703641651	6.85362903478681	0.690021855820456	9.93248109023685	3.0067917154709e-23	1.24246311744866e-21	22.5218966550237	up	232975
Sult2a4	12.888232619102	6.85011607665736	1.12335690413423	6.09789822935813	1.07472129390314e-09	9.69767255641936e-09	8.96870414617928	up	434121
Gm39375	12.8813869601905	6.84934111101872	1.46824219424921	4.66499405741513	3.08625957758386e-06	1.65034752640807e-05	5.51056754931263	up	105243459
Kcnv2	12.652766834447	6.82389069530336	1.22895953292728	5.55257558322478	2.81490938506956e-08	2.10011217043392e-07	7.55053558098943	up	240595
Gm12153	47.7544539286737	6.79440898898316	1.30444484905058	5.20865944921195	1.90209854739539e-07	1.24200778666144e-06	6.72076698609402	up	102638460
Ppp1r36	12.405833312064	6.79394995880446	1.19828901460082	5.66970895670583	1.43040298578111e-08	1.11187844661069e-07	7.84454159201369	up	210762
Gm29475	8.20745478981157	-6.79218611920614	1.21942193659427	-5.57000486490843	2.54732222678164e-08	1.91009489092318e-07	7.59391611492575	down	102637883
Syt8	12.160825806801	6.76643359200404	1.24502673394904	5.43476971819064	5.48672450134953e-08	3.88999878490378e-07	7.26068684599081	up	55925
Susd4	701.8706505467	-6.75326276486389	0.304649697875339	-22.1673049799881	7.10384009518944e-109	1.7098943109121e-105	108.148506822927	down	96935
Dlx4os	11.9864993846887	6.74753018598417	1.22106874674256	5.52592161906079	3.27760444906037e-08	2.41814372686232e-07	7.48444345953787	up	320453
Xpnpep2	51.5251597992845	6.72081219243097	0.864162635154824	7.77725386289917	7.41157835069848e-15	1.24210054587511e-13	14.1300892959335	up	170745
Fgf21	1357.81446828806	6.71290890561859	0.377111130749504	17.8008771374018	6.95706541282402e-71	4.32145972868837e-68	70.1575739132307	up	56636
Wfdc21	5550.67584930546	-6.69229180212507	0.816569555585493	-8.19561757641894	2.49309792113075e-16	4.95429242201174e-15	15.603260663425	down	66107
Gipc2	298.550543664196	6.66672359887941	0.445504180618213	14.964446774951	1.25362040010833e-50	3.54995800360089e-48	49.9018339492274	up	54120
Fabp12	538.032375149538	6.64751502452424	0.304972867336791	21.797070285545	2.47350833444039e-105	4.32998877163493e-102	104.60668662195	up	75497
Gm44427	113.692667543213	6.63696871373275	1.05672713333045	6.28068354109093	3.37087664558287e-10	3.27991918581828e-09	9.4722571398323	up	NA
Gm11373	10.8705823888439	6.60647633604668	1.223069865068	5.40155270335223	6.60665221257281e-08	4.63452440820772e-07	7.18001855472279	up	NA
Pdcd1lg2	10.8635832467751	6.60601625026678	1.23128749049925	5.36512902245784	8.08913754304494e-08	5.60675112720202e-07	7.09209778002721	up	58205
Krt17	10.8091249793239	6.59695872043632	1.49983675482269	4.39845116425102	1.09026152367522e-05	5.28149442647572e-05	4.96246931429259	up	16667
1810053B23Rik	7.03224680551225	-6.57075313331329	1.16798427957236	-5.62572052401176	1.84735233127339e-08	1.410492327161e-07	7.73345026702041	down	69857
Aldh3a1	10.5819201669132	6.56478262997685	1.10314771755859	5.95095518531788	2.66582078202693e-09	2.28553183342433e-08	8.57416905071848	up	11670
Sstr4	10.4915552351919	6.5547148781189	1.47726643198656	4.43705667183165	9.11972896879152e-06	4.47754974561575e-05	5.04001806837195	up	20608
Inpp5j	10.4795085181174	6.55005244448601	1.49127018376459	4.39226406844061	1.12176332867267e-05	5.42049552243939e-05	4.95009876152335	up	170835
Gm49390	98.955046344753	6.54816713308369	1.76421332068947	3.71166403534726	0.000205901164747371	0.000786965156090074	3.68634119664605	up	NA
Pnpla5	6.85592934384175	-6.54371590908128	1.57916542049674	-4.14378115436627	3.41625776118732e-05	0.000152559043250053	4.46644936865106	down	75772
Adora2b	10.3904105916242	6.53940259007851	1.42958082708685	4.5743496738161	4.77701446891891e-06	2.46545673046107e-05	5.32084344329648	up	11541
C730036E19Rik	541.834606970634	-6.53766399798936	1.60537006648137	-4.07237193123859	4.65367892201937e-05	0.000203015952248312	4.33220358392112	down	402734
4930589L23Rik	10.3670107516625	6.53687716383362	1.3846049455182	4.72111354577544	2.34556944946359e-06	1.27841169880756e-05	5.62975170359413	up	75879
Gm19596	10.3645649851784	6.53470826430729	1.17014813982175	5.58451365423075	2.34355105941827e-08	1.76347867136218e-07	7.63012557997947	up	100503219
Trim29	10.1981930102762	6.51229939172286	1.20414903225355	5.40821710377091	6.36552342463404e-08	4.47025963037028e-07	7.19616587934985	up	72169
Gm41392	10.0418793934237	6.49108392185439	1.45338466940901	4.46618438908804	7.96269878453682e-06	3.95383516748429e-05	5.09893971259068	up	105246030
Dlk1	88.2127456328401	6.48441210033417	0.694878679932358	9.33171830939667	1.04168215575127e-20	3.28830026084367e-19	19.9822647753366	up	13386
Gm2568	14.6811867396327	-6.47050705751255	1.18200738182658	-5.47416806104336	4.39571750716801e-08	3.15953476364417e-07	7.35697022548882	down	102632291
Gm34829	9.86432915497013	6.46487324821647	1.21485176320548	5.32153258860028	1.02896673148561e-07	6.99886378717303e-07	6.98759866660374	up	102638216
Arxes2	22.1157384029337	6.4570179221382	1.04919505474603	6.15425882244671	7.54294137911051e-10	6.9596013031218e-09	9.12245926744351	up	76976
Gm19089	9.80998560886941	6.45513784914738	1.27952283181932	5.04495714231921	4.53623034764085e-07	2.77741340458417e-06	6.34330490028593	up	100418234
Nkain1	9.77933939343633	6.45333743422138	1.27006912997842	5.08109147911582	3.75272332127225e-07	2.328042534614e-06	6.4256534538321	up	67149
Gm7575	9.65170803211975	6.43464688432941	1.28170981324096	5.02036172139357	5.15742669028154e-07	3.12693351221856e-06	6.28756693654579	up	665296
Gm8941	241.542818410425	-6.42481931980559	1.33203940491975	-4.82329523892175	1.41205718146534e-06	7.97611413502392e-06	5.85014771610855	down	668040
Insl6	249.667948422745	6.42057968187266	0.356709154378847	17.9994810984122	1.96652764817658e-72	1.30577435838925e-69	71.7062999432964	up	27356
Nipal2	742.115177396415	6.39385751411361	0.359444091195148	17.7881836723316	8.72629515293876e-71	5.2510481082809e-68	70.0591701017864	up	223473
Slc36a2	9.38585060824499	6.39331507836533	1.39724024347617	4.57567344500434	4.74690499410097e-06	2.45123096182377e-05	5.32358946028724	up	246049
Gm45765	9.31149535131973	6.38209222263927	1.42633068010482	4.47448288931867	7.65964598174363e-06	3.81713620663704e-05	5.11579130239458	up	NA
AL590864.1	384.254592693114	-6.37111586513967	1.58253348315777	-4.02589640784522	5.67586741122467e-05	0.0002425532686874	4.24596775825439	down	NA
Cyfip2	3147.33071534842	6.36196019343515	0.233143564319988	27.2877366870115	5.93045694381838e-164	2.85492197275417e-160	163.226911842802	up	76884
Gm28577	6.01844442994548	-6.34798030687203	1.56037507681875	-4.06824000279094	4.73695772812906e-05	0.000206088698628227	4.32450049083088	down	NA
Klrb1a	9.06810069695384	6.34384108702079	1.4180804713953	4.47354096963119	7.69348089717656e-06	3.83102322617098e-05	5.11387712022537	up	17057
Trem1	20.1894144718323	6.33984254218409	1.14691398144014	5.52774021834086	3.2438190057195e-08	2.39597156786094e-07	7.48894338596834	up	58217
Adrb3	268.335112232416	-6.3190760799189	0.35789640932755	-17.6561594786373	9.12405391174119e-70	4.99305744308699e-67	69.0398121572509	down	11556
Cxcl3	8.89960292110107	6.31590999447258	1.27811068394322	4.94159862194936	7.74846048925889e-07	4.5572497000968e-06	6.11078457716287	up	330122
Trpv4	1720.25095829354	6.31314537233082	0.521371637355378	12.1087242189733	9.49596301942679e-34	1.03894468126183e-31	33.0224609853435	up	63873
Mpp2	511.115660855001	6.30994863182634	0.360190700865541	17.5183551842496	1.03782715248158e-68	5.25905253899614e-66	67.9838749711255	up	50997
Gm11340	5.78474424042403	-6.28446248735929	1.40283841507443	-4.47981921497769	7.47062871531423e-06	3.7316323357222e-05	5.12664284716697	down	NA
Nrg1	1226.29806345308	6.28373119201101	0.341244365477938	18.4141683430001	1.01130810252541e-75	7.21249956378864e-73	74.9951165132103	up	211323
Mybl1	796.457564427865	6.27388942340384	0.253919052720568	24.7082263271836	8.72510488286473e-135	3.36021239248887e-131	134.059229343764	up	17864
Abcc4	4978.70016886285	6.2688405756421	0.376568521041023	16.6472772559743	3.16686238821406e-62	1.32567613364022e-59	61.4993708079062	up	239273
Cyp4a12a	6580.27297533838	-6.26597836152899	0.538893950570783	-11.6274794973895	2.98790079396415e-31	2.6392209948887e-29	30.5246338263175	down	277753
C1qtnf9	5.6721512329084	-6.26239236437426	1.23902829115476	-5.05427713723774	4.32023898531732e-07	2.65191335356297e-06	6.3644922283856	down	239126
Cck	8.52492522213686	6.25489439316449	1.44422517449593	4.33096895388741	1.48454614513235e-05	7.0461968377295e-05	4.82840629839473	up	12424
Obp2a	24.7842712583584	-6.22881875675024	0.850591864245591	-7.32292303580251	2.42626969552205e-13	3.39043898816927e-12	12.6150609261541	down	227627
Slc45a1	8.27306636633389	6.21126601201188	1.45937915729246	4.25610163128235	2.08022175794204e-05	9.64061375955039e-05	4.68189036546176	up	242773
Usp43	98.1060201669282	6.20910609588815	0.505897550968719	12.2734456492201	1.2578425483933e-34	1.52333434665794e-32	33.9003737187028	up	216835
Ces3a	47970.3556029854	-6.20704695714919	1.74285012745569	-3.56143472084464	0.00036883381665098	0.00133464924721579	3.4331692673591	down	382053
Tuba8	2702.35733577237	6.20567653792499	0.271498012114138	22.857171180009	1.24009411535402e-115	3.41132175503671e-112	114.906545353364	up	53857
Gm42375	12.2811528753951	6.19381825307263	1.38105424685504	4.484847910339	7.29659608426288e-06	3.65227774800827e-05	5.13687969420656	up	105247243
Rhov	18.1754151400601	6.18429147197459	1.07251711209113	5.76614713392947	8.11042599078465e-09	6.53449217065059e-08	8.09095633437227	up	228543
Gm36855	5.35224573555114	-6.17993831501246	1.35920971339883	-4.54671435473996	5.44898710406696e-06	2.78317495161574e-05	5.2636842199247	down	102640899
Psat1	1156.5512550326	6.17947102099215	0.34532212637031	17.8948018360269	1.29456509135288e-71	8.309381799697e-69	70.8878761081455	up	107272
Gabrp	124.927354139753	6.17091008288365	1.74903663991628	3.52817656420225	0.000418432951989002	0.0014932069910119	3.37837412169461	up	216643
Gm41031	7.78962772591476	6.12579452419405	1.15299307172805	5.31294998591188	1.0786464991539e-07	7.32126083458139e-07	6.96712086173127	up	105245600
Gm6012	7.74727576983014	6.11860422393401	1.24422601621261	4.91759868722153	8.76122914415041e-07	5.11541020011402e-06	6.05743496083247	up	547012
Inmt	20190.5078984862	-6.11645430535357	1.18194397365123	-5.17491052173883	2.2802023042349e-07	1.47242037459246e-06	6.64202661979111	down	21743
Slc7a9	7.71295326047018	6.11136559273855	1.18280833589309	5.166826617031	2.38101945720163e-07	1.53392140073184e-06	6.62323705561537	up	30962
Rncr4	7.69761470250205	6.1056360613878	1.33319601659215	4.57969869801647	4.65646237905904e-06	2.41229054536349e-05	5.33194390148884	up	NA
Hcn3	275.680661117601	-6.07679229243621	0.352151771557422	-17.2561741363988	1.00556681315174e-66	4.96492168052562e-64	65.9975890681611	down	15168
Fgf23	7.45609131001736	6.05935731343117	1.18807579925749	5.10014370902772	3.3939569192428e-07	2.11775873094424e-06	6.4692936746447	up	64654
2610028H24Rik	4.8858429776261	-6.04708885589915	1.95764818108235	-3.08895587794321	0.00200861267028054	0.00616773171406828	2.69710380211568	down	76964
Fam83a	332.290541658636	6.04229692294259	0.342699600086979	17.6314676801754	1.41252264930856e-69	7.3512259824556e-67	68.850004579692	up	239463
Gm12718	120.014035820639	-6.04107386578969	1.16232159641443	-5.19742030469484	2.02073125934087e-07	1.31456760573878e-06	6.69449144024318	down	622167
Il17d	79.8877295616053	6.03615229399344	0.588892510802043	10.2500068913638	1.18335100956037e-24	5.66831020897874e-23	23.9268864143712	up	239114
Sult2a7	42.4444558129017	-6.03240732526497	0.789075683668069	-7.64490333452291	2.09102358002085e-14	3.33041770528383e-13	13.6796410697097	down	638251
Pnliprp1	127.415271157812	6.02373545561006	1.37205166263557	4.3903124201891	1.1318791944908e-05	5.46252274915157e-05	4.9461999229408	up	18946
Mup11	4329.13350070488	-6.01368404096963	0.781002209288083	-7.69995778430815	1.36111190643824e-14	2.22681145882539e-13	13.866106166971	down	100039028
Acsm4	7.20809530011095	6.01286188058167	1.46177198967148	4.11340614204339	3.89863593213237e-05	0.000172302349114393	4.4090873188126	up	233801
Dio2	7.19400798206212	6.01019508829417	1.44476520225401	4.15998051373161	3.18274747708729e-05	0.000142793535458511	4.497197817445	up	13371
Tnfrsf10b	331.182073698318	6.0100569209054	0.639337306264795	9.40044771674283	5.43313855183254e-21	1.7642582791583e-19	20.2649492197723	up	21933
Gm46545	21.5589522740473	-6.00254000805434	1.05268546943884	-5.70212108204944	1.18325726777643e-08	9.31893740216886e-08	7.92692081933789	down	108168278
Gm35164	52.9057085511428	-5.99188205632102	0.673074382636042	-8.90225836980201	5.47217081305315e-19	1.45340856794692e-17	18.2618403546343	down	102638651
Gm50306	7.09587824196658	-5.98968522877189	1.36995575897204	-4.37217420310443	1.23015306661282e-05	5.9057161432801e-05	4.91004084640664	down	NA
Cdh17	53.2445989386781	5.98436039252128	2.32791325219834	2.57069733456348	0.0101493985316303	0.0259337603669153	1.99355969392159	up	12557
A330084C13Rik	7.0320717647911	5.97572964402092	1.5339424804739	3.89566735395107	9.79287161183086e-05	0.000399093197370191	4.00908993921789	up	381174
Mmp25	15.7487893212648	5.97535966653602	1.10744382186109	5.39563230981256	6.82826527346803e-08	4.78127549476002e-07	7.16568961518392	up	240047
Lrfn2	4.63119855865506	-5.97463821246748	1.86481892770315	-3.20387042608275	0.00135593486196419	0.00433646930775328	2.86776117313046	down	70530
Trem2	385.732260424346	5.97137072007172	0.49421115987572	12.0826302699707	1.30477996969955e-33	1.39582461647414e-31	32.8844627189786	up	83433
Trpc4	6.93551648436958	5.95748303788424	1.47547599215273	4.03766856903732	5.39850508036302e-05	0.000231780632837169	4.26772648559036	up	22066
Gm35330	15.4313591201157	5.95290815190858	1.37283497383579	4.33621539759858	1.44956901616924e-05	6.8835760728372e-05	4.8387611024008	up	102638869
Gm47071	15.6157480991571	5.94604687208833	1.12954567955199	5.26410483411943	1.40874052189922e-07	9.3961577726676e-07	6.85116899289843	up	NA
Rgs1	284.352497590878	5.94125020744125	1.15114945187359	5.16114584233298	2.45442867671256e-07	1.57751931237574e-06	6.61004958355198	up	50778
Igkv6-32	6.86529053642524	5.93963197116873	1.28027514779556	4.63934020854492	3.49523263330911e-06	1.85158754701657e-05	5.45652391348048	up	434039
Olfr542-ps1	4.55329504408307	-5.93783889755319	1.71909783178809	-3.45404361971479	0.000552248045365215	0.00192472187539413	3.25786581260203	down	NA
Svop	6.82249963766266	5.92950888048067	1.31921460590082	4.49472652437146	6.96594136173986e-06	3.49859590145182e-05	5.15702018568886	up	68666
Mpo	6.76315708882992	5.92125481356695	1.63839374760564	3.61406091925113	0.000301438186053981	0.00111325157473254	3.52080173230653	up	17523
Olfr541	4.46659021280801	-5.91355283246278	1.38431435267507	-4.2718280143779	1.93877082317095e-05	9.04822369631113e-05	4.71247352465755	down	NA
Gm23340	4.45837931940795	-5.90964208041649	1.66710103247421	-3.54486138830217	0.00039281960125196	0.0014105206703442	3.405806849543	down	115485916
Clec4e	45.6174572214135	5.90767678923612	0.810368221962763	7.29011408533191	3.0969266643081e-13	4.2840818856262e-12	12.5090690786805	up	56619
Mmp27	329.182469901204	5.89472784614709	0.508508568569688	11.592189808576	4.51441062741115e-31	3.93346113309634e-29	30.3453989403606	up	234911
Mup-ps22	9.88537529863605	-5.87845285404714	1.24214135238221	-4.73251521879799	2.2175467221078e-06	1.21482445749382e-05	5.65412722112878	down	115035153
Crlf1	87.2897578305701	5.8749670374892	1.44795664224822	4.05741916993261	4.96179814321255e-05	0.000214996365989426	4.30436090775267	up	12931
Depdc1b	22.1435687223901	5.87366478020844	0.975569222383208	6.02075654443026	1.73603710466387e-09	1.52158081417421e-08	8.7604409967986	up	218581
Gm19325	6.53652461046231	5.87349614265555	1.36462000453179	4.30412578091349	1.67646402472176e-05	7.89483767670387e-05	4.77560576166997	up	100502694
H3c3	6.49632227892689	5.86295710690049	1.21213933183538	4.83686730800411	1.31901416191616e-06	7.48789407484009e-06	5.87975054152033	up	319148
Nepn	6.47693398753581	5.85901354363674	1.21922520351227	4.80552200426833	1.54348260428728e-06	8.65248938228698e-06	5.81149826083988	up	66650
Gm45301	29.1378886343672	-5.8471202359	0.974302360173505	-6.0013405231398	1.95695090678396e-09	1.70280373524771e-08	8.70842006917095	down	115486922
Pgbd5	6.41942590395333	5.84511333992549	1.53421408839414	3.80984204495447	0.00013905560407379	0.000549487935982948	3.85681150396429	up	209966
Gpx5	4.24584004094033	-5.83954841332414	1.38661550111105	-4.2113681901328	2.53828644218566e-05	0.000115713171711002	4.59545936993196	down	14780
Gm47078	4.22340558965053	-5.83917065563865	1.40203523075121	-4.16478168848156	3.1165063050017e-05	0.000140050047629201	4.50633199015024	down	NA
Fbn2	61.7550450052416	5.80539154279981	1.34802874683051	4.30657844385699	1.65799150048181e-05	7.81357913198185e-05	4.7804177001448	up	14119
Catsper4	6.18354039057738	5.78910196468288	1.56118950619377	3.70813532996188	0.000208791070175904	0.000796450247089383	3.68028807969402	up	329954
D030034A15Rik	4.05931392775184	-5.78084803800298	1.37612276268017	-4.20082291694971	2.65946549970348e-05	0.000120979607045335	4.57520563925413	down	319566
Macc1	6.11802290181256	5.77613504868206	1.60412016812274	3.60081193632877	0.000317224980402865	0.00116617517527001	3.4986326207745	up	238455
Gm30198	6.07934550201947	5.76937451395239	1.3176444966058	4.37855167218023	1.19470616796593e-05	5.74987802308223e-05	4.92273889414864	up	102632020
4930477G07Rik	6.07935440115832	5.76869361153737	1.4162235487396	4.07329310169382	4.63530298337883e-05	0.000202287636429243	4.33392187323275	up	78168
Gm29483	4.01513057444581	-5.76381391689687	1.73483330246031	-3.32240216320654	0.000892459626167922	0.0029721899967986	3.04941142174696	down	102641120
Gm26544	6.04325902728178	5.7579099348712	1.50867100304361	3.81654444425267	0.00013533370710291	0.000535880292817937	3.86859402169045	up	102633872
Trim67	6.0498538431592	5.75719514893492	1.29312828805254	4.4521453920131	8.5016566962316e-06	4.20194818641262e-05	5.070496436177	up	330863
Mt2	6.01731919680042	5.75271136498104	1.22838171201846	4.68316265920979	2.82482172602481e-06	1.51983143772936e-05	5.54900895522392	up	17750
Gm8221	58.7430080489988	5.74909480176686	0.611911999499045	9.39529671990985	5.70567742916779e-21	1.84963846087635e-19	20.2436927848508	up	666661
Gm5640	6.01189831473572	5.74642124101609	1.43915845000465	3.99290379804775	6.52690535378176e-05	0.000276771833279942	4.18529268493361	up	NA
Ube2u	62.9872269082577	-5.74181213085668	0.608418440259653	-9.4372749918728	3.82599884726042e-21	1.26586656018637e-19	20.4172551651578	down	381534
Morn5	3.94564457783753	-5.73904663474816	1.56600318850384	-3.66477327560951	0.000247557786820152	0.000929415625464779	3.60632340857775	down	75495
6820408C15Rik	53.0768385058165	5.7369619473831	0.624531386437147	9.1860266304814	4.07620261011894e-20	1.21503649319583e-18	19.3897442372589	up	228778
Ap1m2	345.6312632133	5.73441820926089	0.382076812056572	15.0085480937582	6.45451172138498e-51	1.91212427241522e-48	50.1901366061828	up	11768
Ptgds	212.515198288422	-5.72753765510344	0.860341639831153	-6.65728286291886	2.78936049324961e-11	3.11193080289771e-10	10.554495354464	down	19215
Gm47708	5.85811742306441	5.71505606144508	1.28843652159038	4.43565202140553	9.17940254193703e-06	4.50340319356789e-05	5.03718558472293	up	102641383
Gm33432	3.87961824593088	-5.71381865412269	1.91563825119424	-2.98272319972761	0.00285696248284599	0.00844415496081081	2.54409546266239	down	102636334
S1pr5	106.561240842187	-5.71197315520689	0.540259648840491	-10.5726444080471	3.9908008313415e-26	2.24043325971755e-24	25.3989399459839	down	94226
Adra2c	26.0156749444901	5.71024633434087	2.17930606374457	2.62021311707329	0.00878748316576018	0.0228479308452441	2.05613549395214	up	11553
Cyp2b13	444.12738450251	5.70330182766654	0.46990333702416	12.1371809440317	6.70981110531691e-34	7.51186759558037e-32	33.1732897059224	up	13089
4930405N21Rik	5.79059440430649	5.69793040328093	1.32926199667114	4.28653675313837	1.81480188785784e-05	8.50056559294348e-05	4.74117077762851	up	73797
Rnf138rt1	5.79367655996319	5.69409191369314	1.69762546377017	3.35415086260983	0.000796089463933385	0.00268045090356728	3.09903812383351	up	74264
Egr2	50.1072893239434	5.69367381457324	0.847908879223529	6.71495953643887	1.88118415012691e-11	2.15235187135138e-10	10.7255686890486	up	13654
Ces3b	11118.2030714975	-5.69259278290113	1.48454637249016	-3.8345671704094	0.000125785595847292	0.00050106070203464	3.90036908863798	down	13909
Gm12678	5.77121378853743	5.69095922462727	1.18893734755713	4.78659303311509	1.69636323257245e-06	9.41630741032431e-06	5.77048114912435	up	102632657
Gm49410	17.3043791582601	-5.69027487720306	0.966580104082268	-5.88701842006748	3.93224902792097e-09	3.3036381885535e-08	8.40535898625515	down	NA
Gm47040	3.80726506112021	-5.68532131579461	1.91715281034228	-2.96550242897934	0.00302188959046142	0.00887576356832293	2.5197214073462	down	NA
Nxph4	5.69220052162098	5.67247394897771	1.26906840520943	4.46979368936508	7.82950828970926e-06	3.89372447382855e-05	5.10626551173151	up	104080
Wnt7a	5.68896084639125	5.6703224834719	1.68466603090691	3.36584366244945	0.000763099447144092	0.00257567799372597	3.1174188610863	up	22421
Gm39326	3.73369585951	-5.65275353649103	1.9316519916699	-2.92638299283105	0.00342928476421571	0.00992847803634608	2.46479645002865	down	105243391
Artn	12.5911990604634	5.65174648158134	1.31046439935771	4.31278139593214	1.61213499387003e-05	7.61051028241268e-05	4.79259859488938	up	11876
Hmmr	124.341670523143	5.65076183314663	0.530320677929111	10.6553677205511	1.64592897394938e-26	9.63343718005143e-25	25.7835889096386	up	15366
Nxph1	108.686263831317	-5.63801255938272	0.4604220531674	-12.2453138823323	1.77987146455645e-34	2.08982956838408e-32	33.749611359629	down	18231
Car3	68996.0204732167	-5.63183569415266	1.30279779534815	-4.32287782053521	1.54007030665507e-05	7.2899689835177e-05	4.81245945247823	down	12350
Ccl17	5.51495026266764	5.62473925530502	1.42795144361347	3.93902697494495	8.18127325027765e-05	0.000340109235119487	4.08717910188632	up	20295
Spint1	398.542468591516	5.61904144627001	0.330197399486439	17.0172189575369	6.1209637739031e-65	2.94663196075695e-62	64.2131801908064	up	20732
Gm30173	17.0286013149877	5.61346125592941	1.26084255052712	4.4521508681497	8.50143982417662e-06	4.20194818641262e-05	5.07050751490453	up	102631981
Gm20661	3.59256298336577	-5.60434397575895	1.40127563087507	-3.99945867342255	6.3487532356054e-05	0.000269573522171594	4.19731155282762	down	NA
Gnat3	72.6732137632743	5.60337045782018	1.06767687164424	5.24818941632677	1.53601325862001e-07	1.0171069913338e-06	6.81360503552804	up	242851
4930401C15Rik	8.08535834396325	-5.59806683610069	1.12954856492427	-4.95602137874966	7.195130265793e-07	4.25128654182602e-06	6.14296133887776	down	73803
Mup12	1003.96018114275	-5.59475933994867	0.783183631280668	-7.14361117430413	9.09103291068551e-13	1.19902006663123e-11	12.0413867700315	down	100039054
Apol7b	5.38454990007541	5.59056183352068	1.19614636206513	4.67381084022914	2.95661664299971e-06	1.58454244580023e-05	5.52920498275253	up	278679
Gm15723	3.52377676186116	-5.5826805205771	1.51660562076945	-3.6810364171964	0.000232287821353771	0.00087687400274225	3.63397355928071	down	102633245
Psrc1	61.5933810526119	5.57562315439948	0.712207136601735	7.82865386747362	4.93121185327471e-15	8.4031341103237e-14	14.3070463390361	up	56742
Cyp2b19	7.99094268345485	5.56745709898635	1.24938819668615	4.45614670744717	8.34459378672847e-06	4.12961958255573e-05	5.07859479984467	up	13090
Pla2g7	915.052511080424	5.51660650085915	0.395095372781193	13.9627211071244	2.63190055371967e-44	5.33472390130801e-42	43.5797305245515	up	27226
Csrp3	385.15147473898	-5.51527824936965	0.819217638202449	-6.7323724394795	1.6691870844679e-11	1.91662889078794e-10	10.7774949843521	down	13009
C2cd4b	3.38049659264718	-5.51514124162905	2.01444686857121	-2.73779434328827	0.00618527419599333	0.0167751605518377	2.20864104313796	down	75697
Chil1	47.864916449453	5.51146102208	0.844740139913897	6.52444552077491	6.82535522359505e-11	7.22534580459298e-10	10.1658747409711	up	NA
Gm19510	5.08433931745311	5.50888291919399	1.35328563577039	4.07074661370948	4.68627009784455e-05	0.000204160980963588	4.32917268402267	up	100503021
Insyn1	73.604649536272	5.50741225866706	1.16589633872692	4.72375808700176	2.31525807631754e-06	1.26475487993108e-05	5.6354005921736	up	319477
Elovl7	175.602686728334	5.50672413464931	0.763094948116834	7.21630270025874	5.34200755523947e-13	7.2287911091842e-12	12.2722955020884	up	74559
Gm33104	5.0633888094976	5.50529787918182	1.45150815305721	3.79281223297741	0.000148950785300211	0.00058463031425619	3.82695720275005	up	102635880
Adipoq	3.34364207062353	-5.49405738009439	1.70630154146251	-3.21986310543054	0.00128251825081069	0.00412221189077126	2.89193644596665	down	11450
Gm12499	5.02271195116396	5.4919516349422	1.50824284747551	3.64129135048417	0.000271273929980561	0.00100959621099839	3.56659194088494	up	NA
Tceal5	5.01587001727613	5.48799907684307	1.5379343070717	3.56842229970959	0.000359137324075185	0.00130383640882198	3.44473945759307	up	331532
Efna3	152.417940780686	-5.48116455747147	0.378703164351262	-14.4735113762807	1.78140800480962e-47	4.28784906757676e-45	46.7492366005008	down	13638
Gm29374	4.97037530240274	5.47229390991546	1.34511105925468	4.068284081277	4.73606191851051e-05	0.000206088698628227	4.32458262835193	up	NA
Gpa33	4.96092348975997	5.47221384667704	1.89066831724638	2.89432778703718	0.0037997127538186	0.0108831278874804	2.42024923342181	up	59290
1500009C09Rik	4.95721171231077	5.47106436381958	1.7138577789443	3.19225109051326	0.00141168556925456	0.00450280227291134	2.85026202477455	up	NA
Gm41333	167.314935717359	5.4700605504563	0.390952388259168	13.9916284302889	1.75350385735861e-44	3.67015981274971e-42	43.7560932744202	up	105245962
Fut1	175.746697947743	5.46202747649751	1.08709548984045	5.02442290262756	5.04948593078781e-07	3.06534997109868e-06	6.29675283352219	up	14343
Ereg	385.619728157755	5.46016724327928	0.732491760387299	7.45423708301138	9.03893316771311e-14	1.34404399287632e-12	13.0438828246924	up	13874
Nlrp5-ps	434.701522739295	-5.45976413483422	0.327557066767521	-16.6681311098356	2.23473118697902e-62	9.77999630374271e-60	61.6507747101307	down	100417675
Chil3	108.115561271456	5.44333846497745	1.01447260207938	5.36568306903522	8.06434377810682e-08	5.5918978678871e-07	7.09343096679234	up	12655
Rad51ap1	41.8642504945735	5.44106333677666	0.621280881872839	8.75781549944799	1.99070659966922e-18	4.95699124845281e-17	17.7009927437567	up	19362
Ccl22	43.9689828991144	5.43877069922051	0.626430031241986	8.6821678846357	3.88295704327521e-18	9.50066338313944e-17	17.4108374139793	up	20299
Gpbar1	4.83848396605561	5.43839540637117	1.52993918361405	3.55464809622335	0.000378485290917899	0.00136558230502437	3.42195099383186	up	227289
Prss16	4.8376651830126	5.43777144280656	1.25568507190788	4.33052169246901	1.4875649007717e-05	7.0570460037595e-05	4.82752407740973	up	54373
Rtl9	4.82866697209617	5.43440733950733	1.56528998340868	3.47182144976932	0.000516940030848488	0.00181051241069816	3.28655983559503	up	209540
Gm43123	4.81237051026985	5.43067065685986	1.27295844547874	4.26618062525794	1.9884781028921e-05	9.26448931751519e-05	4.70147918709967	up	NA
Ctla4	4.79150550769656	5.42572893447514	1.39975889977259	3.87618820309457	0.000106105625026429	0.000429147220228717	3.97426159203472	up	12477
Mup14	23062.7205990571	-5.42195705225577	1.05588576574696	-5.13498451077247	2.82167262143655e-07	1.79202269123952e-06	6.54949337575221	down	100039116
Marco	1991.78431554303	5.41525805567254	0.55727632101302	9.71736614580834	2.54273494913526e-22	9.69562459020764e-21	21.5946989076683	up	17167
Gm26912	4.75069098986713	5.41197637066934	1.2288386503181	4.40413911888952	1.06204775433202e-05	5.15522852468296e-05	4.97385595502799	up	NA
Nlrp9c	10.8644064125608	5.40988867600647	1.15864126944445	4.66916621967074	3.02424619585391e-06	1.6189848414613e-05	5.5193828569709	up	330490
Hapln3	4.71663823892771	5.39868732421933	1.3903089762724	3.88308456347157	0.000103139678160616	0.000418117398454911	3.98657422810951	up	67666
4930579C12Rik	4.67919018732784	5.39043903353315	1.70432790894043	3.16279455687865	0.00156262563762521	0.00493115687940202	2.80614505460226	up	319213
Mns1	7.12239451202292	5.38925714804901	1.21366872976961	4.44046799250735	8.97634555402918e-06	4.41165160766682e-05	5.04690043713521	up	17427
Gm49333	3.08749737815453	-5.38678409212773	1.63181362803326	-3.30110252763372	0.000963056827314171	0.00318581382352889	3.01634808560567	down	NA
Gm15441	134.316562183153	5.38110764008059	1.12174030533901	4.79710643762088	1.60974074384007e-06	8.98729132020422e-06	5.79324406346258	up	100038464
Clec7a	1180.00899392621	5.37214848858002	0.394693109086685	13.6109507992453	3.44729596359433e-42	6.26237085612947e-40	41.4625214291427	up	56644
Serpina16	4.59687025208519	5.36394748733952	1.30864106431078	4.09886838616403	4.15175026064314e-05	0.000182567031328943	4.38176877839819	up	194604
Olfr531	4.60234606898958	5.3633149248503	1.74666876824258	3.070596453297	0.00213631672591416	0.00651519082581612	2.67033435926535	up	NA
Gadd45b	819.021151454097	5.35632706360426	0.420943294547503	12.724581037363	4.3178459574303e-37	6.15884753750207e-35	36.3647328555246	up	17873
Mup19	3242.5796626088	-5.35150190029753	0.674500076450923	-7.93402712191821	2.12151735452735e-15	3.8072635767734e-14	14.6733534112485	down	100189605
Gm13017	3.00247153714948	-5.34930181978757	1.6811514956607	-3.18192728828716	0.00146298542640497	0.00465131454369746	2.83476000009713	down	102637278
Gm32932	3.01402906787118	-5.34367905835311	1.45013563973115	-3.68495119487153	0.000228746468551361	0.000864013730565909	3.64064560196314	down	102635646
Gm15348	34.3916440593091	-5.32895464472912	0.801702089236356	-6.64705096353821	2.99023517524224e-11	3.32256021549132e-10	10.5242946540523	down	100038554
Cd109	4.48539807954816	5.3283338203703	1.62357690619243	3.28184873783784	0.00103128911007096	0.00339113782505575	2.98661956817202	up	235505
Gprin2	10.2618217430339	5.32438684111588	1.18757126583925	4.48342511668399	7.3454386891362e-06	3.67386408825991e-05	5.13398226187756	up	432839
Serpina12	331.061935701571	-5.31757912417826	0.748379277128378	-7.10546014125679	1.19922312798742e-12	1.55608089976589e-11	11.9211000043589	down	68054
Tnfrsf8	4.44209842056187	5.31260119602312	1.36356812683506	3.89610250597017	9.77530298595331e-05	0.00039863031405658	4.00986977274659	up	21941
AC113595.1	4.43108696556627	5.30921387159424	1.28014266519812	4.14736108398714	3.36329410507498e-05	0.000150333313108923	4.47323515390857	up	NA
Sucnr1	715.128608953055	-5.30815356609858	0.662460552924755	-8.01278437284025	1.12140152770686e-15	2.07233280398495e-14	14.9502388565894	down	84112
Tm4sf19	10.0586189330912	5.30233321540363	1.11689879501791	4.74737123816004	2.06077498764595e-06	1.13420372202947e-05	5.68596942547385	up	277203
Arhgdig	4.39644240405914	5.29884879751012	1.3581643884645	3.90147823232271	9.5607060096607e-05	0.000390872515758018	4.01951003609435	up	14570
Dppa3	9.8266130536917	5.28892824239055	1.27287578708686	4.15510161796301	3.25143003809909e-05	0.000145671328091289	4.48792558638756	up	73708
Mup-ps20	36.7857682438449	-5.28356614995608	1.4259444260397	-3.70531000610608	0.000211132342926483	0.000804474307887632	3.67544523292361	down	NA
Fmr1nb	13.0633895976403	-5.28344486362811	1.18343386351099	-4.46450370107993	8.02545615019556e-06	3.98294287701458e-05	5.09553027382865	down	207854
Gpr61	4.32040779643282	5.27448260107697	1.58321777275398	3.33149532038294	0.000863807523807082	0.00288475159181914	3.06358301754521	up	229714
4931440P22Rik	312.673894677209	5.26999984729358	0.467032259510243	11.2840167675355	1.5739159206038e-29	1.21229299868587e-27	28.8030184715914	up	71004
Olfr539	2.84283304378056	-5.26155405665661	1.49056517027708	-3.52990540875079	0.000415708265136363	0.0014845842643668	3.38121134073932	down	NA
Gm47885	2.84104427698941	-5.25961154969706	1.46013725520256	-3.60213502597564	0.000315614344897587	0.00116137393948938	3.50084326601938	down	NA
4933401D09Rik	4.27245892544519	5.25763630865621	1.92151944966959	2.73618688041918	0.0062155716262477	0.0168407270627586	2.2065189245108	up	71008
Plch1	9.79152169006972	5.25558665052248	1.45444589658485	3.61346314968676	0.000302134312570776	0.00111539461711328	3.51979995028468	up	269437
Sult2a-ps1	4.26952945434889	5.25543853229606	1.2826168396712	4.09743453363928	4.17754260367676e-05	0.000183449852625769	4.37907911236279	up	100042624
5430425K12Rik	4.24629094647604	5.24905150703833	1.92761554110024	2.7230800930575	0.0064676375937835	0.0174399899133112	2.18925432324763	up	71416
Ccl3	57.2512326972451	5.24028655742753	0.631856574974575	8.2934747614811	1.09987283572223e-16	2.28223613412363e-15	15.958657523875	up	20302
Adamts17	133.545937790364	5.23554813839079	0.440534228832064	11.8845433469975	1.42411245653793e-32	1.37802560116052e-30	31.8464557148245	up	233332
Cabp2	2.76792359160952	-5.230756406363	2.03507029108235	-2.57030748730602	0.0101608283132921	0.0259564617377213	1.99307088681303	down	29866
Lgals3	2431.94643270026	5.23046009405136	0.333951096842981	15.6623533909537	2.73583359423295e-55	9.5784021255545e-53	54.5629103219023	up	16854
2500002B13Rik	1288.27973177676	5.22915013002209	0.327616697353694	15.9611832127613	2.38172965124096e-57	8.49307151190667e-55	56.6231075365718	up	78353
Ptges	645.14362210614	5.22865147222524	0.574485516854211	9.10145046102552	8.91333797897281e-20	2.58876675902112e-18	19.049959625439	up	64292
Nbl1	1124.99316733505	5.22863254351155	0.642082003718824	8.14324730054455	3.84815161663722e-16	7.51521374543269e-15	15.4147478251551	up	17965
Gm12406	6.32904541840313	-5.22494554062646	1.26895615417774	-4.11751463864576	3.82980209930221e-05	0.000169616828388701	4.4168236671284	down	NA
Sorcs3	72.7772295373147	5.21929519715817	1.28435223993499	4.06375683778334	4.82891323276846e-05	0.000209663028658826	4.31615059805138	up	66673
Lif	36.04314856522	5.21870617733702	0.676347965122264	7.71600780434613	1.20029965319661e-14	1.9737805398765e-13	13.9207103193823	up	16878
Obox4-ps1	2.73899344252525	-5.21415533863289	1.53010607834179	-3.40770840168387	0.000655108615078311	0.00224782100711831	3.18368668929288	down	106780807
B4galt6	1274.38951057473	5.20970006020003	0.295079222335989	17.6552588791496	9.27076242468604e-70	4.99305744308699e-67	69.0328845481405	up	56386
Prom1	1115.05111891845	5.20931463433339	0.354523054898288	14.6938670485843	7.05689011619435e-49	1.88732605663109e-46	48.1513866449723	up	19126
Ceacam18	4.11698961401925	5.20557471802915	1.66173242845342	3.13261908409285	0.00173254129482035	0.00540973166419014	2.76131640525937	up	72431
Gm16401	4.11392741870402	5.20112409981541	1.6674927306638	3.11912850003546	0.00181386836439902	0.00563352406852701	2.74139423364279	up	100041413
Styk1	9.41851039809643	5.19856791107212	1.4857996241697	3.49883512319314	0.00046729544352763	0.00165075051560595	3.3304084536439	up	243659
Wfdc15b	4.10165191492448	5.19799336837662	1.59671653724721	3.25542652507258	0.00113222188119903	0.00368589425940297	2.94606845624159	up	192201
Gm39321	4.09059831067037	5.19568697461578	1.58210164164852	3.28404120054004	0.00102329961563713	0.00336716633607462	2.98999718899881	up	105243385
4930519F16Rik	2.69386105968316	-5.19505402281824	1.73592879870587	-2.99266538275714	0.00276552782459036	0.00820792290232921	2.55822196763949	down	75106
Tnc	433.422285082592	5.19400170832722	0.277501144773626	18.7170460596271	3.59545396028102e-78	3.01017658518136e-75	77.4442462680076	up	21923
Gm20482	4.08934969246703	5.1939366788335	1.60139466230762	3.24338328401132	0.00118119194502351	0.00382977472526903	2.92767952330852	up	102632136
Uchl1	13.1593288786332	5.19329194014309	1.01259073899405	5.12871759552367	2.91722574782783e-07	1.84601048308159e-06	6.53502996195046	up	22223
Acot5	6.17902885582084	5.19151624663505	1.30930102476784	3.96510515796439	7.33635973319267e-05	0.000308312839420249	4.13451938149423	up	217698
Gldn	4.07618783475818	5.19080097376776	1.5731513342533	3.29961959841047	0.000968159643579631	0.00320104431606617	3.01405302429372	up	235379
Onecut3	4.02821354214276	5.17283342736402	1.95548386498651	2.64529588813544	0.0081619511785426	0.0213832016182335	2.08820600732714	up	246086
Csf3	9.23600445736716	5.16500804038466	1.50547641556008	3.43081298850048	0.000601775308641112	0.00207815375595288	3.22056563570678	up	12985
Slc30a8	2.62785670133293	-5.15832512707823	1.73601638868951	-2.97135739079754	0.00296486534736729	0.00872424314317001	2.52799502581516	down	239436
Chrna4	677.641017708447	-5.14881591131574	1.5187617284065	-3.39014067513929	0.00069856766493881	0.00238123897257244	3.1557915207076	down	11438
Slfn10-ps	8.90107164701809	5.14852692197759	1.47642738732753	3.48715213912205	0.000488193555189034	0.00171764207906451	3.31140795815176	up	NA
Vmn2r1	12.1693106587219	5.14827333674269	1.54666408774301	3.328630552388	0.000872740906856633	0.00291227196617039	3.05911466743221	up	56544
Gm32786	3.93726006302402	5.14257539282871	1.70175547318836	3.021923815643	0.00251173754766239	0.00754069507605035	2.60002574214693	up	102635453
Prss30	9.01321917937196	5.13655900998396	1.11507284366955	4.60647843694252	4.09545507828599e-06	2.144739814726e-05	5.38769783334008	up	30943
B4galnt4	3.90614136707795	5.13051142814311	1.39731332085431	3.67169721462782	0.000240945042593347	0.000906887752184812	3.61808200481205	up	330671
Gpr176	16.1962063334795	5.12551272640128	0.951532906573796	5.3865848369415	7.18090423443444e-08	5.00454187253962e-07	7.14382086504751	up	381413
Gm5936	3.89422909520612	5.12051698935251	1.77401363106134	2.886402279947	0.00389673734506173	0.0111279214469092	2.40929886632294	up	NA
Fosl1	8.92755342753356	5.12041642139022	1.21297831361428	4.22135858812929	2.42834276591789e-05	0.000111227802808075	4.61469001164943	up	14283
A430108G06Rik	3.87102166011026	5.11793241293214	1.45549119111118	3.51629226215028	0.000437618970126311	0.00155504537530028	3.35890386025184	up	319650
Csf2rb2	671.834560311673	5.11644327211538	0.278551355647603	18.3680429780002	2.36797347743395e-75	1.62848918862386e-72	74.6256231662517	up	12984
H1f10	8.86347535041206	5.11312237390342	1.12935324298659	4.5274783648575	5.96917102749698e-06	3.02878411872152e-05	5.22408597761124	up	243529
Cfap47	3.86169054049428	5.1107591972752	1.32320253522175	3.86241641867675	0.000112270982004779	0.00045140850832655	3.94973247867788	up	636104
Htr2a	3.84943357606516	5.10841963188534	1.93751435046598	2.63658415260602	0.00837454252291328	0.0218835921863507	2.0770389078972	up	15558
D430020J02Rik	20.5144129466564	5.10671691554849	0.794749147571881	6.42557079947874	1.31375600586866e-10	1.34617078409156e-09	9.881485285571	up	319545
Gm49368	5.85312118965487	5.10061858555157	1.18544704780989	4.30269626549322	1.68732089306372e-05	7.93819963763378e-05	4.77280231584944	up	118261720
H4c12	25.6666111501022	5.09471725367329	0.965124818583811	5.27881695255655	1.30020609300741e-07	8.70844122676544e-07	6.88598780310711	up	319160
D330050G23Rik	3.81167404509417	5.09464827163504	1.6154678059165	3.15366747203278	0.00161232687627908	0.00507303371399181	2.79254690659231	up	320975
9130017K11Rik	3.8178846803153	5.0932577410194	1.3276914235348	3.83617582424333	0.000124964958637505	0.000498307153349306	3.9032117502227	up	72804
C5ar1	451.469889217484	5.08740410850857	0.4021456431771	12.650650814755	1.10951897316081e-36	1.54818096718729e-34	35.9548652667816	up	12273
Melk	41.8478122588805	5.08576381363681	0.603783496582351	8.42315803996665	3.66469607093728e-17	8.08332045154275e-16	16.4359620374453	up	17279
Tlr13	429.030789563106	5.08467533215859	0.418586445520784	12.147252703877	5.93257714714293e-34	6.71986503208143e-32	33.2267566055151	up	279572
1700048O20Rik	2.51212414015813	-5.08332042069192	1.83269762039632	-2.77368201067051	0.00554258258562453	0.0152207601638314	2.25628782708784	down	69430
Gm34333	23.3556479944962	-5.08080381461402	0.877049095642138	-5.79306659098037	6.91126879299197e-09	5.63912677448531e-08	8.16044221612622	down	102637555
Gm50397	3.76662686250979	5.076685887645	1.67642802568354	3.02827548207748	0.00245953763119181	0.00740360428735806	2.60914652830126	up	NA
Gpr31c	3.74936948202844	5.07129695521843	1.43221664759215	3.54087278886495	0.000398805809099539	0.0014303230881022	3.39923852427839	up	667359
Vmn2r20	22.579986900812	-5.06946441157954	0.705922622578558	-7.1813315644455	6.90356996895592e-13	9.22520078571931e-12	12.1609262691361	down	667180
Thbs1	700.412076016859	5.06646605861998	0.410842224043716	12.3319020346869	6.0989859471872e-35	7.67595250974097e-33	34.214742367309	up	21825
Tex38	8.45347421405416	5.06529215684901	1.16022825157099	4.36577212284774	1.26674488706287e-05	6.07079132535655e-05	4.89731083996791	up	75173
Gm36264	595.538450154645	-5.05860731387008	0.589608135979192	-8.57960907454066	9.51961126459227e-18	2.22463148678384e-16	17.0213807857636	down	102640119
Chst11	91.2057093969746	5.05499675280842	0.565901398322455	8.93264580683726	4.15939656139845e-19	1.1186220696409e-17	18.3809696715522	up	58250
Ccl12	3.71124768678344	5.05319606354033	1.38726548066821	3.6425587848595	0.000269941305451144	0.00100483080954325	3.56873065617348	up	20293
Serpinb10	8.53582082664518	5.05294430038928	1.28832722702333	3.92209695984153	8.77816517508877e-05	0.000362419272323133	4.05659625147524	up	241197
Brinp3	8.34895820591356	5.05168809363867	1.38430795282973	3.64925165915018	0.000263005356722123	0.000981669150812407	3.58003540599249	up	215378
Asprv1	24.5371980990839	5.05076614673928	0.825522383825082	6.11826674321829	9.45986235267925e-10	8.57794761143147e-09	9.02411518282725	up	67855
Gm34084	8.49047819419071	5.04659647190611	1.13540166095709	4.44476756150953	8.79869435587933e-06	4.33318819736093e-05	5.05558176831644	up	102637213
H2-M2	8.49666538439533	5.04488308365645	1.29459245854904	3.89688897872205	9.74362576815963e-05	0.000397422702375941	4.0112794047137	up	14990
Gm38386	3.68217675743013	5.04280618576037	1.58916424131003	3.17324418374991	0.00150745681724699	0.00477663131033538	2.82175511985113	up	NA
AI427809	23.9086759101161	5.03932681854006	0.940126301619553	5.36026575350443	8.3099615299549e-08	5.74772339155214e-07	7.08040098672936	up	NA
Tepp	2.42895473175724	-5.03815318618182	2.08084208421772	-2.42120880983426	0.0154689887721137	0.0374868924988448	1.81053807576703	down	NA
Wincr1	3.65671576898877	5.03296654808806	2.06832834179907	2.43334989245967	0.0149598368692297	0.0364316733699024	1.8250731422456	up	100040617
1700001C19Rik	92.5139043725105	-5.03275981302709	0.377964633608032	-13.3154252158055	1.8829734203379e-40	3.02154468183555e-38	39.7251558103509	down	NA
Grm6	8.39231929495301	5.02844502390062	1.32468898992705	3.79594384956541	0.000147082788935376	0.00057765167932686	3.83243814377625	up	108072
Adam8	372.851054744092	5.02173423363364	0.380172949039645	13.2090782532504	7.77709162976143e-40	1.19804541138149e-37	39.1091827841534	up	11501
Inava	19.5489360580075	5.01962547215263	0.992738797342916	5.05634058584972	4.27377797474466e-07	2.62423050643122e-06	6.36918804343724	up	67313
Gm47990	107.933724532371	5.01628461063585	0.613496251673811	8.17655298944344	2.92079107529114e-16	5.750792734745e-15	15.5344995070775	up	115488178
Krt26	3.61006655458206	5.01402652991521	1.75114632231042	2.86328244877893	0.00419276626358278	0.0118974222180298	2.37749934777188	up	320864
Dlx3	3.59765988428441	5.01007539412697	1.97365781014522	2.5384721547847	0.0111337662471846	0.0281041790798681	1.95335790092234	up	13393
Gm12611	2.39171208506574	-5.00905831994386	1.58787830807549	-3.15456058217385	0.00160740001953077	0.0050616671751569	2.79387603073124	down	625958
Gm45546	3.58633271724948	5.00786473746441	1.66852967744127	3.00136389850978	0.00268773158303701	0.00799674897449949	2.57061410534535	up	NA
Corin	19.5213558630344	5.00496054412207	0.831678907787881	6.01790005404175	1.7669422785628e-09	1.54725968694885e-08	8.75277763753971	up	53419
Selenbp2	5524.43590449198	-5.00441995914109	0.73462399996176	-6.81221952917628	9.61042991708604e-12	1.13116404940959e-10	11.0172571839816	down	20342
Emb	158.585201284887	5.00309408659627	0.396067555810265	12.6319210276163	1.40798387642267e-36	1.9365812517425e-34	35.8514023185041	up	13723
Pla2g2e	3.56259160553816	4.99170036385547	1.76077255801456	2.83494897801229	0.00458330049416671	0.0128540684992243	2.33882166824501	up	26970
Gm15201	3.53995766384623	4.98763373410211	1.96032338566765	2.54429129936815	0.0109499724689035	0.0277182423900625	1.96058697275248	up	102640117
Sgo2a	22.6107541645645	4.98613305140392	0.778233527452167	6.40698823106202	1.48422271050703e-10	1.50898587716597e-09	9.82850092743486	up	68549
Lox	265.701120767348	4.98480770274953	0.43269527347342	11.5203655051151	1.04168184241696e-30	8.87549803432791e-29	29.9822649059708	up	16948
Bdkrb2	32.2069433176914	4.98363128009155	0.925981493920785	5.38199879026727	7.36632601313586e-08	5.12819861565235e-07	7.13274906438787	up	12062
Klra14-ps	3.51785999253628	4.97272875609017	1.49754948104395	3.32057726241117	0.000898314907168324	0.00299065557614683	3.04657139331994	up	654449
Scrg1	3.50462242592146	4.97028671750812	1.70566096444435	2.91399452828967	0.00356836160948785	0.0102939881876102	2.44753114167046	up	20284
AA467197	3.49706656695653	4.96883491307884	1.70229063381843	2.918911033384	0.00351256455919853	0.010143662740241	2.45437568489583	up	433470
Glra3	5.30443366336672	-4.96869486312931	1.79278347460097	-2.77149746945053	0.00557991060227112	0.015302098811887	2.25337275899277	down	110304
Gucy2c	189.562537669331	4.96604157564621	0.409740293213338	12.1199736952904	8.27857057732685e-34	9.10926600211462e-32	33.082044644371	up	14917
Scube3	20.9620060568169	4.96350167692545	0.944994300058103	5.25241440781205	1.50118231352231e-07	9.96528553750651e-07	6.82356656095554	up	268935
Cdh9	2.30763730649107	-4.96320799366768	2.09657951591338	-2.36728822159909	0.0179189720221752	0.0426880768599536	1.74668690861934	down	12565
Has2	3.47716787693161	4.96062802451088	2.06019723300619	2.40784131977134	0.0160471541141878	0.0387806224426205	1.79460197647363	up	15117
Dntt	16.1579816620064	-4.95870168141694	1.05713220437018	-4.69071102073866	2.72257272392267e-06	1.4701587316841e-05	5.56502051077274	down	21673
Gm34425	3.45255237355955	4.95254801745489	1.71073469919065	2.89498308521944	0.00379178964144927	0.010864161007459	2.42115576418521	up	102637674
Cstdc4	3.45271593849998	4.94826468277673	1.71888241419395	2.87876857771982	0.00399231176819306	0.0113721827527109	2.39877555107231	up	433016
St14	647.027219122626	4.94528513836367	0.367319561652333	13.463168463226	2.5762743378246e-41	4.3138033607957e-39	40.5890078924537	up	19143
Slc22a28	587.24353100454	-4.94400049347449	1.58477540280331	-3.11968527826028	0.00181044362256947	0.00562379454689429	2.74221499461842	down	434674
Spon1	807.651569936821	4.939519230337	0.339902058370637	14.5321839297332	7.57658102296287e-48	1.87044415613042e-45	47.120526728119	up	233744
4930594M22Rik	5.17554515689183	-4.93870966689455	1.49081614001951	-3.31275570093433	0.000923816358201749	0.00306654159516168	3.03441435188179	down	105245866
Gm43091	41.5043440949035	4.93870659256307	1.38497284382151	3.56592305372275	0.000362577751125346	0.00131483939278148	3.44059884905448	up	NA
Hrk	154.549612088272	4.937000039973	0.888186768162408	5.55851563763699	2.72078585443747e-08	2.03382967441956e-07	7.5653056389979	up	12123
Gm11341	15.8486725329608	-4.93661585024349	0.979598296449114	-5.03942878232632	4.66923334597444e-07	2.85249864562448e-06	6.33075442156357	down	108168051
Pdzrn3	1321.22945008079	4.93646869916146	0.304824367670395	16.1944687588075	5.51721320316815e-59	2.00451806490955e-56	58.2582802331584	up	55983
Slc10a4	3.39318875494058	4.92425382959276	1.77599424701177	2.77267442610141	0.00555977144468249	0.0152549100796247	2.2549430613592	up	231290
Cxcl5	43.3127747615434	4.91684548435902	0.849655684402537	5.78686822747082	7.17107878282619e-09	5.83381043692865e-08	8.14441550623085	up	20311
Gm21064	2.24597275860099	-4.91574685425473	1.86562337923783	-2.63490847561258	0.00841599727680372	0.0219829684701753	2.07489441371663	down	100861598
Tectb	3.37011754744489	4.91357785459366	1.85898761885293	2.6431471650282	0.00821393253373603	0.0215018331796657	2.08544886860514	up	21684
Slfn4	99.5094239897561	4.90990964712474	0.942665872728388	5.20853654425171	1.90335867610432e-07	1.24240931074796e-06	6.72047936390692	up	20558
Gm14569	22.0806774277508	4.90771758478448	0.944600104214189	5.19555054344103	2.04114867929602e-07	1.32740151869382e-06	6.69012535969055	up	101055983
Gm14102	3.34620661665372	4.90769064499284	1.48291637650493	3.30948576922437	0.000934675173337376	0.00309884730333755	3.02933929280378	up	108168796
Car1	149.245789290872	-4.90702513849976	1.29383092570694	-3.79263243829064	0.000149058707236924	0.00058493467832774	3.82664264965819	down	12346
Syt13	3.35064501265248	4.90680965533723	2.01138473081551	2.43951819866295	0.0147068618864499	0.0358974942940143	1.83247998606176	up	80976
Gm12708	7.75762413356995	4.90544332068356	1.40506953210535	3.49124595516158	0.000480773442187987	0.00169494203639178	3.3180595306679	up	105244624
Gm14319	32.1556345768699	4.89993896865581	0.65992422844382	7.42500238278939	1.12777884793542e-13	1.65522176035399e-12	12.9477760550847	up	102635709
Vmn1r184	7.66639866545118	4.89786184277447	1.30134296753189	3.76369793741899	0.000167419095235122	0.00065088271711034	3.7761950094115	up	100312477
Gm2061	117.575304487824	-4.89783392940662	1.5417893699359	-3.17672052026811	0.00148950500545083	0.00472441251605355	2.82695803300884	down	100039138
Gm45895	2.18930594211802	-4.89570086578659	2.12914484875286	-2.29937426223219	0.0214836961582005	0.0498829737100533	1.6678909984372	down	NA
Gm7765	7.70201418478337	-4.89488417128879	1.37942118742124	-3.54850586312911	0.000387423372994779	0.00139469517113245	3.41181418212889	down	665743
1700092C10Rik	27.8303534601365	-4.88929738794505	0.750868523531037	-6.51152263641658	7.43928147529544e-11	7.84506046485701e-10	10.1284690088605	down	73554
Ccl20	3.30487480410521	4.88889673312706	1.40538408177844	3.47869084082725	0.000503869521035925	0.0017692398791152	3.29768191123393	up	20297
St18	7.63345348005115	4.88684991161503	1.21344567263125	4.02725068112718	5.64328563868319e-05	0.000241268002350097	4.24846796706747	up	240690
Gm47577	3.29132261412239	4.88244156019548	1.66397332186094	2.93420663423563	0.00334401503416899	0.00971200649121089	2.47573177870851	up	NA
Gm38563	3.28759456102709	4.88230136933946	1.71819962980076	2.84152160474252	0.00448988096632971	0.0126311007168991	2.34776517266069	up	102641552
1810008I18Rik	1801.40539377492	-4.88212874933795	0.333633092756747	-14.6332269050347	1.72412004487285e-48	4.42662074454288e-46	47.7634324989459	down	100503969
AY512931	3.29511654457817	4.88211900828681	1.3732888665842	3.55505613355053	0.000377898401811505	0.0013644874602067	3.422624944775	up	434310
Gm21188	26.7064217620043	4.88091379351388	0.760791446992921	6.41557395631355	1.40293286630358e-10	1.4316309100976e-09	9.85296311050513	up	NA
Gm47695	22.1582633008863	4.87678632412233	0.847839888405011	5.75201331149532	8.81868537176233e-09	7.07257832230968e-08	8.05459615164174	up	NA
Gm19253	3.2716343921082	4.87489889132825	1.51765221656827	3.21213176385787	0.00131753931962113	0.00422701385182013	2.88023641517448	up	100462958
Mmp10	3.26588134104393	4.86883030608751	2.02804497668061	2.40075065497637	0.0163614809883912	0.0394461847893404	1.78617738795225	up	17384
D030024E09Rik	3.25335795676207	4.86656907397547	1.66249928312049	2.92726085562033	0.00341961933126662	0.00990703818622996	2.46602223649701	up	432956
Apol8	2.14868786662681	-4.86211785030689	1.84601173121122	-2.63384991985761	0.0084422795005825	0.0220426486865379	2.07354027365149	down	239552
Lypd6b	7.33021380471517	4.86168308744921	1.48150665365082	3.28158032599365	0.00103227117885837	0.00339320823149485	2.9862061980469	up	71897
4930432E11Rik	3.23951386978979	4.85697310421311	1.5061009700055	3.22486553089158	0.00126031850812778	0.00405695305792519	2.89951968596027	up	243900
Gm5847	3.22766185821897	4.8538610690223	1.66975628854295	2.90692785667413	0.00364997365665173	0.0105054730605157	2.43771027001259	up	545530
Osbpl3	680.307659068261	4.84960779439845	0.315407973654247	15.3756664367485	2.38377921928259e-53	7.78000892313654e-51	52.6227339705289	up	71720
Gm14051	3.21166524630646	4.84835534038283	2.08151765287156	2.32924055853875	0.0198463253856643	0.0465765803322794	1.70231989255124	up	102633555
Slc5a8	3.21737147500973	4.84782959824387	1.52201896647096	3.18513087224158	0.00144688558696919	0.00460668466644821	2.83956580952538	up	216225
Gm15326	3.20400637292752	4.83917476339611	1.43011477322653	3.38376671158937	0.000714987260770551	0.00243118394727136	3.14570169613786	up	102636620
1200007C13Rik	58.7087499238044	4.83750110612293	1.10874621129149	4.36303732707966	1.28269047535064e-05	6.14262317666051e-05	4.89187813011368	up	74119
Tmem54	14.5375757910623	4.83563196149031	1.32568894577095	3.64763693392508	0.000264663265729551	0.000986518746590832	3.57730633296402	up	66260
Tiparp	3083.19881523263	4.83526083803024	0.225820982890262	21.4119200799863	1.03461058059243e-101	1.42303295284913e-98	100.98522308453	up	99929
Obox8	3.18679420159742	4.83453336618564	1.6603797137295	2.91170346530339	0.00359463710618134	0.0103604747966813	2.44434494693284	up	434123
Creg2	3.18643129400485	4.83449093998591	1.74323035334894	2.77329437885149	0.00554918969518286	0.0152302161873491	2.25577042887784	up	263764
Gm28694	3.17435692755228	4.83091067397133	2.09993392153695	2.30050604184514	0.0214195673892751	0.0497653462412985	1.66918930485561	up	NA
Il1rn	539.892866666845	4.82868317729401	0.436547859310554	11.0610625486058	1.93788082072412e-28	1.3327083244237e-26	27.7126729354862	up	16181
Gm38335	3.16155038591811	4.82412177824834	1.55318733924903	3.1059497179399	0.00189668964689433	0.00585862300939963	2.72200372639545	up	NA
Spata48	3.15950951201575	4.82272558758264	1.69292120142037	2.84875963720955	0.00438900252431414	0.0123685983620947	2.35763416937253	up	NA
Gm31108	3.15476539178785	4.82176414265931	1.37043742209601	3.51841248999511	0.000434136973945521	0.00154381192433887	3.36237322522624	up	102633311
Fbp2	122.392707094667	4.82061935633125	1.17407002176964	4.10590447498632	4.027358990427e-05	0.000177461841463758	4.39497965655779	up	14120
Ckap2	90.4891251538904	4.8176197112579	0.402464791443857	11.9702886157433	5.08514285071892e-33	5.12667595463055e-31	32.2936968424644	up	80986
Gm31121	14.6737110680836	-4.81326181764644	1.09951501382243	-4.37762264010684	1.19980850754817e-05	5.77299165950712e-05	4.92088806291188	down	102633249
AU022754	3.140740351881	4.81294165689208	1.70951065746071	2.81539143139428	0.00487178548950537	0.0135879347314478	2.31231184245545	up	105975
Lhx3	3.1314138816908	4.80692834695675	1.67741757549246	2.86567186202607	0.0041612533068544	0.0118114819688662	2.38077584671108	up	16871
Plch2	3.11904451989197	4.80217744188989	2.06315122328274	2.32759353153426	0.0199336972493923	0.0467531393708036	1.70041214203759	up	269615
Rap1gap2	465.297557225496	4.78782716624254	0.291112911478764	16.4466328268363	8.86622820898875e-61	3.34760961553505e-58	60.0522610945313	up	380711
9030607J07Rik	7.15262217282688	4.78644768842719	1.19863242406243	3.99325730919646	6.51717794274575e-05	0.000276481115808575	4.18594042101797	up	105244793
Pou3f1	3.08888410286061	4.7852741703843	1.53765525184752	3.11205919833766	0.00185787239548517	0.00575348839618245	2.73098411802793	up	18991
Il1f9	35.3630985021576	4.77728301164579	0.669081920774079	7.14005693969256	9.32922657756076e-13	1.22791241953185e-11	12.0301543591496	up	NA
Pnoc	3.06231036103689	4.77638032425209	1.7533484369352	2.72414782118326	0.00644676450144187	0.0173937084544997	2.19065819415873	up	18155
Bcas1	3.06319056334853	4.77499551801767	1.78410359812998	2.67641157330921	0.0074415199715944	0.0196832291995909	2.12833834834452	up	76960
Nqo1	3667.09297743781	4.76946500022037	0.216602711756144	22.0194149997066	1.87670695808116e-107	3.61378691848109e-104	106.726603535809	up	18104
Gm15653	2.00676504565108	-4.76613487413158	1.83811964302254	-2.59294050429401	0.00951592308730361	0.0245102481232101	2.02154907681706	down	100862249
Gm11725	3.0147440811725	4.75459985534181	2.03477497554214	2.33667108770836	0.019456292995506	0.0457672096165972	1.71093990224631	up	100503754
1600022D10Rik	3.00272285351205	4.75231997766917	1.53036714826469	3.10534631056207	0.00190056360417618	0.00586964759615341	2.72111759173806	up	73252
Ces4a	60.5759377635541	-4.75065232490955	1.75710620821981	-2.70367966528479	0.00685763638195025	0.0183225539296287	2.16382554656128	down	234677
Gm50295	2.99461643266351	4.74583382895163	1.70210277559382	2.78821813641419	0.00529988442475096	0.0146251898083985	2.27573360101057	up	NA
Pde9a	600.937253605161	-4.74551829886858	0.618870063733572	-7.66803659921667	1.74649058765351e-14	2.81426131848167e-13	13.7578337505595	down	18585
Ccnb1	156.237048988476	4.74538269286366	0.428678298141813	11.0697992257444	1.75794017921651e-28	1.21765813276954e-26	27.7549959075775	up	268697
Gask1a	443.138716658001	-4.74056019905165	0.348342087670438	-13.6089217089858	3.54434528153777e-42	6.37849651787769e-40	41.4504639768069	down	245050
Dct	67.3150480860846	-4.73863270186109	1.7132036430933	-2.76594829865361	0.00567575325236578	0.0155421366080142	2.24597649331768	down	13190
4930563M21Rik	2.97089222512948	4.73451750069428	1.76805139458459	2.67781667161698	0.00741037659193692	0.0196143246260258	2.13015972081362	up	75258
Gm29686	2.95885711472041	4.72853472530809	2.03810959665984	2.32005910430796	0.0203376802382319	0.0475847351965241	1.69169858519841	up	629091
Slc30a10	2299.79371020326	-4.72769204545699	0.77028468261397	-6.13759062352572	8.37824269506583e-10	7.65329418103357e-09	9.07684706345424	down	226781
Ly6g	2.96148299044638	4.72662484805422	1.72261860544895	2.74386032584524	0.00607213677381639	0.0164962000164515	2.21665845459533	up	546644
Cfap221	2.95078420464224	4.72362549043324	1.78588616590565	2.64497568804326	0.00816967866075142	0.0213976240875176	2.08779502530443	up	226356
Gm49131	6.67633552663576	4.72246054863537	1.3747702282305	3.43509078947234	0.000592355338680388	0.00205003493918576	3.22741769305401	up	NA
2310015A16Rik	67.8118843835317	-4.72082060932164	0.571989542080135	-8.25333377976385	1.54036062717463e-16	3.14207460136384e-15	15.8123775908149	down	69561
Mup-ps17	4.49478501276346	-4.71660614195414	1.50820521038233	-3.12729733956991	0.00176421403153308	0.0054961503625952	2.75344872811854	down	102632280
P2ry4	203.764649028004	-4.71650082322953	1.28975788328579	-3.65688854036212	0.000255295322317785	0.000955670047929872	3.59295714254078	down	57385
Igkv14-111	2.92153410985318	4.70938376845374	2.04619613920756	2.30153096187424	0.0213616373750589	0.0496744965823321	1.67036546158266	up	545847
Kif18b	51.0888255256284	4.70715311965401	0.542202323140127	8.68154362082563	3.90433263389749e-18	9.52874894782385e-17	17.4084531892348	up	70218
S100a9	212.781897730694	4.70641382704178	0.434857585274739	10.8228854374664	2.68198300434497e-27	1.65102667140945e-25	26.5715439785883	up	20202
Tnfsf9	2.9178804131048	4.70412325686373	1.71787375514323	2.73834048793156	0.00617501077723059	0.0167520438893142	2.20936228009458	up	21950
Wdr72	6.6057765996956	4.7035355814162	1.22297777869423	3.84596978240941	0.000120076561639072	0.00047992568093333	3.92054175649561	up	546144
Gm5526	121.816901205522	4.69779180120182	0.390675577279738	12.0247900672788	2.63256358564275e-33	2.71083659920517e-31	32.579621130281	up	433297
Klri1	12.5409582743839	4.69338886475871	0.94516241182392	4.96569563711456	6.84552441463012e-07	4.05592055778823e-06	6.1645932762873	up	503550
Gm49742	2.88714887036661	4.69163167394921	1.72282797701242	2.72321539732889	0.00646498916133634	0.0174355506009373	2.18943219888502	up	NA
Gm47683	1.91728934662764	-4.69084159327001	1.87098199020943	-2.50715486189417	0.0121707375828982	0.030432375392324	1.91468310143501	down	NA
Adgrf3	2.88179370139312	4.68925422162889	1.70230884592159	2.75464363171434	0.00587560941245564	0.016030140952996	2.23094708212161	up	381628
Gfi1	4.42781009323769	4.68376701014274	1.27431481866515	3.67551796584223	0.00023736733513876	0.000894645802589931	3.62457904589131	up	14581
Slc19a3	16.5590382156865	4.68246266902315	1.13572416825444	4.12288722905308	3.74152898004265e-05	0.000166044899837984	4.42695088659653	up	80721
Gm49528	2.86309921660869	4.68022785136471	1.85699927877951	2.52031753854031	0.0117249008665031	0.0294706554086129	1.9308908205372	up	NA
S100a8	141.717797283579	4.67835933985509	0.539888283093833	8.66542113684284	4.49847006616972e-18	1.08959169300835e-16	17.3469351650682	up	20201
Gm26674	9.13763238676365	4.67733030971426	1.14953106432939	4.06890292472688	4.72350207291273e-05	0.000205642676726221	4.32573588971725	up	NA
H2bc15	2.85986312394583	4.67672450943438	1.76967389125741	2.64270413466484	0.00822468697713928	0.0215270589142034	2.0848806218507	up	319187
Bspry	102.840562227159	4.6722004431893	0.472810933018254	9.88175212735387	4.99517508510925e-23	2.02073721510218e-21	22.3014492847825	up	192120
Slc36a3	2.84692417709613	4.67032524397522	1.71936995141996	2.71630037509855	0.00660159932813773	0.0177344303379771	2.18035083790624	up	215332
Afp	258.788743251539	4.66467896083228	0.74465399070863	6.26422340984605	3.74687969868383e-10	3.60569292742908e-09	9.42633025060423	up	11576
Tarm1	2.82946766234144	4.66183335562	1.53973308128348	3.02768928737571	0.00246431324300034	0.00741566116693461	2.60830408909687	up	245126
Gm26704	2.82299818891659	4.6588712588403	1.752241723828	2.65880625685729	0.00784180432419568	0.0206484047677714	2.10558399880989	up	105245938
Gal3st2c	6.55010097715074	4.65852156475718	1.40875877642091	3.30682700454411	0.000943591456056434	0.0031273316829299	3.02521600017765	up	619597
Cacng1	25.5451693752958	4.65648845813964	0.980177753838412	4.75065715366898	2.02756647353795e-06	1.11710500756643e-05	5.69302489858784	up	12299
Fam205c	2.80088277346515	4.65177030986891	1.81652847231173	2.56080231098664	0.010443076137883	0.0265865127600048	1.98117155565095	up	NA
Rbm44	2.79784767527917	4.64858656530868	1.82823882520723	2.54265826828274	0.0110012765547768	0.0278334754091161	1.9585569177028	up	329207
4933435E02Rik	2.85841582964715	-4.64804569316629	1.90268385096593	-2.44288912780052	0.0145702126907352	0.0356362270510349	1.83653410850877	down	71291
5830411N06Rik	24.4136669016109	4.6443461606855	1.0140607818924	4.57994850369658	4.65090428526385e-06	2.41055851775273e-05	5.33246259809534	up	NA
Stat4	4.2992919510427	4.64404293084293	1.3046013252307	3.55974108030413	0.000371220614370493	0.00134264165107405	3.43036791483795	up	20849
Gm3839	290.446179667766	-4.63190770571448	0.350613366157442	-13.2108702998919	7.59412866912443e-40	1.17929469074726e-37	39.1195220487794	down	NA
Gm33424	2.76630253161767	4.63174839782837	1.47115476578151	3.14837602783951	0.00164180347019652	0.00515482922258344	2.78467883072293	up	102636324
Gsg1l	83.5741876401635	4.62743708222092	0.935525590917176	4.94635008079709	7.56179151563319e-07	4.45426299862443e-06	6.12137530063895	up	269994
Slc6a16	43.3206587808551	-4.62051016118808	0.533334320317108	-8.6634405197116	4.57735420020323e-18	1.10730568441097e-16	17.3393854801351	down	381884
Lcn2	2480.16353095213	4.61775445851194	0.524793849117716	8.7991779367752	1.37822007186772e-18	3.51045048993186e-17	17.8606814294773	up	16819
Cracr2b	2.73795822744576	4.61723376195366	1.6956180757487	2.72303877151989	0.0064684466120102	0.0174399899133112	2.18920000199454	up	213573
Gm23218	1.81165760800799	-4.61627534620881	1.92654623099187	-2.39614044654	0.0165687402902005	0.0398510695763304	1.78071050943289	down	NA
Nkx2-6	51.3817234958375	-4.60659115970649	0.652803936582408	-7.05662282587195	1.70597851825021e-12	2.18129630460996e-11	11.7680264417876	down	18092
Mefv	87.410935373599	4.60650242747449	0.404254456705223	11.3950566309613	4.4254217028859e-30	3.58050085339373e-28	29.3540453386362	up	54483
D430041D05Rik	72.3635956986802	4.60636004081886	0.570919024043409	8.06832466046641	7.12693253444739e-16	1.34677343359489e-14	15.1470973523376	up	241589
Gm10319	2312.29310804165	-4.60040757993039	0.927583712282686	-4.95956054317649	7.06528263918865e-07	4.17841162469953e-06	6.15087045997469	down	381806
Tlr1	187.267970682141	4.60024520572233	0.455279511158482	10.1042218966032	5.2913938310757e-24	2.35314271619385e-22	23.2764299133313	up	21897
Olfr1392	2.70794170886902	4.59979474823661	1.77239105322279	2.59524823253461	0.00945226247777458	0.0243560506184969	2.02446422704534	up	NA
Ccl4	44.9647370238893	4.59416680853965	0.739326060362331	6.21399278998514	5.16548991892094e-10	4.88539655593034e-09	9.28688848169642	up	20303
AC160336.1	9.03938780554062	4.59212448285535	1.32398920651884	3.46840024091238	0.000523566874547696	0.00183139032448509	3.28102783854648	up	NA
Apol11b	2.69262210377189	4.59196790817176	1.73667053139426	2.64412151018949	0.00819032482630777	0.0214458654957006	2.08669887388359	up	328563
Mfge8	5527.23886861553	4.58966839332824	0.216435076380159	21.2057512584821	8.45105041355711e-100	1.08488951175637e-96	99.073089307564	up	17304
Gm42517	9.11939646736626	4.5850806812554	1.12529763768493	4.07454928163564	4.61035498675271e-05	0.000201354038613994	4.33626563364454	up	NA
Gm40055	1.75505205006047	-4.58198103586556	1.90869668248606	-2.40058102364257	0.0163690664834175	0.0394496550944541	1.7859760873969	down	105244449
Nuf2	96.9865597562408	4.57889619734095	0.492060176482183	9.30556142558865	1.33286288717257e-20	4.14630173754362e-19	19.87521452456	up	66977
Col1a1	4999.75925852972	4.57715270363283	0.354017062072829	12.9291867370257	3.08060136280387e-38	4.63437967516807e-36	37.5113644967936	up	12842
Syt14	9.17636678121828	4.57538158446104	1.32837768543968	3.44433788267577	0.000572459821988762	0.00198689371525155	3.24225498881496	up	329324
Rbp7	12.0772361228603	4.57384231633733	1.16319176570142	3.93214812140562	8.41901619008156e-05	0.000349088233755837	4.07473865531531	up	63954
Aldh3b1	1473.32774943733	4.57355131864016	0.37632479109172	12.1532023053072	5.51618474660304e-34	6.32259842146357e-32	33.2583611969765	up	67689
Cxcr2	50.915269077126	4.57177009301846	0.696248234333363	6.56629326664763	5.15831778437918e-11	5.53670943455995e-10	10.2874919061393	up	12765
Cmah	3623.7027742809	-4.56255950671727	0.852967424807157	-5.34904308655022	8.84204916086825e-08	6.06996430095112e-07	7.05344707479155	down	12763
Gm48441	2.63441326862044	4.56023458146957	1.47200655798493	3.09797164743083	0.00194850069164288	0.0060022923241522	2.71029943571341	up	NA
Gm36037	8.53775086072442	4.55917281141368	1.18689323098925	3.84126616647205	0.000122401302598759	0.000488792924687203	3.91221396038945	up	102639815
Cd164l2	12.5517870437123	4.55668833033416	1.02913570012799	4.42768463844705	9.52500269855537e-06	4.65752798281824e-05	5.02113489261113	up	69655
Aldh3b3	28.845955956088	4.55497171621305	0.74997101229444	6.07353036523064	1.25128325030645e-09	1.11860307650423e-08	8.90264436886707	up	73458
Pbk	108.032006866646	4.55259852294921	0.341878891001688	13.3164071920624	1.85837655211605e-40	3.00713436029804e-38	39.7308662828413	up	52033
Gm11695	79.5732359707574	4.54955345744116	0.542095587785729	8.39252995218887	4.75790737713293e-17	1.03406619022654e-15	16.3225840166896	up	102634708
Cenpf	72.4278045048868	4.54706645318971	0.491887998948542	9.24410935601092	2.37207931396523e-20	7.18188038831988e-19	19.6248707937894	up	108000
Gm48236	31.9118513635592	4.54523443206557	0.578377857142035	7.85858997874701	3.88481611947828e-15	6.7090600176389e-14	14.4106295328955	up	NA
Gm19142	2.61098029771245	4.54436259972483	1.45652404605715	3.1200052014428	0.00180847846498723	0.00561950319861128	2.7426866583665	up	100418330
Rcan3	825.11615517786	4.53696040861479	0.337343632261555	13.4490767713591	3.11740151266683e-41	5.17488651102694e-39	40.5062072581962	up	53902
Begain	2.58912779686822	4.53626538851611	1.7396853226483	2.60752064149775	0.00912005716417088	0.0236201507401849	2.04000243952178	up	380785
1810044K17Rik	3.98590127999024	-4.52826164977111	1.53244238084389	-2.95493109977648	0.00312738885388027	0.0091465674013242	2.50481811600839	down	76760
Gm9276	2.5728524718874	4.52772372101523	1.73727038542583	2.60622857500988	0.00915453475539102	0.0236935109206733	2.03836372217612	up	668626
Mup8	142.971287753368	-4.52538690265839	0.937089231160638	-4.82919529131013	1.37085912467414e-06	7.75705651035125e-06	5.86300717286926	down	100041687
Cacng4	30.6788639041108	4.52467887755407	0.838639003658078	5.39526406215043	6.84228491641794e-08	4.78935072157557e-07	7.164798845519	up	54377
Zan	2.57155565680065	4.52451957380334	1.79495115670484	2.52069230792298	0.0117124218693684	0.0294491228836351	1.93135329316417	up	22635
Caly	2.57371798145415	4.52205258958278	1.55158992138243	2.91446375570277	0.00356300178885603	0.0102800662940083	2.44818395960517	up	68566
Gm16287	2.56570396531009	4.52144776134773	1.79598472242203	2.51753130463726	0.0118180466996026	0.0296621881188148	1.9274542982166	up	100038595
Sgo1	45.3834896365865	4.52100769705862	0.551072735460639	8.2040126577475	2.32493611682889e-16	4.63446893019224e-15	15.6335889758879	up	72415
Tm4sf5	5.82097276649622	4.51777637744681	1.27385993744356	3.54652520630588	0.000390347398030648	0.00140417139855747	3.40854871120053	up	75604
Gm3289	2.59761630570901	-4.51103560092267	1.40533646357907	-3.20993279391192	0.00132766009924227	0.00425593855019297	2.87691309659296	down	100041358
4930461G14Rik	2.54514867602832	4.51049414812616	1.84714354656524	2.44187527088158	0.0146111937718831	0.0357137785315285	1.8353142996467	up	74879
Ly6i	16.9448168157395	4.50952762673404	0.856370579288538	5.2658600561459	1.3953455016563e-07	9.31972701349073e-07	6.8553182433693	up	57248
Cdc25c	17.3101556971235	4.50848698369652	0.902634681876645	4.99480805936133	5.88943119129948e-07	3.52195301303301e-06	6.2299266478969	up	12532
Kcng3	2.53432945922082	4.50833709728147	1.56706272348172	2.87693468150706	0.00401558706853967	0.0114317185972501	2.39625095300321	up	225030
Gm44734	2.53666295414049	4.5061916168012	1.57040176991946	2.86945143791598	0.00411184467601742	0.0116884678301434	2.38596329907664	up	NA
Kifc1	109.55170359456	4.49690363633181	0.478299616603996	9.40185498842869	5.36094633146549e-21	1.74670698068865e-19	20.2707585404832	up	100502766
Cd300lb	249.808065040641	4.49404918200472	0.367115404304094	12.2415162352658	1.86515375486614e-34	2.17669095173954e-32	33.7292853611006	up	217304
Plat	230.593636217405	4.49304405006469	0.732969617819977	6.12991854072759	8.79240787822349e-10	8.01641127381967e-09	9.05589217327418	up	18791
Gm13241	3.87727164759429	4.49072700511907	1.36942163230318	3.27928732772118	0.00104069617711308	0.00341740204408074	2.98267604077002	up	433790
Cyp4f14	8073.75914833233	-4.48906431934309	0.887062719333093	-5.06059404989767	4.1795223266223e-07	2.57291821999485e-06	6.37887335046571	down	64385
Slc6a19	19.9914055114662	4.48681659496992	0.901999028862558	4.97430313270725	6.54827727171966e-07	3.88937776509049e-06	6.18387293967115	up	74338
Nxpe5	17.0825351089986	4.48569456812336	1.03707612432222	4.32532816340264	1.52304955716623e-05	7.21827277203861e-05	4.81728596530895	up	381680
Gm4739	2.49674329290353	4.48536179043556	1.52689004314217	2.93758009005362	0.00330784719487852	0.00963046652322055	2.48045456077422	up	15352
Cenpi	40.2643484002018	4.48216068436611	0.610468682027605	7.34216318760056	2.10168916183439e-13	2.9605066935101e-12	12.6774315153689	up	102920
Ly6m	35.0399247382916	4.48107835977221	0.805665655443012	5.56195777925795	2.66764840855471e-08	1.99565803244481e-07	7.5738714102452	up	67038
Gm35060	2.48887611406917	4.47755462841255	1.80970068081387	2.47419624465128	0.013353632239554	0.0330044336291685	1.87440058845387	up	NA
Aoc1	178.295995083777	4.47754496047359	0.798509207258422	5.60738050328394	2.05411739703232e-08	1.55847457041979e-07	7.68737473920692	up	76507
Lrit2	141.947077121919	-4.47606751596889	1.0576455246601	-4.23210556997097	2.31513687603997e-05	0.000106422238445991	4.63542332743152	down	239038
Entpd2	716.008496600444	4.47427524098737	0.235284871918011	19.0164170119127	1.2472099308235e-80	1.14363211561606e-77	79.9040604397654	up	12496
Cyp1a2	447944.892600427	4.47091642092752	0.1456363459698	30.699180147342	5.83688820314347e-207	5.61975596198653e-203	206.233818624871	up	13077
Mdga1	83.6802723664086	4.47042470369624	0.58366956763038	7.65917044783672	1.87137896511744e-14	2.99794287456751e-13	13.727838256437	up	74762
Gm49630	1.63493573131267	-4.47026910049461	1.9426362238573	-2.30113545994651	0.0213839755492686	0.0497066433095988	1.66991155082951	down	NA
Olfr96	2.4760055803275	4.46737118418764	1.65297174226986	2.70263009944323	0.00687932565158206	0.0183703085212681	2.1624541315538	up	NA
Bmp8b	37.0119280005131	4.46667431582146	0.677726140940556	6.59067733409627	4.37824493605198e-11	4.75239484152293e-10	10.3586999459658	up	12164
Mypn	9.502378098516	-4.46620277666772	1.14470490958014	-3.90161930755225	9.55513469676808e-05	0.000390727699556097	4.01976318640585	down	68802
9930022D16Rik	2.45579083690324	4.46174338728759	1.802026805489	2.47595838957392	0.0132879063766339	0.0328688209093583	1.87654344047949	up	320509
Gm1123	5.60189662751554	4.46103367356166	1.42047146080446	3.14053030747638	0.00168642257230596	0.00527942660580777	2.77303359351551	up	382097
Gm6610	2.45283250446234	4.45996674474978	1.82346940130892	2.44586870585727	0.0144503612093748	0.0353655510228419	1.84012129690206	up	625653
Cdk15	101.143298632111	4.45927411496518	0.467483157466885	9.5388979126613	1.44358204826211e-21	5.04493936866336e-20	20.84055852727	up	271697
Cass4	2.45448752220695	4.45619362768995	1.90274148670131	2.34198584454867	0.0191814424126401	0.0452300949035694	1.71711873771299	up	320664
Srxn1	21971.241990075	4.45022823785038	0.374345696077489	11.8880176384589	1.36610562646189e-32	1.32857221935102e-30	31.8645157199692	up	76650
Rgr	139.28171115902	-4.45000157095908	0.329274990924478	-13.5145446620929	1.28347352097885e-41	2.20665768928292e-39	40.8916130867209	down	57811
Rmi2	53.8170651054751	4.43980079640356	0.578560678833459	7.67387235052934	1.66880158067101e-14	2.70037338129419e-13	13.7775952975583	up	223970
Gm4956	560.041988988584	-4.43702530711339	0.435799173917187	-10.1813531843833	2.40197659512754e-24	1.11183801239846e-22	23.6194312286802	down	241041
Serpina7	837.475922997095	-4.4368267543227	0.400036622393539	-11.0910514336808	1.38648437176428e-28	9.67324024010618e-27	27.8580850213582	down	331535
Gm12976	5.64540877396701	4.43378133463586	1.18676506885765	3.73602278242289	0.000186953737700311	0.000721005642530981	3.72826584772617	up	102637131
Gm35161	5.63640796617782	4.4293054150644	1.84893289764151	2.39560095486126	0.0165931440658035	0.0398997979684206	1.7800713161421	up	102638647
Cyp4a12b	2219.92251191315	-4.42822968630866	0.649525586546164	-6.81763702313201	9.25501177242107e-12	1.09267018203397e-10	11.033623024486	down	13118
Kntc1	81.5002353233659	4.41822231294317	0.505722627708983	8.73645368204807	2.40542467846351e-18	5.93831507801197e-17	17.6188082376971	up	208628
Mup9	2536.60545932975	-4.41588819136676	0.687361606002277	-6.42440333123892	1.32387758787577e-10	1.3552677741699e-09	9.87815217000799	down	100038948
Tgfb2	366.901528610445	4.41210583525929	0.291582386434522	15.1315924435994	1.00240076722138e-51	3.16429986452702e-49	50.9989586096118	up	21808
A4gnt	10.4909451593177	4.40435080358331	1.28108402950056	3.43798744044946	0.000586054880263257	0.00203151625100797	3.23206171319777	up	333424
Cdh26	2.35895459351694	4.4028295160565	1.51171394203719	2.9124752994758	0.00358576558506261	0.0103364524110727	2.44541810530407	up	381409
Gm13657	569.773948035918	4.4001788962486	0.367792250244744	11.9637618609977	5.50120407868393e-33	5.48866247353046e-31	32.2595422436882	up	102638051
Clspn	52.806426412448	4.39580460145478	0.492294029972136	8.92922589718097	4.29000062542177e-19	1.15053275826075e-17	18.3675426445012	up	269582
Gpr141	67.7861802355351	4.3938609472594	0.962539456836198	4.56486320228547	4.9982015773962e-06	2.56996981506919e-05	5.30118623276629	up	353346
Tmem167-ps1	2.34031639475851	4.39091594008426	1.79381054528843	2.4478147659558	0.0143725524246204	0.035206445679747	1.84246609856775	up	101055841
Gm43432	2.40246379742868	-4.39029084941146	1.67406221977345	-2.62253744069656	0.00872776775321436	0.0227172067931733	2.05909681888619	down	NA
Ms4a7	195.812394592145	4.38800887915485	0.479851542963607	9.14451343024575	5.98988966268653e-20	1.7609361121327e-18	19.2225811774985	up	109225
Adgrf4	5.32633400219656	4.38580867892561	1.53734057580536	2.85285430434179	0.00433284817480003	0.0122461946945471	2.36322652859816	up	78249
Gcnt3	5.47725927572501	4.38478249314036	1.90330417296012	2.30377390825604	0.0212353385078367	0.0494387230452066	1.67294081162579	up	72077
Spink1	5.48957327286913	4.38257663935744	1.51225312129291	2.89804436681243	0.00375497467060381	0.010766198966222	2.42539298820817	up	20730
Toporsl	3.60315483722709	4.38181566168475	1.5378253181445	2.84935851294979	0.0043807485561169	0.012352569072571	2.35845167351089	up	68274
4933439K11Rik	5.45058693131674	4.3795517283585	1.28821265163974	3.39971178111305	0.000674569177158119	0.00230678459871368	3.17097350675187	up	71319
Sybu	221.848409335772	4.37333968792701	0.356744612645481	12.2590209716021	1.50304835353726e-34	1.78658636393293e-32	33.8230270477986	up	319613
Tymp	4180.13243369713	-4.37060660934747	0.368024159969046	-11.8758687193663	1.57984275861088e-32	1.52107260799056e-30	31.8013861361253	down	72962
Gm30275	21.649663452301	4.36774210029974	0.910953944411337	4.79469036507899	1.62926284318537e-06	9.08048778824242e-06	5.78800884685374	up	102632118
Cacng8	2.30822269226702	4.36679174801089	1.87917194077719	2.32378509558039	0.0201370149520226	0.0471897724128207	1.69600490746395	up	81905
Ly6g6g	2.29515098936617	4.36222475533084	1.56688252367003	2.78401519541709	0.00536905187523817	0.0147969747974218	2.27010239990697	up	78725
Ceacam16	6.94636915663404	4.35592788357933	1.42686150399636	3.05280356319043	0.00226714294355854	0.0068706491219961	2.6445210967056	up	330483
Gck	3750.33750592674	-4.35477404984819	0.868081023776834	-5.01655252282962	5.26068996509061e-07	3.18653180144022e-06	6.27895729227581	down	103988
Tnip3	9.95816759136503	4.35134184943504	0.980785339638118	4.43658940807635	9.13953840969016e-06	4.48613182811608e-05	5.03907573765639	up	414084
A430057M04Rik	14.8218725141473	4.34614524057654	1.15716092575685	3.75586933834107	0.000172740804516501	0.000669679269532864	3.76260506206684	up	319486
D930007J09Rik	6.98930157906852	-4.34473337373664	1.15743065756074	-3.75377422859445	0.000174191769652791	0.000675032545066239	3.75897236872456	down	NA
Car14	1088.64159075203	-4.34419720460398	0.314743927437984	-13.8023225419017	2.46772069255709e-43	4.94983642248742e-41	42.60770399721	down	23831
Fgf9	47.2367379298738	4.34073331426925	0.492224627294593	8.81860247043542	1.15897113349476e-18	2.97165754281958e-17	17.9359273808786	up	14180
Ms4a6d	324.114802220744	4.3404494805578	0.38632698254754	11.2351704039303	2.73964747655318e-29	2.06880987484345e-27	28.5623053163173	up	68774
Kif2c	77.9753512384654	4.33654186632371	0.558932676574708	7.75861216935682	8.58637823997676e-15	1.43274956142974e-13	14.0661899842567	up	73804
Prss35	5.32095483402106	4.33588811245291	1.45041432457817	2.98941346550334	0.00279513609582705	0.00827920945412177	2.55359704136334	up	244954
Gm49654	2.25594326056571	4.33512783992135	1.48465713273663	2.91995218581582	0.00350085094219238	0.0101189411202126	2.45582638005515	up	NA
Cdc20	181.371807909109	4.33331921112782	0.31752709221294	13.6470849807732	2.10116778078025e-42	3.89039296026004e-40	41.6775392672715	up	107995
Gm11787	2.23859722746826	4.32495932731503	1.52365880062926	2.83853532400354	0.00453211027193723	0.0127290425023955	2.34369953174968	up	666513
Gm31583	376.46693737814	-4.32076673548172	0.714415372156402	-6.04797559498175	1.46677168025389e-09	1.30037548227297e-08	8.83363748378656	down	102633856
Slc6a21	3.42297809100866	-4.31659327526343	1.61206673678538	-2.67767653581833	0.00741347738268321	0.0196198351403172	2.12997803306459	down	76713
Olfr267	5.21193479879241	4.31344792784856	1.46931346236091	2.93568938034342	0.00332807393595373	0.00967326667331699	2.47780703405798	up	NA
Xkr5	5.0591858174918	4.30844614321205	1.56580413403518	2.75158690002236	0.00593072821626929	0.0161530555208602	2.22689197764918	up	319581
Slc29a4	2.20663175263978	4.30540639584656	1.84214061419751	2.33717576316622	0.0194300468612568	0.0457278150037108	1.71152615197043	up	243328
Fam50b	10.1704253233391	-4.30039561164506	1.00705524895813	-4.27026780913372	1.9523838625086e-05	9.10734100205079e-05	4.70943479067564	down	108161
Orc1	5.05431708547102	4.29970567413004	1.2142469017091	3.54104726812811	0.00039854217270033	0.00142964382964187	3.39952571591915	up	18392
Gm17749	5.1530753441522	4.29954092258992	1.3237947807175	3.24789082508662	0.00116263871606912	0.0037753408291108	2.93455521905792	up	434410
Tmprss7	12.0249473087653	4.29792335267249	0.990923802422783	4.33728944865809	1.44250607391271e-05	6.85341647156752e-05	4.84088234949894	up	208171
Prok1	40.075390361139	-4.29583319169255	0.777717442277433	-5.52364259584152	3.32042568094741e-08	2.44692372416086e-07	7.47880623586352	down	246691
Gm10463	2.18823014952337	4.29401476925363	1.83365877414067	2.34177417838605	0.0191923234109166	0.0452457614594282	1.71687244665793	up	100038629
Pcp4l1	2666.76038684425	4.29273558506922	0.211003648538958	20.3443666249053	5.20804637799055e-92	5.27821795024137e-89	91.2833251570021	up	66425
Crybb1	5.14910473082738	4.29133158160382	1.4348779301834	2.99072937936631	0.00278312017722687	0.00824869357129146	2.555468040098	up	12960
Gm4240	15.0415176978194	-4.28964735284362	0.730941329830782	-5.8686616528261	4.39326930250995e-09	3.67333016453025e-08	8.35721217415118	down	100043115
Gm3787	66.5910538959242	-4.28929328728509	0.403761228070724	-10.6233411954398	2.32101762657701e-26	1.33413478857812e-24	25.6343215613553	down	102639762
Adgrb1	24.9856488314468	4.28674793873615	0.969652113600944	4.42091331376228	9.82845993922295e-06	4.79495375195534e-05	5.00751452817968	up	107831
Gm33228	53.7138366605276	4.28260009880342	0.547030210702881	7.82881825356719	4.92476950206219e-15	8.39958915249862e-14	14.3076140913237	up	102636049
Crhr2	6.38977017389474	-4.28022065756972	1.44517692916097	-2.96172777962538	0.00305918121639466	0.008972976923518	2.51439479599696	down	12922
Gm3776	1040.82720242642	4.27822225245578	0.311468986097281	13.7356284041698	6.21147805835643e-43	1.20816385345163e-40	42.2068050445563	up	NA
Gm35037	2.16160425358609	4.2775166591769	1.80686905471812	2.36736394815517	0.0179153055821967	0.0426846231490695	1.74677577965361	up	102638484
Ajm1	4.95108389849975	4.27278568084197	1.26839910502351	3.36864450938159	0.000755387869531112	0.00255367781174352	3.12182999361228	up	381353
Lrr1	9.38278292208964	4.27239129501157	1.10139855525397	3.87906019544977	0.000104860806167894	0.000424379925088054	3.9793868077617	up	69706
2010110G14Rik	7.48214019382273	4.2721943236731	1.09808289279233	3.89059364435527	9.99992754816586e-05	0.000406670760015801	4.00000314655458	up	69898
Shh	6.80669622227025	-4.27174180396094	1.20695720327213	-3.53926534626082	0.000401242315323526	0.00143825800891099	3.39659327220588	down	20423
Hoxb8	5.05540044285829	4.2684953926039	1.2597229181315	3.38843989512806	0.000702914325433325	0.00239520761821697	3.15309760564731	up	15416
Cntnap3	9.47757877088276	4.26732982828065	1.04974626404349	4.06510599222656	4.80106381713286e-05	0.000208594956820195	4.31866252122424	up	238680
Ablim3	1015.62606866333	-4.25993567388963	0.410918269376861	-10.3668685267988	3.50833586268835e-25	1.77313688640228e-23	24.4548988371047	down	319713
Ckap2l	99.8508148042797	4.25878581867054	0.514909241629477	8.27094461383762	1.32901783735649e-16	2.73999651778765e-15	15.8764691901532	up	70466
Hrh1	19.5531478129129	4.25264741410855	0.858567832442044	4.9531874517272	7.30075822618774e-07	4.30840945153145e-06	6.13663203353033	up	15465
Panct2	4.98700057871394	4.23945096809837	1.41334754583167	2.9995813702027	0.00270350900178856	0.00803748175674548	2.56807218002933	up	329217
Fam83d	47.2491753280187	4.23356480902034	0.609727546904315	6.94337139680639	3.82851140457535e-12	4.69565704500018e-11	11.4169700548684	up	71878
A930017M01Rik	35.9041552596592	4.23286837631821	0.517371965454854	8.18147997755701	2.8037869329718e-16	5.52607176881321e-15	15.5522549926135	up	239410
C8a	14588.6671973774	-4.22755256829117	0.995147735519132	-4.24816579227386	2.15527873090072e-05	9.97165959688235e-05	4.66649655684231	down	230558
Troap	33.5331624624708	4.22663718824066	0.499825841847586	8.45621981572033	2.76184756969773e-17	6.12697428595616e-16	16.5588002944272	up	78733
Dcstamp	15.506946034156	-4.22526185251096	0.891809756781896	-4.73785111721345	2.15996402805205e-06	1.18429007187273e-05	5.66555348151045	down	75766
Fhod3	46.2499596238931	-4.22497591608842	0.59166346947874	-7.14084295217796	9.27602857627199e-13	1.22174559688573e-11	12.0326379221192	down	225288
Serpinb6a	4200.21878379214	4.22409158943876	0.144606167403796	29.2110057632845	1.40561946726404e-187	9.02220282054544e-184	186.852132236667	up	20719
Gm7652	210.923172299259	-4.22287321396391	1.20331735499914	-3.50935951885022	0.000449187278942442	0.00159203943370434	3.34757255152752	down	102639104
Ucp2	9505.0717554638	4.22163555051998	0.20312288968613	20.783652482708	6.08486045915834e-96	6.89235723538547e-93	95.2157493767622	up	22228
Fitm1	425.931516207802	-4.22105420371282	1.07670897002349	-3.92032974669164	8.84278897200582e-05	0.000364696389901358	4.05341073904536	down	68680
Tpx2	189.233809992979	4.22032804893094	0.281807434475892	14.9759287109651	1.05483953677723e-50	3.07757426063368e-48	49.9768136006435	up	72119
Hsd3b1	8.93797506601034	4.22024262812469	1.40544195962968	3.00278684524026	0.0026751973164981	0.00796560994688225	2.57264417988352	up	15492
Slit2	37.2246284431375	4.21962587198455	0.879708726212753	4.79661704636093	1.61367682324197e-06	9.00665533575285e-06	5.79218343859557	up	20563
Dlgap5	53.035160933977	4.21829352590472	0.503143915812747	8.38387068457492	5.12150571167679e-17	1.10560217470906e-15	16.2906023386067	up	218977
Epdr1	197.934696944667	4.21345981560191	0.715937433489762	5.88523468463416	3.97489555205454e-09	3.33655574325904e-08	8.40067427877162	up	105298
Gm45889	4.85823168008946	4.21214146975291	1.27153117976509	3.31265291546455	0.000924155902022289	0.00306713996024495	3.03425475856705	up	115485609
Ccr3	25.0664951831387	4.20964410229395	0.905509268742939	4.64892436511217	3.33670531194666e-06	1.77294695052e-05	5.47668214726992	up	12771
Gstm3	56791.1019954379	4.20915802015518	0.253313118774279	16.6164233440506	5.30018058720014e-62	2.17149526355587e-59	61.2757093329108	up	14864
Fbxl16	145.288639931923	4.20607069935826	0.549953114248237	7.6480532437893	2.04044732274891e-14	3.25524885226619e-13	13.6902746127186	up	214931
Zfp286	4.72888961098911	4.20590138966264	1.39222188178424	3.02099934262809	0.00251941907009782	0.00756257733652434	2.59869958768505	up	192651
Kif4	78.7319674237499	4.20414321910602	0.356181644892172	11.8033685323082	3.74993693411027e-32	3.52237978552329e-30	31.4259760361118	up	16571
Mup16	1202.84629107127	-4.20298509552759	0.736296585902146	-5.70827731107553	1.14125369444519e-08	9.01393812150805e-08	7.94261780356536	down	100039177
Gm49431	777.144436313212	-4.19890572601991	0.694870505382673	-6.0427168709766	1.51540448591282e-09	1.34040554803571e-08	8.81947143148259	down	NA
Scn2a	3.20058305976494	4.19799921052198	1.71184648651651	2.45232224010029	0.0141937489551568	0.0348216116550515	1.84790288040587	up	110876
Maff	1095.7331488223	4.19750321550405	0.414569999862076	10.1249565016777	4.28169071684635e-24	1.92636066456994e-22	23.3683847066862	up	17133
Fanci	23.5924350103305	4.19395799158773	0.826782967540061	5.07262263041783	3.92370119041438e-07	2.42551493170527e-06	6.4063040737425	up	208836
Efcab5	4.65915261432584	4.18382801479368	1.30623329767834	3.20297149232827	0.00136017444694267	0.00434825339124948	2.86640538833121	up	319634
AC106834.1	13.6202334085821	4.18350041801666	0.868700137990043	4.81581645387584	1.46599231431524e-06	8.24931268394338e-06	5.83386830654293	up	NA
Capn8	36.7029111511393	-4.17994231091756	0.502981772267732	-8.310325624867	9.54398151151345e-17	2.00194888873315e-15	16.020270410647	down	170725
Lrrc75b	9.05621798287355	4.1774047266751	1.0303781055287	4.05424446061152	5.02965977593926e-05	0.00021754521259094	4.2984613911726	up	192734
Ccna2	163.415440565198	4.17729203332691	0.347801549024236	12.0105618995844	3.1271301842362e-33	3.18603274220382e-31	32.5048540384505	up	12428
Mup13	1914.52675410146	-4.17670780970326	0.694925507849817	-6.01029572597859	1.85185212571445e-09	1.61866838550873e-08	8.73239369559699	down	100039089
Marveld3	399.371922217587	4.17293812228019	0.251942534717273	16.5630552497339	1.28880127799166e-61	5.17024112687655e-59	60.8898140419367	up	73608
Ankdd1a	4.77493877375888	4.1697003457728	1.51017994409737	2.76106192647462	0.00576137509469948	0.015740783033986	2.23947384908259	up	330963
Gm19619	528.047437923543	4.16555859616322	0.339304137056931	12.2767692498376	1.20723564642919e-34	1.47129934225573e-32	33.9182079494925	up	100503265
Il7r	119.881172537651	4.16459815229064	0.475211592221939	8.76367121605408	1.8899250966392e-18	4.72628541050446e-17	17.7235554078696	up	16197
Rab7b	197.962059139345	4.16257386922336	0.364564870263799	11.417923691362	3.40266050759479e-30	2.78815449932959e-28	29.4681813794476	up	226421
Apol9b	2757.52197046932	-4.16086308580415	0.771562571003364	-5.39277466556372	6.93779334906011e-08	4.85443854394991e-07	7.15877864031112	down	71898
C3ar1	566.559449175641	4.13989074746147	0.382485219527728	10.8236620295372	2.65934699777081e-27	1.64657189032395e-25	26.5752249912187	up	12267
Nipal4	9.38341687481519	4.13169423605676	1.18412747520673	3.48923095069257	0.000484412427935949	0.00170652135242127	3.31478472326068	up	214112
Aurkb	126.124195806961	4.12922947869574	0.311073880858797	13.2741118196615	3.27126728968563e-40	5.16323958444152e-38	39.4852839689619	up	20877
Scin	4.49324461202126	4.1274037204847	1.30344891034408	3.16652512248843	0.00154272019757549	0.00487713349606199	2.81171283457718	up	20259
Sdcbp2	92.4998453648969	4.12594085873619	0.657549929230087	6.2747187328682	3.50266900363163e-10	3.38622568762956e-09	9.45560090084621	up	228765
Ddx4	2.99839574987095	4.12497782045439	1.57719913907839	2.61538173477876	0.00891277811518844	0.0231237476941618	2.04998690516171	up	13206
BC028777	36.9738071718808	-4.1196079841616	0.628757113785871	-6.55198628188335	5.67767587726618e-11	6.07047899459398e-10	10.2458294037673	down	100036538
Gm12909	203.808449290113	-4.1195323666382	1.33494412107707	-3.08592120194099	0.00202922590839647	0.00622293278670428	2.69266960140993	down	105243851
Gm20667	4.44793696986791	4.11753790553675	1.5164375643007	2.71527031674102	0.00662216934748168	0.0177822469606899	2.17899971731146	up	NA
E230016K23Rik	13.7726326547647	4.11746601512801	0.937615564993182	4.3914224217875	1.12611515717688e-05	5.43743065862539e-05	4.94841719601287	up	100504464
Hilpda	766.782058324798	4.11581590784131	0.405868605265509	10.1407594833526	3.6425646539474e-24	1.65557195341357e-22	23.4385927309503	up	69573
Gm32281	73.6682345200401	-4.11492496939836	0.605400119905529	-6.79703362140147	1.06795181992870e-11	1.25316759564577e-10	10.9714483398272	down	102634779
Aqp8	5930.9023376846	-4.11133388512473	0.813103414786991	-5.05634807375859	4.27361025659732e-07	2.62423050643122e-06	6.36920508702153	down	11833
Wdr63	4.35559367771983	-4.10198499918347	1.4356556472523	-2.85722067616581	0.00427368599459711	0.0121020731635238	2.36919739041329	down	NA
Frem2	45.2069618316765	4.10183577028543	0.461652669423061	8.88511221090003	6.38562848537878e-19	1.68671690143284e-17	18.1947963522299	up	242022
Gm36495	1.90568181289958	4.09817952983052	1.69869962659257	2.41253925395338	0.0158418314700684	0.0383036547950322	1.80019461117046	up	102640432
Kcnj6	2.93846367585525	4.08123309778435	1.65674217368879	2.46340870812587	0.0137622937616854	0.0339013341019592	1.86130917620062	up	16522
Mup20	35158.1903349342	-4.07759634384075	0.890592390295672	-4.57852142941286	4.68274197670605e-06	2.4239483737487e-05	5.32949977157516	down	381530
Cdkn3	34.9827695095814	4.07740842061308	0.583921876909506	6.98279783965858	2.89358654163467e-12	3.5970886020476e-11	11.5385635241895	up	72391
Gm49024	30.7205202594545	-4.07611623048276	0.649014245699069	-6.28047266680916	3.37545223646324e-10	3.2810554399463e-09	9.4716680330128	down	NA
Gm13855	26.011573699674	-4.07291201163935	0.739064479057398	-5.51090212972207	3.56999197053167e-08	2.62180646012806e-07	7.44733276068268	down	105242626
Rgs11	10.6700281285706	4.07091229058436	0.937194320386747	4.34372274994629	1.40088294052533e-05	6.67542734539859e-05	4.85359815337083	up	50782
Mki67	376.170407313439	4.0702450810699	0.282432393520673	14.4113960524574	4.38751216616183e-47	1.04303622557546e-44	46.3577816662664	up	17345
Gm12910	15.0899101549278	-4.06380952617594	1.04031458770072	-3.90632754190025	9.37094688003269e-05	0.000383929687493425	4.02821652394717	down	NA
Gm43434	4.25898407903285	4.04904080573561	1.55726854818313	2.60009155804221	0.00931988908332381	0.0240632588077881	2.0305892561854	up	NA
Gm36486	1.84448122187801	4.04534689530957	1.64931182488734	2.45274837315006	0.014176946994404	0.034784823053548	1.8484172844026	up	102640422
Armh1	12.5933887674984	4.04424855918488	1.03804006394149	3.89604284041665	9.77771013374826e-05	0.00039864405321926	4.00976284180931	up	381544
Gm14164	13.3210816730037	4.03853807085057	1.06185681411185	3.80327932841721	0.000142793192610984	0.000562295647631311	3.84529249621499	up	791417
Gm34474	8.85721750699574	-4.0375488559426	1.21158455444089	-3.33245322511213	0.000860839396902875	0.00287583681935492	3.06507786543931	down	102637740
Mug1	88451.7493718572	-4.03611690142982	0.789878095715963	-5.10979722481276	3.22504759127693e-07	2.01956150951638e-06	6.4914638721988	down	17836
Plaur	140.076177547557	4.03236564113272	0.446877904419942	9.02341691376936	1.82312180662528e-19	5.08783094324295e-18	18.7391843142424	up	18793
Gsta1	1234.32036897161	4.03147453633156	0.314019648798535	12.838287514034	1.00063444469105e-37	1.45971339901295e-35	36.9997245515408	up	14857
Gm26713	1.8679668408982	-4.0266153519776	1.55701937506291	-2.58610484652119	0.00970673990400973	0.024928378713205	2.01292660731486	down	NA
1500009L16Rik	4.19600795192217	4.02651621117858	1.34140236388855	3.00172142197979	0.00268457723910239	0.0079898329700395	2.57112409625154	up	69784
Parpbp	20.5477419909649	4.02483840310126	0.762332607911965	5.27963563584841	1.29441030211978e-07	8.67565777153444e-07	6.88792803919907	up	75317
Bub1	60.7584566692844	4.01761408364656	0.61110207305049	6.57437482349143	4.88580126769287e-11	5.26180029142583e-10	10.3110642021394	up	12235
Slamf8	102.841634574066	4.01520075322845	0.415189303747243	9.67077118073544	4.01342244492002e-22	1.50354985601906e-20	21.3964851248807	up	74748
Fbxw10	4.13158880910173	4.00668127193041	1.53617739601652	2.60821522456989	0.00910157080800871	0.0235817878739257	2.04088364785712	up	213980
Fa2h	4.27203549137393	4.00175054134234	1.64253956897964	2.43631911030811	0.0148375885011001	0.036170731001036	1.82863667761277	up	338521
Sgcz	39.2956089746572	-4.00070137116453	0.4537117715199	-8.81771561218808	1.16818498801197e-18	2.99129921930298e-17	17.932488379046	down	244431
Hal	15875.4400315307	-3.9975585914655	0.691291490096372	-5.78273947927263	7.34938350211802e-09	5.96877809855692e-08	8.13374908987602	down	15109
Cnksr1	150.823928890908	3.99433231411388	0.332075645956266	12.0283807703258	2.52055634923224e-33	2.60945339036645e-31	32.598503589086	up	194231
St6galnac2	42.9328276711423	3.99157833367567	0.560161914850261	7.12575815644781	1.0350932650129e-12	1.35682477270853e-11	11.9850205172065	up	20446
Gm9837	4.10269329021972	-3.99150042185171	1.52015222120018	-2.6257241651105	0.0086464854157726	0.0225300031347926	2.0631603867212	down	432561
Esrp1	46.3180253209505	3.9914404997865	0.819587966306362	4.87005747262827	1.1156579369197e-06	6.39188016463125e-06	5.95246894059532	up	207920
Cyp2d40	1761.33775925811	-3.98830985429081	0.81755439131753	-4.87834191418561	1.06981357592837e-06	6.14201855041048e-06	5.97069189521145	down	71754
Procr	220.53818916034	3.98486094294324	0.505765551349855	7.8788698287337	3.30355427828304e-15	5.7568544056668e-14	14.4810185532222	up	19124
Tnfsf18	1.76696430079737	3.98294210665635	1.60996854812115	2.47392541382531	0.0133637593348782	0.033025224557548	1.87407135408116	up	240873
Mal	134.730593101529	3.98282618987001	0.938237986131436	4.24500632967557	2.18587250598491e-05	0.00010101070548415	4.66037517246956	up	17153
Esco2	159.686931548597	3.9803983069762	0.525522661111666	7.5741706333962	3.61429112668042e-14	5.61264434962565e-13	13.4419768684827	up	71988
Cfap44	12.7398365161827	3.9743323698077	1.00466940063799	3.95586087053504	7.6259535572265e-05	0.000319026090170549	4.11770584394848	up	212517
Cd63	1216.1266023993	3.97135537213077	0.280978990452141	14.1339940247497	2.34460479059851e-45	5.01641220530722e-43	44.6299303519797	up	12512
Klrd1	33.1478131509012	3.96901723316051	0.56624682484846	7.00934126071735	2.39442780444446e-12	3.01156772059977e-11	11.6207982530478	up	16643
Kif5c	35.9809348809735	3.9685455198346	0.598311455085378	6.63290914139075	3.29134427932177e-11	3.62990409178809e-10	10.4826266875052	up	16574
C9	8359.74367904737	-3.96507571002734	0.779657690429397	-5.08566228320479	3.66345427484666e-07	2.27486215789897e-06	6.43610922470795	down	12279
Emp1	470.663255404205	3.96496387431286	0.416511109749547	9.51946726390332	1.740691078545e-21	6.0069439800112e-20	20.7592782965378	up	13730
Prr11	51.1792234884022	3.96125819815349	0.470361738283989	8.42172710009378	3.70974383067469e-17	8.1733211903286e-16	16.4306560787315	up	270906
Pklr	4730.11245203085	-3.96066589294991	0.524902288520346	-7.54552986254771	4.50452276445686e-14	6.89499923309867e-13	13.3463512139506	down	18770
Adh6-ps1	2290.34390800457	-3.9606640258272	0.519109186452453	-7.62973210490462	2.35242037727354e-14	3.7190645964515e-13	13.6284850672826	down	639769
Gm17941	1.73604330246146	3.95965592709282	1.69708890679543	2.3332047668438	0.0196374007811709	0.0461537641208624	1.70691599623835	up	100416147
Stfa2l1	4.01476126584426	3.9579105756471	1.3379654182603	2.95815610899225	0.00309485347602831	0.00906655994742143	2.50935990756752	up	268885
Tg	11.6150794628619	3.95676499629801	0.890097936632661	4.44531419909464	8.77635039721043e-06	4.32448799828709e-05	5.0566860458097	up	21819
Slamf7	98.9753285166746	3.95575817853513	0.461179236563329	8.57748542196551	9.69696655937744e-18	2.26059065456867e-16	17.0133641020801	up	75345
Rnf186	188.234656488721	-3.95310931454333	0.523314250797147	-7.55398751041404	4.22130676933646e-14	6.48209594500342e-13	13.3745530858013	down	66825
Itga2	55.7341414634136	3.94052257120729	0.712804319087418	5.52819682160767	3.23538955780828e-08	2.39066236857852e-07	7.49007342052206	up	16398
Syt3	166.663545288145	-3.93008351151448	0.807643990309773	-4.86610877895234	1.13816889240531e-06	6.51309961133929e-06	5.94379328838271	down	20981
C330002G04Rik	231.156702946897	-3.92958872189518	0.43313978132863	-9.07233390071307	1.16494480175493e-19	3.34309643853844e-18	18.9336946522012	down	77610
Ttc39aos1	57.3548573142316	3.92765723111075	0.575750421872015	6.82180521612166	8.99035144023516e-12	1.06207489161453e-10	11.0462233310063	up	102635290
Gm7932	3.92100428676393	3.92645177268765	1.60737413122212	2.44277402281091	0.0145748602410296	0.0356430669038946	1.83639560101771	up	666105
Paxx	2150.26344755379	-3.92477396499737	0.269465557550688	-14.5650301310181	4.68777815153682e-48	1.17230981929861e-45	47.3290329494309	down	227622
Vcan	44.1933769489395	3.92015938851784	0.562205386325287	6.97282431628941	3.10640459903028e-12	3.84674771440046e-11	11.5077419794888	up	13003
Uap1l1	1149.2919657562	3.91781201110176	0.233999086821412	16.7428517107498	6.38543971595864e-63	2.85948900396511e-60	62.1948091908612	up	227620
Gm12498	119.017697345139	3.91774388095034	0.617661173887625	6.34286894915483	2.25525268817825e-10	2.24082279481736e-09	9.64680479084443	up	108168891
Ttk	48.0909132331315	3.91642835007612	0.609455273013161	6.42611283140305	1.30908250625176e-10	1.34226265923237e-09	9.88303298073674	up	22137
Vis1	2.60210587411618	3.91623627597939	1.69248659879395	2.31389499850106	0.0206734825390826	0.0482996395748001	1.68458635839399	up	110153
Ctrb1	49.3864546582445	3.9135182034869	1.30218423060727	3.00534909846193	0.00265276189632454	0.00791839762449625	2.57630172919332	up	66473
Lockd	38.1859452334323	3.91149969936649	0.513723856011065	7.61401218494754	2.65715732206731e-14	4.18366487274965e-13	13.5755827315954	up	381822
Gtpbp4-ps1	12.7916904945333	-3.91141237135211	0.987125086694429	-3.96242829209234	7.41912941552297e-05	0.0003112478344778	4.12964705324074	down	NA
Foxm1	139.264369311354	3.91033194845231	0.321445476773038	12.1648373705792	4.78397161053114e-34	5.51617708577172e-32	33.3202114062409	up	14235
Gm21286	5.38010420423874	-3.90800168777726	1.32213187330916	-2.95583350395746	0.00311825370809579	0.00912598851215753	2.50608855253926	down	102640145
Cenpe	65.4366623469656	3.90572089237561	0.4239860425551	9.21190912049429	3.20375281183185e-20	9.60926232782461e-19	19.4943409996411	up	229841
Susd3	17.6060032224425	3.90404287664432	0.808500475583154	4.82874530633816	1.37396005207333e-06	7.77231926049472e-06	5.86202589421703	up	66329
Mup22	9135.95199956434	-3.8994957116312	0.881156028079001	-4.42543157780177	9.6249661241072e-06	4.7028253662981e-05	5.0166007903534	down	100861909
Gm37742	2.63607889949783	-3.89913631549504	1.46001415533828	-2.67061541919888	0.00757123370060077	0.0199961152295664	2.12083334827951	down	NA
Slc13a5	19.4315604158472	-3.89906804684181	0.697242381263281	-5.59212714490675	2.24304462807074e-08	1.69380656306393e-07	7.64916208552	down	237831
Adam2	36.0451276843219	3.89805498755369	0.797142402792248	4.89003592570097	1.00817575858019e-06	5.81066519222394e-06	5.9964637493115	up	11495
Klra17	3.84703975858834	3.89655267013204	1.54532881673528	2.52150392067627	0.0116854373251703	0.0293906453936102	1.9323550295829	up	170733
Gm42427	35.1150605751896	3.89645741067907	0.563644154257649	6.91297404798055	4.74596799431388e-12	5.75856078755564e-11	11.3236751948881	up	115490184
Tff2	31.0212949849001	3.89278570994995	0.784998186948848	4.95897414117672	7.08663983306457e-07	4.18975549970806e-06	6.1495596389878	up	21785
Ube2c	237.179235093768	3.89266225188735	0.419772271491639	9.27327152423617	1.80522141690008e-20	5.51767358790919e-19	19.743469522711	up	68612
Arhgap22	64.3452796532514	3.89230812881757	0.433445570954633	8.97992363895895	2.70954744421485e-19	7.44294516202585e-18	18.5671032400824	up	239027
Gm47566	3.94570986121138	3.88995357124087	1.36331916007395	2.85329634113693	0.00432682519311986	0.0122345588720582	2.36383065025933	up	NA
Gm40323	7.88159432684252	3.88867375299491	1.17601242955849	3.30666041893351	0.000944152722819125	0.00312865338678456	3.02495775007382	up	105244771
Gm15943	46.4893191704109	3.88439886497176	0.614719711401216	6.31897561266989	2.63302820241127e-10	2.59874890136502e-09	9.5795444891332	up	NA
Serpina3i	30.5819955865223	3.88222693247527	0.540736947071587	7.17951113475755	6.99611256386817e-13	9.32944207270397e-12	12.1551432115614	up	628900
Klk1b4	82.9121106626658	-3.87947713373006	0.497020332629301	-7.80546967406169	5.92803578752326e-15	1.00396004507078e-13	14.2270891831871	down	18048
Vdr	5.73179621105903	3.87849203405205	1.32183695241704	2.93416826255315	0.00334442849206582	0.00971200649121089	2.47567808535441	up	22337
1700029N11Rik	3.9235050649236	3.87826377603662	1.53924611100652	2.51958653545052	0.0117492756057345	0.0295242138932563	1.92998890872248	up	69491
Odf3b	253.096260590062	-3.87418211394991	0.352874070586664	-10.9789367847543	4.8256980583501e-28	3.22651534068019e-26	27.3164398551779	down	NA
Cd36	11101.7003817743	3.87317645704346	0.285927024750212	13.5460314058355	8.36309100557042e-42	1.45080793156094e-39	41.0776331772793	up	12491
Cxcr4	130.583704570525	3.87276820445603	0.384605141992581	10.0694654897015	7.53866592261612e-24	3.30670959011153e-22	23.1227055021022	up	12767
Fblim1	374.335834381392	3.86847991408981	0.405867900022702	9.53137686886158	1.55210806429889e-21	5.4045918419782e-20	20.8090780446146	up	74202
Atf3	303.406869438589	3.86635585347229	0.319561894042582	12.098926453844	1.07001310187311e-33	1.15753776908251e-31	32.9706109045238	up	11910
Hmox1	4726.74909205348	3.8657353040904	0.310898889393998	12.4340595478661	1.7073839993012e-35	2.22144501963135e-33	34.7676687928732	up	15368
Rims4	34.2465769482259	3.8644408500808	0.747958373790154	5.16665229710364	2.38324020285006e-07	1.53483857344752e-06	6.62283218362287	up	241770
Wnt7b	40.4651924185296	3.86411543301195	1.24872070937861	3.09445931663519	0.00197171974125761	0.00606605453549393	2.70515481529498	up	22422
Gm12503	3.88995207107626	3.86204547310469	1.55336718503175	2.48624118644926	0.0129100436945761	0.0320603303305078	1.88907228784348	up	NA
Myo5a	186.219519317747	3.86181442320158	0.421387888390491	9.16451215043685	4.97715850772257e-20	1.47219914323665e-18	19.3030185280458	up	17918
Ggt1	15.7483311665752	3.85567864724129	0.840764560788638	4.58591956305182	4.51992605840145e-06	2.34977581481043e-05	5.34486866976625	up	14598
Pdk4	7740.68915729761	3.85495756065725	0.786579775210901	4.90091111181144	9.53932127903973e-07	5.52947533260653e-06	6.02048252416947	up	27273
Mmd2	185.865771575865	-3.85330105956988	0.815764960750535	-4.72354323238485	2.31770660618152e-06	1.26573336382959e-05	5.63494154135816	down	75104
Cyp2j8	5.22465787428393	-3.85328654094784	1.46769320968347	-2.62540326242897	0.00865463978731853	0.0225481996677859	2.06275100307864	down	665095
Iqgap3	147.018208466238	3.85256955779119	0.328726455619462	11.719682100217	1.01050476934165e-31	9.35494223002061e-30	30.9954616323774	up	404710
Jaml	45.8544585332212	3.84916175305491	0.430142230930591	8.9485790426284	3.60087558012107e-19	9.72488922451773e-18	18.443591884405	up	270152
Diaph3	68.5803039971504	3.84433922451797	0.436917891812364	8.79876813597951	1.38326152069765e-18	3.51863723151307e-17	17.8590957040131	up	56419
Pif1	34.4254370926257	3.84162997259121	0.539575350009664	7.1197284540934	1.08139903870013e-12	1.41271505354204e-11	11.9660140208224	up	208084
Pmm1	1000.37074665871	3.84092783216068	0.260909425033801	14.72130733362	4.70476214094284e-49	1.2759845040281e-46	48.3274623283445	up	29858
Gad1-ps	7.53409776717522	3.84016909964872	1.19746550532864	3.20691417210787	0.00134167018109476	0.0042944150610307	2.8723542324048	up	382407
Ngp	16.4394154822066	3.83932129560958	1.13648258672193	3.37824911746666	0.000729489626894905	0.00247350805696219	3.13698087925282	up	18054
Chst10	6.59148260559675	3.83700312121108	1.19091051548663	3.22190716373278	0.00127340388135911	0.00409770473587081	2.89503383073237	up	98388
Mup-ps19	136.332969049705	-3.83123276366707	0.750293312731763	-5.10631335592987	3.2850476767904e-07	2.05512924185432e-06	6.48345832302453	down	100039305
Tsks	18.8180540812846	-3.82846444498059	0.788495653354355	-4.85540336042925	1.20141935772901e-06	6.8607743631168e-06	5.9203053748132	down	22116
Serpina3m	8994.96879328381	-3.82221716137525	0.215789357574374	-17.7127232053503	3.34490380836526e-70	1.95180205254186e-67	69.4756163670133	down	20717
Mup17	21072.0662694224	-3.82190205509408	0.745127397226318	-5.12919276531883	2.90987258277715e-07	1.84196273681646e-06	6.53612602744306	down	100039206
2900092C05Rik	3.59264610731681	-3.81932292032149	1.41798905980246	-2.69347841150027	0.00707107245969783	0.0188067087408759	2.15051471236913	down	73090
Cldn4	63.5768902971634	3.81697386342378	1.19309626357252	3.19921701204102	0.00137801398123058	0.00440123357481772	2.86074637608551	up	12740
Gm34780	3.65160336194695	3.81627453252544	1.5446743430066	2.47060135995872	0.0134886087378827	0.0332995704944447	1.87003284266463	up	102638146
Mmp3	34.3085929244725	3.81623116434599	0.813670898719406	4.69014090383735	2.73016975700148e-06	1.4734346648212e-05	5.56381034847685	up	17392
Gm3734	938.697354320613	-3.81385107565183	0.272908511623578	-13.9748337381	2.22031511512934e-44	4.59724600612157e-42	43.6535853845358	down	100042226
Serpina5	3.64603572190911	3.81307845734116	1.59178105086076	2.39547923709685	0.0165986543016893	0.0399080643317929	1.77992711997444	up	268591
Rasd1	74.2383220444899	3.81290707689951	0.945355682229654	4.03330423519181	5.49980003028627e-05	0.000235919245674298	4.25965310092794	up	19416
Bst1	58.260577279739	3.81208290641011	0.643421353238174	5.92470686156884	3.12854961284694e-09	2.66210125254002e-08	8.50465695354731	up	12182
Gm12798	12.3105053752421	-3.81125435616749	0.969483943667876	-3.93121967729373	8.4516001583851e-05	0.000350363859310793	4.07306105742126	down	NA
Sphk1	57.0365318269917	3.81120777101807	1.09586708034979	3.47780113059111	0.000505544846204937	0.00177479882561937	3.29624031268337	up	20698
Ccdc151	215.949960844152	-3.8081112968531	0.785665136238838	-4.84699030312509	1.25348551942818e-06	7.1359212739993e-06	5.90188067875304	down	NA
Gm49387	39.1540960535172	3.80394687102056	0.729019076886803	5.21789757171362	1.8096548628265e-07	1.18687718115078e-06	6.74240424582842	up	NA
Top2a	368.205512485982	3.80322780549425	0.228229303386669	16.6640643819991	2.39202363283355e-62	1.02357349052984e-59	61.6212345338983	up	21973
Slc15a5	132.534700858137	-3.80097678887757	0.468379730492099	-8.1151607156102	4.85142321419751e-16	9.38884476508414e-15	15.314130838016	down	277898
Ltf	10.9046384400131	3.80047053283958	1.15902374119395	3.27902733806348	0.00104165544406308	0.00341996883731948	2.98227591202299	up	17002
Smim40	3.73195218693755	3.79765419659621	1.37659455698243	2.75873108558622	0.00580262629295564	0.0158422475396503	2.23637539844001	up	474160
Tmem202	21.5981714157363	3.79717790810197	0.723589646737079	5.24769518915145	1.54013837966481e-07	1.01915575156939e-06	6.81244025654996	up	73893
Arnt2	10.5413805483752	3.79525663935227	0.992457354583866	3.82410047325773	0.00013125038780645	0.000520782498990523	3.88189940470713	up	11864
Cd177	9.31576535695151	3.79252167709692	1.35224774722633	2.80460565371692	0.00503781737192282	0.0139962792257605	2.29775758034798	up	68891
Knl1	42.6822686295107	3.78850139750352	0.560925808647205	6.75401512838269	1.43808745177219e-11	1.66918697838007e-10	10.842214703197	up	76464
Msantd3	59.0176652647901	3.78587817381078	0.578869397154216	6.5401249270087	6.1467466368971e-11	6.5574378526366e-10	10.2113546877194	up	66665
Fam83b	3.6895127563316	3.78574024098439	1.61802414921488	2.33973036979786	0.0192976661402889	0.0454551509721595	1.7144952113903	up	208994
Phgdh	57.7196471101616	3.78455193512927	0.56903257955095	6.65085281780497	2.91399572998237e-11	3.24346253043586e-10	10.5355110889581	up	236539
Rab44	12.7512624395006	3.78237658460251	0.73795542146794	5.12548112605313	2.967788969783e-07	1.87431106599349e-06	6.52756698362115	up	442827
Klhdc7b	24.1440253342289	-3.77479138154837	0.892956663969684	-4.22729515760299	2.36517327028495e-05	0.000108540935397061	4.62613703777091	down	546648
Gm12336	7.4651931379574	-3.77371488201159	1.18824410152066	-3.17587512295004	0.00149385242172202	0.00473586141466565	2.825692304527	down	NA
A230103J11Rik	10.8528729701907	3.77068359843077	0.865488102840498	4.35671338064097	1.3202997625423e-05	6.31017429325257e-05	4.87932745482583	up	320466
Nat8f1	3693.49986865538	-3.77058929856137	0.491199625872634	-7.67628699200001	1.63766009565766e-14	2.65444299679999e-13	13.7857762331609	down	66116
Tlr7	240.719919356751	3.76588457701517	0.475759414101884	7.91552298365811	2.46215904617967e-15	4.36166831584506e-14	14.6086838967145	up	170743
Itgax	170.446082862251	3.7654970006587	0.446079232196432	8.44131878123517	3.13777104378306e-17	6.93695972664599e-16	16.5033787491013	up	16411
Ugt3a1	1626.85089354878	-3.76419469583042	0.522142018822743	-7.20913958297674	5.63065212397601e-13	7.58739239323177e-12	12.249441303649	down	223337
8030423F21Rik	3.53259076765743	3.76280897503659	1.28545395208496	2.92722191170945	0.00342004758476071	0.00990703818622996	2.46596785135462	up	211001
A530064D06Rik	44.2538486406627	3.76259757922759	0.77701997045679	4.84234346900461	1.28316710851114e-06	7.28869198864028e-06	5.89171678121015	up	328830
Eda2r	45.3880368575871	3.76139223376255	0.55207548009817	6.81318473534397	9.54614257212379e-12	1.12428453436584e-10	11.0201720837112	up	245527
Gm36283	121.925792193949	3.76099508768903	0.510059263681654	7.37364333027075	1.66027007164253e-13	2.36290912783064e-12	12.7798212607046	up	102640148
Gm13420	9.57438555678221	-3.75825005360805	0.892467042575766	-4.21107993272367	2.54152791794103e-05	0.000115833518551177	4.59490511533718	down	NA
Sirpb1a	17.3362449923168	3.75734443088756	0.703898973672514	5.33790298241811	9.40277461878233e-08	6.43330484291267e-07	7.02674397365349	up	320832
Gpr137b	264.831374832153	3.7568413893395	0.362313693564088	10.3690295345544	3.42990262332622e-25	1.73805802407289e-23	24.4647182096227	up	83924
Clec4a4	7.31363578215537	3.75070190578472	1.15533527186979	3.24641859130174	0.00116866866636408	0.00379364191495392	2.93230859984425	up	474145
Cldn1	2658.01229825712	-3.75047215092283	0.319195814420834	-11.7497535414989	7.08251111844817e-32	6.58844609163468e-30	31.1498127350318	down	12737
Inhbb	267.61399939627	3.74168249689737	0.464422510038019	8.05663467214598	7.84235850884404e-16	1.47473101021778e-14	15.1055533080631	up	16324
F2rl1	95.5313591515413	3.74134256338407	0.461090857492851	8.11411135698365	4.89352513041217e-16	9.45132596902876e-15	15.3103781770455	up	14063
Ch25h	21.5315798170587	3.74098099251196	0.866050323685595	4.31958846986132	1.56320432787054e-05	7.39583846129611e-05	4.80598425124065	up	12642
Rbx1-ps	2.34548184029345	3.73934683946658	1.46023310315261	2.56078761082283	0.0104435179952574	0.0265865127600048	1.98115318059005	up	100043674
Ccdc120	429.292277079634	3.73769146989732	0.265158724195008	14.0960531517284	4.01611421555058e-45	8.49827421259803e-43	44.3961939446484	up	54648
Cited1	6.06531098947845	3.73734659009863	1.31223971557996	2.84806696956803	0.00439856675248415	0.0123882991642292	2.35668881280641	up	12705
Etv4	22.3888365209864	3.73623033082531	0.735802209862026	5.07776448717912	3.81901669787813e-07	2.3653581709341e-06	6.41804844275774	up	18612
Egfr	11624.1366883232	-3.73233553484848	0.353421541803924	-10.5605773654826	4.53861575220235e-26	2.51910287713784e-24	25.3430765838934	down	13649
Mup15	6194.72182858237	-3.72844497991701	0.883656649658173	-4.21933675411065	2.45022061730063e-05	0.000112043334615865	4.61079481009969	down	100039150
Gm13481	13.8865121362403	-3.72736721850385	1.05467799824843	-3.53412816489403	0.000409122640485454	0.00146432445449589	3.38814648636369	down	102633236
AU019990	10.9398581187373	3.7271264001341	1.15099710549108	3.23817182715148	0.00120298332639607	0.00389518192922191	2.91974039203203	up	767814
Gm28778	7.16765427198426	-3.7216663450531	1.10739724080279	-3.36073290407978	0.000777359596843382	0.00262105347519106	3.10937803551329	down	NA
Gm2693	3.54472490335737	3.71633399652088	1.49066675633918	2.49306827345338	0.012664449203124	0.0315195339091839	1.89741369361489	up	100040291
Slc4a11	33.7896256310132	3.71074190152194	0.828134307764024	4.48084551833266	7.43479123237276e-06	3.71469486171692e-05	5.12873122188331	up	269356
Stac2	3.52485354345762	3.70884226367884	1.49311112546657	2.48396934455892	0.0129926992350168	0.0322364922651054	1.88630061481644	up	217154
Mcemp1	12.5816572826397	3.70843279790863	0.980647023740243	3.78161836841604	0.000155812103235984	0.000609449087936644	3.80739881004958	up	69189
Paqr9	9562.2339396552	-3.70796723142971	0.494963222689301	-7.49139948475986	6.8143060523955e-14	1.02592867353345e-12	13.1665783647685	down	75552
Asns	897.047499563606	3.70783846213056	0.530772390581891	6.98574102180715	2.83356349329809e-12	3.52702641415307e-11	11.5476670514255	up	27053
Gdf3	3.39695875882001	3.70724208166542	1.59383478523685	2.32598893938339	0.0200191407448678	0.046947822942781	1.698554567105	up	14562
Apln	20.0555882699545	3.70368236667897	0.757501219596926	4.88934178700035	1.01173699440937e-06	5.8277019336963e-06	5.99493236963227	up	30878
Cyp2c70	11888.5358568196	-3.70071759628658	0.527782523139306	-7.01182292712976	2.35232805682755e-12	2.96442598575074e-11	11.6285021114502	down	226105
Egr3	19.3843225667881	3.69801550816979	0.837325106372782	4.41646318738639	1.00328977975389e-05	4.88479089733021e-05	4.99857361177343	up	13655
H2-T-ps	6.48887863007364	3.69431193387364	1.06536395170558	3.46765246558162	0.000525025811541027	0.00183549328740632	3.27981934510017	up	667803
Trim71	3.47805627602269	3.69250114870932	1.58393601259931	2.33121863467815	0.019741834025755	0.0463709143693508	1.70461250362859	up	636931
Ms4a14	10.2230605713257	3.68592209206857	1.05613363659914	3.49001486586264	0.000482993678612163	0.00170183463409987	3.31605855322741	up	383435
A630076J17Rik	41.7748846820418	-3.68518445842047	0.782194781732794	-4.7113385878856	2.46094972505055e-06	1.33675734571434e-05	5.60889725844516	down	319929
Gata3	64.4492541104295	3.68509264036424	0.607005885213545	6.07093395654282	1.27168482459244e-09	1.13578678025751e-08	8.89562051125131	up	14462
Adcy1	330.935334784951	3.68494675320682	0.476938098472804	7.7262579043409	1.10754130352593e-14	1.83220063064393e-13	13.9556400686634	up	432530
AA414768	9.77008059492795	3.68269918724791	0.851255109482455	4.32619921598699	1.51704231366575e-05	7.19511497338612e-05	4.81900230561059	up	245350
Slc22a30	7724.83955190559	-3.67966901652954	0.856591516809907	-4.2957103173672	1.74134854098054e-05	8.17241226057062e-05	4.75911429363004	down	319800
Akr1c18	19.6150547345546	3.67180509811728	0.689773123935045	5.32320696574871	1.01953632960942e-07	6.93962232695615e-07	6.99159729419404	up	105349
Anln	137.89498349698	3.66999341397518	0.302771377233913	12.1213354033127	8.14215314489194e-34	9.01064948034708e-32	33.0892607332811	up	68743
Cxcl14	295.393606502973	3.66940377330622	0.304727735981352	12.0415811888248	2.14798603488228e-33	2.24791408085289e-31	32.6679685465261	up	57266
Rem2	3.30609493364757	3.66811408533175	1.58836531432263	2.30936425786661	0.0209233766555855	0.0488068492889104	1.67936822685298	up	140743
Scn8a	164.087958228317	3.66729307776203	0.426164176705884	8.60535276829005	7.6082401955143e-18	1.79319795844337e-16	17.118715784985	up	20273
Ier3	212.320407180768	3.66505452568333	0.33633126084874	10.8971569173632	1.18915020782318e-27	7.63275880061436e-26	26.9247632838939	up	15937
1700028E10Rik	131.892299978792	-3.66477112483096	0.326399788771869	-11.2278599769327	2.97599184955091e-29	2.21257525308696e-27	28.5263682625415	down	625175
Acoxl	16.6559475578203	3.66269029188743	0.866353552071387	4.22770851822585	2.36083353457697e-05	0.000108367605582394	4.62693463450679	up	74121
Lrrc26	13.302875723939	3.66022609852385	1.2883918802202	2.8409260836837	0.00449827372303471	0.012650614694137	2.34695412097984	up	227618
Lrrc15	11.0420225989755	-3.65662065907418	0.984665492405303	-3.71356637079048	0.000204358837704241	0.000781711120149555	3.68960657604296	down	74488
Gm29282	8.88537856389029	3.65492113586217	1.35313843245951	2.70106963795188	0.00691168651632265	0.0184516272797076	2.16041596776855	up	NA
Gm9733	2.18539090609978	3.6542753130375	1.51922588507872	2.40535350860491	0.0161568281745244	0.0390113960286699	1.79164389365458	up	NA
Celsr1	867.618705289397	-3.65195830760558	0.366167436128402	-9.97346554412054	1.9915592414157e-23	8.42845379180237e-22	22.700806770431	down	12614
St6galnac6	1332.08297007209	-3.65044447785972	0.172407277188667	-21.1733781623672	1.68068007717372e-99	2.02269847287857e-96	98.7745149480365	down	50935
Mup10	332.071727098652	-3.65025794237	0.653454706144057	-5.5860917490512	2.32236575613905e-08	1.74890398905802e-07	7.63406938090937	down	100039008
Pf4	177.054510438212	3.65020373516089	0.52812993209823	6.91156382797476	4.79339768549438e-12	5.81244747052139e-11	11.319356538158	up	56744
Capg	443.656246532546	3.64872805444321	0.34878204583968	10.4613413963412	1.30002021231145e-25	6.99251095203051e-24	24.8860498953646	up	12332
Gm10639	18.855318803561	3.64570357188088	0.73253563959778	4.97682757644755	6.46348486078075e-07	3.84375739589852e-06	6.1895332640892	up	NA
Glipr1	119.326197954674	3.6411189852148	0.462712501963326	7.86907414380474	3.57275397434993e-15	6.19234478218562e-14	14.4469968889924	up	73690
Acot2	2049.10137133222	3.64063938533662	0.399183253037581	9.12022074481635	7.49714669312884e-20	2.1873493442862e-18	19.1251039914357	up	171210
Zmynd12	118.547252977289	3.63820375849616	0.59215668086646	6.14398836668134	8.04747388663219e-10	7.38618480271637e-09	9.09434042388869	up	332934
Mug-ps1	10726.0760357104	-3.63703522103698	0.547759860736422	-6.63983523025447	3.14034001440313e-11	3.47530961593946e-10	10.5030233269635	down	17835
Alk	23.4462544322098	3.63376498954332	0.81125187128074	4.4792069124064	7.49208831618219e-06	3.7413810325831e-05	5.12539711183544	up	11682
Gm43823	4.35641231993795	-3.63277179352581	1.54716661439617	-2.34801588899566	0.0188737161618204	0.0446038633298986	1.72414258050937	down	NA
Cd83	140.483079539854	3.6297089078345	0.384278899764496	9.4455066621117	3.53689007209989e-21	1.17424750393717e-19	20.4513784380146	up	12522
Cyp2a5	112629.747186824	3.62097223434781	0.32235665160065	11.2328137681292	2.81372790071839e-29	2.11645095532162e-27	28.5507179029674	up	13087
Slc10a2	236.401788752533	-3.62061357861323	0.793267610034928	-4.56417674541611	5.01458199243591e-06	2.57770397347426e-05	5.29976526323073	down	20494
Prtg	8.92927570655686	3.61907017469898	0.999116114063147	3.62227184984651	0.000292026988922466	0.00108181448608907	3.53457700951578	up	235472
Gm5340	10.9775150094125	3.61669124321833	0.790030961267287	4.57791076620187	4.69642941521463e-06	2.42972715796273e-05	5.32823220048873	up	384710
Htra4	16.7017406735771	-3.61429192630162	0.893062247554706	-4.04707727395029	5.18611244978075e-05	0.000223659084732314	4.28515807071557	down	330723
Kcnb2	118.683112564415	-3.61090300047998	0.809140185091078	-4.46264203288028	8.09552326291732e-06	4.01357868050299e-05	5.09175507490898	down	98741
Apcs	1397.42015924577	-3.61044588634712	0.323432420924293	-11.1629065386498	6.19330422702772e-29	4.466601730174e-27	28.2080775860853	down	20219
Grm8	30.7641156408641	-3.60856250370998	0.798170413464774	-4.52104267814888	6.15357792588755e-06	3.11414708386047e-05	5.21087229533982	down	14823
Adam11	358.908157029846	-3.60851026741396	0.212742572000676	-16.9618625622449	1.57278868417028e-64	7.38673631765438e-62	63.8033296241432	down	11488
Klra7	6.59248024772672	3.60721626240674	1.06738202888566	3.37949877812039	0.000726181301745915	0.00246427671201772	3.13895493781519	up	16638
9130230L23Rik	117.019716385114	3.60626039883622	0.604633166960183	5.96437740418183	2.45568560699833e-09	2.11384363202324e-08	8.60982723520421	up	231253
Cyp2c23	9765.25366235223	-3.60580853430278	0.829709731652716	-4.3458674723753	1.38726312985225e-05	6.61216307634526e-05	4.8578411560828	down	226143
Ebpl	2205.21233678379	-3.60322096560303	0.194191896996494	-18.5549501360919	7.43763676267646e-77	5.72876534008392e-74	76.1285650354174	down	68177
Cyp2c54	9071.73785860443	-3.59899572136742	1.32727783145953	-2.71156169120208	0.00669670784227814	0.0179523606029386	2.174138647645	down	404195
Terb1	21.1967688856517	3.59754852808867	0.817051641740647	4.4030858568798	1.06721906161058e-05	5.17902476067875e-05	4.97174642642007	up	320022
Gpat3	810.771715323305	3.59609657438482	0.39841517327778	9.0260030630851	1.78056572970086e-19	4.97628065183162e-18	18.7494419896845	up	231510
Gprin3	379.518913575208	-3.59608720082168	0.339661253791993	-10.5872752946496	3.41384257870544e-26	1.92213311975298e-24	25.4667565092248	down	243385
Gm14762	5.44454635228486	3.59535041967004	1.45386098666393	2.47296712178791	0.013399646983815	0.033097688840376	1.87290664305315	up	100041562
Plau	226.237347293746	3.59445378107094	0.332117822390137	10.8228271376793	2.68369000909408e-27	1.65102667140945e-25	26.5712676506174	up	18792
Gm44503	2.13456147703285	3.59368455407281	1.52983262960243	2.3490704045231	0.0188203477983926	0.0444886591217589	1.7253723551103	up	NA
Fam71f2	15.9504954368542	3.5927356979164	0.692946528387186	5.18472284763211	2.1633633161247e-07	1.40167308261431e-06	6.66487053884197	up	NA
1810046K07Rik	42.1602711244384	-3.59242269808858	0.563001031289175	-6.38084567955863	1.76112709847337e-10	1.77180059603988e-09	9.75420930037923	down	NA
Tmem169	14.7209167239531	-3.59051491889442	0.633657289203034	-5.66633569923941	1.45883581620826e-08	1.13180267836044e-07	7.83599358276526	down	271711
Gm45330	10.7583745435419	3.59038670733112	0.831699376439046	4.31692845881827	1.58215409242691e-05	7.47998016296896e-05	4.80075122107113	up	NA
Emilin2	300.275273903561	3.58889935241956	0.367325038818977	9.77036404585593	1.50908833831087e-22	5.88238968471944e-21	21.821285336952	up	246707
Pigr	27367.1293770167	-3.57733606818794	0.682446680951869	-5.24192756450704	1.58907755331292e-07	1.05007815259415e-06	6.79885490697515	down	18703
Amz1	222.932792599009	3.57397101769895	0.268737638126615	13.2991085380273	2.34244485798293e-40	3.72777836242309e-38	39.6303306237724	up	231842
Tbc1d9	369.610535848107	3.57389936343329	0.320352308416075	11.156152990137	6.68209126727376e-29	4.76556849787495e-27	28.1750875968507	up	71310
Gm42397	11.0427458952174	3.5731946734191	0.93835884030176	3.80791923084566	0.000140141027260681	0.000553322866707335	3.8534347033687	up	105247269
Gm9844	3.11413416416615	3.56954207975863	1.40495275751342	2.540684774395	0.0110635617194466	0.0279685499566584	1.95610503703794	up	NA
Myom1	629.16599364994	3.56854723768082	0.834163848357112	4.27799316010768	1.88585814460398e-05	8.80982155082345e-05	4.72449097826503	up	17929
Gm33103	12.6698095301332	3.56538675046489	1.17028930603557	3.04658577334425	0.00231456431617294	0.0069984897923474	2.63553074671486	up	102635877
Fras1	382.16808599887	-3.55854025747957	0.38795533351479	-9.17255145132296	4.61953219937549e-20	1.37062730402426e-18	19.3354020013954	down	231470
Gm31522	27.1893771626416	-3.55851978383107	0.582763510042491	-6.10628449192299	1.01977170842009e-09	9.22778384273371e-09	8.99149704085597	down	102633775
Unc5b	760.458000550301	3.55616332492804	0.292688158126509	12.1500075291428	5.73603137836821e-34	6.53568166993244e-32	33.2413884815706	up	107449
Pdilt	395.405414818723	-3.55594303172374	0.346480477663423	-10.2630400872918	1.03399230534326e-24	4.96522589318947e-23	23.9854826931177	down	71830
Lhx1	24.1770191839152	3.55587107756179	0.643601476229416	5.52495792643936	3.29564578020131e-08	2.4305229851994e-07	7.48205947293696	up	16869
Plk1	122.958220482735	3.55180950284285	0.303257251641408	11.7121997367527	1.10378211685011e-31	1.01211564009837e-29	30.9571166465239	up	18817
Fignl1	80.3630695623605	3.54742578183464	0.393419848866138	9.01689579734869	1.93494321778119e-19	5.38428708115529e-18	18.7133317751237	up	60530
Ticrr	27.3453484318928	3.54673185056877	0.735592310775819	4.82159995232697	1.4241133118141e-06	8.03949748821237e-06	5.84645545400128	up	77011
Ncapg2	190.718833404066	3.54303356676282	0.437687818825092	8.09488730180696	5.73173928104255e-16	1.09277595639362e-14	15.241713572528	up	76044
Cd69	15.7343832343621	3.53981304434184	0.800363680684649	4.42275571689336	9.74499035056554e-06	4.757848229982e-05	5.01121858658209	up	12515
Fdps	129.888370246422	-3.53846324035752	0.859370488912124	-4.11750611175496	3.82994375692808e-05	0.000169616828388701	4.41680760363846	down	110196
Ercc6l	43.7667054007386	3.536129026712	0.549249078380427	6.43811553974564	1.20965907854567e-10	1.24296666043092e-09	9.91733701081457	up	236930
Gm45224	4.05610327528588	3.53555011253027	1.43374131399623	2.4659609638197	0.0136646225175707	0.0336865921390784	1.86440236110271	up	NA
Gm13773	31.5521647044783	-3.53442009757363	0.911028009184243	-3.87959542620258	0.000104630347869121	0.000423536257844816	3.98034233076028	down	102639616
S100a6	292.035901197202	3.53416777084931	0.650120259658857	5.4361754126903	5.44363660101199e-08	3.86371789123063e-07	7.26411087454933	up	20200
Atp10a	90.0151916448672	3.53146036594664	0.354897248826362	9.95065579579756	2.50526784555609e-23	1.0441869617755e-21	22.6011458356137	up	11982
Car2	1542.45078026699	3.53010139826669	0.172199512383541	20.5000661697814	2.15000930583821e-93	2.30003217740115e-90	92.667559660333	up	12349
Cyp2c38	1249.02295023766	-3.52798767191104	0.331850772034766	-10.63124744378	2.13240907809556e-26	1.22939129364695e-24	25.6711294772639	down	13097
Slc35f2	64.3763537636653	3.5264119626045	0.491112334008506	7.18045896714013	6.94777802098166e-13	9.27783727961323e-12	12.1581540655564	up	72022
Cdk1	302.796522148747	3.52627819288345	0.342844548767873	10.2853558720893	8.20384496400687e-25	4.00947306159686e-23	24.085982555509	up	12534
Piwil2	5.76152902065948	3.52605761384608	1.15746250031903	3.04636877036985	0.00231623562632324	0.00700179485407854	2.63521726273095	up	57746
Lrit1	381.096874006976	-3.5254312857858	0.363353162933812	-9.70249235570296	2.94222065724987e-22	1.11526379874023e-20	21.5313247596736	down	239037
Fcor	56.3158234968619	3.52187188603188	0.533491188494877	6.60155586818225	4.06864880099895e-11	4.43634775266341e-10	10.3905497961066	up	100503924
Ccn2	556.822874003364	3.52119830737297	0.678017118816181	5.19337670045999	2.06513730561438e-07	1.34209530735439e-06	6.68505106793578	up	14219
Gm47465	36.64387825022	-3.52020767952925	0.84519192893213	-4.16498023588193	3.11379537971713e-05	0.000139960886628929	4.50670993010429	down	118567729
Slc44a4	60.6881208412466	3.51975945963112	0.529444364766829	6.64802516347726	2.97051531020617e-11	3.30255443494977e-10	10.5271682049029	up	70129
Pls1	264.087453907207	3.51960318572018	0.445774099127778	7.89548606033145	2.89185995768458e-15	5.08506306163252e-14	14.5388227421788	up	102502
Rarres2	4865.20210845742	-3.51821585334115	0.348276304028739	-10.1017950766206	5.42401108536486e-24	2.40102890712151e-22	23.2656794315474	down	71660
Myof	598.103838875046	3.51709710969017	0.277447524751474	12.6766209676609	7.96939948465399e-37	1.12013690858757e-34	36.0985744026098	up	226101
Slc2a2	133.3264241482	-3.51575028862162	0.911303857451577	-3.85793416748313	0.000114349435977563	0.000459018707355423	3.9417659731861	down	20526
Mt1	1422.36242482315	3.51332326570153	0.363802423669392	9.65722886138409	4.58087545642399e-22	1.69307750074665e-20	21.3390515155418	up	17748
Ctss	4213.03459483654	3.51050914894416	0.27663841692961	12.6898830173591	6.7286208940265e-37	9.52693558348341e-35	36.1720739401578	up	13040
Kbtbd6	8.72183892698911	3.51031190474301	0.952062436488557	3.68706060674961	0.000226859341323674	0.000857558593743359	3.64424333320731	up	432879
Otc	10142.2801264817	-3.50878356352904	0.359996911170199	-9.74670463733552	1.90553521098914e-22	7.38289457199335e-21	21.7199830218081	down	18416
Hsd3b3	150.608258442657	-3.50690913355575	0.959422807281468	-3.65522802557988	0.000256953487910932	0.000961316565613544	3.59014548278445	down	15494
Exo1	33.3790437510514	3.50581357023903	0.828131427194034	4.23340239859971	2.30182104115872e-05	0.000105961907646551	4.63792844432849	up	26909
BC016579	28.874074797524	3.50504306262908	0.858617319752357	4.08219468906126	4.46123991639735e-05	0.000195151376261125	4.35054442065756	up	212998
Gpx3	920.402805890272	3.50123367396242	0.557037518967898	6.28545395012108	3.2689705577541e-10	3.19043573543401e-09	9.48558899091015	up	14778
Pik3r5	196.778109629744	3.50001249022855	0.300769128772036	11.636874118425	2.67646006651286e-31	2.38601458522091e-29	30.5724392320199	up	320207
Dact2	464.646563059903	-3.49926644150941	0.334789008874413	-10.4521544876106	1.43233815619892e-25	7.66141764882403e-24	24.8439544387083	down	240025
Rab3b	144.626002083629	3.49772592862956	0.342350823865645	10.2167884076781	1.66774942387895e-24	7.83387960091786e-23	23.7778692007016	up	69908
Pnpla3	58.9277220690911	-3.49759512937713	1.13584328788875	-3.07929374295839	0.00207491988757129	0.00634503054709746	2.68299866669038	down	116939
9030619P08Rik	135.134144806403	-3.49756947936364	0.979617952815354	-3.57034032431916	0.000356517728204847	0.00129554734370873	3.44791886954252	down	105892
Gm15343	19.476914341759	-3.495291208129	0.840469208620963	-4.15873796716961	3.20010738610138e-05	0.000143538942060956	4.49483544780236	down	102639115
Cib3	79.2127186908301	-3.49234557690457	0.452032225242077	-7.72587745272875	1.1108545984437e-14	1.83610439035467e-13	13.9543427828468	down	234421
Cthrc1	5.95719807029642	3.48897824876666	1.51389699530082	2.30463384206227	0.0211870889604202	0.049332356109051	1.67392870989015	up	68588
Cyp4a31	2808.39521264718	3.48827941559455	0.345061540962559	10.1091515613821	5.03181356540653e-24	2.24808821381597e-22	23.2982754583846	up	666168
Elavl4	4.9125072628966	-3.48618434383607	1.20246707450614	-2.89919318187392	0.00374124306761563	0.0107332205765802	2.42698407488254	down	15572
Serpina3b	10.9552576240097	3.48391967261155	1.04697566991684	3.32760327934677	0.000875965126742399	0.00292129970220846	3.05751318328947	up	271047
Cd200r3	32.1559345511747	3.48381876137289	0.546133571662263	6.37905988963325	1.78178353441528e-10	1.78791160701931e-09	9.74914505872747	up	74603
Kif23	132.708522960173	3.4783699112042	0.332903627769114	10.448579171437	1.48736734682099e-25	7.91180818518921e-24	24.8275817571037	up	71819
Khk	11134.6046454859	-3.47054450896346	0.327545900967033	-10.5955974375413	3.12340185407205e-26	1.77416596171125e-24	25.5053721362378	down	16548
Cenps	44.7994015781179	3.4652129900179	0.495185019323424	6.99781466481449	2.59985684270636e-12	3.26142302040088e-11	11.5850505651578	up	69928
Hrh2	14.8197333609053	3.46514042032868	0.87050557994975	3.98060678775741	6.87395756661335e-05	0.000290337633039497	4.16279315311857	up	15466
Rps18-ps3	12.0274093049128	3.46462895300395	0.84067188060916	4.12126185366572	3.76802846791063e-05	0.000167105380419362	4.42388582471945	up	100042791
Gm41361	13.0894071619922	3.46330985556198	0.727395504254115	4.76124726549324	1.92400139053604e-06	1.06308667937337e-05	5.71579461841987	up	105245994
Sh3pxd2b	285.432992391119	3.46295159520131	0.3671711567843	9.43143689588797	4.04509030437647e-21	1.33605932934945e-19	20.3930717785623	up	268396
Dner	10.2710054516396	3.46038083217239	1.14010975629932	3.0351295680553	0.002404323725992	0.00724646387035559	2.61900705790614	up	227325
Pmaip1	74.8506567946879	3.45985547816067	0.406645704572235	8.50827990867435	1.76532609738224e-17	3.98045893807874e-16	16.7531750584278	up	58801
Cdc6	43.2282692869402	3.45703946129157	0.742135344719725	4.65823314559577	3.18934889467565e-06	1.69933874698047e-05	5.49629796907806	up	23834
Acnat2	572.760698421249	-3.45455454358667	0.325785614187202	-10.6037663823966	2.86216117701596e-26	1.63058507765146e-24	25.5433059134422	down	209186
Onecut1	35.6052458960723	-3.45133420484519	0.711593784034511	-4.85014664585351	1.23370229325426e-06	7.03053310414446e-06	5.90878962798148	down	15379
Gm30262	504.721676461275	-3.44755768489592	0.411720551032095	-8.37353801323164	5.5913637594753e-17	1.19896771216544e-15	16.2524822527612	down	102632099
A230028O05Rik	8.0001522473629	3.44637313670782	1.11551088931168	3.08950201179513	0.00200492348695581	0.00615836762877989	2.69790219652357	up	319487
Atp4a	72.5674098571229	-3.44631320002647	0.447796244898507	-7.69616368892861	1.40212171829992e-14	2.28807252606637e-13	13.8532142835937	down	11944
B430306N03Rik	312.98494851389	3.44494222016268	0.305413832246975	11.2795880750316	1.65519193914451e-29	1.26477682460979e-27	28.7811516373699	up	NA
Cep55	51.2776544518499	3.44237049677213	0.434424782526319	7.9239735743289	2.30038531615987e-15	4.10150181925689e-14	14.6381994132579	up	74107
Gm21049	40.9138194296305	-3.44145368550048	0.691510090659368	-4.97672229514249	6.46699986425311e-07	3.84466037005427e-06	6.18929714816903	down	100534381
Klhdc7a	479.105240060014	-3.43997827528225	0.307862529227629	-11.1737478539936	5.48180071021804e-29	3.983303942489e-27	28.2610767571996	down	242721
Gm43305	8765.39750812604	3.43924406324337	0.315421595046565	10.9036417203319	1.10734659820034e-27	7.13146023242333e-26	26.9557164241744	up	108168162
Nr4a3	20.0554159792643	3.43584393689695	0.610306206581507	5.62970505599485	1.80518043989108e-08	1.37993467846537e-07	7.7434793809426	up	18124
Prss53	19.3158757200713	-3.43574751245395	0.69352596632269	-4.95402865832328	7.26924930818358e-07	4.29113012502707e-06	6.13851043620381	down	330657
Kif20b	82.1436689674596	3.4296783416483	0.462061187322649	7.42256314909527	1.14875186948245e-13	1.68215711017141e-12	12.939773768833	up	240641
Slc22a29	205.724041394385	3.42506790324444	0.463823680829156	7.38441792605675	1.53121773870909e-13	2.19546751873286e-12	12.8149630483637	up	236293
Rragd	400.930370856767	3.42286833066834	0.310045074213442	11.0399055342255	2.45290907616826e-28	1.6749367791027e-26	27.6103185498165	up	52187
Sctr	10.8460811204314	3.42272402570317	0.844500719675638	4.05295572396646	5.05745768265058e-05	0.000218649315530129	4.29606774242137	up	319229
Fhdc1	112.066609865838	3.42127553459805	0.502021474667229	6.81499837604733	9.4264830506926e-12	1.11155148575711e-10	11.0256503090199	up	229474
Kcnk10	21.7176243043271	-3.42046896203783	0.57042454987508	-5.99635650812521	2.01793754122065e-09	1.75270309534175e-08	8.69509228008276	down	72258
Glrp1	7.24000788392538	3.42045703906857	1.25755413376231	2.71992826967643	0.00652960789204913	0.0175753605772013	2.1851128976579	up	14659
Sirpb1b	68.9900146281583	3.42024363934213	0.48704886739412	7.02238290305779	2.18115788299309e-12	2.76500172448419e-11	11.6613128969014	up	668101
Cyp2d38-ps	4117.30306583264	-3.4185310092125	1.03124087616036	-3.31496848916695	0.000916534556381866	0.0030439443631751	3.03785115605579	down	676200
B4galnt3	75.6081535817261	-3.41835844732245	1.16456642698716	-2.93530567952749	0.0033321924768271	0.00968231452147015	2.47726992046765	down	330406
Zfp389	5.02013966048257	3.41664795574891	1.18662916704729	2.8792887033534	0.0039857328116121	0.0113569941735673	2.39949181811215	up	100038371
Rrad	10.6739818536204	3.4147221252226	0.833627871619064	4.09621875836584	4.19953117337493e-05	0.000184289362521667	4.37679919059759	up	56437
Basp1	306.94086811017	3.41242825557395	0.340963314125974	10.0081976981054	1.40284843382349e-23	5.989634022551e-22	22.8529892483657	up	70350
Dusp8	201.158183903823	3.40753485958735	0.280928341018032	12.1295517826328	7.36514486685832e-34	8.19787454082218e-32	33.1328187064916	up	18218
Fcgr3	921.543015588764	3.40608070785884	0.271142372296966	12.5619639564427	3.41743281967713e-36	4.57247039821953e-34	35.4663000140916	up	14131
Racgap1	180.913601224904	3.40419459937007	0.284816470332587	11.9522392626905	6.31990887054759e-33	6.2729982067662e-31	32.1992891839492	up	26934
Ces2a	13771.6228039369	-3.40129743724908	0.551550647227604	-6.16679076408644	6.96898739845231e-10	6.47345978507466e-09	9.15683032078467	down	102022
Clec4n	307.378152706489	3.39999476943752	0.287504858206106	11.8258689284483	2.86918301258182e-32	2.70828372991546e-30	31.5422417491331	up	56620
Draxin	2.92223828830984	3.39862250612843	1.45475114044248	2.3362226099336	0.0194796425025363	0.0458109423581875	1.7104190177141	up	70433
Fmo6	2.91119092301455	3.39830125459231	1.36935830027025	2.481674265911	0.0130766751569155	0.0324281335249924	1.88350266461712	up	226565
AI506816	1507.46773064724	3.39501208044459	0.231908603307817	14.6394399863567	1.57358970861442e-48	4.15082786699715e-46	47.8031084933954	up	433855
Tlr6	49.9244667184309	3.39464427305397	0.509397287852857	6.664040728137	2.66399587313049e-11	2.97724344358681e-10	10.5744664522788	up	21899
Ttc39a	226.551220643614	3.39360034366191	0.391278978141087	8.67309651999308	4.20525210185446e-18	1.02113914846544e-16	17.3762079634422	up	230603
Sorcs2	26.8015944091626	3.39087539096777	0.695417412009395	4.87602888913855	1.08242763228355e-06	6.21073494852565e-06	5.96560112957092	up	81840
Slc1a5	826.609858655004	3.38968725336647	0.229330617950899	14.7807880328139	1.94872734805388e-49	5.36067054487507e-47	48.7102489199993	up	20514
Gm39822	9.15430540541612	3.3881678829084	1.17227286027277	2.89025533024796	0.0038492904092564	0.011005484204995	2.41461932237391	up	105244162
Eme1	17.8831849403037	3.3878599408694	0.717853277424737	4.71943229544507	2.36503743307271e-06	1.28865763472689e-05	5.62616198099456	up	268465
Sun3	53.1488716747313	3.38768874832606	0.613941690247522	5.51793240651283	3.43011305933902e-08	2.52485692166025e-07	7.46469156501908	up	194974
Heph	290.315206113475	3.38749856648812	0.440303926178387	7.69354612821619	1.43112077766556e-14	2.33144345979087e-13	13.8443237129486	up	15203
Hmga2	37.326333823285	3.38644903901113	0.639878643377888	5.29233015362762	1.20767613934473e-07	8.14536313107605e-07	6.91804951418581	up	15364
H2bc3	5.25824997929503	3.38340156501492	1.14145825533372	2.96410451210565	0.00303565168351415	0.00891074829538847	2.51774806169818	up	319178
Gm3953	8.34683282749241	-3.38276536142871	0.966392499651987	-3.5004052314633	0.000464551382451365	0.00164196061315776	3.33296624317529	down	100042660
F13a1	13.2719165819288	3.38256734257314	0.820456504002904	4.12278691931872	3.74315925520617e-05	0.00016607897377477	4.42676169514421	up	74145
Galnt3	62.374279115855	3.38155736740174	0.457784325821124	7.38679150129543	1.50414177758714e-13	2.16308842936654e-12	12.8227112260304	up	14425
Sema7a	10.7969664447362	3.38086175979103	0.970703124069059	3.48289984441268	0.000496013895023067	0.00174292765740222	3.30450615728537	up	20361
Gm18782	13.9520082752249	3.3762660564644	0.711948761600325	4.74228798274077	2.11317937093047e-06	1.16054019842587e-05	5.67506363759081	up	100417720
Hs6st2	18.230843787224	3.37625106820613	0.777946687865501	4.33995172274562	1.42514022171908e-05	6.77927374244629e-05	4.84614240265699	up	50786
Ankrd55	69.0638642827593	3.37538792902087	1.08241014983721	3.11840010880213	0.00181835768671843	0.00564564585866657	2.74032068322155	up	77318
Pkdrej	17.784324615383	-3.37389425020768	0.852885786382913	-3.9558570491793	7.62607547286578e-05	0.000319026090170549	4.11769890096545	down	18766
Col5a2	758.50086763024	3.36900424584341	0.323097480882416	10.4272067880018	1.86283949427214e-25	9.74751013633268e-24	24.729824563115	up	12832
Gm7730	3.87601041990037	3.36885410185928	1.31445175181604	2.56293477277115	0.0103791545689003	0.0264436359326203	1.98383802038108	up	115486411
Aadat	1668.44138941578	-3.36507944291028	0.540956033171596	-6.22061542262687	4.95208611050417e-10	4.69509454179558e-09	9.3052118120914	down	23923
A930038B10Rik	74.4344627094688	-3.36356464127268	0.476308905586075	-7.06172948232822	1.6444288962393e-12	2.1039948721584e-11	11.7839849003136	down	320323
Col1a2	3966.3586194228	3.36137415430955	0.291825841759376	11.5184252842185	1.06540255927796e-30	9.03761748081782e-29	29.9724862643008	up	12843
Serpinb1b	8.32677171083129	3.36026241678919	1.22758852595423	2.73728724710684	0.00619481754627933	0.0167939471591095	2.20797148021786	up	282663
Ak8	10.8310007190379	3.35993893519325	0.942458980150886	3.56507710781782	0.000363749232404992	0.00131784670163509	3.43919791446687	up	68870
Mapk13	82.9821396081528	3.35942517709628	0.479506187678046	7.00601006498771	2.45210282879478e-12	3.08008428384034e-11	11.610461321657	up	26415
4932438H23Rik	38.3870253022339	3.35750645744321	0.553329641849964	6.06782323502127	1.29655490184018e-09	1.15639005047867e-08	8.88720908856574	up	NA
Foxred2	34.586118774189	3.35747362899724	0.473421471665103	7.09193357282347	1.32250994978723e-12	1.70799809477552e-11	11.8786010519042	up	239554
Fmn2	94.3287285901911	3.3559378041857	0.604836074036246	5.54850801439563	2.88117679966393e-08	2.14539599591371e-07	7.54043009098632	up	54418
Ptprq	10.2474382365693	3.35480618382663	0.916869811311108	3.65897768956895	0.00025322338153129	0.000948836239495333	3.59649619596434	up	237523
Dtl	62.6364020258168	3.35280021646355	0.419227196026434	7.99757326872502	1.26895267034586e-15	2.33380636295891e-14	14.8965545760069	up	76843
Arhgap10	623.755235382715	3.35240155081422	0.24859630696915	13.4853232201484	1.9082737963859e-41	3.22330879150938e-39	40.7193593132122	up	78514
Gpx6	24.462470856295	-3.35233673242002	0.763713728618304	-4.38952006072354	1.13601099045955e-05	5.48108935913032e-05	4.94461746697637	down	75512
Gm32569	6.88355984756217	-3.35113237962862	1.00220645738978	-3.34375452774126	0.000826528357407352	0.00277227487375648	3.0827422416034	down	102635160
Ptk6	57.8734754276914	-3.3491268770431	1.25512599000259	-2.6683591159133	0.00762227381343323	0.0201143626903481	2.11791545420893	down	20459
Bex1	12.892482511915	3.34833926299803	0.926087340217438	3.61557610992919	0.000299680409084653	0.00110739703652544	3.52334164712619	up	19716
Plekhh1	126.023883375008	3.34776941761908	0.313035897261564	10.6945224075109	1.07974470525816e-26	6.35827646619299e-25	25.9666789169242	up	211945
Cdh18	512.37695011164	3.34669609548647	0.288873892630072	11.5853186489656	4.89144235431167e-31	4.24277540426241e-29	30.3105630602722	up	320865
Cyp21a2-ps	121.85597878565	-3.34663347157677	0.881813562569449	-3.795171239854	0.000147541586805104	0.00057933539876001	3.83108555002909	down	632302
9030625G05Rik	19.0992733362471	3.34232142017243	0.842586882555254	3.9667380176112	7.28630076919652e-05	0.000306543604132943	4.13749290560215	up	71545
Crybg2	106.595294141329	3.34073723274072	0.412084347954307	8.10692580129531	5.19165420870968e-16	9.9770951539834e-15	15.2846942415256	up	230806
Ncapg	59.786560203383	3.33803733688135	0.409694774787702	8.14761999005498	3.71156542855957e-16	7.27059042648454e-15	15.4304428791738	up	54392
Ttll8	151.284293885371	3.33730975102354	0.474636684293782	7.03129332699847	2.04627799451034e-12	2.6008666047717e-11	11.6890353660879	up	239591
Gm5100	24.3736641885047	-3.33554563799642	0.952249020401443	-3.50280815893121	0.000460380908511362	0.00162901410773517	3.33688269438213	down	329126
Cytip	161.834299243184	3.33307780636813	0.487028852226577	6.84369681822774	7.71751675406516e-12	9.15640804782986e-11	11.1125224190289	up	227929
Gm15853	4.0339375445938	3.33257148878238	1.25532242137915	2.65475341794747	0.00793664004323961	0.0208524956573369	2.10036331615143	up	100503318
Mug4-ps	51.1605435164861	-3.33191947624747	0.532007993443964	-6.26291243234567	3.77852829528798e-10	3.63251826530531e-09	9.42267732124522	down	434083
Fabp7	321.464660568546	3.33178879093898	0.383840656263738	8.6801351982102	3.9529864577999e-18	9.62309825934195e-17	17.403074673467	up	12140
AC168977.1	5.61148500102369	3.33130048826279	1.19117855966014	2.79664241875982	0.00516366474286382	0.014300521830661	2.28704196258122	up	NA
Spdl1	53.1397280943783	3.32932076474747	0.417094706038528	7.98216979632423	1.43783050705307e-15	2.63684421369657e-14	14.8422923060185	up	70385
Sntg2	283.102524157894	-3.32421445434281	0.910849780354548	-3.64957485420797	0.000262674689844707	0.000980815169216536	3.5805817718669	down	268534
Tmem95	5.57600997474431	3.3230196470422	1.16419692808618	2.85434497109085	0.00431256741499081	0.0121996177674545	2.36526410287991	up	100503361
Slfn1	73.4244473168312	3.32228988660754	0.448500359177779	7.40755234332073	1.28651713424745e-13	1.87391633412019e-12	12.890584425342	up	20555
Ankle1	61.6756831681468	3.32162297487692	0.462350680678717	7.18420695304454	6.75984047730391e-13	9.04569063453538e-12	12.1700635526744	up	234396
Lgi3	3.45335890704607	-3.32162248987807	1.35614075337969	-2.4493198671304	0.0143126280366132	0.0350819711650999	1.84428061522637	down	213469
Myo1h	2.72964516891897	3.31710847681214	1.44063814138142	2.30252717981726	0.0213054604573519	0.0495720090100009	1.67150907531351	up	231646
Cd101	23.7268170940415	3.31212784051126	0.747138333539949	4.43308513541042	9.28941630467612e-06	4.55041974975435e-05	5.03201157380208	up	630146
Thbd	851.725331248419	3.3114794712203	0.387776277215917	8.53966491966822	1.34611611632236e-17	3.09687119903266e-16	16.8709174761425	up	21824
Mboat4	5.36991828978482	3.31094742189757	1.20238487538156	2.75365025765721	0.00589347101873693	0.0160720404952271	2.22962884777917	up	234155
Vmo1	73.8765650674259	-3.31034447678968	0.569055374320404	-5.81726247773877	5.98191731291109e-09	4.93309635021054e-08	8.22315959444656	down	327956
Hrob	35.0265924561035	3.30774932671052	1.31888729155004	2.50798483532512	0.0121421878033156	0.0303719333613979	1.9157030541749	up	217216
Gm42814	10.6583293833935	-3.30450307206039	0.847605147721934	-3.89863497283109	9.67364742654981e-05	0.000394986757518327	4.01440974530132	down	115489721
Serpini1	22.736646266187	3.30401354638995	0.660270714023934	5.00402861464818	5.61444174978406e-07	3.36979176538676e-06	6.25069341964138	up	20713
Neil3	66.246793684539	3.30292495863346	0.603072047350939	5.47683311329372	4.33005236057883e-08	3.11815588090149e-07	7.36350685196697	up	234258
A930014D07Rik	9.48477830554182	3.30037332316897	0.93161764266945	3.54262647250013	0.000396163406199902	0.0014213755449572	3.40212564293031	up	77947
Myo7b	75.1986595642866	3.30017391359407	0.660250109032531	4.99836935798441	5.78171575923627e-07	3.46248798461777e-06	6.2379432629299	up	17922
Hspa2	449.253542034016	3.30009027402393	0.232370328431724	14.2018574242949	8.92159713285096e-46	1.99760784174626e-43	45.0495573918241	up	15512
Ajap1	7.35541380493044	3.29823137027191	0.995292696045218	3.31383057805748	0.000920272503464462	0.00305530471150201	3.03608355392917	up	230959
4930426L09Rik	6.6229220425818	3.29689140858587	0.98806054941541	3.33673013312443	0.00084770215451229	0.00283539216385073	3.07175671304228	up	74629
Lyz2	6795.75590981775	3.28915741412039	0.300737873634815	10.9369577378684	7.67316521838562e-28	5.02566222602835e-26	27.1150254504816	up	17105
Acsm2	45.536090238773	-3.28569001197613	0.66710074946986	-4.92532801767535	8.42189558364786e-07	4.92774297656406e-06	6.07459014735255	down	233799
Gm28453	6.13592089781681	3.28379926716372	1.09307114530919	3.00419536391189	0.00266284277477427	0.00793864382583268	2.57465447534241	up	545951
Nwd1	7.81989565404205	3.28074662212619	1.07293776296623	3.05772313676079	0.00223025528213469	0.00677378481274221	2.65164542337469	up	319555
Gm12473	47.0196944735466	-3.2788984897819	0.380154272914547	-8.62517857459132	6.39927221343237e-18	1.51941289447415e-16	17.1938694153385	down	NA
Igfbp2	14320.8080352559	-3.27565621344258	0.293508052223793	-11.1603623431257	6.37312892536027e-29	4.56211786567797e-27	28.1956472958609	down	16008
Gm12337	20.3678784711418	-3.27386489313786	0.708637123925981	-4.61994550186709	3.8384085287426e-06	2.01800184676839e-05	5.41584880439559	down	100043447
Gm49076	7.32410538403313	-3.27277631174599	1.0991661500342	-2.97750827902058	0.00290601795929993	0.00857729641696497	2.53670170607352	down	NA
Tlr8	90.8230602212434	3.27263357564156	0.46873802255931	6.9817966926877	2.91428668269054e-12	3.62048415237993e-11	11.5354677282742	up	170744
Gm26756	9.02235438633401	3.27225047305568	0.88789044028042	3.68542144909479	0.000228324496797671	0.00086258907403099	3.64144749081675	up	102636275
Gm16026	2.65964459728506	3.27111596142098	1.39907940820283	2.33804882141955	0.0193847156649357	0.0456339729671239	1.71254056484274	up	NA
Sag	10.0872113616304	3.26928125764501	0.833810073253995	3.92089441290441	8.82209144412995e-05	0.000364076709918916	4.0544284449168	up	20215
Zfp783	115.179614283638	3.26847071837557	0.395771744191103	8.25847414917359	1.47546411461242e-16	3.01669416782532e-15	15.8310713486956	up	232785
Gm7298	218.265378189906	-3.26563376381994	0.451282343802397	-7.23634285424174	4.60945190935474e-13	6.2683337546988e-12	12.3363507116806	down	640530
Pkm	3400.29665675517	3.26488471554733	0.271163396853486	12.0402855010383	2.18199181598903e-33	2.27115861668566e-31	32.6611468826558	up	18746
Edaradd	14.8909870691202	3.26396371725295	0.696832749284291	4.6839987365768	2.8133174175827e-06	1.51533539001321e-05	5.5507812650166	up	171211
Gm32885	12.2065203860341	-3.26169013353745	0.945285401603741	-3.45048186294189	0.000559586766378771	0.00194747926502614	3.25213256465311	down	102635594
Dlgap1	154.422650429811	-3.26160371006574	0.437401018974557	-7.4567812341001	8.86617317640829e-14	1.32039466887021e-12	13.0522637902007	down	224997
Igdcc4	62.1527006960467	3.26064407050904	1.14808642416267	2.84006848429298	0.00451038495802808	0.0126778606118351	2.34578638982656	up	56741
Rad51	119.021402228367	3.25974505951542	0.404478914716429	8.05912234461158	7.68441599784842e-16	1.44644295654515e-14	15.1143891325298	up	19361
Tas1r2	12.4176272314081	3.25939713068829	1.1974582051559	2.72192976477534	0.00649019345831992	0.017496173209213	2.18774235764823	up	83770
Mup-ps8	13.9805676759162	-3.24993087491088	0.931652802888756	-3.48834980674548	0.000486011783632671	0.00171059091676672	3.31335320089284	down	100039063
Fam163b	8.45565722592503	3.24830637560632	1.27945887284561	2.53881265318192	0.0111229368276196	0.0280859259838242	1.95378052933362	up	109349
Necab1	985.054887683436	-3.24735712671974	0.350973034934271	-9.25244051107201	2.19424319547196e-20	6.66440803974889e-19	19.6587152397521	down	69352
Nox4	628.241033904442	-3.24671600639151	0.781166316239033	-4.1562416848988	3.2352558194608e-05	0.00014498041903546	4.49009137292803	down	50490
Prr16	1202.42463106928	-3.2448983041568	0.21803397749804	-14.8825350130852	4.27971188789279e-50	1.19434974077193e-47	49.3685854669004	down	71373
Tmem25	1490.58146520686	-3.24365648667466	0.660957348042195	-4.90751255929389	9.2238750517908e-07	5.36276986706774e-06	6.03508658870179	down	71687
Gm22235	14.405234171481	-3.24333464906865	1.18581145682203	-2.73511832796824	0.00623578554738692	0.0168931185284866	2.20510882888858	down	NA
Slamf9	50.3504841936889	3.24275451415004	0.537877345523524	6.02879920698987	1.65182357582996e-09	1.45306143335686e-08	8.78203633966401	up	98365
Il1rap	4042.42051294673	-3.24274002058746	0.335432685155196	-9.66733465192019	4.15046561031052e-22	1.54586781029283e-20	21.3819031802407	down	16180
Stil	68.3443023116276	3.24223300579649	0.492296086878248	6.58594104689349	4.52013163571406e-11	4.88986824591629e-10	10.3448489174382	up	20460
Airn	920.826063232646	3.23990544037722	0.216464393617936	14.9673827931984	1.19949546173122e-50	3.44738576285019e-48	49.9210013908381	up	104103
Cdh23	23.0100730189149	3.23940531011594	0.843674812016303	3.83963733891031	0.000123216187079328	0.000491639224699448	3.90933223456248	up	22295
Cend1	25.1837902300806	3.23730799121683	0.76755656692971	4.21768001303973	2.46828752578642e-05	0.000112735637088575	4.60760425161238	up	57754
Dio1	2262.68919562312	-3.23515655989052	0.53856160841385	-6.00703152498851	1.88950788079429e-09	1.64858920491957e-08	8.72365129237976	down	13370
Tlcd2	2908.18829915532	-3.23295885685166	0.523103518851649	-6.18034239943341	6.39627217270883e-10	5.96737485260083e-09	9.19407306453327	down	380712
Mapk15	820.396214171912	-3.23174763583422	0.295108178304204	-10.9510609106294	6.56738647759402e-28	4.34575924441754e-26	27.1826074255964	down	332110
Gm6682	4.92549800546369	3.23111219922728	1.28328328882576	2.51784795092581	0.0118074280327025	0.0296430872927079	1.92784469280571	up	626534
Polq	28.2534608392487	3.23020226390252	0.690632557546859	4.67716476526428	2.90868541670677e-06	1.56189755672352e-05	5.53630324649997	up	77782
Got1l1	5.51093673805034	3.23007482757668	1.37672952626063	2.34619419861646	0.0189662226103835	0.044794993571145	1.72201915634486	up	76615
BC049987	297.895563484315	-3.22882184480525	0.359932212633549	-8.97063872438823	2.94799896320812e-19	8.05200965043058e-18	18.5304726735515	down	115487218
A2m	20.0932139323186	3.22824989866145	0.63342456309819	5.09650254620932	3.4598591198621e-07	2.15608567029335e-06	6.46094158465004	up	232345
Col27a1	1205.88001667986	-3.22729942496115	0.310676011646215	-10.3879903950752	2.81215727688473e-25	1.44402401396513e-23	24.5509603939747	down	373864
Gm5577	5.06567256766355	3.22725303429197	1.3367983147968	2.41416599540112	0.015771275385816	0.0381474285679278	1.80213318488127	up	434064
Slc13a3	3125.26670355335	3.22684525491542	0.133510793827493	24.1691713636634	4.69491920097393e-129	1.50675606889923e-125	128.328371877492	up	114644
Mir365-2	3.37994027282842	-3.22392206492254	1.38499010039294	-2.32775820130979	0.0199249467279597	0.0467440027038977	1.70060283107534	down	723853
Ces1e	5441.95782818913	-3.22353818381652	0.595994357461804	-5.40867231955818	6.34936779099563e-08	4.46216883881065e-07	7.19726951542469	down	13897
Gm15753	5.09812040716435	3.22193797097799	1.18069003716622	2.72886013225875	0.00635536533362811	0.0171880498404976	2.1968594792849	up	NA
Sinhcaf	253.781440775269	3.21875049437649	0.295679381759639	10.8859484054016	1.34491320500653e-27	8.57538035616084e-26	26.8713057422809	up	56306
Gm49893	4.96540096820244	-3.21781645116165	1.15673773720617	-2.78180295123208	0.00540578508761076	0.0148832996349775	2.2671412241053	down	NA
Plek	373.959270818626	3.21748435290195	0.313096551191064	10.2763327818917	9.00905079917768e-25	4.36973002994875e-23	24.0453209642257	up	56193
Mcub	17.705322333946	3.21532595851448	0.680932069469071	4.72194819818298	2.33596186325312e-06	1.2739079124603e-05	5.63153425176252	up	66815
Fst	145.182397990715	-3.21384757958934	0.560689352558041	-5.73195757138378	9.92781096261415e-09	7.9028494376229e-08	8.00314650091657	down	14313
Ifnlr1	54.4462230942759	3.21230756983192	0.555165915043262	5.78621180225301	7.19914329576724e-09	5.85416821382154e-08	8.1427191819101	up	242700
Shank2	1272.12341230808	-3.21077230513837	0.25756380954836	-12.4659295526359	1.1452845924743e-35	1.50024490562484e-33	34.9410865818101	down	210274
Gm20319	243.070776092027	-3.20854999211208	0.343280259909654	-9.34673608367847	9.03941481605054e-21	2.88183727976605e-19	20.0438596835054	down	100504628
Gm7046	4.97147541994896	3.20634076068193	1.23570324833613	2.59474980340083	0.00946597981022362	0.0243881331583712	2.02383442616401	up	630894
Fndc10	60.1279568958792	3.20448245447521	0.499543649289374	6.41481972402962	1.40989600538737e-10	1.43670542136827e-09	9.85081291993472	up	230991
Vcam1	754.57617355257	3.20118890656849	0.306061842779391	10.459287827251	1.3285042381381e-25	7.12581549013572e-24	24.8766370557836	up	22329
Slc1a4	2212.15544399343	3.19975002001458	0.20556986622706	15.5652678028225	1.25344407644402e-54	4.31005698857249e-52	53.9018950377198	up	55963
Gm20056	5.23921749690455	3.19789868498398	1.11186277816892	2.87616309114192	0.00402541664526932	0.0114580078228095	2.39518916191059	up	100504089
Pkib	92.2473761225076	3.19684101963452	0.406642777946645	7.86154628339169	3.79420184815154e-15	6.56434418580468e-14	14.420879568754	up	18768
Spag16	22.2413063869397	3.1966919688578	0.980812716467314	3.25922769473425	0.00111715967679203	0.00364425321638273	2.95188474828678	up	66722
Bub1b	124.128907790181	3.19439786455912	0.377133810398572	8.47019751738285	2.44977275382928e-17	5.45981760969174e-16	16.6108741998539	up	12236
Tmem45b	14.8950234254551	3.1914434701127	1.1171172889648	2.85685621522348	0.00427859609179984	0.012112414928506	2.36869870986616	up	235135
Ndc80	50.0221227349185	3.19126088543136	0.414763943547104	7.69416178788197	1.42424746938003e-14	2.32221077649296e-13	13.8464145435302	up	67052
C8b	6931.92550102248	-3.18982837740873	1.00200092170311	-3.18345852615281	0.00145526959520468	0.00462955085499113	2.83705654422864	down	110382
Cyp2j5	12854.1227963187	-3.1887447067875	0.612898184375722	-5.2027315271548	1.96380469072628e-07	1.27926329920924e-06	6.70690170695521	down	13109
Aadac	13465.4665867703	-3.1878012530823	0.275598600138444	-11.5668267236515	6.06858534324799e-31	5.24020983720105e-29	30.2169125361447	down	67758
Acot3	1201.41985805261	3.18574742397209	0.279471701521555	11.3991771139175	4.22089746394354e-30	3.42943466521928e-28	29.3745951978064	up	171281
Prss50	37.6591485538609	-3.18529497787844	0.588216866949624	-5.41517109904846	6.12301263171895e-08	4.3141138396041e-07	7.21303484461781	down	235631
Rgs16	20.4378316742019	-3.18438811921309	0.854163955762064	-3.72807597151773	0.000192947218663288	0.000741743190772664	3.71456147740817	down	19734
Gm19696	584.986611141028	-3.18281080258269	0.246446343399343	-12.9148225884822	3.7129885502005e-38	5.54242693974115e-36	37.4302763900123	down	100503447
Gas1	686.076069411057	-3.18042637332286	0.219175228904029	-14.5108842327957	1.03379283354456e-47	2.51983731680178e-45	46.9855664827727	down	14451
Gjc3	34.1171206203452	-3.17932836584694	0.801651554366797	-3.96597293241477	7.30971580826317e-05	0.000307394382188066	4.13609950748842	down	118446
Apoa1	160545.173629308	-3.17932240930122	0.342276630889033	-9.28875103463305	1.561093481225e-20	4.80966657191498e-19	19.8065710897854	down	11806
Zmynd10	30.7479728285102	3.17668315212478	0.649796772046174	4.88873335292446	1.01486848358753e-06	5.84399148324205e-06	5.9935902341576	up	114602
Rad54l	34.6704023981029	3.17595850688518	0.505550524562892	6.28217824446166	3.33861742539353e-10	3.2501727575014e-09	9.476433344216	up	19366
Hsh2d	12.2732492444105	3.17353722781416	0.821000361647329	3.86545168073554	0.000110883800672671	0.000446316568928293	3.95513189652303	up	209488
Fbn1	611.737335806137	3.17314823942462	0.327757350312609	9.68139459389126	3.61747299558579e-22	1.36852770143418e-20	21.4415947022025	up	14118
Nr0b2	1693.82791200679	-3.17043965833296	0.378002171727701	-8.38735831554118	4.97187837399117e-17	1.07692339673311e-15	16.3034795039545	down	23957
Retnlg	18.1355786106729	3.16992489837483	0.901604556638607	3.51587053884582	0.000438314656694209	0.00155694282038437	3.35821400683864	up	245195
Sema4d	353.372820349697	3.16812264501274	0.332110640615641	9.53935904956229	1.43717787408316e-21	5.03169038969916e-20	20.8424894775497	up	20354
Slc7a6	61.8688348842493	3.16749477150439	0.44103404532368	7.18197337618171	6.87123047009472e-13	9.1883620786211e-12	12.1629654844075	up	330836
Dctd	35.4574588416207	3.16699813258988	0.508962907957909	6.22245370551009	4.89439225710565e-10	4.6449688172906e-09	9.31030122740969	up	320685
Ttc39c	12732.6192516478	-3.16694328198593	0.308349781268424	-10.2706195183873	9.55888262090347e-25	4.6131790413062e-23	24.0195928713157	down	72747
Saa4	4206.03846196182	-3.16692722596361	0.69991705980219	-4.52471786708363	6.04761262216338e-06	3.06535479474541e-05	5.21841603520607	down	20211
Slc38a11	39.4294720180626	-3.16580266641421	0.43155581244337	-7.33578965948845	2.20417965374788e-13	3.09356293094527e-12	12.656753010795	down	320106
Gtse1	132.633282352875	3.16537853853436	0.34302632333994	9.22780067638559	2.76245497544824e-20	8.32454350660896e-19	19.5587047917046	up	29870
Pak3	7.65919953333132	3.16443705101678	1.02704386861017	3.08111186652525	0.00206229152353229	0.00631042198905732	2.68564994326566	up	18481
Gm13067	5.52303472209644	3.16430916632963	1.27892392239927	2.47419655767589	0.0133536205386447	0.0330044336291685	1.87440096899771	up	102636131
Slc28a3	9.74004497427013	3.16337354968562	1.26154246453821	2.50754424730647	0.0121573359384892	0.0304028130950063	1.9151615824622	up	114304
Serpina11	811.844851422377	-3.16336884994062	0.354881351502038	-8.91387737493571	4.92783212706463e-19	1.31609341801327e-17	18.3073440953914	down	380780
Samsn1	48.7738611457604	3.16178567219559	0.450661194637297	7.01588179727847	2.28503177333469e-12	2.88150437638066e-11	11.6411077566935	up	67742
Plek2	91.100236846272	3.16047735522265	0.382189299790095	8.26940303393748	1.34631421456761e-16	2.77268732788385e-15	15.8708535688436	up	27260
Sgk1	6973.69197601277	3.1603998816978	0.346410851325391	9.12327044492369	7.2890788332746e-20	2.12987104724637e-18	19.1373273527388	up	20393
4930459C07Rik	12.4048691063755	-3.15808221760436	1.03293728646009	-3.05738040343883	0.00223280721212687	0.00677725972205471	2.65114877371494	down	74881
Il18rap	45.2417801486989	3.1557377610039	0.566980420803685	5.56586725963252	2.608517624146e-08	1.95369954766843e-07	7.58360622467153	up	16174
Scube1	60.7499149933319	3.15521502851648	0.377634929136116	8.35519912242864	6.53224283353874e-17	1.38682324148426e-15	16.18493767891	up	64706
Asb4	31.5947505674734	3.15457815427319	0.711335946847327	4.43472337965546	9.21905855787284e-06	4.52055491699515e-05	5.03531342645142	up	65255
Slc2a5	66.3498409961765	-3.15335863419245	0.704570037079462	-4.475578676697	7.62046297800802e-06	3.79957625853243e-05	5.11801864248112	down	56485
Abcb1b	172.364845199102	3.14794060510778	0.371020148797413	8.484554316824	2.16547099654192e-17	4.84864064062921e-16	16.6644476286629	up	18669
Ttc22	7.68746938985737	3.14767354393304	1.16897868530276	2.69266974967794	0.00708824421029148	0.0188419699769979	2.14946132817589	up	230576
P2ry6	228.118252657328	3.14710950800483	0.361666385260804	8.70169204620826	3.26971875526434e-18	8.03082963665436e-17	17.4854896015567	up	233571
Slc17a2	4703.35631423704	-3.14691733588133	0.273737997953621	-11.4960924658129	1.38023632771092e-30	1.15555785766963e-28	29.8600465461832	down	218103
Hhipl2	29.2753582762169	3.1441374104083	0.514428704683671	6.11190118627161	9.84511402081691e-10	8.91290623342033e-09	9.00677924973157	up	78772
Gm35665	105.569567026109	-3.14268053672504	0.415988508422263	-7.55472921269969	4.19732176637462e-14	6.45040925245887e-13	13.3770277365296	down	102639328
Sh2d1b1	9.70646788924869	3.14260750979108	1.11787735267498	2.81122745914041	0.00493528825092021	0.0137391803613878	2.30668747680829	up	26904
Slc10a6	14.2762459611385	3.14209843278053	0.984667903768863	3.19102351234766	0.00141769742470784	0.00452122915040975	2.84841644954903	up	75750
Fads1	13673.791210697	-3.13911986775749	0.679093533545145	-4.62251473868409	3.79115866415101e-06	1.99788043888593e-05	5.4212280394925	down	76267
Cenph	42.581832740736	3.13800204557447	0.515137569570185	6.09158063969733	1.11801243234525e-09	1.00553233989912e-08	8.95155336704985	up	26886
Espnl	10.9967846834547	-3.13668924840294	0.915620995038658	-3.42575068221378	0.000613102876683617	0.00211329755660063	3.21246664615479	down	227357
Grhl1	100.519554167784	3.1339278297383	0.328507528407229	9.5398965281958	1.42974894854453e-21	5.01479886214454e-20	20.8447402141668	up	195733
Itgb2	855.405808331542	3.13348204717356	0.261717012977025	11.9727869867162	4.93428560832888e-33	5.00076861442005e-31	32.3067757161087	up	16414
Cd96	17.9866350645103	3.13259879408611	0.691701703524442	4.52882908647545	5.93114497230091e-06	3.01187045323382e-05	5.22686146057283	up	84544
Gm839	10.9216606267415	-3.132239772323	0.738241183139596	-4.24284074616672	2.20708061867922e-05	0.000101941819125179	4.65618180294706	down	330379
Mcoln2	41.1299229370888	3.13197090076181	0.60025240309012	5.21775653814681	1.81103293752364e-07	1.18737658307645e-06	6.7420736510362	up	68279
Pcdh17	171.177005460227	3.13185929014209	0.451590725138864	6.93517186204179	4.05727608890585e-12	4.95414764540083e-11	11.3917654384853	up	219228
Mme	760.175853325347	-3.13142824715955	0.576470882202054	-5.43206663829723	5.57051112303324e-08	3.94359419798265e-07	7.2541049542466	down	17380
Tmsb10	2101.88548671834	3.13050498853298	0.247816356654789	12.6323582139245	1.40018170783865e-36	1.9365812517425e-34	35.8538156003283	up	19240
Prokr1	7.67195002379935	3.12769187969583	0.896471050015849	3.48889334423073	0.000485024633152856	0.00170833259462252	3.31423620413858	up	58182
Matk	49.8715488886665	3.12682475725275	0.513651409565132	6.08744510192231	1.14726695169039e-09	1.02991946022145e-08	8.94033551657407	up	17179
Myo1f	528.963660069946	3.1251644067638	0.27250241689546	11.4683915187538	1.9016100778186e-30	1.57833636458944e-28	29.7208785296763	up	17916
Tmem178	71.3962912465714	3.1243762420845	0.517583362526739	6.03646961685924	1.57522393985416e-09	1.38885129056006e-08	8.80265769652233	up	68027
Lamc2	101.827538481353	3.12227137987007	0.599603146239431	5.20722981434007	1.91680640609621e-07	1.24991615834029e-06	6.71742174784692	up	16782
Mdfi	188.473058009633	3.12121682663678	0.373560640996692	8.35531499868162	6.52583345348424e-17	1.38682324148426e-15	16.1853640140841	up	17240
Csf3r	438.446354635297	3.1186825006677	0.267112866243115	11.675523326642	1.70016199276051e-31	1.5298280061961e-29	30.7695096967333	up	12986
Slc16a5	1111.11403668574	3.11841386887327	0.277701415909316	11.229376914274	2.92534152524411e-29	2.19184344008173e-27	28.5338234239851	up	217316
Cldn23	6.44435570672963	3.11343383326067	1.05419428404935	2.95337764619764	0.00314317181962966	0.00918993570585921	2.50263187788237	up	71908
Gm35570	28.3000260597102	-3.11139615206257	0.884910072151648	-3.51605914541943	0.000438003398497586	0.00155612425119364	3.35852251976297	down	NA
Gm16537	4.09305493274231	3.11113268535399	1.26824506961951	2.45310055594174	0.0141630740597571	0.034755212704815	1.84884247388532	up	102638434
Cyp2d37-ps	3962.6273049596	-3.11023393978101	0.870455841410315	-3.57310938914696	0.000352767307159531	0.00128264487663594	3.45251167007681	down	627860
Gm14167	11.4614312436303	3.10994476290496	0.942330822782589	3.30026853384851	0.000965923558434644	0.00319419956057316	3.01505724155926	up	102633071
Ydjc	24.1046103408848	3.10990784658779	0.630119256014274	4.93542740823229	7.99754233576113e-07	4.69085212358868e-06	6.09704345225807	up	69101
Calml4	114.357558390659	3.10915747058432	0.343616400463056	9.04833839826745	1.45160308871925e-19	4.09254305657069e-18	18.8381521163792	up	75600
Shcbp1	55.407938499941	3.10827025228048	0.595658844687363	5.21820548792805	1.8066496573198e-07	1.18530990805282e-06	6.74312605698216	up	20419
Osm	4.94023169200695	3.10807493440804	1.14840386257964	2.70643023389562	0.00680108710392293	0.0181891296212694	2.16742166295549	up	18413
Slc15a3	784.995163278756	3.10701384427958	0.289974422323618	10.7147858745006	8.67577831043656e-27	5.14033191217743e-25	26.0616915539128	up	65221
Ska1	21.0011263831085	3.1066009772363	0.601720898604648	5.16286036340156	2.43204564399567e-07	1.56574626950119e-06	6.61402827859773	up	66468
Creb3l1	331.93546085478	3.10626478185064	0.338688181141057	9.17145904349387	4.66659386558421e-20	1.38246048424138e-18	19.3309999941889	up	26427
Cd300c	7.80392139566909	3.10417355962287	1.21562989031148	2.55355152449196	0.0106630500836324	0.0270952352085544	1.97211855093589	up	387565
4732490B19Rik	16.779013276432	3.10087009555584	0.969815198077161	3.19738245152674	0.00138680921171791	0.00442785577530095	2.85798328225578	up	319871
Erfe	8.63629892154392	3.10058486045727	0.983544850305182	3.15245904596541	0.00161901530686037	0.0050915823532424	2.79074904522219	up	227358
Homer2	478.696382991229	-3.0972778940986	0.369236407805593	-8.38833286377693	4.93084441911963e-17	1.06923806457846e-15	16.3070787003656	down	26557
Nrbp2	419.470647134295	-3.09382009940177	0.282384172984235	-10.9560676390121	6.21412339957808e-28	4.12617793731985e-26	27.2066201268094	down	223649
Cyp2j9	351.662003996184	-3.09368302371779	0.379815182734652	-8.14523264036846	3.78553387745216e-16	7.40795125449378e-15	15.4218728628796	down	74519
Fcgr4	532.24313435629	3.09278526196476	0.296402701864066	10.4344030689138	1.72695744879398e-25	9.08587230436526e-24	24.7627183630589	up	246256
BE692007	13.5711720753346	3.09063619109851	0.855090627489637	3.61439605550578	0.000301048563919794	0.00111202592496443	3.5213634401499	up	100504727
Mmp9	121.65570681725	3.08787129549466	0.42798479772471	7.21490882832911	5.39701239367081e-13	7.29809484919418e-12	12.2678465846221	up	17395
Tcea3	2156.70607780258	-3.08674023609023	0.271704526664139	-11.3606507553915	6.56537428809381e-30	5.22408459882374e-28	29.1827405099979	down	21401
Gcnt4	120.864412601643	-3.08324971524533	0.275792360262887	-11.179605237456	5.13177480198731e-29	3.74308543890408e-27	28.2897324100524	down	218476
Gm48089	4.64036727148417	3.07912846401516	1.20513343264354	2.55501040848307	0.0106184622719002	0.0269961855700701	1.97393837168979	up	118567816
Cyp2g1	20.9403849140576	-3.07905157294381	0.691621102646181	-4.45193410259344	8.51002845388053e-06	4.2039278580791e-05	5.07006898781874	down	13108
Klkb1	4309.41295621739	-3.07790163942934	0.388453599006311	-7.92347309254647	2.30966758380299e-15	4.11424227508884e-14	14.636450520934	down	16621
Entpd8	2780.93765755773	-3.07694298004303	0.555256378597307	-5.54148155454969	2.99923172732042e-08	2.22813295298156e-07	7.52298997838562	down	72090
Cyp4f18	64.6282856211476	3.07690567801363	0.468831117353073	6.56292972912128	5.27607154965745e-11	5.6599461704849e-10	10.2776893235482	up	72054
Tedc1	41.0298506782419	3.07504244881776	0.52747098054933	5.82978507294427	5.54988102831237e-09	4.58860064753898e-08	8.25571632666133	up	104732
5430437J10Rik	6.33261725373491	3.07473055562341	1.10183472996539	2.79055512773679	0.00526177388337991	0.0145262677990485	2.27886781898509	up	71432
A930007A09Rik	11.5348630309571	3.0736694885938	0.809608630452307	3.79648804741202	0.000146760435297425	0.000576503252159776	3.83339100877907	up	432999
H4c8	214.779844836243	3.07197629757695	0.295858553315741	10.3832600516319	2.95508338503626e-25	1.51337993782602e-23	24.5294302599096	up	69386
Plcxd2	293.979832230275	-3.07099275702853	0.266810217272033	-11.5100268214145	1.17441870463477e-30	9.91868709493294e-29	29.9301770404875	down	433022
Adamts4	54.297923535313	3.06897834024217	0.359550295654719	8.5356023269394	1.39427145927999e-17	3.18482695372425e-16	16.8556526625437	up	240913
Gm13391	33.1653819058641	3.06857012857907	0.850594543309909	3.60755915108316	0.000309091086660737	0.00113889360213149	3.50991351861794	up	102632465
Cd68	1106.38081034259	3.0674790360935	0.27874244567741	11.0047073334626	3.62691668023573e-28	2.45052307349541e-26	27.4404624211853	up	12514
Fzd3	45.0538903167381	3.06110709681534	0.528716813887796	5.78969122299365	7.05159355443166e-09	5.74388686481117e-08	8.15171272787506	up	14365
Gm13161	5.58172808936003	-3.06061135651073	1.30539833985483	-2.34458039593577	0.0190485033402419	0.0449672649650237	1.72013914159512	down	100861575
Gm42109	273.661396208446	-3.05903598200697	0.744206643247662	-4.11046583601777	3.94861702144408e-05	0.000174311254848526	4.40355498668363	down	105246912
Cdh6	54.8697327307384	3.05866626255356	0.717476424267353	4.26308957214434	2.01619650527103e-05	9.3800144734233e-05	4.69546714236742	up	12563
Rgn	25664.0319318243	-3.05722266493801	0.774695027138095	-3.94635638262983	7.93494806928612e-05	0.000330654317295333	4.10045591116449	down	19733
Apol7e	6.80159983249618	3.05694019495524	1.2636911916064	2.41905634482524	0.0155608296709273	0.037676265075239	1.80796725105459	up	666348
Mcm5	506.837921969272	3.05561784188471	0.256113588313309	11.9307134854036	8.18687708913812e-33	8.08443616556121e-31	32.0868817296923	up	17218
Aunip	19.4916510308653	3.05339941102699	0.63370309541289	4.81834384766189	1.44754750167344e-06	8.15744064741697e-06	5.8393671758726	up	69885
Gm14703	6.03392522626992	-3.04985023486542	1.0842206025879	-2.81294252072485	0.00490904253515105	0.0136799599213992	2.30900320487276	down	632264
Slc17a3	2419.08188756986	-3.04853246133347	0.269005870791239	-11.3325871006707	9.04917335849976e-30	7.17081819717166e-28	29.0433910917604	down	105355
A530088E08Rik	128.436865129177	-3.0458255923463	0.403499159879539	-7.54853019583883	4.40197658927409e-14	6.74876283463869e-13	13.3563522714547	down	664702
Arhgap19	541.974626514559	3.04568567657066	0.300343252187357	10.1406828832989	3.64542224889569e-24	1.65557195341357e-22	23.4382521601459	up	71085
Gabrr2	19.1467948693024	-3.04416352999875	0.517146406734045	-5.88646365972776	3.94546459952924e-09	3.31329552239577e-08	8.40390184894849	down	14409
Srgap3	146.603322710869	-3.04280612062606	0.366177895251017	-8.30963900357829	9.59936497971636e-17	2.01137510391097e-15	16.0177574955986	down	259302
Tmem119	186.025104527558	3.04083518878701	0.347186681440175	8.75850184164105	1.97862490818748e-18	4.93528513368628e-17	17.7036365280493	up	231633
Lsmem1	15.7554193152371	3.04000031509287	0.770548100323607	3.94524405915239	7.97187408082024e-05	0.000332049334415476	4.0984395697855	up	380755
Ptger3	88.8735067941012	3.03991176312015	0.512155087660466	5.93552975721968	2.9289819168858e-09	2.49891341566473e-08	8.53328330958196	up	19218
Tox3	11.981664861538	3.03831300311276	0.881509661956756	3.44671548621303	0.000567445829589982	0.00197162340212643	3.2460755914618	up	244579
Serpina1c	23756.3166592755	-3.03829798589077	0.533941131929385	-5.6903239031463	1.26798617433873e-08	9.92534218417337e-08	7.89688548181796	down	20702
Gm3571	8.34618845474551	-3.0382794344823	0.797121543758149	-3.81156356677788	0.000138090533127228	0.000545786392836188	3.85983609369894	down	100041907
Slco2b1	3348.33152596216	-3.03709762437894	0.390039316964895	-7.7866448131748	6.88120424139742e-15	1.1562344578739e-13	14.1623355516442	down	101488
Cd53	673.347952700973	3.03587000318086	0.318659909522086	9.52699072730531	1.61908481680768e-21	5.6174949968376e-20	20.7907303998527	up	12508
Rpl3l	13.6657080076905	-3.03539702819655	1.26288990763858	-2.40353257226697	0.0162375204022368	0.0391914882007361	1.78948029023311	down	66211
Slco1a1	7967.88189452231	-3.03477799690416	0.548676269667976	-5.53109030711428	3.18246420052942e-08	2.35698194789979e-07	7.49723647301601	down	28248
5033403H07Rik	719.580949891169	-3.03449765823278	0.551303777750038	-5.50422068685447	3.70804827174842e-08	2.72215697753669e-07	7.43085462080114	down	75954
Ly6c1	71.2727353711099	3.03371192446613	0.543526916584313	5.58153024606563	2.38411582548459e-08	1.79084181636666e-07	7.62267264945743	up	17067
Hcrtr2	50.9994479662118	-3.03353415756961	0.522721801846961	-5.80334347419804	6.50054364610247e-09	5.32430746275411e-08	8.18705032141416	down	387285
Igkv1-117	4.21385772207704	3.03253052534261	1.20990346346186	2.50642354280541	0.0121959430920318	0.0304873540037476	1.91378461078044	up	16098
Col4a3	32.7432179461329	3.02996549964837	0.777532653023135	3.89689807607117	9.74325991662953e-05	0.000397422702375941	4.0112957118141	up	12828
Gm9922	3.87161123872604	3.0284698558392	1.28850727990816	2.35037077637237	0.0187547185747067	0.0443707202487499	1.72688944830179	up	102633345
Car8	2671.7417160216	-3.0278344770676	0.163090402434015	-18.5653749814777	6.12579087202289e-77	4.91492620965303e-74	76.2128378336275	down	12319
Lair1	262.01348981129	3.02667018412401	0.294770351447609	10.2678921718555	9.83295430989425e-25	4.73358420478309e-23	24.0073159788392	up	52855
Parvg	113.085167134458	3.02662514648274	0.31863974137594	9.49858022547111	2.12771365753321e-21	7.22597075651844e-20	20.6720868187269	up	64099
Gm9949	12.7589327414336	3.02371561247954	0.781232198783161	3.87044417420231	0.000108637233571551	0.000438006400681278	3.96402130215698	up	225609
Tmem40	8.16315452719208	3.02285849768644	1.00238265032842	3.01567320293905	0.00256409448283524	0.0076867987467024	2.59106597579208	up	94346
Gm47718	16.2211587866049	-3.02204599237723	0.584307770696021	-5.1720106148467	2.31588424966339e-07	1.49395869720329e-06	6.63528315089828	down	NA
Marchf1	180.467045736358	3.01830150515434	0.280990005763793	10.7416685406654	6.4861404656053e-27	3.8548494075832e-25	26.1880136503629	up	72925
Zfand4	1130.12903692401	-3.01693435986007	0.266686854180645	-11.3126474461186	1.13608936505009e-29	8.85689749530547e-28	28.9445875055778	down	67492
Vwce	1296.12580417726	-3.01480374683511	0.270106309052748	-11.1615450872211	6.28889675882744e-29	4.51861925328288e-27	28.2014255347737	down	71768
Cdkn1a	2311.64159881647	3.01350518662976	0.311790230635788	9.66516872733554	4.2392077828798e-22	1.57587229859331e-20	21.3727152961596	up	12575
Map6	9.0581010012335	3.01171624635246	1.00138147305205	3.00756138135173	0.00263352934980701	0.0078695284233215	2.57946183721225	up	17760
Tmem150b	12.9070392428965	3.01123777927807	0.79642773866507	3.78093031305684	0.000156243408309697	0.000610894471735741	3.8061982958726	up	330460
Tnfrsf11a	108.09804342472	3.01027829659994	0.358765060510275	8.39066739753977	4.83390105228396e-17	1.04939795561195e-15	16.3157022436443	up	21934
Clec4a2	127.543770025991	3.0098567965805	0.407606071447511	7.3842295476408	1.53338701568608e-13	2.19694199211691e-12	12.8143482185545	up	26888
Adamts14	384.512204082298	3.00921994928069	0.366696248331717	8.20630143605538	2.28106300195621e-16	4.55457873012324e-15	15.6418627195352	up	237360
Nid1	2314.67508525868	3.00776604640317	0.272408962747114	11.0413622814436	2.41346004790482e-28	1.6538642947493e-26	27.6173598860386	up	18073
Spag5	84.2437527672074	3.00728008173521	0.427608291843093	7.03279178421242	2.02441360860023e-12	2.57647775592902e-11	11.6937007519204	up	54141
Adh4	4366.23024336183	-3.00708573834738	0.275350525518448	-10.9209369863575	9.15464571600866e-28	5.93541609116036e-26	27.0383584581957	down	26876
4930533K18Rik	4.55039650019353	3.00689685513481	1.17551459964716	2.55794088481535	0.0105293990013977	0.0267874365399543	1.97759641683213	up	75189
Ms4a6b	178.518344576502	3.00563599917481	0.308494545610612	9.74291455696784	1.97798306969591e-22	7.63287414630549e-21	21.7037774300134	up	69774
Scgb3a1	7.82915798770083	3.00494105340781	1.29458701110994	2.32115804315963	0.0202783156966738	0.0474804531925039	1.69296812004964	up	68662
Uhrf1	202.890489448109	3.00363516557846	0.312268433892106	9.61876014216751	6.66294215710233e-22	2.40715974065971e-20	21.1763339569495	up	18140
Endou	47.915817997766	3.00361351484817	0.597125844344104	5.03011809536968	4.90177824743282e-07	2.98320612934786e-06	6.30964633977807	up	19011
Slc1a3	13.8191797326598	3.00332981244287	1.01725916400462	2.95237430019281	0.00315340429388092	0.00921565534724099	2.50122034534932	up	20512
Gm4756	3332.62208958489	-3.00183782238033	0.675919882991764	-4.44111483907467	8.94940159344948e-06	4.39953222066539e-05	5.04820600304736	down	NA
Fjx1	13.2993812458367	3.00164279377446	0.86383949685984	3.47476910315607	0.000511293240608227	0.00179236530878427	3.29132994868937	up	14221
2700069I18Rik	7.63279979807882	-3.00086013704062	1.26389997236752	-2.37428610067888	0.0175829204666686	0.0419861999635627	1.75490898835104	down	72608
Pkp3	279.55108724387	2.99946487899821	0.266252824380346	11.2654762854776	1.94298506340383e-29	1.47299686538993e-27	28.7115305380035	up	56460
Gm40117	18.1135974065537	2.99523719238716	0.780865307433838	3.83579237529508	0.000125160111565018	0.00049898200999917	3.90253405840496	up	105244523
Lysmd2	118.763029388926	2.99393926260771	0.317779072814522	9.4214487948839	4.44906122696356e-21	1.46196455608209e-19	20.3517316175495	up	70082
Cdca5	58.6891876361056	2.99369725449878	0.486635596536173	6.15182546407958	7.65961461947345e-10	7.04991781769499e-09	9.11579308060845	up	67849
Cadm4	158.786748262422	-2.99161010511237	0.338219471310728	-8.84517409219155	9.13857229425088e-19	2.37800470402831e-17	18.0391216481568	down	260299
Mxd3	39.9013625484916	2.98881482937807	0.546231511511312	5.47169975805429	4.45739535385265e-08	3.20028355457817e-07	7.35091884395246	up	17121
Npnt	83.4457389995961	2.98844882173791	0.583609002101993	5.12063523861758	3.04508146184945e-07	1.91746529200043e-06	6.51640108465394	up	114249
Azgp1	27712.818974782	-2.9872344573404	0.484895933265889	-6.16056818051796	7.24843983998811e-10	6.70393648217152e-09	9.13975546126336	down	12007
Lcn12	39.059709545872	-2.98468445934325	0.483812788624925	-6.16908963449729	6.8684286156695e-10	6.38929765330106e-09	9.16314261106326	down	77701
Laptm5	2033.41754819454	2.98389570784166	0.263628976876548	11.3185422300484	1.06223575534831e-29	8.34873947142327e-28	28.9737790841171	up	16792
Zcchc3	96.5231634322498	2.98374735893087	0.319773922414597	9.3308026383163	1.05072166094213e-20	3.31140692358457e-19	19.9785123145392	up	67917
Gm37795	118.576228947641	2.98245297607358	0.474032550422243	6.29166282656533	3.1408312335864e-10	3.07004295603755e-09	9.50295539893778	up	NA
Keg1	70.4569967532037	-2.98233418348031	0.624121341168696	-4.77845250075211	1.76649481096257e-06	9.79148649392495e-06	5.7528876339572	down	64697
Stxbp5l	8.58543168976236	-2.9789564266006	0.883474612210964	-3.37186421140675	0.00074661249025977	0.00252711726356866	3.12690474893219	down	207227
Tekt2	7.05497193616781	-2.97893760022093	0.828226353225487	-3.59676746413538	0.000322196270965892	0.00118175455118461	3.49187949032371	down	24084
Cd300a	428.527883881295	2.97882157864667	0.274813358518538	10.8394351522971	2.23848850794644e-27	1.39949138665638e-25	26.6500451308755	up	217303
Fermt1	89.9930957675836	2.97618171070998	0.434335495180171	6.8522645368309	7.26899735150557e-12	8.65091551301552e-11	11.1385254893801	up	241639
Pclo	36.584977608548	-2.97478737930301	0.594174949876399	-5.00658497959537	5.54042073118329e-07	3.33186575889024e-06	6.2564572543522	down	26875
Gm28876	58.7769756659496	-2.97469902989276	0.514781993617149	-5.77856076315109	7.53423341396017e-09	6.09832697012261e-08	8.12296092928478	down	102632344
Mug2	26879.4963326179	-2.97435478764421	0.669304867192418	-4.44394614986284	8.83237202241796e-06	4.34643893850448e-05	5.05392264660304	down	17837
Soat1	604.375474585838	2.97175288792374	0.261077479150813	11.3826473949026	5.10268021663599e-30	4.11118034525283e-28	29.2922016479135	up	20652
Gm39078	15.8307450817944	2.97142591910231	0.945457779224447	3.14284358793869	0.0016731521974529	0.00524299734974012	2.77646455186035	up	105243042
H1f3	81.3268242529367	2.96902806092894	0.495092901281554	5.99691099032843	2.01106216611373e-09	1.74830758784135e-08	8.69657450425017	up	14957
1700113B09Rik	12.106885492273	-2.9687448041209	0.860740362127787	-3.44905959421031	0.000562542536106814	0.00195564525641322	3.24984463322009	down	78638
Sh3rf3	5.36925419325418	2.96572562269556	1.15435598636601	2.56916034370979	0.0101945274782556	0.026036185572542	1.99163289919844	up	237353
Igfbp1	17835.2793186589	2.9651044689871	0.785950228211582	3.77263643746774	0.000161531582131461	0.000629773667852481	3.79174255318127	up	16006
C1qtnf6	224.885869848395	2.96355707802985	0.340456827132844	8.70464870094525	3.18559922695444e-18	7.83421439517685e-17	17.4968088627064	up	72709
Klf5	37.5458625628891	2.96342888754051	0.808583834266483	3.6649618282671	0.000247375475791594	0.000928912278050493	3.60664335748099	up	12224
Gm26903	6.5125227805223	-2.96263963992603	1.05723678029778	-2.80224798752422	0.00507478478415399	0.0140807831863971	2.29458237095883	down	NA
M1ap	12.327780131838	2.96062774317964	0.70601635852568	4.19342655085513	2.74772071420283e-05	0.000124699764489016	4.56102741224008	up	110958
Wdr31	14.7055145327151	2.95520402906825	0.866893891729903	3.40895703298945	0.00065211749879731	0.00223835553597879	3.1856741458604	up	71354
Mup6	12.1442996834808	-2.95463572935316	0.898257752175564	-3.28929610927051	0.00100438296695371	0.00331235823274545	2.99810066097379	down	620807
Ptgfrn	630.358635754962	2.95304162309198	0.287080668919675	10.2864523557253	8.11099008192114e-25	3.98431696473147e-23	24.0909261296519	up	19221
Acta2	797.633492741661	2.95255203437521	0.762653137049167	3.87142187049689	0.000108202339565947	0.00043643574584874	3.96576334875259	up	11475
Espl1	84.7722130573169	2.95247518938245	0.3476192664207	8.49341643166944	2.00649760315278e-17	4.49864394212277e-16	16.6975613547132	up	105988
Ehf	107.458084511707	2.95198677346553	0.533874112628238	5.5293686351133	3.21385359109374e-08	2.37748616020365e-07	7.4929739116512	up	13661
Cldn7	78.5569023526714	2.95161498715939	0.709357029409343	4.16097235212725	3.16895452678777e-05	0.000142274162666881	4.49908399271467	up	53624
AI467606	44.3235662510207	2.95145634774905	0.478195540177861	6.17207000017457	6.74016448459406e-10	6.27301147005042e-09	9.17132950496618	up	101602
Cybb	1143.95170772015	2.95132957284929	0.259385689544571	11.3781511155501	5.37266789676285e-30	4.31067054250272e-28	29.2698100038499	up	13058
Ly6a	1293.52479545629	2.95063496400174	0.228904366582453	12.890251977517	5.10766534478627e-38	7.56563106763111e-36	37.2917775655343	up	110454
Amdhd1	10638.7200174419	-2.94473608472209	0.222582971313037	-13.2298354512514	5.90164328210796e-40	9.23919049107894e-38	39.2290270444623	down	71761
Gm35986	92.7585185455816	-2.94463140620936	0.296827933410252	-9.9203311911333	3.39627348255965e-23	1.39442733859635e-21	22.4689973457589	down	102639747
Fcrl1	34.4784086555851	2.94410659389011	0.499181072945973	5.89787304337308	3.68217105194364e-09	3.10573306071953e-08	8.43389604060394	up	229499
C1ql4	6.71323130152058	-2.94162879664853	0.939216434140868	-3.13200311421226	0.00173618033675744	0.00541845843834706	2.76040516672232	down	239659
Abcg1	961.107234838328	2.94138650047543	0.234788823281217	12.527796082322	5.26042384681987e-36	6.93799462975091e-34	35.2789792621354	up	11307
BC035044	17.8870938139358	2.94097006209796	0.726168762681306	4.04998151013646	5.12216799406671e-05	0.000221265511227505	4.29054618188092	up	232406
Aspm	66.5692015848942	2.94017444375071	0.452122677629775	6.50304572016691	7.87098605106443e-11	8.26410618316775e-10	10.1039708572583	up	12316
Hopx	385.857034008835	-2.93899877003846	0.413167948353617	-7.11332711491712	1.13278360626735e-12	1.47683690739906e-11	11.9458530447524	down	74318
Gltp	604.01293267307	2.93885842165314	0.28803724732365	10.2030499491301	1.92142012069087e-24	8.95856315835917e-23	23.7163776657738	up	56356
Ebi3	22.3328097702646	2.93723918502935	0.650780218198268	4.51341190603689	6.37929540302382e-06	3.2225945516044e-05	5.19522728671413	up	50498
Gm45910	5.45247075476295	2.93385507157619	1.12339824723491	2.61158950425413	0.0090122393783198	0.0233629209147886	2.04516728129544	up	108167545
Chsy3	339.275740250134	-2.93278100695359	0.325613500354551	-9.00693922014957	2.11887436499118e-19	5.8622190764756e-18	18.6738947932697	down	78923
Eno2	10.8163159985148	2.93069536544282	0.971843929839566	3.01560289204731	0.00256468906221473	0.0076867987467024	2.59096528035721	up	13807
Treml1	9.33183185406149	2.93057733682664	1.24370039845879	2.35633705710655	0.0184561627092213	0.0437620821485981	1.73385858973721	up	71326
Fga	112485.071723108	-2.9301565337819	0.293605678351508	-9.97990417022482	1.86646957755978e-23	7.91646215539451e-22	22.7289790844441	down	14161
Ect2	158.650425148299	2.92982725025174	0.331076315826111	8.84940151318633	8.79898727662743e-19	2.29273746953637e-17	18.055567310291	up	13605
Uroc1	13773.3271233318	-2.92628379252351	0.577882147595081	-5.06380722211536	4.10965235744726e-07	2.53233490544014e-06	6.38619491428645	down	243537
Otulinl	271.757323442427	2.92613578712546	0.215266691529942	13.5930726966111	4.40204339164352e-42	7.77667408710896e-40	41.3563456808516	up	223433
Gm33447	26.1791495708666	2.92544655031013	0.614973161482653	4.75703125524552	1.96460760949586e-06	1.08427870818149e-05	5.70672417813733	up	102636359
Ptafr	180.647541414296	2.92508505343376	0.349387097353107	8.37204657983558	5.66260514313753e-17	1.21289348872365e-15	16.2469837209331	up	19204
Aldh18a1	237.042757077358	2.92491112216986	0.261398298727616	11.1894803310013	4.59116506201488e-29	3.36150092905545e-27	28.3380770931557	up	56454
Pou4f1	8.30567093311963	2.92442642402443	0.988446035902166	2.95861009888645	0.00309029828094851	0.00905459277205485	2.50999959969556	up	18996
Cln6	19.5034141233528	2.92437714842703	0.740621577070945	3.94854435647492	7.86278483168782e-05	0.000327931091009272	4.10442360881666	up	76524
Hoxa1	6.03637652107508	2.92407311631627	0.916964357794003	3.18886234940569	0.00142833874151968	0.004552164894239	2.84516878406765	up	15394
Mup21	2384.95289043968	-2.92180440206946	0.58418115245634	-5.00153828959387	5.68746680604169e-07	3.40964697438165e-06	6.24508112501527	down	381531
Evl	184.557780451196	2.92145053145745	0.31273479461642	9.34162293978421	9.48686209052984e-21	3.01450522137364e-19	20.0228774126645	up	14026
Mup18	642.249849912787	-2.92143212802183	0.637880479290751	-4.57990520617612	4.65186718527688e-06	2.41055851775273e-05	5.33237269323954	down	100048884
S100a11	633.501672823722	2.92020780474937	0.349276677298935	8.36072945761007	6.23316380085684e-17	1.32625195745082e-15	16.205291460165	up	20195
Cfhr3	1544.95694063999	-2.91812807110874	0.371541526473662	-7.85411014161724	4.02620362327803e-15	6.94078576274322e-14	14.395104264661	down	624286
Gm10556	10.3247623821498	-2.91712848369138	1.26921415803556	-2.29837373403272	0.0215405271231896	0.0499800446179225	1.66674367318792	down	100038439
Prag1	231.887262726069	2.9162412123764	0.254305127499225	11.4674888432412	1.92154648838913e-30	1.58803859143439e-28	29.7163491040923	up	244418
Hc	13818.0621231142	-2.91498392769981	0.347821062344804	-8.38069985770474	5.26139110337263e-17	1.13452796289522e-15	16.2788994138988	down	15139
Bmper	69.5691756394016	2.91203090473732	0.545482406603607	5.33845064384165	9.37442181660332e-08	6.41712998579856e-07	7.02805550862447	up	73230
Gcat	12.8046890537052	-2.90988256557565	0.903484267568096	-3.22073407366369	0.00127862730236184	0.00411176475188369	2.89325602636978	down	26912
Plxnb3	14.6406895392511	2.90976736669533	0.638591546227597	4.55653912721588	5.20033555616009e-06	2.66749231404951e-05	5.2839686322331	up	140571
0610043K17Rik	134.757825659706	-2.90969870964927	0.333221695913303	-8.73202058969866	2.50162668195654e-18	6.16001577848532e-17	17.6017774996238	down	68400
Srpx	33.0561722668059	2.90966699363394	0.779764077759638	3.73147093668868	0.00019036497509958	0.000732840455921133	3.72041295364182	up	51795
Ptpn7	48.5175536903658	2.90830778463433	0.368736281863324	7.88722978367594	3.08968200175581e-15	5.40862878416453e-14	14.5100862170119	up	320139
Ccdc146	14.3890846637635	2.90805460133462	0.761218787982081	3.82026120117659	0.000133310420585405	0.000528279482659662	3.87513590140492	up	75172
Pdlim4	75.1290276355131	2.90704675745651	0.3938813171944	7.38051446096322	1.57679048721835e-13	2.25242415592556e-12	12.8022260088206	up	30794
Id4	139.177235747702	2.90468419473305	0.302524466895958	9.60148521055655	7.88006354388789e-22	2.8309422313639e-20	21.1034702803977	up	15904
Dusp5	132.106739766626	2.90467813082	0.407478880803777	7.12841393176095	1.01532054344548e-12	1.33362976702498e-11	11.9933968264478	up	240672
Matn2	181.338462392301	2.90269437003571	0.291306101772339	9.96441321474348	2.1815827141435e-23	9.17217396147321e-22	22.6612283162022	up	17181
Tnfaip8l3	119.422582629736	2.90246549788538	0.497188311072861	5.83775892000011	5.29076363624958e-09	4.38566270252354e-08	8.27648164004902	up	244882
Slc48a1	9004.48698321184	2.90217071239955	0.309613516821013	9.3735271708996	7.01482645851648e-21	2.25882104155842e-19	20.1539830686187	up	67739
Pde6c	152.388998786037	2.8999307594386	0.439140120880787	6.60365705966965	4.01136883059664e-11	4.3763693032277e-10	10.3967074044036	up	110855
Fgg	69662.6837971146	-2.89907979454057	0.325058491350661	-8.91864040374552	4.7204740590795e-19	1.26246456224493e-17	18.326014384649	down	99571
Tnfsf8	6.17959620026596	2.89862527376475	1.20258360471575	2.41033160804641	0.0159380268405403	0.0385265685213963	1.79756544613364	up	21949
Aspdh	3152.80301104098	-2.89859891447352	0.762347911615462	-3.80219958670997	0.000143417116270716	0.000564521666171078	3.8433990142308	down	68352
Sirpb1c	40.6972367838375	2.89721768286076	0.443521547890618	6.53230422882469	6.47654265072597e-11	6.88257755421519e-10	10.188656770119	up	100038947
Dclk1	10.4075380753985	2.89674564954364	0.784794763791395	3.69108687161631	0.000223297851202029	0.000845755984017755	3.6511154561296	up	13175
Depdc1a	24.2666823761559	2.89436978543142	0.613009251454549	4.72157602607734	2.34024121580106e-06	1.27586876702903e-05	5.63073937622564	up	76131
Bhmt	63985.1288357378	-2.89398839028012	0.995561289271221	-2.90689123961278	0.0036504009268753	0.0105054730605157	2.43765943396343	down	12116
Nsun7	14.7560959836223	-2.8924931724219	0.946050411934289	-3.05744084663303	0.00223235696885188	0.00677725972205471	2.65123635758088	down	70918
Srms	52.9804437192583	-2.89206076701562	0.379915975470797	-7.6123694546715	2.69115964298487e-14	4.23373938605528e-13	13.5700605385756	down	20811
Frzb	217.987002153364	2.88578139653119	0.337656680504184	8.546495784482	1.2688206340412e-17	2.92253709678198e-16	16.8965997673079	up	20378
Dixdc1	630.869630421424	-2.88522703721239	0.315559941102973	-9.14319804702617	6.06322155617596e-20	1.77977735191653e-18	19.2172965619206	down	330938
Slc4a8	53.0879537146147	2.88419974893613	0.603208179689743	4.7814334189228	1.74049650686864e-06	9.6529380000756e-06	5.75932684399658	up	59033
Ccl7	24.423210304855	2.88323366177106	0.635493197454599	4.53700161279389	5.70596704003248e-06	2.90441716423118e-05	5.24367074133183	up	20306
Gprc5a	49.8601740846816	2.88322339602343	0.702719271743275	4.10295193537365	4.07912015285998e-05	0.000179496201241937	4.38943350209758	up	232431
Fos	123.70235989985	2.8822030915967	0.478596514269547	6.02219825189415	1.72063951996301e-09	1.50945943491607e-08	8.76431010636571	up	14281
Bcl2a1a	22.8697929655095	2.88195235864527	0.661418688195418	4.35722850001146	1.31719735075193e-05	6.29847335139787e-05	4.88034915144553	up	12044
Sema4g	13622.9342460338	-2.88124922326891	0.297992954095479	-9.6688501646443	4.08946780111998e-22	1.52906392191003e-20	21.3883332069256	down	26456
Lrrc27	80.566784973463	2.88040243250814	0.410997822660771	7.00831555228349	2.41204327607514e-12	3.03174316736965e-11	11.6176149044954	up	76612
Serpinf1	17645.6043511984	-2.88026769150619	0.556187736184262	-5.17858899814355	2.23570411704451e-07	1.44619056331547e-06	6.65058567343214	down	20317
Trim9	9.44213396684001	2.8798861610257	1.1059071654222	2.60409395206897	0.00921175011821209	0.0238191836009523	2.03565785140185	up	94090
Spic	122.201182544275	2.87884927394004	0.393884435883914	7.30886780910659	2.69402634802092e-13	3.74827827727535e-12	12.5695981611208	up	20728
G730013B05Rik	23.2173229295586	2.877243146439	0.549145839015276	5.23948820517051	1.61022537127806e-07	1.06295851043299e-06	6.79311333474298	up	619312
Col3a1	5996.80133537548	2.87660697329907	0.279496359684294	10.2921089081387	7.64826069303979e-25	3.76662168555433e-23	24.1164373174345	up	12825
Fxyd3	38.4852916333715	2.87553007432868	0.588948758184208	4.88247922144236	1.04760281318279e-06	6.01809062370159e-06	5.97980334401149	up	17178
Arhgap11a	225.591103023802	2.8725146643964	0.293367802269129	9.79151305009684	1.22449602124296e-22	4.82185999694365e-21	21.9120426216908	up	228482
Zfhx4	645.725890039964	-2.87130526762939	0.258169184169391	-11.1217970373469	9.8272346962593e-29	6.90632231062661e-27	28.0075686719043	down	80892
Sds	2590.75988170721	-2.87101157164737	0.228389877957911	-12.5706602994746	3.0615616658821e-36	4.1516501012835e-34	35.5140569885939	down	231691
Sorl1	221.579110573176	2.86832074308968	0.362895498469241	7.90398545914398	2.70124551523647e-15	4.75893720415311e-14	14.5684359411488	up	20660
Cd93	846.847099608421	2.86807139749364	0.299508657997384	9.57592149980081	1.00952979156527e-21	3.59325428214062e-20	20.9958808603543	up	17064
Grid1	35.5168297326514	-2.86744436944635	0.844184421441202	-3.39670372565157	0.00068202767311379	0.00232733029833052	3.16619800358869	down	14803
Celsr3	8.61118085369209	2.86679472894563	1.05670202332368	2.71296417123211	0.00666843161396501	0.0178908296881197	2.17597629824161	up	107934
Treml2	30.6364206388666	2.86433212641762	0.883208773976323	3.24309745420894	0.00118237760690798	0.0038329736024613	2.92724380399017	up	328833
Dram1	168.434219842797	2.86321440280748	0.305248676309753	9.37994043879821	6.60100066770323e-21	2.13269914190089e-19	20.1803902233187	up	71712
Tcf24	153.93963038382	-2.85621621464148	0.376477471958106	-7.58668559843952	3.28192128885882e-14	5.11299970374316e-13	13.4838718389515	down	100039596
Cd14	276.666943070703	2.85545124758409	0.330243053519418	8.64651418751549	5.3096440982031e-18	1.27484422387779e-16	17.2749345884038	up	12475
Cx3cr1	124.728921950336	2.8519317768251	0.357915096941823	7.96817960793832	1.61028717757272e-15	2.93355628111071e-14	14.7930966652642	up	13051
Cd180	249.818437178538	2.85135368451297	0.348778392387063	8.17525898034599	2.95231039301261e-16	5.80691408864666e-15	15.5298379846247	up	17079
Ncf4	230.120121827775	2.85032773296049	0.254287267771587	11.209085527321	3.6797542273881e-29	2.70725837505499e-27	28.4341811871019	up	17972
Mpeg1	4988.69685791993	2.84986290308189	0.273043695165631	10.4373876912014	1.67352634556893e-25	8.8538681028482e-24	24.7763674463506	up	17476
Gfpt2	79.5724411655154	2.84844065275135	0.436757786449391	6.52178562380687	6.94752673916279e-11	7.34738182292988e-10	10.1581697730647	up	14584
Cd8a	26.8750572018588	2.84769486334404	0.596713762906708	4.77229626726284	1.82137313954181e-06	1.00898622482788e-05	5.73960107241308	up	12525
Dok7	9.25395085882914	2.84763994330548	0.947599828982934	3.00510812286856	0.00265486455971362	0.00792221787724243	2.57595762993821	up	231134
Pglyrp2	3195.87308281468	-2.84482831516656	0.556626668334334	-5.1108372577252	3.20734189101782e-07	2.01043539887497e-06	6.49385474338669	down	57757
Akr1c20	2009.98435785663	-2.84433837320469	0.662472686195752	-4.29351795549232	1.75864084865812e-05	8.25155657450309e-05	4.75482284352821	down	116852
Mup-ps7	51.236733874424	-2.84381008084366	1.16630164757708	-2.43831438183382	0.01475593469528	0.0360035831845302	1.83103327547982	down	620982
Prrg4	33.1858895811332	2.84182899134907	0.51813376113776	5.48474005073275	4.14077853325828e-08	2.9975500540008e-07	7.38291799682337	up	228413
P2ry10	20.8836132587516	2.84176445032552	0.552975080724369	5.13904613315116	2.7613660525152e-07	1.75603912507374e-06	6.5588760185509	up	78826
Adamdec1	183.481726473742	2.84119634842707	0.345377859612979	8.22634187266906	1.93017604321327e-16	3.87969414280948e-15	15.7144030790184	up	58860
Arhgap25	291.970545938944	2.84101246056366	0.310531146470086	9.14888085417011	5.75263947181711e-20	1.69377409280291e-18	19.2401328431319	up	232201
Tiam2	425.905089217097	-2.84006584156663	0.273353257937255	-10.3897274281565	2.76141125620199e-25	1.42175762431619e-23	24.5588689091888	down	24001
Serpinb9b	8.3281997782853	2.83947988937343	1.03142008946712	2.75298098065982	0.00590553269701332	0.0161003734409866	2.22874092160017	up	20706
Sectm1a	97.6207231012785	2.83924354689052	0.520702870593891	5.45271345182369	4.96069713613531e-08	3.53920652291299e-07	7.30445728699734	up	209588
Stc1	14.3196424992548	2.83883497782432	0.813256881140749	3.4906989951838	0.000481758692061362	0.00169779380935827	3.31717044090659	up	20855
Gm45425	23.9796044766905	-2.83873991250481	0.804487096447367	-3.5286332435172	0.0004177116016908	0.00149118550281017	3.37912346229695	down	NA
Ppm1j	22.0701673527712	2.83761014232436	0.516335032345146	5.49567618806764	3.89216125682481e-08	2.83891883187191e-07	7.40980917469906	up	71887
Gabrb3	150.471552989381	2.83729394381489	0.430644801501349	6.58847833277747	4.44357083141247e-11	4.8151603787101e-10	10.3522678926992	up	14402
Olr1	16.637445953219	2.83434245893467	0.747599036229308	3.79126018303922	0.000149884833315087	0.000587697485301427	3.82424231071951	up	108078
Gm47431	19.6376287254199	-2.83369905428583	0.670948547414192	-4.22342229550505	2.40620354718002e-05	0.000110250232509465	4.61866763731288	down	NA
Kcnj10	152.657580884008	2.83242101192779	0.361364453948174	7.83812846277903	4.57311042327551e-15	7.83450305254388e-14	14.3397883119278	up	16513
Cenpu	30.1548617514512	2.83197474220555	0.605671653138195	4.67575909741211	2.92868247855773e-06	1.57175891324157e-05	5.53332771103786	up	71876
Sele	12.380306196222	2.83197340661262	0.923580166514615	3.06629950413493	0.00216726103708392	0.00659911108951421	2.66408877666469	up	20339
Knstrn	97.795990587452	2.82990665278023	0.28973797707264	9.767123665914	1.55812824228539e-22	6.06127624918129e-21	21.8073968004344	up	51944
Selenbp1	59249.9409996724	2.82960101231848	0.20977405298218	13.4888036537047	1.8203029420354e-41	3.10192508423307e-39	40.7398563289897	up	20341
5430427O19Rik	22.2840530654941	2.82845590510667	0.724441039712135	3.9043286479609	9.44873095495343e-05	0.000386705129157456	4.02462651702203	up	NA
Ankrd1	67.4489726538758	2.8279526423446	0.460257878840404	6.14427861500054	8.03277380450893e-10	7.37620850641984e-09	9.0951344621959	up	107765
Gm8113	44.3601661954322	2.82691894709536	0.589142516690308	4.79836180042898	1.59968625753294e-06	8.93893168167568e-06	5.79596518608354	up	666451
Atp6v0d2	253.880032718703	2.82592820136457	0.502860338579831	5.61970786828309	1.91280613303938e-08	1.45527439343367e-07	7.71832904440959	up	242341
Hcar2	29.0477231084721	2.82325942430645	0.71967682795446	3.92295446322901	8.74696884617969e-05	0.00036135261162121	4.05814242028569	up	80885
Lrrc8b	162.820879564419	2.8230268342692	0.269251745931435	10.4847113414377	1.01555297559625e-25	5.50858819664266e-24	24.9932974170065	up	433926
Jazf1	156.492082258552	2.82168694643115	0.405029686751636	6.96661760539396	3.24651519790659e-12	4.01508649010207e-11	11.4885825597244	up	231986
Pstpip1	71.7629780454994	2.82057929685505	0.484185968186601	5.82540486957694	5.69743063171891e-09	4.70655187663575e-08	8.24432095380798	up	19200
Aldh1a2	30.0120916316854	2.82042444641154	0.5669270248464	4.97493385004127	6.52699248364533e-07	3.87912861929242e-06	6.18528688742862	up	19378
Mab21l3	30.4944239429554	2.81991055110324	0.574940479163192	4.90469997034742	9.35702527038366e-07	5.43362118837478e-06	6.02886219762874	up	242125
Slco4a1	25.625430582554	2.8196484420088	0.584884709570612	4.82086195086006	1.42939252093673e-06	8.06693504781878e-06	5.84484849460396	up	108115
Ccne1	99.2931537532194	2.81932669417947	0.288546887278585	9.77077493633638	1.50298009820495e-22	5.87046344240051e-21	21.8230467701097	up	12447
Ms4a4c	57.6347730669785	2.81864245690189	0.38139502303877	7.39034934028327	1.46443547126356e-13	2.1154665742424e-12	12.8343297602689	up	64380
St8sia4	78.2861422500565	2.81566677199692	0.396490120258968	7.10148028444657	1.23427621603026e-12	1.59833374686474e-11	11.9085876395945	up	20452
Uox	27304.4721012139	-2.81565196913045	0.303509455700782	-9.27698269771962	1.74345770731072e-20	5.33736432622816e-19	19.7585885832489	down	22262
Card9	9.17715025982588	2.81465548843321	0.858241856996753	3.27955979481417	0.00103969175026585	0.00341526856757408	2.98309540204912	up	332579
Pxdc1	3217.68805514397	-2.81390267423523	0.300409341036995	-9.36689473277296	7.46978237526865e-21	2.39730215696955e-19	20.1266920507411	down	66895
Cfap53	9.05534792061315	2.81368475509446	0.84265029061441	3.33908952080571	0.000840534722734455	0.00281386241672021	3.07544434102226	up	74453
Fasn	23066.1794815225	-2.81361222126971	0.674144179583529	-4.17360604226814	2.99816014425175e-05	0.00013517342949593	4.52314517338656	down	14104
Tmem156	31.1351189023467	2.81334316310543	0.711875196989089	3.95201739715698	7.74951051739769e-05	0.000323838052350282	4.11072572798487	up	243025
Bdh2	393.996593817919	-2.8132890585422	0.844515114804944	-3.33124772928663	0.00086457624197762	0.00288681812303122	3.06319670278315	down	69772
Nme5	14.1054058690363	2.81247936509866	0.684078668504082	4.11133908216855	3.93370992605533e-05	0.000173732840220462	4.40519766835116	up	75533
Rasgrp4	63.6775950347742	2.8109181811492	0.451245752706052	6.22924019626236	4.6870271805645e-10	4.45695779698518e-09	9.32910252795302	up	233046
Kcnj8	515.89463257839	2.80900341764989	0.360970326324047	7.78181255577286	7.14927437716216e-15	1.20023040459141e-13	14.1457380351201	up	16523
Grb14	1656.08678399604	-2.80748260077569	0.342950409362066	-8.18626403157816	2.69460224143795e-16	5.32177033447478e-15	15.5695053332964	down	50915
Kif20a	104.532603455828	2.8071630375896	0.437516277995944	6.41613393322847	1.39778486026728e-10	1.42713389550937e-09	9.8545596677812	up	19348
Bambi-ps1	7.70377158013383	2.80564391766427	1.12234028180606	2.4998157538723	0.0124257911822932	0.0309896431817431	1.90567594906024	up	81913
Gm37336	75.3811112695504	-2.80458489277238	0.704366909764419	-3.98171017674638	6.84211799909781e-05	0.000289056218057542	4.16480944024813	down	105244023
Nlrp1a	14.3076137100337	2.80352167833044	0.765349301385888	3.66306165466388	0.000249218522508969	0.000935103637847371	3.60341968302211	up	195046
4933405D12Rik	32.6227077807475	-2.80172843305193	0.428836314192528	-6.53332831275591	6.4323923046837e-11	6.83943380557644e-10	10.1916274762988	down	74057
Cd5l	7333.76890933304	2.80021481031133	0.270899244830005	10.3367390782818	4.80614138832989e-25	2.40381970321248e-23	24.318203457155	up	11801
Epcam	241.901468593527	2.7994901047997	0.684233098438629	4.09142748456328	4.28726009437974e-05	0.000187839545796078	4.36782016843072	up	17075
Krt7	147.59082010565	2.7994081225182	0.76933283470503	3.63874775160418	0.000273966984403606	0.0010194218843818	3.56230177059296	up	110310
Wipf3	626.182654642148	2.79739317730228	0.306333253412187	9.13186259128795	6.733073997673e-20	1.97339532571067e-18	19.1717866125327	up	330319
Haao	15684.0485669065	-2.79570732237027	0.528091259041532	-5.29398522415308	1.19679107241204e-07	8.08610838258467e-07	6.92198165913256	down	107766
Ces1d	19259.1600587351	-2.79493357782504	0.48129543586227	-5.80710592615064	6.35619266217301e-09	5.21494869632738e-08	8.19680294739126	down	104158
Gls2	12503.7534430609	-2.79437907002512	0.614060736680577	-4.55065582784315	5.34789637121979e-06	2.73880565223958e-05	5.2718170168632	down	216456
Cdkl3	71.5826383929687	2.7942972740916	0.362402638996727	7.7104771693366	1.25348177625131e-14	2.05596636145615e-13	13.9018819756515	up	213084
Rasa4	193.107402210056	2.79331073548078	0.355445178717491	7.85862603498953	3.8836982217698e-15	6.7090600176389e-14	14.410754523798	up	54153
Gm3604	15.8009342993029	2.79114289627343	1.03558163268046	2.69524179281642	0.00703375692478445	0.0187307458641473	2.15281264427169	up	100041979
Stambpl1	103.373558134474	2.78863621755878	0.338639881129032	8.23481336061602	1.7983778494749e-16	3.63755922998831e-15	15.7451190552603	up	76630
Gm15962	88.5366554800647	-2.78599826027819	0.628537531144917	-4.43250899465516	9.31428155531276e-06	4.56136498258453e-05	5.0308506382016	down	NA
Sult1c2	70.6803371131456	-2.7829276712623	0.638878368882107	-4.35595851543979	1.32485868825258e-05	6.32725171155547e-05	4.87783044186678	down	69083
Clec4a1	205.887701523325	2.78292117799263	0.297750125356955	9.34649876186061	9.059712950878e-21	2.88353442284474e-19	20.042885562348	up	269799
Sc5d	16079.117117581	-2.78256645019181	0.604499862575579	-4.60308863981571	4.16270953155642e-06	2.17759127247081e-05	5.38062389255866	down	235293
Cfh	13840.4380547337	-2.78105092822797	0.35327904619719	-7.87210834654392	3.48713954399367e-15	6.04940171703983e-14	14.4575306732223	down	12628
Spatc1l	8.40138774514742	-2.77743443036531	0.845498890119898	-3.28496519962486	0.0010199496856674	0.00335729079439511	2.99142125154785	down	76573
Syne4	71.9741307534547	-2.77450562612133	0.362791215273715	-7.64766485326292	2.04661783812187e-14	3.26239015652936e-13	13.688963244924	down	233066
Kif17	11.6391286877708	2.77374916980251	1.12405263555666	2.46763281545875	0.0136009754756809	0.0335425696413565	1.86642994247441	up	16559
Tmem132a	278.397378149049	2.77354727509356	0.321302761861088	8.63219244997551	6.01870057639462e-18	1.43435765221602e-16	17.2204972618013	up	98170
Adap1	204.22635373485	2.77164126519118	0.315119406720943	8.795527048087	1.42378088217643e-18	3.61216398777199e-17	17.8465568428508	up	231821
Msrb3	2063.14616279665	2.76977330573068	0.167532404959307	16.5327615657606	2.13150261753509e-61	8.37637028637872e-59	60.6713141296927	up	320183
Gcnt1	69.3864086748748	2.76923686533106	0.335574575577037	8.25222489090308	1.55472496625454e-16	3.16467060784329e-15	15.8083464273461	up	14537
Fxyd5	359.378109581966	2.76600974705408	0.259667073553213	10.6521389454765	1.70403926205466e-26	9.94332728185591e-25	25.7685204030568	up	18301
Ffar4	16.9627286295436	2.76542695215683	0.909305956216541	3.04125023403924	0.00235597940552904	0.00710965983903263	2.62782851019401	up	107221
Npr2	910.512124709502	-2.76519718122023	0.224389056731831	-12.3232265489887	6.7921321321018e-35	8.38392925229181e-33	34.1679938740473	down	230103
Cd48	274.216766816706	2.76439546453229	0.30852621537445	8.96000186297692	3.24672923517154e-19	8.80549551443143e-18	18.4885539283663	up	12506
Gm13856	7.30946810745052	-2.76276147980338	0.957436621088311	-2.88558158206125	0.00390691189195143	0.0111536687014702	2.40816638280408	down	100534641
Cyp2c67	6071.27870192085	-2.7623772647556	0.364605692348951	-7.576341573164	3.55435264966473e-14	5.52402055060081e-13	13.449239485308	down	545288
Clec5a	12.7414259372943	2.76045718329935	1.18728211414959	2.3250221243976	0.0200707772031436	0.047057455962953	1.69743580994892	up	23845
Neurl3	1167.35199373791	2.76042249919678	0.202175042969886	13.6536263756746	1.9207710797199e-42	3.6261145010869e-40	41.7165243918997	up	214854
Gchfr	2273.94362752688	-2.75767182937172	0.327897629312329	-8.41016092478358	4.09448565577267e-17	8.96967187571769e-16	16.3878006460133	down	320415
Mgat4a	143.325158412315	2.75670638631614	0.261223363441705	10.5530621380707	4.91680344344487e-26	2.71283573372419e-24	25.3083171529328	up	269181
Snx20	136.086980227764	2.75573170126481	0.419122704170246	6.57499981233526	4.86532293850741e-11	5.2426781479518e-10	10.3128883279019	up	71607
Chic1	176.19523370225	-2.75550440598352	0.978630713592145	-2.81567333592997	0.00486751313169072	0.0135799526027002	2.31269286815654	down	12212
Strip2	20.8435724517332	2.75524426018815	0.725616103528697	3.79711013411817	0.000146392759355798	0.000575176285279585	3.83448040312453	up	320609
Mpz	40.5909938693587	2.75331374151995	0.587886476479003	4.68341057615446	2.8214057235588e-06	1.51841779242169e-05	5.54953445697368	up	17528
Rgs14	44.9032883829256	2.7529848801775	0.478642258572329	5.7516544577342	8.83742869910926e-09	7.08171148689338e-08	8.05367407709415	up	51791
Cyp2u1	1051.20876819362	-2.75042325638119	0.32770423600671	-8.39300489336632	4.73871872528102e-17	1.03222587979651e-15	16.3243390688241	down	71519
Lrrc8e	13.4299772046462	2.74998624311549	0.989885778219109	2.77808440491282	0.00546804122939061	0.0150375038436369	2.2621682194829	up	72267
Kcnab2	89.6588887043843	2.74894359491424	0.386705540324736	7.10862221577124	1.17207083396235e-12	1.52392950565692e-11	11.9310461409891	up	16498
Adamts15	167.675707877693	2.748600056763	0.334677614313695	8.21267972284134	2.16305948535515e-16	4.33422200312162e-15	15.6649315370536	up	235130
Selplg	327.967965125084	2.74638818468446	0.312515696836353	8.78800077079837	1.52244926924681e-18	3.85740567481796e-17	17.8174571699287	up	20345
Csf2rb	893.016349174082	2.74552542234816	0.286786790911269	9.57340264390913	1.03443924687703e-21	3.67512216565757e-20	20.9852950105766	up	12983
Gm13056	10.7439465106798	2.74517734672241	0.893210626175692	3.07338187239887	0.00211647461897061	0.00645979319430942	2.6743869352727	up	100503810
Trpv2	191.271684333427	2.74517216513503	0.340012575193049	8.073737165681	6.81785551981942e-16	1.29090094286768e-14	15.1663522063353	up	22368
B930094E09Rik	24.2366934704422	2.74476234778554	0.705587586041036	3.89003775305354	0.000100228627670617	0.000407517410140496	3.99900821595727	up	654823
H2-Aa	2601.31973786081	2.74359630182458	0.275612496229102	9.95454248033796	2.40928502786045e-23	1.00635992400175e-21	22.6181118182231	up	14960
Ccdc38	11.8267305495059	-2.74022789018687	0.734662415860442	-3.72991435389749	0.000191544868769024	0.000736793446467505	3.71772947769368	down	237465
Gm10644	37.0952881903955	-2.7401723851667	0.56552552052344	-4.84535584288124	1.26384951261383e-06	7.18744424539041e-06	5.89830463470255	down	100126034
Tnfrsf19	636.631753963483	2.73832904716712	0.201626031970557	13.5812276837695	5.17516587034052e-42	9.05936309084336e-40	41.2860757259833	up	29820
Myc	571.904337195146	2.73832199841536	0.333688341825366	8.20622615532803	2.28249297599134e-16	4.55457873012324e-15	15.6415905502637	up	17869
Zfp981	25.0238248081031	2.73585220619344	0.502526805999033	5.44419158049592	5.20411869145568e-08	3.70463990841666e-07	7.28365280694972	up	100041433
Runx3	51.4911760857144	2.7351749943891	0.373422964570969	7.32460307450982	2.39606838748563e-13	3.3506676012653e-12	12.6205007906718	up	12399
C6	3703.41395291399	-2.73513526502943	0.272157134383954	-10.0498385655794	9.20180382344937e-24	4.00882204579957e-22	23.0361270298521	down	12274
Gm37233	10.2785923265614	2.7350252557595	0.869853296886774	3.14423738525591	0.00166520298266431	0.0052206363780827	2.77853281988862	up	118567733
Lum	971.872402123748	2.73049370089087	0.287944588786013	9.48270537884652	2.47774272354045e-21	8.29763719730347e-20	20.6059437905941	up	17022
Trnp1	7.3305362905649	2.72874496284068	0.769778492645933	3.54484437914244	0.000392844949888656	0.0014105206703442	3.40577882543772	up	69539
Plg	48791.2671911533	-2.72712386405237	0.245559559186776	-11.1057532155695	1.17621426716737e-28	8.2360661558454e-27	27.9295135570251	down	18815
1700066B19Rik	20.7574998621529	2.72678871870101	0.594597095528551	4.58594355607658	4.51940695752845e-06	2.34977581481043e-05	5.34491855013785	up	NA
Insig1	10863.3845430263	-2.72593011188534	0.675407271477808	-4.0359798109975	5.43748920608385e-05	0.000233402345413176	4.26460159215094	down	231070
Pacrg	28.5920160041305	2.72519398345644	0.557513433084482	4.88812254868752	1.01802155452022e-06	5.8586440686914e-06	5.99224302660624	up	69310
Zfp382	17.4646221984907	2.72502861893094	0.683118983484508	3.98909807048677	6.63249983168552e-05	0.000280878418207469	4.17832275236682	up	233060
Havcr2	40.9554368908766	2.72407833472963	0.456222247998474	5.97094584203342	2.35882042679562e-09	2.03137057863938e-08	8.62730511999623	up	171285
Ackr3	228.622292536702	2.72397129035783	0.347202390934554	7.84548540413501	4.31282007229241e-15	7.41496993857703e-14	14.3652386599251	up	12778
Apon	8943.62569945112	-2.72367440288053	0.541085129364046	-5.03372621990509	4.81036546608691e-07	2.930351072919e-06	6.31782192697848	down	28194
Fam83c	20.5669576197686	2.72354843773624	0.877674005411362	3.10314356007357	0.00191476732790517	0.00590499033730652	2.71788399158885	up	71405
Mcm6	790.600275882236	2.72261666937223	0.225992568098416	12.0473725852196	2.0023107976686e-33	2.11189767098178e-31	32.6984685106547	up	17219
Gdpd1	102.513929708977	2.72243843188027	0.364645379067878	7.46598911753521	8.26761799292553e-14	1.23507565610376e-12	13.0826195982515	up	66569
AB124611	350.945531846644	2.72219129441097	0.256657570815867	10.606315978748	2.78515103803495e-26	1.59142042695552e-24	25.5551512481719	up	382062
Hpgds	153.704317331151	2.72120866196435	0.314112899255658	8.66315477146177	4.5888471458371e-18	1.10869310715482e-16	17.3382964083818	up	54486
Reln	5919.54408917189	2.72104999776554	0.248899797127979	10.9323110310389	8.07648998805533e-28	5.25408416249978e-26	27.09277734096	up	19699
Fhad1os2	5.03758843837786	-2.7185559339598	1.1632508418145	-2.33703328313887	0.0194374535368887	0.0457284795731618	1.71136063176141	down	102638933
Ccn5	80.1733608935831	2.71806304904845	0.474097000756816	5.73313698401281	9.85899444979806e-09	7.85131501758939e-08	8.00616737787559	up	22403
Ncaph	128.812231538597	2.71692367387101	0.28276004637732	9.60858405803731	7.35534627533353e-22	2.64737472668827e-20	21.1333968767194	up	215387
Morc1	5.14391290509952	2.71500178711548	1.11474363100393	2.43553917834037	0.0148696142447795	0.0362396268696966	1.82770029802389	up	17450
Lrp8	22.5021777336393	2.7145986985033	0.596690029492925	4.54942862177571	5.37917760674188e-06	2.7533610844078e-05	5.26928411618394	up	16975
Clec2d	2409.61289381562	-2.71365593883017	0.228984497146293	-11.8508282117303	2.13074429740127e-32	2.0311689203346e-30	31.671468665204	down	93694
Kif15	59.5363350320271	2.71359002959495	0.368721854200229	7.35944994494787	1.84669586515443e-13	2.61278292280777e-12	12.7336046232177	up	209737
Ntn3	133.857199267339	-2.71324436897527	0.509041946755361	-5.33009978110747	9.81588207373374e-08	6.70027030173048e-07	7.00807066778659	down	18209
Hmgb2	662.146584987628	2.71268336274967	0.205767840818513	13.1832231507073	1.09606071904717e-39	1.67505914333113e-37	38.9601653863474	up	97165
Ltbp2	185.09475269123	2.71234657567865	0.427039078017531	6.35151843309127	2.131998619688e-10	2.12603653136779e-09	9.67121308081905	up	16997
Thbs2	203.676280052562	2.71185037581765	0.430684720705085	6.29660223696352	3.04240644972623e-10	2.98292151710429e-09	9.51678276691624	up	21826
Mbp	131.754331970277	2.71172619559704	0.313496581291887	8.64993865139548	5.15271231573694e-18	1.24128061363752e-16	17.2879641042255	up	17196
Mcm10	1111.15067800118	-2.71052058311723	0.197203529438051	-13.744787382057	5.47336126863852e-43	1.07545963866228e-40	42.2617458853495	down	70024
Gprc5b	61.433402194756	2.71019539677547	0.546991789012462	4.95472775134057	7.24316323425713e-07	4.27835433248022e-06	6.14007172728882	up	64297
Cdca2	88.6669309331958	2.70978473424173	0.341794440793991	7.92811237054318	2.22501936913209e-15	3.98187481152487e-14	14.6526662040671	up	108912
Mir155hg	4.49774587194488	2.70935437215133	1.05831421263464	2.56006613140579	0.0104652246685114	0.026634729872701	1.98025144374695	up	100653389
Cd44	983.044398024199	2.70792288513317	0.268342879406795	10.0912790796587	6.03775825873407e-24	2.66658424381154e-22	23.2191242793552	up	12505
Slc2a4	20.2740678279638	-2.7052967730899	1.14492241006187	-2.36286472281009	0.0181342877120084	0.0431263238461695	1.74149949819325	down	20528
Nrp1	3817.47780008457	-2.7025087354041	0.197828760343769	-13.6608485576512	1.73944894021346e-42	3.34948287927503e-40	41.7595883150101	down	18186
Pof1b	10.9519931113424	2.70066248336055	1.16989270163604	2.3084702379832	0.0209729963281109	0.0488929803019496	1.67833951918629	up	69693
Htatip2	8386.93893988694	2.69964222498915	0.12428226304777	21.7218624668227	1.27503842147707e-104	2.04601165366354e-101	103.894476728184	up	53415
H2-Eb1	1824.42712470574	2.69869311364226	0.248055346321312	10.8793991085625	1.44512437580654e-27	9.15372203306934e-26	26.8400947733905	up	14969
Dexi	1763.75511680724	-2.69855983219777	0.195965820626074	-13.7705637828902	3.83210879627645e-43	7.60732855475251e-41	42.4165621694913	down	58239
Tyrobp	821.593917536079	2.69840995163139	0.273305291565712	9.87324444460161	5.43767506033806e-23	2.19054123351192e-21	22.2645867481495	up	22177
Zfp454	38.1265008776852	-2.69731990448657	0.584146139417641	-4.61754297850131	3.88310276295489e-06	2.04074854812935e-05	5.41082111607417	down	237758
Gstm2	15786.2268716119	2.69563329811981	0.227666091736961	11.8402932889728	2.41606583882617e-32	2.29181102425797e-30	31.6168912351795	up	14863
Ncs1	26.9852520787119	2.69528029905087	0.661602075248548	4.07386917285336	4.62384623880955e-05	0.000201897467515911	4.33499661635804	up	14299
Enpp3	1956.41352621163	-2.692789156088	0.197313588585749	-13.6472565087313	2.09622889819977e-42	3.89039296026004e-40	41.6785612962125	down	209558
Gm26737	18.085998366077	2.69268374943419	0.614652523412961	4.38082273620648	1.18232029591808e-05	5.69596187595662e-05	4.92726485517531	up	NA
Spata3	26.2790521386141	-2.69229449917599	0.697065731181127	-3.86232514201221	0.000112312949906133	0.00045140850832655	3.94957016583535	down	70060
Gm11827	56.3891458593336	2.69191868600585	0.441360953776319	6.09913193039299	1.06646023882603e-09	9.63215682872137e-09	8.97205533185108	up	100503518
Hey1	55.7493953367582	2.6915400063402	0.480173599606942	5.60534775036242	2.0783724814649e-08	1.5750153680869e-07	7.68227661647652	up	15213
Sirpa	2064.41044644273	2.69021590446807	0.189372913609831	14.20591706167	8.41932201016036e-46	1.90732311326645e-43	45.0747228798901	up	19261
Gm4788	5205.05779138325	-2.68985419205805	0.351127431301656	-7.66062105169784	1.85036087537998e-14	2.96921241802641e-13	13.7327435630013	down	NA
Tagln2	2058.16599859269	2.68977787625818	0.233024540764385	11.5428952995035	8.01801585485875e-31	6.86199614671823e-29	30.0959330893089	up	21346
Chaf1a	170.60949494623	2.68970068787681	0.237709086202489	11.3150941381585	1.10483657054765e-29	8.64826544815669e-28	28.9567019588644	up	27221
Gm48488	9.90039131292001	-2.68871802343683	0.920200198547644	-2.92188376798923	0.00347921353504155	0.0100639531066186	2.45851891582144	down	NA
Slc16a3	67.8484307267847	2.68826146878496	0.449059237365545	5.98642950661909	2.14497489311343e-09	1.857177902059e-08	8.6685777868574	up	80879
Gm12247	50.9670326405003	-2.68825103676792	0.353603440139075	-7.60244593692474	2.90585387530841e-14	4.55660604421325e-13	13.5367262285593	down	667947
Enpep	2141.8839080997	-2.68801421513076	0.506051245277851	-5.31174310944515	1.0858159468266e-07	7.36213798313134e-07	6.96424378437131	down	13809
Slc7a1	218.985265726598	2.68791766120022	0.384545759245478	6.98985126366811	2.75177816731641e-12	3.43856199804315e-11	11.5603865793731	up	11987
Mlkl	687.951494416136	2.68623828054653	0.217319409407561	12.3607840085225	4.25981690987041e-35	5.39651542213583e-33	34.3706090667991	up	74568
Gm15283	59.7192764096895	-2.68561216842144	0.571937394892658	-4.69564010397585	2.65773127287196e-06	1.43756385928153e-05	5.57548893332889	down	102637576
Tmie	1052.497880488	-2.68532490540624	0.277747903839856	-9.66820943842135	4.11514735203665e-22	1.53568367075228e-20	21.3856146092899	down	20776
Gm13522	124.912867279491	-2.68337182642511	0.586350711232797	-4.57639391411899	4.73059423777725e-06	2.4447751648588e-05	5.32508430155018	down	108168754
Dgcr6	15.1471732806677	2.68319941338745	0.759823351785921	3.5313463413315	0.000413450002183273	0.00147734148117296	3.38357700144097	up	13353
Ncf1	61.206318984423	2.68276504025956	0.361680918534826	7.41749122714983	1.19359591824939e-13	1.74516955214961e-12	12.9231426750296	up	17969
Prodh2	9566.48823789583	-2.68233378783878	0.339737307015244	-7.89531715372791	2.89577917703425e-15	5.08506306163252e-14	14.5382345591365	down	56189
P2ry10b	26.7613027183077	2.68160450969734	0.665976270563285	4.02657666380399	5.65947927056532e-05	0.000241906621163165	4.2472235264661	up	213438
Klre1	11.1144679686513	2.68083201526251	0.76654296502917	3.49730170070831	0.000469989979140827	0.00165966019408321	3.32791140174564	up	243655
Mfsd9	4.79207530301975	-2.68079548821472	0.927034242812015	-2.89179769679591	0.00383044507316536	0.0109597400191489	2.41675076086437	down	211798
Col5a3	1623.51097383868	-2.6784929488863	0.378088477295912	-7.08430198149087	1.3974687648137e-12	1.79997715954867e-11	11.8546578903615	down	53867
Gm42903	14.2958907057906	2.67841125103999	0.886057180665542	3.02284244119342	0.00250412583932952	0.0075225346586785	2.60134385040043	up	NA
D630045J12Rik	675.809733804679	2.67757894288763	0.215379574678844	12.4319074679213	1.75398452751312e-35	2.26676013837534e-33	34.7559742420106	up	330286
H4c11	17.0934766774188	2.67743635760003	0.704091828812358	3.80268062777586	0.000143138832510293	0.000563541475939113	3.84424252936328	up	319159
Sema3g	17.6994851592794	2.6774080074651	0.753659780181464	3.55254197964556	0.000381528136109135	0.00137475781978247	3.41847342912099	up	218877
Arl5c	41.8333702437372	2.67723313686442	0.461077803749159	5.80646718426923	6.38047708585245e-09	5.23264338863607e-08	8.19514684666965	up	217151
Gm49645	16.9342046364079	-2.67604465071699	0.706547456265847	-3.78749456527673	0.000152174012469981	0.000596309072877891	3.81765950791062	down	NA
Gm44066	9.45717908337007	2.67521512249464	1.08852058750538	2.45766148403822	0.0139844923166057	0.0343871005042215	1.85435329533456	up	115490435
1700112J16Rik	7.30852956317445	-2.67501534947474	1.10161816232118	-2.42826002781065	0.0151714614980873	0.0368633012753525	1.81897258071744	down	76628
Cd84	581.872154376044	2.67282491463424	0.277188060026933	9.6426408640204	5.28115181953551e-22	1.93305005076218e-20	21.2772713474824	up	12523
Gm5141	11.5075000024204	2.67139229551947	0.866635007458944	3.08248832845127	0.00205277780263152	0.00628730545052846	2.6876580571143	up	380850
H2-DMb1	342.581776214465	2.66783617580568	0.229587637404127	11.6201212137118	3.25673864886784e-31	2.86355065856617e-29	30.487217091883	up	14999
C1qb	3668.03575105735	2.66585142022201	0.233045604303425	11.4391834516264	2.66380762816574e-30	2.19206323452818e-28	29.574497141755	up	12260
Cyp2d26	26510.3566326054	-2.66152373492824	0.741550467632488	-3.58913364780897	0.000331778726602869	0.00121228295246012	3.47915146404757	down	76279
Fstl1	912.854269499471	2.66079696881685	0.297963900378344	8.92993065749999	4.2627590195796e-19	1.14482130656938e-17	18.3703092180038	up	14314
Arl2bp	689.982917094983	2.66000878005326	0.228676973272684	11.632167165696	2.82824672868394e-31	2.50971055334276e-29	30.5484827065329	up	107566
Cyp4f16	285.941374522665	2.65874913178309	0.254383912625833	10.4517188384227	1.43893392827991e-25	7.6753772085756e-24	24.8419591471629	up	70101
1110013H19Rik	27.4450999783679	-2.65869849836601	0.44698298369065	-5.94809779203152	2.71276514984113e-09	2.32164469890404e-08	8.56658780245767	down	68522
Acly	11753.1273977728	-2.65464231480738	0.486039831218268	-5.46177935284331	4.71385746004822e-08	3.36934072942422e-07	7.32662355402435	down	104112
Hcst	30.4597250588531	2.6534496901645	0.578060423336111	4.59026354866308	4.4268669209126e-06	2.30700269090915e-05	5.35390353344966	up	23900
Cd247	64.4557666889005	2.64935587687243	0.321981519622289	8.22828552390319	1.89911968467796e-16	3.82525613474465e-15	15.7214476646694	up	12503
Gm15931	24.6274478566791	2.64853930084763	0.830802135276612	3.18793030059535	0.00143295072767912	0.00456609286979797	2.84376874265567	up	112136069
A4galt	41.5232323474758	2.64840758331194	0.607578809076602	4.35895318228262	1.30686064427928e-05	6.25215119658181e-05	4.88377072048926	up	239559
Gm5425	4.8676269398592	2.64830755763861	1.0787282377217	2.45502756396912	0.0140873786097233	0.0346003268506162	1.85116981322477	up	432482
Slc4a9	14.516262259751	-2.64357781827526	0.901386290381238	-2.93279124220667	0.00335929684208574	0.00975145619096482	2.4737516183126	down	240215
Gm5150	132.654059089912	2.6407027780429	0.276741767705263	9.54211863261392	1.39943657547329e-21	4.91743625863387e-20	20.8540467796174	up	381484
Gm16565	61.5972302773083	2.64055523489142	0.589548781881119	4.47894273730156	7.50136515178549e-06	3.74407173050237e-05	5.12485969341683	up	NA
2700099C18Rik	22.4527546209689	2.64007437984642	0.50624989680355	5.2149628010115	1.83854126828175e-07	1.20377254886206e-06	6.73552661742096	up	77022
Gm45104	14.0341269063379	2.6378996545785	1.02490744753366	2.57379303948502	0.010059042374745	0.0257301965951234	1.99744336233773	up	NA
Myo1g	217.605454952272	2.63776389436349	0.263340393911829	10.0165563481562	1.28916646515059e-23	5.54111371717405e-22	22.889691000235	up	246177
Ppp1r3b	8391.30344445117	-2.63757594751659	0.515752209647392	-5.11403712515327	3.15345337552732e-07	1.97987930222217e-06	6.50121358575863	down	244416
Kctd7	155.130672876056	-2.63711386837453	0.466628908912584	-5.65141554242743	1.59131871638688e-08	1.22766158664847e-07	7.79824282921211	down	212919
Gm28863	17.5442687023484	2.63664148838682	0.572559863716836	4.60500579148312	4.12454382056636e-06	2.15879901627686e-05	5.38462407794226	up	115486471
Eldr	10.871127686406	2.6359683661502	0.863136911341145	3.05394003143074	0.00225857223741227	0.00684575271582098	2.6461660145523	up	72735
Ncf2	415.585560052116	2.63522974584247	0.260527361505584	10.1149826667476	4.74100934817645e-24	2.12803906779687e-22	23.3241291883517	up	17970
1600002D24Rik	4.94200880510621	2.63424930756915	0.961534645921363	2.73963015138675	0.00615083562391616	0.0166958684485663	2.21106587898829	up	69776
Pde4c	1271.3369485386	-2.63385290172537	0.203011656013823	-12.9738998904873	1.7204882616686e-38	2.60863952493626e-36	37.7643482860828	down	110385
Shisa3	22.9266937943952	2.6334048631461	0.573778874771148	4.58958142053668	4.44135733910825e-06	2.31330205360748e-05	5.35248428330918	up	330096
Traip	39.2056739445376	2.63266808999804	0.596929817609593	4.41034777009561	1.0320473761085e-05	5.02099653217417e-05	4.98630036597408	up	22036
Cadps2	406.359630801616	-2.63214365120558	0.352145649069296	-7.47458802391058	7.74460926298913e-14	1.15964382556857e-12	13.1110004887128	down	320405
Trim59	49.5158979418202	2.6314211941354	0.378056799286734	6.96038584440223	3.39342038996211e-12	4.18333566127467e-11	11.4693623349522	up	66949
Slc11a1	887.797930907317	2.63065586768395	0.266118848360225	9.88526699214868	4.8229441873773e-23	1.95517080572921e-21	22.316687763841	up	18173
Shcbp1l	6.82932162159662	2.62949516273873	0.917038204140442	2.86737799021515	0.00413888357447622	0.011758386265877	2.38311678999781	up	71836
4933440J02Rik	19.17500279596	-2.62885782507581	1.0027145585381	-2.62174095577961	0.00874818969718829	0.0227611323887391	2.05808180821912	down	71321
Gys2	2869.07033997467	-2.62854446668091	0.242672337290164	-10.8316608972944	2.43694431233971e-27	1.51373547349721e-25	26.6131543949515	down	232493
Col25a1	11.4957813506212	-2.62702005895176	0.992848798820002	-2.64594172050565	0.00814638501890533	0.0213482294398532	2.08903506790156	down	77018
Gm11337	51.373092485929	-2.62649619602843	0.48651196353697	-5.39862612408058	6.71531515934049e-08	4.70389627894727e-07	7.17293360045608	down	105245367
Npy1r	5.13348225009033	2.62534197168189	1.00158556785753	2.6211859035646	0.0087624465210075	0.0227889884128202	2.05737461960471	up	18166
Rtp3	817.407688430099	-2.62500599052088	0.845806759707531	-3.10355286286501	0.00191212071982525	0.00589871781175185	2.7184846924475	down	235636
Spi1	723.535798865568	2.62448306962431	0.267585133721092	9.80803018885143	1.03978410490736e-22	4.11131062096429e-21	21.9830568258751	up	20375
Svep1	135.205707807022	2.6243490383277	0.317700874976841	8.26044007124312	1.45136376218426e-16	2.982653212873e-15	15.8382237246332	up	64817
Ar	56.4662614170612	-2.62288657999303	0.393997997507668	-6.65710637258247	2.79271074496438e-11	3.11386439519595e-10	10.5539740440238	down	11835
Cd200r4	41.9404404119296	2.62233875831937	0.38469273906306	6.81670978429753	9.31491681470583e-12	1.09906886142142e-10	11.0308210191441	up	239849
Lrrc25	353.089544830276	2.62199699946853	0.232089689801039	11.2973437196468	1.3524717676098e-29	1.05012888536671e-27	28.868871791877	up	211228
Scara5	44.0170171618318	-2.62091871631644	0.80819532823949	-3.24292732800825	0.00118308383606656	0.00383461746293515	2.92698447916663	down	71145
Shisa2	98.2071573698377	2.61959409772522	0.29057869453456	9.01509349101181	1.96702613491531e-19	5.45778894148835e-18	18.7061898697837	up	219134
Fads2	12608.7197896355	-2.61858542066923	0.729083612311027	-3.59161195842672	0.000328638937408104	0.00120240763418781	3.48328098228968	down	56473
Slc22a3	927.44634360772	2.61622761719345	0.220737797260863	11.8521959069006	2.09624632979758e-32	2.00822484211852e-30	31.6785576847675	up	20519
Cd74	6628.20339819537	2.61613502082976	0.252150374753107	10.375296976621	3.21212087309908e-25	1.63631215694169e-23	24.4932081204506	up	16149
Ly6c2	66.1986071990715	2.61459044914826	0.42212745378386	6.19384128113829	5.87153540981544e-10	5.51792512695979e-09	9.23124831564918	up	100041546
Ppic	344.605143384499	2.61389678498652	0.287950404159321	9.0775937356916	1.11001617229681e-19	3.19498825317598e-18	18.9546706937466	up	19038
Tm4sf20	10.2900025393117	2.61352839354495	1.0468472666454	2.49657087219605	0.0125400607398331	0.0312382159904561	1.90170035992393	up	66261
Mgst2	32.4122432202204	2.61259475205694	0.506830481725199	5.15477037443355	2.53941915434045e-07	1.62563348523869e-06	6.59526560893608	up	211666
Gpr55	7.14153309263961	2.61165206028683	1.01450394258079	2.57431435272995	0.0100438971755823	0.0256948696709198	1.998097742027	up	227326
Pdgfb	138.276194052699	2.61108154871317	0.274501556961035	9.51208283705221	1.86882614995845e-21	6.38051708219858e-20	20.7284310975647	up	18591
Gm11755	7.29567884308795	2.61036056722236	1.02107205235714	2.55649007452153	0.010573408748353	0.0268887425856161	1.97578497845019	up	105243637
Sec14l5	7.05305629799196	-2.60965465781295	1.11291841074994	-2.34487508931984	0.019033454965273	0.0449372497316451	1.72048237113696	down	665119
Cyp2a21-ps	76.0863791029906	2.60754504158911	0.495457357316655	5.26290507766663	1.41796796758491e-07	9.44788622277335e-07	6.84833357991335	up	330491
Ifi207	559.250999610563	2.60676136386801	0.324828433571645	8.02504058898238	1.01492380591508e-15	1.88097909592886e-14	14.9935665606204	up	226691
Cyp26b1	580.418359906598	2.606032829351	0.35908855372853	7.25735421608887	3.94735046221116e-13	5.39845031962628e-12	12.4036943134201	up	232174
H2-Ab1	2629.82889290717	2.60373860561401	0.258070568849628	10.0892504605248	6.16383640616477e-24	2.71603738757686e-22	23.210148896372	up	14961
Lekr1	73.7053915255265	2.6027274147216	0.393333034426423	6.61710862530787	3.66292348256997e-11	4.01670014694575e-10	10.4361721535289	up	624866
Gstm6	3839.89121195047	-2.60203150940858	0.221330839039904	-11.7562989445834	6.55449518691523e-32	6.12686210287571e-30	31.1834607511104	down	14867
Sdr9c7	1633.59239769144	-2.59976616084933	0.323447306640558	-8.03768065918202	9.15548569168408e-16	1.7050099852908e-14	15.038318611753	down	70061
4930534D22Rik	18.9713341288256	-2.59863805547863	0.640752914808163	-4.05560083367961	5.00055941043007e-05	0.000216358835051418	4.30098140860936	down	100503594
Serpina3c	19.3330717360551	2.59832533047632	0.924073708200193	2.81181610018647	0.00492626596295383	0.0137219987534557	2.30748214484666	up	16625
Xylt1	55.7202061727739	2.59733924594719	0.368658796311353	7.045374400218	1.84963487510174e-12	2.36027628594826e-11	11.7329139945045	up	233781
Dkk3	193.541528028506	2.5970893933008	0.297332437042464	8.73463191279696	2.44450835490554e-18	6.0270746327863e-17	17.6118084740544	up	50781
Msx1	29.3575732125166	2.59560639503471	0.59802161093058	4.34032206795285	1.42274033781402e-05	6.76953000863524e-05	4.84687435511222	up	17701
Gm43012	62.509541633003	-2.59541088141092	0.548467239102343	-4.73211651740356	2.22190802168944e-06	1.21686748764653e-05	5.65327392311771	down	NA
Lpl	4707.98815058886	2.59465526422632	0.256686421904934	10.1082684661336	5.07736867901156e-24	2.26319007599645e-22	23.294361300364	up	16956
Rassf5	146.931797867867	-2.59429762978497	0.316692978129175	-8.19183818065834	2.57266380198647e-16	5.09138891788812e-15	15.5896169640741	down	54354
Hykk	1813.78654194698	-2.59373816455835	0.247419520257703	-10.4831589757219	1.03236641849636e-25	5.58405835802411e-24	24.9861661309191	down	235386
Slc37a2	301.889710023246	2.59356778605023	0.312364080320189	8.30302825917657	1.01490723625611e-16	2.1173406003627e-15	15.9935736509756	up	56857
Adgrg5	27.7613814236915	2.59205009345852	0.673167362764685	3.85052846711555	0.000117863229000999	0.000471648864846892	3.92862166507265	up	382045
Bco2	577.686786512762	-2.59049118326893	0.398558289202101	-6.49965451340881	8.05046781481829e-11	8.44334467549788e-10	10.0941788819314	down	170752
Entpd1	640.928648458283	2.58935320986851	0.250483378025804	10.3374253025355	4.77185826714249e-25	2.39288809354416e-23	24.321312464145	up	12495
Gm30117	985.712436547463	-2.5875439051597	0.753693812408054	-3.43314999083314	0.000596611951585389	0.00206254214357778	3.22430805091429	down	102631899
Kif11	157.866616103398	2.58736214796195	0.257017330930716	10.0668781307181	7.73957947605491e-24	3.3871214179753e-22	23.1112826357241	up	16551
Pdk3	67.975291004979	2.58663001163806	0.413679257174999	6.25274283584355	4.03305943797521e-10	3.85603736532525e-09	9.39436537744826	up	236900
Enc1	987.144484771046	2.586296218323	0.406721494796019	6.35888747315923	2.03220204528313e-10	2.02862014432203e-09	9.69203311588151	up	13803
Gm5096	262.653535692496	-2.58627456829974	1.08078560155103	-2.39295801552889	0.0167131534400443	0.0401532729434178	1.77694159963376	down	NA
E2f7	21.2422038798945	2.58505559094671	0.61661537285438	4.19233075390288	2.76103052149533e-05	0.000125244767307218	4.55892879247564	up	52679
Mfsd4b1	1479.42083612151	-2.58329792837159	0.242782816118334	-10.640365614313	1.93369075408721e-26	1.12154063737058e-24	25.7136129793389	down	215929
Gpr85	4.69582383953237	2.58273533955418	1.11980009742524	2.30642535707281	0.0210868764763224	0.0491236911865915	1.67598774598651	up	64450
Acss2	6157.44015042158	-2.58241793487486	0.362784335128702	-7.11832812174406	1.09244054576681e-12	1.42617187452784e-11	11.9616021894587	down	60525
Nfasc	73.3579234608225	-2.58238447395355	0.447001117298378	-5.77713203394474	7.59846583721246e-09	6.14773353619173e-08	8.11927408478377	down	269116
Kcng2	10.4658706827496	2.582261846273	0.892689378117563	2.89267679169464	0.00381974143606076	0.0109323634204498	2.41796603412823	up	240444
Mlxipl	13779.887323767	-2.58195184842511	0.189082695073611	-13.6551462174787	1.88111381762148e-42	3.58640868040783e-40	41.7255849264754	down	58805
Cd209b	5.63372580669446	-2.58119246044003	1.02366183158093	-2.5215284782609	0.0116846216936317	0.0293906453936102	1.93238534395022	down	69165
Gm44478	8.09928748181619	-2.58093296884253	1.01500717634328	-2.54277312416718	0.0109976612171107	0.0278300032782019	1.95869966288705	down	115490380
Gm47719	55.8479575658818	-2.57984314177939	0.4764411369637	-5.4148203033441	6.13502875134708e-08	4.31941914573818e-07	7.21218339764405	down	NA
Pla2g12a	2006.42422909806	2.5786487228272	0.237675849661318	10.849435171902	2.00661499685479e-27	1.25861167359726e-25	26.6975359462873	up	66350
Clec12a	292.895954811709	2.57721290379877	0.305049248433662	8.44851418920713	2.95033405423829e-17	6.537587174731e-16	16.5301288078528	up	232413
Bhlhe41	56.4488838593265	2.57631059905879	0.43819052585756	5.87943017256439	4.11681218788026e-09	3.44816596301967e-08	8.38543894539692	up	79362
Bmp1	4690.66180210011	-2.57492752145225	0.284131586690064	-9.06244726764938	1.27555959273293e-19	3.63884081743189e-18	18.8942992468225	down	12153
Syde2	150.575696292237	-2.57471383393102	0.450429898818002	-5.71612550740407	1.08980259494744e-08	8.64301431973139e-08	7.96265216232472	down	214804
G930009F23Rik	15.0572250872307	2.57348682356551	0.892586289305842	2.8831798722417	0.00393682570966349	0.0112340314275047	2.40485381177998	up	100038726
Nfatc2	65.2071437938564	2.57326346408195	0.445842830203333	5.77168295587118	7.84836812037535e-09	6.33395542858122e-08	8.10522063497338	up	18019
Mok	25.9721436215511	2.57180198926389	0.649344445610629	3.96061290221006	7.47576365075032e-05	0.000313350685369717	4.12634443746944	up	26448
Rasal1	33.7056417281324	2.56853913206915	0.617926193135587	4.15670861763511	3.22865349780415e-05	0.000144718230339191	4.49097856138308	up	19415
Kif1a	20.8155084122455	2.56817608780234	0.622930473212352	4.12273311106242	3.74403404704639e-05	0.000166079519949149	4.42666021058106	up	16560
Cd274	252.877601476375	2.56809209713797	0.299391806037852	8.57769666820236	9.67917942227757e-18	2.25917913885305e-16	17.0141614595803	up	60533
Gm31458	91.8007453211255	-2.56790679223002	0.872975468143944	-2.94155664842417	0.00326567105833656	0.00951486789216657	2.48602756263177	down	102633697
2810030D12Rik	111.082999422345	-2.56665404061263	0.427244397911848	-6.00746095948156	1.88451164404859e-09	1.64497534985492e-08	8.72480117478088	down	78335
BC064078	10.3378957144816	2.5649279719956	0.992381883495587	2.5846178922179	0.009748697004571	0.0250209589725367	2.0110534275364	up	408064
Gm32828	11.8869169002609	-2.5648025104664	0.713450786973236	-3.59492561687036	0.000324484271844721	0.00118946680728002	3.48880634914586	down	102635512
Car13	31.3449152845505	2.56297907213369	0.510556112170713	5.01997529955475	5.16781242136167e-07	3.13224412923325e-06	6.28669325852807	up	71934
Gm21974	141.013173267692	-2.5627880068121	0.372728773199894	-6.87574502180351	6.16667142254447e-12	7.38007612880773e-11	11.2099491913787	down	NA
Gm8369	24.1359899778266	2.5617173801366	0.576587740455324	4.44289255632395	8.87574944278018e-06	4.36443900077056e-05	5.05179496614641	up	666926
Neurl1b	125.468325404153	2.56098037639927	0.34490021745693	7.42527910037944	1.12542347355018e-13	1.65302474497958e-12	12.9486840307788	up	240055
Sting1	216.678744173369	2.56095849074143	0.245364116680113	10.4373798638218	1.67366430693641e-25	8.8538681028482e-24	24.7763316456647	up	72512
Gm49041	4.15149765200702	2.56049783846805	1.07502577723495	2.38180134159559	0.0172281886733972	0.0412158033414009	1.76376038073538	up	NA
Coro1a	617.166386956567	2.56045359023181	0.233831001378506	10.9500176415324	6.64346763043803e-28	4.38104837985324e-26	27.1776051767063	up	12721
Pla1a	1380.18438580142	-2.55958864774432	0.157809730296481	-16.2194602508702	3.6740924704959e-59	1.36054470407441e-56	58.4348499174584	down	85031
Gm36543	11.3411152002466	-2.55918357805348	0.872950601753387	-2.9316476475452	0.00337169050661751	0.00978144450973232	2.47215229686964	down	102640498
Il21r	74.0817607788574	2.55902684785189	0.470303265284534	5.44122704804882	5.29148212915099e-08	3.76126909852091e-07	7.27642266627166	up	60504
Alox5ap	50.4502757499791	2.55769792038158	0.433097620042245	5.90559218527246	3.51382229641139e-09	2.96894085738033e-08	8.45422020574323	up	11690
Gm33699	25.0477418103223	2.55755333500913	0.538440427285707	4.74992813578622	2.03488949170476e-06	1.12049848590983e-05	5.6914591709331	up	102636699
Rhoh	70.156242525467	2.55714700250479	0.330607429209496	7.73469310299256	1.03652839585133e-14	1.7206371371132e-13	13.9844187958445	up	74734
Smim24	29.2836267705826	2.55602294299754	0.523004950039225	4.88718690483874	1.022869792316e-06	5.88478659122706e-06	5.99017964691122	up	72273
Tmem71	119.507258119379	2.55594509541418	0.30025397808458	8.51261026321585	1.70060917784912e-17	3.85258003866621e-16	16.7693954814523	up	213068
Mroh6	44.3471286752646	-2.55543812779194	0.670868060556433	-3.80915157247522	0.000139444459392361	0.000550829519744559	3.85559873706754	down	223645
Ccdc148	124.736470799569	2.55461030737721	0.436555638274974	5.85174049628958	4.86455223145146e-09	4.04629882370753e-08	8.31295712915913	up	227933
Igsf9	59.7890293721958	2.55370093543957	0.650059059855914	3.9284137290627	8.55080141903973e-05	0.000353866821674251	4.06799317935889	up	93842
Pipox	7379.24333359897	-2.55302698795941	0.301674872930407	-8.46284267284126	2.60937623396893e-17	5.7954035480168e-16	16.5834632974592	down	19193
Gm10252	10.3020103201225	2.55187308497933	0.658994512627826	3.87237379990222	0.000107780485723352	0.0004348252740601	3.96745986354482	up	100049568
Apol9a	1114.46314458801	-2.55161270099105	0.709398139349964	-3.59686973993073	0.000322069664327555	0.00118174036895797	3.49205017935785	down	223672
Kif18a	29.047221151875	2.55048751827709	0.569128491770136	4.48139138201361	7.41579725104091e-06	3.70657818429553e-05	5.12984215237459	up	228421
Synpo	959.473041749857	2.55013733136646	0.257527229602911	9.90239880768567	4.06407993565547e-23	1.66152703271723e-21	22.3910377585803	up	104027
Ppfia4	101.747641106397	2.54940784194593	0.38317464328809	6.65338348088226	2.8643059325333e-11	3.19184462018872e-10	10.5429805974971	up	68507
Gm9502	17.1451616298622	-2.54921450229729	0.824726764737302	-3.0909806875363	0.00199496608864808	0.00613169465331323	2.70006448225201	down	670795
Maob	5598.57404228512	-2.54878375181053	0.385636715849629	-6.60928704932851	3.86175281838241e-11	4.22031284170101e-10	10.4132155278244	down	109731
Acsbg1	16.5984602773748	2.54873472807958	0.710103496123737	3.58924402145946	0.000331638298291484	0.00121199982385668	3.47933532198115	up	94180
Slc7a8	578.645428475452	2.54836889987858	0.256883018695345	9.92034784090132	3.39570697296663e-23	1.39442733859635e-21	22.4690697935501	up	50934
Rgs10	140.052089689493	2.54538210477869	0.240273500182096	10.5936863734437	3.18785120427956e-26	1.80015433400608e-24	25.4965019578745	up	67865
Ndrg4	20.0237350156272	2.54236429134364	0.619453024139764	4.1042083778253	4.05701668794296e-05	0.000178605197400616	4.39179320588536	up	234593
Klra13-ps	15.3303825116573	2.54221129080516	0.971930032046824	2.61563199714224	0.00890624894145614	0.0231130363364797	2.05030516992906	up	16631
Gm10419	8.81868149066522	2.54181042533862	0.949284402018668	2.67760685831709	0.007415019572848	0.019621219856364	2.12988769826086	up	100503802
Gm30784	211.227051199635	-2.54149111526797	0.267067316289572	-9.51629405865717	1.79465141367755e-21	6.17103707531696e-20	20.7460198946166	down	102632806
Runx1	203.829672621155	2.54059321718357	0.261475546476606	9.7163702358334	2.56771861942067e-22	9.77153947343171e-21	21.5904525696719	up	12394
Fyb	212.966882219155	2.54053672043997	0.315798978032801	8.04479082315488	8.63928614279983e-16	1.61669673436106e-14	15.0635221414391	up	NA
Gm26944	4.98520814343145	2.54041666120574	1.02380353366274	2.4813517219629	0.0130885152879951	0.0324407839343073	1.88310961538977	up	102635071
Tnfsf13b	26.2349682337929	2.54008754394196	0.570570570855973	4.45183764057671	8.51385311301678e-06	4.20473853665687e-05	5.06987384684817	up	24099
Gm41409	36.2347342766935	2.53996076423745	0.791789702020366	3.20787294625881	0.00133720558913514	0.00428226024021058	2.87380181684953	up	105246058
Abr	768.637343416628	2.5397832698822	0.274972596387058	9.23649593906126	2.54701700654654e-20	7.68736041975866e-19	19.593968155223	up	109934
4930458D05Rik	25.6764310535213	2.53944518614183	0.74707254452753	3.39919490382001	0.000675845359088178	0.00231032810839729	3.17015266408431	up	75802
Cecr2	599.412682160945	-2.53887573141615	0.260919531565373	-9.73049321445695	2.23506595345093e-22	8.57339243020938e-21	21.6507096569628	down	330409
Fancd2	44.0893011483164	2.53739953236294	0.549192568642173	4.6202364657563	3.83302931178758e-06	2.0160833768856e-05	5.41645785961366	up	211651
Col18a1	16031.3709761056	-2.53604109876298	0.325152539704198	-7.79954264257048	6.21319424261837e-15	1.04948480996368e-13	14.2066850688593	down	12822
Tifab	292.40774649574	2.53581153509928	0.235627702778027	10.7619414237049	5.20616416520833e-27	3.13280928641411e-25	26.2834821414669	up	212937
Cdca7l	38.4911303535681	2.53495219938975	0.528883059574769	4.79302967545962	1.64281313026373e-06	9.14806525053744e-06	5.78441183468477	up	217946
Gm13880	43.7169699933511	-2.53485258122838	0.375728685247076	-6.74649735503022	1.51456826851984e-11	1.75187542730013e-10	10.8197111462511	down	433458
Rab11fip5	185.569589917276	2.53454833209059	0.350677213536875	7.22758204483131	4.91669116384873e-13	6.68142590339246e-12	12.3083270705483	up	52055
Ildr1	19.5426897734057	2.53306098190372	0.656593988104904	3.85788025445492	0.000114374655340335	0.000459024252445494	3.94167020163821	up	106347
Tmem266	86.2567698651547	-2.53182925472187	0.422275938198331	-5.99567492650445	2.02642028240996e-09	1.75927632813734e-08	8.69327047634885	down	244886
Anxa3	604.583794117355	2.53145882769663	0.300704950254097	8.41841421485593	3.8161444860637e-17	8.39813465413058e-16	16.4183751904899	up	11745
6030407O03Rik	5.36441361226012	2.53102910720014	1.0755002482886	2.3533505559182	0.0186050848270389	0.0440609412654607	1.73036834553866	up	109198
Cyp21a1	23.9784157921952	2.53093863530666	0.710656870738307	3.56140739577631	0.000368872210930746	0.00133464924721579	3.43312406121131	up	13079
Rep15	11.7470062475827	2.5304045951959	0.811895053426161	3.11666462865823	0.00182909521692622	0.00567440913438558	2.73776368593458	up	66532
Cd24a	304.126623341766	2.53028604458989	0.650474124128136	3.88991037572995	0.000100281251474285	0.00040764529837214	3.99878025483962	up	12484
Dgkh	362.476209300885	2.53005894288517	0.28930292757855	8.7453623924985	2.22301000875412e-18	5.50917383894071e-17	17.6530585819538	up	380921
Gm17359	37.6795850806804	2.52827732964857	0.730725610734925	3.45995445144691	0.000540266767465275	0.00188466972360713	3.26739174567629	up	NA
Hsf3	25.2709072300612	2.52819278491198	0.704118612511683	3.59057797931741	0.000329945497096479	0.00120672943819369	3.48155779425896	up	245525
Ccn6	19.6711864628908	-2.5275546267176	0.611876056748916	-4.13082780219783	3.61459270257922e-05	0.000160633734320022	4.44194063252931	down	327743
Tmprss2	570.718742607388	2.52698535150356	0.314032588335925	8.04688890695766	8.49252054937256e-16	1.59232692988041e-14	15.0709633935933	up	50528
Gm47348	16.1507415369561	-2.52620781837231	0.552666565731981	-4.57094381134937	4.85532467289134e-06	2.50251959050309e-05	5.31378172375173	down	NA
Syngr1	47.5337913936321	2.52557054081919	0.603472272003603	4.1850647626841	2.85084810627798e-05	0.000129011940179727	4.54502592136561	up	20972
Gm39556	28.9275548619031	2.52389627481602	0.443059740986538	5.69651458107249	1.22281438225982e-08	9.59906797586428e-08	7.91263946191574	up	105243761
Ugt2b1	13889.0972985307	-2.52382494330001	0.326497949088326	-7.72998712655696	1.07557459952442e-14	1.78084819333123e-13	13.9683594625073	down	71773
Ugt2a3	6023.2322493214	-2.52360612466765	0.514552225183612	-4.90447033586752	9.36797768708177e-07	5.43834122226248e-06	6.02835415234953	down	72094
Iqgap1	1269.1943644092	2.52333195956306	0.233929199778894	10.7867336012267	3.97673466996565e-27	2.40050165532472e-25	26.4004733844261	up	29875
Pik3r3	199.023524626465	2.52327829406578	0.337575674644914	7.47470414365591	7.73777396813446e-14	1.1595219885634e-12	13.1113839608161	up	18710
Ctps	771.713857435555	2.52191888144363	0.263025232253978	9.58812529061264	8.9699982669272e-22	3.19863493755463e-20	21.0472076408649	up	NA
Loxl2	395.698294746323	2.51916289328309	0.26358384860098	9.55734923309608	1.20811326198106e-21	4.27636561998296e-20	20.9178923482086	up	94352
Cyp3a13	3885.9816484218	-2.51881838777991	0.27319208837755	-9.21995363313346	2.97228717060449e-20	8.94286902455627e-19	19.526909233073	down	13113
Adgrg1	559.355352280369	2.51855718628187	0.2074755448193	12.1390556582242	6.55785046999003e-34	7.38467652924726e-32	33.1832384901977	up	14766
Sh2d4b	35.7900646501006	2.51726284417629	0.692122384485147	3.63701984013827	0.000275810693998519	0.00102529164548947	3.55938889894876	up	328381
Abcc1	291.977297030955	2.51723725202947	0.324218409278616	7.76401703293255	8.22808412962422e-15	1.37534711805594e-13	14.0847012764274	up	17250
Hyi	1644.50047254705	-2.51700604055627	0.312007355109429	-8.06713687782612	7.19658529000898e-16	1.3586024151413e-14	15.1428735232191	down	68180
Pirb	410.72309999223	2.515054391049	0.258221322054888	9.73991756774601	2.03719544575255e-22	7.84564710068222e-21	21.6909673033808	up	18733
Mbnl3	25.9948894658666	2.51289093984997	0.441551467305731	5.69104878120594	1.2626142686414e-08	9.89133456344951e-08	7.89872930707487	up	171170
Adamts7	519.529819154055	-2.51270649519654	0.162173827819172	-15.4939087828542	3.8138109130403e-54	1.28839899897375e-51	53.4186408428734	down	108153
Loxl4	297.335749263324	-2.51269532460197	0.459560835870029	-5.46760108451149	4.56167072108099e-08	3.26662444794107e-07	7.34087606697228	down	67573
B4galt2	22.0901952329869	2.51060477127761	0.539563510873393	4.65302919986878	3.27093907026291e-06	1.74136584840981e-05	5.48532754566256	up	53418
Gm26608	1253.64416612667	-2.50632643668704	0.566911871887047	-4.42101596557569	9.82379141704679e-06	4.79389071278898e-05	5.00772086723174	down	102638633
Adgre1	1074.94119796778	2.50528733640819	0.257788963706097	9.71836536518471	2.51791007273812e-22	9.62001515092166e-21	21.5989597847965	up	13733
Tnfsf14	25.7562774350093	2.50505470885584	0.584350162924751	4.28690683736222	1.81178230809807e-05	8.48848664835439e-05	4.74189398550652	up	50930
1600014C10Rik	97.5211313665445	-2.50469847025386	0.234065429213235	-10.7008475308503	1.00851514931274e-26	5.95704531140063e-25	25.9963175736897	down	72244
Mirt1	31.5264560913181	2.50447789013885	0.496874657128538	5.04046212502032	4.64409035478297e-07	2.83906060989384e-06	6.33309933927758	up	381232
B230303O12Rik	17.563479843142	2.50394031839024	0.644756560774313	3.88354376011802	0.000102944994078634	0.000417416046742088	3.98739476703414	up	319739
Prune2	21.0903023481104	2.50388992228659	0.728746719345212	3.43588500067125	0.000590621617946716	0.00204519318952792	3.22869066102291	up	353211
C1rb	48.9404540474073	-2.50380646470842	0.360997832887928	-6.93579361592934	4.03946966711762e-12	4.93553476586401e-11	11.3936756486921	down	667277
Cacna1c	53.3379232800116	2.5037770331907	0.377430466028277	6.63374385098823	3.2727758217063e-11	3.61149405288117e-10	10.4850837419362	up	12288
Gm50318	9.39486713132386	-2.50361181122695	0.878325930511839	-2.85043595350531	0.00436593421770441	0.0123216223503028	2.35992281216861	down	NA
Ccdc136	14.4557161061298	2.50098809408097	0.804129412219762	3.11018109283816	0.00186972674060897	0.00578368805095041	2.72822186069204	up	232664
Ccr2	133.621994926455	2.49847877073238	0.327906680286491	7.61948115405722	2.54697392490661e-14	4.02334125496322e-13	13.5939755011797	up	12772
Boc	25.7647965915723	2.49833687458776	0.606878170765944	4.1167024864885	3.84331676605872e-05	0.000170169941704361	4.41529381952161	up	117606
Tnfrsf23	15.8988059758961	2.49728450158453	0.625866474093331	3.99012346076253	6.60389112697017e-05	0.000279728393182881	4.18020009521328	up	79201
Cyp2b9	4808.08974812332	2.49540000707151	0.72234021512567	3.45460484522154	0.000551099893430007	0.00192106798477339	3.25876967295704	up	13094
Ano4	6.7737379964243	2.49467129900167	0.878899558092416	2.8384031781927	0.0045339872456419	0.0127324571098265	2.3435197059023	up	320091
Spsb4	302.061213575137	-2.49397703055914	0.357342228061807	-6.97923960480756	2.96781950774165e-12	3.6822379150176e-11	11.5275625148402	down	211949
Gm42031	1591.77871008152	2.49292677113597	0.337429632562775	7.38799005944504	1.49064884435119e-13	2.14689111045823e-12	12.8266246522694	up	105246807
Neb	533.218810732862	-2.4925718342883	0.35044561640214	-7.11257815086506	1.13895003002731e-12	1.48333590067775e-11	11.9434953296166	down	17996
Fcer1g	825.040593159917	2.49117368702856	0.26160879320389	9.52251511319428	1.69037473807532e-21	5.84378024351495e-20	20.7720170062518	up	14127
F630028O10Rik	79.5167147571537	2.49054136843871	0.481640099761437	5.17095933181707	2.32895253620319e-07	1.5018858016453e-06	6.63283936224896	up	NA
Fam241b	173.666925440296	2.48906927219398	0.236608586791646	10.5197757441737	7.0040088182358e-26	3.83151118761217e-24	25.1546533157998	up	69894
Ethe1	3439.56977210813	-2.48874346629493	0.249723726533535	-9.96598721651995	2.14729834487312e-23	9.04778488596868e-22	22.6681076106497	down	66071
Mrc2	281.431931916051	2.48762107395222	0.318237159388141	7.81687807525386	5.41495061644248e-15	9.19491085275276e-14	14.2664054997227	up	17534
Gm49513	42.3784733349223	-2.48501035247484	0.780992662506052	-3.18186133081062	0.00146331862825713	0.00465131454369746	2.83466109873645	down	NA
9030622O22Rik	2315.88941620513	-2.48307647127519	0.34459131923851	-7.20585903545794	5.76790498024063e-13	7.75064747379718e-12	12.2389819027437	down	100043820
Plekhm3	284.497543686676	2.48226120562845	0.252567710514475	9.82810193976155	8.52095494661344e-23	3.39007248867744e-21	22.0695117309605	up	241075
Ptgir	13.8798419952791	2.48202473922535	0.885280045548785	2.80366054979444	0.00505260694734069	0.0140272490452699	2.2964844851064	up	19222
Lin7a	419.475862729505	-2.48153998522385	0.716862849767188	-3.46166632296508	0.000536842292292628	0.00187306308758595	3.27015327788785	down	108030
Nrxn2	216.112942411978	2.48017038352011	0.249844626592823	9.92685100873547	3.18144183855758e-23	1.311816788935e-21	22.4973760118979	up	18190
Scimp	80.5152612039471	2.47928401531259	0.40540936472565	6.11550751174773	9.62501484656232e-10	8.71774627871139e-09	9.01659859192075	up	327957
Fhl2	93.5796431726872	2.47869851383415	0.400667439444314	6.18642362671611	6.15444803980059e-10	5.76410756101168e-09	9.21081089058284	up	14200
Gstp2	612.241316347423	2.47717767612719	0.301676829308724	8.21136207843178	2.18693317281508e-16	4.3775036565205e-15	15.6601644877082	up	14869
Sfn	139.127376512394	2.4761806828464	0.397294120332506	6.23261346222296	4.58717066235301e-10	4.36631528790259e-09	9.33845510195666	up	55948
Olfml2a	28.6917829530027	2.47616838146708	0.505549825161217	4.8979709975717	9.68313224452195e-07	5.59834839477128e-06	6.01398413685747	up	241327
Gpr157	809.953195781519	2.47515934753073	0.225700463642332	10.9665674034818	5.5333357501099e-28	3.68684820775489e-26	27.2570129769942	up	269604
1700019D03Rik	12.6874460018539	-2.47479308470754	0.77789680177075	-3.18138997238978	0.00146570185804489	0.00465735230668521	2.83395436160082	down	67080
Gm15271	9.22628051800212	2.47372376083226	1.03220992630717	2.39653165289956	0.0165510638862405	0.039823476970317	1.78117408496539	up	NA
A530001N23Rik	32.0923660139385	-2.47175566365059	0.928142271096325	-2.66312152848177	0.00774194479436646	0.020408402075889	2.11114992983798	down	328265
Qprt	5646.52715334521	-2.47151626205298	0.346350367340729	-7.13588462754993	9.6166648078881e-13	1.26401704805934e-11	12.0169755211715	down	67375
Ttbk1	31.9745733679795	-2.46874662772207	0.46780363136307	-5.27731394587238	1.31091190682385e-07	8.77404229329165e-07	6.88242649188409	down	106763
Ephb2	33.5791018934874	2.46845582613884	0.586308623690911	4.21016462387931	2.55184675406702e-05	0.000116248784235426	4.59314540983387	up	13844
Gnai1	114.158995089674	2.46749082150095	0.285826700369513	8.63282128055571	5.98569222055316e-18	1.42828117009508e-16	17.2228856179923	up	14677
Il1rl2	43.604525762656	2.46694859006539	0.478287422552171	5.15787886894789	2.49763106611995e-07	1.60207807492358e-06	6.60247171239162	up	107527
Cd52	371.732969541315	2.4668347166335	0.288022614391474	8.56472580059504	1.0833333710847e-17	2.50729175403929e-16	16.9652378786068	up	23833
Zfp641	49.0839419956537	2.46544620333618	0.651668237581175	3.78328428662917	0.00015477246490568	0.000605669185981767	3.81030630077971	up	239652
Dusp4	270.026214230331	2.46433826955891	0.408596457598559	6.03122769111251	1.62718731634395e-09	1.4320438283144e-08	8.78856244966181	up	319520
Fgb	93200.3958179387	-2.46421015886599	0.299841629226117	-8.21837236285718	2.0628362598313e-16	4.13770573117829e-15	15.6855352433181	down	110135
Fpr1	182.282040962531	2.46292560167986	0.300772731905442	8.18865987643507	2.6415087031264e-16	5.2222681301234e-15	15.5781479540804	up	14293
Prdm1	44.0639193044364	2.46289530871201	0.479942077608681	5.13165113795279	2.87211465073981e-07	1.81925788535019e-06	6.54179822766448	up	12142
Cd300c2	285.196024501472	2.46245598447283	0.252481613086265	9.75301113761294	1.7907625811929e-22	6.95220247246985e-21	21.7469619889766	up	140497
Sspo	92.1865049128285	-2.46100026468695	0.406274234648948	-6.05748544899344	1.38265844731814e-09	1.22976771646919e-08	8.85928508870106	down	243369
Fut4	22.2547199137247	2.4602815306086	0.610260716857316	4.03152531802867	5.5416025451976e-05	0.000237447927481809	4.25636462590445	up	14345
Septin2	10.0577888606937	-2.45993268487172	0.926530236013264	-2.65499450450368	0.00793097005632201	0.0208432863934129	2.10067368981452	down	18000
Gm44421	97.4832988559021	-2.45960227215207	0.407425485184074	-6.03693770172679	1.57066325128458e-09	1.38546457016656e-08	8.80391691730599	down	NA
Klf6	763.431045555575	2.45798830971081	0.281308829008305	8.73768632991692	2.37933046611918e-18	5.88143613037111e-17	17.6235452344466	up	23849
Elovl2	14988.5129132472	-2.45635867281346	0.180678296443215	-13.5952060716129	4.27554749823076e-42	7.6231428357344e-40	41.3690082645064	down	54326
Sell	106.090780493192	2.45592190964927	0.425492488112753	5.77195127590233	7.83587768343406e-09	6.3265266529227e-08	8.10591235187897	up	20343
Irx3	10.1717205005954	-2.45558157212884	0.896884168269475	-2.7379026846542	0.00618323697128259	0.0167719976220619	2.20878410893566	down	16373
Maml1	146.321382340648	-2.45320475257892	0.439057743786886	-5.58743078170075	2.30453565008036e-08	1.73615565250185e-07	7.63741656915655	down	103806
Gm48701	6.27898018007512	2.45269480708384	0.824174640081357	2.97594064146614	0.0029209139220349	0.00861466051197794	2.53448124129283	up	NA
Gm36899	7.49440267999267	-2.45190335551847	0.997803996330234	-2.45729959444559	0.0139985890422564	0.0344085818991178	1.85391573589624	down	102640959
Chtf18	45.2678951115591	2.45012386200103	0.405141824509721	6.04757078577613	1.47046067880544e-09	1.30304605757375e-08	8.83254658435388	up	214901
Porcn	119.023282492739	-2.44896686925309	0.285751093877663	-8.57027994546037	1.0323377371091e-17	2.39791260142013e-16	16.9861781967331	down	53627
Gm13502	13.5985820296771	-2.44642764472145	0.893157300376944	-2.73907814859597	0.00616117264005063	0.0167192136917721	2.21033662182323	down	NA
Tlr9	43.8626960823544	2.4455757541768	0.526822535884105	4.64212441115997	3.44845107038248e-06	1.82879024542234e-05	5.46237593177846	up	81897
Map3k6	128.159201680615	2.44520814393147	0.426486634146081	5.73337579225035	9.84511699243026e-09	7.84350735648477e-08	8.00677911864572	up	53608
Gm10658	107.29496185797	-2.44499486469093	0.36825145515342	-6.6394710203448	3.14810887252427e-11	3.48190605682524e-10	10.5019502566437	down	100038566
Cyth4	520.156889782134	2.44465721256919	0.220928940205165	11.0653552689791	1.84729393718992e-28	1.27496387292219e-26	27.7334639951158	up	72318
Vtcn1	159.410792966489	2.44294702911345	0.322026463599542	7.58616854592234	3.29503753846523e-14	5.12928398065371e-13	13.4821396333748	up	242122
Gm38832	15.1511485918317	2.439261679157	0.782622309699027	3.11678014915658	0.00182837867791295	0.00567310019688879	2.73793385198495	up	105242682
Gm9889	4.08953888759784	-2.43838540688204	1.01351044041939	-2.40588089637541	0.0161335236453761	0.0389648979449846	1.79227077008047	down	791369
Gm37168	22.6569267506809	2.43658505328737	0.610102026314283	3.99373374975846	6.50408964303415e-05	0.000276047498713391	4.18681348168109	up	102634085
Tnfaip6	14.9962440767567	2.43618037923271	0.787764500788381	3.09252368797353	0.00198462393803714	0.00610380427261509	2.70232177459763	up	21930
Gm47414	9.1465491593841	2.43569227131406	0.810252153774338	3.00609169623067	0.00264629183351984	0.0079027598551889	2.57736226343707	up	NA
Adgb	296.002415930709	2.43562451607845	0.421212667747471	5.78241041301891	7.36377866094293e-09	5.97794780333546e-08	8.1328992739127	up	215772
Aoah	135.58668820842	2.4354596997458	0.323342872533497	7.53212736889226	4.99202268706908e-14	7.60493582770586e-13	13.3017234495984	up	27052
Scd2	841.540034544261	2.43388380494782	0.252199469727721	9.65063014436742	4.88545911118505e-22	1.795312989408e-20	21.3110946171888	up	20250
Gm4963	52.4945421771492	-2.43376511393742	0.293124093096248	-8.30284910472471	1.01643937995081e-16	2.11824206713559e-15	15.9929185174075	down	243302
Pycard	64.9183283959651	2.43339580722583	0.454950026744638	5.34871010919114	8.85832966468667e-08	6.07851446874876e-07	7.05264816138585	up	66824
Ripply1	59.2665968866165	2.43285423614701	0.507255796796353	4.79610928354501	1.61777043969795e-06	9.02427218621777e-06	5.79108310438355	up	622473
Birc5	137.444227503874	2.43226987563247	0.289117594048313	8.41273559860221	4.00557193959127e-17	8.78488533812864e-16	16.3973354639807	up	11799
Gm32461	236.192056248333	-2.43210000051657	0.494945250588176	-4.91387683309689	8.9292857344349e-07	5.20564111723519e-06	6.0491832795213	down	102635020
Ticam2	24.1277652394531	2.43195304442021	0.532315309846202	4.56863253683772	4.90916596918958e-06	2.52756416852178e-05	5.30899228501466	up	225471
Spp1	3473.12637516487	2.43095631851309	0.329115758994179	7.38632609371977	1.50941345261765e-13	2.16743217327408e-12	12.8211917836864	up	20750
Ghr	13388.8553386738	-2.42903956956402	0.268371013831445	-9.05105039059704	1.41599583295219e-19	4.0097670234305e-18	18.8489380247031	down	14600
Hapln4	363.395620714853	-2.42799217011222	0.388210840950564	-6.25431315665244	3.99269144459039e-10	3.82102212689656e-09	9.3987342508098	down	330790
Cd8b1	16.0179958321554	2.42734920097842	0.541973967667133	4.47871917432987	7.50922442179147e-06	3.74702320461302e-05	5.12440491608905	up	12526
Armcx4	225.891970078341	2.42608132206547	0.295814947166292	8.20134798902386	2.37706333558024e-16	4.72858797416663e-15	15.6239592465736	up	100503043
F7	3319.4226004985	-2.42575007281881	0.310312733640244	-7.81711418787944	5.40480720312431e-15	9.1857870700231e-14	14.2672197933134	down	14068
Akr1b7	39.0527317479229	2.42405925311231	0.471881267089285	5.13701098597256	2.7914264342129e-07	1.77398374314203e-06	6.55417381314273	up	11997
Cpz	83.2007943940807	2.42344696612033	0.340154440837143	7.12454895533943	1.04422071265576e-12	1.36692821501695e-11	11.9812076965851	up	242939
Gmnn	633.97385997866	2.42035309887188	0.198233142369783	12.2096288740506	2.76145911346059e-34	3.20329257161429e-32	33.5588613826159	up	57441
Tnfrsf13b	45.1740470934314	2.41926802371969	0.420103592261046	5.75874157775921	8.47433219416736e-09	6.81343385097648e-08	8.07189451563995	up	57916
Grrp1	12.7464954058294	2.41860282188001	0.842126548103372	2.87201825821447	0.00407859401905421	0.0116025123993068	2.38948952195905	up	NA
Tmem150a	4075.68854037912	-2.41836861660197	0.146520140143256	-16.5053665266597	3.35688695328619e-61	1.29280430344958e-58	60.4740632838311	down	232086
Ltbp1	234.388706635093	2.4175450319699	0.323502991091208	7.47302219313423	7.83736232217409e-14	1.17171000679957e-12	13.1058300752834	up	268977
Akr1c21	14.4992387662632	-2.41733632440659	0.791919434340701	-3.05250284256391	0.00226941581633769	0.00687537302696642	2.6440859227154	down	77337
Dsn1	65.138167612739	2.4170701474246	0.418481800290342	5.77580708587001	7.65850816840632e-09	6.19110970994257e-08	8.11585582009689	up	66934
Snai1	142.168430876582	2.4170683927223	0.400343827405382	6.03748135293418	1.56538244874793e-09	1.38143924991248e-08	8.80537953984963	up	20613
Pcsk9	2118.67113026863	-2.41705901856638	0.746656747962675	-3.23717561672288	0.00120719096666167	0.00390683516874574	2.91822402302013	down	100102
Pde6b	12.013397984534	2.41703958974178	0.747951509709018	3.23154584002658	0.00123122573681144	0.00397459895859866	2.90966231484782	up	18587
Flt3	39.1613852751238	2.41625730565377	0.469075930559291	5.1511005963849	2.58962230372483e-07	1.65502048060157e-06	6.58676357312707	up	14255
S1pr3	253.482734542686	2.41555812034068	0.308563155015468	7.82840751099913	4.9408821898006e-15	8.41216865135281e-14	14.3061955012876	up	13610
Ncam1	26.4443572383429	2.41230543965424	0.587757101875149	4.10425570692068	4.05618629499863e-05	0.000178605197400616	4.39188210667474	up	17967
Apoa2	162668.37022213	-2.41207315905379	0.566247672707524	-4.25974935582589	2.04656269277778e-05	9.49833965103133e-05	4.68897494698235	down	11807
AI662270	11.0312084126589	2.41155057646413	0.737916351382466	3.2680541255742	0.00108289654215116	0.00354268702270859	2.96541303305068	up	NA
Ninj2	8.26382148826203	-2.40961731987249	0.770577666273683	-3.12702719704398	0.00176583591229729	0.00550031322018709	2.75304965505897	down	29862
Mag	19.8420652309633	2.40775751530415	0.672207362136409	3.58186721973978	0.000341147181419827	0.00124344692890785	3.46705821253847	up	17136
Gm48877	433.015310680709	-2.40710397198006	0.434514076795257	-5.53976062118303	3.02885377194968e-08	2.24840432662541e-07	7.51872169318029	down	NA
Arhgap9	210.160230756362	2.40604654389692	0.272075078404995	8.84331838844651	9.29169731487827e-19	2.41458736160993e-17	18.0319049461619	up	216445
Zfp707	1490.07078572297	-2.40594571663553	0.271425773031161	-8.86410192284618	7.71231811540637e-19	2.02327517207446e-17	18.112815065086	down	69020
Chn2	447.240352641894	-2.40543081919852	0.277414674422592	-8.67088528826079	4.28773508633177e-18	1.03985676098746e-16	17.3677720549614	down	69993
Usp18	217.222679720929	2.40535560001086	0.205725488663468	11.6920640978309	1.39943543658285e-31	1.26514219562626e-29	30.8540471330553	up	24110
Gm16332	508.442778405861	-2.40487614395842	0.306449205759819	-7.84755221667389	4.24235799278363e-15	7.30687348023627e-14	14.3723926861895	down	100417200
Phldb3	385.19958356898	-2.4048317600121	0.244663273629094	-9.82914895374855	8.43283725218493e-23	3.36196095503257e-21	22.0740262811694	down	232970
Rims3	153.397066149592	2.40425446954027	0.291109179031009	8.25894421310629	1.46966592624587e-16	3.01383248943456e-15	15.8327813746918	up	242662
Stap1	63.517251358552	2.40347225170791	0.534277988348664	4.49854252677808	6.84209110577024e-06	3.43998188858255e-05	5.16481114727024	up	56792
Cacnb3	101.070157026983	2.40303055112161	0.25316353414034	9.4920090260294	2.26623748861109e-21	7.68286427477028e-20	20.6446945805322	up	12297
Sap30	531.591883274631	2.39919541860139	0.273131918414933	8.78401701465226	1.57737817371225e-18	3.97565367971245e-17	17.8020641728303	up	60406
Il1b	86.5700782313374	2.39918113043577	0.370483084586781	6.4758182768633	9.42994853614001e-11	9.79941117171678e-10	10.0254906774145	up	16176
Fam47e	510.26570465585	-2.39899317486247	0.777328743797681	-3.08620155115075	0.00202731351170226	0.00621920487196729	2.69307908511366	down	384198
Nfe2l2	10257.769930815	2.39867723759967	0.16730916902655	14.3367948783431	1.28871112067116e-46	2.95421682614809e-44	45.8898444238094	up	18024
Ednrb	1196.5069906656	2.39819476291765	0.330999894256024	7.24530371318693	4.31471235740047e-13	5.87997885025502e-12	12.3650481514569	up	13618
Cx3cl1	82.9978458035137	2.39753736024052	0.395679777117027	6.05928707731613	1.36726182529879e-09	1.2166355687594e-08	8.86414831177135	up	20312
Fndc8	7.49481027441418	2.39660649014137	0.792895502860842	3.02260068507664	0.00250612697584951	0.00752619791749192	2.60099692874739	up	78919
Pdxp	8.63035321909817	2.39646660182585	0.932786528156848	2.5691479556005	0.0101948919410556	0.026036185572542	1.99161737308859	up	57028
Snhg10	30.5300262870981	2.39592472460092	0.55664193199667	4.30424764445387	1.67554158282292e-05	7.89242385490172e-05	4.7758447895736	up	69434
H2bc9	12.8796808480379	2.39482541623697	0.726701556709437	3.29547307849584	0.000982561174004829	0.00324643067375377	3.00764040104854	up	319182
Ddr1	260.961920596221	2.3938595796973	0.323676778536924	7.39583355506061	1.40523938393529e-13	2.03606392603897e-12	12.8522496869571	up	12305
Itih4	38921.533837005	-2.39307105645291	0.334566514769567	-7.15275124918325	8.50556551865667e-13	1.12643170307602e-11	12.0702968056884	down	16427
Gm27042	14.9268227887414	2.39288934371807	0.805615769575788	2.97026130084083	0.00297546540561243	0.00875142230799953	2.52644509471492	up	102636239
Apbb1ip	262.748326518132	2.39094069311482	0.28535229088436	8.37890835116429	5.34208500301092e-17	1.15063969595054e-15	16.2722892057858	up	54519
Serpina3g	275.008421985439	2.39061360143919	0.360883152281696	6.62434249513852	3.48797199359525e-11	3.83796506906687e-10	10.4574270108598	up	20715
Mid1ip1	902.01258966358	-2.38788715108675	0.338531809703235	-7.05365665099543	1.74276102903016e-12	2.22684846549468e-11	11.7587621601584	down	68041
Gpr132	53.316760140902	2.38713213099382	0.435647464492045	5.47950424496825	4.2651921590506e-08	3.07720270568297e-07	7.37006139785276	up	56696
Adamts12	102.541023348276	2.38685569980581	0.423585791286962	5.63488140750408	1.75178845530952e-08	1.34285185093313e-07	7.75651834008504	up	239337
Ccdc80	1115.43087373752	2.38622938849487	0.228873629213062	10.425969110987	1.88725481808913e-25	9.848503733638e-24	24.7241694572179	up	67896
Olfml2b	42.8486161065961	2.38601769639299	0.794995585163596	3.00129678821046	0.00268832405854608	0.00799727608085329	2.57051838131925	up	320078
Slc38a1	153.347374509319	2.38582534121268	0.264573862586253	9.01761541329461	1.92227824412346e-19	5.35678579867457e-18	18.7161837492682	up	105727
Dbf4	272.246900199131	2.38577239934913	0.247135405952564	9.65370538532655	4.74109639593917e-22	1.74559373231749e-20	21.3241212145189	up	27214
Msr1	886.113367253389	2.38527313232569	0.275759074025394	8.64984458174544	5.15696141934991e-18	1.24128061363752e-16	17.2876061176579	up	20288
Kcp	283.421904502531	-2.38498307740633	0.264926987603976	-9.00241647321903	2.20803161325317e-19	6.10012291891005e-18	18.6559947129342	down	333088
Akr1b8	340.257637582833	2.38412016061521	0.33526930314419	7.11106008887985	1.15154986149823e-12	1.49825973871689e-11	11.9387172525719	up	14187
Nsl1	54.7639530474223	2.38356164110885	0.363432274234592	6.5584754301988	5.43606612927055e-11	5.82509122900578e-10	10.2647152687529	up	381318
Lrrc3	2634.96647950692	-2.38178659254134	0.550888137385974	-4.32353944639866	1.53545668596917e-05	7.26991737030299e-05	4.8137624301554	down	237387
Aim2	130.294513552702	2.37879354478479	0.400544079457649	5.93890577038551	2.86930717548327e-09	2.45234704709747e-08	8.54222295559637	up	383619
Rrm2	370.677830388773	2.37724549603295	0.235070073498936	10.1129227580886	4.84178640256655e-24	2.16821951087957e-22	23.3149943735545	up	20135
Armc2	19.376259777426	2.37717405026017	0.63475948839486	3.74499963170525	0.000180394040372832	0.00069752362277495	3.74377781422172	up	213402
Rhoc	864.577057618712	2.37657340390192	0.262227907218406	9.06300717231637	1.26902685967245e-19	3.62557584715916e-18	18.8965291857193	up	11853
Nckap1l	574.698331041997	2.37461625893196	0.251807597422718	9.43028043330086	4.0899400885832e-21	1.34855969770134e-19	20.3882830537013	up	105855
Abi1	5799.54553857071	2.37392342938611	0.299695704697297	7.92111262249773	2.35394603338304e-15	4.18924074111126e-14	14.628203498023	up	11308
Cdca3	211.665305576084	2.37366374046693	0.252165267800653	9.41312719697549	4.8159087470366e-21	1.5771282114445e-19	20.3173217507855	up	14793
Upp2	3087.9026723034	-2.37351549070753	0.701999575759993	-3.38107824087775	0.000722019805980584	0.00245336392870339	3.14145088898147	down	76654
Clec4a3	121.430939076024	2.37279024427127	0.300816452476423	7.88783400887039	3.07476356291385e-15	5.39231759266568e-14	14.5121882741226	up	73149
Ifitm6	13.4089825916013	2.37274025517672	0.617085320902295	3.84507648262858	0.000120514843634668	0.000481559209178079	3.91895945838697	up	213002
Tm7sf2	4592.3768957728	-2.372268489995	0.700309915734202	-3.38745523474122	0.000705442282558261	0.00240212141342915	3.15153851329427	down	73166
Csf2ra	524.189074977707	2.37158553381634	0.219238681103197	10.8173681846773	2.84839411974243e-27	1.74677315827262e-25	26.5453999194638	up	12982
H2-DMa	367.167475699332	2.37141368315998	0.283473512113437	8.36555650466212	5.98318482879394e-17	1.27729719582324e-15	16.2230675809979	up	14998
Slfn2	42.9753813690194	2.37100859142827	0.364580828203074	6.50338253691059	7.85337491239438e-11	8.25461721141191e-10	10.1049436692614	up	20556
Kcnip1	11.8462080490726	2.36971265203586	0.643378386541296	3.68323322885476	0.000230294275105555	0.000869689460959516	3.63771685804519	up	70357
Gm15657	12.1889217696534	2.36893153105995	0.815175286928886	2.90603943599017	0.00366035313554071	0.0105309666783164	2.43647701367158	up	NA
Bnip5	14.0154921470102	2.36847889441936	0.635626354655031	3.72621254149348	0.000194378517809422	0.000746798232030771	3.71135173381483	up	207819
Gstt1	7770.02531494175	-2.36789757459365	0.293052291108239	-8.08011964567464	6.47032598129123e-16	1.22751327187925e-14	15.1890738386034	down	14871
Clca3a1	614.93750394191	2.36607325429743	0.352536807653351	6.7115637372651	1.92549652905128e-11	2.20043686429741e-10	10.7154572599108	up	12722
Trpm8	70.2823248842384	2.364796418471	0.357398350940058	6.616696501959	3.67314517959873e-11	4.02561659523922e-10	10.4349619059992	up	171382
Hr	84.3640943415043	2.36476441766393	0.547220190771663	4.32141294773729	1.55033216289778e-05	7.33674026265907e-05	4.80957524308208	up	15460
Dnah2	42.9305576187836	2.36357360431698	0.461351725742692	5.12314893915712	3.00474815329159e-07	1.89454585591955e-06	6.52219192306868	up	327954
Dmrta1	8.7570609631678	-2.36243602499735	0.856895548034996	-2.75697082382422	0.00583395567439552	0.0159232672524678	2.23403687491236	down	242523
Proz	10445.1178670781	-2.36238133710154	0.595769617168732	-3.96525984041995	7.33160368522858e-05	0.000308180223887277	4.13480101915584	down	66901
Hk3	479.740172644639	2.36153563222375	0.291128564174783	8.11165898103344	4.99332739013789e-16	9.62477599844798e-15	15.3016099582651	up	212032
C1qc	2908.36863668189	2.36141093530707	0.217552670205874	10.8544332417176	1.89981675360441e-27	1.19943840680021e-25	26.7212882868032	up	12262
Tmem273	108.640126206879	2.3605664263548	0.38450552705364	6.13922625363327	8.29243894577222e-10	7.58210846817616e-09	9.08131771734985	up	69069
Gm30849	24.5709824580915	-2.3605109582159	0.566012159486103	-4.17042446642678	3.04032815996153e-05	0.000136914310215667	4.51707953798046	down	102632892
Gm11639	6.00227996726799	-2.35628475226381	0.973746532992335	-2.41981323930666	0.0155284801160928	0.037607396945728	1.80887104971228	down	NA
Ddias	70.3559780834443	2.35587821639684	0.584819104045573	4.02838792388912	5.61606222313328e-05	0.00024031754259701	4.25056808908806	up	74041
Ifi211	109.396574691805	2.35437711981991	0.369244264722649	6.3762049807012	1.8152992770093e-10	1.81869942133668e-09	9.74105176531708	up	381308
Gm27216	456.055246885862	-2.35397968128017	0.670737495633587	-3.5095394198241	0.000448883514449445	0.00159125569849752	3.34786634406394	down	105243469
C730027H18Rik	239.025214702587	-2.35315768799535	0.262792414120569	-8.95443537010063	3.41478741777833e-19	9.23527338718252e-18	18.4666363274611	down	319572
Src	385.432641606244	2.35314782070129	0.201148711209172	11.6985478383417	1.29653199447617e-31	1.18322370074091e-29	30.8872167616922	up	20779
Trim7	133.832980642721	-2.35179006761893	0.352329282532889	-6.67497759684336	2.47269935571127e-11	2.77958545204765e-10	10.6068286843232	down	94089
Izumo1	18.0554741876018	2.35055262050674	0.600365759515195	3.91520099748002	9.03289251643043e-05	0.00037190603396297	4.04417315746368	up	73456
Npdc1	486.97290660167	2.35034499958359	0.228534668383681	10.2844133724064	8.28450105356778e-25	4.03864183006332e-23	24.08173364249	up	18146
Cd34	34.2640721078178	2.35012203316827	0.567266815164214	4.1428865048063	3.42961694199325e-05	0.000153049139826239	4.4647543841172	up	12490
Hells	185.417076583538	2.3500198979782	0.347538647675759	6.76189515524236	1.36198254778013e-11	1.58467286646853e-10	10.8658284573655	up	15201
Rab39	46.421323203431	2.34986632354986	0.435961362576676	5.39007931726191	7.04265929420731e-08	4.91736275465711e-07	7.15226332115258	up	270160
Bsn	20.3445895436006	2.34946498205722	0.653538185835438	3.59499266145225	0.000324400720936786	0.00118938695399062	3.48891818929898	up	12217
Arl4d	913.600831026173	-2.34945269287778	0.267410398190589	-8.78594366103625	1.55057304600859e-18	3.92349994401333e-17	17.8095077697484	down	80981
Nectin3	1318.00295680105	-2.34943143530063	0.284488179348012	-8.25845010743516	1.47576127237819e-16	3.01669416782532e-15	15.8309838908017	down	58998
Clec1b	516.84390275056	2.34940258822484	0.284400097180007	8.26090641852988	1.44570398319676e-16	2.97419614320906e-15	15.8399206224114	up	56760
Crip3	35.1324777646011	-2.34935250833159	0.701686211778882	-3.34815259142063	0.000813522056787325	0.00273484300375292	3.0896306676673	down	114570
Itih5	1771.90440886813	2.34920464046121	0.20132495031541	11.6687208256144	1.8417159163277e-31	1.64949217138633e-29	30.7347773586593	up	209378
Sash3	127.461287622889	2.34918953324638	0.270476525222369	8.68537308853337	3.77501300304158e-18	9.24830157589933e-17	17.4230815481038	up	74131
Vim	2327.36716574392	2.34906463318459	0.249190542853095	9.42678083320934	4.22867905179276e-21	1.39192211660379e-19	20.3737952756771	up	22352
Col4a4	72.8968707853437	2.34836702515321	0.52548094224622	4.4689860970312	7.85912381797088e-06	3.90744353831261e-05	5.1046258690027	up	12829
Cpn2	9653.34331145945	-2.34835885302961	0.31783290544941	-7.38865867179195	1.48317360192547e-13	2.13772386816444e-12	12.8288080128653	down	71756
Gpr160	74.4483585787486	2.34828380758387	0.322250037035351	7.28714829387673	3.16584385024202e-13	4.37313408753661e-12	12.4995105097676	up	71862
Lsp1	160.818643077468	2.34737845357689	0.229464908640202	10.2297927272947	1.45831163583469e-24	6.91656375853024e-23	23.8361496589664	up	16985
Ubxn11	7.76121263884832	2.34720350469727	0.920348039290658	2.55034335326702	0.0107616873837953	0.0273253508828374	1.96811962792459	up	67586
Tlr4	289.328445974402	2.34381052229044	0.315263152540458	7.43445754254347	1.0499794506038e-13	1.54930301155761e-12	12.9788192005269	up	21898
Slc27a5	25503.6405656386	-2.34328672620673	0.345885173377096	-6.77475331864542	1.24618704304825e-11	1.45521999399255e-10	10.9044167685378	down	26459
Ntm	87.2865652003512	-2.3429653269143	0.339033285995854	-6.91072358878342	4.82187787623621e-12	5.83962769715751e-11	11.3167837932013	down	235106
Cbr1	12378.2733947164	2.34281910113461	0.202025871624003	11.5966290965689	4.28631047057531e-31	3.7516906555181e-29	30.3679163748774	up	12408
Oip5	43.3498178576611	2.34259987510639	0.455331626519262	5.1448213536454	2.67775507868414e-07	1.70737919851463e-06	6.57222914832487	up	70645
Gm26797	9.64509018656079	2.34210792469028	0.846839209439271	2.76570557738003	0.00567997911367779	0.0155514969163912	2.2456532612663	up	108167690
Mtarc1	15376.7445828622	-2.34156997307449	0.193603433903135	-12.094671700121	1.12691844626886e-33	1.21228724029906e-31	32.9481075121855	down	66112
Fam222a	290.947363420733	-2.3412963174274	0.298830817511706	-7.83485564481879	4.69381662697122e-15	8.02701003276712e-14	14.3284738809603	down	433940
Acsm1	5702.20501565951	-2.34071405697073	0.319910598583828	-7.31677558459314	2.54000094967468e-13	3.53653349869383e-12	12.5951661210027	down	117147
Tnfaip8	209.573692913797	2.34040167704774	0.301678891441739	7.75792322049062	8.63313875611604e-15	1.43930493409325e-13	14.063831278835	up	106869
Dusp14	155.608155868594	2.34025762119809	0.375440610619844	6.23336302733576	4.56526539462633e-10	4.35191833856062e-09	9.34053397035937	up	56405
Rnf152	597.597561389654	-2.33983158465945	0.232263878120152	-10.0740227175964	7.1972717745337e-24	3.16417044042057e-22	23.1428320977083	down	320311
Zbtb7c	179.352025602865	-2.33942480627808	0.45656004574025	-5.12402438212704	2.99082282027244e-07	1.88638336806964e-06	6.52420931430308	down	207259
Vsig4	1709.76521312474	2.33919722489232	0.311288800803653	7.51455631829101	5.71042629862429e-14	8.64465163571615e-13	13.2433314692972	up	278180
A930036K24Rik	26.0080536349272	-2.339049316131	0.594321395333875	-3.93566399341383	8.29669861827139e-05	0.000344610070305078	4.08109468558649	down	77829
4930578N18Rik	25.5747551064571	2.33901421637967	0.684246424287406	3.41837988969483	0.000629951146909919	0.00216613201516025	3.20069312903865	up	78215
Pdcd4	2433.33978766095	-2.33889411958765	0.283571557677995	-8.24798558339034	1.61086797007149e-16	3.26514459281018e-15	15.7929400537578	down	18569
Lilra6	12.3767582007625	2.33771199641522	0.718187527765397	3.25501614277386	0.00113385920799492	0.00368997683102083	2.94544086871204	up	18726
Rhobtb1	2293.42565471406	-2.33693438421321	0.223924028631921	-10.4362823341955	1.69312081374563e-25	8.9322559971194e-24	24.7713120514179	down	69288
Nipa1	29.1888686813701	2.33657047515134	0.455255815063632	5.13243411251047	2.86018867191641e-07	1.81349335088648e-06	6.54360531775572	up	233280
Cd200r1	101.902196883323	2.33638140406031	0.379137867070263	6.16235308309979	7.16718180056279e-10	6.6415424808295e-09	9.14465157920845	up	57781
Mbl1	4866.40473586623	-2.33621885023307	0.534970079583356	-4.36700843541111	1.25959864639257e-05	6.03954968499384e-05	4.89976781474282	down	17194
Mcc	2113.69923923809	-2.33499492289666	0.245575692378856	-9.50824937223185	1.93897993382702e-21	6.59664268653235e-20	20.7124266853376	down	328949
Ace	43.1071109591632	2.33413812118628	0.547791555254922	4.26099690437918	2.03517052492253e-05	9.4568638098234e-05	4.69139919580969	up	11421
Gm15417	173.91348243944	-2.33182186575202	0.232844810183957	-10.0144893240686	1.31639987600111e-23	5.63302133606165e-22	22.8806121672862	down	545539
Igf2bp2	159.746382286027	2.33154565406211	0.401334316074933	5.80948491239108	6.26653409008025e-09	5.15236466432901e-08	8.20297259341699	up	319765
Stmn1	573.292821685452	2.33124455163538	0.219733508869983	10.6094175787034	2.69423239595831e-26	1.54405175644563e-24	25.56956494613	up	16765
Ccdc112	14.116505237573	2.33120333283766	0.86068658203236	2.70853918430206	0.00675801313865372	0.0180915196716135	2.17018096822267	up	240261
Gnmt	45134.1873029636	-2.32988238068206	0.517003265028513	-4.50651386225493	6.59013819663269e-06	3.32372187308431e-05	5.18110547806066	down	14711
Vil1	40.8160598253939	2.32898101098872	0.687660454302476	3.38681830024835	0.000707082006495745	0.00240600302475386	3.15053021434566	up	22349
Gm13212	27.1086670534753	2.32827760797438	0.661645616016552	3.51891942093083	0.000433308294198607	0.00154143441956187	3.36320299781028	up	NA
Panx1	76.5217895982115	2.32817018491045	0.358476920716588	6.49461666948177	8.32450971186473e-11	8.71651761890523e-10	10.0796413356837	up	55991
Hacd4	181.545502611833	2.32785161479725	0.308647619474977	7.54210130879035	4.62458245793891e-14	7.07315010405653e-13	13.3349274725247	up	66775
Alas1	24114.1177899687	2.3272585258795	0.344750593952102	6.75055697279768	1.47278672751981e-11	1.707404047268e-10	10.8318601382675	up	11655
Pecr	6705.14471624005	-2.32674306225113	0.280201927230911	-8.30380820447992	1.00826357500032e-16	2.10804814334486e-15	15.9964259220523	down	111175
Slc8a1	233.398573134576	2.32601020997888	0.339952520130445	6.84216198511003	7.80068075059837e-12	9.24368667898598e-11	11.1078674956008	up	20541
Thrsp	6842.94323727658	-2.32584346657873	0.709418248614533	-3.2785221850735	0.00104352161390275	0.00342551179633676	2.98149855119701	down	21835
Kmo	7197.44920190781	-2.32579232406107	0.220233831131095	-10.5605588029599	4.53951338993992e-26	2.51910287713784e-24	25.3429906985505	down	98256
Pcdh9	16.6173177505051	2.32554856870176	0.749179956395378	3.10412544923246	0.00190842393455459	0.00588910394730389	2.71932514536201	up	211712
Slc10a1	14012.7351039386	-2.32480176862909	0.318448865212865	-7.30039269279571	2.86929051707575e-13	3.97775796953281e-12	12.5422254769979	down	20493
Syk	645.757982834966	2.32448924541691	0.213363887326063	10.8944830099792	1.22460065010886e-27	7.83418940813826e-26	26.9120055143445	up	20963
Gm48633	840.425959433637	-2.32408152132494	0.303803058833436	-7.64996089983133	2.01040433256065e-14	3.20997892436052e-13	13.6967165884798	down	NA
2310001H17Rik	828.197026084931	-2.32159927573223	0.281107720259168	-8.25875316975222	1.4720197108238e-16	3.01544803740671e-15	15.8320863746149	down	76432
Lgmn	4606.68231014447	2.32129845822414	0.231138669934944	10.0428823047112	9.87458185330722e-24	4.27292018353447e-22	23.0054812858429	up	19141
Tmem37	1527.27652472801	-2.3210621175267	0.246601767331476	-9.41218768479781	4.85916078158575e-21	1.58859083209194e-19	20.3134387306138	down	170706
Fermt3	508.425309154465	2.32028076580904	0.234651581889654	9.88819571180289	4.68393537923345e-23	1.90282404351306e-21	22.3293891051957	up	108101
Aif1l	10.7409921950865	2.3201098618751	0.729561190925733	3.18014429869979	0.00147201732205497	0.00467587686464707	2.83208707938125	up	108897
Spc25	349.021698840597	2.31938166367227	0.270567181975795	8.5722948612436	1.01442949587474e-17	2.35916115610676e-16	16.9937781315942	up	66442
Rtn4rl1	736.689768972879	-2.31918690131472	0.258614118350768	-8.96775054704907	3.02631500397071e-19	8.24253489624611e-18	18.5190858689876	down	237847
Mthfd1l	116.474508840222	2.31892308838413	0.352791693717458	6.57306600376281	4.92895950961586e-11	5.30531270638139e-10	10.3072447494701	up	270685
Ggta1	435.571424519166	2.31839128973896	0.236801028462477	9.79046123571345	1.23730167927376e-22	4.86234308899907e-21	21.9075243976464	up	14594
Kalrn	895.98558589427	-2.31833123955746	0.163580282342096	-14.1724369610093	1.35708085218357e-45	2.93617403254459e-43	44.8673942771662	down	545156
Slfn9	198.383767767325	2.31789783386086	0.368467646598644	6.29064140436093	3.16156906752607e-10	3.08874550808128e-09	9.50009732616523	up	237886
Triqk	10.3046362304664	2.31622658630248	0.698343125101021	3.31674574152558	0.000910724562080598	0.00302673665298999	3.04061295042073	up	208820
Gm11427	82.017643046476	2.31531317788374	0.552324707223985	4.19194207248239	2.76576624787755e-05	0.000125400505931552	4.55818452760585	up	435271
Arid5a	178.839156697086	2.31518009409268	0.258102807030012	8.96999192195331	2.96536183140295e-19	8.08796139171321e-18	18.5279223067536	up	214855
Ugt2b38	181.818781864283	-2.31512527863908	0.420891721250635	-5.50052462842447	3.78662853672036e-08	2.77033887169785e-07	7.42174729650716	down	100559
Gm44658	13.8321220897047	2.31486203023808	0.891687595424865	2.59604601669389	0.00943034345487108	0.0243093297947788	2.02547248988844	up	NA
Akap6	44.2675468701494	2.31449433245041	0.420742459277082	5.50097638452549	3.77693801051322e-08	2.76745503540497e-07	7.4228601430287	up	238161
Coro2a	105.174398960626	2.31367932498549	0.271191367022457	8.53153752786644	1.4441535050161e-17	3.28707090928961e-16	16.840386641366	up	107684
Ska3	40.2585635101369	2.31322376267223	0.420539162740744	5.50061437226549	3.78470154304105e-08	2.77033887169785e-07	7.42196836274805	up	219114
Ckap4	364.418819996893	2.313200776503	0.269054576955883	8.59751505688859	8.14606955034592e-18	1.91060554520659e-16	17.0890518862703	up	216197
Pira2	17.3789596144548	2.31201899586719	0.588449476782746	3.92900170207948	8.52992358672907e-05	0.000353230556099043	4.06905485933782	up	18725
Cfap45	8.97022887323239	2.31054432201134	0.937756465569934	2.46390657579426	0.0137431928029971	0.0338629456960348	1.86191236075228	up	71870
Lpxn	211.946123932857	2.3096146286046	0.431373858072237	5.35409039139743	8.59878696531029e-08	5.92832945950644e-07	7.06556281055054	up	107321
Ccdc18	38.5947240379495	2.30902196737819	0.477740029900914	4.83321853489459	1.34343172249833e-06	7.6108035446978e-06	5.87178440090608	up	73254
Gm46348	10.0138185066729	-2.30842575627128	0.757716027083736	-3.04655791056162	0.00231477884750003	0.0069984897923474	2.63549049488288	down	108167998
Dpy19l3	484.460413940866	-2.30840736362319	0.232102967460829	-9.94561762340577	2.63534149113954e-23	1.09366671882291e-21	22.5791631003345	down	233115
Tmem117	9.02088439223882	2.30727515027596	0.855766770090625	2.69614950114459	0.00701461761250276	0.0186875313705525	2.15399599866361	up	320709
Sp5	97.4026920358021	-2.30720794377039	0.895071218477077	-2.57768085504525	0.00994658159781095	0.0254831526406929	2.00232615023799	down	64406
Ly86	256.419096632784	2.30660093488982	0.245537277717717	9.39409671855048	5.77108645785774e-21	1.86769816525225e-19	20.2387424193858	up	17084
Obsl1	154.508429819032	2.30540351742856	0.43598114671233	5.28785140094536	1.23761451801472e-07	8.32396268211365e-07	6.90741460472506	up	98733
Ugdh	20444.892546061	2.30459638675359	0.157445664125097	14.6374077657832	1.62132791733426e-48	4.2189581589444e-46	47.7901291392007	up	22235
Akr1c6	29846.3861136709	-2.30441044831546	0.301657168910451	-7.63917017665688	2.18626187926273e-14	3.46776431195083e-13	13.6602978177263	down	83702
Serinc2	1482.83052010894	2.30422686977296	0.263684503441575	8.7385752279656	2.36068682151302e-18	5.84285159833608e-17	17.6269616244038	up	230779
Bcl6	2164.22509271175	-2.30360653647797	0.67121937716006	-3.43197263795417	0.000599208010663932	0.00206965909477034	3.22242238929409	down	12053
Pdgfra	483.207773403262	2.3031917917415	0.308694556596853	7.46107031213188	8.58224344529468e-14	1.28009047081793e-12	13.0663991703617	up	18595
Ptpro	46.372901002524	2.30084966251487	0.502550334927379	4.57834669008301	4.68665468601427e-06	2.42532175850285e-05	5.32913704423597	up	19277
Gm4952	3671.49290779478	-2.30078141395308	0.152254861782533	-15.1113822377593	1.36251375360609e-51	4.23170400636112e-49	50.8656591051357	down	240549
6030498E09Rik	12.808706834372	-2.30054461394288	0.853677386400421	-2.69486418475163	0.0070417327105344	0.0187442086085223	2.1523204638644	down	77883
Fbxo40	14.4104910829271	-2.29996225092717	0.896159862298545	-2.56646425229092	0.0102741214790546	0.0262107158453466	1.98825530357458	down	207215
Incenp	273.085731381125	2.29965081697101	0.233477840957999	9.84954635324344	6.8854046302609e-23	2.75073343486108e-21	22.1620705327453	up	16319
Fcgr1	324.068157770569	2.29952278437924	0.29825309146094	7.70997133044099	1.25846005666078e-14	2.06237505115404e-13	13.9001605643406	up	14129
Slc28a2	75.1435280970325	2.29932394316099	0.434938512878133	5.28654942038956	1.24645152921921e-07	8.3775464735236e-07	6.90432460524839	up	269346
Pdia5	2258.38720945267	-2.29931699276039	0.255027121187038	-9.01597046642761	1.95134994119539e-19	5.4221059837891e-18	18.709664840343	down	72599
Cyp2c40	387.309214598581	-2.29831985335943	0.999576932255909	-2.2992926098969	0.0214883291921942	0.0498829737100533	1.66779735141501	down	13099
Cip2a	102.500578598323	2.29689891144046	0.370581757798926	6.19808952573088	5.71526312300553e-10	5.37368685041965e-09	9.24296377047625	up	224171
Zfp697	585.707142391633	-2.29556841552	0.229943674518158	-9.98317705555641	1.80589924181097e-23	7.67646706408654e-22	22.743306484336	down	242109
Rcan2	156.708991904262	-2.29538132909596	0.251980606261303	-9.10935711741108	8.28715679827808e-20	2.41053612247194e-18	19.0815944439507	down	53901
Bc1	8.76978021845244	2.29346368838107	0.785811342335838	2.91859326128293	0.00351614679128064	0.0101524850221772	2.4539330023945	up	100568459
Def6	37.8285457223722	2.29303824198702	0.419667026966725	5.4639466401749	4.65663564058001e-08	3.32967604511729e-07	7.33192774219957	up	23853
Cd33	87.9830741535775	2.29264634155315	0.395553948462626	5.79603958060292	6.78992451198087e-09	5.54481706542424e-08	8.16813505402766	up	12489
Gm26708	280.601627035142	-2.2919978670925	0.417013340021476	-5.49622193614829	3.88014135325443e-08	2.83122402039664e-07	7.41115245280265	down	120623200
Cmtm8	1790.80055840369	-2.29047812839559	0.202188985548988	-11.3284020995329	9.49205715558572e-30	7.49094477819502e-28	29.0226396553809	down	70031
Bcl2l11	737.198578139652	2.28954319486299	0.327494139224665	6.99109669651932	2.7274568611092e-12	3.41259969574521e-11	11.564242109715	up	12125
Mdk	28.3237931721661	2.28890686959263	0.540118706577175	4.23778484566443	2.25735933594728e-05	0.000104089347157569	4.64639930259816	up	17242
Ntf3	101.114689170916	2.28857166143773	0.541805376216616	4.22397370328556	2.40032069763751e-05	0.000110022793034297	4.61973072999266	up	18205
Ccdc160	10.5939095926118	2.28663136497695	0.703355663270567	3.25103142604161	0.00114987146706855	0.00373955834654148	2.93935070248344	up	434778
Nup155	2827.71533331103	2.28630977630302	0.18634060706715	12.2695198448029	1.32033993492164e-34	1.57915936564292e-32	33.8793142408742	up	170762
Trarg1	30.0028375059477	2.28557674125895	0.623189314468297	3.66754802785571	0.000244887562676682	0.000920287842877086	3.61103327121685	up	237858
Slc17a8	537.029242505467	-2.28526435592499	0.325051328296003	-7.03047228849946	2.05835603922097e-12	2.61449234111075e-11	11.6864795020249	down	216227
Olfml3	405.949472802772	2.28486110386721	0.252467667494572	9.05011372957819	1.42819511039313e-19	4.03298120325932e-18	18.8452124581209	up	99543
Ttll13	36.0412378703344	-2.28369666814105	0.472557157204768	-4.8326358691706	1.34737095229923e-06	7.63087501690414e-06	5.87051281975025	down	269954
Cysltr1	33.9837517746474	2.28355441647877	0.58876434551022	3.87855418537591	0.000105079123147999	0.000425174111228803	3.97848355992074	up	58861
Gm44502	12.1714780451077	-2.28202182544107	0.731281836248808	-3.12057774762595	0.00180496644022995	0.00560949544432986	2.74353086852754	down	100134861
Nos2	15.5713405589611	2.28170668063869	0.803200580251753	2.84076821747753	0.00450050093433766	0.0126550300805499	2.34673914380006	up	18126
Gm18337	75.9486065049673	-2.28159892805362	0.564346665590427	-4.04290317843303	5.27934249018926e-05	0.00022722176797292	4.27742016281918	down	100416959
Serpinf2	21123.5167709377	-2.2811374286447	0.35562013238255	-6.41453399547926	1.41254268813596e-10	1.43838826032502e-09	9.84999841859401	down	18816
Themis2	419.151189933633	2.27966632193412	0.257536878058897	8.85180537683138	8.61147756140784e-19	2.25302461851181e-17	18.0649223256995	up	230787
Ptms	16787.3656904651	-2.2795210417702	0.243218232523226	-9.37232796292327	7.09500665328328e-21	2.28082551111224e-19	20.1490471929503	down	69202
Arl4c	279.11311039593	2.27950848444843	0.222654468380084	10.2378744115621	1.34151214707837e-24	6.37831059361507e-23	23.8724053905394	up	320982
Plcg2	264.568754926799	2.27942238537679	0.286027813115422	7.96923334325174	1.59661739453037e-15	2.91140762775349e-14	14.7967991435684	up	234779
Stard4	2645.62196230649	-2.27759791942443	0.509339614269826	-4.47166852059901	7.76116643905274e-06	3.86073420176697e-05	5.11007300297185	down	170459
Itgb7	224.740560818014	2.2775321137936	0.331848670526358	6.86316479792165	6.73514509144932e-12	8.04041871549585e-11	11.171653044078	up	16421
Phlda3	128.033242407365	2.27567086465002	0.418222244687327	5.44129561150284	5.28944563181293e-08	3.76120993671307e-07	7.27658984245644	up	27280
Dpys	8455.30710808441	-2.27407321748924	0.297168433177986	-7.65247234765075	1.97151513295161e-14	3.15573527848015e-13	13.7051998850213	down	64705
Inpp5d	472.249239209367	2.27365520668539	0.267495226525159	8.49979730936075	1.89922025682604e-17	4.26737284310878e-16	16.7214246662387	up	16331
Rfx4	171.655352691569	-2.27213162836837	0.307277851734254	-7.39438789858957	1.42061144621219e-13	2.05678902317759e-12	12.8475246904335	down	71137
Rab19	22.0776418877771	2.27092587313689	0.675390632567015	3.36238876234571	0.000772712517381982	0.00260626942299036	3.11198205244257	up	19331
Macrod1	1883.11972284736	-2.27081605840327	0.245648059683338	-9.24418479564039	2.37040674558837e-20	7.18188038831988e-19	19.6251771256321	down	107227
Fcho1	35.2266251627752	2.27065480194101	0.488894836274143	4.64446468538229	3.40959361820168e-06	1.80967846505214e-05	5.46729738050598	up	74015
Gm26947	6.32924962581097	2.27013792546969	0.986235909237381	2.30182039024021	0.0213453031757108	0.0496467155394959	1.67069767236141	up	102640832
Pkmyt1	120.935309945327	2.26963010798482	0.319450861455653	7.10478631249488	1.20508848529399e-12	1.56263864463441e-11	11.9189810632434	up	268930
Lst1	115.116665302593	2.26774776462766	0.383663003416183	5.91078040998312	3.40490689707677e-09	2.88324042260819e-08	8.46789475882862	up	16988
Sfxn3	178.144712050375	2.26770792849963	0.36876059452179	6.14953973441877	7.77081176106929e-10	7.14588114952962e-09	9.10953361119413	up	94280
Slc47a1	3644.00121806846	-2.26711485873822	0.360676024611371	-6.28573762611763	3.26300632781133e-10	3.18622970833342e-09	9.48638208400223	down	67473
Smox	343.522717115709	2.26662457159656	0.351118364973441	6.45544294377201	1.0790282902641e-10	1.11349243072484e-09	9.96696716871419	up	228608
Kynu	7062.23936885349	-2.26610882466367	0.308721525515403	-7.34030068321428	2.13114527195709e-13	2.99980506994193e-12	12.6713869450962	down	70789
Cyp7b1	3227.95895789258	-2.2654306669134	0.354284628563884	-6.39438034920247	1.6119971805671e-10	1.63015017997966e-09	9.79263572212474	down	13123
Tmeff1	14.8168933309341	2.2652367932808	0.911261161024792	2.48582611677792	0.0129251101897367	0.0320936069392094	1.88856574575119	up	230157
Stk10	364.829804944737	2.26508724807903	0.221925969468056	10.206499282208	1.85434786832256e-24	8.66682586223768e-23	23.7318087906223	up	20868
Nlrp3	113.018870539713	2.26486523102932	0.372977136897087	6.07239695674495	1.26014958993703e-09	1.12600651989919e-08	8.89957789755859	up	216799
Peg12	9.43938536322337	2.26482360031769	0.741092855818097	3.05605914635021	0.00224267011234754	0.00680290732252114	2.64923460467102	up	27412
Sfxn5	1366.05125436038	-2.26434946990936	0.233937287051482	-9.67930122832897	3.69230928116033e-22	1.39410014741222e-20	21.4327019280482	down	94282
Adcy7	520.137036568331	2.26433405043551	0.187098977720859	12.1023325622536	1.02652270384516e-33	1.11676390877075e-31	32.9886314407935	up	11513
Mup2	616.266564277156	-2.26404648297	0.697664733433826	-3.24517834207646	0.00117377087260191	0.00380827833577464	2.93041667180763	down	17841
Oaf	9394.41754049418	-2.26392826733197	0.254836962528168	-8.88383005695937	6.45969462831423e-19	1.70394355839478e-17	18.1897880120936	down	102644
Cela1	835.375304985599	-2.26344984687967	0.221437828481015	-10.2216042417239	1.58692547528803e-24	7.50806804721039e-23	23.7994434679718	down	109901
Epb41l3	222.585756886178	2.26335202290357	0.265132321045567	8.53668845042312	1.38123324464769e-17	3.16254784291747e-16	16.8597329772432	up	13823
Pcnx2	28.3239690524518	2.26321988188812	0.839631191096328	2.69549286149432	0.00702845837759138	0.0187192246914107	2.15313992270791	up	270109
Slc35b4	21.6607398951755	-2.26251965384786	0.489201698735978	-4.62492190786308	3.74739560769464e-06	1.97589950223899e-05	5.42627045658072	down	58246
AC169509.1	2086.78668508608	-2.26229356745673	0.273128433597369	-8.28289291473649	1.20218517090892e-16	2.48916963989485e-15	15.9200286334063	down	NA
Fam184b	6.65627252753126	-2.26170263741077	0.821102669411597	-2.75446996053673	0.00587872862572132	0.0160363788662544	2.23071658728021	down	58227
Tacc3	205.037793899295	2.26058795419301	0.251604974396905	8.98467114814249	2.595091828912e-19	7.14893966488261e-18	18.5858472697677	up	21335
Dusp2	35.6946945157773	2.25951946151159	0.562313247282283	4.01825756805851	5.86300892619905e-05	0.000250328381115053	4.23187944461854	up	13537
Stx11	63.5637584375315	2.25906414603329	0.346041559087065	6.52830299341271	6.6519029990762e-11	7.05336146201604e-10	10.1770540924761	up	74732
Zfp459	8.30674821719862	2.25729156932352	0.915115097179091	2.46667504042036	0.0136374056543654	0.0336238006761153	1.86526824090811	up	328274
Anxa2	1525.05232070586	2.25521057492257	0.334805932705505	6.73587399332692	1.6294745683294e-11	1.87662453874109e-10	10.7879524133028	up	12306
Kcnk13	94.1825906639945	2.25348473960581	0.297002927573126	7.58741591545749	3.26348252750566e-14	5.08839024693513e-13	13.486318708149	up	217826
Nfkbid	55.4375698278801	2.25327249076857	0.470420338124759	4.78991299515411	1.66853644438143e-06	9.28325275151943e-06	5.77766430299127	up	243910
Gbp2	379.28973343932	2.25291355975658	0.367724114515976	6.12664079080595	8.97537881011024e-10	8.16776438409654e-09	9.04694721275869	up	14469
Slc25a5-ps	10.2983619045982	-2.25289461390057	0.930277651573626	-2.4217443148179	0.0154462142028364	0.0374458391904593	1.81117794680797	down	667030
Zwilch	81.7065889534092	2.25284493348827	0.364258123690657	6.1847486355623	6.22015033925805e-10	5.81433082197831e-09	9.20619911840868	up	68014
Cps1	116801.805061791	-2.25270742129331	0.249539671694632	-9.02745205199276	1.75715268661117e-19	4.91798432171288e-18	18.7551904991356	down	227231
Slc22a27	224.451957662957	2.2524268240763	0.713426091537144	3.15719715159735	0.00159293606844949	0.00502022535745719	2.79780165400224	up	171405
Agxt	8878.93800110924	-2.2511290174011	0.619731003904637	-3.63242923658455	0.000280765583773483	0.00104270435509011	3.55165612906828	down	11611
Cyp4f15	5583.52082239833	-2.25004030593722	0.297377266110877	-7.56628216865204	3.84057348542349e-14	5.94964465288131e-13	13.4156039206953	down	106648
Aldoc	491.507032114616	-2.24897261280085	0.443319651508459	-5.07302711519419	3.9153668265445e-07	2.42114012883561e-06	6.4072275431128	down	11676
Muc13	6.96216629812216	2.24849065487073	0.90667324013113	2.47993494827921	0.0131406354005696	0.0325615847733069	1.8813836344498	up	17063
Iqck	45.9316535538272	2.24711178109987	0.367038587501705	6.12227666958705	9.22476633836864e-10	8.37887267035974e-09	9.03504462562877	up	434232
AI182371	10093.0983988556	-2.24657018186345	0.31614255109996	-7.10619362704237	1.19287032609487e-12	1.54888138902783e-11	11.9234067648144	down	98870
Cd22	119.709893952239	2.24557865243169	0.259810823823333	8.64312971794681	5.46937641726186e-18	1.30992925734819e-16	17.2620621862772	up	12483
Acsm3	283.15351275975	-2.24523685758542	0.250533619445176	-8.96181862760636	3.19366849222047e-19	8.67380542823658e-18	18.4957101663038	down	20216
Inha	24.446177595975	2.24399767845859	0.881240778920019	2.54640698902819	0.0108838211614744	0.0275943199849048	1.96321860298406	up	16322
Lgals1	1307.76394111751	2.2437105475141	0.215365649326057	10.4181449294971	2.04910859690892e-25	1.06642257140752e-23	24.6884350246205	up	16852
BC147527	10.3801834510838	2.24331033584059	0.93946082490205	2.38787001690516	0.0169463342083196	0.0406475599794971	1.77092423287557	up	NA
Relt	41.7500373420431	2.24315657472597	0.456839393206052	4.91016450876471	9.10000188313155e-07	5.29874920657941e-06	6.04095851780709	up	320100
Akr1b10	132.154238634962	2.24290371291506	0.405863466680117	5.52625179906328	3.27144519881745e-08	2.41545048882012e-07	7.48526035033139	up	67861
Gm44507	69.4145199432211	2.24230910523684	0.493116084246848	4.54722361908269	5.43582334045031e-06	2.77792500646792e-05	5.26473466590465	up	108167447
Hist1h2bq	6.97509050536382	2.24212438928264	0.91910491985552	2.43946511529402	0.0147090227599803	0.035898218284687	1.83241618002884	up	NA
Cacna1f	11.4516847001143	2.24210688373494	0.940544349932083	2.38383961787324	0.01713306741275	0.0410290195373604	1.76616487631222	up	54652
Mthfd2	318.087873615576	2.24198438517738	0.3049959023601	7.35086723404676	1.96924949215866e-13	2.77801232388331e-12	12.705699257857	up	17768
Baat	8944.97553864142	-2.24119890963785	0.292399183226652	-7.66486036283005	1.79025867919899e-14	2.87996834809154e-13	13.7470842121307	down	12012
Col4a2	3048.44890305345	2.24041090491598	0.232199067028774	9.64866454281812	4.98000137066513e-22	1.82656964559101e-20	21.3027705377077	up	12827
Ppp1r3d	22.0528476965843	2.23988528700062	0.726674121670716	3.08237932272975	0.00205352974911647	0.00628860827751062	2.68749900121864	up	228966
Itih1	21582.7436217579	-2.23855982802066	0.552369705172996	-4.05264772317585	5.06412275186868e-05	0.000218888322581332	4.29549577577643	down	16424
Car5b	99.2551572742106	-2.23832638505719	0.374770357959509	-5.97252780941394	2.33605308820857e-09	2.01356482840395e-08	8.63151729184472	down	56078
Acer2	1145.03566843039	2.23605139581954	0.235792639556399	9.48312636062884	2.4677637139897e-21	8.27861638964906e-20	20.6076964259285	up	230379
Plcxd1	50.8488557868504	2.23580114697129	0.423387210991547	5.28074795111355	1.28657580520674e-07	8.62615031513264e-07	6.89056462001478	up	403178
Kng2	8387.39071512599	-2.23551386414639	0.244931293124791	-9.12710595541343	7.03548506993511e-20	2.05889514447828e-18	19.1527059542443	down	385643
Rad18	159.748692373531	2.23534071668037	0.342092938835996	6.53430826221181	6.39042036269049e-11	6.80608044822833e-10	10.1944705729539	up	58186
C5ar2	205.037796909609	2.23495206512955	0.254686485211727	8.77530687689051	1.70438444679437e-18	4.26783184752566e-17	17.7684324375684	up	319430
2700038G22Rik	39.1693296098653	2.23480800742925	0.584942400515154	3.82056080301424	0.000133148574102428	0.000527770469929262	3.8756634800907	up	67194
Gm26532	55.6545302637891	2.2345345884382	0.38913319531732	5.74233865249156	9.33778379514584e-09	7.45783346160632e-08	8.0297561858413	up	NA
Comtd1	116.409358442976	2.23437567952309	0.312183666347195	7.15724722458135	8.23131753906806e-13	1.09086201329865e-11	12.0845306442349	up	69156
5031425F14Rik	42.4369250136571	2.23400141147811	0.436680819450342	5.11586795657773	3.12301487539131e-07	1.96140816831491e-06	6.50542594715469	up	319684
C4bp	12801.061517942	-2.2339195540226	0.547613812815921	-4.07937035505992	4.51578452665616e-05	0.000197402830522794	4.34526678887213	down	12269
Lpar5	15.3826247715721	2.23352547328037	0.660893920260592	3.3795521562669	0.00072604030043934	0.00246427671201772	3.13903927217502	up	381810
Elf4	297.611496595868	2.23277111767659	0.259515221239001	8.60362296676352	7.72384186214491e-18	1.81821881292741e-16	17.1121666265422	up	56501
Asap3	489.813623586985	-2.23265704635951	0.311852938527404	-7.15932662652566	8.10743072250033e-13	1.07592478285642e-11	12.0911167536589	down	230837
Gm7135	26.4682453081096	2.23227180039088	0.784264783813368	2.84632415794166	0.00442271479261773	0.0124508473752408	2.35431106605342	up	634346
Cd3d	19.6962931439142	2.23209576341478	0.695865876047236	3.2076522793356	0.00133823192249487	0.00428483436973084	2.87346861457166	up	12500
Card11	82.6211680028178	2.23204588242246	0.323963995005401	6.88979614041753	5.58723972974808e-12	6.73265883829968e-11	11.2528026941181	up	108723
Eln	670.87156465476	2.23045198465661	0.246193107208498	9.05976617276966	1.30730498077791e-19	3.71290039968429e-18	18.8836230841731	up	13717
Gm14221	173.571381554488	2.23012388541803	0.289475501792691	7.70401595854265	1.31855371876795e-14	2.15901959256766e-13	13.87990217206	up	105244348
Bard1	52.2365046803861	2.22912412675622	0.416609637244317	5.35063024826036	8.76484422125833e-08	6.02770858301966e-07	7.05725579827516	up	12021
Arhgef39	37.3310490215631	2.22904171085324	0.382485287570126	5.82778418750175	5.61681486745518e-09	4.64194794367884e-08	8.25050989041399	up	230098
A130077B15Rik	8.41822919813658	2.22858666232554	0.969591530752102	2.29847991823613	0.0215344895564942	0.0499720572306402	1.6668654180934	up	NA
Ulbp1	71.4369636598216	2.22834910430333	0.294631682887494	7.5631686397903	3.93367069430745e-14	6.07919445341768e-13	13.4052019996864	up	77777
Ptprc	660.735152740065	2.22745747929279	0.227397614223067	9.79543029465451	1.17794792224898e-22	4.64806663746442e-21	21.9288739095318	up	19264
Slc2a9	1633.0475074051	-2.22735053660366	0.333126355468344	-6.68620329806154	2.29034801223213e-11	2.58972057096547e-10	10.6400985227654	down	117591
Coq8a	18123.7952262369	-2.2268829277198	0.499638234554087	-4.45699062584196	8.31182363322184e-06	4.11445953422416e-05	5.08030368055328	down	67426
Shmt1	5547.38261423409	-2.22650414984034	0.261418436585633	-8.51701272075737	1.63721522249982e-17	3.71771418920477e-16	16.7858942260247	down	20425
Vav1	309.96235549088	2.22557901008255	0.2584972385275	8.6096819554449	7.32635507053093e-18	1.72887614262431e-16	17.1351120371545	up	22324
Creb5	45.7786413877591	2.22476774150508	0.367805005007149	6.04876962308286	1.45956193669185e-09	1.2948037747548e-08	8.83577747094471	up	231991
Dock11	97.1045928152003	2.22371639200639	0.336177834740666	6.61470258359479	3.72299491880105e-11	4.07561058308318e-10	10.4291075565128	up	75974
Cetn4	10.0367051429859	2.22352406121532	0.831324574478433	2.67467620888068	0.00748014554494432	0.019777245999375	2.12608995176773	up	207175
Tdrkh	81.904222404506	-2.22205149790369	0.272981672798422	-8.13992923087009	3.95509007676066e-16	7.70842252207523e-15	15.4028436210425	down	72634
Gm38392	27.9726611693272	-2.22142231908385	0.67795339154223	-3.27665934973862	0.00105043019596827	0.00344584052019847	2.97863280238516	down	NA
Slc25a43	17.2627559799761	2.22066324905088	0.595227410095585	3.73078122980639	0.000190886929358248	0.000734702920592128	3.71922380812769	up	194744
Ftcd	16130.5250488629	-2.22003802583015	0.313770335606923	-7.07535982181346	1.49061472836188e-12	1.91355181395576e-11	11.826634591938	down	14317
Mrgpre	86.1311777635364	2.21902839246297	0.35353209516762	6.27673815982921	3.45749615908275e-10	3.347287382569e-09	9.46123829367421	up	244238
Carmil1	1057.81480056068	-2.21751667630138	0.20459471357828	-10.8385824712569	2.25944783908483e-27	1.40802354658309e-25	26.6459976802054	down	68732
Abhd6	5825.17488972497	2.21635136475262	0.194836951905999	11.3754159212156	5.54379427668467e-30	4.4295146303668e-28	29.2561928942257	up	66082
Lpcat4	85.0979216339833	2.21622706448402	0.388694024345834	5.70172661700652	1.18599929373732e-08	9.33289840629577e-08	7.92591556959408	up	99010
Nat8f2	21112.4011861456	-2.2154714387676	0.617828718291378	-3.58589909011441	0.000335918845248369	0.00122647957605282	3.47376563129439	down	93673
Mad2l1	241.988940207285	2.21387162625106	0.241681358397391	9.16029122366502	5.17574494629086e-20	1.52859117616222e-18	19.2860271332566	up	56150
Galnt6	115.55530089921	2.21371196454202	0.426129613047316	5.1949263716066	2.04800879173483e-07	1.331413142932e-06	6.6886681833438	up	207839
BC024386	8061.08668928118	-2.21329584639021	0.286942935478956	-7.71336587428383	1.2254213072907e-14	2.01337139020391e-13	13.9117145725447	down	212965
Pik3ip1	43.5335278452554	2.21234819111768	0.473125017246903	4.67603299438963	2.92477569616898e-06	1.57009982730499e-05	5.53390743476176	up	216505
Pck1	38491.2288504964	-2.21217538077122	0.358897484030687	-6.16380855036052	7.10157973023202e-10	6.59026598965531e-09	9.14864503271616	down	18534
Dkk2	10.4977534316473	2.21193240317346	0.937077854725511	2.36045744974026	0.0182524120863177	0.04336439816584	1.73867973468386	up	56811
Csf1r	3410.45475429475	2.21186197734996	0.196982011420737	11.2287510996403	2.94613289708452e-29	2.19886570024262e-27	28.5307476664653	up	12978
Rgs19	165.10718468066	2.21109067086583	0.290622457813282	7.60812047184049	2.78110552544585e-14	4.36454506911045e-13	13.5557825320818	up	56470
Plekho2	559.899995993718	2.20957125833853	0.267953836073164	8.24608929179583	1.63662395730339e-16	3.31386234719602e-15	15.7860510958041	up	102595
Kcnk1	27.3245390623467	2.20849892249742	0.722745884195653	3.05570598296145	0.00224531315394367	0.00680985195973214	2.64872307936211	up	16525
Prx	14.4627132718115	2.20770581785	0.792330514878679	2.78634455747049	0.00533061772416567	0.0146994665468329	2.27322246102	up	19153
Gm5431	83.0559265620166	2.20676724426486	0.398403795006422	5.53902164568812	3.041660523334e-08	2.25530285087869e-07	7.51688925874781	up	432555
Sardh	7713.5040344515	-2.2061759407922	0.695490914223946	-3.17211324500756	0.00151333982015642	0.00479369494603257	2.82006354028628	down	192166
Lmod1	57.1922248809743	2.20433205710654	0.671753201029399	3.28146118802054	0.00103270735970888	0.00339406262477457	2.98602272791801	up	93689
Gata2	131.146465571891	2.20383121838825	0.347148413018782	6.34838338802665	2.17589276494667e-10	2.16644214487141e-09	9.66236251188723	up	14461
Plekhf1	261.703280492747	-2.20376575591374	0.271158961008115	-8.12720976552125	4.39284816092237e-16	8.52708509946785e-15	15.3572538078918	down	72287
Spag8	16.4439134629142	-2.20357572055191	0.64930861086479	-3.39372631700825	0.000689485608617653	0.0023515293800109	3.1614747942643	down	433700
Fn3k	421.525742741843	-2.20335924403487	0.416208288314564	-5.29388603229737	1.19744075440575e-07	8.08766017777522e-07	6.92174596490394	down	63828
Map4k1	105.393239584188	2.20266915252144	0.258803153025917	8.51098267840984	1.72465402544257e-17	3.89788003684533e-16	16.7632980135827	up	26411
Zfp941	47.1828708659403	2.20208357571326	0.426602401343322	5.16191087715199	2.44441668557621e-07	1.57265912788024e-06	6.61182476045011	up	407812
Gng2	117.555027077646	2.20194752811769	0.369653154661729	5.95679355187081	2.57234854429829e-09	2.20735933908235e-08	8.58967018636606	up	14702
Selenon	259.62821920543	2.20142000969142	0.234825411561718	9.37470947054143	6.93665419442178e-21	2.23739050532305e-19	20.1588499553776	up	74777
Gm16548	44.9983936187641	-2.20107663139163	0.497016782178294	-4.42857607693826	9.48572598745608e-06	4.63950062520839e-05	5.02292942489336	down	100503816
Slc2a10	16.5484075015745	2.20037111447555	0.704109436237041	3.12504136606228	0.00177780057654908	0.00553094984523732	2.75011695729254	up	170441
Cerk	561.738795997435	2.20036063334296	0.262758825958045	8.37406935930782	5.56619709633491e-17	1.19532503891285e-15	16.2544414195731	up	223753
Wfdc17	725.629816308933	2.19939266800267	0.267154638383789	8.23265761473722	1.8310498940914e-16	3.69201013200251e-15	15.7372998214911	up	100034251
Rdh11	2278.82338782099	-2.19877553914871	0.319712754397551	-6.8773469588098	6.09774732523887e-12	7.30212826460197e-11	11.2148305756295	down	17252
Treml4	230.509732278581	2.19782921845183	0.273375223536526	8.03960647940057	9.012743990138e-16	1.68168021583428e-14	15.0451429650313	up	224840
Crb2	16.1753529780925	2.19778127185332	0.767866295666353	2.8621926554884	0.0042072108423558	0.0119348927490282	2.37600572297773	up	241324
Slc35e4	49.3096757103929	2.19692802252377	0.543200091919331	4.04441761922608	5.24533478486473e-05	0.000225960104289386	4.28022678762689	up	103710
Ptp4a3	1020.95456715906	2.19666317426219	0.257349650958465	8.53571460493924	1.39291802509822e-17	3.18482695372425e-16	16.8560744415768	up	19245
Prf1	38.3618258229203	2.19482449355535	0.471858841765704	4.65144297252603	3.29620430993638e-06	1.75384664802805e-05	5.48198587709385	up	18646
Clec10a	31.9715478696643	2.19440358853877	0.428779176507043	5.11779421383053	3.09129616033048e-07	1.94465857116379e-06	6.50985938554302	up	17312
Aspg	8291.60200418698	-2.19409862166629	0.23562117956084	-9.31197537401236	1.25476618569248e-20	3.92874433686088e-19	19.9014371934848	down	104816
Sytl2	145.77359046569	2.19377717405571	0.377897268301695	5.80522104304895	6.42811435486764e-09	5.26946658226187e-08	8.19191640582807	up	83671
Dynll1	1775.87831216258	2.19349391553045	0.220532613606021	9.94634707159053	2.61610289288354e-23	1.08802758758889e-21	22.5823451789514	up	56455
Btk	113.123814170741	2.19276655780725	0.378035558115795	5.80042408903659	6.61474137481235e-09	5.40634379937974e-08	8.17948713132343	up	12229
Ralgds	275.311838899454	2.19215062076554	0.234529081214344	9.34703112046928	9.01424302002788e-21	2.87857816904904e-19	20.045070737719	up	19730
Apoc1	71144.680236871	-2.19181753851231	0.24247106288278	-9.03950150774043	1.57387890550921e-19	4.4243229495599e-18	18.8030286853774	down	11812
Sh3kbp1	205.399634293524	2.19013132249494	0.227809867299664	9.61385627609368	6.98816299395295e-22	2.51992634104041e-20	21.1556369739597	up	58194
Hsd17b10	3451.21577472906	-2.19002858076359	0.235629996757944	-9.29435390610873	1.48102937067028e-20	4.57764070010063e-19	19.829436328789	down	15108
Gm50482	10.0918056378513	-2.18857292515678	0.7293439291723	-3.00074195124994	0.00269322694658438	0.00800938657659133	2.56972704892919	down	NA
Tmsb4x	7696.25765151053	2.18727494107604	0.199126359629535	10.9843565921928	4.54465274435369e-28	3.05985430927534e-26	27.3424992954943	up	19241
Mcm2	431.60584953875	2.18552548653834	0.243555750542998	8.97340950343319	2.87474949279474e-19	7.86309321495106e-18	18.5413999939785	up	17216
Gpr84	12.8354467877025	-2.18521911584067	0.779040799540515	-2.8050124167175	0.00503146414703489	0.0139826632436576	2.29830561763785	down	80910
Shisa9	47.6758611328516	2.18472368777959	0.496036846962091	4.4043576624592	1.06097775039834e-05	5.15133322281152e-05	4.97429372352613	up	72555
Gm35533	149.303728834707	2.18443532362488	0.254262378897806	8.59126439819419	8.60174389187125e-18	2.01502652532692e-16	17.0654134922635	up	102639153
Col4a1	2705.5864123295	2.18332891056145	0.195871763578148	11.146726157343	7.42896111705401e-29	5.27867436420635e-27	28.1290719147288	up	12826
Mtfr2	36.4380227405276	2.18251476672517	0.397889010830139	5.48523509652017	4.12919898656137e-08	2.99029167676667e-07	7.38413418792131	up	71804
H1f4	43.6696669953186	2.18202775205871	0.60836707891725	3.58669597300072	0.000334894399540391	0.00122320306478562	3.4750921151327	up	50709
Hk2	142.703186943709	2.18094950875617	0.520251891668102	4.19210298642704	2.76380472308859e-05	0.000125341082778601	4.55849264533584	up	15277
Lrrc49	26.0777846920023	2.18094731454368	0.593681342191894	3.67359921821281	0.000239157751358733	0.00090086495699604	3.62131553861485	up	102747
Gm9816	12.2056400744362	2.18062228772972	0.598317711378917	3.64458923120316	0.000267819206008808	0.00099731708197749	3.57215828182529	up	100043806
Npas2	750.339927603999	-2.17939988346072	0.324877115489454	-6.7083822761024	1.96793838049818e-11	2.24228529318775e-10	10.7059885041916	down	18143
Cntn2	13.9539505278199	-2.17810773137258	0.906356151569536	-2.40314773348286	0.016254619252679	0.0392229258558378	1.78902319893913	down	21367
Ccnd1	1034.6228832342	2.17769382411996	0.256398428925864	8.4933976906295	2.00682132648705e-17	4.49864394212277e-16	16.697491292373	up	12443
Morc4	223.431710516821	2.17711179132637	0.349673017052497	6.22613609044796	4.78078833446535e-10	4.54163099005746e-09	9.3205004839153	up	75746
Grb7	3954.38669652721	-2.17690999506186	0.326208341138667	-6.67337318065844	2.4998961939007e-11	2.80524481991561e-10	10.6020780246688	down	14786
Enho	347.576267118512	-2.17619986783367	0.374934688668668	-5.8042105294685	6.4669979286198e-09	5.29908562185118e-08	8.18929727815743	down	69638
Stra6l	8414.48249404079	-2.1755616047743	0.32911668724664	-6.61030476143538	3.83529629833309e-11	4.1937799841398e-10	10.4162010787136	down	74152
Kcnn2	536.179805087772	-2.17527048092556	0.346400384487101	-6.27964222426132	3.39353037499049e-10	3.29530110442849e-09	9.46934825914918	down	140492
Lifr	7395.49598643182	-2.17507286791297	0.211616722716456	-10.2783600463718	8.82158122378676e-25	4.28960525366762e-23	24.0544535628028	down	16880
Stox1	14.4397341851049	2.17433186187933	0.584391660181135	3.72067572149367	0.000198690434817311	0.000761996218450935	3.70182303981545	up	216021
Tspan13	91.9895695850023	2.17418751703764	0.429605486023374	5.06089327946651	4.17296753086173e-07	2.56970459783414e-06	6.37955499444536	up	66109
Gm43936	11.7776900616967	-2.17267150274757	0.736125039412096	-2.95149789291609	0.00316236703802181	0.00924044608257178	2.49998772537892	down	NA
Npr3	250.407894689705	2.1723782405245	0.337264580541349	6.44116923584915	1.18556584695902e-10	1.21951153573947e-09	9.92607432006893	up	18162
Tfec	209.277653331938	2.1721029545101	0.323715840904054	6.70990628213924	1.94749451485364e-11	2.2203051733583e-10	10.7105237568503	up	21426
Lect2	2383.86855538137	-2.17138993050294	0.273670402093192	-7.93432506363449	2.11643104389411e-15	3.80522840160831e-14	14.6743958768447	down	16841
Srgn	554.219146544226	2.17136044487486	0.22798661005682	9.52407005101617	1.66526164383761e-21	5.76731622549227e-20	20.7785175209879	up	19073
H2-Eb2	10.4209147097913	2.17108112388856	0.753631352860999	2.88082643542697	0.00396633990239417	0.0113082382529615	2.40161007091518	up	381091
Mfap2	21.1376389848802	2.17054156976952	0.825982581290384	2.62782971328355	0.00859315204012129	0.0224001266663836	2.06584750409236	up	17150
Batf	27.5872548197072	2.1703185486384	0.465384804797427	4.66349250397871	3.10887514879973e-06	1.66105715497468e-05	5.50739671870177	up	53314
Antxr1	211.233842228338	2.16822159496792	0.300635382388037	7.2121304476708	5.50831656637948e-13	7.43294630709203e-12	12.2589811085239	up	69538
Gm44662	13.6455899083114	-2.16696837216461	0.710781649087157	-3.04871175971918	0.00229824874634179	0.00695506488441891	2.63860296811194	down	NA
Ifitm3	7881.09080369235	-2.16654533922646	0.222999275896671	-9.71548149882942	2.5902187725856e-22	9.83772242305884e-21	21.5866635534036	down	66141
Gm50209	22.6595466145747	2.16632278982625	0.527569765514588	4.10622998403487	4.0216907705321e-05	0.000177252637851605	4.395591325538	up	NA
Pimreg	37.3901082442599	2.16598844273648	0.799568396232806	2.70894704310677	0.00674971123278755	0.0180768344226088	2.17071480682668	up	109212
Axl	1840.89074034994	2.16581894071862	0.188417679017474	11.4947756071115	1.40144729130079e-30	1.16823675503412e-28	29.8534232314946	up	26362
Fhit	1062.75429841539	2.16575762995688	0.267444551465213	8.09796878676955	5.58844022487843e-16	1.06969189831272e-14	15.2527093900122	up	14198
Krt19	279.142086835588	2.16447893364448	0.81380229762633	2.65971101329863	0.00782077229675339	0.0206014762443616	2.10675035849292	up	16669
Gm40918	12.4908809195174	2.16207333866719	0.684047499405267	3.16070644296919	0.00157387030125165	0.00496398230383038	2.8030310596336	up	105245469
Ap5b1	426.525666507362	2.16169382347556	0.245555168857296	8.80329187748365	1.32860435408787e-18	3.39305111967055e-17	17.8766043286269	up	381201
Adgrv1	21.325897631718	-2.16167068989767	0.570855701788859	-3.78671997691143	0.000152648960441883	0.000597926847491638	3.81630614895386	down	110789
Rab31	429.566581571399	2.1614654131665	0.246178413440414	8.78007694890628	1.633628530038e-18	4.1066776728997e-17	17.7868466905792	up	106572
Epha3	74.8757440780094	2.16089344091784	0.44088083346884	4.90130955323229	9.51999108340147e-07	5.51993219819267e-06	6.02136345838352	up	13837
Plk5	54.103921429408	-2.15971010242295	0.614762974519724	-3.51307770951918	0.000442947906891667	0.00157253040101511	3.35364734619179	down	216166
Rgs2	271.153157727823	2.15908340676901	0.308997399677665	6.98738374180911	2.80059469567772e-12	3.49276240025713e-11	11.5527497380765	up	19735
Gm43449	88.4134160085013	2.15857549682073	0.373793354709687	5.77478296396474	7.70523390667149e-09	6.22365705146251e-08	8.11321417293066	up	NA
Gm11843	134.841535872382	2.15830161665474	0.744393910955211	2.89940794099886	0.00373868115565386	0.0107274689812652	2.42728157101711	up	101056106
Gm29571	180.302154337151	-2.15828676249107	0.392597447164146	-5.497454907262	3.85311799207004e-08	2.81363822735308e-07	7.41418769160462	down	102640597
Gmpr	137.01524640503	2.15790257952231	0.263748244826459	8.18167560107243	2.799237969619e-16	5.52275884661716e-15	15.5529601795977	up	66355
Noxa1	41.3534681138989	-2.15723784250222	0.343320098032297	-6.28345924070917	3.31121053035866e-10	3.22664128381671e-09	9.48001320545563	down	241275
Slc25a23	2663.1976482647	-2.15687739533379	0.322617391335698	-6.6855583525857	2.30045831240349e-11	2.59962589575362e-10	10.6381856323654	down	66972
Psen2	7033.11465957267	-2.15365630342658	0.298226412607943	-7.22154783204209	5.13991357971865e-13	6.97001238669453e-12	12.2890441829827	down	19165
Mcm3	495.093855796067	2.15332798943948	0.23192788885824	9.284471997051	1.62510908969838e-20	4.99889786441405e-19	19.7891174805535	up	17215
Hspb1	746.084736867548	-2.15228975932357	0.243821738896294	-8.82730870949542	1.07224543599623e-18	2.76771556508624e-17	17.9697057936558	down	15507
H2-Bl	16.0916738982229	-2.15168131137806	0.609406349934228	-3.53078255848545	0.000414332207801548	0.00148021910824241	3.38265130583564	down	14963
Ltb	119.134516643529	2.15165426831769	0.343901757818378	6.25659572654473	3.93471628281799e-10	3.77137365564675e-09	9.40508657747234	up	16994
Camk2n1	2950.58686949285	-2.1516291815779	0.142037878217335	-15.1482774072818	7.77785879450421e-52	2.49617414911622e-49	51.1091399456478	down	66259
Abcc6	7989.14700086748	-2.15112920743598	0.301145791861333	-7.14314881885018	9.1216774692268e-13	1.20223833913368e-11	12.0399252879174	down	27421
Cdca8	143.218338515093	2.15058386432201	0.26804214125841	8.02330504533878	1.02937300521711e-15	1.90409285191745e-14	14.9874272250882	up	52276
Ccdc88b	203.723547136097	2.14996176367422	0.247826053045095	8.67528549665039	4.12514259983337e-18	1.00295133715141e-16	17.3845610339625	up	78317
Hes6	2083.01539225799	-2.1498125318798	0.373992759073928	-5.74827314091083	9.01595093027355e-09	7.21276074421884e-08	8.04498846062315	down	55927
Gm45299	17.2287491345294	-2.14905344883363	0.790178641007241	-2.71970582005891	0.00653400174681082	0.0175847292294324	2.18482075375556	down	NA
Ksr2	87.1644805267886	2.14764300322138	0.460140050207445	4.66736812466804	3.05082437599356e-06	1.63275914908649e-05	5.51558279226982	up	333050
Fkbp10	54.538202368802	2.1474957644766	0.46111668846617	4.6571633996156	3.20595988943979e-06	1.70771683626702e-05	5.49404191551398	up	14230
Setbp1	86.154829984616	2.14736404155064	0.438021735741359	4.90241434689579	9.46658958698319e-07	5.49227626052872e-06	6.02380645080827	up	240427
Bach2	389.979955919799	-2.14731028760702	0.207820277942712	-10.3325349617661	5.02156726489926e-25	2.50505956613731e-23	24.2991607154709	down	12014
Gm49463	80.3707074958119	-2.14697491838005	0.337403616671339	-6.36322437667107	1.97561755744818e-10	1.9731582824804e-09	9.70429712288861	down	NA
E130102H24Rik	90.9400284504233	-2.14572336395959	0.403667216346758	-5.31557500105822	1.06321044640589e-07	7.22412856598158e-07	6.9733807649527	down	77866
Gm26760	10.2093652443339	2.14349118291202	0.764110298000688	2.80521174563478	0.00502835347722583	0.013976035588548	2.29857420039483	up	105246020
E230029C05Rik	147.79276621241	2.14331942040977	0.273261457942659	7.84347502405379	4.38246320660367e-15	7.52798496934526e-14	14.3582817213804	up	319711
Oas3	166.860031556083	2.14227859964185	0.311591989154001	6.87526853773849	6.18731929867967e-12	7.40018760343948e-11	11.2084974714899	up	246727
Slc41a3	105.507666796664	2.14213866877065	0.451552141176652	4.74394532420703	2.09595442524554e-06	1.15181787706987e-05	5.67861816495146	up	71699
Ikzf1	218.166859218363	2.14093978811734	0.294115200638501	7.27925582720489	3.35666613036444e-13	4.62345944251056e-12	12.4740918535543	up	22778
Gabre	14.1544234764633	2.13998197930995	0.749155473426888	2.85652585506845	0.00428305119525543	0.0121232447178948	2.36824673445609	up	14404
Slc25a24	198.199050841467	2.13921121012659	0.322789234376042	6.62726938295117	3.41953267510401e-11	3.76480967363081e-10	10.4660332420407	up	229731
Sytl3	9.62974379822809	2.13889355557342	0.811088883728292	2.63706431993208	0.00836269732771109	0.0218585719753502	2.07765362141246	up	83672
Was	107.487567844351	2.13498644418596	0.305231774755245	6.99464020709486	2.65940513082178e-12	3.331783031822e-11	11.5752154976899	up	22376
Tnf	30.9997094175227	2.13487146719596	0.526404108293356	4.05557523879779	5.00110705657386e-05	0.000216358835051418	4.30093384859538	up	21926
Gm49602	37.6178582275925	-2.13429232254457	0.477264721958793	-4.47192558835061	7.75184031774777e-06	3.85709139944576e-05	5.11059518201447	down	NA
Syn1	48.5279436363505	2.13371830519195	0.342583610020801	6.22831403131747	4.71481300081451e-10	4.48116678892814e-09	9.32653552759789	up	20964
Mx2	246.484959636341	-2.13362709589805	0.264603786848535	-8.06347906547303	7.41532330902235e-16	1.39852561839896e-14	15.1298699089291	down	17858
Slpi	150.559708065552	2.13346374952844	0.532953232509406	4.00309749409539	6.25185232851291e-05	0.00026569337549734	4.20399128875736	up	20568
Cdh11	26.3521842345829	2.13239902541182	0.537963109664807	3.96383875976267	7.37540778358286e-05	0.00030981861317773	4.13221396270385	up	12552
Hsf5	13.7913554871028	-2.13099449679446	0.850999484569887	-2.50410785838667	0.012276060429548	0.0306598987848736	1.91094098239771	down	327992
Sdc2	5791.3094748999	-2.12861887355422	0.215573136919161	-9.87423063919344	5.3844557352336e-23	2.17364946829472e-21	22.2688581889548	down	15529
Ncr1	13.3183625455068	2.12784250553232	0.719068977634541	2.95916326766328	0.00308475621857443	0.00904248222634637	2.51077915160197	up	17086
Slc17a4	2007.50196258137	-2.12751815317815	0.254333504300136	-8.36507230548553	6.00780717515309e-17	1.28113327757196e-15	16.2212840147707	down	319848
Rab8b	384.983411298902	2.1274377707555	0.231295402565541	9.19792502210529	3.64928271350545e-20	1.09115819769039e-18	19.4377924901132	up	235442
Gm26981	52.9340422223368	2.12737128741722	0.552482979623336	3.8505643899973	0.000117845941487205	0.000471648864846892	3.92868536961028	up	NA
Fut2	25.4682529310211	2.12698777897096	0.683933016276217	3.10993581001789	0.00187128005163222	0.00578756323068263	2.7278612120847	up	14344
Btg3	483.826407138212	2.12682182073671	0.354856910260608	5.99346316568773	2.05418709535855e-09	1.78177597784794e-08	8.6873600033963	up	12228
Efcc1	81.3425864271369	2.12607056708887	0.327847835275051	6.4849309293294	8.87724440101309e-11	9.26003348786067e-10	10.0517218233156	up	58229
Ccr7	56.6509908896442	2.12475363361415	0.399804287265751	5.31448436470071	1.06959765110899e-07	7.26240210499105e-07	6.97077955947787	up	12775
Col6a3	1017.68804348888	2.12378259604061	0.20117715807389	10.5567779979304	4.72606065375773e-26	2.61508689507928e-24	25.3255007089789	up	12835
Tmem86a	506.094558690368	2.12287510391805	0.213700499349898	9.93387994120784	2.96489165228234e-23	1.2277839495989e-21	22.5279911726794	up	67893
C030014I23Rik	7.21774885580679	2.1216125464624	0.765328652740571	2.77215878285113	0.00556858663986749	0.0152769204070791	2.25425501890093	up	77381
Golm1	163.569236556315	2.12151283576861	0.467539649931293	4.53761052368581	5.68952135740023e-06	2.89681182596771e-05	5.24492426797812	up	105348
Lrp11	178.038488252796	2.12146900688594	0.25892338565146	8.19342370928858	2.53898414404885e-16	5.02990521376591e-15	15.595340011286	up	237253
Suox	3962.85792240299	-2.12127306480946	0.28477717178774	-7.44888732299989	9.4130720381316e-14	1.39536655247315e-12	13.0262686176486	down	211389
Fmnl1	176.425446975654	2.12097037491567	0.319391435328904	6.64066139635688	3.12278679049556e-11	3.45787133052229e-10	10.5054576663853	up	57778
Rasa2	273.509930612339	2.1208997015983	0.281948063616272	7.52230632264537	5.38183078526965e-14	8.17291274457037e-13	13.2690699613807	up	114713
Tspan33	585.456536172232	-2.1201745044345	0.238565550153309	-8.88717798136408	6.26805598063306e-19	1.66021576290331e-17	18.2028671334588	down	232670
Gpr153	106.020981817941	2.11983638767424	0.282226649294384	7.51111347200628	5.86265466261334e-14	8.86812868682501e-13	13.2319056870089	up	100129
Ror1	296.061182695479	-2.11963098532324	0.283182404051935	-7.4850377530325	7.15265724956303e-14	1.07602787498114e-12	13.1455325855511	down	26563
Lmln	201.191855355967	2.11943279182358	0.266681141684806	7.94744157173499	1.90402759637957e-15	3.44262491980141e-14	14.7203267613777	up	239833
Plppr1	49.8074369761017	-2.11920149241351	0.337605107635084	-6.27716063675242	3.44811791511518e-10	3.3415681214624e-09	9.46241789104679	down	272031
Tspan17	317.782973061016	2.1178531524874	0.338049721413756	6.26491613017854	3.73026123714258e-10	3.59329216520348e-09	9.42826075267477	up	74257
Slc3a2	5512.21954026281	2.11781273099435	0.126474422826124	16.7449883041246	6.16025822261112e-63	2.82433172225237e-60	62.210401082916	up	17254
4930592A05Rik	31.9583326583719	-2.11761940289371	0.499628608572225	-4.23838700699139	2.25131441549624e-05	0.000103860350706266	4.64756384778958	down	75880
Asf1b	60.7834422292187	2.11724760176915	0.377101076256533	5.61453608880403	1.97090293403547e-08	1.49651841079602e-07	7.70533476397567	up	66929
Ccdc57	223.918779824165	-2.11464234430862	0.23555988132511	-8.97709037894307	2.78021495885618e-19	7.6153370195924e-18	18.5559216242848	down	71276
Ncoa4-ps	13.3432592337912	2.1130362109111	0.736051206090633	2.87077338291993	0.00409468956806536	0.0116414206884197	2.38777901795402	up	627557
Tlr5	237.014789173571	-2.11225340486517	0.38459589020075	-5.49213722425017	3.97098648890107e-08	2.88875390367506e-07	7.40110159060061	down	53791
Casz1	73.6306972034477	2.11220989173723	0.423256483051125	4.99037811898582	6.0261213992854e-07	3.59587832862224e-06	6.21996212349096	up	69743
Wdfy4	293.062118705164	2.11156489404819	0.251150490556872	8.40756826461397	4.18598733344328e-17	9.15970137417998e-16	16.3782020901454	up	545030
Txk	30.7453360237052	2.11145691382568	0.556540515916467	3.79389613772989	0.000148301727414143	0.000582201439976909	3.82885379029285	up	22165
Gm19426	39.8987592621155	-2.11078130516883	0.448058502099968	-4.71095023367704	2.46564445720417e-06	1.33892977066902e-05	5.60806954793763	down	100502874
Gm36041	344.450601494841	-2.11053540363269	0.416667603216862	-5.06527358339934	4.078142331594e-07	2.51533339965324e-06	6.38953762094454	down	102639819
Tnfaip8l2	140.681809680596	2.11013231529264	0.400457250660366	5.26930730262211	1.36939542867365e-07	9.15911023776998e-07	6.86347112623146	up	69769
Fam110c	83.8704344786377	2.10956244460133	0.301970187905505	6.9859957343255	2.82842668647446e-12	3.52518992069594e-11	11.548455073799	up	104943
Akr1d1	6121.36754745976	-2.10930130025164	0.539697456543559	-3.9083032070606	9.29466123008376e-05	0.000381128612961015	4.03176643468029	down	208665
Sned1	650.216828090991	-2.10873562966267	0.288553434463347	-7.30795540030395	2.7123778136406e-13	3.77108643895042e-12	12.5666498166667	down	208777
Acot1	6281.39343803732	2.10807728535428	0.266912209346267	7.89801744370358	2.83374499006388e-15	4.98780562419287e-14	14.5476392346782	up	26897
Calhm6	83.0522637228553	2.10785346720689	0.532272469922242	3.96010236545734	7.49176423644482e-05	0.000313879691255976	4.12541589819778	up	215900
Ahcy	48519.0680216284	-2.10745576277274	0.24420287158018	-8.62993849800325	6.13849718519192e-18	1.46109890974111e-16	17.211937938967	down	269378
Slamf6	27.7967536086833	2.10729445536666	0.574379074813811	3.66882177253717	0.000243670870717135	0.000916073074293079	3.61319638481993	up	30925
Sh3bgrl3	539.307938942786	2.10607069884777	0.295758848709299	7.12090511590349	1.07220588976335e-12	1.4026084655763e-11	11.9697218114693	up	73723
Rftn1	308.491521230891	2.10569954526593	0.272074850605175	7.73941266744146	9.98771149205808e-15	1.65939061683408e-13	14.0005340112963	up	76438
Zc2hc1a	80.8094419844419	2.10567527106946	0.287707476918404	7.31880621811801	2.50186566835388e-13	3.48848119549764e-12	12.6017360124119	up	67306
Arhgef2	502.463144711251	2.10497490632091	0.221872065145612	9.48733633925225	2.37013106144484e-21	8.00688486301436e-20	20.6252276380876	up	16800
5830428M24Rik	14.4552640593721	2.10466521819493	0.761155084580135	2.76509381705818	0.00569064266580217	0.0155762637061388	2.24483868431657	up	76062
Rps23rg1	77.8565623099583	-2.10449165298592	0.571453823107572	-3.68269765270215	0.00023077881024005	0.00087134838627106	3.63680406994564	down	546049
Sparc	6644.16841706742	2.10331362890771	0.206314046832056	10.19471849447	2.09350144717859e-24	9.71384671490867e-23	23.6791267345571	up	20692
Acy1	925.396594156034	-2.10297444345802	0.341393489671821	-6.15997231077721	7.27576648359734e-10	6.72275237083255e-09	9.1381212481067	down	109652
Ankrd33b	1102.56923022395	-2.10286052483807	0.339954229326174	-6.18571661545781	6.18209787845923e-10	5.78718895224166e-09	9.20886412322318	down	67434
Ugt1a7c	38.2891010419405	2.10181674070833	0.618541290693247	3.39802172034896	0.000678750309357491	0.00231778967139348	3.16828995946244	up	394432
Gja4	292.947174430447	2.10115251326493	0.326440751411759	6.43655090296806	1.22218860414375e-10	1.25517140060757e-09	9.91286177001937	up	14612
Cfhr1	3143.0309466071	-2.10084034362274	0.32334979613103	-6.49711355553607	8.18756627526859e-11	8.58245923770125e-10	10.0868451715355	down	50702
Plekhg6	438.397399495222	-2.10048439272746	0.252114210567292	-8.33147956238196	7.98382213215283e-17	1.68386066787223e-15	16.097789147057	down	213522
Col8a1	48.4113658291748	2.09974945835825	0.455400325257593	4.61077724784352	4.01166220626884e-06	2.10257396417836e-05	5.39667564298204	up	12837
Gm45808	32.9123941477754	-2.09954140650166	0.497671054280522	-4.21873321432557	2.45678765568066e-05	0.000112316958921621	4.60963237870567	down	NA
Orm2	974.948254278782	2.09873820308524	0.357104714321191	5.87709464176262	4.17529523012514e-09	3.49411060196826e-08	8.37931281065197	up	18406
Entpd4b	6.88443322711741	2.09794211838939	0.908753866375082	2.30859223384419	0.020966219307725	0.0488831173852698	1.67847987577324	up	100862375
Mical1	107.682618877202	2.09734046417146	0.266203025989782	7.8787251060473	3.30738220930529e-15	5.75831390799119e-14	14.4805156140368	up	171580
Cyb561	464.651601886901	2.09717628941813	0.185860621018381	11.283596696961	1.58145196584258e-29	1.21324458383525e-27	28.8009439945711	up	13056
Stk39	222.747295292337	2.09717565783241	0.220536419689844	9.50943005595997	1.91709982084881e-21	6.53374763721498e-20	20.7173552733947	up	53416
Stx1b	224.102160367655	-2.0950847614999	0.340184439525635	-6.15867311397709	7.33569666641195e-10	6.77487649920521e-09	9.13455863519342	down	56216
Zfp677	30.4528043039831	2.09364084671637	0.621869812761069	3.36668673049221	0.000760770570704265	0.00256961903341192	3.11874629579192	up	210503
Phf19	163.847140163135	-2.09356905090971	0.361623350080354	-5.78936357523516	7.06536152226431e-09	5.75266813838146e-08	8.15086561115335	down	74016
Gm40264	96.456178732939	-2.0929295708527	0.347223048924301	-6.02762281287665	1.6638880661724e-09	1.4616710128748e-08	8.77887589311667	down	105244705
Lix1	14.0460325887801	2.09290477515135	0.732123832607584	2.85867592603442	0.00425413144588957	0.0120502434719108	2.37118909521783	up	66643
Armh2	25.0541314877829	2.09262878707522	0.648864394439459	3.22506336456171	0.00125944789933831	0.00405482841492367	2.89981979362667	up	666145
D630024D03Rik	374.922689309392	2.09195999580271	0.286481076603093	7.30226240632653	2.82968708790664e-13	3.92568116460593e-12	12.5482615869171	up	414116
Clec2i	34.7633267763109	2.09109053780102	0.436253489815928	4.79329240135898	1.64066224630681e-06	9.14125469283011e-06	5.78498081545069	up	93675
Pde1b	131.171370807501	2.09020314567488	0.29005547390732	7.2062185812868	5.75270333219225e-13	7.73561839138924e-12	12.2401280220312	up	18574
Pgd	6546.6463485422	2.09009265982266	0.242306463368844	8.62582297955904	6.36333828808846e-18	1.51274619846212e-16	17.1963149881664	up	110208
B3galnt1	64.9481049927471	2.08960455546564	0.447010720663395	4.67461843502213	2.94500644682628e-06	1.57963911253724e-05	5.53091375017467	up	26879
Sgip1	13.7802987418517	2.08890340563615	0.545165283730544	3.83168823836666	0.000127266946186102	0.00050622853041925	3.89528437680962	up	73094
Lat2	41.6727530134904	2.08873173178547	0.565509615562453	3.69353884408848	0.000221154709661332	0.000839289532762831	3.65530380755755	up	56743
Aacs	2402.99969469507	-2.0886992585244	0.68303629093411	-3.05796234584831	0.00222847575875427	0.00676944773790382	2.65199208578535	down	78894
Il18bp	865.077300457821	2.08806350661211	0.25003586166252	8.35105609542691	6.76552778407966e-17	1.43319035214783e-15	16.1696983180948	up	16068
Bdnf	32.9033827418224	-2.08796669927479	0.811433403085845	-2.57318307495642	0.0100767888895891	0.0257721672012122	1.99667783988533	down	12064
Gm11808	48.098799493238	2.08772724022755	0.522843625208662	3.99302418461037	6.52359118766057e-05	0.000276692228875753	4.18551326260817	up	NA
Lzts1	15.3581294865839	2.08751773739936	0.708797412018311	2.94515428809922	0.00322793653788066	0.00940919557575386	2.49107501221489	up	211134
Pik3cd	457.768361335177	2.08635380195302	0.252952097908993	8.24801936492991	1.61041278129866e-16	3.26514459281018e-15	15.7930627912581	up	18707
Gm46224	33.7177412650812	2.08598373999626	0.594932614660691	3.5062521176217	0.00045446452511993	0.00160955837699271	3.34250001155302	up	108167810
Stk17b	361.457463560252	2.0849399536245	0.252580551071152	8.25455461547856	1.52469745036242e-16	3.1134224924898e-15	15.8168163259394	up	98267
Gm30091	10.7682566510913	2.08410926698764	0.680417046799164	3.06298802593463	0.00219138828289159	0.00666519866930351	2.65928066480488	up	102631865
Ccdc34	35.0520217320544	2.08400161615298	0.409155887941689	5.09341714874695	3.51666766520733e-07	2.19006961711618e-06	6.45386867177013	up	68201
Gm34777	85.5839996637328	2.08387764976461	0.39874894260748	5.22603931219934	1.73179554166423e-07	1.14047383550911e-06	6.76150338273925	up	102638142
Rasl11a	65.5464637453027	2.08358875882656	0.41888252164104	4.97416017900141	6.55311081404193e-07	3.89104846855354e-06	6.18355248799991	up	68895
Pde6g	32.5580025436302	-2.08309491886462	0.536783184746062	-3.88070077092687	0.000104155923344959	0.000421881880507054	3.98231602669674	down	18588
Efemp2	343.125199356005	2.08234192981039	0.249433068640674	8.34829937008131	6.92528597625164e-17	1.46542095339233e-15	16.1595622879179	up	58859
Scd1	283317.541946878	-2.08144576132147	0.65790558224325	-3.16374540283485	0.00155752980755258	0.00491668753675943	2.80756363318774	down	20249
Gsr	9887.89119677516	2.08042633018484	0.282703588079002	7.35903758534347	1.85240873416622e-13	2.61894145265086e-12	12.732263179961	up	14782
Zfyve28	21.6022927073224	2.08023810817572	0.764631556099889	2.72057580095996	0.00651683288997969	0.0175458800516567	2.18596341540001	up	231125
Tle2	480.239944636091	-2.08008244902954	0.223765048282952	-9.29583268249862	1.460584059047e-20	4.52170524775065e-19	19.8354734435999	down	21886
Pgpep1l	33.0525227233626	-2.07692552411643	0.460168495157413	-4.51340225585405	6.379585807393e-06	3.2225945516044e-05	5.19520751679654	down	78444
Dnah7a	36.7889154170412	2.0758088676851	0.492818696199107	4.21211468577572	2.5299103118656e-05	0.000115385961547333	4.5968948747737	up	627872
Gm31848	8.17595105303556	-2.07575791938756	0.885691192136244	-2.34365875806096	0.0190956334889734	0.0450619507921167	1.71906592952937	down	102634208
Msn	2182.84326258567	2.07562937496443	0.207252614681008	10.0149731676926	1.30997451847221e-23	5.61801098612492e-22	22.8827371521263	up	17698
4933404O12Rik	143.435402616085	-2.07499070994475	0.394070655462641	-5.26552962312991	1.39785775986352e-07	9.33047288165682e-07	6.85453701832511	down	66752
Brd3os	36.3192480450542	2.07456254068462	0.369993833420284	5.60701923463704	2.05840792994985e-08	1.56111473411242e-07	7.68646855368907	up	100504116
H2bc7	7.28110978274598	2.07357534792679	0.82356499635625	2.51780412851571	0.0118088971033632	0.0296430872927079	1.92779066159818	up	319180
Hnf4g	9.72373710601101	-2.07300203399183	0.842723341674477	-2.45988443831734	0.0138981759010111	0.0342054288279486	1.8570421960128	down	30942
Mpst	3705.38147514738	-2.07283520323152	0.317687176118109	-6.52476825964447	6.81067523012011e-11	7.21377129984559e-10	10.1668098287366	down	246221
Ggt6	819.329648283163	-2.07192819231179	0.164937236764503	-12.5619189029466	3.4193796081409e-36	4.57247039821953e-34	35.4660526825993	down	71522
2010003K11Rik	550.584780944094	2.07179282203273	0.209351154003599	9.89625699410814	4.32146978526134e-23	1.76301318188543e-21	22.364368519142	up	69861
Specc1	195.524728443078	2.07179033466957	0.218321208336483	9.48964303768633	2.3182676112247e-21	7.84544132192316e-20	20.6348364323199	up	432572
Gpr35	161.116646727087	2.07104514139407	0.284959841571287	7.26784914665237	3.65256346106577e-13	5.00596170863221e-12	12.437402229726	up	64095
Il18	319.783351907726	-2.06949469814481	0.246748171895746	-8.38707205911619	4.983995246297e-17	1.07833497149095e-15	16.302422380576	down	16173
Plcd3	508.227748677414	2.06920100953586	0.311491530735063	6.64288048106132	3.0761127687346e-11	3.41207531536598e-10	10.5119977475632	up	72469
C1s1	2199.4791991958	-2.06863501830163	0.31662764602389	-6.53333669462821	6.43203216240073e-11	6.83943380557644e-10	10.1916517926305	down	50908
Ltk	34.4920873591433	2.06803395320503	0.479540999431262	4.31252792911915	1.61398486626417e-05	7.61737563352522e-05	4.79210054181269	up	17005
Bicd1	20.4964935241295	2.06785876712333	0.543533850939334	3.8044709884208	0.000142107565309395	0.00055971022245811	3.84738280113892	up	12121
P2rx7	270.892400411885	2.06689023361833	0.244216446581587	8.46335397369658	2.59795650719358e-17	5.77670329128401e-16	16.5853681237957	up	18439
Apobr	104.119867580732	2.06664004859913	0.319232076619944	6.47378568745624	9.55774411037815e-11	9.91615951451733e-10	10.019644601032	up	171504
Gm12185	130.533834624651	2.0665178535472	0.304601246245915	6.7843381437738	1.16619895338245e-11	1.36512626421473e-10	10.933227352677	up	620913
Gpsm3	121.772206446551	2.06646273105261	0.287379750752498	7.19070402713353	6.44580760148635e-13	8.63747189799729e-12	12.1907226617247	up	106512
Glis3	155.995034055469	2.0649357768263	0.413108819743031	4.99852745363984	5.77697827579337e-07	3.46115412814801e-06	6.23829926561088	up	226075
Aass	8426.54486095242	-2.06442766072033	0.250708432705238	-8.23437663601653	1.80494999789344e-16	3.64689947772518e-15	15.7435348247499	down	30956
Pah	29574.8202789723	-2.06428613343395	0.271221560212738	-7.61106945854445	2.71837084428029e-14	4.27305705938459e-13	13.5656912964489	down	18478
Idua	553.578324587824	2.063903149828	0.279207620392544	7.39200150384979	1.44634890300994e-13	2.09090799372068e-12	12.8397269294661	up	15932
Mroh2a	1277.78427178061	2.06389462635391	0.234507863299686	8.80096128681361	1.35649142539142e-18	3.45968197183275e-17	17.8675829471416	up	100040766
Gabbr2	997.835695855717	-2.06366275696012	0.262116636579712	-7.87307049216065	3.46041544237959e-15	6.00845444170075e-14	14.4608717585766	down	242425
1810010H24Rik	320.369598127994	2.06339512088491	0.343736318776843	6.00284290070752	1.93892203938699e-09	1.68787896882621e-08	8.71243965278035	up	69066
Rps3a2	17.7559635542376	2.06305189085877	0.612520954334332	3.36813275735331	0.000756791452113633	0.00255752478095825	3.12102378189279	up	100043780
Nit2	4294.93369431176	-2.0628049843841	0.254784417513473	-8.09627607730374	5.66671398936767e-16	1.08252226765143e-14	15.2466687065351	down	52633
Trgc4	9.41307661880088	2.06280176141813	0.709961472418203	2.90551225884415	0.0036665248627064	0.0105455717335735	2.43574536570735	up	107576
Gpx7	156.958514970517	2.06259521954665	0.279123097471482	7.38955406496729	1.47322056393699e-13	2.1249689272787e-12	12.8317322276789	up	67305
Ptk7	116.691162295216	2.06232974750839	0.364720923550295	5.65454190955952	1.56262467655277e-08	1.20745990255619e-07	7.80614532170948	up	71461
Trim16	47.3925230142242	2.06198569060896	0.545365022085309	3.78092764865	0.00015624508066569	0.000610894471735741	3.8061936474135	up	94092
Gm5834	268.407203454911	-2.06191058921935	0.438792338813122	-4.69905786139421	2.61364403562638e-06	1.41610381401299e-05	5.58275356131941	down	545367
Bnipl	19.9056255222788	2.06163944478403	0.577923489660692	3.56732245992364	0.000360647569813624	0.00130833263080843	3.44291698991254	up	171388
Ppara	2452.01965914082	-2.06144627529338	0.232938407182358	-8.84974830998807	8.77168905693108e-19	2.28872146992229e-17	18.0569167718021	down	19013
Fhl3	102.70811352009	2.0613840922926	0.43594938643296	4.72849407854277	2.2619122159039e-06	1.23807224643108e-05	5.64552425391468	up	14201
Trbc1	36.0671292300957	2.06049223245212	0.410838190783286	5.01533761630992	5.29404205542114e-07	3.20572559179841e-06	6.27621261302243	up	100125262
Naip1	30.1049412332599	2.06037305360287	0.51988941536215	3.96309867583596	7.39831840510116e-05	0.00031044240402839	4.13086698167124	up	17940
Lor	25.3870797611961	-2.05994200384766	0.808315967911195	-2.54843660848473	0.0108206950639616	0.027448729304656	1.96574484156329	down	NA
Rasgrf2	17.737581869559	-2.0592871159815	0.496970424020099	-4.14368142740466	3.41774446342271e-05	0.00015259004727027	4.4662604115609	down	19418
Shb	2425.61734055395	-2.05887717863298	0.249593766806211	-8.248912643045	1.59842222521275e-16	3.25018145392785e-15	15.7963084904418	down	230126
Gm10134	65.6855706908314	2.05870309656936	0.327980654784736	6.27690403850358	3.45381097886328e-10	3.34540162017059e-09	9.4617014343085	up	100038637
H4c4	15.9964594729325	2.05833885582155	0.718241179230529	2.86580457281314	0.00415950935605373	0.0118093602698284	2.38095789449954	up	319156
Apoh	50112.193513528	-2.05829958835496	0.241871709005391	-8.50988152694238	1.74111163522013e-17	3.93046256128943e-16	16.7591733822395	down	11818
H2-Q1	254.338548096208	-2.05827114959643	0.419985918865893	-4.90080990132829	9.54423747236486e-07	5.53066014949918e-06	6.02025876342252	down	15006
Srebf1	9578.24217232558	-2.05816324109863	0.338663479863348	-6.07731085125891	1.22214707132654e-09	1.09458902350995e-08	8.9128765286088	down	20787
Naip3-ps1	22.6599634568695	2.05703834149863	0.554215720257164	3.71162034260619	0.000205936716947335	0.000786965156090074	3.68626621508176	up	53898
Bend4	69.4751670121332	2.05677242169116	0.383363264725565	5.3650743588161	8.09158775576154e-08	5.60675112720202e-07	7.09196625145222	up	666938
Syt1	266.189324839371	-2.05643762624356	0.332460124346518	-6.1855166248454	6.1899410893441e-10	5.79171553043781e-09	9.20831348421002	down	20979
1500015L24Rik	8.43671887384044	-2.05601208659497	0.874619827757679	-2.35074945861461	0.0187356443165823	0.0443319693978997	1.72733136697773	down	68994
Gngt1	38.3130030487698	-2.0554578240695	0.664919318551816	-3.09128907330631	0.00199289514834659	0.00612630730788025	2.70051555011656	down	14699
Plekhb1	750.962035564631	-2.05545506177155	0.231140620599429	-8.89266047846126	5.96628998956223e-19	1.58246391238306e-17	18.2242956417205	down	27276
Dgat2	13116.4276307377	-2.05384433617565	0.255504273411427	-8.03839524385737	9.10226269055694e-16	1.69673930657662e-14	15.0408506349455	down	67800
Gm17634	36.1633669036564	-2.05380452324555	0.428931120060141	-4.78819191985321	1.68290668526108e-06	9.3550955922019e-06	5.77393996435675	down	100504568
Exph5	338.788605889712	-2.05363913084937	0.375383643062641	-5.47077415013171	4.48074003048295e-08	3.21584532340588e-07	7.34865025282919	down	320051
Gm50321	17.6565460059574	2.05328351000089	0.715143358369726	2.87114951984124	0.00408982025880245	0.0116327295278434	2.38829577813583	up	NA
Apol10b	27.1175996485102	2.0521652970208	0.555783858432884	3.69238016880733	0.000222165029576801	0.00084210032091921	3.65332430118755	up	328561
Fgd3	131.60221711964	2.05079846295614	0.287355263772281	7.13680492932025	9.55252568184875e-13	1.25644422492951e-11	12.0198817860426	up	30938
Cds1	38.4642642529102	2.04931733612048	0.400411004147813	5.11803450677386	3.08736126549357e-07	1.9432716128396e-06	6.5104125488689	up	74596
Olfm3	46.0660159951283	-2.04742634972782	0.731452855829588	-2.7991227779208	0.00512416494587836	0.0142013414216801	2.29037689884698	down	229759
Gm4430	39.3405594248057	2.04732537593116	0.46802164460242	4.37442455822815	1.21753219100842e-05	5.85096078613881e-05	4.91451954740901	up	100043431
Agt	18388.703768322	-2.04652996570185	0.222579297905919	-9.19461057230437	3.76355335677992e-20	1.12358113857603e-18	19.4244019224912	down	11606
Apof	16435.380190314	-2.04632280480154	0.318732174865962	-6.42019528044851	1.36099642684904e-10	1.39178689301143e-09	9.86614301498901	down	103161
Mak	8.51910114197885	2.04588755984662	0.771187976481169	2.65290386032954	0.00798025970688592	0.0209556635641341	2.09798297488584	up	17152
Atp8a2	39.5588941716244	2.04387639865119	0.604905636265376	3.37883510438069	0.000727936558075497	0.00246911156637339	3.13790646914622	up	50769
Lbp	2632.6696428719	-2.04292087442227	0.225513433281447	-9.05897641970022	1.31680399879745e-19	3.73437081013899e-18	18.8804788632884	down	16803
Cpxm1	149.001123888766	2.04217378176471	0.355548515239932	5.74372749211625	9.26147934842294e-09	7.40610657530034e-08	8.03331963734154	up	56264
Cnbd2	1055.10814933427	2.04134654398583	0.253810568993167	8.04279566482822	8.78116864047368e-16	1.64165226544623e-14	15.0564476822334	up	70873
Dock2	288.241883714436	2.03994469927773	0.325106104660915	6.27470438122159	3.50299209065127e-10	3.38622568762956e-09	9.45556084326763	up	94176
Vldlr	679.214572238429	2.03896360744866	0.302560873989723	6.73901942627889	1.59459084181825e-11	1.83864917664983e-10	10.7973507345103	up	22359
Tro	38.9166780024012	-2.03814617684294	0.524785736777481	-3.88376823912642	0.00010284994872416	0.000417118494657208	3.98779592048671	down	56191
Ccnf	704.306630957763	-2.03698338233469	0.295992726429236	-6.88186972331456	5.90720254967009e-12	7.09158929528973e-11	11.2286181375397	down	12449
Sult1b1	536.672529039994	-2.0369514943851	0.334432965846946	-6.09076168441277	1.1237473112558e-09	1.00974700072523e-08	8.94933133437611	down	56362
Arhgef19	3203.61016363504	-2.03621483116267	0.339837411330856	-5.99173240870844	2.0761734846912e-09	1.79922577053167e-08	8.6827363597368	down	213649
Rac2	557.953568767563	2.03600663825234	0.214920013441457	9.47332268247293	2.71080684754991e-21	9.04667186419774e-20	20.5669014259945	up	19354
Lrp2bp	37.3101301333479	-2.03574416409065	0.750385673454709	-2.71293047842753	0.00666910965420249	0.0178908296881197	2.17593214180709	down	67620
Tmem26	76.4657503450931	2.03521862444836	0.372894546410163	5.45789324097471	4.81817196931773e-08	3.44134716028124e-07	7.31711770330137	up	327766
Fam180a	85.9944008354646	2.03482017559029	0.379948863231586	5.35551062920283	8.53151310264039e-08	5.89249699800729e-07	7.06897393790034	up	208164
Pcdh7	86.307522727812	2.03434285783618	0.287493181964303	7.07614296776185	1.48221947967916e-12	1.90404391599079e-11	11.8290874834309	up	54216
Klrc2	11.7470584332928	2.0331965972158	0.785162613161291	2.58952293847712	0.00961090194711911	0.0247119145271366	2.01723585350982	up	16642
Slc6a8	730.698271341882	2.03306734410921	0.213306826720885	9.53118742312692	1.55494343703532e-21	5.40469148439568e-20	20.8082854043415	up	102857
Gm13552	6.68756603512799	2.03147276449232	0.85178606084583	2.38495657286884	0.0170811375891931	0.0409352066481024	1.76748320904179	up	100038999
Trim15	34.9747776057919	2.0295896733868	0.529457123579188	3.83334095056944	0.000126414547462803	0.000503253778363393	3.89820294567955	up	69097
Tbx2	434.076103483156	2.02924766444602	0.195788114506084	10.3645089466499	3.5960070118315e-25	1.81268877015255e-23	24.4441794701099	up	21385
Gm43311	54.3504132831453	2.02909776320808	0.349291604310489	5.80917988914614	6.27796059726033e-09	5.15927482118379e-08	8.20218141441586	up	NA
B3galt1	489.436683949074	-2.02772194604867	0.389984042526214	-5.19949978700057	1.99825556363903e-07	1.30082519044737e-06	6.69934896917287	down	26877
Epn3	32.5237355563962	2.02749813705175	0.726289227118108	2.79158503437645	0.00524505738289225	0.0144925850143454	2.28024975610014	up	71889
Irf6	513.629278854851	-2.02718235948265	0.272628629706177	-7.43569140800593	1.0402242165495e-13	1.53608569891696e-12	12.9828730400138	down	54139
Por	22101.3125618415	2.02609517270432	0.261450756855207	7.74943318992334	9.23036280737921e-15	1.53754209531915e-13	14.034781228319	up	18984
Cdcp1	946.106952631932	2.02532725450039	0.201917091337154	10.0304894503387	1.11960219062246e-23	4.8338699064184e-22	22.950936260461	up	109332
Ccnb2	182.370459985366	2.02505520543413	0.263263776467742	7.69211485379668	1.44722609816844e-14	2.35568772158338e-13	13.8394636143431	up	12442
Btla	63.9413990188244	2.02334789218777	0.511118349862432	3.9586680711666	7.53688951825181e-05	0.000315500749050993	4.12280785091705	up	208154
Abat	10696.5607675925	-2.02265412142257	0.561778626667064	-3.60044691166452	0.000317670687851873	0.00116737915367856	3.4980228565971	down	268860
Kdelr3	59.1166741447822	2.02181010294236	0.401516510765189	5.03543453067298	4.76766061559512e-07	2.90617514447292e-06	6.32169466728213	up	105785
Ptgs1	774.260383269371	2.02106129599777	0.160918095384897	12.5595651077254	3.52263622714314e-36	4.67806090964609e-34	35.4531322028879	up	19224
Gm44787	116.207431544012	-2.020903648365	0.330145511156383	-6.12125132729046	9.28433266670245e-10	8.42900093493741e-09	9.0322493067421	down	NA
Ap1s2	199.14663821322	2.02087948909023	0.310535786156706	6.507718527714	7.63007108040602e-11	8.03305897891188e-10	10.1174714162149	up	108012
Ckb	633.1615988282	2.01998977725887	0.191205877317411	10.5644753477195	4.35396456132733e-26	2.43014323457736e-24	25.3611151101784	up	12709
Asic3	9.44894814814865	-2.01933292766105	0.862885716024864	-2.34020901048599	0.0192729506594613	0.045424717001051	1.715051790429	down	171209
Kcnk5	1200.79862644104	-2.0185751576374	0.359462642494815	-5.61553529909999	1.95954646292751e-08	1.48848231519259e-07	7.70784443448044	down	16529
Zfp30	98.0667899553044	-2.01819441354376	0.300516192596769	-6.71575929438107	1.87089413893954e-11	2.14185122113079e-10	10.7279507855492	down	22693
Zfp467	1018.96830356636	-2.01731654970643	0.14207189072109	-14.1992658749559	9.25771415871778e-46	2.0490407337962e-43	45.0334962326273	down	68910
Gm4070	27.7176089622766	2.01725105437612	0.459966239149172	4.38565025578301	1.15639799861277e-05	5.57665911877972e-05	4.93689266863765	up	NA
Gja1	260.442946829673	2.01665682794453	0.315787662370192	6.38611658482225	1.70151300390328e-10	1.715410178176e-09	9.7691647274369	up	14609
2310040G24Rik	70.8212053424541	-2.0154879372958	0.348893558908694	-5.77679892859028	7.61351787056887e-09	6.15732465836515e-08	8.1184146285436	down	381792
Slc39a14	4225.99119876739	-2.01466341513666	0.229952681782438	-8.76120860831171	1.93167944961539e-18	4.8244383244869e-17	17.7140649404533	down	213053
Slco1b2	18528.2061868342	-2.01340501677616	0.271224707613586	-7.42338349072775	1.14165598107551e-13	1.6743128386588e-12	12.9424647437511	down	28253
Gstm7	2069.06731955097	-2.0119829710543	0.340164486323266	-5.91473552339696	3.32409271184426e-09	2.81852616729516e-08	8.47832687186721	down	68312
Pvt1	394.480326415828	2.01113902784296	0.187159119131763	10.7456106716717	6.21492713807819e-27	3.71660363263458e-25	26.2065639585293	up	19296
Aif1	229.315614706491	2.01086048157569	0.322076690846944	6.24342133014303	4.28101675003394e-10	4.08702322948208e-09	9.36845307292881	up	11629
Fosb	13.0093564265929	2.00986874722896	0.648243967814957	3.10048198983424	0.00193205963091461	0.00595450388170482	2.71397947368786	up	14282
Txnrd3	265.709681626341	-2.00970695451742	0.283676827124315	-7.08449461625117	1.39552637147173e-12	1.79867843434134e-11	11.8552619521697	down	232223
Igsf3	100.602140437982	2.00807425434858	0.267869318813781	7.49646978325489	6.55595209460353e-14	9.87804487744019e-13	13.1833642285496	up	78908
Gm18890	24.1821809328129	-2.00805488492037	0.569331721009649	-3.52703847479164	0.000420235692546484	0.00149797948530426	3.3765070637395	down	100417898
C1qa	2938.70259681058	2.00800181063208	0.163626633385853	12.2718518928208	1.28285209111202e-34	1.54391249165332e-32	33.8918234135525	up	12259
Faap24	212.085316668875	2.00752726098872	0.291302205832869	6.89156216736827	5.51829959155308e-12	6.65374933844371e-11	11.2581947251279	up	101831
Osbp2	23.5903495676024	-2.00751986953093	0.447628242880577	-4.48479268558243	7.29848606893218e-06	3.65227774800827e-05	5.13676721660503	down	74309
Mycbpap	10.6501429616551	2.00624098893887	0.865996165241733	2.31668576543737	0.0205208555430117	0.0479725135773016	1.68780453684173	up	104601
H2ac6	10.1485804083518	2.00568876407971	0.795872683923769	2.52011258156439	0.0117317304710044	0.0294839731074994	1.93063792321451	up	319164
Arhgap27	203.454497149854	2.00558203456454	0.365044688043223	5.49407264440748	3.92768801137065e-08	2.86049774383333e-07	7.40586301689359	up	544817
Ppp4r4	807.258311804673	-2.00539656848877	0.288839634431134	-6.94294109753453	3.84019570924346e-12	4.70698972483717e-11	11.4156466419662	down	74521
L1cam	18.7717327694586	2.0049198012879	0.654684840495453	3.06241977402534	0.00219555319841666	0.00667575752229768	2.65845603544463	up	16728
Fam118a	187.373999312231	2.00282926394876	0.29908691316985	6.69647910275285	2.13500963816709e-11	2.42404160333405e-10	10.67060016008	up	73225
Nin	237.798433135177	2.00246968556052	0.296817116147021	6.74647645511335	1.51478634527145e-11	1.75187542730013e-10	10.8196486183914	up	18080
Zfp385b	454.380022586489	-2.00124142975298	0.295988555918173	-6.76121218114335	1.36841942290289e-11	1.59120074924022e-10	10.8637807702078	down	241494
Gm12743	11.5914696582792	2.00123721174194	0.815223317859963	2.4548331333252	0.0140949998769597	0.0346146304847258	1.85093492358349	up	115489936
A230083G16Rik	32.0473084196005	-2.00001985714476	0.505103850554915	-3.95962108573814	7.50687753673391e-05	0.000314312750266032	4.12454066892841	down	442825
Plcb2	153.186635375992	1.99823352474267	0.245901131267704	8.12616645739326	4.43080462466258e-16	8.59210209994992e-15	15.3535173996641	up	18796
Ociad2	1050.14922635435	-1.99750165398058	0.283448314831924	-7.04714598555661	1.82624695650893e-12	2.33197688292679e-11	11.7384404948208	down	433904
Gm11992	89.089701844593	1.99706788723324	0.437109969368418	4.56879967784494	4.90525330576252e-06	2.52622513120522e-05	5.30933856087233	up	626870
Gstk1	3313.38056411277	-1.99633211955533	0.294265505745218	-6.78411869749968	1.16797274477903e-11	1.36608316143811e-10	10.9325672915816	down	76263
Tm6sf1	109.507396959116	1.99537577712782	0.251982766572318	7.9186993788131	2.4000784673928e-15	4.25953096480329e-14	14.6197745593723	up	107769
Tmem62	1651.07166660356	1.9945259244906	0.188661480419079	10.5719827919303	4.01906078908877e-26	2.24973937658993e-24	25.3958754249684	up	96957
Pou2f2	149.351227875191	1.99280051669126	0.240928659297796	8.27133028714567	1.32472499713351e-16	2.7340733702897e-15	15.8778742686126	up	18987
Lrp4	1852.23173661846	1.99209593048145	0.160837636153877	12.3857573271941	3.12124438933134e-35	3.98031006364001e-33	34.5056722253165	up	228357
Tpm1	4284.3914622059	1.99084039329144	0.246320039327832	8.08233223218107	6.35397176692594e-16	1.20662801128132e-14	15.1969547192375	up	22003
Fbln2	249.139484225345	1.99070303406067	0.387670696429456	5.13503613349046	2.82089821206037e-07	1.79202269123952e-06	6.54961258443593	up	14115
Gm18840	278.372273302333	-1.98719379401812	0.253750150781266	-7.83130093873753	4.82847371248854e-15	8.24996360316587e-14	14.3161901286684	down	100417807
Slc2a6	62.0308900589892	1.98563007032736	0.509162808109649	3.89979401225188	9.62745621034895e-05	0.000393350937378484	4.01648844805159	up	227659
Sult1a1	7073.04800696999	-1.98346638192886	0.176688130105643	-11.2258043635582	3.04601965280688e-29	2.25592901670959e-27	28.5162672989389	down	20887
Isyna1	676.338456339674	1.98148075294027	0.203630521060069	9.73076502787985	2.22910118616534e-22	8.56757932950095e-21	21.6518702170308	up	71780
Loxl3	199.397808554823	1.98103515807106	0.198197037376708	9.99528138407918	1.59832653285876e-23	6.80915391963013e-22	22.7963344910221	up	16950
Enah	66.118107522157	1.98054964398237	0.406224178639906	4.87550901232301	1.08528241188476e-06	6.22526009033452e-06	5.96445723512068	up	13800
Pmvk	1635.13392577442	-1.98043481758862	0.60452910997896	-3.27599578729558	0.00105290131381743	0.00345335849069466	2.97761233239761	down	68603
Fam129b	989.690573233629	1.97929717409986	0.205268869524226	9.64246151249086	5.29038936825753e-22	1.93305005076218e-20	21.2765123630758	up	NA
Gm15318	171.254733605392	-1.9792429696649	0.461447353237095	-4.28920646262317	1.79312628204963e-05	8.41131295667421e-05	4.7463891238979	down	102631757
Cyp51	4584.42994834126	-1.97811645492703	0.570913613749008	-3.46482621414012	0.000530574220798183	0.00185253620955391	3.27525385506436	down	13121
Abcg3	233.892893841028	1.97581996067852	0.231577486121718	8.53200366653959	1.43834496640483e-17	3.27772434001081e-16	16.8421369421597	up	27405
Cldn6	26.2724042915051	1.97434355705319	0.784386868385439	2.51705330192119	0.0118340924628521	0.0296831163820085	1.92686504178965	up	54419
Adamts5	225.773809459122	1.97349409628361	0.36001991291591	5.48162483652552	4.21437184917012e-08	3.04738807088321e-07	7.37526714767477	up	23794
Ppp1r18	444.218602098427	1.97264029116669	0.245827214927517	8.02449920668195	1.01940948665447e-15	1.88747587259792e-14	14.9916513291714	up	76448
Susd2	231.66438431788	1.9711818468029	0.302325850798384	6.52005722169436	7.02805748804669e-11	7.42767700273474e-10	10.1531646947238	up	71733
Nr1d1	568.814003681421	-1.96977302703139	0.555468942999276	-3.54614430177774	0.000390912082810604	0.00140567751010289	3.40792090563101	down	217166
C1ra	6716.74083819887	-1.96972572908979	0.260965433300245	-7.54784150598058	4.42530990019977e-14	6.77913822102202e-13	13.354056310676	down	50909
Ildr2	581.065843646496	-1.96971034904896	0.318592727672849	-6.18253393113097	6.30807465376665e-10	5.89079949238267e-09	9.20010317559566	down	100039795
Mycl	123.527899243953	-1.96929953596923	0.376048455392823	-5.23682389258078	1.63363433013276e-07	1.07804190065238e-06	6.78684514864688	down	16918
Gm27027	16.7828253641841	-1.96910524889125	0.835334792555069	-2.35726473557779	0.0184101168068786	0.0436744128659918	1.73494345601408	down	NA
Qdpr	1750.6459570179	-1.96789852718612	0.294181576787867	-6.68940097702027	2.24085953765362e-11	2.54122445565713e-10	10.6495853652114	down	110391
Csrp1	925.042279392967	1.96788061265324	0.250987605811995	7.84054896370978	4.48580971422189e-15	7.69178556162571e-14	14.3481591529145	up	13007
Sytl1	156.905328697127	-1.96729144410411	0.354972334563993	-5.54209793988735	2.98869054092946e-08	2.22201641143389e-07	7.52451905094412	down	269589
Camk4	35.4073148270515	-1.96503414391517	0.465799861358409	-4.21862329066512	2.4579855219579e-05	0.00011234504915932	4.60942067952617	down	12326
Snapc1l	7.96749518164885	-1.96494178496155	0.841269135757367	-2.33568747674616	0.0195075356593343	0.045870937435113	1.70979759053121	down	NA
Slc16a2	5139.59565428973	-1.96467224774131	0.269695185521053	-7.28478798739231	3.22176555316859e-13	4.44719121805121e-12	12.4919060662352	down	20502
Pld4	551.135617387462	1.96432900326636	0.247235664543119	7.94516845656698	1.93927063218253e-15	3.4997746291759e-14	14.712361579337	up	104759
Dhcr7	3344.37439302886	-1.96313788745019	0.359083356710828	-5.46708125219826	4.57506370520547e-08	3.27499727536939e-07	7.33960285424746	down	13360
Gvin1	33.2839326036723	1.96258477048319	0.607426038316521	3.23098557961474	0.00123364163568904	0.00398039600147925	2.90881098150708	up	74558
Fam184a	20.0342789355477	-1.96223378339311	0.781270923200689	-2.51159197804814	0.012018796103658	0.0300993546328572	1.92013903247665	down	75906
Cmklr1	232.488683944465	1.96209159434808	0.263796932009019	7.43788632947785	1.02309033829028e-13	1.51310503487847e-12	12.9900860166409	up	14747
BC055324	30.0451127530891	1.96123859752971	0.403371636252137	4.86211330016222	1.16139111276259e-06	6.64006747843126e-06	5.9350215016133	up	NA
Gngt2	308.848106556801	1.96063516164426	0.25819914111409	7.59349993646152	3.11378342006477e-14	4.87471654770465e-13	13.5067115981718	up	14710
Grip1	39.2367074244933	1.9596964911965	0.599772340493282	3.26740057666672	0.00108539983040343	0.00355027333688608	2.96441025061619	up	74053
Lag3	66.4763629459852	-1.95967428119486	0.427505198739858	-4.58397766149118	4.56212997982855e-06	2.36945108895778e-05	5.34083234538157	down	16768
Ctsk	137.877395823281	1.95814767576787	0.425923930833076	4.59741173016006	4.27771761386915e-06	2.23290133837529e-05	5.36878788801746	up	13038
Slc26a8	9.57793166628794	1.9577746339869	0.835433405443061	2.34342392970104	0.0191076582808277	0.0450792781004189	1.71879253419201	up	224661
H2-Q10	68855.1877201809	-1.95720362653088	0.329592888307139	-5.93824592691763	2.88087677479432e-09	2.4600515820594e-08	8.54047531762079	down	15007
Smagp	1245.49650706975	-1.95466280807149	0.162228283236786	-12.048841108788	1.96695904781075e-33	2.0925836146212e-31	32.7062046820201	down	207818
Dok1	121.791304506619	1.95360465559561	0.375717638424473	5.19966180929864	1.99651455821249e-07	1.30013136059992e-06	6.69972751866358	up	13448
Anks4b	1716.71062485683	-1.95258807059807	0.363497444446983	-5.37166932100085	7.80110687699055e-08	5.41912388251551e-07	7.1078437721218	down	72074
Hck	383.268908941722	1.95236500115753	0.243214418550727	8.02734070122709	9.96081798571664e-16	1.84783729415183e-14	15.0017049957032	up	15162
Gm8883	416.950062817531	-1.95186761988296	0.332628025142145	-5.86801914555711	4.41032336407587e-09	3.68598900601758e-08	8.3555295669754	down	667931
Fbxl21	154.91355254539	-1.95144242941345	0.320190378961425	-6.0946316867583	1.09689704635419e-09	9.87925609195339e-09	8.95983413295266	down	213311
Lims2	2030.53663040041	-1.95118719811545	0.218210546376801	-8.9417639546449	3.83007002064285e-19	1.03149410234264e-17	18.4167932862661	down	225341
Fam20a	1473.63160298163	-1.95099521777291	0.163868600552167	-11.90585146391	1.10331322187737e-32	1.07844667007465e-30	31.957301177295	down	208659
Pianp	22.1076943626264	1.95084847848444	0.548722774785053	3.55525334126806	0.000377615058601608	0.00136372009910588	3.42295069515473	up	319352
Gm10076	180.575246247033	1.9507019239655	0.345495667626129	5.64609662797975	1.64131618626439e-08	1.26420737930828e-07	7.78480774757431	up	100126819
Il18r1	37.2426565374223	1.95048927481575	0.450936576342846	4.32541820101282	1.52242756032799e-05	7.21710120671488e-05	4.81746336266768	up	16182
Acyp2	213.477378004736	1.95021557347962	0.274378561851132	7.10775492196706	1.17945753676386e-12	1.53249894250506e-11	11.9283176901163	up	75572
Thrb	1166.32818952768	-1.94918325260832	0.1833182599819	-10.632782859715	2.09758321549292e-26	1.21294481674269e-24	25.6782808007913	down	21834
Tmem108	15.7384900653934	1.9484310645242	0.589313516565085	3.30627248443402	0.000945460965826458	0.00313201137536665	3.02435639667205	up	81907
Lbh	983.854337963018	1.94681470315898	0.189028912865912	10.2990313684974	7.11743451170887e-25	3.51418766557605e-23	24.1476765201535	up	77889
Prdm6	17.1734654525344	1.9465619364949	0.616656934605055	3.15663674120781	0.00159600035820532	0.00502823673062856	2.7969670155125	up	225518
Snhg18	95.5544751108034	1.94634484212152	0.309186391097301	6.29505339874097	3.07294056522026e-10	3.01132537017208e-09	9.51244583949842	up	100616095
Kif22	74.3820300766684	1.94621877776743	0.299142307028182	6.50599641723055	7.71800655118709e-11	8.12119858741304e-10	10.1124948571273	up	110033
Gm14963	31.5422002909541	1.94572542860155	0.567902853353281	3.42615892333113	0.000612182080401889	0.00211068543244741	3.21311938708184	up	105246847
Gm3219	177.277668485143	-1.94530150486436	0.241553380786695	-8.05329860641515	8.05919599616744e-16	1.51402807904585e-14	15.0937082822451	down	100041231
Tnfaip3	218.385820917196	1.94512824205806	0.228660296741183	8.50662869671565	1.79063822211613e-17	4.03281048012494e-16	16.7469921494997	up	21929
Prrx1	27.0796679438114	1.94343908340525	0.723922358880798	2.68459601995144	0.00726175208686156	0.0192633004800394	2.13895858179959	up	18933
Nfil3	2227.6593534977	-1.94258907961904	0.219727774093149	-8.84088999506959	9.49591183016915e-19	2.46101316556847e-17	18.0224633264722	down	18030
Grtp1	712.871623099548	-1.94256650321848	0.242857403829694	-7.99879465309908	1.25643050166063e-15	2.31298525238788e-14	14.9008615290213	down	66790
Ppm1l	496.897161095448	-1.94235163745172	0.195099877080611	-9.95567842746089	2.38192656911722e-23	9.97095174237416e-22	22.6230716312322	down	242083
Cotl1	1342.50620152078	1.94182248829291	0.22675389674784	8.56356832734961	1.09426971112565e-17	2.52956273198505e-16	16.9608756216799	up	72042
Cd300ld	399.362604634836	1.9413369547989	0.224447915031589	8.64938734015718	5.17766422935419e-18	1.24470789513663e-16	17.2858661169114	up	217305
Phlda1	508.063642905983	-1.94128096046757	0.340010594174909	-5.7094719803611	1.13327211906278e-08	8.95457034250013e-08	7.94566579568144	down	21664
Tgfb1	917.283718041861	1.94107139866117	0.209628957441409	9.25955756472096	2.05281050232532e-20	6.24469494988567e-19	19.6876511390818	up	21803
Prph	17.385620400214	1.94001012098122	0.634689074455173	3.0566307174053	0.00223839856816992	0.00679208995094233	2.65006258065608	up	19132
Casp1	159.024357249147	1.93990896677813	0.356360032992606	5.44367714439622	5.21917798189264e-08	3.71398711083979e-07	7.28239789279086	up	12362
Tm4sf4	7671.08750534777	1.93977189894946	0.239426837844561	8.10173126961144	5.41825250310115e-16	1.03918197410075e-14	15.2661407597037	up	229302
Gpr155	623.728392261078	-1.9393692902992	0.353552447095493	-5.48537934394605	4.12583082674134e-08	2.98897661398537e-07	7.38448858356572	down	68526
1700022H01Rik	10.1008842051903	-1.9392327084305	0.729541068757503	-2.65815427188116	0.00785699180740765	0.0206827387892606	2.10474369969964	down	75539
Atg16l2	593.361751155904	-1.93876801873345	0.265440007239279	-7.30397817155633	2.7938172247112e-13	3.87871265169711e-12	12.5538020094229	down	73683
Adrb1	52.5556264373326	1.93860921691026	0.518616626192761	3.73803908128027	0.000185461122705506	0.000715535840275943	3.73174711550458	up	11554
Cmtm7	261.945530543399	1.93823865630569	0.252680268048678	7.6707163217521	1.71038445031322e-14	2.7607010037914e-13	13.7669062604362	up	102545
Tgfb3	50.3160390336586	1.93810262949675	0.601812311047144	3.22044363985257	0.00127992356871183	0.00411524599083569	2.89281596369414	up	21809
Afm	8198.74823147069	-1.9376365895116	0.319306608256111	-6.06826335381525	1.29300759223044e-09	1.15376062075947e-08	8.88839892503909	down	280662
Arhgap30	386.045411220332	1.93585208436382	0.214013014459316	9.04548767398363	1.48998583889841e-19	4.19461510436078e-18	18.8268178591834	up	226652
Nol3	89.5445048322254	1.93566669825773	0.421490452826964	4.59243307950415	4.38108018616799e-06	2.28469188695245e-05	5.3584187979308	up	78688
Zdhhc15	14.1285303696712	1.93550137196408	0.72043286232372	2.68658118359734	0.00721874034136647	0.019157120178246	2.14153857951092	up	108672
Rnf125	3422.50164074883	-1.93538556764843	0.361025788545505	-5.36079590171574	8.28560875822779e-08	5.73293863630738e-07	7.08167557769405	down	67664
Acot9	311.029136862131	1.93499212446424	0.24052284333151	8.04494116925627	8.62868649847081e-16	1.61628392232056e-14	15.0640553097172	up	56360
Slc25a25	6896.70268938559	-1.93477906022537	0.307919812145852	-6.2833860762065	3.31276995123891e-10	3.22664128381671e-09	9.47980872179278	down	227731
4930455G09Rik	27.4181223870497	1.93395416356365	0.481613202026426	4.01557547722193	5.93009162222177e-05	0.000252856165362051	4.22693859656526	up	78917
Mms22l	150.587769663842	1.93371831963573	0.276743001773503	6.98741542602172	2.79996251715655e-12	3.49276240025713e-11	11.5528477824796	up	212377
Iqcn	32.2255112505409	-1.93358322332933	0.401553452577128	-4.81525737338279	1.4701028764416e-06	8.27002658158326e-06	5.83265227266163	down	637079
Ly6g2	2791.59634674954	-1.93293273588842	0.367400586879318	-5.26110410521293	1.43192925781033e-07	9.52772280179532e-07	6.84407843712698	down	223631
Hbegf	53.4425144644972	1.9326239283456	0.499771651600565	3.86701390956489	0.000110176146053339	0.000443653673860958	3.95791242325914	up	15200
Gas2l3	259.334373583336	1.93256231664742	0.242647915598587	7.96447112220186	1.65931924689955e-15	3.01842628164019e-14	14.780070049281	up	237436
Gm49544	190.464713277139	-1.93133864835084	0.382573075156256	-5.04828691240755	4.45789320000057e-07	2.73118649249796e-06	6.35087034034345	down	NA
4632411P08Rik	11.4121647263312	1.9311868030551	0.754867340614128	2.55831283081338	0.0105181424439157	0.0267658716664518	1.9780609519683	up	78263
Tfr2	13207.3362794767	-1.93094131143726	0.247120242348517	-7.81377232834704	5.550130913259e-15	9.4161516181247e-14	14.2556967728709	down	50765
Rilp	916.972842149884	-1.93013282214523	0.210256233004003	-9.17990774669915	4.31460906105603e-20	1.28411301514212e-18	19.3650585488057	down	280408
Smim3	100.98773455981	1.9295124580178	0.40046196350263	4.81821654456609	1.44847119306163e-06	8.1602578389686e-06	5.83909013754602	up	106878
Gm47905	9.4632160429468	-1.92877629650903	0.809356052760292	-2.38309986060026	0.0171675366370989	0.0410997768520294	1.76529201710848	down	NA
Rnase6	39.8551217696648	1.92855005229201	0.442496531761928	4.35833936282604	1.31053060621955e-05	6.26815135453644e-05	4.88255283205653	up	78416
Gm47467	95.651244503922	-1.92740337052602	0.456150135500092	-4.22537059736472	2.38547872211339e-05	0.000109439104239817	4.62242445288831	down	NA
Saa2	686.840569435173	1.92174847971635	0.674062396329254	2.85099493783014	0.0043582663321854	0.0123017848860396	2.36068623368953	up	20209
Prickle2	113.726542057707	1.92070343253608	0.343593982348038	5.59003804260616	2.27019870128418e-08	1.71229714813663e-07	7.6439361291088	up	243548
Rbm46	12.2572531599922	1.9188481656989	0.810932910506664	2.36622307571661	0.0179706127036364	0.0427846338057891	1.74543711547466	up	633285
Pgm2	362.039271237808	1.91611893660636	0.200683352692326	9.54797152280001	1.32260489722334e-21	4.65595610620342e-20	20.8785698735622	up	66681
Ctf2	25.2277340284446	-1.91552111789209	0.644448961699595	-2.9723395206353	0.00295539665460726	0.00870169999711276	2.52938422261809	down	244218
Plin4	124.187427989169	-1.91541607101464	0.323479899596388	-5.92128312579713	3.19439363001276e-09	2.71572820042056e-08	8.49561156884586	down	57435
Fign	243.79470234877	-1.91357315579704	0.324976065609052	-5.88835104582465	3.90067886486282e-09	3.27997695291696e-08	8.40885980281789	down	60344
Pla2g4a	108.156275155398	1.91337988184786	0.378829302218038	5.05077054664214	4.40031388986176e-07	2.69848548608847e-06	6.35651634265639	up	18783
Rdh7	32685.7452639625	-1.91257573531339	0.223522872211306	-8.5565101968865	1.16335552210601e-17	2.68604004000879e-16	16.9342875443482	down	54150
Mis18bp1	77.7681692543003	1.91243829006492	0.437318972611471	4.37309700661901	1.22496259405457e-05	5.88373153183209e-05	4.91187717288616	up	217653
Atp10d	291.122044277312	1.91170045106083	0.305421194025737	6.25922656467559	3.86891448859747e-10	3.71384932165668e-09	9.41241086902279	up	231287
Lipc	6938.91824312433	-1.91062505033111	0.291196153977081	-6.56129905644799	5.33410208196814e-11	5.71901278899657e-10	10.272938677208	down	15450
Gm44744	40.6628223625986	-1.91062407520747	0.482259287428731	-3.96181913964659	7.43808759453376e-05	0.000311907262021651	4.12853871148408	down	NA
Cyp2s1	61.4580356568112	1.90995471523224	0.532829408217028	3.5845519893945	0.000337657303060426	0.00123259318061262	3.47152385265328	up	74134
Impdh1	293.670044812234	1.90776266493088	0.271834179995257	7.01811179508098	2.24886581352611e-12	2.83961705608254e-11	11.6480364574962	up	23917
C4b	36083.4837622858	-1.90712001133748	0.488348751540484	-3.9052419102568	9.41311732530155e-05	0.000385575382293143	4.02626652822226	down	12268
Tbc1d8	2169.77372819359	1.90533190353721	0.28862908355892	6.60131640250404	4.07522738858096e-11	4.44100614569977e-10	10.3898481535864	up	54610
Plk4	108.691554936099	1.90385474940552	0.394312622313536	4.82828761157861	1.37712102864633e-06	7.7879126365973e-06	5.86102788998021	up	20873
Dchs1	310.411896665538	1.90351466218756	0.222944582497878	8.53806197423827	1.36491713916506e-17	3.12891005140028e-16	16.8648937127959	up	233651
Gimd1	75.9861922596848	-1.90323938883654	0.417241090619569	-4.56148598885689	5.07928660850522e-06	2.60817981155671e-05	5.29419728057947	down	433653
Chst12	98.2194187137388	1.9031648778575	0.277699570255085	6.85332309340384	7.21538676117316e-12	8.59242346772729e-11	11.1417403847726	up	59031
Emp3	215.872411576882	1.90292332962836	0.261387566008705	7.28008358884594	3.33613400454742e-13	4.59846788772836e-12	12.4767565131102	up	13732
Tprkb	3577.59794089673	-1.90129178055703	0.207724284552096	-9.15295861847196	5.53952047198599e-20	1.63352230028426e-18	19.2565278283012	down	69786
Eya3	2323.94273282083	1.90105957350263	0.222725531315947	8.53543624868893	1.39627579830128e-17	3.18562639479733e-16	16.8550287895566	up	14050
Smc1b	21.8069285223633	1.90046239328297	0.588799044949025	3.22769272400486	0.00124792945906287	0.00402177902321584	2.90380996305551	up	140557
Pou2af1	51.6655718192012	1.90044857203361	0.462283492741391	4.11100245168554	3.93945017287987e-05	0.00017394646303365	4.40456438821178	up	18985
Gm7027	6.73993190936582	1.90039400472797	0.717025943090277	2.65038388504822	0.00804003587176341	0.0210982462178626	2.09474201358063	up	630138
Tubb6	1243.26037792124	1.90004606673257	0.204908932396404	9.27263660257064	1.81600278808709e-20	5.54183037835262e-19	19.7408834890474	up	67951
Kdf1	628.042352520961	1.90004367045012	0.154113154286215	12.3288870392037	6.33151791749598e-35	7.91686422203264e-33	34.1984921597828	up	69073
Mvb12b	319.650157202843	1.89925644407303	0.249397813564342	7.61536926458677	2.62938660918677e-14	4.14332803162851e-13	13.5801455531511	up	72543
D5Ertd605e	10.3923160977962	1.89913708325957	0.791294774709143	2.40003743732244	0.0163933951420164	0.0394934588833564	1.78533109287577	up	100039805
Id1	479.092857417236	1.89836404281618	0.391934046280352	4.84358034427627	1.27520121689331e-06	7.24558118397684e-06	5.89442128151117	up	15901
5033430I15Rik	65.4669836932593	1.89750274285105	0.297579471680871	6.37645712633685	1.81231453775462e-10	1.81665428105169e-09	9.74176642577816	up	76000
Il15ra	1172.93725401227	-1.89688700725413	0.154787561087403	-12.2547767658347	1.58384888780142e-34	1.87107939776099e-32	33.8002862560322	down	16169
Itpripl2	495.271836960189	1.89662556401763	0.219997674892283	8.62111640473599	6.63044645582456e-18	1.56849971687172e-16	17.1784572277381	up	319622
Sdr42e1	3366.27895535016	-1.89587419009923	0.29496497952767	-6.42745519530866	1.2975782348279e-10	1.33117562545796e-09	9.88686644779184	down	74032
Ache	54.675471707562	1.89572077650047	0.334116865240219	5.67382545965619	1.39643414111711e-08	1.08733262520627e-07	7.85497954175595	up	11423
Irak3	59.2727526698081	1.89504944462763	0.401322164211822	4.72201541210519	2.33518981772148e-06	1.2739079124603e-05	5.63167781169811	up	73914
Gm10447	150.358002835184	1.89491635817152	0.284482045388147	6.6609348072779	2.72091325225109e-11	3.03908965112221e-10	10.5652853041112	up	102632534
Prxl2a	1765.49662799547	-1.89470255261765	0.238976340321938	-7.92841061196767	2.21968341259432e-15	3.9760208179457e-14	14.6537089633728	down	70564
Gm5122	31.5434466363829	1.89441238323841	0.530694283958566	3.56968680557019	0.000357408276140329	0.00129829348525904	3.44683539519786	up	330956
Snhg15	223.090494662377	1.89345935728111	0.335542319845444	5.64298225676353	1.67129576317433e-08	1.2857559414976e-07	7.77694668777963	up	100041286
Lrrc8c	357.714074613157	1.89337775522267	0.22275527392059	8.49981112410223	1.89899425216733e-17	4.26737284310878e-16	16.7214763497737	up	100604
Fer1l5	54.3672644327891	-1.89331545223055	0.355292663602002	-5.32888980322835	9.88149257548607e-08	6.73861652045082e-07	7.00517745132946	down	100534273
2210039B01Rik	219.78754110301	-1.89277510946602	0.304470417108008	-6.21661417041569	5.07996799725516e-10	4.81396967298944e-09	9.29413902367263	down	73644
Runx2	43.7422242090712	1.89275882788133	0.559144710090637	3.38509654785881	0.000711532228499682	0.0024198630505104	3.14780542398085	up	12393
Tspan32	39.2034497693878	1.89268193057287	0.544565546110634	3.47558148709678	0.000509747102393271	0.0017875961033846	3.29264523424661	up	27027
Gm17753	457.887415866189	-1.89197936662374	0.206247518517308	-9.1733436611746	4.58569704648112e-20	1.36268799887408e-18	19.3385946402706	down	654469
Jdp2	144.419479868961	1.89186591089503	0.333039875919816	5.68059877415557	1.3422401014259e-08	1.04767634345591e-07	7.8721697901302	up	81703
Dnm1	32.5622579548363	1.89025748507295	0.63367000120498	2.98303135934864	0.00285408749586743	0.00843824793803521	2.5445327171394	up	13429
Aebp1	262.929260374991	1.8896647120932	0.375814711242782	5.02818185547944	4.95152181931054e-07	3.01062532846997e-06	6.30526130285347	up	11568
Gm31615	10.5489123692268	1.88916165398818	0.746120165600085	2.53198042498794	0.0113420322898737	0.0285866719599225	1.94530912064603	up	102633900
Nkd1	797.704974529298	1.88725481584044	0.245832309440495	7.67700071701626	1.62856520106543e-14	2.64192514841751e-13	13.7881948493828	up	93960
Gm8995	176.338346776554	1.88710223959442	0.296008258174377	6.37516754172019	1.82763043047811e-10	1.83010148566233e-09	9.73811161945049	up	668139
Gab2	285.938834017804	1.88524254256849	0.245391015710789	7.68260621566679	1.55884199296687e-14	2.53308535160928e-13	13.8071979034515	up	14389
Pygl	15221.9285023266	-1.88479273035873	0.247406320276623	-7.61820768463537	2.57222209458122e-14	4.05989415190622e-13	13.5896915356363	down	110095
Hoga1	5219.75037554327	-1.88342936355056	0.318200405189954	-5.91900366194134	3.23897754832296e-09	2.74998905072781e-08	8.48959206238601	down	67432
Gm36723	70.8409221900869	1.88329280830097	0.397849982573964	4.73367573404592	2.20489886126395e-06	1.20823939876205e-05	5.65661132683213	up	328066
Itga11	22.4255235735254	1.88269712718859	0.516451308814615	3.64544942583233	0.000266924907135833	0.00099437144743811	3.57361089969709	up	319480
Ebp	7507.26894115491	-1.88051915837245	0.337170556729839	-5.57735282882137	2.4420623466255e-08	1.83259363003198e-07	7.61224325257386	down	13595
Znf41-ps	40.5680982828685	1.87988483715274	0.561586367076186	3.34745454548706	0.00081557361456501	0.0027407828136237	3.08853683296033	up	70005
Zdhhc23	80.1660684752951	1.87902454804908	0.382130608834041	4.91723118904913	8.77768666650133e-07	5.12346573052894e-06	6.05661992604723	up	332175
Mcam	522.207098966885	1.87885077525478	0.176438059869388	10.6487839225031	1.76657686579432e-26	1.02771009449351e-24	25.7528674611649	up	84004
Loxl1	221.35841727201	1.87623410982711	0.362073566256221	5.18191407681885	2.19620388527201e-07	1.42199401529246e-06	6.65832734448682	up	16949
Prkcz	685.035830000756	-1.87605135001989	0.166077987547482	-11.2962071477626	1.37008467789986e-29	1.05953215090922e-27	28.8632525905019	down	18762
Gm39157	28.0886825350185	-1.87592506022365	0.55946049208313	-3.35309657566472	0.000799128173781045	0.00268974167354096	3.09738355773048	down	105243162
Nphp3	219.2762789392	-1.87545819155686	0.322146780364553	-5.82175053692768	5.82344269671108e-09	4.80652432781263e-08	8.23482019367511	down	74025
Notch1	1985.86597867964	1.87418797751791	0.242749221587477	7.72067554022012	1.15714767902279e-14	1.90934324826587e-13	13.9366112114096	up	18128
Serpina3f	227.109724218303	1.87272797763989	0.335503914614035	5.58183644382893	2.37992133897541e-08	1.78910764832676e-07	7.62343739698276	up	238393
Cdh3	48.4728486153761	1.87259520322703	0.546030236459337	3.42947162664404	0.000604757659943331	0.00208658188494334	3.21841862209787	up	12560
Plac8	360.634544654428	1.87209752012149	0.25087012542695	7.46241712493829	8.49494476566197e-14	1.26805160005881e-12	13.0708394405791	up	231507
Slfn8	112.450732581021	1.87022307269274	0.343514988938612	5.4443710839848	5.19887393302936e-08	3.70227501680523e-07	7.28409071360191	up	276950
Spn	51.0873607041933	1.87012967797508	0.459839161168086	4.06692129749143	4.76383227128774e-05	0.000207164304913994	4.32204353789802	up	20737
2410131K14Rik	1066.41139127985	1.86937127022636	0.298357802870006	6.26553504632435	3.71547423044489e-10	3.58205136453015e-09	9.4299857465007	up	NA
Kazn	131.296423437765	1.86927724843338	0.234889946701119	7.95809814207121	1.74703761411392e-15	3.16769833308641e-14	14.7576977444582	up	71529
Trib3	594.172758102533	1.86903980644916	0.277510217307081	6.73503060386769	1.6389543446031e-11	1.88528702865456e-10	10.7854331441495	up	228775
Nod2	28.6990078261972	1.86893622869634	0.497448991517093	3.75704094403037	0.000171934374166284	0.000666955743139798	3.76463728783687	up	257632
Ptpn18	56.3715447530784	1.86823398101937	0.380048419450434	4.91577884660305	8.84301809880132e-07	5.15922049391789e-06	6.05339948612345	up	19253
Lama2	196.563975805821	1.86734462214817	0.276995913373791	6.74141578265198	1.5685064263017e-11	1.81182721924808e-10	10.8045136976219	up	16773
Sema5a	61.6566964690539	1.86715889993078	0.473901922437786	3.93996903478673	8.14921271305118e-05	0.000338922764584263	4.08888434597082	up	20356
Ambp	69875.2736685448	-1.86682668133017	0.226904459289526	-8.22736885460739	1.91370468803463e-16	3.85060579653029e-15	15.7181250792301	down	11699
Zfyve21	1390.58863718193	-1.86647694603161	0.200499285546048	-9.30914512213035	1.28865343278205e-20	4.02176831469225e-19	19.889863865011	down	68520
Glipr2	128.466010074122	1.86631812309147	0.272207590167362	6.85623101818726	7.07010116733142e-12	8.42983703270178e-11	11.1505743717619	up	384009
Stk26	22.8095521974511	1.86533192648881	0.627721078549186	2.97159357911007	0.00296258573638182	0.00872020038822506	2.52832907244218	up	70415
Ahnak2	44.7907984745577	1.865106351648	0.726409933774505	2.56756724396197	0.0102414923482224	0.0261378630427264	1.98963675513996	up	100041194
Sgsm1	150.208235554952	-1.86422234054022	0.280680678465564	-6.64179077352823	3.09894663629093e-11	3.43542408914324e-10	10.508785902226	down	52850
Plod2	86.7944527077967	1.86205481255781	0.311162045870729	5.9841964573385	2.17460716445388e-09	1.88198811499883e-08	8.6626191854766	up	26432
Gdf15	1011.47711411813	1.86184172230811	0.402874813196618	4.62139022177955	3.81177021086132e-06	2.00799335284918e-05	5.41887328829681	up	23886
Palld	3801.55403053057	-1.86182709469409	0.151317941543132	-12.3040736326921	8.61188101404352e-35	1.05624446373517e-32	34.0649019792319	down	72333
Crip1	216.852777304389	1.86108787966565	0.29174889402459	6.37907432652954	1.78161559586092e-10	1.78791160701931e-09	9.74918599424148	up	12925
Gm37083	11.3995031934637	-1.85921240792365	0.743209702756281	-2.50159867535171	0.0123633983978351	0.0308420261107284	1.90786213583594	down	115487363
Syt12	181.677044773124	1.8590602121039	0.358203427945134	5.18995650814556	2.10343205001112e-07	1.36559971527357e-06	6.67707151301797	up	171180
Tespa1	11.062624728966	1.85808029388385	0.604710240091764	3.07267873221709	0.00212146747191565	0.00647400596500916	2.67336362280655	up	67596
Kyat1	9252.5348590866	-1.8580790859418	0.245620331705137	-7.56484234445379	3.88335301467761e-14	6.00625266270137e-13	13.4107931282904	down	70266
Ssc5d	22.0405352111971	1.85699518559695	0.500993649068846	3.70662420381653	0.000210040250924666	0.000800898034020865	3.6776974715546	up	269855
Jun	978.920638063131	1.85521938030622	0.246266644601543	7.53337661016962	4.9444735474327e-14	7.54443602451379e-13	13.3058799422096	up	16476
Srpx2	136.06637766683	1.85495470753592	0.234612803221097	7.90645131923097	2.64829793365183e-15	4.67420944183314e-14	14.5770331583326	up	68792
Prg4	1116.78283287574	-1.8549493937042	0.244656590556225	-7.58184927488357	3.40663908997165e-14	5.29872716611423e-13	13.4676738745144	down	96875
Them7	1759.80909443783	1.85477475185921	0.227796323227504	8.14225061045788	3.87997104821002e-16	7.56967806528188e-15	15.4111715150371	up	74088
Btc	152.544575017695	1.85471665385768	0.391357690587219	4.73918540114732	2.1457910397719e-06	1.17685423702215e-05	5.66841257253435	up	12223
Nusap1	149.41665291255	1.85451428985708	0.27242231034954	6.80749784214659	9.93107998912855e-12	1.16819105846463e-10	11.0030035201033	up	108907
Mpped2	43.8060809423885	1.85409305629133	0.619778955544094	2.99153922492197	0.00277574875829857	0.00823191407512664	2.55661984579012	up	77015
Eno4	20.8832393545502	1.85390053634284	0.744427272979772	2.49037159657262	0.0127609596844646	0.0317269257177599	1.89411666338956	up	226265
Car11	21.528353730677	-1.85373316762797	0.547175778705282	-3.38782022116227	0.000704504254888858	0.00239935159747786	3.15211637960335	down	12348
Hip1	626.761961008675	1.85345811863593	0.19163508735363	9.67180981432533	3.97289169667134e-22	1.4912671054796e-20	21.4008932739024	up	215114
D130043K22Rik	179.194434852819	-1.85256642043255	0.32950135846042	-5.62233317971306	1.88395463718078e-08	1.43559281731512e-07	7.72492955858096	down	210108
Klf12	1084.49346575849	-1.85154631840083	0.232120104895897	-7.97667362433437	1.5032964698229e-15	2.7516612949534e-14	14.8229553623864	down	16597
Gm33370	18.30213907043	1.85054154177417	0.592170749025623	3.12501342698725	0.00177796944027934	0.00553094984523732	2.75007570795079	up	102636251
Flvcr2	116.168050259925	-1.85002189178117	0.381687067952029	-4.84695984516218	1.25367790143019e-06	7.1359212739993e-06	5.90181402937442	down	217721
Scml4	22.4670452737064	1.84949766279894	0.678226508427498	2.72696162685692	0.00639204721568778	0.0172715404494148	2.19436002570956	up	268297
Rerg	291.129513754745	1.84939230468841	0.258223421069714	7.16198514072479	7.95170430795444e-13	1.05671510113161e-11	12.0995397779834	up	232441
Cplx2	81.0182811052668	1.84899780196665	0.399199486508527	4.63176397880249	3.62563336742778e-06	1.91484355795912e-05	5.44061611489948	up	12890
Ms4a4b	51.2905136917119	1.84873901489977	0.424033034104318	4.35989384365972	1.30125554911445e-05	6.22688291594129e-05	4.88563740545863	up	60361
Lpcat2	158.30293953797	1.84870161105822	0.289506748666402	6.38569435625998	1.70621485855965e-10	1.7192503043655e-09	9.76796628031307	up	270084
Ebf1	26.4965906132913	1.84740806796735	0.666894577879289	2.77016507442911	0.00560278891781053	0.01535762325998	2.25159573904536	up	13591
Fzd5	309.509976444531	-1.84715820924038	0.280020656966045	-6.59650694792976	4.20957784196214e-11	4.57705425888329e-10	10.3757614552568	down	14367
Dbn1	244.580385372849	1.84694205226652	0.244122050174858	7.56565025954685	3.85929117030462e-14	5.97383527133326e-13	13.4134924541609	up	56320
Adck5	1422.79074974953	-1.84567759544862	0.232566265696709	-7.93613635201751	2.08576706236117e-15	3.75711230615777e-14	14.680734195037	down	268822
H2-K2	510.788754745235	-1.84526117649796	0.298619591813769	-6.17930379346557	6.43848963338628e-10	6.00385260922451e-09	9.19121599922667	down	630499
Pfkfb4	116.254610370985	1.84513996906238	0.284615869013479	6.48291318210017	8.99682739924369e-11	9.3746162554024e-10	10.0459106112175	up	270198
Pilra	212.675541427724	1.84496631770087	0.260161308047068	7.09162454459631	1.32546714777556e-12	1.71066993281275e-11	11.877631031957	up	231805
Sec14l2	22328.7804578588	-1.84491355123328	0.223552091398084	-8.25272329010782	1.54825252979625e-16	3.15483076336048e-15	15.8101582016942	down	67815
Pfkp	278.772516831659	1.84463553004411	0.250634692454394	7.3598571370153	1.84107157465206e-13	2.60674075305148e-12	12.7349293272634	up	56421
Ssbp3	1869.00212425135	-1.84403248750423	0.244076129828295	-7.55515293036434	4.18367987726219e-14	6.43457984956556e-13	13.3784415537912	down	72475
Kifc2	294.56162637955	-1.8437399201035	0.236484425129567	-7.79645390639718	6.36710643712564e-15	1.07359896281341e-13	14.1960578900969	down	16581
Kcnn4	48.1506926524173	1.84317312405449	0.494102701283963	3.73034415570866	0.000191218392881324	0.00073568459007448	3.71847033620907	up	16534
Tmem268	668.318075793794	1.84316510045417	0.202751790626482	9.09074634931206	9.83614999277385e-20	2.84391748139419e-18	19.0071748572679	up	230279
Tmem221	22.3679091699304	1.84294569291796	0.786620402133475	2.34286536164014	0.0191362873259236	0.0451412898135471	1.71814231683433	up	434325
Btbd19	110.512324351258	1.84243693036282	0.316469193690906	5.82185238593023	5.81989419862128e-09	4.80565534685469e-08	8.23508491043132	up	78611
Unc93a2	35.0392895772761	-1.84206136381218	0.361842313793201	-5.09078483525547	3.56584477924466e-07	2.21782645572142e-06	6.44783756553103	down	667055
Bicc1	152.494796847522	1.84040125259909	0.399690057773013	4.60457100897982	4.13316974289336e-06	2.16272599372703e-05	5.38371675854888	up	83675
Snhg11	1080.07073102623	1.83991939942526	0.295973648772164	6.21649733703693	5.0837500632005e-10	4.81518402444608e-09	9.29381580918827	up	319317
Nlrp1b	123.319308736492	1.83984843116427	0.368455720582888	4.99340444016901	5.93241449201978e-07	3.54655614586566e-06	6.22676851285131	up	637515
Gask1b	77.4368626071789	1.8395688147742	0.393876155943303	4.67042441390893	3.00578069862477e-06	1.60954708377971e-05	5.5220427086631	up	68659
Cmbl	4551.1488094731	-1.8391243617666	0.358690279138971	-5.12733260065307	2.93876080240696e-07	1.85719652153424e-06	6.53183576146816	down	69574
Rpl30-ps10	15.3190984610244	1.83821006760532	0.657848253376912	2.79427673201122	0.00520159453048115	0.0143952147569625	2.28386350451188	up	100504405
Dapp1	80.2418247853873	1.83783665712042	0.276935335400405	6.63633860396757	3.21570676728413e-11	3.55462970785437e-10	10.4927235604076	up	26377
2310014F06Rik	18.8810422532766	1.83632239814477	0.471924211667908	3.89113834964031	9.97750191164786e-05	0.000405844479954988	4.00097818033491	up	69625
Ccdc30	181.102948942319	-1.83596012203583	0.302154876742411	-6.07622204158896	1.23047001575909e-09	1.10153094483762e-08	8.90992896477225	down	73332
Kif21b	231.638653780747	1.8357891649962	0.233020521897931	7.87822956555014	3.32052241810242e-15	5.77596925772179e-14	14.478793583329	up	16565
A530013C23Rik	42.257208072964	1.83436303485094	0.409693110952273	4.4774075663299	7.55549233317081e-06	3.76913368827816e-05	5.12173723078058	up	329562
Cenpt	222.174084521684	1.83389687298944	0.252044330627078	7.27608856912896	3.43638023308013e-13	4.72649555487079e-12	12.4638987878	up	320394
Slc6a13	7742.0883441767	-1.83339913364692	0.242578352468912	-7.55796679706563	4.0941851635857e-14	6.31542007958067e-13	13.3878325198306	down	14412
Abcc5	681.713354395765	1.83327224969927	0.213629229494817	8.58156093168774	9.35942878632678e-18	2.18985614470849e-16	17.0287506558042	up	27416
Robo1	918.063003364257	1.83326509183298	0.176651840662198	10.3778431346132	3.12761278216209e-25	1.59748837488895e-23	24.5047870206313	up	19876
Klra2	103.028618606792	1.83171338835704	0.332229691861559	5.51339459785645	3.51977863481017e-08	2.58787296776226e-07	7.45348464922173	up	16633
Tjp3	1889.70525006781	-1.8313746033542	0.320371084672832	-5.71641665234687	1.08793793645328e-08	8.63533920212051e-08	7.96339587910904	down	27375
Vill	96.2637209966554	1.83104395600638	0.486762824943711	3.76167583508071	0.000168778704832497	0.000655639043827833	3.77268235011058	up	22351
Il10ra	293.465587836964	1.83037957705692	0.225562932036368	8.11471796599012	4.86914331355251e-16	9.41367707286818e-15	15.3125474426714	up	16154
Pcyt2	15068.9544609098	-1.82947342056983	0.296152425604107	-6.17747235005075	6.51359782260575e-10	6.06801353033848e-09	9.18617906014253	down	68671
Prelid2	31.5844077570406	1.82908398534529	0.459863540132046	3.97744945124391	6.96584246434204e-05	0.00029389628066032	4.15702635153161	up	77619
Lamb3	544.570944564217	1.82899256280012	0.210680906145194	8.68133992901871	3.9113324062418e-18	9.53374896387241e-17	17.4076752737789	up	16780
Shank1	17.6030821465105	1.82891518822318	0.600687993049728	3.04470075877108	0.00232911923865863	0.00703632256975379	2.6328082773022	up	243961
Hmgcs1	6202.01267466757	-1.82871310645459	0.550740321353135	-3.32046344811209	0.000898681262744579	0.00299135806316501	3.04639431313463	down	208715
Mpp4	157.098660744699	-1.82867272566036	0.418835609063379	-4.36608704247887	1.26492089814739e-05	6.06355907760174e-05	4.89793663225277	down	227157
Fbxl13	24.3425862040976	1.82835434313518	0.416326234848275	4.3916385519195	1.12499609661454e-05	5.43338972571095e-05	4.94884898441636	up	320118
2510009E07Rik	640.764148383384	1.82807812980066	0.1913754756946	9.55231135633042	1.26834412056609e-21	4.48132741020563e-20	20.8967628999344	up	72190
Gas2	1386.30618686734	-1.82725180422114	0.323063614377674	-5.65601238548954	1.54930292059185e-08	1.19764660935033e-07	7.80986366043341	down	14453
Serpinb1a	122.232408280195	-1.82670439226783	0.466655878321353	-3.91445704881897	9.06078641712829e-05	0.000372888444642493	4.04283410676057	down	66222
Phyh	48397.4681785412	-1.8265741498896	0.136068225488981	-13.4239580425595	4.37697270779692e-41	7.20367405652457e-39	40.358826161381	down	16922
Ccdc107	1524.46297745157	-1.82555537731878	0.17771103204458	-10.2726057933242	9.36405778660934e-25	4.53050996831531e-23	24.0285359148891	down	622404
Tlcd1	923.230681795365	-1.82517869028765	0.229166562504859	-7.96441972309532	1.66000905289622e-15	3.01842628164019e-14	14.7798895435189	down	68385
Tspan3	309.661694190272	1.82515656352995	0.238836791355224	7.64185682270108	2.14111200349968e-14	3.40456257137819e-13	13.6693606137754	up	56434
Il3ra	170.611502921196	1.82493316998559	0.301950452766846	6.04381663701208	1.50510558474729e-09	1.33190777297306e-08	8.82243303278462	up	16188
Grk5	893.982808598883	1.82464564517979	0.538674385901773	3.38728867184807	0.000705870740481694	0.0024031554064207	3.15127481996111	up	14773
Gm10521	33.4702954575606	1.82347889049571	0.530950837218435	3.43436484637376	0.000593944176674886	0.00205479501725685	3.22625437135101	up	100038548
Ncald	325.232956093426	-1.82308742963456	0.328398580899937	-5.55144734376928	2.83314057284512e-08	2.11044312846057e-07	7.54773187641626	down	52589
Pdpn	43.0632034479858	1.8228993534445	0.45484615043892	4.00772734183949	6.13058381437725e-05	0.000260827489902007	4.212498165728	up	14726
Clip4	22.0208710964295	-1.82250354849847	0.671386396382719	-2.7145374978071	0.00663683863212668	0.0178166687160507	2.17803874165115	down	78785
Cxcl16	492.02962826065	1.82164982978758	0.28070816142583	6.48947939573501	8.61334847725139e-11	8.99938352023618e-10	10.064827981823	up	66102
Art2a	79.4108729901436	1.821405753926	0.268282305927531	6.78913858157312	1.12805046036522e-11	1.32207788586687e-10	10.9476714728988	up	11871
Gm32624	41.2385034386775	-1.82072790181022	0.354661295092466	-5.13370905425563	2.84087149757349e-07	1.80243234126113e-06	6.54654841047168	down	102635233
Cldn14	1250.31770042924	1.82059613932518	0.23924012707674	7.60991127019922	2.7428415899654e-14	4.3080063341251e-13	13.5617992739086	up	56173
Acat3	5468.410718004	-1.82040771743788	0.142632164566458	-12.7629537346724	2.63997334426753e-37	3.79368109829967e-35	36.5784004581665	down	224530
Idi1	1758.20357022601	-1.82019761117838	0.760679103875505	-2.39285869942377	0.0167176779586682	0.0401591325813517	1.77682404506503	down	319554
St6gal1	2320.85742052287	-1.81985118706163	0.182719059785276	-9.95983226490028	2.28447815253942e-23	9.58385867217844e-22	22.6412129909359	down	20440
Gm33037	30.443421690342	-1.81863988479938	0.398791936745455	-4.56037275889107	5.10628959632946e-06	2.62064798685821e-05	5.29189455840734	down	102635789
Gal3st1	193.20288158805	1.81858884582685	0.298358407067268	6.095316246332	1.09221309641483e-09	9.84167308589794e-09	8.96169262026835	up	53897
Gabra3	115.043096967124	1.81850412238698	0.317857045802888	5.72113831170094	1.05812712305576e-08	8.41259119800236e-08	7.97546215316556	up	14396
Mn1	708.703786024041	-1.81809922602115	0.227373659907925	-7.99608550417577	1.28437205436919e-15	2.35991109531804e-14	14.8913091524712	down	433938
Gm29103	22.1449040005814	-1.81632748134965	0.551916522221091	-3.29094601850324	0.000998510721981491	0.00329517094472589	3.00064726732568	down	NA
Dnajb13	47.9310518056657	1.81617053782248	0.61070973916731	2.97386863405648	0.00294070941787858	0.00866242933312987	2.53154788757954	up	69387
Abca14	18.6417218949855	-1.81581650366287	0.475654657675311	-3.81751019224198	0.000134805219895744	0.000534007264824612	3.87029329082721	down	67928
Egfem1	37.5635361470361	-1.81452005452824	0.401815513205793	-4.5158038823626	6.30770209935285e-06	3.18795568569917e-05	5.2001288257525	down	75740
Trim6	40.55993124269	1.81401106971296	0.51424019424795	3.52755597482197	0.000419415072029854	0.00149560307907535	3.37735596685641	up	94088
Mxra8	540.430185376603	1.81341353656686	0.251072018795556	7.22268273966242	5.09718387853055e-13	6.92181754336984e-12	12.2926696991579	up	74761
Proca1	106.032560743196	-1.8133619081122	0.323661228752992	-5.60265409328994	2.11094227220427e-08	1.59781070729424e-07	7.67552364315181	down	216974
Hrg	24869.6078963627	-1.81332426423784	0.483404216714426	-3.75115524759494	0.000176021662057925	0.000681575130622843	3.75443388256471	down	94175
Jam2	952.301588212386	1.81282051256133	0.188291868499719	9.62771534960914	6.10721935127667e-22	2.22307402321708e-20	21.2141564812915	up	67374
Aoc2	156.470923690274	1.81257488104814	0.340243106726463	5.32729347109257	9.96870271778201e-08	6.79495007198621e-07	7.00136135514536	up	237940
Tlr2	129.337852576688	1.81248384268473	0.319683872792091	5.66961300504356	1.43120426232101e-08	1.11187844661069e-07	7.8442983790507	up	24088
Gm5884	13.2427395821675	-1.81235343534687	0.606092169521819	-2.99022743814152	0.00278769794367854	0.00825971866494445	2.55475428527286	down	545878
Col6a1	818.952117003802	1.81198395346355	0.239273866251878	7.57284521643545	3.65137269470534e-14	5.66565935610363e-13	13.4375438364578	up	12833
Apoa4	1266.48979430055	1.81105400969063	0.317583961130085	5.70259909614519	1.17994272615297e-08	9.29663548887135e-08	7.92813907262556	up	11808
Ifi209	140.128847169734	1.81048308001048	0.245329754936915	7.37979410804056	1.58534503772229e-13	2.26234440680982e-12	12.7998762024235	up	236312
Svil	1913.20547025481	-1.81031421951454	0.120457415053709	-15.0286656799614	4.76507544697619e-51	1.43369207510896e-48	50.3219302186466	down	225115
Orai2	90.296303465254	1.81005897302918	0.359974829943719	5.02829315403017	4.94864932983571e-07	3.00982916915087e-06	6.30551331998418	up	269717
Cd38	1253.07231455129	1.80928459620531	0.187302570048069	9.65968911019736	4.47219070901874e-22	1.65608662101663e-20	21.3494796849721	up	12494
Cracr2a	27.8077680984722	1.80927797463257	0.511261511579356	3.53885034107783	0.000401873620766955	0.00144025282737549	3.39591050023081	up	381812
Zfp993	12.7663735004926	1.80878045795048	0.785595996814279	2.30243084904376	0.0213108869427576	0.0495786443119175	1.67139847490665	up	100503000
Fam20c	2180.57262124135	-1.80804077205071	0.174597934470318	-10.3554533880129	3.95309175847458e-25	1.98748655094482e-23	24.4030631047725	down	80752
Lpar1	80.823263371815	1.80745979921709	0.467181693843099	3.86885835433467	0.000109346138734808	0.000440587831654626	3.96119654829872	up	14745
Rin1	35.0385037967315	1.80716944766004	0.634010878746324	2.85037608697423	0.00436675616336758	0.0123221360905343	2.35984105810396	up	225870
Numbl	73.4351489164442	1.8071367722431	0.435539274117851	4.14919360809266	3.33648535795007e-05	0.00014920427787433	4.47671077669525	up	18223
Bik	394.100863409494	-1.80712596696745	0.226605375070392	-7.97477097092731	1.52663652157063e-15	2.7890809164482e-14	14.8162643522473	down	12124
A630031M04Rik	176.12547955374	-1.80709788357496	0.366201413312793	-4.93471029297044	8.02698173310727e-07	4.70668575678178e-06	6.09544772534013	down	115486416
Plekha2	196.481678540974	1.80674823083994	0.246579091345177	7.32725642301414	2.34912091390211e-13	3.2897943504072e-12	12.6290946286507	up	83436
Maoa	822.119989784574	1.80636598662845	0.316756286538062	5.7026997202513	1.17924615069892e-08	9.29495042073613e-08	7.92839553270613	up	17161
Apobec3	345.238297268452	1.80570568510749	0.192073082258186	9.40113869095019	5.39757262296772e-21	1.75566990587612e-19	20.2678015056326	up	80287
Prkag2	1438.10285346869	-1.80225589207988	0.225947457351193	-7.97643803213333	1.50616732746851e-15	2.75429801118078e-14	14.8221267775646	down	108099
Cercam	29.1135882111273	1.80023131340987	0.523929060751524	3.43602111100236	0.000590324970896586	0.00204515433505489	3.22890884562308	up	99151
Lef1	16.001435192399	1.79930449573678	0.592197914821851	3.03834993454522	0.00237877548444337	0.00717507843490626	2.62364654596973	up	16842
Galnt7	203.709341351801	1.79901780442689	0.215585502130968	8.34479956511171	7.13347647256724e-17	1.50616472539205e-15	16.1466987667972	up	108150
Ssbp4	425.284921430027	1.7989947200416	0.280327801611883	6.41746808449746	1.38559395383594e-10	1.41543751591856e-09	9.8583640204057	up	76900
Lratd2	551.533349065284	1.79885436077925	0.145924819610353	12.3272680109013	6.45999901806203e-35	8.02540265108403e-33	34.1897675480189	up	399603
Asl	17056.8813773816	-1.79848305302738	0.346608977092693	-5.18879536275373	2.1165883585445e-07	1.3736779720975e-06	6.67436359686759	down	109900
Syne2	1256.56222744822	-1.79810966220447	0.150233234568282	-11.9687875147707	5.17797640458657e-33	5.19307883576661e-31	32.2858399329242	down	319565
Jag2	28.5948466201062	1.79691036942016	0.774281848073013	2.32074453752495	0.0203006354564273	0.0475153806185685	1.69249036746115	up	16450
Flna	3071.24421165434	1.79617300052969	0.214194501198371	8.38571013952507	5.04204369125097e-17	1.08966995868382e-15	16.2973933953143	up	192176
Malrd1	48.1526348567744	1.79454780778725	0.413584376109676	4.33901257263974	1.43124335417759e-05	6.80326389238304e-05	4.84428651691041	up	102635496
Gssos1	14.6320095334169	1.79409295158463	0.705956703776158	2.54136399865322	0.0110420895503488	0.0279183923820269	1.95694873509258	up	68373
Lrrn4	44.2151399450172	1.79346148387828	0.522929974131573	3.42963986116243	0.000604382858430191	0.0020860362649098	3.21868786166383	up	320974
Chaf1b	118.907376363662	1.79299723130482	0.295843543249716	6.06062654472529	1.35592324656588e-09	1.20710393138569e-08	8.86776489346035	up	110749
Nupr1	116.769171958835	1.79194677025794	0.38464604329251	4.65869024654241	3.18227624154167e-06	1.69603961547541e-05	5.4972621235675	up	56312
Scn3a	48.2775612962988	1.79162306815875	0.52391373887386	3.41969094379887	0.000626923170409847	0.00215726100239671	3.20278567880487	up	20269
4930519G04Rik	12.118802653151	1.79098817319557	0.700093372901683	2.55821329342462	0.0105211537895761	0.0267699970100526	1.97793663119276	up	67593
Ehd4	651.91038256135	1.78989315671913	0.215368942790751	8.31082296976385	9.50406213559448e-17	1.99574940548536e-15	16.022090733026	up	98878
Sptbn2	1286.92144002235	-1.78918532731548	0.234901926487702	-7.61673330682178	2.60176113573189e-14	4.10315417114278e-13	13.5847325779495	down	20743
Gm45083	39.9046562389672	-1.78843561299323	0.570096649060853	-3.13707441701229	0.00170642809465353	0.00533424990107928	2.76791200726997	down	NA
Zc3hav1l	40.384095875068	1.78696834592583	0.453457124192726	3.94076584221079	8.12218819672707e-05	0.000337871799343652	4.0903269518254	up	209032
Gm11353	56.8251024379034	1.7868867258939	0.391172969351536	4.56802199000635	4.92348389410035e-06	2.53425837649816e-05	5.30772747842386	up	100042180
Ankrd6	43.9230100386021	1.7868010129027	0.460817828184726	3.87745634742767	0.000105554258745296	0.000427006892100717	3.97652423973889	up	140577
Pask	52.0336963420708	1.78635894566851	0.53547486012782	3.33602766195616	0.000849847072120265	0.00284157930556482	3.07065921747349	up	269224
Orm1	15425.8798973779	-1.78627726214326	0.340129991559814	-5.25174876214682	1.50661876484304e-07	9.99016905503359e-07	6.82199662775898	down	18405
Aqp1	6277.01242928847	1.78434119093915	0.183518031783387	9.72297475947903	2.4064633464527e-22	9.21249665989924e-21	21.6186207488026	up	11826
Arl6ip5	3021.15799489327	1.78423289576981	0.21972026669624	8.1204748319211	4.64363267926827e-16	8.99575360885209e-15	15.3331421411462	up	65106
Pvrig	7.39968122177377	1.7836325291638	0.774369522952099	2.30333513432208	0.0212599942861971	0.0494781786288387	1.67243685653301	up	102640920
Cenpn	80.4595267453365	1.78223423091878	0.352460835121926	5.05654544653806	4.26919168550145e-07	2.62308727172993e-06	6.36965434505864	up	72155
Gm26684	120.145997672515	-1.78156817299567	0.480084242039322	-3.71094907307902	0.000206483645299712	0.000788742129317843	3.68511434128298	down	102638507
Phf11b	120.908050214769	1.78042988912549	0.303663756602378	5.86316229847876	4.54133937493745e-09	3.79219562028602e-08	8.34281604199789	up	236451
C8g	9678.01662411235	-1.78015667213988	0.169172359558792	-10.5227395112452	6.78709691447263e-26	3.72342843832151e-24	25.1683159493764	down	69379
Arc	11.9812353637521	1.77975649945137	0.637606636498379	2.79130799080994	0.00524954937655625	0.0145008352883327	2.27987797500822	up	11838
Aldob	100325.872287505	-1.77958666870013	0.151857587600614	-11.7187866396274	1.02124188947296e-31	9.40910709267526e-30	30.9908713795377	down	230163
Gm10443	15.3288204783416	1.77947595415801	0.660940433839448	2.69233937439856	0.00709527042059843	0.0188580437845471	2.14903104771382	up	100043527
Pik3c2g	437.753726119112	-1.77843515071903	0.294702994843542	-6.03466941916623	1.59288436118977e-09	1.40249571372063e-08	8.79781575158122	down	18705
Hp	61073.9556065906	-1.77840227666509	0.53284991064246	-3.33752946401148	0.00084526759398784	0.00282823158815462	3.07300578076058	down	15439
Ido2	3657.12614445124	-1.7783145583033	0.319425214586117	-5.56723288300045	2.58816392081163e-08	1.93996436197543e-07	7.58700822118359	down	209176
Ankrd37	19.3502701430069	1.77760658678871	0.565916910288499	3.14110879966903	0.00168309494314215	0.00527072308101241	2.7738913848443	up	654824
Cdc25b	76.3774329500807	1.77516597522296	0.354424756724761	5.00858346247386	5.4832096977801e-07	3.30261763967637e-06	6.26096514480641	up	12531
Acsl1	31347.6203873899	-1.77426537547659	0.162596678291513	-10.9120640970019	1.009380707626e-27	6.52236070672696e-26	26.9959450002281	down	14081
Ncoa7	115.335967268552	1.77422829945605	0.303473350691506	5.84640560831197	5.02308383583292e-09	4.17455771872243e-08	8.29902957335632	up	211329
Gldc	7856.26199329529	-1.77381754394878	0.130198369654233	-13.623961257422	2.88485724007187e-42	5.29055342998323e-40	41.5398756734556	down	104174
Siglech	23.3363670635368	1.77277182144657	0.62920379343963	2.81748431896042	0.0048401478111856	0.0135055624188074	2.31514137542128	up	233274
Wipf1	452.425766102462	1.77201624431909	0.206847508350333	8.56677587490135	1.0642274128843e-17	2.46900759789157e-16	16.9729655585	up	215280
Galnt17	14.0869467715433	1.77177242186917	0.75626592117401	2.3427902438321	0.0191401402996505	0.0451448483108857	1.718054883114	up	212996
Spib	49.0017007709071	1.77153348396945	0.469565858805379	3.77270504392377	0.000161487155979165	0.0006297279618337	3.7918620139471	up	272382
Gm36287	48.4191476402311	-1.77150405504386	0.389784093740946	-4.54483413635965	5.49785292950856e-06	2.80664517525495e-05	5.25980688194566	down	102640152
Glul	22379.0976086343	-1.77033854861731	0.51530823270746	-3.43549440170176	0.000591473683542098	0.00204771975014143	3.22806457368475	down	14645
Cdc7	38.3482594736425	1.76889278916882	0.352980845687778	5.01129965203113	5.4063651513912e-07	3.26347860047614e-06	6.26709462495644	up	12545
Cyb5r3	16260.2294591702	-1.76822726481922	0.205097970144296	-8.62137866881467	6.61527550245276e-18	1.56683573278266e-16	17.1794520642953	down	109754
Rnase13	12.2881691959586	-1.76786626695844	0.605232620698528	-2.92096989900851	0.00348943539695859	0.0100889741747499	2.45724483774618	down	497071
Ifi204	548.991990685031	1.76782867758176	0.222933926692201	7.92983241183631	2.19441816444627e-15	3.93442422482098e-14	14.6586806104864	up	15951
Ptgis	122.361467514085	1.76705417251089	0.339539373090007	5.20426881992995	1.94761907759672e-07	1.26957863771843e-06	6.71049598004193	up	19223
Tpst1	786.515769799555	-1.76666855465981	0.179016665820933	-9.86873789967116	5.68757105222443e-23	2.28642731068129e-21	22.2450731648586	down	22021
Spire1	66.114251156641	1.76459810033601	0.352260050630805	5.00936196760343	5.46107776743086e-07	3.29031644210415e-06	6.26272163893312	up	68166
Gm31508	422.399021063506	-1.76403271926995	0.454670100622376	-3.87980805611641	0.000104538926951215	0.000423255167656141	3.98072196206836	down	102633758
Adam15	15.4306039552544	1.76295046424639	0.680700729048926	2.5899053563665	0.00960023219363523	0.0246877765919658	2.01771826287762	up	11490
Entpd5	26573.4104022612	1.76281387269886	0.199164869918549	8.85102816284708	8.6716670889371e-19	2.2656936426672e-17	18.0618974033395	up	12499
Cyp2f2	21432.1537094376	-1.76213426769869	0.352586870873235	-4.9977308098129	5.80088859021285e-07	3.47223844243514e-06	6.23650547535647	down	13107
Nfam1	439.437202242348	1.76176861657717	0.253624393013748	6.94636898147911	3.74807689322843e-12	4.60286789898002e-11	11.4261915079758	up	74039
Mir142hg	45.2554447344372	1.76162216360048	0.448000824109501	3.93218509609237	8.41772101581972e-05	0.000349088233755837	4.0748054719472	up	78591
Gbp2b	190.621087850372	1.7615617644428	0.473362642718296	3.72137892911656	0.000198137857038405	0.000760267361814161	3.70303253843355	up	14468
Notch3	90.2978998756736	1.76147478906046	0.346020538942579	5.090665410913	3.56809154322092e-07	2.21850728951443e-06	6.44756401186158	up	18131
Gm20300	595.653195640502	-1.7603854925196	0.264779335556464	-6.648500302412	2.96094372945125e-11	3.29381469984478e-10	10.5285698459782	down	100504586
BC048671	26.2603116419918	-1.75997039379153	0.493651542770143	-3.5652079276718	0.000363567839655863	0.00131743739563667	3.4394145404053	down	243535
Traf1	52.6584571363622	1.75936441924931	0.397213172832855	4.42927007355228	9.45525571367419e-06	4.6257724599215e-05	5.02432672133656	up	22029
Pcsk5	537.101538363136	-1.75802402176184	0.163650113338851	-10.7425774776074	6.42258409956771e-27	3.8288940997299e-25	26.1922902002202	down	18552
Cbln3	33.7596828923004	-1.75763692025349	0.585843340036506	-3.00018247223561	0.00269817912730319	0.0080228748108941	2.56892922167043	down	56410
Zfp991	57.4865125170239	1.75533513150407	0.45477497246436	3.85978833002211	0.000113485283476387	0.000455739857898082	3.9450604531791	up	666532
Caln1	172.477926441929	-1.75520431763594	0.215918916315121	-8.12899743843806	4.32855460260113e-16	8.41925731592802e-15	15.3636570996995	down	140904
Gm35339	176.099165588903	-1.75517524138373	0.274606471106224	-6.39160189602664	1.6415683244273e-10	1.6575794260709e-09	9.78474103659944	down	NA
Ezr	453.520914875458	1.7544860636612	0.256611824555709	6.8371208797524	8.08005608189275e-12	9.56297233638149e-11	11.0925856248724	up	22350
Il10rb	349.01000406575	1.75427007179163	0.274118131850115	6.39968636861587	1.55696432254808e-10	1.5796051103786e-09	9.80772133906837	up	16155
Gm29966	3084.76228959876	-1.75394573147129	0.239703169995533	-7.3171570134178	2.53279442909938e-13	3.52905134057436e-12	12.5964000577147	down	102631693
Gm49201	101.570766991687	-1.75325714443753	0.240474401190246	-7.29082653188719	3.08059204206649e-13	4.26454927117414e-12	12.5113658108068	down	NA
BC021767	34.3318018963747	-1.75291395786462	0.524266483727899	-3.34355525724281	0.000827122199302159	0.00277378353705371	3.08243032289957	down	545551
Timd2	2257.79964383403	-1.75259012489131	0.208708696492945	-8.39730281651465	4.56850812481363e-17	9.96276245202846e-16	16.3402255983852	down	171284
Nek2	245.490747893804	1.7518597189937	0.239278548052968	7.32142406098978	2.45353155023815e-13	3.42356547328883e-12	12.6102083530056	up	18005
Gstm2-ps1	998.037030132334	1.75065790572706	0.339540456545924	5.15596263118729	2.52331218805467e-07	1.61639718872857e-06	6.59802901457876	up	433943
Ripk3	136.587042904997	1.75007568405706	0.357895495727993	4.88990698387315	1.00883637288195e-06	5.81273285344547e-06	5.9961792679723	up	56532
Pnkd	4848.70748033139	-1.74983293140743	0.250893013364706	-6.97441872908521	3.07138031140273e-12	3.8058236342581e-11	11.5126664040332	down	56695
Lpin3	651.697927697855	1.7486452636663	0.191770406476997	9.11843123133837	7.62195911868307e-20	2.2204000724563e-18	19.1179333849496	up	64899
Mpnd	2253.83017244304	-1.74851123153233	0.220592328185637	-7.92643717899787	2.25522647257472e-15	4.02844535769007e-14	14.646809839218	down	68047
Ttll7	74.2565455263879	1.74820424393814	0.419546859932816	4.16688673159915	3.08787829098703e-05	0.0001389581312719	4.51033982575677	up	70892
AC241534.1	10.5092382555562	1.74812888492058	0.712447724325328	2.45369425044626	0.0141397147829945	0.0347023130080731	1.84955935075276	up	NA
Serpina3h	30.4476769276401	1.74778780376866	0.510750931159964	3.42199631393578	0.000621631563447835	0.00214019978289854	3.20646694227148	up	546546
Pgam1-ps2	27.2580708205052	1.74741877329635	0.513446050990728	3.40331524592427	0.000665734201203861	0.00227940572161834	3.17669913117726	up	668045
Rnf150	95.5926606728383	1.7471543766275	0.318770408992948	5.48091769919007	4.23125290876774e-08	3.05615176336203e-07	7.37353101541566	up	330812
Adam23	1179.53559112105	1.7456547375631	0.195947590314661	8.90878389859173	5.15953686691155e-19	1.37606706245497e-17	18.2873892799952	up	23792
Dbi	19133.3704758079	-1.74455604642514	0.25110109327255	-6.94762425638493	3.71488829296157e-12	4.56502163173376e-11	11.4300542409828	down	13167
Vgll3	48.2729887717064	1.74442314005563	0.4189246114344	4.16405026690297	3.12651234577977e-05	0.000140466919576144	4.50493985206457	up	73569
Cd244a	40.9606190338099	1.74331248044854	0.494391229902281	3.52618002708728	0.000421600274823288	0.0015022825484821	3.37509911469732	up	18106
Gm49495	52.1702235430162	-1.7430966915046	0.525582177754379	-3.3165064670804	0.000911504778070634	0.00302880690362867	3.04024105044919	down	NA
Adrb2	60.6984329081906	1.74302566482415	0.390757195398843	4.46063613248391	8.17167316232537e-06	4.04924699983884e-05	5.08768901191687	up	11555
Spon2	419.937532903894	-1.74274882443662	0.236296934241857	-7.37524940824186	1.64037670918083e-13	2.33632351420015e-12	12.7850564056526	down	100689
Pdxk-ps	49.7829794903963	-1.7422145186487	0.459856834333868	-3.78860199212308	0.000151497396286843	0.000593899402056078	3.8195948311087	down	435518
1700018L02Rik	42.4072866846771	-1.74132618442575	0.63627806646992	-2.7367377192281	0.00620517441112349	0.0168196563148359	2.20724600711868	down	67329
Actn1	2596.72444466432	1.74040078216228	0.221272217974815	7.8654283763738	3.67836517770905e-15	6.36965826096812e-14	14.4343451574277	up	109711
Tesc	32.500117704405	1.73982824864613	0.696555070904901	2.49776122709997	0.0124980343984722	0.0311496441078153	1.90315828435367	up	57816
Rxrg	211.893983239714	-1.73860880274942	0.492152020866427	-3.53266618653445	0.000411391569017567	0.00147107818997257	3.38574461290057	down	20183
Dhx58	233.4296985161	-1.73859972230481	0.242401324751879	-7.1724019003792	7.36932200768141e-13	9.81353143706178e-12	12.1325724662613	down	80861
Tmem229b	152.797949597166	1.73833886433165	0.308410577177357	5.6364437310851	1.73597722588962e-08	1.33179193074624e-07	7.76045597658772	up	268567
Mmp15	1485.85572010773	-1.73828650947912	0.26857868471033	-6.47216852429639	9.66062853824569e-11	1.00121131933509e-09	10.0149946166682	down	17388
Cfap69	53.4053471006926	1.7382615114195	0.434146081957606	4.00386317799187	6.23164144561435e-05	0.000264951396945793	4.2053975429271	up	207686
Tnfrsf21	471.317845181256	1.73791796422419	0.170103988001389	10.2167972934885	1.66759660117183e-24	7.83387960091786e-23	23.7779089987063	up	94185
Crtap	350.875283159207	1.73722543782952	0.281695336775204	6.16703654990161	6.95816786826462e-10	6.46652898027526e-09	9.15750509795383	up	56693
Gm31992	87.275123643121	-1.73696899924697	0.387979784495838	-4.47695748247317	7.57143208847804e-06	3.77610713016662e-05	5.12082196867679	down	102634400
1110018N20Rik	15.1185387583401	-1.73650717521067	0.619217765475049	-2.80435619265295	0.00504171728742847	0.0140050934920258	2.29742151089126	down	68941
Gm5451	21.8300108537448	1.7364439828934	0.599846543113528	2.89481368664777	0.003793836374062	0.0108679133024305	2.42092140390976	up	108168114
Popdc2	18.857206741339	1.73630217978756	0.724424726458127	2.39680137407337	0.0165388863591772	0.0397991496791197	1.78149373688426	up	64082
Cyp2e1	161459.884239062	-1.73576420243872	0.308085435604758	-5.63403524425455	1.76041019620145e-08	1.34838738019312e-07	7.75438612469146	down	13106
Hsd17b6	20062.5560039455	1.73550532571003	0.15871903292756	10.9344499755245	7.88828688604701e-28	5.14904583992276e-26	27.103017303092	up	27400
Hs3st1	31.2467917254431	1.73536398949451	0.576934871778783	3.00790275364028	0.00263057299735558	0.0078643554785094	2.57994964220027	up	15476
Cpt1c	36.6712024284447	1.73502715763105	0.530904472604716	3.26805903351818	0.00108287776347207	0.00354268702270859	2.96542056428483	up	78070
Tmprss4	20.4249160408593	1.73498626155461	0.576162735028327	3.01127816166262	0.00260150416338666	0.00778712329708901	2.58477547473262	up	214523
Zfp444	807.369222107714	-1.73490047960412	0.303790972394441	-5.71083619085144	1.12422417218686e-08	8.89112457444967e-08	7.94914708108319	down	72667
Klf4	130.803830519158	1.73463710170887	0.382775353348801	4.53173666102841	5.85007489998479e-06	2.97305469184764e-05	5.23283857350041	up	16600
Trip13	73.5927460695866	1.73401153457289	0.292000423386211	5.93838705596471	2.87839842593261e-09	2.45902573601412e-08	8.54084909149469	up	69716
Aqp4	82.9618463945569	-1.73361756849374	0.539519603710532	-3.21326149517242	0.00131236744905292	0.00421393156560999	2.8819445500568	down	11829
Cmtm3	657.752102535893	1.73352775161186	0.19129521823826	9.06205480501207	1.28015848321235e-19	3.64545726257693e-18	18.8927362615053	up	68119
Actg1	6012.00377158248	1.73348049550009	0.208894495985146	8.298354091739	1.05563646600995e-16	2.19517665113258e-15	15.9764856158815	up	11465
Dapk1	4614.64599358993	-1.73334112112428	0.170285328702595	-10.1790396996066	2.45976735610723e-24	1.13585803858995e-22	23.6091059663668	down	69635
Pfkfb1	1138.46266518396	-1.73298725907804	0.209493341157084	-8.27227848630567	1.3142288522005e-16	2.71532089892413e-15	15.8813290026653	down	18639
Gm44851	17.2879081705606	-1.73285329199051	0.738453564210232	-2.34659750588891	0.0189457083419694	0.0447520313828464	1.72248915268734	down	115486493
Upp1	174.294121844744	1.73176552324074	0.250089448450381	6.92458451954376	4.37256919067099e-12	5.32226247380281e-11	11.3592633096048	up	22271
4933421A08Rik	30.7962123279358	1.73120128985424	0.664462683161607	2.60541537354203	0.00917629388916192	0.0237434446559664	2.03733268573479	up	71097
4933406I18Rik	128.193160330641	-1.73103779282369	0.457629713108147	-3.78261669476564	0.000155188298002442	0.000607132439320401	3.80914102988563	down	71045
Gm13849	19.168322944057	1.73090909704205	0.734011365229153	2.35815026719875	0.0183662567240454	0.0435864726988191	1.73597934939629	up	NA
Bco1	605.435530031221	1.73034946469027	0.229595387465305	7.53651666870592	4.82691295560803e-14	7.37089895901573e-13	13.3163305328034	up	63857
Lsamp	34.3274287479887	-1.73034820119768	0.491447214609245	-3.52092381391051	0.000430046155580092	0.00153039526369437	3.36648493037852	down	268890
Sugct	1258.95885324601	-1.72918520728467	0.229677199983305	-7.52876300917268	5.12232555811436e-14	7.79392189573096e-13	13.2905328226658	down	192136
Mcm4	371.49923338726	1.72904092208699	0.257650676675912	6.71079519135858	1.93566636287923e-11	2.20943636535877e-10	10.7131694968454	up	17217
Gm43437	28.0246750881281	-1.72901786195191	0.732062298218298	-2.36184525027448	0.0181842310416302	0.0432271406080193	1.74030505927453	down	NA
5033428I22Rik	32.5106618659857	1.72821400710874	0.463631659288264	3.72755822965537	0.000193343898970789	0.000743119784148007	3.71366952767742	up	NA
Mmp23	96.5519843364989	1.72738022407145	0.288984502449155	5.97741473827088	2.26706511329836e-09	1.9576056422275e-08	8.64453600614606	up	26561
Smoc2	313.943639725296	1.72693034694445	0.258180016858586	6.68886139197347	2.24913630382094e-11	2.54760992155153e-10	10.6479842243316	up	64074
Gm37499	15.739906384973	-1.72650687625399	0.521465076979101	-3.31087728109391	0.000930039855838749	0.00308560431840644	3.03149843983321	down	NA
Ehd2	406.277912203559	1.72590946974761	0.257094793385512	6.71312494127262	1.90499861344504e-11	2.17830482782053e-10	10.7201053360899	up	259300
Zfp791	287.892239400484	1.72568579091523	0.420971336558684	4.09929522760908	4.14410140731586e-05	0.000182272308586739	4.38256962582584	up	244556
C430049B03Rik	14.9141921431749	1.7256289169846	0.634568052040697	2.71937566260258	0.00654052796372166	0.0175949156844683	2.18438719319312	up	NA
Rubcnl	51.1230814351611	1.72449915127012	0.36954024199686	4.66660719263364	3.0621392887391e-06	1.63835938160489e-05	5.51397505826384	up	271221
Rd3	64.5465373630318	-1.72349275408817	0.445204302793668	-3.87124010992977	0.000108283064894236	0.000436669884314848	3.96543946025454	down	74023
Eml1	98.3187994715477	1.72333529888101	0.359394497836923	4.79510763034269	1.62587512013115e-06	9.06423025861187e-06	5.78891281465875	up	68519
Erbb2	91.8538342338267	1.72173509075593	0.361032813754876	4.76891580255336	1.85220047414587e-06	1.02517885398542e-05	5.73231200895895	up	13866
Gm45609	30.9507224804488	-1.72156452046818	0.456755764354823	-3.76911394407891	0.000163828090793305	0.000638081253300139	3.78561162986158	down	108168806
Nt5e	1174.20994782038	1.72118296329188	0.314736306327717	5.46865083146686	4.53474076940731e-08	3.24854792617958e-07	7.34344753454298	up	23959
Gfra1	3368.02104965281	-1.71985469645959	0.209880463657973	-8.1944487184968	2.51744268754087e-16	4.9928129831145e-15	15.5990404078719	down	14585
Arhgap24	513.482329408232	-1.7190195905705	0.171117069685714	-10.0458685607916	9.57999627958364e-24	4.15478397206447e-22	23.0186346595808	down	231532
Brca1	126.876575780351	1.71887035603611	0.321167673258323	5.35194074359278	8.7015895915721e-08	5.99276856850187e-07	7.06040140395743	up	12189
Habp2	5285.71302740544	-1.71866799521227	0.285087817655127	-6.02855642639683	1.65430640650257e-09	1.45458101203714e-08	8.7813840483935	down	226243
A630001G21Rik	192.970401520488	1.71806869464716	0.268088600518999	6.4085854128863	1.46875988832643e-10	1.49405390436417e-09	9.83304919651617	up	319997
Spata6	107.707940554352	1.71788148484673	0.345149762495801	4.97720604651331	6.45086416519178e-07	3.83862300262463e-06	6.19038210287866	up	67946
Gm6831	13.2386185194928	1.71752872391603	0.704418409790154	2.43822236904298	0.0147596914666563	0.0360081868594875	1.83092272081441	up	628050
Neu3	217.816413200329	1.71752510851353	0.263645504892343	6.5145245287412	7.29202659083204e-11	7.69820526497049e-10	10.1371517563321	up	50877
H4c9	121.4688460212	1.71629158861694	0.24169942208009	7.10093377074038	1.23916754413322e-12	1.60358939716594e-11	11.9068699699974	up	319158
Srcin1	56.8738609754124	-1.71354736468807	0.385103331420775	-4.44957813884969	8.60391230661699e-06	4.24486127020796e-05	5.06530402470792	down	56013
Sestd1	232.529721190043	1.71262040352393	0.21603487532178	7.92751818877863	2.23568779357849e-15	3.99725201050579e-14	14.6505888443424	up	228071
4732465J04Rik	1978.89878498005	-1.71239589640368	0.256889575282188	-6.66588316992876	2.63078478920213e-11	2.94183460516122e-10	10.5799146778302	down	414105
Bcl6b	172.044492437052	1.7114332322002	0.230689864133736	7.41876214902985	1.18219995446009e-13	1.72982084521911e-12	12.9273090617167	up	12029
Ttc6	113.459152138175	-1.71127019625331	0.375005079833473	-4.56332537418754	5.03496906326386e-06	2.58749304195914e-05	5.29800319357016	down	70846
Orm3	167.46867450476	1.71101722021591	0.526758248451419	3.24820204571265	0.00116136771106195	0.00377312243026976	2.93503025261177	up	18407
Gm12602	72.8547032775795	1.70755456371193	0.453128312329066	3.76836873188337	0.000164317856731392	0.000639730013995085	3.78431523839991	up	102637941
Lfng	230.768890855175	1.70746288011559	0.302981117080063	5.63554222973041	1.74508372422839e-08	1.33824500970697e-07	7.75818373197235	up	16848
Prox1os	493.203526480177	-1.7050275002545	0.356138738884242	-4.78753731087001	1.68840355403025e-06	9.37753067101425e-06	5.77252374234202	down	102632463
Cxcl12	10355.0910791008	-1.70492777903677	0.113439260789543	-15.0294330831353	4.71019548524125e-51	1.43369207510896e-48	50.3269610681578	down	20315
Dreh	21.4966434885476	1.70405285645125	0.66136407014322	2.57657307582832	0.00997851108105543	0.0255445638629092	2.00093425605951	up	101202683
Igsf23	42.759169124378	1.70328115945383	0.495704508336949	3.43608163897522	0.000590193097147072	0.00204512475772252	3.22900587428111	up	70080
Gm17023	13.3935179876984	-1.70314266375148	0.615665047285356	-2.76634619954654	0.00566883179498984	0.0155275995795625	2.24650642916029	down	108167522
Hpse	317.713589854651	1.7028448598116	0.205684993479757	8.27889692389828	1.24321487642027e-16	2.57135828789997e-15	15.9054538017055	up	15442
4833422C13Rik	148.899109008817	1.70274847779421	0.52728072618318	3.2293015717071	0.00124092962645485	0.00399988966973797	2.90625284679211	up	373852
Pkd1l1	58.6216056520541	1.70239225933538	0.526681288484366	3.23230062764213	0.00122797792531884	0.00396585536264427	2.9108094401968	up	171395
Fscn1	460.84336010906	1.70227570659287	0.225991575300414	7.53247418329649	4.97877719547359e-14	7.59076276136497e-13	13.3028773083382	up	14086
Ciita	28.3117836733456	1.70135438016861	0.606793216111432	2.8038454204738	0.00504971089135484	0.0140212304144093	2.29673348562064	up	12265
Zcchc24	3725.00866931924	-1.70128680873042	0.215736943740122	-7.88593172423822	3.12197278217149e-15	5.46019145263344e-14	14.5055708875017	down	71918
Prune1	1696.52876420691	1.70057708870434	0.2484211617762	6.84554035793609	7.6187736147701e-12	9.05040744762573e-11	11.118114930918	up	229589
Abcb11	18793.8543446902	-1.69980971114245	0.194299327960571	-8.74840756776774	2.16384504565704e-18	5.36945878855309e-17	17.6647738425607	down	27413
Reep5	1578.49508472835	1.69775366929238	0.157968764088868	10.7474011022665	6.09549083419352e-27	3.65653493779534e-25	26.2149913174453	up	13476
A930004D18Rik	104.387471295176	1.69719416706568	0.235446004282923	7.20842204239005	5.66039619387091e-13	7.62213909854393e-12	12.2471531697322	up	77940
Mgat3	43.7674562928956	1.69675657203399	0.358996944646911	4.72638165125004	2.2855589840814e-06	1.25030465333726e-05	5.64100756626679	up	17309
Foxa1	734.855309297448	-1.69673422914763	0.16158001257639	-10.5008918002495	8.55678711199525e-26	4.66769100930823e-24	25.0676892728764	down	15375
Gm30835	36.1281437750329	-1.69625461034614	0.556820615226754	-3.04632149737376	0.00231659985933862	0.00700179671816426	2.63514897436219	down	102632873
Gm37226	15.7533363731975	-1.6951939360186	0.677119383754977	-2.50353774635409	0.0122958563780527	0.030701375831922	1.91024121826233	down	NA
Tbx20	212.55294258651	1.69468275942635	0.353066577638372	4.79989573287257	1.58748257725421e-06	8.87846776288326e-06	5.79929103242583	up	57246
Slc35d1	12625.64985448	1.69443369397912	0.165848209000455	10.2167741466202	1.66799472184063e-24	7.83387960091786e-23	23.7778053279663	up	242585
Capn6	103.850754640937	1.69428349306636	0.350504522637325	4.83384202953487	1.33922872919413e-06	7.5892255471931e-06	5.87314524274639	up	12338
Galnt10	866.932502797716	1.69416171582415	0.216224620339353	7.83519338901025	4.68121640741478e-15	8.01257805699369e-14	14.3296412814588	up	171212
Impact	1442.67018158106	1.69402326605127	0.244333581583556	6.93323961066709	4.11310647803814e-12	5.01913677700269e-11	11.3858300475475	up	16210
Nlrp4e	10.8051907799303	1.69387862811022	0.62950793803332	2.69079788477674	0.00712813656020521	0.018937554856969	2.14702398871649	up	446099
Cfap74	18.1472408363803	-1.69383939514726	0.541922033126059	-3.12561455635307	0.0017743394674311	0.00552322676767755	2.75096328713781	down	544678
Gm16277	69.6122750169694	-1.69277693103986	0.330128719778647	-5.12762698190837	2.93417070924941e-07	1.85490450352287e-06	6.53251462262351	down	105246607
Abtb2	1290.56672720607	-1.69250905999759	0.174980771501972	-9.67254313413812	3.94451947583083e-22	1.48350912161325e-20	21.4040058952951	down	99382
Cnn2	596.979333390771	1.69125689711214	0.203359046139738	8.31660518288425	9.05186611899981e-17	1.90494791243126e-15	16.0432618780723	up	12798
H2-DMb2	58.5436157075807	1.69048656582226	0.312272612919861	5.41349607964531	6.18059482308654e-08	4.34519381236011e-07	7.20896972621329	up	15000
Emilin1	1631.17915657404	1.69030106269978	0.192619409145489	8.77534133345337	1.70386264738923e-18	4.26783184752566e-17	17.7685654177179	up	100952
Platr25	58.4670843646846	1.69020421341217	0.432359990692547	3.90925212738771	9.25822976656464e-05	0.000379877418250519	4.03347204529517	up	435366
Gm15663	30.013142012706	1.69018522232848	0.423216282728806	3.99366775642595	6.50590106055185e-05	0.000276063532000851	4.18669254560121	up	327812
Dock10	395.5265231285	1.69017971899901	0.248697580395771	6.79612449911776	1.07470914489805e-11	1.26032882424829e-10	10.9687090556155	up	210293
Rcn2	521.403893430378	1.68888743084897	0.209553247709848	8.05946674320906	7.66279855345026e-16	1.44378521472836e-14	15.1156125914177	up	26611
Pqlc3	115.865455760684	1.6886866775426	0.349156356201944	4.83647697527782	1.32160573454843e-06	7.50039493795006e-06	5.87889808558261	up	NA
Serpina3n	7416.60381329826	-1.68812259424553	0.195747830414518	-8.62396579655948	6.46744433786015e-18	1.53370822869255e-16	17.1892673003562	down	20716
Cfhr2	13966.4103571651	-1.68790566437423	0.224195689667917	-7.52871594843944	5.12417174906284e-14	7.79392189573096e-13	13.2903763222489	down	545366
Hjurp	16805.2215180883	1.68777896008713	0.232252641177075	7.26699576604737	3.67570321791289e-13	5.03051465274561e-12	12.4346595614932	up	381280
Proser2	1142.23635887585	-1.68746752265245	0.166215463893451	-10.1522895832013	3.23679059642784e-24	1.47695828731788e-22	23.4898853962902	down	227545
Rasal3	66.0239200999612	1.68711507748429	0.318430670638503	5.29821789497022	1.16938370618773e-07	7.90925628603827e-07	6.93204296177465	up	320484
Cyp2d9	35654.8794331417	-1.68689348987147	0.29148737495917	-5.78719229300329	7.15726308475424e-09	5.82503203550413e-08	8.14525301881273	down	13105
Twsg1	3641.08878701589	1.68616405969822	0.166903320973326	10.102639359511	5.37750468907934e-24	2.38592696527446e-22	23.269419202244	up	65960
Edn1	49.7237048976216	1.68614281390107	0.409975122344577	4.11279300133702	3.90900865424146e-05	0.000172721135029999	4.40793336807245	up	13614
Klf1	92.6001292359714	-1.68611832182291	0.296964537476806	-5.67784401514475	1.36403010720535e-08	1.06425298802051e-07	7.86517604371998	down	16596
Kif26b	66.6330820453179	1.6860292403446	0.364902525119093	4.62049211578991	3.82830892687757e-06	2.01470119420482e-05	5.41699302391901	up	269152
Pik3cg	64.8287658482937	1.68593064728493	0.41798370185689	4.03348417604608	5.49558830380376e-05	0.000235791106011687	4.25998580944255	up	30955
Esrrg	562.699259962001	1.68581842274327	0.312652225736701	5.3919923927328	6.96807186250917e-08	4.87385367905836e-07	7.15688737904944	up	26381
Arhgef16	654.102747949901	1.68566654836631	0.157816868908791	10.6811556966101	1.24709336412307e-26	7.32135055474202e-25	25.9041010316813	up	230972
Spsb1	105.330174230501	1.68550426814533	0.374811188270767	4.49694224956728	6.89377027752865e-06	3.46325177313049e-05	5.16154319276792	up	74646
Rnd1	662.827781976108	-1.68412427505089	0.315218939976025	-5.34271283057731	9.1565763540385e-08	6.27469872858952e-07	7.03826687878685	down	223881
Eid2	48.2741443398993	1.68412286586668	0.514491654201561	3.27337256515903	0.00106272299072722	0.00348379194917318	2.97357992388348	up	386655
Cep192	419.59614854575	1.68383621832845	0.258947152956987	6.50262495300788	7.89304096878146e-11	8.28274642478778e-10	10.1027556429859	up	70799
Serpinh1	1539.31709487393	1.68298820386629	0.212502933751521	7.91983514841355	2.37825683375758e-15	4.22859774615291e-14	14.6237412466641	up	12406
Rassf2	161.156009258614	1.68297147708201	0.207049815961014	8.128340850102	4.35206028597195e-16	8.45643520349909e-15	15.361305097298	up	215653
Prss23	228.407419767624	1.68241192063463	0.329826737452591	5.10089610572116	3.38049100462742e-07	2.11071875165305e-06	6.4710202153693	up	76453
Ifi27	1556.0588511003	-1.6819911995927	0.242866326494034	-6.92558422517259	4.34179918043426e-12	5.28815212007857e-11	11.3623302676725	down	52668
Rassf4	290.562059457784	1.68167096240303	0.252189828087671	6.6682743517253	2.58828610398022e-11	2.897676582456e-10	10.5869877193046	up	213391
Plcb4	238.336237090775	1.68075999229216	0.353066129122005	4.76046795106579	1.9314460467289e-06	1.06689400676454e-05	5.71411741898962	up	18798
Emid1	29.9354851523302	1.68072062628155	0.479077215331706	3.5082457952375	0.000451072086030578	0.0015981313870478	3.34575404778144	up	140703
Ifi205	34.7339516887985	1.68050660860091	0.435141276356352	3.86197931548255	0.000112472091027868	0.000451953794831516	3.94895523058633	up	226695
Cys1	185.427978201278	-1.68030003507039	0.294941901231352	-5.69705432851457	1.21895093729944e-08	9.5804568361788e-08	7.91401377435613	down	12879
Ikzf3	49.2523988209171	1.67862989160056	0.4780518266341	3.51139729643869	0.000445757666035829	0.00158192215576593	3.35090117919371	up	22780
Rcn1	489.697906559472	1.67850551212627	0.150352963549758	11.1637673943872	6.13360579795895e-29	4.44017718968036e-27	28.2122841392229	up	19672
B230303A05Rik	21.9402576447909	-1.67788138810438	0.626420346235302	-2.67852313257098	0.00739476240847828	0.0195810705359815	2.13107577519575	down	100503142
Fgr	216.946967676366	1.67776730363687	0.247764098137559	6.77163203324709	1.2733767444822e-11	1.4851691454724e-10	10.8950430858647	up	14191
Kcnk6	271.103455612472	1.67701536232655	0.235628016146721	7.11721547272336	1.10129250063375e-12	1.43675395611135e-11	11.9580973181399	up	52150
Bcam	432.761165629656	1.67694080546019	0.301382180271068	5.56416707833198	2.63407484384476e-08	1.97130762507092e-07	7.57937188928046	up	57278
Cd248	112.603079047071	1.67668827687758	0.409921349022574	4.09026824505606	4.30874565391108e-05	0.00018873795794293	4.36564914164222	up	70445
Gm28818	32.0002338435363	-1.67653999453681	0.549644857045869	-3.05022410934139	0.00228670663898048	0.00692339984908934	2.64078954734953	down	102632274
Atp8b2	203.851310596604	1.6757919551141	0.258740115982244	6.47673805336432	9.37266964834964e-11	9.7451472326469e-10	10.0281366899648	up	54667
Gm14403	526.848290347609	1.6736444535327	0.302450400241022	5.53361626302687	3.13694881568414e-08	2.32416646382508e-07	7.50349256745058	up	433520
C130074G19Rik	5502.74025104032	-1.6735963095111	0.232572906512972	-7.196007198791	6.20013570320288e-13	8.31405383710826e-12	12.2075988049361	down	226777
Gm4524	11.0690493543941	1.67325618717903	0.656432220949044	2.54901592849891	0.0108027366103966	0.0274067847391036	1.96646621263865	up	100043571
Mustn1	230.849036496179	1.67314653732047	0.238267347443017	7.02213943822333	2.18496309285623e-12	2.76800324447629e-11	11.660555894485	up	66175
Unc13d	114.558051702991	1.67234778501371	0.22590532786326	7.4028700466329	1.33272159513663e-13	1.93682166309064e-12	12.8752605650077	up	70450
Ranbp3l	25.7338894682421	-1.67210520472693	0.601936285406489	-2.77787740208709	0.00547152582553405	0.0150449380688967	2.26189154657248	down	223332
Hnmt	443.35040023632	-1.67209668652979	0.298369982273408	-5.60410492298648	2.09333879064202e-08	1.58573295643598e-07	7.67916047878057	down	140483
Fgfbp3	32.3553977582092	1.67035671245682	0.420829151314959	3.96920390908634	7.21131529177719e-05	0.000303587860206519	4.14198551588193	up	72514
Me2	217.734212080996	1.67023653549136	0.243435273018379	6.86111143542153	6.83268355394716e-12	8.15180635159892e-11	11.1654086925448	up	107029
Prkar2b	48.4787474842603	1.67008997506913	0.44735929336761	3.73321846629609	0.000189048483625171	0.00072806352013726	3.72342680180243	up	19088
Gm45606	45.0074043706365	1.66990945072954	0.470015261262817	3.55288346647064	0.000381033219523144	0.0013734515982266	3.41903715968743	up	118567916
Eya4	16.6618785440275	1.66967794178149	0.597620159647211	2.79387820980995	0.00520800887904764	0.0144108950962698	2.2833282840178	up	14051
Plekho1	518.161375788184	1.6695169256249	0.185283209635436	9.01062178763987	2.04891477284574e-19	5.67682055624713e-18	18.6884761062414	up	67220
Gm2115	38.1077105043938	-1.66835323825663	0.603835018949034	-2.76292892247351	0.00572852396124957	0.0156688149712815	2.24195726600179	down	NA
Oasl2	428.175237338914	1.66728341817937	0.243356890323039	6.85118640350051	7.32400059616175e-12	8.71099169114828e-11	11.1352516290195	up	23962
Cd40	59.9431782351476	1.66720833094129	0.36203613136862	4.60508823978058	4.12291002426952e-06	2.15853059889434e-05	5.38479614285802	up	21939
Ccr5	328.603653737092	1.66656549679509	0.26423979426123	6.30701935510709	2.84460269832679e-10	2.79753164244028e-09	9.54597838233513	up	12774
Zfp105	28.9014802630218	1.66633120729892	0.51535889927127	3.23334128828502	0.00122351299135397	0.0039536778253922	2.91239141491588	up	22646
Ero1lb	2923.21437668829	-1.66558042391286	0.16815000758016	-9.90532470311574	3.94685880627595e-23	1.61703645050319e-21	22.403748409645	down	NA
Gpt	9182.43863562448	-1.66552274384674	0.353032765937306	-4.71775683320713	2.38459267640313e-06	1.29722223599951e-05	5.62258579419118	down	76282
Batf3	78.8204101374916	1.66463329612131	0.345538137788255	4.81750960046383	1.45361099063259e-06	8.18681872934227e-06	5.83755180202292	up	381319
Acot6	126.473235240451	1.66423118682365	0.335116555577344	4.96612643907279	6.83034315916142e-07	4.04817137189327e-06	6.16555747664256	up	217700
Lipo3	134.011922495651	1.66411318444259	0.332401039492389	5.00634169791968	5.54742438109245e-07	3.3350360250489e-06	6.25590860907759	up	381236
Ikzf4	53.9771734206257	-1.66396391434118	0.464381346976169	-3.58318421955603	0.000339431044481299	0.00123812922760596	3.46924843947754	down	22781
Gm28375	20.814174097811	-1.66371625658249	0.48901657587279	-3.40216740836056	0.000668536724056228	0.00228778090606482	3.17487473108426	down	102635655
Slc16a9	75.8548200477822	1.6632535675136	0.42388408846024	3.92384053281022	8.71484332321734e-05	0.0003601137833302	4.05974041629625	up	66859
Tnfrsf12a	550.448006659326	1.662935582196	0.392045811599207	4.24168689728545	2.21846038729592e-05	0.000102442861433502	4.65394832161607	up	27279
Cox6b2	13.6959541076286	1.66288409187012	0.706478497058015	2.35376462099677	0.0185843748581169	0.0440173090120417	1.73085204313627	up	333182
Nectin4	20.9846957095947	1.66241925509811	0.446997629640509	3.71907845783229	0.000199950942375007	0.00076621996942749	3.69907654468224	up	71740
Scara3	271.239180326792	1.66187409427602	0.450083669072823	3.6923670163361	0.000222176522853398	0.00084210032091921	3.6533018343866	up	219151
Art2b	64.0051842510619	1.66120260747872	0.451404089101323	3.68007877550671	0.000233161913660878	0.000879483997934155	3.63234238889493	up	11872
Lrig1	903.288191456603	-1.6609731075242	0.188282604003757	-8.82170244199013	1.12732489385938e-18	2.90210804226688e-17	17.9479509026975	down	16206
Cd5	17.5422117534686	1.66063071631157	0.674675453922235	2.46137710606999	0.0138404805006372	0.0340808558210063	1.8588488321948	up	12507
Col6a2	567.159778080145	1.66047428896988	0.313682879777777	5.29348076039794	1.20009873179175e-07	8.10277039950278e-07	6.9207830231953	up	12834
Hcls1	432.787671931023	1.66032263123156	0.218760703637137	7.58967494447986	3.20709002615791e-14	5.00857465885619e-13	13.493888848829	up	15163
Col20a1	98.356874402668	-1.65968766493194	0.302711868754466	-5.48273072926038	4.18810238611853e-08	3.03066890443812e-07	7.37798270970982	down	73368
Fam102b	186.040079468702	1.65965352796369	0.288354953062461	5.75559223220345	8.63385662054684e-09	6.93300846894287e-08	8.06379516779724	up	NA
Slc43a2	890.750473582095	1.65935999839703	0.23577752333989	7.03782097161544	1.95269348473629e-12	2.48848879828471e-11	11.7093659227822	up	215113
Garnl3	24.1359974929165	1.65930252253904	0.606995694987827	2.73363145116262	0.00626401142833181	0.0169624249843844	2.20314745860386	up	99326
Efna1	2347.69272510853	-1.65797742991238	0.328951455258533	-5.04018876769924	4.65072887181846e-07	2.84209568885231e-06	6.33247897824925	down	13636
Hacd3	13702.2056156251	1.65782722220332	0.24238764154208	6.83956992054612	7.94312828881454e-12	9.40669608421973e-11	11.1000084231394	up	57874
Psd4	277.258915268051	1.6577252521032	0.255868476963182	6.47881783554656	9.24440295065099e-11	9.61697586265453e-10	10.0341211324887	up	215632
Tmem176b	11798.0510688253	1.65725440387164	0.201848538089673	8.21038596343655	2.2047861771068e-16	4.40865655517846e-15	15.6566335225705	up	65963
E030042O20Rik	210.861407232567	1.65695260160246	0.334961530265329	4.94669522285129	7.54840213306931e-07	4.44773658122346e-06	6.12214497131568	up	320474
Camkk1	33.7681897735998	1.65492813509249	0.433114633984662	3.82099334734346	0.000132915237951975	0.000526954050237438	3.87642522688947	up	55984
Aff3	36.4806985328634	1.65475642027936	0.460064700470827	3.59679066571702	0.000322167545772513	0.00118175455118461	3.49191821128433	up	16764
Zfp850	19.7526825112938	1.65438874860726	0.710589683967314	2.32819134014245	0.0199019458193103	0.0466957315336467	1.70110446041054	up	100043772
Cutal	1258.52775307217	-1.65411532897363	0.401189703107421	-4.12302538216124	3.73928476223171e-05	0.000165983557818197	4.42721146023847	down	77996
Hexa	3284.44163763688	1.65393555152453	0.165841089578544	9.97301426159049	2.00063174140226e-23	8.44828175711444e-22	22.6988328450947	up	15211
Tbc1d16	2270.06192422096	1.65381844548574	0.17945115322908	9.21598114989287	3.08444372526168e-20	9.26584217997487e-19	19.5108231489186	up	207592
Smc2	196.518834355989	1.65369224881374	0.352283396782928	4.69421001362922	2.67638970122254e-06	1.44724965141087e-05	5.57245064995941	up	14211
Fbln7	19.5931158146753	1.6529034797091	0.591894116087704	2.79256616138448	0.00522917726679203	0.0144590806216754	2.28156663553032	up	70370
Nlrc4	67.6641814315413	1.6521223609165	0.35032392027684	4.7159850221216	2.40544131281666e-06	1.30697454626404e-05	5.61880523440922	up	268973
Itpr3	206.302225911127	1.65201079607151	0.280071236259987	5.89853787961992	3.66736780182066e-09	3.09460273408671e-08	8.43564553228347	up	16440
Stag3	11.2405189661491	1.65199770353312	0.70217028565564	2.35270238185968	0.0186375445885284	0.0441323854644248	1.72961130453003	up	50878
Rem1	71.1203445865206	1.65199757105602	0.377049603009743	4.38137995072582	1.17930015081656e-05	5.68283375979071e-05	4.92837564591985	up	19700
Itgb4	77.7708544746257	1.6516048664066	0.486381912115662	3.39569549209273	0.000684544699826157	0.0023350917165372	3.16459818777249	up	192897
Sdc3	1282.13781008794	1.65158034194748	0.247453374700949	6.67430922671163	2.48399367604734e-11	2.78902520268032e-10	10.6048495141562	up	20970
Tspan6	23.6318336230907	1.64991418135542	0.541124474317915	3.04904741822133	0.00229568243499896	0.00694839059546368	2.63908818868969	up	56496
Slc26a10	476.70587920297	1.64859739976162	0.195707141523088	8.42379785904306	3.6447287655982e-17	8.04849737504116e-16	16.4383347855866	up	216441
Icam1	799.315665620671	1.64845163710896	0.266395718253058	6.18798097776874	6.09396799242873e-10	5.71858906735905e-09	9.21509983116817	up	15894
Pdk1	2682.82237423102	-1.64838886297471	0.183536197358431	-8.98127392143544	2.6764959078187e-19	7.36265788585098e-18	18.5724334162869	down	228026
Kcnj2	29.8070334861854	1.64831628410372	0.529288274045195	3.11421273610716	0.00184436456173822	0.00571717385718468	2.73415323105759	up	16518
Cnnm1	45.6905510906075	1.64694988602772	0.440406652798428	3.73961173284436	0.000184304712402489	0.000711359298861961	3.73446356036295	up	83674
Pter	2386.03620740329	-1.6463661194628	0.25801359606825	-6.38092776718361	1.76018322778482e-10	1.7717766980776e-09	9.75444212157561	down	19212
Fosl2	952.101156503636	1.64408272822044	0.271770193678829	6.0495329011811	1.45266396770793e-09	1.28964948649995e-08	8.83783483570064	up	14284
Wrnip1	1536.82713053433	-1.64404507732147	0.11415489941021	-14.4018792519248	5.03554531739308e-47	1.16824651363519e-44	46.2979534912453	down	78903
Nudt7	16859.852796359	-1.64389760006229	0.279105617132038	-5.88987644517597	3.86484463272255e-09	3.25410792512923e-08	8.41286796009171	down	67528
4430402I18Rik	53.100681627547	-1.64376555854049	0.293828913158906	-5.59429479171617	2.21520298055369e-08	1.67409531371829e-07	7.65458647291924	down	NA
Igf1	11647.8928561075	-1.64343655368437	0.35785459653291	-4.59247015298078	4.38030172813592e-06	2.28469188695245e-05	5.35849597297736	down	16000
Rtn1	106.138043168304	1.64291886978997	0.317638768675875	5.17228698700328	2.3124605017139e-07	1.49224998059661e-06	6.63592567654966	up	104001
Myo9a	33.2114959857754	1.64286906940742	0.383966061364253	4.27868302622948	1.88002364613914e-05	8.78682896360565e-05	4.72583668833038	up	270163
Mat1a	72507.5842561344	-1.64281313191503	0.27895026771746	-5.8892688842263	3.8790787133872e-09	3.26466519689615e-08	8.41127140770521	down	11720
Prdm16	59.3434436507633	1.64276414218234	0.419792737943341	3.91327432253977	9.10529957481383e-05	0.000374400274637231	4.04070576084674	up	70673
Itga4	153.274670425344	1.64218455532647	0.309810557795472	5.30060875591783	1.15417187515883e-07	7.80911230782092e-07	6.93772951277917	up	16401
Akna	184.998978247834	1.64207858670468	0.236201568414669	6.95202236685361	3.60086293476827e-12	4.43055697584012e-11	11.4435934095387	up	100182
Cgas	39.5961816919303	1.64178377011448	0.388240487284682	4.22878041802638	2.34961528512223e-05	0.00010787837846999	4.62900324122877	up	214763
Tbxas1	341.068451741074	1.64152714917836	0.187502390944751	8.75469982493208	2.04647416712774e-18	5.08476213705957e-17	17.6889937331319	up	21391
Gm40915	22.6302578413794	1.64134854437454	0.495195124393035	3.31454908080194	0.000917910639141355	0.00304798883726607	3.03719959637699	up	105245466
Nyap1	14.7933724324925	1.64126148689586	0.589940237768594	2.78208093264466	0.00540115691347523	0.0148726837588845	2.26751320548746	up	243300
Chek1	81.4814557900755	1.64111333076996	0.359647311866774	4.56311857928715	5.03993297476923e-06	2.58935297124216e-05	5.29757523912619	up	12649
Nt5c3b	156.189547928341	1.6410848670583	0.237162021901366	6.91967817571067	4.52670816875276e-12	5.5029225061555e-11	11.3442175030275	up	68106
Gm31333	926.845893575269	-1.64101305532939	0.40859311814695	-4.01625231176605	5.91309484475247e-05	0.000252243142070345	4.2281851549562	down	102633526
Clpx	10115.4262547697	-1.64094369018241	0.147970649895516	-11.0896565727129	1.40827369148734e-28	9.78978996508313e-27	27.8513129338645	down	270166
Ccno	46.488991594709	1.64054571383668	0.503543406320995	3.25800257384539	0.00112199388694403	0.00365692523476544	2.95000950927746	up	218630
Kng1	65535.9378714461	-1.64045822855561	0.26451924271808	-6.20165932617605	5.58709181615485e-10	5.25831085102042e-09	9.25281419154985	down	16644
Nhs	95.3778411887085	-1.63957008350089	0.527044985291811	-3.11087313086397	0.00186535063031809	0.00577293341970509	2.72923952176431	down	195727
Gm19951	87.8526901068269	1.63840016294359	0.359131166534874	4.56212190869402	5.06392288460531e-06	2.60098423755561e-05	5.29551291654627	up	105245440
Tnnt1	37.7466732560866	-1.6382529020164	0.54881629075779	-2.98506609516702	0.00283517055471055	0.00838747030288927	2.5474208102308	down	21955
Cebpa	11688.455571706	-1.63817009170339	0.158576396679846	-10.3304787219421	5.1303896191985e-25	2.5527333981211e-23	24.2898496518389	down	12606
Gm9794	32.3791424400312	1.63792030738394	0.525970755273544	3.11409007242636	0.00184513152642171	0.00571863072151561	2.73397267060885	up	100042008
Antxr2	2888.85943564904	1.63731981735863	0.175038685131158	9.35404545647596	8.43579673095003e-21	2.70282365808941e-19	20.073873893571	up	71914
Asb13	1700.11040762314	-1.63727915948753	0.247045388025261	-6.62744272449285	3.41552091854004e-11	3.76254409653359e-10	10.4665430504613	down	142688
9430062P05Rik	20.3576430245678	-1.63717262345188	0.609825901611743	-2.68465576671129	0.00726045422846914	0.0192625112459909	2.13903620812266	down	115487189
Prr5l	130.360115843916	1.63677197083817	0.258768355621771	6.32524006617937	2.52839186503208e-10	2.49931795446908e-09	9.59715561566169	up	72446
Tafa5	239.385542108585	1.63594276216236	0.29680332277741	5.5118748228747	3.55031394668418e-08	2.60834968933043e-07	7.44973324151279	up	106014
Gm31166	21.9211333076753	-1.63575035550938	0.65342420236995	-2.50335134446591	0.0123023349259213	0.030713569471482	1.91001245366575	down	102633307
Tmem256	1481.53835935484	-1.63454917979063	0.24682375034411	-6.62233345661357	3.53572324004571e-11	3.8860665930548e-10	10.4515217368787	down	69186
Twf2	275.387936298763	1.63366213262376	0.289781698321021	5.63756145432615	1.7247506291271e-08	1.32370658088766e-07	7.76327368796631	up	23999
Zfp354a	147.721085787792	-1.63343124830514	0.305153975179733	-5.35280999483313	8.65987687091114e-08	5.9683102729515e-07	7.06248828288612	down	21408
Lrrc32	1055.83271493661	1.63285361858309	0.154798575513537	10.5482470569653	5.17536254599267e-26	2.84733660530385e-24	25.2860592214828	up	434215
Rab30	762.941703136547	1.63263420847117	0.393321726497409	4.15088742493335	3.31188644199014e-05	0.000148207495530937	4.4799245627273	up	75985
Zfp831	17.1745634585624	1.63122507895464	0.617627458702223	2.64111489211023	0.00826336916140454	0.0216224264943614	2.08284284494661	up	100043757
Lig1	292.6489217034	1.63092660852513	0.219321195683039	7.43624711440169	1.03585981560718e-13	1.53081478199017e-12	12.9846990143086	up	16881
Mrgprf	15.0580515968286	1.62937968963578	0.572073597305425	2.84819942278487	0.00439673640321958	0.0123849555559386	2.35686957078211	up	211577
Btbd11	83.2625445993208	1.62909769072139	0.440164468108278	3.70111130896791	0.000214657281288133	0.000817046967480588	3.66825437543693	up	NA
Vopp1	217.931138119293	1.62833797166025	0.219693127733232	7.41187486591526	1.24526230679789e-13	1.81519840875852e-12	12.9047391574872	up	232023
Them4	655.664246527486	-1.62717713411356	0.198388142762733	-8.20198783784989	2.36444224027362e-16	4.70834537525428e-15	15.6262712906724	down	75778
Ppm1h	349.855793916312	1.62701179404292	0.148658617163353	10.9446181128881	7.05142509934838e-28	4.63420620181066e-26	27.1517231028331	up	319468
Cdr2	100.244175590547	1.62552819501466	0.389176043411144	4.17684547272448	2.95579678739071e-05	0.000133450933031642	4.52932542722869	up	12585
Pip4k2a	455.751875121015	1.62485534075573	0.18420016672922	8.82113935946823	1.13300902849028e-18	2.91284670929356e-17	17.9457666294059	up	18718
Paox	1652.04307127959	-1.6248088608346	0.2209607920409	-7.35338086828478	1.93255251442492e-13	2.72824275790075e-12	12.7138686959012	down	212503
Acsl3	839.691710185448	-1.62436067015381	0.299090615923295	-5.43099844553597	5.60396227022592e-08	3.96436067139861e-07	7.25150479734912	down	74205
Nipsnap1	8986.50574107795	-1.62406512752123	0.243583509496026	-6.66738536972974	2.60400699206618e-11	2.91358272162849e-10	10.5843578539703	down	18082
Gm4737	78.5561806574916	-1.62398668701912	0.366054801374747	-4.43645782249027	9.14512433742161e-06	4.4877297207286e-05	5.03881038546487	down	NA
Fli1	242.07442614192	1.62378006599017	0.209241778215238	7.76030523082185	8.47252265320557e-15	1.41497741726042e-13	14.0719872613045	up	14247
4930451E10Rik	19.7904012562663	-1.62359078203771	0.512633273643894	-3.1671584064314	0.00153936441732679	0.00486812304484228	2.81265855645215	down	78111
Robo2	148.702812715781	1.62272398741799	0.252951632579549	6.41515522501194	1.40679447016526e-10	1.43481113969821e-09	9.85176934747866	up	268902
Tpm3-rs7	9.59846525745939	1.62237257920369	0.631830094436822	2.56773552492744	0.0102365223134629	0.0261317523714578	1.98984756255942	up	621054
Arl4a	987.007549771039	-1.621230500924	0.245617601879684	-6.60062832841338	4.09418809336735e-11	4.45662441638676e-10	10.3878322090514	down	11861
Alyref2	34.6277164551142	-1.62036638702386	0.501085601463263	-3.2337117296767	0.00122192724195201	0.003949216342905	2.91295465281644	down	56009
Tgfbr2	2001.81903466271	1.61806049515017	0.219713771531689	7.36440180271907	1.77942980950171e-13	2.52622483938965e-12	12.7497191382852	up	21813
Itih3	25051.3565658118	-1.61725138292651	0.134243174490095	-12.0471777359961	2.00704857597458e-33	2.11189767098178e-31	32.6974421162906	down	16426
Plpp2	1345.7362025064	1.61554387357662	0.182010355974538	8.87610963083121	6.92395990490616e-19	1.8189327684703e-17	18.159645455691	up	50784
Mrnip	194.356478749467	-1.61530974732525	0.222764924788095	-7.25118529706512	4.13140009896715e-13	5.64214470253273e-12	12.3839027444183	down	68067
Gpc4	2099.47273097472	-1.61524216504194	0.228569548518339	-7.06674259765773	1.58612767147513e-12	2.03210076127247e-11	11.7996618581372	down	14735
Adra1b	4022.99928823401	-1.61493340239298	0.292094016391914	-5.52881370985075	3.22403479572795e-08	2.383186718869e-07	7.49160027967368	down	11548
Stat2	2979.69800246948	-1.61466769753902	0.24721415709035	-6.53145320050949	6.51345758817178e-11	6.91417526559183e-10	10.1861884103815	down	20847
Icos	34.0176966565612	1.61414642094803	0.470911280244176	3.42770812394018	0.000608699521379441	0.00209980615974248	3.2155970397327	up	54167
Spns2	953.799449118945	-1.61359828429101	0.222373907181616	-7.25623929867437	3.9800071046065e-13	5.43924888618189e-12	12.4001161526779	down	216892
Itgal	714.390146711893	1.61358499075867	0.262943203398171	6.13662939336463	8.42907133448878e-10	7.69607385570963e-09	9.07422027075173	up	16408
Osbpl10	56.2649199970539	1.61227643717692	0.353097414659722	4.56609527637201	4.96892993776665e-06	2.55560135901802e-05	5.30373712679157	up	74486
Chst13	338.856273407627	-1.61181631037583	0.252070298181787	-6.39431270563035	1.61271089159808e-10	1.63015017997966e-09	9.79244348099125	down	71797
Pnpla7	4250.8806776406	-1.61014762724737	0.154770242021087	-10.4034703714426	2.39064578910003e-25	1.23748051921801e-23	24.621484766517	down	241274
Spry1	437.885168084198	1.6090546627878	0.283160843982967	5.68247586832518	1.32758650575175e-08	1.0375002335534e-07	7.87693717062569	up	24063
Olfr56	122.371865512135	1.60889920586664	0.298511705489947	5.38973573323014	7.056136696797e-08	4.92471794974712e-07	7.15143301431479	up	NA
Samd4	418.707267961715	1.60885883648425	0.297125863382334	5.4147384484467	6.13783588640631e-08	4.31981607560818e-07	7.21198472792456	up	74480
Tc2n	143.856728110781	1.60864191768401	0.369197183541773	4.35713485745483	1.31776081448605e-05	6.29960333757283e-05	4.8801634109678	up	74413
AU020206	638.315665776948	1.60752283935037	0.193810189179388	8.29431541322358	1.09212319512873e-16	2.2686002422221e-15	15.961728369006	up	108167440
Angptl6	456.184906998483	-1.60717002512016	0.312410432267785	-5.14441855687636	2.68350636817541e-07	1.70991391878179e-06	6.57129736976015	down	70726
Ahdc1	891.561059409171	-1.60672343303975	0.217913376954751	-7.37322075171817	1.66554352426997e-13	2.36866367085248e-12	12.7784440137664	down	230793
Fam25c	524.566959612525	-1.60618092798297	0.672379976797228	-2.38879946371061	0.0169035261237266	0.0405600372633619	1.7720226908691	down	NA
Klhl3	491.213104085592	-1.60601244474459	0.227297431834438	-7.06568671622476	1.59823623760728e-12	2.0462524595323e-11	11.7963590265825	down	100503085
Ptpre	173.976710478192	1.60598192667761	0.242677509592856	6.61776169275839	3.64678274230631e-11	4.00127911600286e-10	10.4380901090822	up	19267
Renbp	249.350911019187	1.60580037684055	0.232070135892044	6.91946152687025	4.53363587596188e-12	5.50786703012757e-11	11.3435533636561	up	19703
Apol7a	4058.0770152513	-1.6048955151972	0.334509020169245	-4.79776453975801	1.60446230261068e-06	8.9630188857184e-06	5.79467048234566	down	75761
Rit1	959.382187567046	1.6042371138378	0.19064817181655	8.41464724551078	3.94078984102721e-17	8.66253986059589e-16	16.4044167250724	up	19769
Prox1	3147.45509753508	-1.6041649570652	0.337577953177792	-4.75198377727096	2.01430537570837e-06	1.11011632268576e-05	5.69587468823548	down	19130
Mir99ahg	196.654513250444	-1.60381499768411	0.368975409687331	-4.34667177155025	1.38218815885407e-05	6.5896051465447e-05	4.85943283193308	down	77994
Csad	7814.37087380852	-1.60314265308136	0.19802153697314	-8.09579946497846	5.68894759911324e-16	1.08569251703196e-14	15.2449680664995	down	246277
Nectin1	3150.13611167598	-1.60311802553886	0.339270295831391	-4.72519417478142	2.29895577507456e-06	1.25727612623788e-05	5.63846938315691	down	58235
Tcf19	198.030797770242	1.60239731232964	0.235144633475142	6.8145178932992	9.45804025877103e-12	1.11459010540327e-10	11.0241988417136	up	106795
Fxyd1	4827.34534692552	-1.60235101908081	0.253519926291771	-6.32041450357909	2.60862625996843e-10	2.57730668352755e-09	9.58358813817084	down	56188
Paqr4	74.5284145702362	1.60231771522754	0.356245747014253	4.49778763299436	6.86642321621723e-06	3.45042946319114e-05	5.16326943207785	up	76498
Enkd1	34.184152038244	1.60218077445578	0.51256258616241	3.12582466553287	0.00177307231219069	0.0055210673420996	2.75127355196536	up	102124
Msrb1	9037.13078107033	-1.60198758726883	0.209352602154127	-7.65210258093393	1.97719407860903e-14	3.1621967755561e-13	13.7039506988542	down	27361
1600023N17Rik	9.0856392468454	-1.60178669789425	0.689493945138113	-2.32313381312346	0.0201719650138182	0.0472601725643124	1.695251793751	down	69788
Ddr2	310.598004684669	1.60105997990969	0.214104339781253	7.4779426776004	7.54951117743547e-14	1.13307394569523e-12	13.1220811675516	up	18214
Gramd1b	222.923057012781	1.60073055787894	0.265562720821069	6.02769301703863	1.66316568559289e-09	1.4616710128748e-08	8.77906448394077	up	235283
5033403F01Rik	16.6052322231088	1.60055376597434	0.490603035469069	3.26242124540473	0.00110464861410098	0.00360618638768139	2.95677584797526	up	75958
Snn	106.509591186621	1.60049873314744	0.229882573808346	6.96224470882155	3.34893115806279e-12	4.13113506596137e-11	11.4750937798954	up	20621
Col5a1	1155.97240461894	1.60024421159696	0.179283595846058	8.92577039212784	4.42607772509293e-19	1.18537625416397e-17	18.3539809638198	up	12831
B9d2	159.67120195591	-1.59991393586082	0.208682317434842	-7.66674414740659	1.76417188520615e-14	2.84037573758609e-13	13.7534591033539	down	232987
F2	51621.3963893106	-1.59989118755308	0.2798363579207	-5.71723845836521	1.08269133389786e-08	8.59723889712871e-08	7.96549533939651	down	14061
Rpsa-ps7	8.15347454101957	1.59882427108973	0.683297684198131	2.33986490524404	0.0192907163612704	0.0454443398889922	1.71465164451941	up	433141
Sox17	430.173352361501	1.59781415096187	0.223215593242284	7.15816546574128	8.17638305162564e-13	1.0843280443671e-11	12.0874387706694	up	20671
Cldn3	3127.14225731332	-1.59742384621143	0.22549281343946	-7.08414526319395	1.39905095847213e-12	1.80081051178739e-11	11.8541664666517	down	12739
Mettl26	3402.26928012639	-1.59707387404037	0.225165171406429	-7.0928992439848	1.31331076832687e-12	1.69725584932229e-11	11.8816324947788	down	68347
Prrg3	63.0012542459063	1.5967744393122	0.387905122359632	4.11640462389101	3.84828470276299e-05	0.000170350736175642	4.4147328055882	up	208748
Gna14	84.5279608936958	-1.59666471618264	0.324951286445152	-4.91355099297981	8.94414559617046e-07	5.21272601694487e-06	6.04846113979097	down	14675
Mfsd7a	150.008260335589	-1.59609499469082	0.215692467747329	-7.39986431311339	1.36323721481592e-13	1.97967540033902e-12	12.8654285666732	down	NA
Dync2li1	50.3259008375295	1.59559824420094	0.438658284418685	3.6374515217818	0.000275348996134966	0.00102397069709828	3.56011650252695	up	213575
Bid	466.985272530897	-1.59478797911677	0.155764085248478	-10.2384832586583	1.33309802548403e-24	6.35399395512885e-23	23.875137914831	down	12122
Sulf1	104.15266465603	1.59414463058671	0.352097806984471	4.5275619414949	5.96681138862395e-06	3.02838482075232e-05	5.22425769002157	up	240725
Tmem88b	106.761642587303	-1.59377102391873	0.355566436604553	-4.4823438318259	7.38276668290289e-06	3.69157505183012e-05	5.13178085634104	down	320587
Slc28a1	64.2021139611244	1.59334916783231	0.638230040182339	2.49651233492096	0.0125421306648674	0.0312393310157402	1.90162867902429	up	434203
Prex1	561.816776656321	1.5925007258068	0.226706239578874	7.02451211208392	2.14815542616071e-12	2.72495921516144e-11	11.6679342991913	up	277360
Macroh2a2	46.9327430078606	1.59228821965822	0.541635713362614	2.9397770131753	0.00328448527251694	0.00956678995728124	2.48353268114862	up	404634
Ehhadh	40601.0486999451	1.59113801886757	0.409378747264166	3.88671378155553	0.000101610442425345	0.000412525970765853	3.99306165765581	up	74147
Misp	25.7050809567391	1.59109889027581	0.590207521440096	2.69582957261127	0.00702135806136908	0.0187029009309342	2.15357887910723	up	78906
Dsel	44.6053425626674	1.58976499362487	0.34500312552606	4.60797272836528	4.06613978215081e-06	2.13054660258765e-05	5.39081769565044	up	319901
C330013E15Rik	66.9902962950887	-1.58952334473438	0.32293969876489	-4.92204380822069	8.56450352971337e-07	5.00662052119492e-06	6.06729780731087	down	78445
Fignl2	715.805523092505	-1.58941116532658	0.17504845687426	-9.07983534221201	1.08739228231099e-19	3.13455475870966e-18	18.9636137536974	down	668225
Far1	149.803053792007	1.58896650242097	0.281302918945217	5.64859585666233	1.61763644702202e-08	1.24646688370772e-07	7.79111907653904	up	67420
Ccl5	85.5825067056418	1.5888056446818	0.482748176959443	3.29116860614324	0.000997720940942026	0.00329312897476511	3.00099091237612	up	20304
Lamc1	1710.50532671965	1.58814764834673	0.191253408255975	8.30389200814213	1.00755228261997e-16	2.10804814334486e-15	15.9967324087459	up	226519
Mgam	3764.10785912005	-1.58593848265852	0.272556349075009	-5.81875449990733	5.92877366935606e-09	4.89136528608056e-08	8.22703512850913	down	232714
Zcwpw2	49.309708348225	-1.58499248831295	0.379448427830419	-4.17709594259092	2.95254509580232e-05	0.000133335385470848	4.52980346045161	down	100039681
B230217C12Rik	11.4625332626522	1.58458205908293	0.624565508363478	2.53709504906048	0.0111776601554507	0.0282019161364464	1.95164909876879	up	68127
Cideb	965.832920292546	-1.58443946288255	0.280333711424844	-5.65197619233651	1.58613564355272e-08	1.22415342493993e-07	7.79965967532392	down	12684
Rnf180	31.7963994544318	1.58285536290923	0.505290519501374	3.1325649340724	0.00173286092221666	0.00540985245107069	2.76123629195293	up	71816
Gm40770	213.223913787574	-1.58262210920767	0.359192620974656	-4.4060540690209	1.05270696738125e-05	5.11504551195896e-05	4.97769250266081	down	105245294
Ahsg	136891.027624383	-1.5824597931893	0.251460838056463	-6.29306656821837	3.11254777067669e-10	3.04548881464179e-09	9.50688397439193	down	11625
BC029722	680.635517233079	1.58212009949909	0.143424483320035	11.0310322399334	2.70739532556424e-28	1.84217683353587e-26	27.5674483252506	up	NA
App	3879.77798556848	1.58181161244539	0.177572223501416	8.90799011948379	5.1966027836856e-19	1.38403572894398e-17	18.2842804783756	up	11820
4930592C13Rik	12.6116938257211	1.58150798086382	0.687656088014674	2.29985309288802	0.0214565443361863	0.0498360176876034	1.66844022163252	up	381498
Gm13194	51.1846917770139	-1.57998710792984	0.353174836198345	-4.47366841006337	7.68889473505352e-06	3.82972987631119e-05	5.11413608477152	down	115489434
Cd19	80.5299756037954	1.57991714636991	0.321988767574309	4.9067461522716	9.2599754435129e-07	5.378886489903e-06	6.03339016502012	up	12478
Cdkn2b	17.9021037562413	1.57972033954635	0.675070593276923	2.34008169705346	0.0192795220176091	0.045429084186378	1.71490373742946	up	12579
Akap5	47.3278016565883	-1.5795785881842	0.441412244429281	-3.57846572703595	0.000345617179596383	0.0012583105332403	3.46140467817672	down	238276
Gm18095	29.1627908547911	-1.57939793592238	0.515813963434822	-3.06195265712685	0.0021989822923208	0.0066851283582143	2.65777826785536	down	100416391
Cyp27a1	19216.5742746645	-1.57905975526771	0.125085406400494	-12.6238527795315	1.5599829325235e-36	2.13042775522501e-34	35.8068801531529	down	104086
Gm14414	15.5646657903388	1.57880304578288	0.568530764002442	2.77698788833896	0.00548652233965819	0.0150775616058881	2.26070284812916	up	621442
Casp4	112.135660104495	1.5779498872574	0.449409939390057	3.5111592978985	0.000446156957187018	0.00158304742354767	3.3505123304167	up	12363
I830077J02Rik	42.0230360888942	1.57716728266017	0.412727705018125	3.82132641808213	0.000132735825481303	0.000526459537686501	3.87701184496536	up	433638
Ube2t	50.8335198489901	1.57644557785499	0.343530051613785	4.58895974442235	4.45460314876906e-06	2.31894669458494e-05	5.35119098028629	up	67196
Cd86	188.605442035335	1.57504682191955	0.272453798262196	5.78096848700859	7.42718035444406e-09	6.02687673430993e-08	8.12917602997038	up	12524
Trpm6	46.8202962551163	1.57499470394695	0.448154485594972	3.51440129368778	0.000440746436607505	0.00156500338987905	3.35581119024351	up	225997
Vwa3b	38.2467635333026	-1.57355469371921	0.437544505909589	-3.5963305960111	0.000322737592228061	0.00118351458311627	3.49115044536044	down	70853
Zfp85os	20.7647895761996	-1.57342024388151	0.487592715786117	-3.22691499060806	0.00125132630582629	0.00403137683536741	2.9026294254456	down	68271
Paics	5900.0002745023	-1.57277180726499	0.136217776649255	-11.5460099698639	7.73277611959397e-31	6.64742575709381e-29	30.111664563394	down	67054
Mmp2	331.830866271815	1.57176081800391	0.237728656085362	6.61157491017628	3.80252612352807e-11	4.16030926333276e-10	10.4199277936418	up	17390
Wls	400.762607045314	1.57124463724089	0.250657099903432	6.26850241962516	3.64536959827366e-10	3.52208916128237e-09	9.43825843268117	up	68151
Gm10548	17.1298687329179	1.57078476791779	0.676948283719914	2.32039109292979	0.0203197302921689	0.0475538849608732	1.6920820608271	up	633395
Ndrg2	35137.4229436753	-1.57013631604391	0.200253127102203	-7.84075803841286	4.47834641306471e-15	7.68583231104939e-14	14.3488823155217	down	29811
Aldh6a1	102.849017738872	-1.57005770366865	0.481258856156948	-3.26239753010721	0.00110474104180165	0.00360618638768139	2.95673951138765	down	104776
Slc22a5	2152.29550922092	1.56996553962261	0.279550288190132	5.61603978227637	1.95383694795129e-08	1.48473102879835e-07	7.70911168194768	up	20520
Sgms2	1853.00153200515	-1.56993511793865	0.195453311819879	-8.03227688147556	9.56801358883623e-16	1.77667955319798e-14	15.0191782165546	down	74442
Oxct1	368.974066579518	1.56874804850055	0.350637351471999	4.4739901265933	7.67732884026303e-06	3.82495845143868e-05	5.11478985701552	up	67041
Miga1	123.806600373466	1.56746741371823	0.344111681531358	4.55511247610871	5.23575554537387e-06	2.68423079823533e-05	5.28102063862502	up	215708
Pzp	26882.1303576462	-1.56737179439113	0.33021132526755	-4.74657189035289	2.06893210742008e-06	1.1382673331566e-05	5.6842537605941	down	11287
Cd37	176.44775676959	1.5665049625731	0.263246387167111	5.95071780255307	2.66969043827031e-09	2.28783084465212e-08	8.57353909397071	up	12493
Prkcb	293.524762122192	1.56644653423023	0.21344334708944	7.33893351838149	2.15302517423112e-13	3.0283895365226e-12	12.6669508921618	up	18751
Arhgap42	2271.00129216972	-1.56554944367739	0.177063878217987	-8.84172118804495	9.42551895425934e-19	2.44606190004337e-17	18.0256947288923	down	71544
Slc16a10	3404.19151604327	-1.5651841440688	0.180032771430169	-8.69388462797675	3.50253355203181e-18	8.59169249400314e-17	17.4556176957588	down	72472
Ptpn13	106.619775688236	1.56500479559968	0.357694089905798	4.37526042438063	1.21287587562503e-05	5.83295151374517e-05	4.91618364207604	up	19249
Mtbp	175.486232105498	1.56424314792143	0.211750402632948	7.38720270880861	1.49949908347659e-13	2.15802349412745e-12	12.8240537953537	up	105837
Sox5	1141.36853789619	-1.56405131663014	0.233953291230756	-6.68531444205014	2.30429328039693e-11	2.60090688202364e-10	10.6374622466238	down	20678
Ddit4	1131.01284177088	1.5629544859716	0.317284920487203	4.92602826371837	8.39178644651091e-07	4.911618231429e-06	6.07614557656402	up	74747
Epsti1	153.782714866062	1.56282122006833	0.296572558830199	5.26960830844472	1.36715181918685e-07	9.14728124748506e-07	6.86418325531218	up	108670
F13b	4954.84735317976	-1.5626926929225	0.25848147646509	-6.04566607361343	1.48793991274365e-09	1.31792874700054e-08	8.82741460648555	down	14060
Stxbp6	337.873996927325	-1.56243294888335	0.244208406386617	-6.39794907964714	1.57477781728857e-10	1.59515632034238e-09	9.80278071141865	down	217517
Slc18a2	204.679202256366	1.56201880644321	0.208245940318799	7.50083677046456	6.34117156865354e-14	9.57690978243079e-13	13.1978304962514	up	214084
Blvrb	10066.3795766996	1.56186346647612	0.274470291258945	5.69046456471531	1.26694203008408e-08	9.92120200540833e-08	7.89724325614305	up	233016
Rftn2	80.4621625333693	1.56180654388917	0.29160387641642	5.35591832002556	8.512295923287e-08	5.88133370286381e-07	7.06995328687977	up	74013
Bcap29	694.085571110837	1.56157955781365	0.211481430898259	7.38400317787194	1.53599777804404e-13	2.19904633561458e-12	12.8136094125492	up	12033
Cisd1	4127.23344100323	-1.56148569554515	0.200415635739175	-7.79123689519563	6.63563690969477e-15	1.1169215413731e-13	14.1781173858228	down	52637
Marcks	1407.84041285058	1.56137043066329	0.152345918461963	10.2488497652343	1.19760170362973e-24	5.72233707322434e-23	23.9216875948657	up	17118
Pon1	24249.5376756362	-1.5598813821162	0.27161803541764	-5.74292270289684	9.30562122369589e-09	7.43831640861304e-08	8.03125462897948	down	18979
Vsig10	150.124584444224	1.55917400946005	0.253964743114714	6.13933253229478	8.28689341071353e-10	7.58063750673158e-09	9.08160824718703	up	231668
Slc25a47	9161.70034263348	-1.55907310540961	0.571792959760513	-2.72663921231665	0.00639829562249765	0.0172823089503177	2.19393569794159	down	104910
Rap2b	128.203055498041	1.55711265783792	0.275933217834011	5.64307795219713	1.67036671034448e-08	1.28555481112683e-07	7.77718817388482	up	74012
Ppp1r9b	919.628165949778	1.55698171615467	0.202416948966864	7.69195328801023	1.44905526954715e-14	2.35667299581081e-13	13.8389150494484	up	217124
Itga7	318.819590788315	-1.55674836244577	0.284582938280353	-5.47028002399836	4.49325082604711e-08	3.22330582963589e-07	7.34743933717647	down	16404
Dok2	188.383088815075	1.55654055177778	0.257597239856229	6.04253583092164	1.51710642961158e-09	1.34129483051426e-08	8.81898395107109	up	13449
Gpr174	13.5225821107288	1.55585017408487	0.62755728885198	2.47921616356503	0.0131671480824053	0.032618886334079	1.88050828017852	up	213439
Trim30b	30.8987583357159	1.55577574597498	0.614353386369821	2.53237921445826	0.0113291394127509	0.0285579144563334	1.94580307888228	up	244183
Rab25	25.6977947807425	1.55559849471762	0.676696881539927	2.29881138387637	0.0215156521065386	0.0499343614515495	1.66724548657982	up	53868
Pm20d2	92.7911368540788	-1.55524731213393	0.28453926061958	-5.46584435746195	4.60708456080435e-08	3.29669343377364e-07	7.33657381640942	down	242377
Isoc2a	4186.33628790885	-1.55437939641168	0.288876285858756	-5.38077880567768	7.41642779907373e-08	5.15977379996197e-07	7.12980522689234	down	664994
Ttr	220086.149877485	-1.55303906878385	0.209148644692314	-7.42552776791158	1.12331098126374e-13	1.65118139352784e-12	12.9494999955193	down	22139
Agmat	5594.09191725239	-1.55270984961317	0.197910909359449	-7.84549904115245	4.31235140229055e-15	7.41496993857703e-14	14.3652858568525	down	75986
Pgrmc2	2277.11459717788	-1.55254466959964	0.170736553498536	-9.0932178129796	9.6150372405956e-20	2.78416777601367e-18	19.0170490293294	down	70804
Clip2	299.664832630927	1.55144049260203	0.247705951923015	6.26323461571163	3.77072629363516e-10	3.62682844706487e-09	9.42357499065935	up	269713
Gm10451	47.8928241184548	1.55016497474458	0.427171314808026	3.6289070005584	0.000284623745187468	0.00105581098773452	3.54572887103419	up	NA
Blk	159.581063108904	1.54812110336599	0.241785196195221	6.40287795831806	1.52475071338604e-10	1.54855483844734e-09	9.81680115477659	up	12143
Gm20008	38.4202292250328	1.54747274328565	0.487967785652838	3.17126004786429	0.00151779203401548	0.00480621664315115	2.81878773085614	up	100504002
Ttc7b	535.16796656874	-1.54668003361864	0.153838171789224	-10.0539418509066	8.8264531818302e-24	3.85401774306854e-22	23.0542137780767	down	104718
Pacs1	272.618475091797	1.54608762032035	0.244187143682842	6.33156847245186	2.4268142821808e-10	2.40632007300069e-09	9.61496345782966	up	107975
Cpe	93.179613315596	1.54508663990487	0.531839079941207	2.90517695705189	0.00367045520309665	0.0105552994908646	2.43528007200573	up	12876
Gm32063	581.377261877226	-1.5440130735452	0.347460139119392	-4.44371281683811	8.84196105929684e-06	4.35004604388911e-05	5.05345140209354	down	102634494
Vwf	671.642313910833	1.54399812165949	0.271039093155675	5.69658828061629	1.22228614956026e-08	9.59906797586428e-08	7.91282710945592	up	22371
Chst14	124.906057107033	1.54385677104882	0.260757444329843	5.92066230368451	3.20647670117767e-09	2.72479767687014e-08	8.49397191139519	up	72136
Milr1	59.1586997639654	1.54299194297789	0.36104775109591	4.27365061351124	1.92298283425258e-05	8.98107141798876e-05	4.71602459252837	up	380732
Abhd14b	2756.97784042579	-1.54201084003848	0.230679277720679	-6.68465262799047	2.31473043916469e-11	2.6111569617197e-10	10.6354995772593	down	76491
Hs3st3b1	2565.15203592415	-1.54173498125709	0.208424132017999	-7.39710400292779	1.39186538079398e-13	2.01972567992229e-12	12.8564027670283	down	54710
Neto2	101.812709968529	-1.53981591606683	0.426596277455511	-3.60953903595049	0.000306741613056466	0.00113110235561381	3.51322730293867	down	74513
Akap17b	192.034852378727	-1.53973768630814	0.209007890055451	-7.36688785241379	1.7465729120957e-13	2.48206701072434e-12	12.7578132796743	down	338351
Osmr	275.420170285161	1.53890424076919	0.257688479174815	5.97195592793732	2.34425867279813e-09	2.01973355719914e-08	8.62999446860504	up	18414
Plcb1	317.150329293654	-1.53854481353714	0.24970966085674	-6.16133476077168	7.21343161317241e-10	6.67797303573307e-09	9.14185808117316	down	18795
Sec61a2	646.894380562795	1.53770486981966	0.181541176695132	8.47028149653331	2.44800715506413e-17	5.45981760969174e-16	16.6111873171636	up	57743
Tspan15	248.389397560908	1.53754602664491	0.268639874966216	5.72344677735676	1.04384278718914e-08	8.30588293806369e-08	7.98136490535439	up	70423
Frat1	263.415012545513	-1.53735970193011	0.32985808828719	-4.66067001695472	3.15181686109261e-06	1.68213374382481e-05	5.50143902548693	down	14296
Slc29a1	6276.97976645653	-1.53733472129975	0.178699121639416	-8.60292265119145	7.77113504087517e-18	1.82711814831615e-16	17.109515544135	down	63959
Rhbdd2	1086.63421880009	1.53716718116808	0.242981991445851	6.32625970353296	2.5117494843849e-10	2.48414217109993e-09	9.60002367822094	up	215160
Crym	199.089300850347	-1.53698234680213	0.283873242682103	-5.41432624040347	6.15199108912186e-08	4.3281965806405e-07	7.21098430226189	down	12971
Arhgdib	17.3154773345707	1.53621948787591	0.493353015616495	3.11383419022227	0.00184673239411691	0.00572267122322419	2.73359603264775	up	11857
Patj	1013.7717020574	1.53621584408369	0.128833379782831	11.9240514117787	8.86884505948387e-33	8.71318777884803e-31	32.0521329322484	up	12695
Syvn1	6652.8937057894	-1.53543847408745	0.297611786186071	-5.15919914921473	2.48008398107613e-07	1.59241404266762e-06	6.60553361276232	down	74126
9030616G12Rik	611.737109691908	-1.53518095700487	0.303297823664418	-5.06162866075642	4.15690069285428e-07	2.56062955027518e-06	6.38123035053842	down	77699
Siglec1	549.063202178175	1.53510371277051	0.283171753997014	5.42110465151371	5.92318701479159e-08	4.17943895774374e-07	7.22744455501568	up	20612
Itgbl1	37.0720306686625	1.53483740183339	0.464477042178469	3.30444190445832	0.000951656972898821	0.00315080926240366	3.02151956592553	up	223272
Proc	16368.0112642236	-1.53460030115891	0.256636088711712	-5.97967460017981	2.23583797901307e-09	1.9315072285274e-08	8.65055967098688	down	19123
1700094D03Rik	48.9677630740006	-1.53404913789145	0.432652116274464	-3.54568735523829	0.000391590505750187	0.001407366558381	3.40716784636402	down	NA
Arl15	544.392605467718	-1.53404249027241	0.197240378354861	-7.77752761917985	7.39556272577177e-15	1.24049613107545e-13	14.1310287750951	down	218639
Slc35e2	269.630516838488	-1.53318954487704	0.292510716707575	-5.24148161863684	1.59292347507179e-07	1.05225847121724e-06	6.79780508744578	down	320541
Snord104	77.8072645729106	-1.53309243370201	0.349062053480788	-4.39203407650377	1.12295093095689e-05	5.42487283655442e-05	4.94963922047963	down	100216537
Apoe	664554.770446868	-1.53216893929581	0.164166039926354	-9.33304439811761	1.02872718252096e-20	3.25808727411572e-19	19.9876997844554	down	11816
Gm11942	11.9192152127174	1.53156658803565	0.623963305200233	2.45457797801773	0.0141050069423959	0.0346303727760774	1.85062669575154	up	665298
Frat2	89.6923601531374	-1.53093920227278	0.276243973945531	-5.54198225722978	2.99066615768997e-08	2.22262707574211e-07	7.52423206372061	down	212398
Sdf2l1	1498.62281774225	-1.53052273175288	0.317606990656881	-4.81892016478424	1.44337291606901e-06	8.13629650814546e-06	5.84062144820835	down	64136
Gsta3	1022.15993765585	-1.53010857485808	0.252771212107547	-6.05333400944037	1.41878260239954e-09	1.26015118965893e-08	8.84808414563582	down	14859
Gdf10	549.909496780069	1.5300694293151	0.163869262133377	9.33713503921036	9.89759905454309e-21	3.13983801308537e-19	20.0044701431624	up	14560
Kbtbd12	47.859563476647	1.52916472785616	0.488466216487654	3.13054347719627	0.00174483169445081	0.00544193053261174	2.75824645850221	up	74589
Smpdl3b	17.1436006475613	1.52877967003604	0.642688689697171	2.37872502588521	0.0173726298059265	0.0415355549469731	1.7601344346471	up	100340
Hadhb-ps	46.8880432770363	1.52846786912072	0.335570994061358	4.55482713396034	5.24286750635431e-06	2.68716147730526e-05	5.28043111729796	up	623031
Fcmr	39.0655256584072	1.52845579567648	0.427474613359705	3.57554752471428	0.000349495676544938	0.00127186052169067	3.45655819234831	up	69169
Trbc2	38.3549529100194	1.52840148674179	0.391223589686566	3.90672118715104	9.35570018523316e-05	0.000383386598780272	4.02892370413364	up	100125263
2810408I11Rik	42.4423544147304	-1.52832499952172	0.321484615623912	-4.753959988274	1.99470530378075e-06	1.09994402432996e-05	5.70012125756901	down	69941
Plekha6	2496.58711370167	-1.5282575396359	0.210289124486201	-7.26741120526272	3.66442049048908e-13	5.01864018242231e-12	12.4359946970617	down	240753
Immp2l	2053.33254800973	-1.52779527794419	0.233900448175569	-6.53181851450496	6.49758627334775e-11	6.90113189628154e-10	10.1872479453337	down	93757
Dhtkd1	1589.54313728904	-1.52736135275499	0.283401950260914	-5.3893819409105	7.07004063470529e-08	4.93084760818128e-07	7.15057809011009	down	209692
Pcdh1	3654.15380916861	-1.52676402143632	0.277564304253194	-5.5005776969203	3.78548892680712e-08	2.77033887169785e-07	7.42187801986241	down	75599
Naip5	228.637165325203	1.52594727534535	0.2532238320544	6.02608081145194	1.67983214935478e-09	1.47500446274399e-08	8.77473411128059	up	17951
Hic1	296.912018607863	1.5258207253306	0.234942507583721	6.49444300660188	8.33411723529736e-11	8.72183486320032e-10	10.0791403946533	up	15248
Slc9a3r1	6671.1602653471	-1.52446092133862	0.250765225986234	-6.07923572873024	1.20756723859405e-09	1.08253793046401e-08	8.91808867793681	down	NA
Pcsk4	417.55492333604	-1.52362217580038	0.238196379544559	-6.39649594470584	1.5898305327752e-10	1.60955713665191e-09	9.79864916662487	down	18551
Parvb	344.136652378331	1.52361496751313	0.173425581948146	8.78541072428798	1.55794237622988e-18	3.93697354287172e-17	17.8074486096597	up	170736
1700066M21Rik	1071.88143809944	-1.52356697906766	0.20574371186012	-7.40516910720213	1.30983447408364e-13	1.90499793300261e-12	12.8827835833779	down	73467
Cdk14	114.719074151168	1.52242132426106	0.23792802305456	6.3986633634658	1.56742984582769e-10	1.58854890059253e-09	9.80481188797842	up	18647
Abi3	47.4330622864995	1.52214404912356	0.424908749984649	3.58228454739647	0.000340602499573994	0.00124169665501644	3.46775216921191	up	66610
Man1c1	356.331049325699	1.52080487070206	0.233612454562144	6.5099477403826	7.51769542652873e-11	7.92341232256361e-10	10.1239152733625	up	230815
Plxna2	1185.26662001701	-1.51918990557399	0.247222288030948	-6.14503618453613	7.99452878945715e-10	7.34459190695548e-09	9.09720712918723	down	18845
Lncppara	227.728538858596	-1.51880222673793	0.295784271599684	-5.13483093108307	2.82397773507145e-07	1.7928953269547e-06	6.54913873169025	down	102800312
Cavin3	47.5304640946837	1.51806192431705	0.360786425198504	4.20764701299893	2.58043526212552e-05	0.000117495534186543	4.58830703202295	up	109042
Gm12715	35.0429680115309	1.51791611980926	0.440767364639491	3.4438033338761	0.000573592767201829	0.00199046716980328	3.2413963336027	up	100039940
Zfp827	31.53378509552	1.51780222423779	0.532164855676857	2.85212788489632	0.00434276252951739	0.0122670141218112	2.36223391803356	up	622675
Zfp862-ps	219.888521488296	-1.51772418514572	0.324343753344011	-4.67936924789781	2.87758798636322e-06	1.54735644416113e-05	5.54097138832099	down	58894
Fn1	46973.8374549934	-1.51746567144986	0.162691631858801	-9.32725091089419	1.08652422555737e-20	3.41864550446614e-19	19.9639605860406	down	14268
Snx29	382.894686625379	-1.51713067510625	0.251838557785254	-6.02421919998418	1.69927940144574e-09	1.49140037166085e-08	8.76973520704632	down	74478
Herpud1	9574.17115718727	-1.51706898591092	0.328295445506938	-4.62104792093092	3.81806562338773e-06	2.01040939688144e-05	5.41815661139802	down	64209
Nav2	2791.6172480055	-1.51677536563268	0.340521270574712	-4.45427495049797	8.41771713564253e-06	4.16259787272554e-05	5.07480567213677	down	78286
Tgm2	1163.30990106385	1.5165463659176	0.290727880111492	5.21637747757806	1.82456165726046e-07	1.19543243525715e-06	6.73884145597402	up	21817
Ighd	155.809747894148	1.51650265709683	0.220293766035476	6.88400168733151	5.81941846530229e-12	6.99929556326426e-11	11.2351204122451	up	380797
Cbs	22534.1288678307	-1.51570452673171	0.218077844740518	-6.95029120695492	3.64532947402283e-12	4.48240513102066e-11	11.4382632129472	down	12411
Efhc1	11.8388854842901	1.51568150917574	0.607295494922049	2.49578915346686	0.012567727908037	0.0312949914130558	1.90074323036443	up	71877
Slc39a2	84.2378605003756	-1.51475267851983	0.392095573214073	-3.86322310681335	0.0001119007191433	0.000450033468634793	3.95116712241746	down	214922
Gm31105	17.8237529054405	-1.51329430273473	0.576601970729775	-2.6245042153072	0.00867752184804099	0.0226016989998482	2.06160428419971	down	102633223
Gm15494	76.825536429911	1.51306089907828	0.52350033238827	2.89027686415311	0.00384902671942094	0.011005484204995	2.41464907408161	up	NA
Nfib	2044.51802350007	-1.51288174005388	0.254334714096753	-5.94838870276418	2.70794918252742e-09	2.31855355530226e-08	8.56735948989642	down	18028
1700029I15Rik	38.0082023818504	-1.51247889691291	0.512905813529057	-2.9488433490474	0.00318965609233168	0.00930747351325032	2.49625613990651	down	NA
Gm11747	504.771210645777	1.51213153167103	0.19802229064913	7.63616826527035	2.23781821600083e-14	3.54661955286518e-13	13.650175195285	up	100126224
Siglecg	33.1586794568115	1.51105027390631	0.555207404597077	2.72159604031741	0.0064967504224087	0.0175064968001542	2.18730381666585	up	243958
Ankrd12	533.03187581978	1.51039702968885	0.27309719111142	5.53062088827061	3.19099299471167e-08	2.36238989258623e-07	7.49607414922592	up	106585
Exoc3	2708.45734461378	1.51028259078461	0.121874777678718	12.3920848886876	2.88445452603279e-35	3.70287042355249e-33	34.5399363033859	up	211446
Fbln5	430.622415495191	1.50979443465626	0.249751722916478	6.04518125851393	1.49242121408605e-09	1.32129024820418e-08	8.82610858628959	up	23876
Apob	97976.4291230401	-1.50971730592603	0.18852154866517	-8.0081949072433	1.16404319722432e-15	2.14701300821374e-14	14.9340309028751	down	238055
Frs3	114.274089966694	-1.50899216446799	0.25261080113249	-5.97358528496392	2.32095363769723e-09	2.00144573432592e-08	8.63433353472433	down	107971
Gimap3	207.623887683398	1.5084607212255	0.19856623927315	7.59676331055674	3.03629143038151e-14	4.75726833062867e-13	13.5176565461717	up	83408
Tmod4	21.2496696204228	-1.50813361388632	0.604041600764926	-2.49673799284106	0.0125341528840581	0.0312306657662579	1.90190501234086	down	50874
Oas1a	224.949773401213	1.50601651943002	0.259295830837913	5.8081015593785	6.31851871175556e-09	5.18624877721932e-08	8.19938472404561	up	246730
Hgd	17325.6613596721	-1.50552348786291	0.190686814377541	-7.89526791759246	2.89692261041279e-15	5.08506306163252e-14	14.5380631065634	down	15233
Acsl5	861.157521648666	-1.50481054272069	0.245585668053922	-6.12743632250676	8.93063222096226e-10	8.13473292558416e-09	9.04911779527088	down	433256
Igfbp7	5001.01308846162	1.50405011883452	0.17640953714784	8.52590026112956	1.51625873310746e-17	3.44711666643651e-16	16.8192266847374	up	29817
Tm6sf2	1258.8209089322	-1.50297321084968	0.205744624724756	-7.30504241780487	2.7717928715001e-13	3.85091223186190e-12	12.5572392264865	down	107770
Gm28720	33.7291561024749	-1.50280728069319	0.374930225203811	-4.00823187801483	6.11750402479543e-05	0.000260328524865107	4.21342573624738	down	NA
Siglece	201.048331154001	1.50263379048785	0.291300130607407	5.15836977949382	2.49109269592944e-07	1.59894936509391e-06	6.60361011165192	up	83382
Zfp37	33.3906503620358	-1.50257836373853	0.504675827511526	-2.97731391485006	0.00290786106827601	0.00858142110815675	2.5364263470298	down	22696
Clcn2	1372.85464575181	-1.50109932372314	0.299395060701055	-5.01377450986737	5.33725307960276e-07	3.22580493725143e-06	6.27268220351662	down	12724
Rpl3-ps1	128.229059003716	1.50085636431032	0.314812672659015	4.76745853854475	1.86564372779546e-06	1.03232286271349e-05	5.7291712876127	up	100043000
Pdzk1ip1	131.932156937282	-1.5007441378634	0.242725870248663	-6.18287674208748	6.29438608635472e-10	5.88086843662526e-09	9.20104662176108	down	67182
Sgsm2	480.927507495876	-1.5003609957002	0.229075072058077	-6.54964759901863	5.76730146180278e-11	6.15946516630474e-10	10.2390273470501	down	97761
Gm4951	2729.48406186254	-1.50021953750561	0.250188520117513	-5.9963564147586	2.01793870085825e-09	1.75270309534175e-08	8.69509203050909	down	NA
Ptpn22	94.9135992470119	1.49982969673949	0.304604735679419	4.92385547911501	8.48555150038546e-07	4.96218447805672e-06	6.07131992638217	up	19260
Gm9826	102.952632245109	-1.49972511882983	0.332053084918278	-4.51652216752911	6.28635391343419e-06	3.17883484656221e-05	5.20160117242362	down	545302
Flvcr1	286.911402798491	1.49930042526329	0.26679230976779	5.61972879416293	1.91257447576965e-08	1.45527439343367e-07	7.71838164439079	up	226844
Scp2-ps2	106.647931199454	-1.4984158290876	0.328698938748073	-4.55862691493519	5.1489145742741e-06	2.64181985191106e-05	5.28828431349984	down	20282
Cdc14b	1125.45527190313	-1.49834494045129	0.231811328062215	-6.4636398616773	1.02213973176983e-10	1.05535242224986e-09	9.99048972984863	down	218294
Septin11	1469.55778529687	1.49765815972492	0.209560067969379	7.14667719970274	8.89036049632545e-13	1.17416174017313e-11	12.0510806284122	up	52398
Pm20d1	4079.69815675555	-1.49704436582808	0.297108035456718	-5.03872055673892	4.68654146043966e-07	2.86125689163685e-06	6.32914753654649	down	212933
Sox4	212.977635290938	1.4963594926796	0.325295318428055	4.60000315993034	4.22484531669921e-06	2.20829591255049e-05	5.37418918714831	up	20677
Gm47889	88.1019206509766	-1.49623606881901	0.333025944361501	-4.49285136534238	7.02758351534724e-06	3.52587671108719e-05	5.15319398456237	down	118567839
Gm16364	56.2151439885088	-1.49549726799986	0.321231793664942	-4.65550825756594	3.23182452795341e-06	1.72101806167785e-05	5.49055222729422	down	100504626
Gm49188	81.3396894038821	-1.49542029453792	0.368378108749764	-4.05947112224779	4.91839898636558e-05	0.000213259830852185	4.30817624368423	down	NA
Tmc7	140.866073932863	-1.49521909975585	0.482748863359569	-3.09730216525058	0.00195290699525321	0.00601452674674866	2.70931843894978	down	209760
Mpdz	452.949621388706	-1.49503023670782	0.195596163773593	-7.64345377672311	2.1147106807456e-14	3.36536106350721e-13	13.6747490412206	down	17475
Batf2	47.2642832721604	1.49491689777548	0.380527267938448	3.92854080043823	8.54628526401382e-05	0.000353755952372851	4.06822261508547	up	74481
Cfp	1260.16615029977	1.49444237124629	0.209059152579623	7.14841877433281	8.77831671084484e-13	1.16175440951222e-11	12.0565887543989	up	18636
Aldh1a3	33.3128377397529	1.49439889808956	0.461591292825878	3.2374936904481	0.00120584606075345	0.0039034509275182	2.9187081310288	up	56847
Fam217b	48.4967969209663	1.49368667514253	0.441985438556296	3.37949295348171	0.000726196689388224	0.00246427671201772	3.13894573529603	up	71532
Icosl	96.7431128741444	1.49352163171462	0.406625476993951	3.67296619669711	0.000239751208870432	0.000902570728838522	3.62023919435778	up	50723
Vegfb	649.481081036343	-1.49316025087923	0.158180412717444	-9.4396026993965	3.74195526906273e-21	1.24019088917508e-19	20.4269014083153	down	22340
Erg28	1833.08271555998	-1.49313614006772	0.290815282600083	-5.13431112257266	2.83179316507082e-07	1.79726464029676e-06	6.54793847080883	down	58520
Rcsd1	515.156681626179	1.49247376501228	0.202058101056907	7.38635945406586	1.50903497648099e-13	2.16743217327408e-12	12.8213006940106	up	226594
Msmo1	4188.49687461673	-1.49232242893274	0.545399214083427	-2.73620201569352	0.00621528573486255	0.0168407270627586	2.2065389007759	down	66234
Serpinc1	70027.6586737932	-1.49224454592761	0.223282634546308	-6.68320914861887	2.33765568706719e-11	2.63393200176511e-10	10.6312194556287	down	11905
Dcaf11	4216.06998103987	-1.49211997603785	0.195269374858895	-7.64134149103557	2.14970061577982e-14	3.41258326936984e-13	13.6676220191394	down	28199
Gm1966	58.8228149672535	1.49154256409888	0.440418988864813	3.38664454033499	0.000707529948433621	0.00240710188816922	3.15025517253273	up	NA
Flywch2	27.4859941798818	1.49026259827395	0.42690972026089	3.49081439833048	0.000481550657464724	0.00169737130883044	3.31735801985787	up	76917
9230112E08Rik	78.9625398649234	-1.49003317940149	0.347478839357994	-4.28812638534909	1.80186564849774e-05	8.44819209337047e-05	4.74427759420673	down	320800
Nrtn	48.0780902954569	-1.48896879410737	0.576686672665453	-2.58193723677597	0.00982474506160854	0.0252079001873863	2.00767871014064	down	18188
Pccb	5022.39033056631	-1.48773614939483	0.225608337051799	-6.59433143666691	4.27176444495028e-11	4.64204831557351e-10	10.3693927033294	down	66904
Lpcat1	225.183420155824	1.48753379976908	0.21013857359584	7.07882315138415	1.45383772394059e-12	1.87008010769539e-11	11.8374840663313	up	210992
Foxj1	23.5310683709243	1.48534720121509	0.540594492099646	2.74761808143119	0.00600298886979538	0.0163360024981317	2.22163246187333	up	15223
Chrnb1	61.3328873863422	1.48532338732967	0.46233242796326	3.21267403602436	0.0013150544738508	0.0042197448672673	2.88105625690592	up	11443
Limk1	238.102856680268	1.48532159371994	0.235150925296808	6.31646076597475	2.67621350058927e-10	2.63731664111294e-09	9.57247924276178	up	16885
Clip3	41.6768166401351	1.48504525273657	0.423888604849828	3.5033856436473	0.000459383857324578	0.00162608374202979	3.33782426991164	up	76686
Pacsin3	1774.70155975549	-1.48381770818639	0.273711064470195	-5.42110970580792	5.92301952438247e-08	4.17943895774374e-07	7.22745683576736	down	80708
Pfn2	214.26375728876	1.48371379309542	0.258472410093807	5.74031786432034	9.44990073769254e-09	7.54424911297709e-08	8.0245727533213	up	18645
Pigx	1115.75398027964	1.48358097922394	0.176472626151667	8.4068617982083	4.21126812187542e-17	9.20456060781307e-16	16.3755871071563	up	72084
Tmem120b	83.6275805814029	1.48338736286923	0.305214272439702	4.86015070989936	1.17296424025954e-06	6.70424440796605e-06	5.93071522786289	up	330189
A330023F24Rik	471.208517248262	-1.4832626402938	0.197307234667962	-7.51752789394625	5.58216517282991e-14	8.45713395499708e-13	13.253197317151	down	320977
Adamts9	140.449459723843	1.48294129789915	0.223292650054205	6.64124545765015	3.1104354484394e-11	3.44617635184978e-10	10.507178807238	up	101401
Mycn	47.5085377014923	-1.48227593030891	0.494484147970116	-2.99762072534323	0.00272096065726007	0.00808562012595679	2.56527773769778	down	18109
Cd72	106.287234849306	1.48219379594373	0.248005653169645	5.976451653422	2.28050190844509e-09	1.96744376115675e-08	8.64196955998221	up	12517
Igsf8	621.497255819074	1.48053827043007	0.198581542404226	7.45556839021994	8.94812239720094e-14	1.33156912581531e-12	13.0482680840227	up	140559
Rinl	147.83340540106	1.48043562018878	0.269526712875889	5.49272316792764	3.95782936344628e-08	2.88027068112326e-07	7.40254293375549	up	320435
Flrt2	73.8526864967464	1.48020147848239	0.398761471936387	3.71199722805347	0.000205630239840476	0.000786105995308361	3.68691301793483	up	399558
Fbxw9	2024.10229295356	1.47999314424917	0.142661906184331	10.3741298839572	3.25160972483039e-25	1.652057964679e-23	24.4879015862403	up	68628
Ifi27l2a	237.395354987963	1.47930547693135	0.252237985590115	5.86472126103642	4.49887812729377e-09	3.75836864291405e-08	8.34689577152897	up	76933
Ppbp	33.1420563327877	1.47895270416332	0.609988033360621	2.42456019344394	0.0153269422208236	0.0371894656507283	1.81454447978896	up	57349
Cabyr	293.364014496381	-1.47862001950524	0.260831483512875	-5.6688709491324	1.43741579157121e-08	1.11608380977803e-07	7.84241758825723	down	71132
Mark1	150.476610724748	1.47854155539086	0.296193874881545	4.99180327743834	5.98181646096841e-07	3.57165450457078e-06	6.22316691648215	up	226778
Nbdy	133.638254347048	1.47844712897374	0.232713710470978	6.35307273465576	2.11055857895492e-10	2.10574694281637e-09	9.67560258941631	up	70123
Cyp2r1	472.963890395779	-1.47788897616727	0.18222719340646	-8.11014508065666	5.05593581156405e-16	9.725984014733e-15	15.2961984483452	down	244209
Ptpru	91.1813045069093	1.47720046097078	0.349178669394089	4.23050028667011	2.33172146592741e-05	0.000107107892528383	4.63232332914261	up	19273
AU022252	1910.50057741946	-1.47664764182156	0.155670092456057	-9.48575040024722	2.40645325829538e-21	8.10193410682996e-20	20.6186225694163	down	230696
Eda	93.8941095048369	-1.47638864807487	0.26854794149375	-5.49767255657489	3.84836670383911e-08	2.81123479700781e-07	7.41472355153394	down	13607
Xrcc3	41.5956805738804	-1.47595697591887	0.493504818053966	-2.99076507852344	0.00278279485813821	0.00824869357129146	2.55551880777388	down	74335
Gm12353	70.5155833936196	-1.4757689442977	0.371362065580783	-3.97393563068889	7.06946761444618e-05	0.000298202997554821	4.15061329070297	down	108168933
Cdc45	135.147749522472	1.47499023791691	0.245431323330384	6.00978806576931	1.85766009002009e-09	1.62300828917545e-08	8.73103374918708	up	12544
Ifi30	982.047916231736	1.47367737077531	0.26668079029173	5.52599746372137	3.27618863170344e-08	2.41802561487472e-07	7.48463110100518	up	65972
Slc44a2	650.843127693111	1.47334724908792	0.196170808780796	7.51053257232713	5.88873006119933e-14	8.90057975341085e-13	13.2299783532399	up	68682
Mgst3	1751.92835485732	1.47331030143555	0.308039692443982	4.78285863015357	1.72819673406404e-06	9.58748381190929e-06	5.76240681992712	up	66447
P3h4	77.6727862220245	1.4728399154735	0.541310046277564	2.72088043737928	0.00651083056482092	0.0175346228470198	2.18636360640718	up	66180
Ltbp3	291.374391130416	1.47262037780925	0.304541172408704	4.83553788856157	1.3278607813908e-06	7.53145425816236e-06	5.87684745587401	up	16998
Hddc2	60.4080815128962	1.47208749853469	0.439331954904671	3.35074078291007	0.00080595707765606	0.00271177869777129	3.0936880865243	up	69692
Rbl1	186.519593572772	1.47133903909655	0.232141869365747	6.33810282960376	2.32611569183031e-10	2.30766016289976e-09	9.63336868897386	up	19650
Mbd4	73.6521143451736	1.47106645262311	0.31793769727571	4.62690163899445	3.71176682862635e-06	1.95818580964463e-05	5.43041931376286	up	17193
Nfatc4	59.7716677490262	1.47043245277051	0.305965598792343	4.80587510025428	1.54076069197744e-06	8.64205740008588e-06	5.8122648098373	up	73181
A930007I19Rik	163.216512137571	1.47035506659201	0.277201511284549	5.30428228828333	1.13117153548404e-07	7.66156844434774e-07	6.94647153188677	up	77779
Rac3	127.022457926187	1.47015671046563	0.34661947421174	4.24141405732893	2.22115940810445e-05	0.000102542904728984	4.65342027189915	up	170758
Msln	110.089324396296	1.46965741071869	0.529159977145571	2.77734045315826	0.00548057393679976	0.0150633645057117	2.26117395893657	up	56047
Nr1h5	213.933676336712	-1.46859637316232	0.31130041713894	-4.71761774898893	2.38622296473718e-06	1.29763087853655e-05	5.62228897900979	down	381463
Gm7357	17.0010025906495	1.46827375820393	0.514136120793928	2.85580743857604	0.00429275399345351	0.0121489228245063	2.36726399909264	up	664830
Chrm3	60.1499006532453	1.46808095938467	0.353596287286044	4.15185626142353	3.29789380537836e-05	0.00014764994911966	4.48176333307013	up	12671
A430105J06Rik	31.455959161268	1.46763145601967	0.609609886364555	2.40749287182985	0.016062475767695	0.0388127786902667	1.79418751451307	up	77189
Gpc3	52.7146774382264	1.46757345151786	0.46071959631022	3.18539402984216	0.00144557035463873	0.00460325826838488	2.8399607667482	up	14734
Gm35549	60.7989489116844	-1.46751565479628	0.435949569222505	-3.36625095745255	0.000761973517304248	0.00257232855000186	3.11806012247732	down	102639178
Cyp4f13	3187.36951032892	-1.46748408493367	0.177132655586263	-8.28466145938298	1.18445524962936e-16	2.45509906209505e-15	15.9264813428823	down	170716
Gab3	50.5550434526238	1.46667055370909	0.484885788093711	3.02477529703477	0.00248817910960488	0.00747812969167341	2.60411836051125	up	210710
Cpn1	10746.2501842139	-1.46525521145802	0.225560891316313	-6.49605169986332	8.24553314866905e-11	8.63851938578733e-10	10.0837812580256	down	93721
Grhpr	8073.10499834446	-1.46436202556896	0.158981292057612	-9.21090781573407	3.23378275341288e-20	9.68424894241343e-19	19.4902891594955	down	76238
Rpl9-ps7	17.6292939033118	1.46403157681549	0.548724870942768	2.66806127139842	0.00762903438501098	0.0201294445214814	2.11753042768074	up	100040021
Rap2a	902.927579527723	-1.4639515612974	0.182761123802523	-8.01019128597192	1.14530163937463e-15	2.1144706009394e-14	14.9410801176354	down	76108
Dtx3	271.245479450866	1.463161289346	0.237787869750709	6.15322089760062	7.59249361973906e-10	6.99861451133056e-09	9.1196155643637	up	80904
Gc	153951.405818804	-1.46295714902989	0.20289189199991	-7.21052544096012	5.57363817588844e-13	7.51582469992351e-12	12.2538612278214	down	14473
Gm48228	44.894891218979	1.46256097649894	0.403539893521963	3.62432810232018	0.000289713631628974	0.00107365775416619	3.53803106985677	up	NA
Lgals9	16181.4120733059	-1.46251630277638	0.240791630992649	-6.07378378038824	1.24930918847138e-09	1.11735707074802e-08	8.90333006584568	down	16859
Impdh2-ps	10.2016894710922	1.46153753156449	0.587577404739866	2.48739573675666	0.0128682166927487	0.0319647033843613	1.8904816344601	up	100042069
Gm36161	31.3683252937159	1.46118963342885	0.470608943516356	3.104891340379	0.00190348937842709	0.00587774077469404	2.72044954222937	up	102639975
Itgb3	269.386953493635	1.46089768051823	0.248143155828609	5.88731805090472	3.92512911433065e-09	3.29909586318424e-08	8.40614605287565	up	16416
Selenom	116.600263731084	1.46051503892285	0.343360244801654	4.25359388873496	2.10366674800198e-05	9.74692177563187e-05	4.6770230577535	up	114679
Lhfp	618.545656544439	1.45991013667411	0.19598772007191	7.44898780463622	9.4059064921034e-14	1.39536655247315e-12	13.0265993430645	up	NA
Cyp2c55	1537.44021364012	1.45845482426346	0.367958082226151	3.96364394400522	7.38143213835946e-05	0.000309868884360693	4.13185936860434	up	72082
Lrmp	223.437777667095	1.45837237846688	0.198256960276213	7.35597063747505	1.89544680933409e-13	2.67782272637837e-12	12.7222883983844	up	NA
Zgrf1	62.7417209544168	1.45706982369484	0.312639105576457	4.66054884915382	3.1536730031379e-06	1.68265800355842e-05	5.50118333963586	up	71643
B9d1	23.8825133076009	1.45688607738077	0.587944241965225	2.47793238438917	0.0132146185257873	0.0327154402587504	1.87894536938712	up	27078
Cdkl4	61.3818405132064	1.4564727119476	0.398778090002285	3.65233885326862	0.000259862668841136	0.000971632254554062	3.58525610557317	up	381113
Gbp8	365.770222906428	1.45591951811078	0.254971469425557	5.71012718164476	1.12891778562552e-08	8.92382630542079e-08	7.94733768477943	up	76074
Sema3f	569.913762395572	1.45549787849715	0.228378737372957	6.3731759586718	1.85153245588773e-10	1.85307219181778e-09	9.73246867071181	up	20350
Efcab12	32.7007776337626	1.45434101056549	0.496479146305688	2.92930936049836	0.003397161292754	0.00984880124258823	2.46888383290916	up	212516
Gm20498	24.3938853597347	-1.4542037641764	0.519932470128141	-2.79690892130281	0.00515940752706177	0.0142907870168443	2.28740016707453	down	NA
Stat5a	768.503124139575	-1.45414483143171	0.168240231553984	-8.64326456282314	5.4629225356647e-18	1.30992925734819e-16	17.262574957745	down	20850
Ces1g	8401.81367678193	-1.45260239073405	0.289245688887332	-5.02203644355741	5.11264791352372e-07	3.10076057394686e-06	6.29135411427107	down	12623
Atpif1	357.826903105877	1.45237204371083	0.192647936744869	7.53899609957548	4.73603134843924e-14	7.23785870202746e-13	13.324585431621	up	NA
Tmem218	131.286779650454	-1.45224561096593	0.368715080169429	-3.93866616548097	8.19358399922149e-05	0.000340547492961383	4.08652608961754	down	66279
Map1b	38.3052890319768	1.45204502620087	0.627544448709223	2.31385207723139	0.0206758376098399	0.0482996395748001	1.68453688748458	up	17755
Timp2	1052.23243442506	1.45192912899238	0.253011583610047	5.73858757087641	9.54693952182268e-09	7.61540461608192e-08	8.02013582860529	up	21858
B4galnt1	1912.75300767271	-1.45188796613084	0.150861650779086	-9.6239697672201	6.33384259234276e-22	2.2968827299087e-20	21.198332733848	down	14421
2810459M11Rik	3059.30752236916	-1.45163858822987	0.179268787393748	-8.09755345218838	5.60754679309125e-16	1.07228322788247e-14	15.2512270936885	down	72792
Mylk	2200.23511399994	-1.45130732972922	0.197860403162452	-7.33500643146692	2.2171083913286e-13	3.10944203812262e-12	12.6542130743166	down	107589
Phlpp1	994.389613346199	-1.45122632746418	0.185328980090387	-7.83054181141234	4.85771951143562e-15	8.29257508086917e-14	14.3135675653136	down	98432
Bbc3	564.962764412471	-1.45118542040826	0.281386096128014	-5.15727479209938	2.50569943588146e-07	1.60671822635143e-06	6.60107102478908	down	170770
Lzts3	914.595323368269	-1.45079384155312	0.178845961686894	-8.11197428149387	4.98038437045823e-16	9.60944703783003e-15	15.3027371384597	down	241638
Sdsl	510.52898243967	-1.45049400337247	0.215545626428853	-6.72940586828027	1.70357252804385e-11	1.95494592371945e-10	10.7686393720117	down	257635
Socs3	527.816329483461	1.44993222058321	0.29547738465705	4.90708357347244	9.24406502102093e-07	5.37288608647084e-06	6.03413700843619	up	12702
Serpina10	4470.48058015425	-1.44979850374113	0.319432359326244	-4.53867136942259	5.66097797973148e-06	2.88304131123272e-05	5.24710853444586	down	217847
Gm44096	41.0239853899111	-1.44919548009275	0.325898721896248	-4.44676638085775	8.71725513154096e-06	4.29857784412171e-05	5.05962024315063	down	115490373
Myadml2os	10.9723026592492	-1.4484240867746	0.556882771284114	-2.60094971772009	0.00929660790546046	0.0240095871549821	2.03167548549645	down	NA
Pde4b	762.763708950178	-1.44828911342396	0.185154276895998	-7.82206675267604	5.19630397325999e-15	8.8392252039836e-14	14.2843054515081	down	18578
Arhgap6	133.090946585213	-1.44773537869505	0.309751579321622	-4.6738595550205	2.95591506352337e-06	1.58454244580023e-05	5.52930804929381	down	11856
Tuba1b	1701.00721677704	1.44715296907405	0.177928823117542	8.13332513371394	4.17672419618927e-16	8.13215380402635e-15	15.3791642017825	up	22143
Prelp	423.622412449823	1.44712924363539	0.196504977835078	7.36433885583261	1.78026958197536e-13	2.52622483938965e-12	12.7495142285341	up	116847
Gspt2	46.8945933908103	1.44703349421783	0.594950832451496	2.43219004880677	0.0150078303196042	0.0365210136022114	1.82368208912467	up	14853
Rtl6	21.4312760369931	1.44667523578038	0.53700273358346	2.6939811388419	0.0070604159960729	0.0187861503966256	2.15116970978722	up	223732
Gm12536	17.3620016976805	1.44572867401974	0.612940102735068	2.35867855206176	0.0183401345355229	0.0435298447696326	1.73659748285243	up	102638251
Htra3	158.301970813685	1.44570213838546	0.515715877425112	2.80329189320993	0.0050583865490353	0.0140412702015603	2.29598798604371	up	78558
Nrip1	1046.41750669351	1.44557206299335	0.193435063836655	7.47316455621541	7.82888441920944e-14	1.1713519687358e-12	13.1063001185421	up	268903
Gm34667	1508.60929008887	-1.44539140764304	0.360427411921323	-4.01021498320042	6.06634882137362e-05	0.000258380032966977	4.21707262092245	down	102637991
Siah2	995.61428826856	-1.44483039194329	0.138849000490202	-10.4057673216398	2.33368317718074e-25	1.21125076171947e-23	24.6319581044782	down	20439
Pmepa1	307.355314190064	1.44479734830341	0.349280571352189	4.13649503237492	3.52650985885615e-05	0.000157009188074298	4.45265489768615	up	65112
Ptch1	903.33158204462	-1.44434333429286	0.269009134967378	-5.36912374543716	7.91201190432532e-08	5.48824572153056e-07	7.10171306797573	down	19206
Inpp4a	918.585679847811	-1.4443012694769	0.151786027923475	-9.51537693709898	1.81055303179665e-21	6.20356035236231e-20	20.7421887500078	down	269180
Trim36	22.6201749434648	1.44412817057046	0.536189794128421	2.69331528944503	0.00707453330921091	0.0188133149291763	2.15030220427286	up	28105
S1pr4	35.3936443790945	1.44398621833239	0.482174652626875	2.99473688727848	0.00274681671819894	0.00815616079038376	2.56117031798402	up	13611
Grap2	46.11618392305	1.4439335675793	0.382076199476546	3.77917695359596	0.000157347581192969	0.000614803939586946	3.80313992883987	up	17444
Srd5a2	79.0933526146525	-1.44361606889617	0.508825384416859	-2.83715418512508	0.00455176251523444	0.0127749218763088	2.34182040500792	down	94224
Gm12250	70.8230353151632	1.44345810995826	0.423667165026153	3.40705683403422	0.000656674516913822	0.00225135951708695	3.18264983673273	up	631323
Mnd1	131.174290998143	-1.44300353153869	0.232518592662142	-6.20597052053994	5.43603684964404e-10	5.12561291176086e-09	9.26471760794712	down	76915
Aig1	981.731641410407	1.44284472169578	0.152202422574076	9.47977500813797	2.5483193160844e-21	8.51917304696549e-20	20.5937461538388	up	66253
Slc41a2	1193.1384574227	-1.44279404361366	0.260910703143081	-5.52983847053006	3.20525791656509e-08	2.37203867953026e-07	7.49413701849016	down	338365
Zfp532	300.294537754006	1.44275491359109	0.162510304797196	8.87792878975621	6.81168219248806e-19	1.79188186200205e-17	18.1667456227864	up	328977
Helz2	5106.84155049824	-1.44265461262139	0.177149747726648	-8.14370119706573	3.83374628714634e-16	7.49468208175532e-15	15.4163766316088	down	229003
Myo1e	2482.77863665243	-1.44244820609537	0.133445293240098	-10.8092849966621	3.11085239397957e-27	1.88967109458898e-25	26.5071205951275	down	71602
Rab36	1846.07895636534	1.44159887702993	0.288040284805227	5.00485158874476	5.59050861101465e-07	3.35779269537424e-06	6.25254867924973	up	76877
Rps13-ps1	106.409868748749	1.44031816400869	0.345533696707367	4.16838698434815	3.06762796785158e-05	0.000138111396186462	4.51319731138088	up	625298
Cdh5	1583.44893706428	1.44016471120826	0.16746103821633	8.59999870147598	7.97170012071078e-18	1.8719885063952e-16	17.0984490469472	up	12562
Fam13a	617.921767984001	-1.44011044594631	0.338067668725885	-4.25982896079303	2.04583395878481e-05	9.49724655505309e-05	4.6891296168163	down	58909
Itgb8	32.4265596598452	1.43970464308078	0.59664216767828	2.4130118873145	0.0158213035550519	0.038258824721346	1.80075773680276	up	320910
Nedd9	369.877331355917	1.43836768159782	0.270195434882146	5.32343443265503	1.01826166612999e-07	6.93722960623804e-07	6.99214060554164	up	18003
Lima1	369.765861533674	-1.43820708504761	0.27931237533713	-5.14909904479417	2.61740649369928e-07	1.67111337674647e-06	6.58212882445172	down	65970
Dmpk	1870.69915371858	1.43814725114576	0.205864728540826	6.9858846697022	2.83066541141236e-12	3.52569813468023e-11	11.5481114618129	up	13400
Rnasel	129.699992959093	1.43812778788232	0.314511440646302	4.57257702590105	4.81762034278361e-06	2.48441610392719e-05	5.31716742798458	up	24014
Lama5	457.579593304132	1.43752955419372	0.279434485382052	5.14442429046755	2.68342441807962e-07	1.70991391878179e-06	6.57131063263826	up	16776
Upk1b	32.5384498535858	1.43725735838293	0.53243268984806	2.69941606852329	0.00694612742802122	0.0185332727939555	2.15825725373778	up	22268
Pfkl	1245.49385504928	-1.43704085409492	0.20317045172685	-7.07307997733317	1.51532092334808e-12	1.9426777430087e-11	11.8194953800466	down	18641
Slc5a1	50.5988217096589	1.4364969888884	0.376383681669939	3.81657616641335	0.000135316316792876	0.000535880292817937	3.86864983188834	up	20537
Prkar1b	58.9952496042431	1.43583627024547	0.566259826065552	2.53564919168265	0.011223910787036	0.0283148992683303	1.94985579394441	up	19085
S100a13	568.602343622598	-1.43582882542187	0.138126378358734	-10.3950370847545	2.61185324650257e-25	1.34836048564755e-23	24.5830512286315	down	20196
Cfap157	20.0342480389881	1.43527854795751	0.586420596650618	2.44752410838774	0.0143841501809588	0.0352303734271868	1.84211579123785	up	227736
Acvr2b	110.849964195887	-1.43460966663056	0.298641910852016	-4.80377875475569	1.55698868861137e-06	8.72312312711686e-06	5.8077145425324	down	11481
Ormdl3	3540.52588400318	-1.43393930929296	0.132895117834778	-10.7900074333483	3.83758506061478e-27	2.32379050085529e-25	26.4159419852096	down	66612
Cnmd	96.6132597400417	-1.43389146568377	0.354379153237119	-4.04620715577007	5.20541721084184e-05	0.000224340899310587	4.283544456335	down	16840
Kctd12	557.043244326615	1.43367755546132	0.175535496275261	8.16745094800166	3.14973745675421e-16	6.18260392122925e-15	15.5017256448881	up	239217
Tle6	70.3063004325947	-1.4334894493071	0.327143580451967	-4.38183579004257	1.17683494426466e-05	5.67237388905137e-05	4.92928444439678	down	114606
Cd226	23.9273756386233	1.43339215132629	0.568141205988059	2.52295052043174	0.011637477430969	0.0292891472239888	1.93414114825465	up	225825
Icam2	244.610932661648	1.433373124596	0.232117100599708	6.17521553083626	6.60732719566843e-10	6.15235456865528e-09	9.17997418634215	up	15896
Tmem181a	294.120276732599	1.43315200978578	0.192498043723778	7.44502116521381	9.6928877743729e-14	1.43574036141019e-12	13.0135468155566	up	77106
Gm32540	190.941520178644	1.43305451413367	0.439852081821567	3.25803735701088	0.00112185636955172	0.00365692523476544	2.95006274192482	up	102635120
Tyw1	1886.30796427483	1.4330243823208	0.191511651116894	7.48270078589695	7.28105294145446e-14	1.09448833287e-12	13.137805811127	up	100929
Mgll	11868.378416821	1.43231644999704	0.1834820692881	7.80630203024386	5.88903565759101e-15	9.98233016043773e-14	14.2299558160576	up	23945
Mamld1	90.9043619344477	1.4322033578091	0.365282150786948	3.92081396455759	8.82503743546466e-05	0.000364120250390631	4.05428344367598	up	333639
4931414P19Rik	173.549537119643	-1.43152955438374	0.27855249231742	-5.13917338335091	2.75949691013035e-07	1.75543021147902e-06	6.55917008788757	down	74359
Sp110	192.715653877657	1.43099784917441	0.241565759163035	5.92384390127333	3.14502009055264e-09	2.67493404874918e-08	8.50237657591401	up	109032
Gm10110	17.4003207463455	1.4302972154749	0.550215181839899	2.59952335501183	0.00933533258207578	0.0240999013541294	2.02987020519349	up	NA
Lmo7	1552.73890312169	1.4294361760104	0.151106890568325	9.45976831787203	3.08626259299256e-21	1.02818464516721e-19	20.5105671249884	up	380928
Slco3a1	407.793947050829	1.42933155206867	0.190046723470268	7.52094814353526	5.43804170374766e-14	8.24527016120983e-13	13.2645574661788	up	108116
2010001A14Rik	297.885624824416	1.42908868444138	0.325342923822353	4.39256114026228	1.12023112257535e-05	5.41580981579484e-05	4.95069236580852	up	76516
Tbc1d1	747.685490241736	1.42875433178829	0.185028990755919	7.72178633170534	1.14710572026564e-14	1.89439689103217e-13	13.940396554538	up	57915
Sytl5	53.9982257750689	1.4280917099482	0.374406636465096	3.81427990548276	0.000136580597657293	0.000540484173548875	3.8646109912025	up	236643
Hpgd	10052.1705382544	1.42806704938753	0.193251056605135	7.38969853244041	1.47162084877543e-13	2.12425270344975e-12	12.8322040680521	up	15446
Mgst1	78742.2779240775	-1.42788894150156	0.14096628412871	-10.1292940388342	4.09595884504607e-24	1.85145031737576e-22	23.3876444156697	down	56615
Pik3ap1	5027.87663970468	1.42783590279653	0.153809093381219	9.28316961896142	1.64510332552553e-20	5.04428497393625e-19	19.7838068197223	up	83490
Pdlim2	100.014128773262	1.42740592764214	0.261538815973536	5.45772115060189	4.82284274060928e-08	3.44340599974684e-07	7.31669689897364	up	213019
D630039A03Rik	465.374363161195	-1.42736553097805	0.289205186702696	-4.93547694372919	7.99551262266169e-07	4.69085212358868e-06	6.09715368675748	down	242484
Scap	4375.27290805137	-1.42704710605979	0.12412928640602	-11.4964578253676	1.37440807221745e-30	1.15555785766963e-28	29.8618843027931	down	235623
Ern1	3360.73556132193	-1.42660498951205	0.144772615920845	-9.85410797779644	6.57983470473789e-23	2.63412260030006e-21	22.1817850163742	down	78943
Trim47	371.667829290331	1.42641697055209	0.264598516310907	5.39087289845584	7.01162557367605e-08	4.8989790292709e-07	7.15418128362617	up	217333
Rgl3	1433.08073064969	-1.4263204691425	0.253771332497496	-5.62049485694596	1.90411260294739e-08	1.45037944154885e-07	7.72030737244698	down	71746
Relb	203.572905882223	1.42527426845283	0.328222133571976	4.342407542544	1.40929799533557e-05	6.71220435275334e-05	4.85099716583582	up	19698
Gm10874	21.5516546163078	1.42426075177709	0.519615315826334	2.74099070677337	0.00612542399772317	0.0166362714386682	2.21286384435145	up	100303731
Daam1	1599.01739058316	-1.42376023821206	0.158381253572526	-8.98944923150318	2.4847243671874e-19	6.85470664965051e-18	18.6047217809543	down	208846
Sod3	2610.29919636479	1.42342891974507	0.178282080011874	7.98413906574493	1.41506422770575e-15	2.59756689882764e-14	14.8492238476979	up	20657
Glt1d1	1742.12963746366	-1.42309457767468	0.318755767155551	-4.46452966286322	8.0244831442551e-06	3.98294287701458e-05	5.09558293086412	down	319804
Vgll4	1038.4283576063	-1.42293515485091	0.157538817439895	-9.03228282384308	1.68127239337852e-19	4.71245723535617e-18	18.7743619181147	down	232334
Zfp354b	96.6044019237915	-1.42100529097528	0.341352447896615	-4.16286831903917	3.14274625523036e-05	0.000141163335411047	4.5026906824256	down	27274
Gm10501	64.1084343512294	1.42049635178735	0.417125984381179	3.40543721795396	0.000660582005326049	0.00226377773528357	3.18007326094137	up	100303733
Sass6	67.4385866489801	1.42039383894081	0.394604329803595	3.5995394162243	0.000318781312062413	0.00117101353397059	3.49650714620335	up	72776
Gdpd5	90.4905531738214	1.42031315932271	0.24359062282472	5.83073823964366	5.51826909224804e-09	4.56442395362235e-08	8.25819712545361	up	233552
Iffo2	251.452736831012	1.42017332791499	0.384888543583904	3.68983008611012	0.000224403884644915	0.000849443916399152	3.6489696292998	up	212632
Naip6	121.347036659465	1.41986493345762	0.258150568711546	5.50014257394163	3.79484272265649e-08	2.77529401699481e-07	7.42080621874026	up	17952
Olfml1	359.711780100721	-1.4194396574668	0.252852126462813	-5.61371453475026	1.98028810790894e-08	1.50305194347239e-07	7.70327162056038	down	244198
Ifit2	210.288886396033	1.41926514231507	0.235687112865511	6.02181903397043	1.72467665949796e-09	1.51231210178928e-08	8.76329231401584	up	15958
Nrros	645.644537538073	1.41914009848648	0.22424211182419	6.32860655361253	2.47384999744733e-10	2.45043495631922e-09	9.60662663747	up	224109
Parp16	910.858445946648	-1.41911878975928	0.264272872393939	-5.36989959243287	7.87804922145507e-08	5.46665642552572e-07	7.10358131007936	down	214424
Ipmk	1934.01577652682	-1.41624373747073	0.168528424152518	-8.4035897480951	4.33033589859538e-17	9.45407574414429e-16	16.3634784146747	down	69718
Fam129a	273.706985933204	1.41515746565343	0.227911706324789	6.20923553455714	5.32429708572043e-10	5.03065086764634e-09	9.27373771970951	up	NA
Tgfb1i1	248.060496406722	1.41515652030674	0.266928603878231	5.30162934861906	1.14773683932538e-07	7.76830248789085e-07	6.94015767842788	up	21804
Snrnp25	191.386918657764	1.41483443653338	0.194454610159274	7.27591099729913	3.44090401533064e-13	4.72933959451869e-12	12.4633274419369	up	78372
AA986860	160.373469334743	1.41461959735313	0.542620057751514	2.6070167830046	0.00913348834727563	0.0236485749112733	2.0393633209728	up	212439
Hspbap1	344.857818454017	1.41404097062596	0.219086925931267	6.45424625232806	1.08758840188706e-10	1.12172481342995e-09	9.96353543240424	up	66667
Gm10649	19.0903364068999	-1.41329630237248	0.557422968359662	-2.53541095827359	0.0112315477742604	0.0283304537517891	1.949560391245	down	102640923
Btg1	2519.57622215325	-1.41296619421485	0.214455496923341	-6.58862194947574	4.43927544774747e-11	4.81321441564331e-10	10.3526879070752	down	12226
Abcd2	940.770494362445	1.41197677721626	0.224407353835902	6.29202543089906	3.13350130707835e-10	3.06443378207724e-09	9.50397011980658	up	26874
Gsta4	6313.2150269072	1.41181380305972	0.254018278673121	5.55792209298643	2.73005182414349e-08	2.0399642190806e-07	7.56382910873729	up	14860
Gls	472.943813015115	1.41169435788135	0.221300596577733	6.37908066996776	1.78154181010959e-10	1.78791160701931e-09	9.74920398095439	up	14660
Gpd1	1813.41233948668	-1.41104230523759	0.299016177635342	-4.71894971167212	2.37065409091557e-06	1.29062242506842e-05	5.62513181057941	down	14555
Catspere2	159.402420654901	1.41081238451901	0.331138365213132	4.26049208647559	2.0397730494586e-05	9.47383661331354e-05	4.69041815063822	up	545391
Platr22	88.1653542906761	-1.40920261024547	0.433861075320795	-3.24805033317062	0.00116198713482021	0.00377386140463788	2.93479868029984	down	100503474
Fdft1	4140.11803314536	-1.40868424944291	0.514412881912469	-2.73843112988489	0.00617330887361687	0.0167497866239772	2.20948199312012	down	14137
Pcca	1709.71286014108	-1.40823456365676	0.217518701351218	-6.47408500928362	9.53881900368669e-11	9.90508349936435e-10	10.0205053917458	down	110821
Tead2	79.1700111861137	1.4080422575773	0.356413888714537	3.950581899756	7.79614136654984e-05	0.000325433553336839	4.10812029447029	up	21677
Prss8	383.788413196185	1.40764409777298	0.247488635436833	5.68771206519605	1.28752668271073e-08	1.00701112113232e-07	7.89024376187205	up	76560
Ctsd	3564.1106452474	1.40733510579425	0.263473062043862	5.34147625900354	9.21926916438636e-08	6.31541255885535e-07	7.03530350524294	up	13033
D1Ertd622e	933.754502243778	1.40694947325414	0.214795670854345	6.55017611694888	5.74692676176945e-11	6.14111108349792e-10	10.2405643374343	up	NA
Ak3	906.57468466561	-1.40641146160323	0.240102771998037	-5.85753946070531	4.6977521757586e-09	3.91940710123083e-08	8.32810989763491	down	56248
Gm3336	211.329260345624	-1.40603743260462	0.266992544583231	-5.26620484777735	1.39272873219495e-07	9.30870686120997e-07	6.85613346475572	down	100502950
Taf9b	54.6697476887123	1.40577779549188	0.309563909479366	4.54115532348766	5.5946793438614e-06	2.85304940268525e-05	5.25222479978483	up	407786
Trim46	41.0966832377916	1.40554845512196	0.34889368957463	4.02858663576175	5.61131822686122e-05	0.000240167912372615	4.25093510106114	up	360213
Evpl	32.178003554108	1.40460703132825	0.456704220438069	3.07552890573457	0.00210129559268233	0.00641956971802171	2.67751285038268	up	14027
Cavin1	798.063197293896	1.40406503885364	0.264654882468254	5.30526784829696	1.12507670544911e-07	7.622968698145e-07	6.94881786722581	up	19285
Dcun1d4	930.673129443291	-1.40398951288368	0.179961677624553	-7.80160271573357	6.11258239078917e-15	1.03430480243441e-13	14.2137752740239	down	100737
Rfx3	163.139526581045	-1.40383877048225	0.336229721640494	-4.17523698866595	2.97675997358823e-05	0.000134271468848477	4.52625618260176	down	19726
Trak2	1565.65765963814	1.40378186096737	0.177380814635951	7.91394415370361	2.49360190052934e-15	4.40925603274499e-14	14.6031728797282	up	70827
Bahcc1	457.7656488849	-1.40373140025176	0.237108184992973	-5.92021486012118	3.21521288449248e-09	2.73101629041849e-08	8.49279026644131	down	268515
Scarb1	6507.82709621158	-1.4023786668608	0.147103821103281	-9.53325791500818	1.52423113327455e-21	5.31713672143745e-20	20.8169491719107	down	20778
Tmem220	455.024376946961	-1.40223601981348	0.166651141238904	-8.41419992319942	3.95585549816892e-17	8.68574155903543e-16	16.402759580951	down	338369
Tmc8	114.944481251186	1.40214776236313	0.28087912577919	4.99199703243668	5.97581735805219e-07	3.5691792508267e-06	6.22360268455314	up	217356
Lamb1	696.542115045272	1.4019379271358	0.172840855921402	8.11114895064697	5.01433424308476e-16	9.65560201848402e-15	15.2997867204198	up	16777
Cyp2a12	15273.3645737959	-1.40171705174747	0.298869233551869	-4.69006807789805	2.73114165547047e-06	1.47354619550965e-05	5.56365577382815	down	13085
Cited2	1135.53627109551	-1.40053566529341	0.279498876513569	-5.01088119839159	5.41813571348397e-07	3.26955879971317e-06	6.26615012095677	down	17684
Cyyr1	229.297806183707	1.40024991070914	0.276193796578616	5.06980941663031	3.98214255850646e-07	2.46006214650627e-06	6.39988319652748	up	224405
Gm13431	71.2443798237953	1.39863438533842	0.411810772593343	3.39630354138296	0.000683025690445863	0.00233032294387412	3.16556296101972	up	100504593
Cyth3	371.833685872907	1.39860303496827	0.24889457326744	5.61925885569814	1.91778343842583e-08	1.45848490878072e-07	7.71720043616783	up	19159
2700046G09Rik	37.5355670931005	1.39717365847866	0.405081528209455	3.44911718056968	0.000562422577792829	0.00195559368958982	3.24993725339715	up	NA
Slc25a44	2493.62448303417	-1.39657806404379	0.150170666571017	-9.29993916876795	1.40526060488142e-20	4.36446745283816e-19	19.8522431285939	down	229517
Nr6a1	751.633005879625	-1.39629242958394	0.254916491013093	-5.47745037613994	4.31497960772803e-08	3.10962751970101e-07	7.36502125238727	down	14536
Plxdc2	83.7528897469104	1.39594371232836	0.509485005807632	2.73991127592758	0.00614557718255321	0.0166839467400599	2.2114373226349	up	67448
Arid5b	1711.72951113743	-1.39524983650237	0.19016006550729	-7.33723893489553	2.18045150213207e-13	3.06249264223598e-12	12.6614535685139	down	71371
Gm49172	133.720989519959	1.39513511228989	0.353077872572709	3.9513524371386	7.77107826811171e-05	0.000324598444969109	4.10951871692609	up	NA
H2bc6	93.2936635490502	1.39482187250492	0.355557940327765	3.92291020478723	8.74857641970337e-05	0.00036135261162121	4.05806261021953	up	319179
Chst3	34.5497784795721	1.3947925583323	0.559485664981349	2.49299069776666	0.012667216482612	0.0315223469357943	1.89731880729899	up	53374
Hlx	335.921178135238	1.3947801171998	0.234441849385512	5.9493649314558	2.69184869178449e-09	2.30579352353212e-08	8.56994935535812	up	15284
Cd302	6201.53280684627	-1.39461153577623	0.163337467331215	-8.53822187011291	1.36303013758423e-17	3.12830850170703e-16	16.8654945414934	down	66205
Ccdc9b	219.298722290546	1.39400825660955	0.215590740446553	6.46599317634025	1.00635619362055e-10	1.04017149030366e-09	9.99724827619425	up	214239
Tmem176a	10366.2376507702	1.39366457427822	0.181671716632633	7.67133486769661	1.7021551563089e-14	2.74972312834599e-13	13.7690008552634	up	66058
1110051M20Rik	157.645365062089	1.39329742696308	0.202409061741687	6.8835723804757	5.83699183764449e-12	7.01167279012366e-11	11.2338109139998	up	NA
Tafa2	271.731912636291	1.39258301750938	0.4703430105427	2.96078178328316	0.0030685927197206	0.00899784093359827	2.51306074966385	up	268354
Chrd	219.077532174466	-1.3923620654438	0.282982253036518	-4.92031585197721	8.64046612674132e-07	5.04949364906012e-06	6.06346282802908	down	12667
Atad2	302.514447802085	1.39215591521911	0.23063054722065	6.03630322173759	1.57684828371391e-09	1.38964716481442e-08	8.80221009025736	up	70472
F11	2948.70962417949	-1.39172669445518	0.222347406350304	-6.25924411397246	3.86847917793362e-10	3.71384932165668e-09	9.41245973638758	down	109821
Gm38303	34.4106684747092	-1.39155631915694	0.423247212565164	-3.28780976659756	0.00100970041308506	0.00332924506067911	2.99580746606323	down	NA
Gm37607	35.3109804373601	1.39100120095803	0.52040489469553	2.67292105653975	0.00751939434251368	0.019867378904973	2.12381713870319	up	NA
Cyp3a25	37108.4159138678	-1.39015000269008	0.215002367557976	-6.46574276590335	1.0080242872151e-10	1.04133667782264e-09	9.99652900392578	down	56388
Ptprf	6683.22955038344	-1.3899234646974	0.146026174312906	-9.51831732384541	1.76005777868963e-21	6.06291101725359e-20	20.7544730750528	down	19268
Septin8	469.832288121176	1.38991065519514	0.144869858841395	9.5942017636452	8.45691599406251e-22	3.02688428218713e-20	21.0727879834085	up	20362
Acvrl1	332.801024813593	1.38981657148845	0.205989233858696	6.74703500495483	1.50896880588881e-11	1.74724614108207e-10	10.8213197380709	up	11482
Foxs1	41.6491442915456	1.38911512857763	0.415511622012193	3.34314386165802	0.000828349443082274	0.00277693190738027	3.08178641540439	up	14239
Gucd1	7360.14820473293	-1.38887203184559	0.107949471244737	-12.8659456672726	6.9980168136817e-38	1.02865505163553e-35	37.1550250184006	down	68778
Arhgap15	94.8003943663569	1.38873798863946	0.253032940685827	5.48836837162539	4.05663393086837e-08	2.94438533632873e-07	7.39183418109944	up	76117
Il27	17.4724941680283	1.38827670584805	0.573621993071985	2.4201943485696	0.0155122139767081	0.0375795772239588	1.80932621319555	up	246779
Pole	137.211250569874	1.38805012567558	0.309147536690599	4.48992782065985	7.12473122572206e-06	3.57089600422967e-05	5.14723151439138	up	18973
Apaf1	301.553168497261	1.38801645637523	0.204599626713381	6.78406152871274	1.16843527570033e-11	1.36608316143811e-10	10.9323953399125	up	11783
Adgre5	474.753135381481	1.3880068697959	0.255557862406106	5.43128220250265	5.59505729870186e-08	3.95951574214638e-07	7.2521954615248	up	26364
Tars	5388.45060123588	-1.38774374664816	0.17461229758013	-7.94757165377383	1.90202996044906e-15	3.44224519909841e-14	14.7207826464127	down	NA
Nck2	315.731549588298	1.3876170828131	0.225876904360642	6.14324464354085	8.08526077246508e-10	7.4161170021575e-09	9.09230596830968	up	17974
Igf2r	3335.10325782421	1.38726266714162	0.161117381136666	8.61026077605427	7.28945641168165e-18	1.72227941918211e-16	17.1373048566216	up	16004
Ece1	7579.13578237596	-1.38705664809362	0.182790293392509	-7.58824017594397	3.24279428279458e-14	5.0602306895861e-13	13.4890806013366	down	230857
Rrm1	791.79681087261	1.38701662901452	0.218429788467865	6.34994264630063	2.15395217610391e-10	2.14681693080004e-09	9.66676394351006	up	20133
Plxdc1	68.3462593095234	1.38690933664473	0.377056877648172	3.67824967229171	0.000234840021346521	0.000885466898580108	3.62922788881781	up	72324
Ggact	1863.67855698639	-1.38540769030773	0.194783963611241	-7.11253464927325	1.13930920082177e-12	1.48333590067775e-11	11.9433583953352	down	223267
Atp2a3	125.019421777512	1.38512445439622	0.307653862339504	4.50221701708299	6.7248262124069e-06	3.38632985214715e-05	5.17231893451781	up	53313
Gstz1	20652.9717804318	-1.38505566722152	0.232391076879748	-5.9600208657677	2.52205727924297e-09	2.16524073718447e-08	8.59824505425117	down	14874
Triap1	1061.529049034	1.3850466975288	0.178845802973051	7.74436231940818	9.60627228418865e-15	1.59877596460101e-13	14.0174451076986	up	69076
AI413582	117.892806444576	1.38476344119356	0.366862209232767	3.77461457283803	0.000160255242871482	0.000625177260278214	3.79518775330426	up	NA
Lilra5	179.088415155276	1.38451296096259	0.247714363416552	5.58915091505782	2.28182582540188e-08	1.72039303421843e-07	7.64171750888964	up	232801
Mtnr1a	36.8514746703024	-1.38446849322381	0.487934228557847	-2.83740801975664	0.0045481449195221	0.0127672114427548	2.34216570564964	down	17773
Bgn	5286.97071820555	1.38399629537885	0.198678165232646	6.96602112143643	3.26030217970788e-12	4.02865623850907e-11	11.4867421456689	up	12111
Abhd14a	427.843361247451	-1.38380202345387	0.174927003133783	-7.91073990100633	2.55863602430956e-15	4.52010048478027e-14	14.5919914897582	down	68644
Gm41231	38.3750310186711	-1.38310407639997	0.422658539359191	-3.27239118011658	0.00106641915664324	0.00349471873388739	2.97207206206595	down	105245842
Sntb1	2732.65063609005	-1.38217442254087	0.15553288517965	-8.88670213340657	6.29494767462431e-19	1.66504824756272e-17	18.201007875519	down	20649
Pms1	163.894938065754	-1.3820307152337	0.329011768776525	-4.20055100269808	2.66266175588827e-05	0.000121096397665056	4.57468399949468	down	227099
Scamp5	1345.64185571521	1.3820153881204	0.152388396741592	9.0690329294816	1.20077998720398e-19	3.44080646333332e-18	18.9205365588721	up	56807
Acox1	80242.3380843251	-1.38198176640874	0.132013300374554	-10.4685040256377	1.20532708864318e-25	6.50133849269273e-24	24.9188950829508	down	11430
Ifi206	52.5401801349202	1.38196781021036	0.407902881920609	3.3879824621571	0.000704087662174806	0.0023987813203889	3.15237326581716	up	102639543
Akap12	261.099703517174	1.38116940748347	0.235735955143151	5.85896795694466	4.6575254590798e-09	3.88752970264588e-08	8.33184476247409	up	83397
Gm38416	172.687959836736	-1.38073708597656	0.333994819059231	-4.13400749707947	3.56491837199191e-05	0.000158462761244405	4.44795040999145	down	330850
Rbp1	605.006634005997	1.38072528271795	0.251683774127032	5.48595270993139	4.1124691206424e-08	2.98041796714679e-07	7.38589735002311	up	19659
Slc37a1	120.762320441336	1.37990325262768	0.279859205492532	4.9307052458723	8.19332811678066e-07	4.79983955633491e-06	6.08653965267705	up	224674
Fth1	126123.150177873	1.37984133704412	0.238238082976081	5.79185879858952	6.96116568171287e-09	5.67743356065493e-08	8.1573180295351	up	14319
Gm10687	65.3760986990398	1.37953680005384	0.311935094302955	4.42251232788196	9.75597808014525e-06	4.76200542233909e-05	5.01072918413554	up	100038560
Nxpe3	71.6104415292763	1.3794943160795	0.333547527741332	4.13582533626005	3.5368113911318e-05	0.00015735868795664	4.45138809935255	up	385658
Qsox1	11641.8293182203	-1.3793847777593	0.17047950057977	-8.09120611609179	5.90767856201468e-16	1.12298379457211e-14	15.2285831427678	down	104009
Prim1	255.411896362849	1.37934956940671	0.284340638325827	4.85104618716551	1.22811940155387e-06	7.00078957854392e-06	5.91075940769394	up	19075
Slc2a3	46.1484725533437	1.37916433125457	0.471124455056504	2.92738854129141	0.00341821555595765	0.00990536625214757	2.46620055372436	up	20527
Homer3	98.3361772882321	1.37857852398808	0.25101460063696	5.49202524669834	3.97350572167436e-08	2.88949494624477e-07	7.40082615728159	up	26558
Chd3	4210.26486733746	-1.37843584445919	0.182488666377326	-7.5535422107203	4.23577146463768e-14	6.49912472693731e-13	13.3730674797081	down	216848
Satb1	49.9976179580826	1.37801987748346	0.326846347592739	4.21610915230576	2.48553489434405e-05	0.000113496466505784	4.60458013543599	up	20230
B230206L02Rik	451.139581865924	-1.37796973091228	0.278615722557062	-4.94577161068169	7.58428391144412e-07	4.466145902103e-06	6.12008541790817	down	100039440
Kirrel	209.821234282438	1.37768352680777	0.267655605996564	5.14722462725274	2.6436868264035e-07	1.68719342424091e-06	6.57778999306704	up	NA
Dagla	109.388462637933	1.37679425226832	0.25339673293371	5.4333543938331	5.53044142477767e-08	3.91810817054889e-07	7.25724020310867	up	269060
Myl9	357.225037264681	1.37678337863928	0.375909677521175	3.6625377343783	0.000249728952154486	0.000936471412402491	3.60253110509743	up	98932
Cfap20	996.760358472036	-1.37668356541682	0.156285828463008	-8.80875495210154	1.2654347608806e-18	3.23601749741259e-17	17.8977602398537	down	14894
B3gnt3	244.10589982034	1.37664403738418	0.280404978374054	4.90948500760127	9.13158803623503e-07	5.31392744713635e-06	6.03945368956305	up	72297
Pnrc1	4801.21566270478	-1.37609360784914	0.208495423351562	-6.60011421703388	4.10841136292686e-11	4.4695801810463e-10	10.3863260782917	down	108767
P3h3	220.123161609019	1.37594291905141	0.269690518231119	5.10193286762961	3.36202017255678e-07	2.10055355103028e-06	6.47339968506555	up	14789
Catsperg1	36.3213900973669	1.37575585968066	0.532991358171221	2.58119730946689	0.00984582909271088	0.0252519026384178	2.00674770713088	up	320225
Tfpi2	2440.68556483607	-1.37567104977065	0.312962620471029	-4.3956401173411	1.10446791483356e-05	5.34362667538571e-05	4.95684689601086	down	21789
Sirt3	2596.23562564067	-1.37554663406408	0.206279494341453	-6.66836341855261	2.58671616306454e-11	2.89760363211e-10	10.5872512232269	down	64384
Slc25a48	588.900721840017	-1.37526243631712	0.161494300863906	-8.51585739533975	1.65362222472381e-17	3.75054765126993e-16	16.7815636994129	down	328258
Apold1	77.9389624750451	1.37407681487693	0.383810202529627	3.58009455147524	0.0003434699023853	0.00125120250479216	3.46411131333709	up	381823
Pdss1	243.751889612185	1.37381254450051	0.253152379074154	5.42682059526722	5.73667377469042e-08	4.05377578735555e-07	7.24133984627933	up	56075
Tmem237	163.16384131589	1.37346077651218	0.216524159449448	6.34322183725111	2.2500905902571e-10	2.23684793009761e-09	9.64779999653007	up	381259
Fam149a	1135.67664383265	-1.37334679730333	0.172807512604178	-7.94726326770891	1.90676912240502e-15	3.44434767551887e-14	14.7197018895107	down	212326
Bckdha	2135.99067315194	-1.37317765933685	0.259705461371703	-5.28744236676445	1.24038422947158e-07	8.33967832496671e-07	6.90644376411885	down	12039
Zkscan1	1124.30929206482	-1.37239216359521	0.156241294003095	-8.78379926607637	1.58043630842521e-18	3.97815445163868e-17	17.801223001537	down	74570
Als2	1964.36893488874	-1.37196907215472	0.243306446218067	-5.63885212858305	1.71187458708752e-08	1.3148726385703e-07	7.76652805515589	down	74018
Mapk3	2707.54840271722	1.37078580433361	0.20859219733102	6.57160632982966	4.97753213696265e-11	5.35161132492199e-10	10.3029859273105	up	26417
Tbcel	7173.25153557737	1.37022947194364	0.174377979114213	7.857812545506	3.90899707912178e-15	6.74477130426245e-14	14.4079346540809	up	272589
St6galnac4	136.226521788334	1.36929844409775	0.271811040001157	5.03768516573837	4.71195648419672e-07	2.87586161837376e-06	6.32679872899356	up	20448
Gramd3	1525.61650193669	-1.36853013166718	0.165680419983791	-8.26005952786134	1.45599837226174e-16	2.9889877032273e-15	15.8368391105437	down	NA
Gp1ba	22.0691647998827	-1.3683832820491	0.505279580692789	-2.70817055415718	0.00676552444545188	0.018104077087496	2.16969853240889	down	14723
Grasp	101.975034536547	1.36815306452071	0.245122938445749	5.58149748528537	2.38456502760912e-08	1.79084181636666e-07	7.62259082976325	up	NA
Mfsd6	712.587461632233	1.36801483614403	0.177677287303896	7.69943562794384	1.36668498575471e-14	2.23403107688394e-13	13.8643315766642	up	98682
Cd79b	77.3916219644024	1.36744733530984	0.272719616981621	5.01411431434356	5.3278305816038e-07	3.22231615999242e-06	6.27344959364339	up	15985
Serpina1a	64272.3534421601	-1.36715646255892	0.299403398807137	-4.56626901366468	4.96481551476224e-06	2.55416744729526e-05	5.30409688461257	down	20700
Pax5	32.1091769728282	1.36559238274443	0.416625240577667	3.27774760081982	0.00104638914421628	0.00343375415150454	2.98030677459265	up	18507
Tmem8	2298.88993517034	1.36504284962399	0.161131183060901	8.47162432307132	2.41994517343017e-17	5.40585432245607e-16	16.6161944733363	up	NA
Gjb1	26621.0537069019	-1.36353152467769	0.181233560853378	-7.52361493234039	5.32821192446726e-14	8.09787283484938e-13	13.273418509852	down	14618
1700007L15Rik	80.8167240466173	1.36339283544507	0.356339062640405	3.82611107898918	0.000130183564714877	0.000516762465914176	3.88544384068471	up	100502742
4930503L19Rik	280.982178449265	1.36294538410682	0.23918130620174	5.69837754359124	1.20952964107965e-08	9.51029104476511e-08	7.91738348422679	up	269033
Gm43598	21.9107804727091	-1.36284980528827	0.48246978941725	-2.82473604603178	0.00473195796704937	0.0132401311556964	2.32495912177014	down	NA
Cib2	145.011723909988	-1.36276163462171	0.344366521686271	-3.95729999521623	7.58017086665746e-05	0.000317243577936005	4.12032100470962	down	56506
Foxa3	1053.79684581752	-1.36262935467326	0.303594039421409	-4.48832710046008	7.17846502561931e-06	3.5968910365164e-05	5.14396841121331	down	15377
Tfrc	2609.19612196106	1.3622343515148	0.264287010856813	5.15437496189641	2.5447829351854e-07	1.62798472425017e-06	6.59434925618443	up	22042
Fam43a	413.626574267167	1.3619134722471	0.226657038658832	6.0086970177753	1.87020251579651e-09	1.63322538068833e-08	8.72811136312617	up	224093
Adamts2	424.869098136389	1.36151301884792	0.222029330923923	6.13213134130658	8.67094695734617e-10	7.90941518761998e-09	9.06193347047161	up	216725
Eef1akmt3	37.8756400458624	1.36122203788762	0.481524983381125	2.82689805278539	0.00470012886177408	0.0131606341954808	2.32789023500253	up	100504608
Pck2	192.306330798246	1.36027155913833	0.296370953884995	4.58976003318522	4.4375586928747e-06	2.31194886877693e-05	5.35285588975138	up	74551
Fzd8	715.808775578424	-1.35998242191682	0.239772744405088	-5.67196419797896	1.41169483662031e-08	1.09877104987715e-07	7.85025917374831	down	14370
Bmp7	97.1078270541894	-1.35965748605694	0.359267173479518	-3.78453025053361	0.000153999176244222	0.000602970341146551	3.81248160223851	down	12162
Dmtn	34.5981707016061	1.35914351482128	0.527025548383843	2.57889493021578	0.00991169290965808	0.0253971468620593	2.00385216201002	up	13829
Afap1l2	157.51737841936	1.35894161381121	0.283191081973181	4.79867375887178	1.59719709192373e-06	8.93020534322975e-06	5.79664148921313	up	226250
Ccl9	1789.08906617474	-1.35828512944894	0.18451071076399	-7.36155166182378	1.8178463503237e-13	2.57764722546636e-12	12.7404428273993	down	20308
Rsf1	22.6852548392671	-1.35824437072443	0.527942103790872	-2.57271462338692	0.0100904371016884	0.0257967945871099	1.99609002040931	down	233532
Oas1g	144.815396392218	1.35819890212394	0.215607820461657	6.29939535224547	2.98808955590095e-10	2.9341485205726e-09	9.52460639044072	up	23960
Paqr8	47.0337042854461	1.35761464075823	0.360243996723407	3.76859754251672	0.000164167332193959	0.00063927323533405	3.78471325927134	up	74229
Dse	528.926539276196	1.35754094916677	0.15370147239897	8.83232234524687	1.02524479887609e-18	2.65350992569327e-17	17.989172425235	up	212898
Tomm5	1217.37982021814	1.35745957270899	0.174264516014375	7.78964991700901	6.71951116953119e-15	1.13005159022264e-13	14.1726623198178	up	68512
Lipt1	31.4157209858005	-1.35735569974647	0.355959732079242	-3.8132282317942	0.000137163338559351	0.000542455791188922	3.86276195268907	down	623661
Naprt	3539.00116014314	-1.35692525195949	0.311024091100951	-4.36276574961219	1.28428435552111e-05	6.1487268895859e-05	4.89133880776156	down	223646
Ifitm1	366.721703197887	1.35662479459278	0.206996724806729	6.55384666525255	5.60735447863435e-11	5.99862321336573e-10	10.2512419883551	up	68713
Gpsm2	467.33741800295	-1.35659189132307	0.257606914199438	-5.2661315226687	1.39328482974211e-07	9.30919246409235e-07	6.85596009151545	down	76123
Bin1	1540.24950959446	1.35646069854026	0.258487106678781	5.24769190993312	1.54016578576388e-07	1.01915575156939e-06	6.81243252853548	up	30948
Nhsl1	718.202386956224	-1.3561810287253	0.229446801555255	-5.91065562706792	3.40748744314072e-09	2.88415728374143e-08	8.46756573589967	down	215819
Ulk4	39.426759422561	1.35610156009528	0.518253329322423	2.61667698665492	0.00887903202035564	0.0230517936232841	2.05163437781739	up	209012
Fes	468.546286582266	1.35561726787927	0.195184548173382	6.94531037710564	3.77629147577572e-12	4.63456141858108e-11	11.422934491748	up	14159
Chchd7	557.165688161188	-1.35489226454495	0.17447428104329	-7.76557012554061	8.12787798489868e-15	1.35977774524074e-13	14.0900228246078	down	66433
Fam210b	3346.23236747693	-1.35455295682471	0.170898106803394	-7.92608521042906	2.26162433345774e-15	4.0361295797092e-14	14.6455795317959	down	67017
Amt	1983.01254937457	-1.35315709365169	0.230097730029227	-5.88079288517891	4.0830582000271e-09	3.42287195035794e-08	8.38901442958705	down	434437
Haus8	279.18933624486	1.353150584688	0.246589105393184	5.48747108081038	4.07728740711372e-08	2.95714675372436e-07	7.38962867414407	up	76478
Fam78a	93.3916722066452	1.35310056685043	0.31413359738625	4.30740480518134	1.65181147112093e-05	7.78636026631694e-05	4.78203952222398	up	241303
Lacc1	799.864246025692	1.35286756344795	0.231812908383464	5.83603205223603	5.34586163316286e-09	4.42942821033494e-08	8.27198228627	up	210808
Ssbp2	145.950874256218	1.35212416863847	0.23144874500156	5.84200259383286	5.15770032212917e-09	4.28273727481325e-08	8.28754389527807	up	66970
D130040H23Rik	42.1991832112876	1.35158703161451	0.412020699912374	3.28038623278383	0.00103665064111223	0.00340585987805105	2.98436757938767	up	NA
Cd79a	76.8862425214215	1.35059185215369	0.359051739200232	3.76155217953285	0.000168862183725805	0.000655831022554278	3.77246759873013	up	12518
Hspa1b	782.925366161742	-1.34991114279626	0.556749348481401	-2.42462994609387	0.0153239980317152	0.0371870076999002	1.81462791247174	down	15511
Gfod2	581.946936452416	-1.34985660356294	0.137926960663148	-9.7867494293565	1.28356070483145e-22	5.03385843833696e-21	21.8915835869459	down	70575
Gm11789	893.925276511704	-1.34835986963066	0.196702805212966	-6.85480752636354	7.14085978153103e-12	8.50893539314118e-11	11.1462494946812	down	667716
Ap3m2	135.420433731914	1.34643721408907	0.252581357316738	5.33070701809804	9.78311403942652e-08	6.6802710618155e-07	7.0095228839777	up	64933
Klf2	734.778220242101	1.34643358910367	0.204400573280159	6.58723000379358	4.48107837203818e-11	4.85307340449759e-10	10.3486174604061	up	16598
Pdia4	8452.19228329644	-1.3463127371547	0.188945410193849	-7.1254058819076	1.03774423604753e-12	1.35937435437628e-11	11.9839096701486	down	12304
Rbbp8	420.050707809291	1.34606243220972	0.27063619151749	4.97369706786881	6.5687931237748e-07	3.89915784190529e-06	6.18251441549833	up	225182
Pnpla2	4396.99334260316	1.34567888224594	0.294495860264892	4.56943225292041	4.89047215436141e-06	2.51928656512529e-05	5.31064920956045	up	66853
Gm11788	23.2105215133991	-1.34508160229976	0.496481033185265	-2.7092305896766	0.00674394508668111	0.0180655849090789	2.17108597465978	down	102640850
Cdc42bpg	1567.26436441621	1.34470849255017	0.14079776192935	9.55063826387328	1.28899678387739e-21	4.54595642313975e-20	20.8897481662355	up	240505
Nacc2	949.020315918082	-1.34328560787389	0.152285793919675	-8.82082020455844	1.13624335205292e-18	2.91726693161747e-17	17.9445286447382	down	67991
Zfp667	92.9439603891158	-1.34318155707145	0.286700779477571	-4.68495955790217	2.80015216791245e-06	1.50866620440185e-05	5.55281836726884	down	384763
Art4	144.861326808711	1.34288161282741	0.327685127821103	4.0980853228119	4.16581733023279e-05	0.000183101982449127	4.38029977764589	up	109978
Pls3	2519.20069942732	-1.34252448595986	0.128673131241811	-10.4336039156216	1.74154869695204e-25	9.1376734900568e-24	24.7590643773517	down	102866
Gcgr	8798.65060529862	-1.34249299360455	0.14046344508348	-9.55759694493246	1.20522584954819e-21	4.2740016498895e-20	20.9189315621997	down	14527
Pnpla6	1884.66373519158	-1.34199816024317	0.161277424508738	-8.32105401193619	8.7184506175607e-17	1.83678867715261e-15	16.0595606880067	down	50767
Ano10	937.902933748378	1.34189495125027	0.192314057364725	6.97762279907266	3.00216381827129e-12	3.72245115805743e-11	11.5225656134152	up	102566
Gm20537	37.5488666623686	-1.34160190597753	0.569556295031593	-2.35552116214099	0.0184967434430115	0.0438313182055905	1.73290472723076	down	NA
P3h1	868.790265077761	-1.34139234021106	0.233229254861138	-5.7513897260003	8.85128074723352e-09	7.08986115094545e-08	8.0529938839674	down	56401
Kctd12b	73.0199863426608	1.34007559171598	0.433689563359566	3.08994198830868	0.00200195592998761	0.006150233469662	2.6985454870834	up	207474
Crp	12664.4582833687	-1.33950257331006	0.226858020730459	-5.90458547155176	3.53534546928729e-09	2.98581633142965e-08	8.45156814111057	down	12944
Acacb	5359.24454661914	-1.33884949978294	0.21794293867266	-6.14311942353787	8.09163991562781e-10	7.4161170021575e-09	9.09196345191895	down	100705
Sik1	720.630812999817	-1.33794343158708	0.287098651646355	-4.66022192690457	3.15868628322511e-06	1.68486601301337e-05	5.5004935055383	down	17691
Slc43a1	194.171601243227	-1.33751035352391	0.27248129694329	-4.90863177960534	9.17139927936093e-07	5.33442155883304e-06	6.03756439901434	down	72401
Mrtfb	136.349990908145	-1.33705670130556	0.256434086400261	-5.21403655837934	1.84775028169155e-07	1.20939087098071e-06	6.73335672284075	down	239719
Mtmr11	45.2148996878903	1.33661308400596	0.369072866322043	3.62154253528805	0.000292851642565171	0.00108466074807365	3.5333523357303	up	194126
Hk1	281.801748102893	1.33642560337579	0.231682866818699	5.76834023908033	8.00560547683856e-09	6.45814575039812e-08	8.09660581611123	up	15275
Agtr1a	2193.13343733112	-1.33627885740049	0.200088378180366	-6.67844314373885	2.41493879237402e-11	2.71941879450024e-10	10.6170938721469	down	11607
C1qtnf7	44.4756421396425	1.33619122131325	0.460356663983987	2.90251304227829	0.0037018174547538	0.0106312001355316	2.43158500112817	up	109323
Zhx3	717.827162026805	-1.33617564770012	0.266500235453431	-5.01378786936798	5.33688232841753e-07	3.22580493725143e-06	6.27271237274116	down	320799
Tpcn2	345.82266957076	1.33598668737759	0.180193870174353	7.41416279080361	1.22395504820939e-13	1.78684445855345e-12	12.9122345320868	up	233979
Garem1	867.643976927756	-1.33585917297882	0.163903200496679	-8.15029339836404	3.63042379507596e-16	7.11888397128133e-15	15.4400426749308	down	381126
Hpse2	57.4068724255121	1.33550914508035	0.438121163073266	3.04826440182032	0.0023016731518077	0.00696433347127736	2.6379563481452	up	545291
Abcc12	35.0438183433006	1.3352411936311	0.571814245811494	2.33509606207201	0.0195384030026255	0.0459379106493964	1.70911093680411	up	244562
Myh11	262.635645141169	1.33517902209584	0.472790937777578	2.82403683194952	0.00474229348569997	0.0132651951424519	2.32401157240003	up	17880
Map2k6	284.067743013894	-1.33453047608142	0.248972324580097	-5.36015590621231	8.31501611218301e-08	5.74915440776287e-07	7.08013690490202	down	26399
Ms4a8a	36.6942903405177	1.33439397005307	0.44359986133549	3.00810276638901	0.00262884225665622	0.00786162237834636	2.58023547289672	up	64381
Elf5	35.4781905381197	1.3338426515004	0.509986568714589	2.61544662805989	0.00891108468347438	0.0231224695681152	2.050069429142	up	13711
Slc35f5	2979.97465810545	1.33343746073961	0.155484348051651	8.57602374418193	9.82092819582998e-18	2.28672059660099e-16	17.0078474642215	up	74150
Fgd2	267.993681548158	1.3319919150904	0.215289716893673	6.18697415886447	6.13300138827937e-10	5.74961415446483e-09	9.21232693700466	up	26382
Fah	21696.7138192353	-1.33119724615185	0.22493526166668	-5.91813500599333	3.25612648078309e-09	2.76333060881266e-08	8.4872987337462	down	14085
Adamts1	694.559912328447	1.33114107738553	0.225071798412752	5.91429529053834	3.33299472137442e-09	2.82483038533388e-08	8.47716537415218	up	11504
Prps1	771.016927770845	-1.33087445306818	0.148821279338534	-8.94276987124102	3.79535546277374e-19	1.02357653769147e-17	18.4207475430118	down	19139
Fabp4	525.813817395015	1.33075053621127	0.265816759469909	5.00627025498712	5.54948271782339e-07	3.3352321852187e-06	6.25574749674486	up	11770
A930012O16Rik	20.4613318574106	1.32964851337237	0.527090175033356	2.52262056163013	0.0116484013307759	0.0293128092035312	1.93373367471212	up	227923
Rnft2	41.5011671011615	1.32913444865359	0.375401447618213	3.54056825589373	0.000399266345741869	0.00143170814778499	3.39873729505126	up	269695
Rassf9	21.9789388149634	1.32898461860921	0.555581486151102	2.39206066389291	0.016754072915988	0.040241540235782	1.77587959878127	up	237504
Kcnip4	17.8614771442912	1.32887213047976	0.562748349359627	2.36139676285489	0.0182062402830025	0.0432600398432251	1.73977972981896	up	80334
Mccc2	2109.49391339881	-1.32873500931899	0.189267210079585	-7.02041842726092	2.21204778452389e-12	2.79679528160158e-11	11.6552054956626	down	78038
Bhlhe40	1453.41214635198	-1.32858117627534	0.302366401728484	-4.39394446168778	1.11312264623793e-05	5.38279499647351e-05	4.95345698153246	down	20893
Lpin2	15072.1676418786	1.32824861231881	0.264957256642244	5.01306750059035	5.35690938597166e-07	3.23565392522805e-06	6.2710856998107	up	64898
Ccdc68	16.6775078931485	1.32788034669039	0.548263349259855	2.4219754037599	0.0154363953064097	0.0374267474213328	1.81145410823007	up	381175
Nid2	510.546453118915	-1.32552768085155	0.130563602530785	-10.1523522264868	3.2347131442241e-24	1.47695828731788e-22	23.4901642267122	down	18074
Casp6	1282.36414066174	1.3252838738169	0.197757491991387	6.70156088890236	2.06204898967311e-11	2.34396784800151e-10	10.6857010210642	up	12368
Irf2bp2	2147.69230629533	-1.32521379532421	0.245375997367016	-5.40074746325759	6.63637946601719e-08	4.65198846005195e-07	7.17806878912061	down	270110
Ifi27l2b	179.330509894261	1.32403474570321	0.250577356048754	5.28393613286269	1.26437346411845e-07	8.48911277024575e-07	6.89812462743849	up	217845
Mapt	151.308956582633	-1.32401701444238	0.190076349503604	-6.96571150435145	3.26748120954535e-12	4.03324475455163e-11	11.4857869012575	down	17762
Sptb	89.5430519434387	-1.32386775002269	0.419943354334658	-3.15249124996913	0.00161883673252997	0.0050915823532424	2.79079694972519	down	20741
Lasp1	5285.05265449952	-1.32300613994187	0.172522667300883	-7.66859312251715	1.73893091376315e-14	2.80442660598184e-13	13.7597176718026	down	16796
Sccpdh	166.867087222724	1.32220447892495	0.352897512060751	3.74670955089458	0.000179169337433587	0.000693066444680826	3.74673631232351	up	109232
Ypel2	1532.26668510059	-1.3214000141723	0.286778753621894	-4.60773330479882	4.07082327183666e-06	2.13242037329942e-05	5.39031775139907	down	77864
Wnt2	217.232939609437	1.32134171027921	0.208277780735923	6.34413188776266	2.23683144278212e-10	2.22481540610602e-09	9.65036674108338	up	22413
Ugt2b36	16899.3309084889	-1.32113028484929	0.172140236608425	-7.67473259523009	1.65764081997525e-14	2.68456952308187e-13	13.7805095671522	down	231396
Ngef	781.615117118146	-1.32049707234136	0.145719242898742	-9.06192652441213	1.28166522993591e-19	3.64545726257693e-18	18.8922253974206	down	53972
Pak1	177.371840842545	1.32048099869775	0.288082711773631	4.58368706184409	4.56847805074164e-06	2.37181486506015e-05	5.34022845731557	up	18479
Tmem19	3712.33708939963	-1.32033324405615	0.218020630189574	-6.05600141100449	1.39546777990871e-09	1.24058760710629e-08	8.85528018652712	down	67226
She	298.292944369309	1.3202563728521	0.202038589531453	6.53467427145429	6.3748127287198e-11	6.7932149365926e-10	10.1955325688671	up	214547
Zbtb8a	97.6135602831086	-1.32020460071945	0.357096763751409	-3.69705002882218	0.000218119369637201	0.0008287503121022	3.66130576609012	down	73680
Snx10	1250.45932754282	1.32001607058306	0.214575365018139	6.1517596415202	7.6627949690671e-10	7.04991781769499e-09	9.1156127945652	up	71982
Abca2	2802.73869576697	-1.31965521278198	0.16933716346232	-7.79306317526465	6.54038992046917e-15	1.10185256612908e-13	14.1843963594341	down	11305
Gna15	41.6515483281583	1.31949095678956	0.41526574542173	3.17746159257496	0.00148570366685912	0.00471733262757126	2.82806780476228	up	14676
Got1	7793.51162873571	-1.3191126942953	0.187339392546983	-7.04129909017658	1.90455687389897e-12	2.42875146780123e-11	11.7202060539026	down	14718
AI480526	261.091004251127	-1.31903390678292	0.26083276811106	-5.05700996211214	4.25880999266144e-07	2.61754373503635e-06	6.37071173559646	down	100675
Vcpkmt	183.551942946682	1.31886086757004	0.178713924709241	7.37973199187341	1.58608483028316e-13	2.26234440680982e-12	12.7996735885577	up	207965
Cenpk	45.61859034469	1.31759385278973	0.516579121366856	2.55061383298537	0.0107533401078276	0.0273102502131798	1.96845661806555	up	60411
Dlc1	2640.90086455928	-1.31735120303761	0.178367060616706	-7.38561928689556	1.51745419806737e-13	2.17735454828504e-12	12.8188844085405	down	50768
Bcar3	2328.93267099577	-1.31715437629151	0.197261803190284	-6.67718917189938	2.43568470391382e-11	2.74117736169284e-10	10.6133789312333	down	29815
Zfp418	104.7505650163	1.31706858828246	0.263338807301637	5.00142231894386	5.69088969034027e-07	3.41063715770906e-06	6.24481983248003	up	232854
Ftl1-ps1	506.508964372654	1.31636501242017	0.302192294817763	4.35605088215107	1.32430004432064e-05	6.32615272970434e-05	4.87801360641453	up	634386
Metrnl	239.311825625779	1.31541659395863	0.262850197174114	5.00443449577207	5.6026258888755e-07	3.36402133196715e-06	6.25160837625123	up	210029
Tmprss6	17647.9232248995	-1.31530860528506	0.189038738413346	-6.95787866722351	3.45434509749411e-12	4.2529967517485e-11	11.461634277524	down	71753
Gm10037	52.8956737990402	-1.31520714019909	0.348269036061004	-3.77641134875026	0.000159104151455459	0.000620938293560259	3.79831848829386	down	NA
Pde3b	2503.07844735254	-1.31520711405395	0.17539578689758	-7.49851029672653	6.45471830849321e-14	9.74075672008976e-13	13.1901227061065	down	18576
Pid1	4499.55886836194	-1.31518732223646	0.127542901757763	-10.3117249498866	6.23716413464585e-25	3.08747641585451e-23	24.2050128270835	down	98496
Fgfr4	1856.88107200784	-1.31515510806314	0.235098737678393	-5.59405431543502	2.2182750799766e-08	1.67575931502665e-07	7.65398459961681	down	14186
Gm49405	37.7435116875319	-1.31449198982357	0.454604568157968	-2.89150633736441	0.00383399860021096	0.0109666484025048	2.41634805001841	down	134756354
Rassf1	252.61812922108	1.31411873593767	0.226936740165516	5.7906830554595	7.01007496800436e-09	5.7149027766254e-08	8.15427733752314	up	56289
Wwtr1	1003.56504477566	1.31400172503078	0.21001388935975	6.25673725217248	3.93114884597731e-10	3.7698307857639e-09	9.40548051207846	up	97064
Dubr	113.253222322861	1.31378684626943	0.381031535215415	3.44797405161408	0.000564808296173393	0.00196316760850449	3.24809893278511	up	68190
4933433G15Rik	25.6837791710941	1.3136907235295	0.469255370956065	2.79952197638778	0.00511783327279535	0.0141858352527634	2.29091386653098	up	71274
Etnppl	19282.8081987281	1.31364189212902	0.165165904543676	7.95346894238481	1.81360260506257e-15	3.28529931919895e-14	14.7414578690596	up	71760
Cep83os	124.00649422904	1.31269596577602	0.263749339133212	4.977058786536	6.45577196173985e-07	3.84035665416319e-06	6.19005181866813	up	67723
Insc	937.168693610892	-1.31269159469758	0.196835726724869	-6.66897019427991	2.57604557885648e-11	2.88733024833879e-10	10.5890464571233	down	233752
G6pc	19131.0846373087	-1.31255038677992	0.291737362895511	-4.49908223531186	6.8247455385608e-06	3.43215722357082e-05	5.16591353670612	down	NA
Zfp518b	115.593541051481	1.31244149702962	0.267924366131443	4.89855221449228	9.65453844178389e-07	5.58744626962798e-06	6.01526848387089	up	100515
Rbms1	2206.72319625096	1.31108669809492	0.299317098821669	4.38025994257031	1.18537817289896e-05	5.70926515691407e-05	4.92614307395613	up	56878
Stk32c	20.9621263857878	1.31096778576482	0.523356619890694	2.50492252498617	0.0122478218370788	0.0306012790054223	1.91194113972785	up	57740
Pacc1	183.285789192238	1.31072977156215	0.23961428322813	5.47016544215874	4.496156760699e-08	3.22330582963589e-07	7.34715855528603	up	66950
Gm47790	97.2730057969428	-1.31034588426926	0.43299536726544	-3.02623534414394	0.00247619487348067	0.00744676065652721	2.60621517986719	down	NA
Gm15638	114.982530367074	-1.31013799777682	0.284937404247585	-4.59798530570745	4.26596074058662e-06	2.22789133521991e-05	5.36998314565758	down	100503378
Pole2	43.3911057228513	1.30949453480161	0.310289899582883	4.22022932928833	2.44053922547551e-05	0.000111680188511779	4.61251420776953	up	18974
Zeb2	839.803189657011	1.30908266133836	0.221515546001917	5.90966496467493	3.42804229543736e-09	2.90028042359146e-08	8.4649538283586	up	24136
Ass1	158065.724481959	-1.30879075300646	0.225299408093952	-5.80911758303723	6.28029714419131e-09	5.15927482118379e-08	8.2020198076912	down	11898
Smim27	49.0969349629868	-1.30858505069726	0.370088517551144	-3.5358704435255	0.00040643396374423	0.00145497163150379	3.39101000729308	down	100504309
Snx30	768.413550711971	1.30763503375094	0.143956042228336	9.08357171751662	1.05069072170346e-19	3.03329843135259e-18	18.9785251028341	up	209131
Fam49a	25.109585489769	1.30723249665877	0.53396094750127	2.4481799704194	0.0143579918065938	0.035179729002134	1.84290629883354	up	NA
Hvcn1	23.4623209552573	1.30695342607445	0.407494058489077	3.20729443496779	0.00133989782028867	0.00428945510016271	2.87292831937907	up	74096
Nxt2	754.096962670104	-1.306841559676	0.20123381745245	-6.49414485209376	8.35063728140609e-11	8.73437650683084e-10	10.0782803799371	down	237082
Casp12	127.995739182266	1.30653437995551	0.340830166814733	3.83338831819342	0.000126390196760904	0.000503253778363393	3.89828661005484	up	12364
Blnk	68.4967242788453	1.30601532356369	0.345515457356315	3.77990418592722	0.000156888720454655	0.000613162005495199	3.8044082789777	up	17060
Trmt10a	307.559631736646	1.30597663365228	0.246845354344824	5.29066725650398	1.2187091249018e-07	8.21689877769925e-07	6.91409993714144	up	108943
Acaa2	28549.886724645	-1.30479890796467	0.143459558423467	-9.0952385627254	9.43790442067709e-20	2.73699228199636e-18	19.0251244251476	down	52538
Rarres1	1295.96166809335	-1.30449518385473	0.243628515746557	-5.35444375161639	8.58200114825889e-08	5.92099656434515e-07	7.06641143169539	down	109222
Ddit4l	108.802874167593	1.30433690909654	0.37548512631866	3.47373788646318	0.000513262160480287	0.00179893996399862	3.28966075229946	up	73284
Fcgrt	2176.71126840933	-1.30391460753281	0.148207120541115	-8.79792146809224	1.39373514588122e-18	3.54060210673994e-17	17.855819748197	down	14132
Itga6	250.618793455798	1.30309445594317	0.360193919959773	3.61775805679535	0.000297165985810247	0.00109873813801116	3.52700090224763	up	16403
Arntl	1385.62975026595	-1.30225564277846	0.1968410611798	-6.6157723138311	3.69616896192808e-11	4.04854547957264e-10	10.4322481842171	down	NA
Tbc1d19	184.005592166448	1.30200669295631	0.283837491940061	4.58715543199367	4.49326159575955e-06	2.33780722204663e-05	5.34743829623278	up	67249
Calhm2	83.9621737948684	1.30115419542774	0.275781010384484	4.71807030373018	2.38092222327031e-06	1.29584619364876e-05	5.623254791305	up	72691
Phf11d	170.064455548383	1.30108678996867	0.203450983590751	6.39508724413865	1.60455713470191e-10	1.6236128316248e-09	9.79464481403499	up	219132
Bcl2	95.8628546600727	1.3008527712312	0.31522271748116	4.12677354483166	3.67888341196127e-05	0.000163415407106635	4.4342839752415	up	12043
Bbox1	3707.99996401265	-1.30038952182376	0.135525854366802	-9.59513981962611	8.38033992747659e-22	3.00506193004635e-20	21.0767383649457	down	170442
Hexim1	1894.55070134673	-1.30000324181765	0.228270839033313	-5.69500356384956	1.2336934413636e-08	9.68052196695093e-08	7.90879274408257	down	192231
Klhl6	197.8730551537	1.29993583452394	0.207475780510633	6.26548231954871	3.71673173365769e-10	3.58205136453015e-09	9.42983878428944	up	239743
Unc93b1	2945.08840790256	1.29978149809866	0.174493308200352	7.44889022681753	9.41286488583418e-14	1.39536655247315e-12	13.026278175218	up	54445
2610020C07Rik	805.089254830342	-1.29911374975163	0.155497753357662	-8.35454996422702	6.56826423652218e-17	1.39293497949858e-15	16.1825493841841	down	69918
Slc27a2	36222.0743534627	-1.29902676800584	0.134521886641345	-9.6566202009137	4.60816467582664e-22	1.69990074708271e-20	21.3364720095056	down	26458
Rnf169	1804.67423699165	-1.29860036008222	0.140177272303275	-9.26398651325361	1.96938689323995e-20	6.00039778737794e-19	19.7056689567448	down	108937
N4bp2	914.285826174272	-1.29845005059666	0.228069059339134	-5.69323192878123	1.24656870514094e-08	9.77358590643073e-08	7.90428378018364	down	333789
1300017J02Rik	19766.9457233826	-1.29836229492684	0.171009561402834	-7.59233743584895	3.14185533021054e-14	4.9146682565828e-13	13.5028138163482	down	NA
Adgrl4	621.485741099324	1.29790502269076	0.203450385099186	6.37946702365789	1.77705343661951e-10	1.78595725342094e-09	9.7502995126111	up	170757
Snx32	260.818775027165	-1.29778929553988	0.186972696001578	-6.94106317817078	3.89159910827052e-12	4.76090422038482e-11	11.4098719047946	down	225861
Tent5c	213.105782395784	-1.29725722164925	0.250152615507657	-5.18586311406983	2.1501670224951e-07	1.39406115101568e-06	6.66752780327946	down	74645
Colec12	1641.65336861301	-1.29720740345162	0.221716246341879	-5.85075484929225	4.89347037383193e-09	4.06859522964195e-08	8.31038303665345	down	140792
Eif5a2	18.0514367370745	1.29661927262258	0.514894800928285	2.51822172273823	0.0117949045632177	0.0296234097129672	1.92830556879582	up	208691
Syne1	1366.70153503135	-1.29651770440229	0.200107214789781	-6.47911523712087	9.22620208455829e-11	9.6032295859597e-10	10.0349770371278	down	64009
Nat1	36.8777985205615	-1.29599149805575	0.48794978045736	-2.65599360827872	0.00790751131453634	0.020795232894673	2.10196017799748	down	17960
Rps6kl1	94.9443198838158	-1.29473656239545	0.296012595675425	-4.37392388469548	1.22032943101798e-05	5.86294000091872e-05	4.91352291460355	down	238323
Slc36a1	1435.01373960065	-1.29401563157295	0.12324258036627	-10.4997447126408	8.66140468378973e-26	4.7114126720637e-24	25.062411669536	down	215335
Ifit1	180.424958516853	-1.29334172988016	0.379479248451788	-3.40820146333898	0.000653925956932288	0.0022441629347154	3.18447142341301	down	15957
Gyg	437.94732591013	1.29308715039512	0.23503812832295	5.50160588676223	3.76347478513214e-08	2.75969042126826e-07	7.42441098934531	up	NA
Hyou1	9494.38888899709	-1.29209350258243	0.223430121653122	-5.78298706111087	7.33857096100899e-09	5.96251149473372e-08	8.13438850196013	down	12282
Cdc25a	353.65046370045	1.29140199100286	0.199490154692019	6.4735124046426	9.57505491306285e-11	9.92876991954433e-10	10.0188587266678	up	12530
Bin2	286.088951313405	1.2912348677657	0.277088904791714	4.66000206228507	3.16206215656421e-06	1.68619963685407e-05	5.50002959740585	up	668218
Xlr3a	317.022114254418	-1.29106122829491	0.42412722221575	-3.04404235490962	0.00233422274704901	0.00705063423014521	2.63185770304711	down	22445
Gm8730	60.7692266882691	1.29101846344215	0.32978249297414	3.91475742632397	9.04951416650411e-05	0.000372504157311251	4.04337473576386	up	667618
Spats2l	87.0057733183007	1.29044114234134	0.25721209897089	5.01703126526482	5.24760306763735e-07	3.17960492984345e-06	6.28003902272811	up	67198
Adgrg3	555.711732721963	1.29026255760942	0.150938262931401	8.54828015475322	1.24936163186109e-17	2.88116258480444e-16	16.9033118354533	up	54672
Akt3	241.299062781482	1.28948457336903	0.179857276496253	7.16948793225996	7.52788040557193e-13	1.00177515611398e-11	12.1233272891043	up	23797
Sgcb	130.828334378623	1.28899521069254	0.313885865720152	4.10657296637167	4.01572647276581e-05	0.000177030286079621	4.39623587639442	up	24051
Tctn3	100.299351150709	1.28870878164483	0.262988581834068	4.90024613486048	9.57166650390252e-07	5.54155171975788e-06	6.01901244148756	up	67590
Il33	102.172650252676	1.2884797009395	0.276290642035865	4.66349381739916	3.10885529749494e-06	1.66105715497468e-05	5.50739949183972	up	77125
Mfsd4b3-ps	540.721609518018	-1.28835451337077	0.229097270834457	-5.62361353619841	1.87003757845921e-08	1.42611657864596e-07	7.72814966621564	down	100041085
Gckr	9536.68470408419	-1.28712317204647	0.254796006946917	-5.05158297992723	4.38163507200825e-07	2.68874330613738e-06	6.35836379583345	down	231103
Dnajc10	1764.7232456393	1.28703936925364	0.234083708001869	5.49820139231289	3.83684587229974e-08	2.80388250918421e-07	7.41602564624191	up	66861
Lama3	203.587866314513	-1.28692037590427	0.390155164007336	-3.29848351278026	0.000972085884937688	0.00321292238248543	3.01229536294744	down	16774
Ccrl2	67.663009298096	1.28680895972159	0.43511327075478	2.95741142872842	0.00310233862832755	0.00908710566277385	2.50831079956318	up	54199
Slc38a3	36320.1860264438	-1.28519540025212	0.234507707870391	-5.4803972625174	4.2437188402641e-08	3.06400637375799e-07	7.37225339719452	down	76257
Gpi-ps	29.7413683706432	1.28485605663131	0.484941442933442	2.64950763716776	0.00806091503299023	0.0211468377873041	2.0936156565544	up	669429
S1pr1	2371.33467397454	-1.28457931737707	0.267699079195476	-4.79859445627402	1.59782950668616e-06	8.93114803505042e-06	5.7964695631044	down	13609
Ugt3a2	9193.42706017981	-1.28447977599164	0.256558000167183	-5.00658632806081	5.54038193501135e-07	3.33186575889024e-06	6.25646029546103	down	105887
Tox2	45.0389384819912	1.28443424000559	0.373830030847432	3.43587762891579	0.000590637688355047	0.00204519318952792	3.22867884432928	up	269389
Dck	347.184305703378	1.28417912102351	0.172804533505932	7.43139716863633	1.07456523952796e-13	1.5843666349426e-12	12.9687672122741	up	13178
1810021B22Rik	17.6873717471186	-1.28363313337139	0.511645099323989	-2.50883500119007	0.0121130049852578	0.0303116340475795	1.91674810403907	down	69120
Ampd2	1688.33030241089	-1.28298690084282	0.191824730717751	-6.68832895551194	2.25733275090717e-11	2.55539091425446e-10	10.6464044173373	down	109674
Cd207	46.3090542141495	-1.28293318180439	0.490195730230904	-2.61718554994364	0.00886581330377291	0.0230298261132404	2.05228141831019	down	246278
Gbp5	131.385363167901	1.28289375443277	0.338318811309031	3.79196696000725	0.00014945880209911	0.00058626577576298	3.82547850290302	up	229898
Tpm4	253.204252176732	1.28275287554709	0.217672279125054	5.89304655927335	3.79139522319255e-09	3.19505936182914e-08	8.42120094142292	up	326618
Fam210a	605.782635946288	-1.28265157370374	0.124386676740042	-10.3118083650098	6.2317519947895e-25	3.08747641585451e-23	24.2053898386214	down	108654
Trabd2b	39.6373672490404	1.28242548388244	0.343763499453346	3.73054581397314	0.000191065394313527	0.000735242852298415	3.71881796506233	up	666048
Plxnc1	1042.2487340284	1.28228706055997	0.151362007272887	8.47165734429097	2.41925911939137e-17	5.40585432245607e-16	16.6163176132028	up	54712
Tpd52	1231.78816815927	1.28118822318642	0.189294329443998	6.76823350678051	1.30364239235529e-11	1.51921543777759e-10	10.8848415254187	up	21985
Eno3	219.011904506163	-1.28051527349328	0.427987878611633	-2.99194285045454	0.00277208151941328	0.00822483848040403	2.55719400244739	down	13808
Jrk	65.385833882258	1.2794114064651	0.424906237609855	3.01104406859718	0.00260351064307351	0.00779191808253395	2.58444064260183	up	16469
Kif13b	2494.53891426039	-1.27928703863388	0.184275402887688	-6.94225609379665	3.85886840005134e-12	4.72686831497383e-11	11.4135400320288	down	16554
Pdp2	1077.22643332259	-1.27918453393591	0.172336646263423	-7.42259154782803	1.14850550005814e-13	1.68215711017141e-12	12.9398669206786	down	382051
5730414N17Rik	142.467515161963	-1.27911025471592	0.296556803348716	-4.31320489117843	1.60904871435228e-05	7.59780334565166e-05	4.79343080732787	down	70524
Zfp395	2085.14801648348	-1.27870035081107	0.247960622487358	-5.15686861076608	2.51113875897649e-07	1.60967003804432e-06	6.60012928864399	down	380912
Soat2	1967.31080690842	-1.27758584584309	0.194533180790835	-6.56744438480533	5.11861196781631e-11	5.49715516186675e-10	10.290847792236	down	223920
Dact1	58.3465672006866	1.27741002670998	0.483990449148503	2.63932899700264	0.00830703205008078	0.0217278197713061	2.08055411394233	up	59036
Scp2	12056.9568206589	-1.27731985506242	0.182729250815036	-6.99023199277142	2.74432065492849e-12	3.4314700345002e-11	11.5615651456876	down	20280
Pilrb2	64.2162849078392	1.2768312663487	0.302602023261409	4.21950670582821	2.44837441010841e-05	0.000112009152959964	4.61112216830322	up	545812
Nuak2	453.57763991626	-1.27582526124125	0.286026578638719	-4.46051296111452	8.1763713551401e-06	4.05053271969585e-05	5.08743939193714	down	74137
Gm20683	36.8745841896322	-1.27579609879603	0.432458023014058	-2.95010389656838	0.00317667085298736	0.00927520454057993	2.49802778175349	down	NA
Pex14	338.462739607609	-1.27543680946068	0.277161535946326	-4.60178143083921	4.18892660422622e-06	2.19071077379088e-05	5.37789724901066	down	56273
Gm30097	22.5193005177433	-1.2752624566706	0.506407176984576	-2.51825510109119	0.0117937867728251	0.0296234097129672	1.92834672836613	down	102631873
Grb10	312.156996861694	1.27513278439267	0.163504909768404	7.7987430848335	6.25268139641671e-15	1.05522903566521e-13	14.203933700106	up	14783
Hnf1aos1	2070.77545972952	-1.27432972720512	0.348912573693825	-3.65228949393883	0.000259912637266721	0.000971632254554062	3.58517260406275	down	102638537
Ropn1l	379.371715222323	-1.27429139304217	0.337955800066454	-3.77058595470651	0.00016286469404614	0.000634457323194917	3.78817305223409	down	252967
Chpt1	4369.30985816851	-1.27420781529343	0.0898144578567721	-14.1871124727538	1.10099640997708e-45	2.4091803261953e-43	44.9582140971315	down	212862
Klrk1	60.1735398000039	1.27369992778074	0.466219911964642	2.7319723913408	0.00629564163487513	0.0170432834698658	2.20096000117405	up	27007
Tppp	294.820508972715	-1.27318085819841	0.431717462541206	-2.94910669284519	0.0031869393262648	0.00930095539050545	2.49662620465279	down	72948
4933402D24Rik	19.0476083667903	-1.27225012203529	0.551057530217362	-2.30874283041457	0.0209578561146029	0.0488754362774365	1.67865314560141	down	74426
Cd80	62.1534577396545	1.27186880841966	0.304457264985094	4.17749534891843	2.94736688935788e-05	0.000133132762893444	4.53056579964178	up	12519
Lrrc4c	36.7379537400638	-1.27061415598484	0.423184623379955	-3.00250549236998	0.00267767141555888	0.00797051179131268	2.57224271752751	down	241568
Psph	572.47706438788	1.26975162468043	0.199989294611232	6.34909797121267	2.16581077718104e-10	2.15751952019648e-09	9.6643794895463	up	100678
Vat1	2082.21545373335	1.26931547307137	0.212889379193686	5.96232408530137	2.48675309757835e-09	2.13962992166974e-08	8.60436733241495	up	26949
Gm49417	165.273914832128	-1.26925002040809	0.404483848034974	-3.13794982562157	0.00170133997402887	0.00532043220302688	2.76920889385856	down	NA
Mbl2	10126.1816919058	-1.2690335356467	0.241242832150563	-5.26039892805882	1.43743199349514e-07	9.56103297642222e-07	6.84241269310682	down	17195
Ccdc122	214.724122126635	1.26884288980832	0.306904316298355	4.13432728842701	3.55995851141699e-05	0.000158278829590962	4.44855506336635	up	108811
Fam171a1	413.033919542693	1.26781295745956	0.141423745031474	8.9646399703063	3.11296152536918e-19	8.46655185487415e-18	18.5068262469446	up	269233
Gm17501	44.6596570891111	1.26769074291537	0.457405104432731	2.77148359436773	0.00558014841384869	0.015302098811887	2.25335425008422	up	100216343
Cgref1	59.9561721674396	1.26725143475547	0.466254690982598	2.71793819829422	0.00656901067804398	0.0176585361616852	2.18250003217824	up	68567
Itk	30.1157516377247	1.26720117983544	0.496793403032976	2.5507608838987	0.0107488043846891	0.0273023317809751	1.9686398406795	up	16428
Cttnbp2nl	167.412948655304	1.2665676047616	0.33666291649134	3.76212390114603	0.000168476544005221	0.000654729431153287	3.77346055484126	up	80281
Baz1a	827.625980255077	1.26619340567063	0.217993455209382	5.80840101118843	6.30723024758965e-09	5.17919085917212e-08	8.20016131464923	up	217578
F9	4465.4945812916	-1.26557235960138	0.260814020420385	-4.85239389186786	1.21980050046781e-06	6.95748768868722e-06	5.91371119279307	down	14071
Trim35	379.95179402281	1.26521541075034	0.203053305459279	6.23095205413473	4.6360899253354e-10	4.41069899220645e-09	9.33384814870107	up	66854
Zc2hc1c	121.453363038698	-1.26432060603283	0.373265966140288	-3.38718426195239	0.000706139442478494	0.00240364523676257	3.15110952965753	down	72350
Cyp8b1	12471.1236441269	-1.26365705768792	0.223843386753139	-5.64527313501344	1.64919211492147e-08	1.26976582826581e-07	7.78272875030427	down	13124
Txnrd2	1146.62644613534	-1.26315597197057	0.211874470339407	-5.96181300157161	2.49454529072998e-09	2.14537579804808e-08	8.6030086066434	down	26462
Gm46516	40.7262744776723	-1.26295883952707	0.518201872234974	-2.43719466716707	0.0148017086161074	0.0360986036674958	1.82968814948902	down	108168241
Acot4	575.954135530404	1.26228120413077	0.207675767016944	6.07813430648257	1.21588899073841e-09	1.08949085182219e-08	8.91510607383834	up	171282
Klf15	6258.90680660318	-1.26162568435411	0.180652402630405	-6.98371937479992	2.87465997271091e-12	3.57586902031791e-11	11.5414135181774	down	66277
Pctp	3798.6058230461	-1.26085770871437	0.129368311563092	-9.74626393032462	1.91382254650199e-22	7.40011384647437e-21	21.7180983333553	down	18559
Glud1	37352.3263417478	-1.26078565902602	0.170212080498186	-7.407145575895	1.29046783208296e-13	1.8782500812237e-12	12.8892528167869	down	14661
Parp8	128.442577625949	1.2604984122795	0.277671731200151	4.53952732902044	5.63804728831008e-06	2.87212271385447e-05	5.24887128586669	up	52552
Gm4366	42.2268731510267	1.26017761093756	0.444132132128574	2.8373934686913	0.00454835222773669	0.0127672114427548	2.34214591059838	up	100043330
Plekhh3	334.788842827013	-1.26005026715327	0.244486103301843	-5.1538727565125	2.55161114188829e-07	1.63181083188977e-06	6.59318551012322	down	217198
Arrdc3	1660.709444857	-1.25998331408045	0.252143104063956	-4.99709606875013	5.82000784671121e-07	3.48260009621725e-06	6.23507642982072	down	105171
Nckap5l	90.3248900732799	1.25994044234351	0.273074242201139	4.61391170469852	3.95160349362095e-06	2.07504981928457e-05	5.40322663927963	up	380969
Tcf4	917.278626461171	1.25961152018476	0.259600732919203	4.852110801154	1.22154340845365e-06	6.96536567165635e-06	5.91309109543887	up	21413
Pex11a	4953.27989933613	1.25945707870265	0.313494997137007	4.01747106079728	5.88260568830418e-05	0.000251053756945889	4.23043026144306	up	18631
Ank	121.512772568265	-1.25936023353672	0.236582398212501	-5.32313579983894	1.01993544134916e-07	6.93988581576658e-07	6.99142731681959	down	11732
Tmem219	681.028830982584	-1.25909152335472	0.205009220458445	-6.14163363257089	8.16770699068896e-10	7.48227239832097e-09	9.0878998505746	down	68742
Rnf122	50.5059928174198	1.25898775886713	0.436949108306028	2.88131440237514	0.00396020390269614	0.0112940886182341	2.40228245257549	up	68867
Tulp3	145.290314563352	1.25887124324031	0.303946637530611	4.14175084635877	3.44664641566651e-05	0.000153702231079375	4.46260326768034	up	22158
Zscan2	115.473373390872	-1.25822434266441	0.222650682769799	-5.65111378510933	1.5941151955707e-08	1.22883435572095e-07	7.79748029837715	down	22691
E330020D12Rik	17.0293410806512	1.25821315600378	0.473112117378971	2.65943971795575	0.00782707353497259	0.0206152548200564	2.10640058598556	up	626058
Cyp2c37	8975.43644883755	-1.25804354328336	0.25327576630831	-4.96709006795368	6.79650268977964e-07	4.03059611316282e-06	6.16771450688899	down	13096
Kctd21	345.594476122483	-1.25762719807588	0.251325173813934	-5.00398419701066	5.61573627707006e-07	3.36979176538676e-06	6.2505932954834	down	622320
Rasgrp1	85.7435026342718	1.25758823269632	0.251408712341566	5.00216647618701	5.66896028739499e-07	3.39961069118897e-06	6.24649658534906	up	19419
Smc4	439.794683161237	1.25673318794527	0.306647776456951	4.09829545306256	4.16203808538405e-05	0.000182977637835971	4.38069395002625	up	70099
Dcn	6819.97377947778	1.25586097289885	0.191603473471269	6.55447915503038	5.58364136001464e-11	5.9765757658945e-10	10.2530824844337	up	13179
Adam10	1738.86453005159	1.25586046926138	0.1712984842255	7.33141612396376	2.27733337241072e-13	3.1915816171136e-12	12.6425733895865	up	11487
Cebpd	396.845085369742	1.25582580254389	0.268860530625616	4.67091915507899	2.99854945220799e-06	1.6061215090881e-05	5.52308878436365	up	12609
Bphl	5456.16033590107	-1.25573235607432	0.22615957745511	-5.55241732499067	2.81745979422385e-08	2.1012008442128e-07	7.55014227271622	down	68021
Acaa1b	53030.1987389186	-1.25517766580151	0.232830991850906	-5.39093896316548	7.00904803368858e-08	4.89895567828338e-07	7.15434096374389	down	235674
Selenok	4965.36013782039	1.25500703190039	0.170141236436082	7.37626608451193	1.62790510072456e-13	2.32027687783509e-12	12.7883709160518	up	80795
Alb	2218725.48639639	-1.25424495677276	0.201582442147173	-6.22199504784773	4.90872534395325e-10	4.65627661197852e-09	9.3090312671347	down	11657
Arpc1b	2280.764838775	1.25412324828653	0.171278704610501	7.32212011492315	2.4408352004599e-13	3.40831926178795e-12	12.6124615421506	up	11867
Kcnn1	156.216579485581	-1.25406760916649	0.379721409494246	-3.30259916299372	0.000957932112674365	0.00317049514638322	3.01866526768096	down	84036
Faah	6709.88026637098	-1.25394990131934	0.270952934171444	-4.62792516033768	3.69347431856658e-06	1.95013823631253e-05	5.4325649163651	down	14073
Tspyl3	29.5277117140363	1.25342546875319	0.506307737264179	2.47561981874115	0.0133005124177542	0.0328942547028353	1.87613162700914	up	241732
Hebp1	7013.18867755972	-1.2532143992639	0.192299109665505	-6.51700572843944	7.1724687962472e-11	7.57614147781328e-10	10.1443313324716	down	15199
Eif6	3318.04617261748	1.25255101030375	0.181152462539245	6.91434713470925	4.70022935931322e-12	5.70665930283326e-11	11.3278809490741	up	16418
Plp2	131.204056499661	1.2520028795992	0.318133479855165	3.93546407051906	8.30360867950039e-05	0.000344822705914297	4.08073312581764	up	18824
Gm14325	415.168120323273	1.25167658725223	0.282237070338834	4.43484119839239	9.21401826456018e-06	4.51923422573538e-05	5.03555093119883	up	329575
Nemp2	61.4932657686491	1.25166760271355	0.491897621980771	2.54456933065328	0.0109412589170781	0.0276998266772622	1.96093270457621	up	227094
Klb	758.186653604267	-1.25150844620656	0.298428945899359	-4.19365635741183	2.7449371789228e-05	0.000124602806028613	4.56146759043406	down	83379
Ocln	726.200575155029	-1.25042342656834	0.246136672939746	-5.08019959656497	3.77038513258221e-07	2.33674078252343e-06	6.42361428575909	down	18260
Elovl6	2904.55435385191	-1.25023476349578	0.312085137261116	-4.00606954393259	6.17374788411413e-05	0.000262605896303295	4.20945110967311	down	170439
Ifnar2	1045.06267987112	-1.25013902885695	0.169076590699357	-7.39392143930726	1.42560660480969e-13	2.06247038183436e-12	12.846000301224	down	15976
Tmem38a	152.782971676342	-1.24986117822351	0.300016208211846	-4.16597885051918	3.10019444450375e-05	0.000139382078504236	4.5086110663184	down	74166
Vstm4	128.80415222464	1.24973376693646	0.274769699201879	4.548295429105	5.4082179618138e-06	2.76675465124034e-05	5.26694581379248	up	320736
Cdc42se1	1008.89734970541	1.24916616071092	0.199075002307751	6.27485192128655	3.4996720279287e-10	3.38622568762956e-09	9.45597265368824	up	57912
Map3k21	367.795207496975	-1.24905033154308	0.163580312107788	-7.63570087040817	2.24595236609062e-14	3.55658377972376e-13	13.648599458833	down	234878
Ccdc149	136.378205487296	-1.24834252837728	0.289240123888882	-4.31593829926879	1.58926370027261e-05	7.50990473925136e-05	4.79880403603899	down	100503884
Prr7	26.6764203381892	1.24785515485019	0.404385313542405	3.08580730570803	0.00203000332208871	0.00622349052223217	2.69250325136579	up	432763
Foxa2	1307.84184835138	-1.24778146089459	0.257039067723198	-4.8544428360529	1.20725687166179e-06	6.89206591186465e-06	5.91820031393233	down	15376
Scrn2	1364.58672013908	-1.24728216128139	0.254922844473479	-4.89278300600147	9.94200035321332e-07	5.73870380100347e-06	6.00252622576767	down	217140
Gm25047	17.0808151332951	-1.24680928137474	0.466851093008791	-2.67067872400003	0.00756980610457085	0.0199950872907567	2.12091524451491	down	115489189
Mertk	1991.76194523541	1.24642050866613	0.162466318004694	7.67187023115844	1.69506400007255e-14	2.74056695091495e-13	13.7708138996122	up	17289
Gcnt2	260.61934575919	-1.24641721243354	0.164917706461499	-7.55781316134491	4.09902256949098e-14	6.31542007958067e-13	13.3873196904226	down	14538
Rtn4	3650.05698207431	1.2462226543877	0.235622303046815	5.28906915123433	1.22940409004703e-07	8.27741439089006e-07	6.91030534637874	up	68585
mt-Tp	5571.5163995689	1.24601010648971	0.254516772162329	4.89559134317094	9.80105526846741e-07	5.66413926319353e-06	6.00872716179738	up	17739
Erc2	448.646884204846	-1.24576849434551	0.221240528806475	-5.63083310759584	1.79341204016508e-08	1.3720279000961e-07	7.74631991890868	down	238988
Arrb1	923.931348837502	1.24566995784084	0.14390304542111	8.65631407727039	4.87264824855313e-18	1.17578589817217e-16	17.3122349387575	up	109689
Clmn	3305.19881214683	-1.24539761780172	0.122130655511859	-10.1972564757158	2.03952395793587e-24	9.48624959758769e-23	23.6904711887346	down	94040
Cdr2l	299.924586683534	1.24533475815453	0.211360021340384	5.89200715564362	3.81532651145477e-09	3.21382009206357e-08	8.41846828967364	up	237988
Ier5	480.556619542769	1.2447096200126	0.204880513019046	6.07529531076922	1.2375975253719e-09	1.10739674482162e-08	8.90742056769783	up	15939
Ikbip	202.105036733997	1.24459470102346	0.270681030509356	4.59801227548687	4.2654086899774e-06	2.22789133521991e-05	5.37003935059293	up	67454
Mfhas1	1017.55345805681	-1.24452949023931	0.20731826103064	-6.0029902047817	1.93716309359186e-09	1.68711047174151e-08	8.71283381363029	down	52065
Tipin	337.526549424736	1.24449692866478	0.179837447303945	6.92012118344542	4.51257454941124e-12	5.48920628701597e-11	11.3455756103205	up	66131
Kank1	2381.60789674076	-1.24446387086633	0.235594942721073	-5.28221810066473	1.2762912901134e-07	8.56315856530443e-07	6.89405019454003	down	107351
Hdac6	759.790822801341	-1.24417079419203	0.159481547741984	-7.80134637396983	6.1250139577321e-15	1.03549840886821e-13	14.2128929172885	down	15185
Rapgef5	491.784229958181	1.2440299509112	0.219108125551457	5.67769884288952	1.3651878948071e-08	1.06472491301764e-07	7.86480757128835	up	217944
Ank2	195.541712755487	-1.24350424286304	0.270774115304937	-4.59240441599321	4.38168214505369e-06	2.28469188695245e-05	5.35835913011991	down	109676
Slc35e3	768.876181316663	-1.24300155922637	0.181612496176246	-6.8442512789434	7.68768776701615e-12	9.12664091502238e-11	11.114204263713	down	215436
Trmt61a	357.680049764551	1.24289064042932	0.274049412354309	4.53527934890236	5.7527292798244e-06	2.9266725234425e-05	5.24012606314551	up	328162
Gm12319	77.6584026824089	-1.24282393004226	0.417021888085834	-2.98023668672868	0.00288025741795716	0.00851039386837243	2.54056869619826	down	NA
Mybl2	64.352794731255	1.24275982921566	0.446464551014862	2.7835576786348	0.00537663017455077	0.0148136200659822	2.26948983495222	up	17865
Ralgps1	408.381638663891	-1.24226420190807	0.241481685417477	-5.1443412768982	2.68461116513199e-07	1.71005202103148e-06	6.5711186079407	down	241308
Mfsd10	299.683652144436	1.24172638605214	0.217645950770809	5.70525838709371	1.16166731204597e-08	9.16389420760226e-08	7.93491823100765	up	68294
Sephs2	18533.2818748209	-1.24146454871125	0.128304908063293	-9.6758928980241	3.81744583942602e-22	1.43852714450073e-20	21.4182271158446	down	20768
Pex11g	831.138084369777	-1.24080661892041	0.142918446990229	-8.68192066910188	3.89140816669477e-18	9.50925833221757e-17	17.4098932140057	down	69129
Caprin2	142.42273097597	1.23983324240033	0.239472654554689	5.17734788845039	2.25062308243087e-07	1.45478341978143e-06	6.64769723131076	up	232560
Alox12	76.1994285991527	1.23920410301325	0.34874276937207	3.55334708514388	0.000380362257633978	0.00137158345187264	3.41980258351828	up	11684
Gm40040	52.4956051101449	-1.23862650124441	0.343255045273663	-3.60847282013555	0.000308004775383269	0.00113510812531679	3.51144255003681	down	105244431
Dyrk2	1428.18389583489	-1.23830065325844	0.168480452547551	-7.34981794347302	1.98477001953522e-13	2.79785735696707e-12	12.7022898088168	down	69181
Slc25a42	3623.80440143351	-1.23736407203634	0.129039598966565	-9.58902601950078	8.89204252508619e-22	3.17671931100296e-20	21.0509984690088	down	73095
Rpp38	130.575614890347	1.23716045953149	0.320904202141624	3.85523296758047	0.000115619472706001	0.000463344134532102	3.93696901559917	up	227522
Tob1	3592.17539509547	-1.23706038606547	0.167240133178371	-7.3969110317921	1.39388870170408e-13	2.02113861747091e-12	12.8557719021099	down	22057
Agtrap	318.447509557352	1.23705769999582	0.183906147624977	6.72657067733506	1.73708292288181e-11	1.99221374407457e-10	10.7601794492038	up	11610
Gdf6	82.2940265373382	1.23651175994166	0.402019633943695	3.07574967872051	0.00209974045342338	0.00641583658697567	2.67783438460528	up	242316
Ybx3	1925.21219583096	1.23622506222911	0.125844224346732	9.82345489947163	8.92318391535728e-23	3.53549031839752e-21	22.049480155697	up	56449
Pecam1	1147.46936518685	1.23574256391155	0.182651413349226	6.76557898596074	1.32777133123851e-11	1.54580198031008e-10	10.8768767127183	up	18613
Gltpd2	2721.12987223732	-1.23556166538922	0.205945745402445	-5.9994522488181	1.97984238349027e-09	1.72194421574023e-08	8.70336938282186	down	216871
Stxbp1	235.129327610481	1.23547453633371	0.251329793115474	4.91575042106557	8.84430143873231e-07	5.15922049391789e-06	6.0533364638605	up	20910
Hdhd3	928.284303562185	-1.2352991394866	0.349170780055289	-3.53780788670518	0.000403463496559588	0.00144568163188527	3.39419575204447	down	72748
Cacna2d1	96.930421560097	1.23522450255598	0.476685830639361	2.59127589527723	0.00956207979971315	0.0245995201901505	2.01944763624884	up	12293
Aplp1	27.1967605211318	1.23517965410762	0.48140143288388	2.56579970422638	0.0102938250383168	0.0262505489256824	1.9874232176226	up	11803
Rara	917.139861564924	-1.23444426393561	0.169638655217987	-7.27690432554619	3.41567313496289e-13	4.70137254373448e-12	12.4665236960843	down	19401
Mad2l2	742.205565902133	-1.23444087364003	0.188756662907352	-6.53985324081478	6.15792308383898e-11	6.56572352726487e-10	10.2105657399981	down	71890
Magi1	1863.45095907135	-1.23442381942723	0.18305319946406	-6.74352495909031	1.54589405592821e-11	1.78677886800442e-10	10.810820272709	down	14924
Taf1d	658.134831728987	1.23426714591667	0.231097289242031	5.34089841540289	9.24870746753841e-08	6.33332542656187e-07	7.03391895687592	up	75316
Atp7b	1244.34867489973	-1.23393963071545	0.186939672953915	-6.60073707853145	4.09118562093907e-11	4.45587501791871e-10	10.3881508157055	down	11979
Adgra2	456.195745234081	1.23388985827795	0.159975341137503	7.71300032557766	1.22893774252439e-14	2.01742755072887e-13	13.9104701177344	up	78560
Mmab	1158.57005061606	-1.23379694050154	0.309750616852923	-3.98319445829345	6.79950739715391e-05	0.000287382165143977	4.16752254941833	down	77697
Tecr	6969.48762615085	-1.23360167827005	0.225040142398511	-5.48169613261943	4.21267346921948e-08	3.04730429463901e-07	7.37544220239985	down	106529
Tbccd1	1032.74283573424	-1.23357826560397	0.178723667037357	-6.90215395673437	5.1219879111771e-12	6.18363631458472e-11	11.2905614508803	down	70573
Zfp940	66.3761393895957	-1.23345612301522	0.377874314322574	-3.26419678783004	0.00109774891161419	0.00358701052809142	2.95949698481359	down	233057
Dnpep	1498.82736794422	-1.23295301516882	0.147207868582761	-8.37559178757928	5.49470585485597e-17	1.18219056917438e-15	16.260055551472	down	13437
Aox3	27749.8555117331	-1.23292288643895	0.203088755010743	-6.07085747496818	1.27229067733326e-09	1.1358010794033e-08	8.89541365508704	down	71724
Snhg1	255.905768568892	1.23291497734261	0.241668852300763	5.10167100809589	3.36667621494035e-07	2.1027803177065e-06	6.47279864922711	up	83673
BC024139	270.712229512428	-1.23280785264039	0.251900124568833	-4.89403431121971	9.87896039224929e-07	5.70573669205616e-06	6.00528875578334	down	271278
Svip	429.964840019626	-1.23262107702138	0.248075367790508	-4.96873626752935	6.73906528772558e-07	3.99776466976105e-06	6.17140033618482	down	75744
Kit	510.918129118509	1.23226473927423	0.226696820486866	5.43573896020135	5.45697969032498e-08	3.87176127180905e-07	7.26304766256214	up	16590
Espn	68.8809012257667	1.23212843237253	0.442011805875485	2.78754643200553	0.00531088429343645	0.0146513449791422	2.2748331603149	up	56226
Pdgfrb	790.450778846334	1.23145100041494	0.155187568929667	7.93524255137376	2.1008434689767e-15	3.78073288211359e-14	14.6776063050868	up	18596
Nfyb	1303.49809187782	-1.23142397856953	0.168933931364637	-7.28938211892759	3.11379741952114e-13	4.30432757432155e-12	12.5067096456041	down	18045
Rpl3-ps2	12.8414129117792	1.23089284440778	0.518458548697461	2.37413935501727	0.0175899103684729	0.0419976830818742	1.75473637353724	up	628388
Fkbp4	6632.07712089152	-1.23052186089078	0.270629554569196	-4.54688647309642	5.4445346772139e-06	2.78163862415577e-05	5.26403923174913	down	14228
Gm4841	40.9062916295914	-1.23034320671824	0.418895010991111	-2.93711592269202	0.00331280244299682	0.00964042194185393	2.47980446223894	down	225594
Dclre1b	101.110457353364	1.23007045995722	0.26073302807183	4.71773932536978	2.3847978372654e-06	1.29722223599951e-05	5.62254843082989	up	140917
Cenpw	65.0804451334214	1.22821777863036	0.301281487030267	4.07664536821332	4.56900954149863e-05	0.000199638864831172	4.34017793500276	up	66311
Sowahc	335.657352403967	1.22818360806297	0.224066892634153	5.48132565960246	4.2215059333551e-08	3.05140083531103e-07	7.3745325959865	up	268301
Gstm1	166655.797191803	1.22699421856959	0.282801076148592	4.33871835029685	1.43316050071304e-05	6.81069560753462e-05	4.84370516991617	up	14862
Lhx6	196.716941292679	-1.22688494851175	0.233003524469059	-5.26552098860921	1.39792346611861e-07	9.33047288165682e-07	6.85451660480795	down	16874
Irf2	1392.76499804236	-1.22675848287678	0.187761007848228	-6.53361684055511	6.4200065249363e-11	6.8338112572788e-10	10.1924645305383	down	16363
Exd1	152.416991219256	-1.22668208461498	0.21003554078333	-5.84035482775942	5.20897588806002e-09	4.32344998708982e-08	8.28324765287767	down	241624
Six5	221.622868053494	-1.22637762371673	0.255980827263112	-4.79089639965961	1.66037846294995e-06	9.24053401230179e-06	5.77979290856421	down	20475
Col4a5	224.778467886273	1.22589951454226	0.259248116423073	4.72867279213588	2.25992248821781e-06	1.23733487157015e-05	5.64590645621392	up	12830
Esam	644.793765832011	1.22512622277195	0.187851808294398	6.52176965393889	6.94826666989785e-11	7.34738182292988e-10	10.1581235219689	up	69524
Slfn5	418.074566340673	1.2250894228001	0.241916278675758	5.06410494368631	4.10323579692695e-07	2.52919041311221e-06	6.38687352510919	up	327978
Macrod2	163.772535317331	-1.22374980643235	0.234125076444065	-5.22690616921044	1.72369917640093e-07	1.13553032298242e-06	6.76353852588297	down	72899
Wfikkn1	43.4281005339861	-1.22345540353725	0.381849532654402	-3.20402488129939	0.00135520764283619	0.00433486351668667	2.867994157757	down	215001
Cflar	4211.78450580799	-1.22304477455111	0.184015579778021	-6.64641970004106	3.00308163392928e-11	3.33491003131155e-10	10.5224328620457	down	12633
Fam89a	358.626832878252	-1.22301392934601	0.172368667510978	-7.09533784188542	1.29035874079776e-12	1.66871376177311e-11	11.8892895319569	down	69627
Dok3	214.38473469906	1.2220443177503	0.256196636671997	4.76994676286425	1.84274613791424e-06	1.02053263248998e-05	5.7345344903354	up	27261
Ctdspl	653.430611132761	1.22203664033831	0.177525347794784	6.88373043916505	5.83051577582133e-12	7.00826540444541e-11	11.2342930252264	up	69274
Spaar	27.2454575944855	1.22189338732313	0.486560617207844	2.51128707114652	0.01202918306097	0.0301214498078072	1.91976386594029	up	71406
Gm6277	49.6855321948018	-1.22104431624569	0.297968352811416	-4.09789933972783	4.16916499830724e-05	0.000183207305356924	4.37995091695421	down	621998
Sik3	2476.7734814249	-1.22093303492094	0.172602156147216	-7.07368356325506	1.50874115988064e-12	1.93553096433455e-11	11.8213852615351	down	70661
Pld3	1702.7541725924	1.22059264839987	0.173836331013926	7.0215048907244	2.19491131826864e-12	2.77695219083975e-11	11.6585830220117	up	18807
Mest	205.24068801351	1.22041831711014	0.381029991696802	3.20294555206893	0.00136029696867921	0.00434825339124948	2.866366269733	up	17294
Mxra7	262.012636740072	1.22036215842445	0.249898992723734	4.88342167818808	1.04260574064154e-06	5.99117163288376e-06	5.98187988815437	up	67622
Serinc3	11303.6454404954	1.22017255974826	0.239887466945593	5.08643730030714	3.64852261924619e-07	2.26632101794208e-06	6.43788295696692	up	26943
Acnat1	2079.99801059683	-1.21931352547702	0.179236901054288	-6.80280410063385	1.0260212853616e-11	1.20543415929975e-10	10.9888436294589	down	230161
Wtip	163.012448692791	1.21883579478386	0.219527575199699	5.55208517050815	2.82281992010377e-08	2.10356890021355e-07	7.54931682649346	up	101543
Tor4a	357.898396361755	1.21848429260325	0.21324711800043	5.71395432692693	1.10380635685404e-08	8.7432724013087e-08	7.95710710914856	up	227612
Pparg	457.13017114181	1.21763630951823	0.195310638379135	6.2343573275029	4.53636547996546e-10	4.32651083121421e-09	9.34329196303533	up	19016
Slc25a36	211.888375833241	1.21650865004699	0.252013610381737	4.82715456599461	1.38497629482164e-06	7.82773804904185e-06	5.85855765989647	up	192287
Cacng7	42.1731889635309	-1.21626205255251	0.359296557207024	-3.38512025277134	0.000711470782004954	0.0024198630505104	3.1478429303999	down	81904
Echdc2	5313.36889112943	-1.21602163932189	0.166630483856721	-7.29771414675536	2.92697649900225e-13	4.05481003343794e-12	12.5335807645476	down	52430
Anp32a	4331.50539475453	-1.21557686364157	0.188474101313122	-6.44956975612296	1.12168123895985e-10	1.15626841206696e-09	9.95013054399734	down	11737
Ttf2	409.164786884342	1.21534956042879	0.170111621387523	7.14442405824914	9.03740039852262e-13	1.19276341380364e-11	12.0439564760443	up	74044
H2-Q7	2016.0965549903	-1.21509645725311	0.25379376449682	-4.78773172249603	1.68676924594875e-06	9.3711716085417e-06	5.77294432586711	down	15018
Cep72	77.0902328722658	1.2149144834186	0.282512121677915	4.30039771816835	1.7049184842721e-05	8.01707212042579e-05	4.76829638070498	up	74470
Ogfod3	201.515835245139	-1.21453341313767	0.195498671658882	-6.21248933730284	5.2151720390651e-10	4.92996331783199e-09	9.282731360414	down	66179
Nes	286.810222257902	1.2142578085476	0.214163766774666	5.6697630361778	1.42995156905014e-08	1.11187844661069e-07	7.84467867138142	up	18008
Rab17	628.299817868416	-1.21332475177314	0.208642069902263	-5.81534084828392	6.05104604980944e-09	4.98796843900387e-08	8.21816954197717	down	19329
Kcnh6	250.911148248392	1.21316041295433	0.309105332717651	3.92474760072316	8.68207197218627e-05	0.000358913649412664	4.06137661829071	up	192775
Hspg2	2374.17771084638	1.21314650969633	0.19874484816949	6.10404003358999	1.0342036394698e-09	9.34958933409879e-09	8.98539393823397	up	15530
Rhoj	307.281145060477	1.21274550966576	0.252631659190585	4.80044945099643	1.58309932265642e-06	8.85652543784779e-06	5.80049183692005	up	80837
C730002L08Rik	37.4490156816825	-1.21217781340573	0.413840748789673	-2.92909245150675	0.00339953292293888	0.00985384613893827	2.46858074852386	down	320155
Zfp964	50.1565700185014	-1.2112691765769	0.384180301025933	-3.15286643625994	0.00161675762353531	0.00508614357111517	2.79135508253702	down	636741
Ces1b	7376.15595025872	1.21113690676192	0.257824411585623	4.69752611598496	2.63331522969406e-06	1.42595945059024e-05	5.57949714912707	up	382044
P3h2	56.1584691676087	1.21089553884828	0.320539856309547	3.77767542791594	0.00015829899578778	0.000618059741461834	3.80052184019266	up	210530
Fggy	3091.47638788006	-1.21031438622867	0.272948275245004	-4.43422617396011	9.24035808048593e-06	4.5298456007596e-05	5.03431119876194	down	75578
AL807811.1	18.5718979141653	-1.21019880358737	0.462519139735035	-2.61653778107575	0.00888265335766032	0.023058017397561	2.05145728574568	down	NA
Creb3l2	1612.7418874871	-1.21003374928432	0.19393093982282	-6.23950850952324	4.38947877565243e-10	4.18849372170283e-09	9.35758704656817	down	208647
Cnr2	125.541295170994	1.20995284742687	0.250210299051148	4.83574358056113	1.32648828232859e-06	7.52588637728915e-06	5.87729658204992	up	12802
Npl	94.045600413895	1.20958837395202	0.260260726536919	4.64760238721777	3.35815421530717e-06	1.78385151917117e-05	5.47389936379086	up	74091
Baiap2	2303.03557791538	-1.20851617131777	0.206376828457193	-5.8558714190554	4.7451525115923e-09	3.95723935743705e-08	8.32374982456892	down	108100
Zfp579	352.395333551109	-1.2085085091014	0.172806645494246	-6.99341455095628	2.68275285694726e-12	3.35884844040158e-11	11.5714193339653	down	68490
Dpp9	2872.05201193986	-1.20837477614992	0.122611075388137	-9.85534767005915	6.49913742449045e-23	2.60723729679142e-21	22.1871442797637	down	224897
Il22ra1	315.303569279888	1.20773223132534	0.358262769077818	3.37107937404183	0.000748742814954037	0.00253343729480846	3.12566733213624	up	230828
Chsy1	62.9916855868634	1.20761691450243	0.415807023053668	2.90427252919814	0.00368107583507287	0.0105811011016813	2.43402523541548	up	269941
Rnf144b	2458.25488752327	-1.20648764173891	0.183459273543056	-6.57632409874206	4.82220856500239e-11	5.1991292344729e-10	10.3167540099124	down	218215
Myzap	109.333337144143	1.20642216707387	0.307343769215008	3.92531844766275	8.6615076421065e-05	0.000358140414765735	4.06240650709817	up	102371
Cdo1	43637.0826864802	-1.206221197649	0.206799721814701	-5.83279893736904	5.45052328873785e-09	4.5142054386209e-08	8.26356180038362	down	12583
Fkbp2	1827.61317541673	-1.2056770151242	0.211649803318506	-5.6965657242299	1.22244779622252e-08	9.59906797586428e-08	7.91276967805021	down	14227
Nkain2	62.3115880030324	-1.2055013131152	0.415896495202781	-2.898560884788	0.00374879515575557	0.0107500818345837	2.42610828994803	down	432450
Tst	8058.9091891483	-1.20539690906086	0.268449341941013	-4.4902211357468	7.11492686754842e-06	3.56691048585036e-05	5.14782955955488	down	22117
Tctn2	63.708977440742	1.20487768378752	0.229238382752155	5.25600324571384	1.47219692597928e-07	9.78551053043046e-07	6.832034093432	up	67978
Suclg2	7610.07576324283	-1.20485466083528	0.134517733061461	-8.95684630876722	3.34096892099758e-19	9.04834002007447e-18	18.4761275643206	down	20917
Psap	30966.0448914484	1.20482808901455	0.219568379333547	5.48725682938294	4.08223401863056e-08	2.95961966350715e-07	7.38910210248944	up	19156
Pmp22	239.652657635255	1.20458820447069	0.238919847205942	5.04180886836232	4.61151773882593e-07	2.82081910987395e-06	6.3361561164506	up	18858
Rhob	1903.5888139712	1.20456189084149	0.197367829471071	6.10313187346497	1.04009955847364e-09	9.39847822523157e-09	8.98292508798362	up	11852
Egln3	1818.65675935378	1.20420115171434	0.368405204647598	3.26868658890483	0.00108047910329388	0.00353650766354358	2.96638362805137	up	112407
Gm30505	50.2455130897568	-1.20411204074829	0.414657106632175	-2.90387412030153	0.00368576318143676	0.0105929934062308	2.43347257261648	down	102632430
Ppard	2462.27276464069	-1.2032510718312	0.237868916760734	-5.05846282152753	4.22649628969206e-07	2.60017292505784e-06	6.37401950794161	down	19015
Lrrc75a	31.7239431759546	1.20295499879402	0.389085322926947	3.09175116075987	0.00198979572966118	0.00611873308373613	2.70119150551714	up	192976
ccdc198	35.8456377016313	1.20258706075309	0.388026635045385	3.09923843401221	0.00194018810070878	0.00597859850652078	2.71215616329669	up	NA
Dedd	192.468100185821	-1.20245321619719	0.230374969839648	-5.21954801354573	1.7936031347533e-07	1.17755274336207e-06	6.74627364571427	down	21945
Zfp970	1322.29229388824	1.20180336289915	0.295499186294913	4.06702765570301	4.76165939689616e-05	0.000207116587636396	4.32224167305101	up	628308
Dbp	39.3651323527965	1.2011254949434	0.389974167254107	3.08001297470748	0.00206991577518258	0.00633173918457757	2.6840473256144	up	13170
Cyp4f17	1007.91602213064	-1.20089646519819	0.155595838433746	-7.71805002811525	1.18122840683851e-14	1.94407984633183e-13	13.9276661174258	down	208285
4930581F22Rik	154.304251711691	-1.2008477180414	0.208468708063879	-5.76032599421798	8.39516362958141e-09	6.75260112160483e-08	8.07597083463829	down	78934
Dhrs4	4129.24488733468	-1.20074837042034	0.172373660625025	-6.96596200409296	3.26167172612985e-12	4.02865623850907e-11	11.4865597510531	down	28200
Haus7	351.093707267288	-1.20060353752224	0.213630555155554	-5.61999914594627	1.90958402930142e-08	1.45397192836015e-07	7.71906122618357	down	73738
Agpat4	79.465879142637	1.20056772564193	0.337387030051413	3.55842880343971	0.000373079887544547	0.00134860640408444	3.4281981628162	up	68262
Proser3	152.328211402628	-1.199810559052	0.260945446612858	-4.59793636802582	4.26696263205807e-06	2.22789133521991e-05	5.36988116045966	down	333193
Smarca2	2161.67683293582	-1.1996207762525	0.169317546042638	-7.08503521513598	1.39008948966645e-12	1.79287094527912e-11	11.856957240309	down	67155
9130019P16Rik	35.4543374256958	1.19957139702821	0.478607316838388	2.50637914387186	0.0121974748257619	0.0304873540037476	1.91373006955052	up	100042056
Tshz2	835.719282414883	-1.19946693729103	0.181600650167216	-6.60497050085765	3.97596507043941e-11	4.34020314038442e-10	10.4005574396123	down	228911
Nomo1	3647.4244528186	1.19933211556245	0.167439487178494	7.16277943615496	7.90574959791977e-13	1.05133366199961e-11	12.1020569453641	up	211548
Efnb2	150.007833821457	1.19923868492137	0.229738044397399	5.22002652223738	1.78897509183082e-07	1.17549405942111e-06	6.7473957061379	up	13642
Samd5	94.0765582135917	1.19920579921225	0.23022037231644	5.20894735398972	1.89914985308993e-07	1.24050303836838e-06	6.72144076575145	up	320825
Atp6v0e2	47.4782848262762	1.19915250849564	0.509059078274508	2.35562542673879	0.0184915532143495	0.0438268737177564	1.73302660836	up	76252
Pus7l	114.408167268413	1.19828026894025	0.290487039490606	4.12507308774097	3.7061704428062e-05	0.000164589525015397	4.43107461182012	up	78895
Chadl	61.1588347915437	1.19816579641369	0.512467007998118	2.33803499096296	0.0193854330531301	0.0456339729671239	1.71252449280049	up	214685
Zfp202	53.0725669860952	1.19801941187406	0.382462186941941	3.13238655421882	0.00173391421558907	0.00541226327368829	2.76097239279861	up	80902
F10	15184.2716887592	-1.19783071271984	0.27402480376242	-4.37124923099427	1.23537679499501e-05	5.92686742705299e-05	4.90820056059932	down	14058
Clec9a	146.359303155441	1.1976563677486	0.282911376666472	4.23332699398841	2.30259329570701e-05	0.000105972123571067	4.63778276417568	up	232414
Magix	687.620751898073	-1.19720621981418	0.232594682209751	-5.14717795110447	2.64434449229282e-07	1.68719342424091e-06	6.57768196773553	down	54634
Tmem53	746.649599648477	-1.19609739844709	0.170254989721352	-7.02532948023835	2.13561685802636e-12	2.71083969796676e-11	11.6704766595884	down	68777
Kitl	189.919273814312	1.19589847707367	0.346875203242689	3.44763322916733	0.000565521416855243	0.00196529153635888	3.24755094326562	up	17311
Cers5	196.477090040287	1.19584065120939	0.215681516670058	5.54447441613061	2.94838437807499e-08	2.19374380155378e-07	7.53041589856231	up	71949
Ctcfl	27.0170722900712	-1.19510969644869	0.451948836035968	-2.64434732685886	0.00818486212013686	0.0214344764021971	2.08698863219194	down	664799
Jmjd8	414.221746063447	-1.19414724031519	0.234499021220181	-5.09233358033488	3.53683119383071e-07	2.20120302095683e-06	6.45138566773326	down	72106
Grk4	87.5486477395206	-1.19388291426722	0.284160351096535	-4.20144087540782	2.65221517881019e-05	0.000120678297455503	4.57639124377448	down	14772
Plpbp	2506.39301116386	-1.19379238767225	0.106503074567268	-11.2089945996652	3.68353601092859e-29	2.70725837505499e-27	28.4337350800453	down	114863
Ccdc3	127.314048866439	1.19307172904254	0.334783196009376	3.56371449721486	0.000365643644469323	0.00132396277132405	3.4369419709773	up	74186
Pou2f1	62.3653268984265	-1.19289958433358	0.291176403688575	-4.0968277965595	4.18850238943482e-05	0.000183889197471402	4.37794123246748	down	18986
Ufl1	171.241678304926	-1.19269155768753	0.279859935617557	-4.26174455824004	2.02837218062973e-05	9.42982489382088e-05	4.69285235448477	down	67490
B3gnt9	56.3063708769472	1.1920677400456	0.376693591499078	3.16455540244708	0.00155320088456949	0.00490463040886686	2.80877237078918	up	97440
Plxna3	62.3524800196777	1.19178362158663	0.379056250818398	3.14408117268485	0.00166609217437896	0.00522257380918791	2.77830097548817	up	18846
Lap3	11716.9053239848	-1.19133747963908	0.227976599867672	-5.22570070932977	1.73496803685527e-07	1.14217246214308e-06	6.76070852176374	down	66988
Smpd3	92.8393905740177	1.19121478800177	0.425678932830277	2.79838793073822	0.00513583884607022	0.0142275518371354	2.28938861215114	up	58994
Bmp2	853.736566521766	1.19114854080023	0.227596273671271	5.23360300055116	1.66237301576437e-07	1.09625530108078e-06	6.77927151935364	up	12156
Clec11a	147.375901971357	1.19101615476342	0.259924433404178	4.58216312781726	4.60190676019934e-06	2.38659619106918e-05	5.33706218487232	up	20256
Exoc3l4	26.2219399741485	1.19023447145878	0.489624506413212	2.43091278289551	0.015060839488832	0.0366386311417646	1.82215081995429	up	74190
Txnrd1	10457.7814061215	1.18806860958708	0.176466390945946	6.73254891890999	1.66716307510195e-11	1.91544702709803e-10	10.7780219171768	up	50493
Gm13436	33.6450295796946	1.18773156460896	0.338331531251925	3.51055534260731	0.00044717171444773	0.0015863556620128	3.34952567526425	up	624088
2410006H16Rik	352.531776118093	1.18733520525751	0.25278694015884	4.69698001214557	2.64036278050556e-06	1.42937378975021e-05	5.57833639784705	up	69221
Ptgr1	237.577225943968	1.1872116618725	0.205820291193118	5.76819542422356	8.01248616328645e-09	6.46098968007721e-08	8.09623270745297	up	67103
Fam169b	875.595154799784	-1.18698993099823	0.212529061921611	-5.58507114399271	2.33604563832659e-08	1.75851817089979e-07	7.63151867685082	down	434197
Smim14	33.4713931940987	1.18695457081316	0.433122754117701	2.74045766362717	0.0061353685666474	0.0166585810941007	2.21215934301794	up	68552
Fgd6	1951.53902373045	-1.18646164398513	0.15010482656311	-7.90422047812228	2.69615451508322e-15	4.75431788850207e-14	14.5692552222535	down	13998
Prex2	340.725687853602	1.18607203918355	0.281192774283341	4.21800326201988	2.46475254547589e-05	0.000112600889716924	4.60822667619564	up	109294
Atp11a	151.295661365257	-1.18574502558565	0.250169675329357	-4.73976321880173	2.13968111659628e-06	1.17407405839324e-05	5.66965094610027	down	50770
Cyp46a1	73.4453312350181	-1.18569377197984	0.415211607045505	-2.85563734698269	0.00429505413471719	0.0121536462039844	2.36703135796527	down	13116
Ocstamp	92.9552541015099	1.18537664683137	0.312103941376153	3.79801883181839	0.000145857244376089	0.000573189203613465	3.83607199565142	up	74614
Gm16157	297.852980763889	-1.18501070671304	0.216494734587367	-5.4736236840662	4.40924884664434e-08	3.1680782011561e-07	7.35563539002041	down	NA
Smlr1	775.318035224256	-1.18403831801329	0.259014807219072	-4.57131517200036	4.84672670983458e-06	2.49875688151472e-05	5.31455146795146	down	100504474
Fam72a	78.5428654794094	1.183777002978	0.319364475506405	3.70666462229692	0.000210006747601246	0.000800898034020865	3.67776675098556	up	108900
Slc46a3	4327.35475105868	1.18328682386717	0.292355719960761	4.04742149059367	5.17849427840067e-05	0.000223406908703913	4.285796499259	up	71706
Pamr1	239.117603191252	1.18320952465812	0.205399121491242	5.76053839017304	8.38460564938614e-09	6.74692713683993e-08	8.07651735861818	up	210622
Fap	35.9927225938263	1.18286597930722	0.483495402450916	2.44648857737029	0.0144255368358665	0.035321526526492	1.84086801591807	up	14089
Topbp1	792.676589853883	1.18285026668486	0.189127607394912	6.25424433258434	3.99445240000144e-10	3.82102212689656e-09	9.39854274975632	up	235559
Itpr2	1327.2702528108	-1.18248307073948	0.126946598909933	-9.31480702037896	1.22174432942443e-20	3.8315812389897e-19	19.9130196680194	down	16439
Etfdh	7577.90701033677	-1.18237524841761	0.12721705389829	-9.29415681456448	1.4837756096374e-20	4.57877934922722e-19	19.8286317721464	down	66841
Plekhg3	1660.51479578257	-1.18197260985364	0.149998876471284	-7.87987642080719	3.27705022587828e-15	5.72102258835106e-14	14.48451690233	down	263406
Acat2	2590.96109184911	-1.18178898822899	0.298810598025731	-3.95497681821587	7.65420731418718e-05	0.000320133397137246	4.11609977908719	down	110460
Gpt2	10929.5750051263	-1.18101831101054	0.184755022807282	-6.39234751545811	1.63358104482329e-10	1.65037967466512e-09	9.78685931454243	down	108682
Met	2275.37456442253	-1.1808199283417	0.125386681363366	-9.41742707839699	4.62276614692037e-21	1.5164563019608e-19	20.3350980757747	down	17295
Hgf	331.028874543537	1.18056248390117	0.361482283508425	3.26589306796179	0.00109119446566859	0.0035674092751977	2.96209784534127	up	15234
Iqgap2	7410.7470037009	-1.18017852791498	0.176529261914146	-6.68545551665511	2.30207442354832e-11	2.59992639881797e-10	10.6378806402137	down	544963
Arhgef25	146.98626889451	1.17893844390479	0.221931527132782	5.31217199798491	1.08326286861542e-07	7.34741451146831e-07	6.96526614306398	up	52666
Csnk1e	481.117092102894	1.17878753985385	0.191319341844912	6.16136104424507	7.21223422739064e-10	6.67797303573307e-09	9.14193017740007	up	27373
Psma8	35.0747935074958	1.17853330872731	0.399562062640111	2.94956258094208	0.00318224117684043	0.0092886518267757	2.4972669089755	up	73677
Bag4	170.872841830282	-1.17836066780758	0.307872285624828	-3.82743339633866	0.000129486406007818	0.000514313167097058	3.8877758231324	down	67384
Gm49437	42.675699387767	-1.17824092289791	0.366729386608413	-3.21283476569609	0.00131431879593212	0.00421879025412052	2.88129928125895	down	NA
Dnmt3b	248.157134244006	-1.17804785915471	0.287659697656732	-4.09528296369306	4.21653074145818e-05	0.00018499320108799	4.37504472901481	down	13436
Cyp4a10	30692.1389645526	1.1779114981138	0.31536435271637	3.73508130506171	0.000187654550056735	0.000723418621800297	3.7266409007922	up	13117
Fbxo3	3981.65414982364	-1.1777369151137	0.146601554093408	-8.03359092880628	9.4660441566973e-16	1.76114150996486e-14	15.0238314739896	down	57443
Apoc3	50102.7232270172	-1.17672555655701	0.147618717852722	-7.97138448073381	1.56906521112051e-15	2.8638786450556e-14	14.8043590065461	down	11814
Dzip1l	74.387766399004	1.17644911633123	0.293837735418945	4.00373735066358	6.23495851315469e-05	0.000265033909777719	4.2051664319317	up	72507
Dynlt1f	55.4036265931269	1.17572597889277	0.360583475280483	3.26062079793929	0.00111168602805466	0.00362701222572357	2.95401785262535	up	100040531
Ier5l	92.4961196585225	1.17521495767973	0.308894125594078	3.80458824012762	0.000142040271778711	0.000559559630395022	3.84758850539407	up	72500
Slc12a7	4316.50154694605	-1.17513502186296	0.2195871132757	-5.3515664208743	8.71961206278843e-08	6.00303360318391e-07	7.05950283648235	down	20499
Teddm2	44.5140193283175	-1.1748232604526	0.357016871085729	-3.2906659477459	0.00099950528575774	0.00329788789968318	3.00021490482816	down	240817
Syce2	225.268235003595	-1.17415618542882	0.277884915733614	-4.22533257096398	2.38588159326315e-05	0.000109439104239817	4.62235111333476	down	71846
Dhrs7	911.944345925366	-1.1736713292978	0.215234498043012	-5.45298890265839	4.95301613129776e-08	3.53503627221163e-07	7.30513025757737	down	66375
Papss2	6885.39549640914	-1.17263317627724	0.18895425117534	-6.20591052587164	5.43811133087216e-10	5.12561291176086e-09	9.26455190563257	down	23972
Dhrs3	7604.10972114756	-1.17250356980904	0.19235290693437	-6.09558539299378	1.09037686484957e-09	9.8343311051725e-09	8.96242337175038	down	20148
Rasa3	615.687398567297	1.17219190154956	0.223692854888452	5.24018481562183	1.60415856336464e-07	1.05931677970335e-06	6.79475270600772	up	19414
Gpam	8704.66775619774	-1.17210473718219	0.229871183001457	-5.09896334928922	3.41518663542065e-07	2.12962544856412e-06	6.46658555771641	down	14732
Cdc34	5303.51553170607	1.17191314627398	0.200203811526737	5.85360057501942	4.81043125240289e-09	4.00647336489057e-08	8.31781598762962	up	216150
Ano1	144.864030229158	1.17151058651274	0.437167110906715	2.67977749763231	0.00736711116654336	0.0195185873174132	2.13270277677847	up	101772
Arhgap29	2175.26197782039	-1.17115926056197	0.232488581476415	-5.03749153237779	4.71672420011548e-07	2.8769477731208e-06	6.32635951740912	down	214137
Igfbp4	43510.7015817233	-1.1708448856679	0.186836693156072	-6.26667527609174	3.68838179654793e-10	3.56185957243365e-09	9.43316413003929	down	16010
Plekha7	379.503238204196	-1.17065894889952	0.198806171425796	-5.88844370626828	3.89849291805591e-09	3.27957097553887e-08	8.40910325037547	down	233765
Gm47200	134.749270431461	-1.17025284187821	0.311778014063246	-3.75348096752205	0.000174395779271888	0.000675687148020016	3.75846403007495	down	NA
Dera	2121.30249639544	-1.17008392330357	0.183767619840409	-6.36719311225621	1.92518727271794e-10	1.92378858969677e-09	9.71552701807646	down	232449
Foxo4	976.312058717556	-1.17007869797385	0.181624933512087	-6.44228011731651	1.1769180286543e-10	1.21191088554905e-09	9.92925378434673	down	54601
Sema6d	998.282719028509	1.16969890555511	0.175209441935536	6.67600383080652	2.45545552910187e-11	2.76181376567673e-10	10.6098679269938	up	214968
1700017B05Rik	1250.56778628418	1.16939050792422	0.265833964591439	4.39895071241728	1.0877552474547e-05	5.27435241021371e-05	4.96346881294435	up	74211
Pcolce	540.944216604813	1.16936477163103	0.193151096367162	6.05414514141912	1.41165289970528e-09	1.25439724211928e-08	8.85027207543276	up	18542
Zyg11a	250.142222512761	-1.16868758064463	0.223245274006752	-5.23499359995092	1.64990580630509e-07	1.08840651614288e-06	6.78254084910102	down	230590
Gla	382.502903878429	1.16863145554358	0.275688658993597	4.23895367988542	2.24563982642179e-05	0.000103648227463035	4.64865989809278	up	11605
Fbxo17	52.9688382200596	-1.16820142595176	0.274813255434776	-4.25089184327582	2.12920975745563e-05	9.85578439653019e-05	4.67178155226848	down	50760
Arsa	1139.07180587075	-1.16732920469856	0.184713640179564	-6.31966975240039	2.62122868329278e-10	2.58842971925568e-09	9.58149508834003	down	11883
Anpep	3901.44128153017	-1.16704512852218	0.152000032528866	-7.67792683399953	1.61683786787409e-14	2.62511214028529e-13	13.7913335277856	down	16790
Zfp423	34.8270581877152	1.16700939888616	0.506633319755758	2.30345962924185	0.021252996080334	0.0494678704850612	1.67257983787546	up	94187
Map9	38.5484313820805	1.16656792646056	0.459237298742653	2.54022904858667	0.0110779892664588	0.0279907835343041	1.95553905998009	up	213582
Zfp984	102.842399058143	1.16643995324358	0.380134127170639	3.06849574892279	0.00215139389391063	0.00655701817365355	2.66728006832437	up	100041677
Mthfd1	4729.55320451558	-1.16633826557952	0.182806000297342	-6.38019684081715	1.76860508393628e-10	1.77839475176381e-09	9.75236913091972	down	108156
Lss	609.585606175055	-1.16610754048336	0.410422043357868	-2.84124003414351	0.00449384740805561	0.0126400125167279	2.34738167845996	down	16987
Mamdc4	105.598117652688	-1.16565833995466	0.294928037893121	-3.95234833650194	7.7387977172243e-05	0.000323460579211789	4.11132650512237	down	381352
Kbtbd11	46.4179038989348	1.16534771742835	0.447568748395632	2.60372897260071	0.0092215647305323	0.0238381595450571	2.03519538087927	up	74901
Ctnnbip1	326.547550423488	-1.16516256075039	0.226694909762685	-5.13978263548192	2.75056469429454e-07	1.75032629720211e-06	6.56057813582794	down	67087
Gm33280	52.532606542575	1.16484870456958	0.33678527706418	3.45872810926827	0.000542732476647478	0.00189258539846502	3.26541418983238	up	102636118
Sipa1l3	460.569318106105	-1.16437640955981	0.205372353889068	-5.66958691133639	1.43142224197544e-08	1.11187844661069e-07	7.84423223883917	down	74206
Fads6	4720.3029994904	-1.16332531053134	0.18584937422825	-6.25950620152535	3.86198377721854e-10	3.71089618832935e-09	9.41318955486508	down	328035
Tnks1bp1	1609.49411251572	-1.16283570465064	0.192683767625464	-6.03494377850728	1.59018041384584e-09	1.40075544597509e-08	8.79855360002371	down	228140
Cklf	80.8026388020571	1.1624632160806	0.284718052487877	4.08285743008901	4.4485316343113e-05	0.0001946396845042	4.3517833167383	up	75458
Arrdc1	235.826960169246	1.16212395117169	0.292637736704857	3.9712033186744	7.15105157960086e-05	0.000301314330890141	4.14563008943847	up	215705
Fam161a	74.5724748706143	-1.16201452981477	0.314439693552003	-3.69550840317999	0.000219447221678808	0.000833302248204916	3.65866991318857	down	73873
Fn3krp	355.932963591697	-1.16200875776899	0.211228352500605	-5.50119689905579	3.77221653839158e-08	2.76504764610842e-07	7.42340338520052	down	238024
Mtmr4	2568.89277314136	-1.1616389137636	0.189596156914315	-6.126911708915	8.96011587424873e-10	8.15773008390229e-09	9.04768637390691	down	170749
Ppp1r3c	5951.42040076645	-1.16140077696174	0.271232939160699	-4.28193117161791	1.85278296516921e-05	8.67003372473833e-05	4.73217545091845	down	53412
Zfx	63.0383137425249	-1.1611057486555	0.296384814595442	-3.91756153310479	8.94492172123794e-05	0.000368592794059828	4.04842345567606	down	22764
Gm35279	30.8110868176944	1.16106869076231	0.492924367161341	2.35547026706893	0.0184992774319578	0.0438319289073187	1.73284523448574	up	102638802
mt-Nd2	182064.085707108	-1.16073699335893	0.146608943542469	-7.91723182305517	2.42856693092521e-15	4.30612199096647e-14	14.6146499229379	down	17717
Serping1	24143.7941787829	-1.1601059327775	0.16583555713171	-6.99551985619172	2.64277149699797e-12	3.3130994756636e-11	11.5779403858214	down	12258
Atp6v1a	2392.06102078462	1.15994547881476	0.16486941094984	7.03554086917714	1.98489525589052e-12	2.52785337615264e-11	11.7022624062757	up	11964
Mrvi1	185.144286391605	1.15943570761832	0.276934355891343	4.18668064453958	2.83063660904276e-05	0.00012820485644313	4.54811588083528	up	NA
Pde4dip	3210.62682764186	-1.15923245110125	0.2118264463428	-5.47255770521334	4.43586247354295e-08	3.18601148043801e-07	7.3530219268843	down	83679
Olig1	255.060271798496	-1.15905508242332	0.325201653854003	-3.56411189391942	0.00036509020056039	0.00132220742937575	3.43759982385571	down	50914
Nudt18	648.773551029033	1.15889160004527	0.249152797316905	4.65132887338702	3.29802886498126e-06	1.75433270232263e-05	5.48174554764625	up	213484
H2-Ob	87.3657937692019	1.1588106709128	0.363885691094043	3.18454585952189	0.00144981336756277	0.0046152432147113	2.83868790028527	up	15002
Agfg2	1613.89643341817	-1.15733749715573	0.181186901648016	-6.38753401393241	1.68582119342189e-10	1.7004805081473e-09	9.77318849070076	down	231801
Tmem131l	993.127103264118	-1.15661581951937	0.180756344291141	-6.39875642570218	1.56647496751424e-10	1.58841716558474e-09	9.80507654081247	down	229473
Sirt5	525.329712447999	-1.15544838063422	0.164298282334326	-7.03262605194511	2.02682053556458e-12	2.57783726769033e-11	11.6931847041262	down	68346
Rnf128	5019.96205974379	1.15520430642657	0.237165584038519	4.87087665400451	1.11104185916265e-06	6.36732798810596e-06	5.95426957844806	up	66889
Jpt1	901.451961081925	1.1550068798241	0.185824957026188	6.21556382042551	5.11406820718738e-10	4.84151904609637e-09	9.29123348401255	up	15374
Pcbp4	631.228740207021	-1.15414579781208	0.205194891849942	-5.62463220895432	1.85903629182112e-08	1.41885068709106e-07	7.73071213191513	down	59092
Rps6ka1	1051.60693959826	1.15397715052247	0.202022711097513	5.71211595099059	1.11580017227903e-08	8.83464149564349e-08	7.95241357587078	up	20111
Dlg4	115.373965934805	1.15326693007674	0.215349036302639	5.35533824472751	8.53965135940501e-08	5.89600310422026e-07	7.06855985949569	up	13385
Mtfp1	1035.19046915302	-1.15290142478227	0.164195249785767	-7.02152727491521	2.19455963159204e-12	2.77695219083975e-11	11.6586526138076	down	67900
Cyth1	1667.74226430572	-1.15246893349485	0.121525295684733	-9.48336662750974	2.46208622639042e-21	8.27398470774415e-20	20.608696741417	down	19157
Zbtb48	532.780477628827	-1.15129392518688	0.119619393121287	-9.62464275353359	6.29251970003868e-22	2.28620300648953e-20	21.2011754161285	down	100090
Tnfaip2	1446.81595077323	1.15047118062674	0.251054031131216	4.58256406177932	4.59308931001563e-06	2.38266507957061e-05	5.33789510989018	up	21928
Sdc4	11462.3216069286	-1.15009959149484	0.224399428234062	-5.12523405494248	2.97168352726458e-07	1.8761553442953e-06	6.52699744312174	down	20971
Rasgef1b	662.436348388012	1.15000960255477	0.26280961129075	4.37582779757054	1.20972492808598e-05	5.81925136528195e-05	4.9173133700102	up	320292
Klhdc1	22.0167065784758	1.14933695613892	0.42379797108465	2.71199258740516	0.00668800884030922	0.0179323197986879	2.17470316151178	up	271005
Lactb2	11201.0737384273	-1.14931507531699	0.259980568736675	-4.42077298661919	9.83484533386539e-06	4.79563894021048e-05	5.0072324655542	down	212442
Polg2	348.637911594934	-1.1488585237941	0.210901948223871	-5.44735851645429	5.11233515196389e-08	3.6433429195491e-07	7.29138068265143	down	50776
Ccdc157	704.074531772002	-1.14882005829095	0.362917006617849	-3.16551728726412	0.00154807462546613	0.00489084905463097	2.81020810783466	down	216516
Arl5b	951.007774672782	-1.14842541824231	0.183485578686934	-6.25894103755028	3.8760037165894e-10	3.71880057631517e-09	9.41161581518848	down	75869
Tsc1	1176.11918038547	-1.1482693742549	0.16718090166387	-6.86842434050026	6.49148858554417e-12	7.75916227208185e-11	11.1876557022199	down	64930
Csf1	596.175125853676	1.14801812984616	0.200830752315123	5.71634630957716	1.08838816745227e-08	8.6353533384676e-08	7.96321618835325	up	12977
Reep4	619.444666278067	1.14772455449854	0.176316266794355	6.50946492553168	7.5418962042831e-11	7.94457074998224e-10	10.1225194488884	up	72549
Tgfa	1989.30577112502	1.14754156968564	0.134397856802437	8.53839188352915	1.36102655829134e-17	3.12743763800215e-16	16.8661334001406	up	21802
Invs	389.86714839607	-1.14745873375863	0.210802514608906	-5.44328769458689	5.23060658051846e-08	3.72074474748664e-07	7.28144794415443	down	16348
Rpl10a-ps1	47.1144787828482	1.14745184836448	0.354998652939219	3.23227099276048	0.0012281052932825	0.00396585536264427	2.91076439676877	up	100043141
Setd4	964.79883837714	1.14731345352058	0.255473459056051	4.49093012542199	7.09128142139678e-06	3.55598216277126e-05	5.14927527906849	up	224440
Ccdc173	28.0477597527969	1.14675299598406	0.455341602072499	2.51844547206885	0.0117874133334642	0.0296123197846298	1.92858148737755	up	NA
1500026H17Rik	37.6673501070802	-1.14660064918003	0.433287703954228	-2.64628014761563	0.00813823870229789	0.0213297841910233	2.08946957602483	down	69002
Tob2	1060.19150797402	-1.14617368284312	0.190381552952022	-6.02040305413397	1.73983286545847e-09	1.52421390615415e-08	8.75949246958833	down	57259
Cnrip1	51.4985030252727	1.1461548682477	0.411836949835268	2.78303068412427	0.00538537127077059	0.0148334586167871	2.26878435080819	up	380686
F12	17085.8896025976	-1.14604739530093	0.225409052030948	-5.0843006745957	3.68983027996189e-07	2.29050199455017e-06	6.43299360949708	down	58992
Abi3bp	124.592583920851	-1.14538539132665	0.304570492207176	-3.76065778081854	0.000169467142729632	0.000657915181532621	3.77091449282651	down	320712
Asgr2	6967.70169558803	-1.14490259134577	0.18118990678854	-6.31879894216154	2.63603965514961e-10	2.60038829915784e-09	9.57904806073845	down	11890
Adipor2	18692.192723427	-1.14467023705713	0.171491203205854	-6.67480439613625	2.4756213186128e-11	2.78124644756173e-10	10.6063157860713	down	68465
Kmt5c	828.274912148016	-1.14447012811091	0.186208029328274	-6.14619107585995	7.93656697499102e-10	7.29482260956692e-09	9.10036731447856	down	232811
Atoh8	2869.18252113779	1.14347476059389	0.224304662405101	5.09786443283439	3.43506671306603e-07	2.14132873508577e-06	6.46406482400906	up	71093
Gm11520	29.978430479554	1.14310988395067	0.404978484455426	2.82264349299398	0.00476295024611451	0.0133152395382086	2.32212395511465	up	102640811
Mavs	3220.06622122683	-1.14275528100536	0.184122844706582	-6.20648286651474	5.4183525016932e-10	5.11468411376866e-09	9.26613274449289	down	228607
Trpm2	315.462930261739	1.14244966362825	0.226179890020365	5.05106649192103	4.39350087499988e-07	2.69516574861414e-06	6.35718928276959	up	28240
Clmp	41.4368856941221	1.14217822848361	0.361044820346057	3.16353583853897	0.00155865160052024	0.00491942226186162	2.80725095016135	up	71566
Nsg1	42.7841597790815	1.14149909440178	0.380127188356696	3.0029398826654	0.00267385244702255	0.00796283679552525	2.57286256237395	up	18196
Them6	327.425679191482	1.1411959873723	0.210042861582389	5.43315768398377	5.5365441068781e-08	3.92098908871073e-07	7.25676123592793	up	223626
Ddah1	4874.01403276089	-1.14117041526207	0.12626471237397	-9.03792036433869	1.5968063440993e-19	4.48223075247464e-18	18.7967477506046	down	69219
Prcp	503.649517221154	1.14083274335667	0.169385781691123	6.7351151434717	1.63800168134902e-11	1.88528702865456e-10	10.7856856567879	up	72461
Sox7	81.7118256823123	1.14071478679256	0.355539777607778	3.20840271225844	0.00133474458367718	0.00427651276261027	2.87460183281048	up	20680
Gm12059	19.7314106677657	1.14033540930515	0.484008704400032	2.35602252384838	0.0184717976293669	0.0437937620230348	1.73349083804512	up	100042875
Zbtb7b	3402.80106693351	-1.13968991542884	0.154354498871575	-7.38358728615406	1.54080571883129e-13	2.20429085600411e-12	12.8122521182957	down	22724
Ankrd13b	259.008060449935	1.13910579493069	0.221052856111417	5.15309240952104	2.56225621304333e-07	1.63807455638654e-06	6.59137744510367	up	268445
Wscd1	25.8601336823007	1.13893932223639	0.383946807413165	2.96639873088143	0.00301309572134324	0.00885398614530526	2.52098707125036	up	216881
Sarm1	16.1274352771093	-1.13885601949392	0.491130584057867	-2.31884565217738	0.0204034068455551	0.0477269196086016	1.69029731048131	down	237868
N4bp2os	62.1982565247307	-1.13858698135127	0.359587382926595	-3.16637077776361	0.00154353909284404	0.00487892133483337	2.81148236677051	down	74234
Myo1c	2482.25895955399	1.13827525804943	0.175449668024511	6.4877595430412	8.71221760866194e-11	9.09774741173505e-10	10.0598712855639	up	17913
Ranbp10	3335.81469812914	-1.13823217387226	0.131849411965128	-8.63281949390345	5.98578575128131e-18	1.42828117009508e-16	17.222878831883	down	74334
Sdcbp	3332.10466968395	1.13743836393511	0.157839971971682	7.20627575972439	5.75028944762104e-13	7.73561839138924e-12	12.2403102940337	up	53378
C1rl	4090.64855774507	-1.13737539695007	0.217786188120953	-5.22244044382831	1.7658035756546e-07	1.160884726965e-06	6.75305760809354	down	232371
Gmds	163.731954962054	1.13731353708633	0.244097039268825	4.65926805377512	3.17335744376415e-06	1.69175445562355e-05	5.49848100665432	up	218138
Ramp1	265.923751428862	1.13728017269741	0.240822576524276	4.72248154268365	2.32984239567553e-06	1.27163960235624e-05	5.63267345622868	up	51801
Mmp17	53.2536680163473	1.13639801957928	0.457818487162197	2.4822021203715	0.0130573188033989	0.032384303307348	1.88414599215993	up	23948
Flt4	1414.96343756077	1.13617986373806	0.202746585593206	5.60394080331251	2.09532294717251e-08	1.58661182346653e-07	7.67874903075693	up	14257
Gstm4	5814.83850821616	1.13616120873577	0.309323867663473	3.67304733811181	0.000239675061688942	0.000902460498217102	3.62037715217546	up	14865
Ephx1	33979.7345730274	1.13608563110094	0.164463804677194	6.90781557273848	4.92173238747731e-12	5.95307027972759e-11	11.3078820041646	up	13849
Aqp11	904.242238304136	-1.13578937811229	0.183215109388996	-6.19921240065863	5.674640831906e-10	5.33809886952525e-09	9.24606162129918	down	66333
Shf	354.670444802236	-1.13567670559566	0.230061517184739	-4.93640448647356	7.95759813253202e-07	4.67311709789681e-06	6.09921799698539	down	435684
Steap3	1223.39095030482	-1.13546148039463	0.242714770954564	-4.6781721439079	2.89443507968169e-06	1.55467899286891e-05	5.53843618693401	down	68428
Col12a1	201.734496776483	1.13487735356629	0.393912647417781	2.88103812102954	0.00396367697662308	0.0113023195412193	2.40190174595931	up	12816
Itga9	541.490312958531	1.13412690606335	0.217776874599544	5.20774718688025	1.91147111063832e-07	1.24685933964944e-06	6.71863226138295	up	104099
Casp9	523.746721727988	-1.13396349511693	0.165580162387667	-6.84842603585579	7.46669218702587e-12	8.87522375020803e-11	11.1268717520106	down	12371
Fam167a	60.7492076943051	1.13378795517389	0.415859081878919	2.72637536266191	0.0064034131280469	0.0172912807731975	2.19358847795981	up	219148
5730522E02Rik	112.984662144818	-1.13333966848836	0.38986496234654	-2.90700570183829	0.00364906546286327	0.0105047697044245	2.43781834548565	down	70626
Fzd6	283.826527479942	1.13309327887106	0.254122178220413	4.45885237882805	8.23996445253995e-06	4.08098650972503e-05	5.08407466185859	up	14368
Creld2	2375.81049843891	-1.13274594088153	0.388029913473913	-2.9192232391065	0.00350904831109147	0.0101411127537712	2.45481065256088	down	76737
Inca1	1120.48639694543	-1.13272986323253	0.217437959044559	-5.20943936472657	1.89412094895545e-07	1.23805814640482e-06	6.72259229260474	down	103844
Ttc41	357.392347055181	1.132607052555	0.240428792384842	4.71077960888351	2.46770982176717e-06	1.33967353616996e-05	5.60770591036591	up	103220
Pemt	11181.097509084	-1.13236624687819	0.119787015548567	-9.45316353105963	3.28741786129668e-21	1.09330774330102e-19	20.4831450895535	down	18618
Pwwp2b	211.228286508121	1.13234325713636	0.239675171905366	4.72449126930618	2.30692125674539e-06	1.26055833484362e-05	5.63696722920869	up	101631
Eif4g3	4534.03524732229	1.13214230677303	0.146668109773435	7.71907614083187	1.171758945019e-14	1.93014458898937e-13	13.931161722461	up	230861
Myo3a	40.7317638244042	-1.13204142526926	0.417522109700924	-2.71133288265896	0.00670133119927511	0.0179622541165425	2.17383891743745	down	667663
Slc37a4	4419.47244073352	-1.13185569511769	0.110793266910043	-10.2159249084755	1.68266670135619e-24	7.88355961102549e-23	23.7740018995303	down	14385
Nmi	474.349242685032	-1.13096906824373	0.258218608139165	-4.37988987855671	1.18739298678414e-05	5.71753922318467e-05	4.92540552051855	down	64685
Cdk20	381.823397307031	-1.13082861031651	0.205710037156659	-5.49719705439227	3.85875428672428e-08	2.81668584325863e-07	7.413552875048	down	105278
Il1r1	2561.10513424856	1.13041911181983	0.214738513406641	5.26416567706795	1.40827412348384e-07	9.3961577726676e-07	6.8513128006421	up	16177
Pld6	104.656882815809	1.13036462369723	0.33364851890096	3.38789042858833	0.000704323952358006	0.00239916186566527	3.1522275420492	up	194908
Ncapd2	320.901109958369	1.13015255806643	0.156016215552777	7.24381471542701	4.36237289525299e-13	5.94072506866984e-12	12.3602772137163	up	68298
Gm49329	270.359748073706	-1.13007603626868	0.231344194029524	-4.88482557779021	1.03520453382639e-06	5.95219423808927e-06	5.98497383461638	down	NA
Sntg1	119.365974327932	1.1300269184889	0.279625356084776	4.04121762887019	5.31743819096901e-05	0.000228708040664059	4.27429754956385	up	71096
Mansc1	73.6384450345414	1.12997433493926	0.335644498868661	3.36658082807258	0.000761062750844265	0.00256973064858507	3.11857953347664	up	67729
Cd59b	202.909992732172	-1.12952914103821	0.413992444517144	-2.7283810513876	0.0063646039576426	0.0172057860183021	2.19622861547642	down	333883
Tgfbi	2096.23494128407	1.12938783593008	0.161577793649662	6.98974661319397	2.75383148298498e-12	3.43889617615816e-11	11.5600626393329	up	21810
Pcyox1l	122.769920932149	1.12890236336056	0.29803117485451	3.78786670190343	0.00015194632754273	0.000595538058856668	3.81830979211054	up	240334
Rbm3	1540.19448204761	1.12879211498153	0.233697677801171	4.83013834626932	1.36438218241418e-06	7.72267586847957e-06	5.86506396071709	up	19652
Trerf1	100.477298770633	1.12875710365601	0.244798196982512	4.61096984197414	4.00794686120238e-06	2.10119860493637e-05	5.39707804513472	up	224829
Cdk5rap3	2166.02585614957	-1.12849502893063	0.15643062044877	-7.21402897778705	5.43201884967625e-13	7.33513008200322e-12	12.2650387316774	down	80280
Mob3a	338.89279066859	1.12820472090796	0.254082692203652	4.44030528456336	8.98313523554878e-06	4.41273602285019e-05	5.04657206223475	up	208228
Phactr2	370.292803454033	1.12811576019822	0.209657174238867	5.38076392708094	7.41704085910611e-08	5.15977379996197e-07	7.12976932853365	up	215789
Zfp251	114.167103214912	1.12793080629314	0.30291929578923	3.72353568086316	0.000196452081879079	0.000754012614842246	3.70674336444034	up	71591
Asb2	236.468717057613	1.12789748463947	0.331290390715181	3.40455840631114	0.000662711265380135	0.00226986270475985	3.17867564680615	up	65256
Ndc1	678.789600725822	1.12758350371648	0.171246642946829	6.58455829739443	4.56239688974401e-11	4.93081321610036e-10	10.3408069374881	up	72787
Eaf1	2957.32577582943	1.12724053963673	0.228274577283912	4.93809057955127	7.88911999525222e-07	4.63714574568305e-06	6.1029714381747	up	74427
Gm9725	130.412664091507	1.12699594815934	0.271550379589179	4.15022785040604	3.32144474065438e-05	0.000148600696854184	4.47867296858101	up	105243233
Vegfa	6360.94376269871	-1.12697966758852	0.221468959487241	-5.08865743622843	3.60607339167799e-07	2.2406759996822e-06	6.44296543865732	down	22339
Mafk	939.105854420751	1.12697705356397	0.21066450392276	5.34962954165822	8.81344560244914e-08	6.05259592957321e-07	7.05485427165792	up	17135
Ndufa2	2191.77240236559	-1.12583598499313	0.183707813494933	-6.12840555649085	8.87640927039462e-10	8.08916880789015e-09	9.0517626816793	down	17991
Errfi1	28490.2121085888	-1.12567557179122	0.279326785579576	-4.02995928033023	5.57865159108977e-05	0.000238929081490268	4.25347076115498	down	74155
Gm14295	83.2775950216392	1.12486685630983	0.453078281483728	2.48272076213001	0.0130383249638364	0.0323413610078105	1.88477819891769	up	100039123
Armcx1	108.643063410906	1.1232733666408	0.304269905331189	3.69170051641534	0.000222759674644657	0.000844049644816513	3.65216342509783	up	78248
Cdc42ep3	111.240457334165	1.12290443267546	0.274207644540677	4.09508799273789	4.22008077626246e-05	0.000185106777739658	4.37467923615934	up	260409
Paqr7	1466.56895089104	-1.1221431614782	0.22856245876384	-4.90956899723258	9.12767812494042e-07	5.31325785894355e-06	6.03963968311952	down	71904
Ribc1	116.0263890386	-1.12197346300946	0.313257185342765	-3.5816368003875	0.000341448265975528	0.00124407337930459	3.46667508847837	down	66611
Epb41l4a	39.9044670577331	1.12163741602431	0.433165968826863	2.58939412775667	0.00961449824499105	0.0247145612342207	2.0170733755043	up	13824
Gbgt1	50.0713589933589	1.12103285015075	0.434949926849217	2.57738369626023	0.00995513765074291	0.0255016802717448	2.00195273055925	up	227671
Rdh5	261.970284233626	-1.12042426326543	0.363869922849047	-3.07918899834501	0.00207564958163447	0.00634625410351754	2.68284596373686	down	19682
Palb2	69.2778537859156	1.11988757449676	0.303788133257523	3.68640987548853	0.000227439935793739	0.000859584573826149	3.64313327591887	up	233826
Srebf2	2652.84924834185	-1.11988554306884	0.26434734954421	-4.23641676377598	2.27115057441821e-05	0.000104650096819806	4.64375407164943	down	20788
Ccdc14	89.8943002322865	1.11972924688321	0.347820279498289	3.21927533523448	0.00128515021879241	0.00412998207828215	2.89104610550029	up	239839
Snai2	126.967506069385	-1.11956692379184	0.294029190739458	-3.80767270411561	0.000140280766669353	0.000553647559537827	3.85300186925646	down	20583
Rassf8	1490.68232894265	-1.11943332432092	0.129546737895721	-8.64115409237095	5.5648003148413e-18	1.33112788649173e-16	17.2545504151062	down	71323
Nhej1	156.068088555929	-1.119201653315	0.208119534144546	-5.37768671218374	7.54489535002277e-08	5.24492797328659e-07	7.12234677964225	down	75570
Zfp174	222.044027286509	1.11884075986262	0.301525012916311	3.71060678860881	0.000206763052366221	0.000789496199953192	3.68452706512873	up	385674
Eml4	1311.26193378641	1.11844394598318	0.294420925143244	3.79879230879741	0.000145402871701581	0.000571636932928878	3.8374270160916	up	78798
Acrbp	265.435215306632	-1.11798197598013	0.220238581121704	-5.07623128648079	3.84994619919392e-07	2.38298180686847e-06	6.4145453394672	down	54137
Tceal8	1162.66953297369	1.11758114819112	0.18138856792479	6.16125459821981	7.21708474456636e-10	6.67814434605333e-09	9.14163819509277	up	66684
Lpcat3	3310.78805709337	-1.11693112502024	0.183505668139253	-6.0866301098267	1.15311954702594e-09	1.03469105300706e-08	8.93812566588628	down	14792
Cdipt	3135.1562073755	1.11689575062203	0.155007104441325	7.20544877376773	5.7852990801452e-13	7.76859965741115e-12	12.2376741845948	up	52858
Akap1	3926.21270553512	-1.1167783804829	0.147134612798578	-7.59018125810904	3.19458291617401e-14	4.99309160989016e-13	13.495585835167	down	11640
Gucy1a1	368.722991284258	1.1167379521465	0.232371912096338	4.80582159036293	1.5411728869908e-06	8.64205740008588e-06	5.81214863989642	up	60596
Impg2	123.249880055422	-1.11673485088798	0.291922699122124	-3.82544712777133	0.000130534948834351	0.000518050489438222	3.88427319672516	down	224224
Hint2	2092.9842388452	-1.11623423011077	0.251117419952943	-4.44506888578235	8.78637093001257e-06	4.32822610970381e-05	5.05619046628158	down	68917
Sorbs1	886.622433186291	-1.116225071035	0.215552292646742	-5.17844211874994	2.23746470733719e-07	1.4467636133138e-06	6.65024380630461	down	20411
Wnt9b	132.461472060921	1.1161154535957	0.349874990855857	3.19004067957382	0.00142252768557824	0.00453513131018123	2.84693927250628	up	22412
Clic1	1008.83006592298	1.11592181819521	0.18979285228207	5.87968305854177	4.11052782162877e-09	3.44440051058675e-08	8.38610240797727	up	114584
Helb	438.316636469382	-1.1158164821534	0.160817480003904	-6.93840297787473	3.96557191070541e-12	4.84832080714561e-11	11.4016941703256	down	117599
Lonrf3	185.290495065348	-1.11534057502792	0.276942692548332	-4.02733347020256	5.6412996155391e-05	0.000241236654223453	4.24862083381125	down	74365
Arhgap45	836.484937019009	1.11503311414152	0.156594583106716	7.12050884532604	1.07529331693003e-12	1.40569233610351e-11	11.9684730533777	up	70719
Snap47	2387.32281661743	-1.11484944137868	0.169152018134495	-6.59081371699773	4.37422449136703e-11	4.75070878769112e-10	10.3590989321214	down	67826
Gm12811	53.6990700964385	-1.11448522030572	0.471841312270977	-2.36199160887734	0.018177053627913	0.0432173533348677	1.74047651147928	down	NA
Cntln	75.1809440617174	1.1143946807543	0.333135045001826	3.34517396915775	0.000822309739128389	0.00276052934739475	3.08496456608929	up	338349
Kcnip3	43.2145365448409	1.11348777631626	0.312021266527921	3.56862783331026	0.000358855752156341	0.00130305984603479	3.44508008800005	up	56461
Cstb	1734.16761942468	1.11338856251436	0.215132208557005	5.17536899742903	2.27460983591549e-07	1.4693018114857e-06	6.64309308720057	up	13014
Fmnl3	329.326021203531	1.11323459945138	0.21692870533814	5.13179939794556	2.86985272992543e-07	1.81902186199619e-06	6.54214038905756	up	22379
Tln2	538.075176761309	-1.11314896036281	0.206999822693743	-5.37753581562105	7.55121951035982e-08	5.24742991308151e-07	7.12198290481443	down	70549
Zfp28	132.435969358532	1.11153063046318	0.256529061458379	4.33296182562739	1.47116627073757e-05	6.98441265022746e-05	4.83233824067623	up	22690
1700030N03Rik	1303.21531539788	1.11121522170007	0.383211666728713	2.89974267011742	0.00373469127304529	0.0107185068705484	2.42774529316705	up	70011
Nfix	3808.40466953716	-1.1107082547971	0.198296520711301	-5.60124933515184	2.12812364000771e-08	1.61018266451821e-07	7.67200314394596	down	18032
Uqcrq	10512.8657994851	-1.10992716400706	0.159283416714883	-6.96825311070412	3.20900513868754e-12	3.97124697625754e-11	11.4936295874536	down	22272
Spata13	1379.97023549956	-1.10974769266808	0.153073469622059	-7.24977159927235	4.17475020314848e-13	5.69730615959087e-12	12.3793695054833	down	219140
Dzip3	115.028695765072	1.10960127119562	0.336362718744968	3.29882358941487	0.000970909057673589	0.00320958365915238	3.01282144733216	up	224170
Col16a1	236.612192047213	1.10918494719242	0.27089700288812	4.0944895490428	4.23099496840096e-05	0.000185543245528419	4.37355749114164	up	107581
Nat14	30.645964380987	-1.10802107962507	0.394701866443459	-2.80723547017682	0.00499687011329806	0.0138925398356436	2.30130193929287	down	269854
Wdr81	2061.11173311935	-1.10795837063942	0.193716302184148	-5.71948957391407	1.06844530111312e-08	8.48761663293494e-08	7.97124770656758	down	192652
Ska2	39.1747138376263	1.10794651935014	0.360747815553918	3.07124942017713	0.00213165002974043	0.00650198843223216	2.6712840954375	up	66140
Asap2	502.662582279523	-1.10749370332536	0.204769980222332	-5.40847687792362	6.35629915314768e-08	4.46541030620254e-07	7.19679567132873	down	211914
Pcx	18040.0216127547	-1.10728597149447	0.146320672470089	-7.56752926843486	3.80389489564431e-14	5.89756844690232e-13	13.4197714914382	down	18563
Gm29650	50.6473038731364	1.10721333358771	0.428389149820092	2.58459705165898	0.00974928620538756	0.0250209589725367	2.01102718003576	up	NA
Map2k3os	98.7801172208855	1.10643873433853	0.343712495759945	3.21908207582679	0.00128601670096906	0.00413207702216925	2.89075339137166	up	24082
Ap1s3	68.1901885425735	1.10577462461158	0.373740011754525	2.95867338212066	0.00308966380214187	0.00905411142505615	2.51008877520889	up	252903
Crat	2008.55089937607	-1.10565509846024	0.310070615308675	-3.56581708769648	0.000362724301289476	0.00131512316807195	3.44042334719768	down	12908
Josd2	1726.666402344	-1.10563881603157	0.236543231323112	-4.6741511471165	2.9517189578126e-06	1.58279867033248e-05	5.52992499538612	down	66124
Fbxl15	241.315689508117	-1.10505532368497	0.310912297477078	-3.5542348522462	0.000379080537101823	0.00136747373968391	3.42126851271486	down	68431
Chpf	200.774142848605	1.10502860920513	0.279911948983236	3.94777219486013	7.88818094605338e-05	0.000328847829177752	4.10302313572263	up	74241
Ggt7	33.9368901698447	1.10494760545065	0.4019017204851	2.74929802270308	0.00597230574873972	0.0162593976385879	2.22385796692298	up	207182
Ust	76.7028143343462	1.10449907501586	0.367493536686774	3.00549251824598	0.00265151119129076	0.00791589139527053	2.57650653550542	up	338362
Cc2d1b	860.760891318986	1.10277298973186	0.133925045840704	8.23425508506862	1.80678339309816e-16	3.64689947772518e-15	15.7430939098745	up	319965
Tmem200b	100.333147543301	1.10275723750702	0.309385141598748	3.56435099568298	0.000364757587342045	0.00132125133594026	3.43799566555785	up	623230
Traf3ip3	60.0231109422753	1.10235917927719	0.362149311830692	3.04393559028093	0.00233505127964322	0.00705178178599607	2.63170357752976	up	215243
Junos	141.408761836021	1.10221911390756	0.30914520687247	3.56537668838013	0.000363333963645682	0.00131683771954851	3.43969400336361	up	230451
Derl2	3913.67154530528	-1.1021554989493	0.136201917685822	-8.09207034435191	5.86590142776942e-16	1.11614424795581e-14	15.2316652392988	down	116891
Rida	15753.989719632	-1.10191261885637	0.146491718071712	-7.52201307596754	5.3939188158789e-14	8.18481487143925e-13	13.2680955944202	down	15473
B330016D10Rik	89.148308862556	-1.10178956277521	0.302125284529913	-3.64679693885773	0.000265529594619571	0.000989556391328518	3.57588706756295	down	320456
Lrp3	871.907991631587	-1.10151292108396	0.200441050481772	-5.49544576041886	3.89724717658923e-08	2.84155212542227e-07	7.40924204890977	down	435965
Armcx2	163.711027604002	1.1004557164493	0.267786920745116	4.10944535075606	3.9661055573123e-05	0.000175043155195062	4.40163573129355	up	67416
2810039B14Rik	97.1125491024109	-1.10019081846512	0.2460135955856	-4.4720732439452	7.74648838876759e-06	3.85542466823749e-05	5.11089512575164	down	72665
Aldh9a1	10118.0483071312	-1.09966500207819	0.250359020360186	-4.39235223279002	1.12130839512785e-05	5.41965724311795e-05	4.95027492631448	down	56752
Adcy9	1121.55795832204	-1.0992838994402	0.237334963827198	-4.63178236241915	3.62531137831869e-06	1.91484355795912e-05	5.44065468589906	down	11515
Sema4a	3140.57853483847	-1.09917806165519	0.189133910050927	-5.81163928435269	6.18640298405038e-09	5.0951828854095e-08	8.20856179334528	down	20351
Ajuba	812.456646576931	1.09771962183657	0.231227704536166	4.74735336770545	2.0609570125577e-06	1.13420372202947e-05	5.68593106664082	up	16475
Frmd8	1446.75567715256	1.09739821204165	0.205791190622525	5.33258109213511	9.6826505944058e-08	6.61871209960518e-07	7.01400573970095	up	67457
Tspan5	58.3873432157919	1.09735324766044	0.407187470374686	2.69495828702851	0.00703974433576214	0.018741506557367	2.15244311295788	up	56224
Ets2	1841.83763116601	1.09709370174393	0.190633548540074	5.75498756722408	8.66481715562194e-09	6.95496953516699e-08	8.06224059730578	up	23872
Tmbim6	54166.0517975696	-1.09674762314805	0.158872620252143	-6.90331424890852	5.08030733669404e-12	6.1371642456324e-11	11.2941100139773	down	110213
Morrbid	96.1316435822763	1.09668343647145	0.295189335695256	3.71518650525922	0.000203053869970467	0.000777337041779585	3.69238872894763	up	100043424
Nthl1	224.997057936502	-1.0962895724068	0.206966423231109	-5.29694409021423	1.17756730686354e-07	7.96181041466441e-07	6.92901426028057	down	18207
2810001G20Rik	99.3205572685191	1.09606608712752	0.361705512685815	3.03027199941956	0.0024433358705184	0.00735828519279049	2.61201682910245	up	66456
Wdr1	2855.74912813847	1.09596112294297	0.147847014790641	7.41280521960421	1.23655437864594e-13	1.80387053903077e-12	12.907786780373	up	22388
Selenop	109968.31577814	-1.09571625008971	0.101317502067075	-10.8146788830652	2.93318093952839e-27	1.79305816417646e-25	26.5326611458108	down	20363
Itm2c	2154.18187897483	1.09556743470756	0.17805920410464	6.1528267534192	7.61139377663345e-10	7.01267935707434e-09	9.11853580918524	up	64294
Gm15788	36.4415969432552	-1.09510536446776	0.384228773140036	-2.85013887824753	0.00437001433198067	0.0123277169611222	2.35951713870694	down	NA
Scn1b	209.581564820017	1.0939778665944	0.351649618417377	3.11098835118298	0.00186462294768727	0.00577160898258578	2.72940897527305	up	20266
Gm50340	49.3104074309898	1.09321209024323	0.35584078513772	3.07219446421839	0.00212491243736289	0.00648349134746631	2.67265896149773	up	115489003
Ddah2	201.947616693146	1.09309934195506	0.23163548765685	4.71904954207363	2.36949114315196e-06	1.29035411347664e-05	5.62534491029753	up	51793
Polr2i	669.381653575772	-1.09260429757762	0.222950714983313	-4.90065392999254	9.5518183928874e-07	5.53338793542238e-06	6.01991394330397	down	69920
Clybl	219.157740380212	-1.09244147531788	0.229171465718744	-4.76691752130522	1.87065843220976e-06	1.03467146654818e-05	5.7280055040813	down	69634
1810058I24Rik	1832.36775781723	-1.092294388604	0.198104160966634	-5.5137377391481	3.51291957347553e-08	2.58383419812241e-07	7.4543317930476	down	NA
Mras	181.560597369884	-1.09212933660251	0.235406332797493	-4.63933711393403	3.49528496749336e-06	1.85158754701657e-05	5.45651741082968	down	17532
Dnase1l1	273.817574377245	1.09181229502509	0.255531596200794	4.27270956413217	1.93111917913705e-05	9.01469840326375e-05	4.71419092288327	up	69537
Adhfe1	1784.11641152389	-1.0913928216257	0.276320408455744	-3.94973656750546	7.82372520474651e-05	0.000326372730811523	4.10658641181939	down	76187
Tmem65	450.073485761492	1.09135979071775	0.242884676415017	4.493325008503	7.011964367457e-06	3.51895715037144e-05	5.15416029951722	up	74868
Tspan12	3985.30345897087	-1.09119073010952	0.131435427452602	-8.30210508124246	1.0228267721585e-16	2.12924889996584e-15	15.9901979129799	down	269831
Gm11767	48.285621133896	-1.09094278357044	0.342631667675676	-3.18401037175317	0.00145249807899044	0.00462226128062136	2.83788443331588	down	102640451
Zfp658	81.83279774993	-1.09054990207045	0.331900098832807	-3.28577757555838	0.00101701282989237	0.00334991430934101	2.99267356830015	down	634762
2810402E24Rik	215.027003023218	1.09037724543484	0.231596931245942	4.70808157763077	2.50059031969963e-06	1.35675872629293e-05	5.60195745439816	up	100504278
Iah1	3070.63897900791	-1.09023963912227	0.146262461077017	-7.45399490131778	9.05554990463539e-14	1.34547584076897e-12	13.0430851717113	down	67732
Nim1k	146.944697034648	-1.09008793110499	0.359151533279098	-3.03517549027942	0.00240395765119533	0.00724646387035559	2.61907318725756	down	245269
Prdx3	7412.05574938452	1.08935244325849	0.1989917367747	5.47436019663399	4.39095129638204e-08	3.15728745941495e-07	7.3574413799828	up	11757
Acy3	2111.12113534876	-1.08835979186548	0.308002869451216	-3.53360276741793	0.000409936686233137	0.00146696540236114	3.38728321387265	down	71670
Wdr93	120.749216784736	1.08770696040001	0.326460968533734	3.33181318822075	0.000862821540301562	0.00288195864354673	3.06407902129164	up	626359
Lyst	1083.82306379625	-1.08745363513949	0.141928761427927	-7.66196804790484	1.83105201064463e-14	2.94067869199107e-13	13.7372993194803	down	17101
Gm21973	128.173299593113	-1.08699247892282	0.268598663931305	-4.04690203224848	5.18999496191379e-05	0.000223776406150049	4.28483306373422	down	NA
Fbxo30	642.450036372952	1.08579576065786	0.229795522457252	4.72505185935399	2.30056639007701e-06	1.25779972763552e-05	5.63816522928549	up	71865
Zfp112	62.5308775241756	1.08550399926207	0.302069794729306	3.59355360318242	0.000326198503867001	0.00119461361553118	3.48651803521419	up	57745
B630019A10Rik	1970.13492164964	-1.08524144946438	0.313230168513664	-3.46467728384546	0.000530868106220344	0.00185322629684172	3.2750133656526	down	100043541
Dqx1	433.011924947769	-1.08510349381975	0.241177873623792	-4.49918343468098	6.82149780195748e-06	3.43142010643922e-05	5.16612025647169	down	93838
Plgrkt	496.562097217359	1.08362905333081	0.203847404547123	5.31588349500085	1.06141048969258e-07	7.21444418973535e-07	6.97411662464606	up	67759
Slc43a3	1454.2947119001	1.08332160823575	0.22555131388112	4.80299400431216	1.56310567709812e-06	8.7523009357957e-06	5.80601165958214	up	58207
Prmt2	75.9842225682429	1.08222381161068	0.330486054196464	3.27464290207941	0.00105795615165531	0.00346934667170891	2.97553233181762	up	15468
Tent4a	819.541508537458	-1.08204435842379	0.207297791870702	-5.21975824565796	1.79156838693777e-07	1.17661803747864e-06	6.74676660948902	down	210106
Zeb1	659.821906510356	-1.08204028272082	0.107673405297212	-10.0492807832542	9.25403297823015e-24	4.0224753731106e-22	23.0336689571553	down	21417
Setd1b	1406.9993340217	-1.08201328867664	0.17440724060728	-6.20394706612583	5.5064313625434e-10	5.18493116465212e-09	9.25912976987072	down	208043
Ehbp1l1	659.352130451109	1.08151638916617	0.219839839486	4.91956504196342	8.6736742726869e-07	5.06736261513529e-06	6.0617968911832	up	114601
Pim3	2912.28758200363	1.08119555951693	0.368244630128487	2.93607963581081	0.00332388979530277	0.00966548201424798	2.47835338383056	up	223775
Pygb	325.841086870698	1.08094966526807	0.17472475617012	6.18658562737162	6.14812952000949e-10	5.76099182663274e-09	9.21125699198021	up	110078
Lsm14b	854.646843249762	-1.08039144624233	0.160280754801296	-6.74061865744091	1.57713643710441e-11	1.8207037909402e-10	10.802130734497	down	241846
Slc25a13	6847.87247921973	-1.08028400329831	0.142883824023333	-7.56057594820464	4.01288492379616e-14	6.19664090558291e-13	13.3965432942101	down	50799
Xxylt1	274.969356204715	1.08020126932553	0.183795383262398	5.87719479212034	4.17277089719597e-09	3.49351636506112e-08	8.37957545924107	up	268880
Gbp3	298.210902925237	1.08000573732461	0.306278146565845	3.52622526103876	0.000421528268111963	0.0015022825484821	3.37517329583547	up	55932
Inpp5b	1319.32397837246	-1.07988747902987	0.19721488291379	-5.47568957816399	4.35811099094867e-08	3.13601589094573e-07	7.36070171347876	down	16330
Elk4	100.114139564359	-1.07920832144796	0.312828423919775	-3.4498409956658	0.000560916826663036	0.00195140278486421	3.25110153161235	down	13714
Itga8	290.811091444158	1.07916764094746	0.21874863412122	4.93336859122711	8.08234255774953e-07	4.73770436200989e-06	6.09246274659473	up	241226
Xiap	3419.5328358928	-1.07876455433329	0.173816119636889	-6.20635506411535	5.42275852022202e-10	5.11615081163132e-09	9.2657797346149	down	11798
Osbpl8	1428.09448798218	-1.07845137128828	0.218433805494164	-4.93719993958119	7.92522096433038e-07	4.65694400027909e-06	6.10098862030875	down	237542
Slf1	172.667272977229	1.07841087440157	0.311071348641019	3.46676374765093	0.00052676465963602	0.00184090386314904	3.27838336932131	up	105377
Fkbp14	357.535438938318	-1.07791519118864	0.176180748944743	-6.11823481081189	9.46175775170359e-10	8.57794761143147e-09	9.02402817533683	down	231997
Dgke	169.225784038395	1.0778574643984	0.193190543912869	5.57924545667475	2.41564160193373e-08	1.81347347706963e-07	7.61696749962396	up	56077
Tubb4b	12164.8733602047	1.07762471471087	0.175164317497428	6.15207897422769	7.64737779019286e-10	7.04246325815178e-09	9.11648745458113	up	227613
Irf9	1073.80421304501	-1.07704110964273	0.190489286990331	-5.65407706994776	1.56685898031351e-08	1.21024615021728e-07	7.80497008893513	down	16391
Foxk1	1097.68680339701	-1.07675909849886	0.127131953547892	-8.46961812864167	2.46198825003871e-17	5.48069892979715e-16	16.6087140240918	down	17425
2810403D21Rik	85.1182429594228	1.07641159879672	0.371951638079664	2.89395579585048	0.00380421713490417	0.0108944088562931	2.41973470261805	up	69964
Eps8l2	1910.65240748477	-1.07621570530642	0.115115325565653	-9.34902194836454	8.84619321365941e-21	2.82960625452202e-19	20.053243579243	down	98845
Osgin1	12529.9204183502	-1.07569499005014	0.212694204551034	-5.05747202807322	4.24850721380727e-07	2.61204517589632e-06	6.37176363999441	down	71839
R74862	17.6672010075614	1.07557762858599	0.4640063111398	2.31802370520329	0.0204480327708776	0.0478138820930198	1.68934846750253	up	97423
Ctcflos	302.45690326831	-1.07478981106651	0.371223993221608	-2.89525954865988	0.00378845146881908	0.0108573331572526	2.42153827181935	down	74161
Prkch	230.102828681464	1.07454362762419	0.162265889777313	6.62211650950703	3.54091779621849e-11	3.88955579486499e-10	10.4508841554399	up	18755
Tesk2	71.6361520330426	-1.07447851683467	0.376095519820578	-2.85692984948947	0.00427760366275701	0.0121113859917731	2.36879945703693	down	230661
Spag4	46.2751589644489	-1.0735241221604	0.408543944925369	-2.62768335082412	0.00859684985695578	0.0224067326537007	2.06566065810122	down	245865
Mapk7	189.843672884359	1.07320130146129	0.275112267786224	3.90095763484898	9.58129189063456e-05	0.000391630984177582	4.01857592900633	up	23939
Pitpnm1	393.693312238705	1.07293424713153	0.241631052102146	4.44038230102134	8.97992078458163e-06	4.41228258810676e-05	5.04672749439849	up	18739
Klhl23	67.038258723905	1.07281525441117	0.341886295644827	3.1379299728518	0.00170145520909013	0.00532043220302688	2.76917947924583	up	277396
Bcl7c	545.135632426956	-1.07272421787975	0.207265142546798	-5.17561324928305	2.27163587477647e-07	1.46787316794281e-06	6.64366128134514	down	12055
Micall2	203.317482905855	1.07238442151671	0.249192855489526	4.30343165100006	1.68172745366806e-05	7.91768798235503e-05	4.7742443860404	up	231830
Tkfc	4978.75173108525	-1.07235847150822	0.188764217384704	-5.68094147484925	1.33955312349945e-08	1.04600303917702e-07	7.87304005862525	down	225913
Rufy3	2085.211236168	-1.07190130851503	0.13310752745944	-8.05289775096796	8.08564506697312e-16	1.51751638800813e-14	15.0922853266727	down	52822
Got2	17112.7760933589	-1.07174032686912	0.140250629101071	-7.64160798235548	2.14525499980349e-14	3.40833583137096e-13	13.6685210771737	down	14719
Elmo1	216.973475785732	1.07141760186974	0.217385689234046	4.92864827323666	8.28004835086792e-07	4.84916700256425e-06	6.08196712716997	up	140580
Rhbdd1	1485.20505691314	1.07087655060572	0.156843263889939	6.82768595887663	8.62952309650902e-12	1.02007425872546e-10	11.0640132045487	up	76867
Coq10a	1055.2875978358	-1.07083385376771	0.17360685000672	-6.16815438864457	6.90916681972166e-10	6.42409059780591e-09	9.16057432128195	down	210582
Atxn7l1	531.02633835085	-1.07062499865662	0.209490923867988	-5.11060326093781	3.21131729223525e-07	2.0122722349262e-06	6.49331678211361	down	380753
Mamstr	37.1065875999055	1.07022778819811	0.463397393218176	2.3095248351866	0.0209144751790462	0.0487919958865657	1.67955302898935	up	74490
Zfp189	180.719424269593	-1.06993225855941	0.183212088448986	-5.83985624320487	5.22458845883107e-09	4.33454008458643e-08	8.28194791327391	down	230162
Pea15a	1048.47110540893	1.06979428232807	0.155335243876839	6.88700294684112	5.69800422900549e-12	6.86183673756909e-11	11.2442772327671	up	18611
Adgre4	197.550088230484	1.06956626795231	0.263115205837587	4.06501123546817	4.80301481553427e-05	0.000208632648968933	4.31848607372022	up	52614
Rcl1	3710.05984623692	-1.0695410173192	0.140174258839312	-7.63008148696734	2.34605373533128e-14	3.71204689626451e-13	13.629662044782	down	59028
Cbx4	909.505033974612	-1.06868409578592	0.26829635885925	-3.98322250935413	6.79870453290468e-05	0.000287382165143977	4.16757383255988	down	12418
A230056P14Rik	81.1658778024616	1.06843698663488	0.317201234419723	3.36832543728727	0.00075626270474417	0.00255618652669014	3.12132731640038	up	320845
Masp2	6300.59653786581	-1.06803903519465	0.201716453348585	-5.29475418323449	1.19176613919586e-07	8.05498377548453e-07	6.92380895803634	down	17175
Acsm5	5211.43923139782	-1.06716218306018	0.107875216483256	-9.89256121887662	4.48406202778877e-23	1.82547776759198e-21	22.3483283884633	down	272428
Insig2	10338.6268666628	-1.06692127805923	0.291086575980416	-3.66530567225819	0.000247043338197149	0.000927846015276827	3.60722685285826	down	72999
Rspo3	276.970846859562	1.06689205188323	0.208704591708348	5.11197210923921	3.18812905601921e-07	1.99969423787316e-06	6.49646410660386	up	72780
Rpsa-ps2	30.4282801296987	1.06669676042993	0.404196187201421	2.63905695849221	0.0083137011340703	0.0217423100689471	2.08020559182849	up	622655
Ldlr	5678.14625043013	-1.06653078543795	0.319861123904508	-3.33435577421517	0.000854972256900483	0.00285772362070399	3.06804797751804	down	16835
Abcb1a	157.063898238807	1.06482131953351	0.456484443452816	2.33265631459263	0.0196661907341552	0.0462114563105426	1.706279753113	up	18671
Zfp930	246.411541730144	1.064690717985	0.30839881101169	3.45231784290064	0.000555792605162605	0.00193564378335151	3.2550872358214	up	234358
Mcu	1285.44965473812	-1.06467255802201	0.15764494895888	-6.75361034434231	1.44210732412149e-11	1.67284449598093e-10	10.8410024174673	down	215999
Cbx8	244.241676867045	-1.06432366205147	0.307004610932426	-3.46680025039016	0.000526693133528895	0.00184090386314904	3.27844234348028	down	30951
Trim14	2066.74567221462	-1.06398248506358	0.20366462049748	-5.2241890735104	1.74919977614639e-07	1.15036171070611e-06	6.75716058690595	down	74735
Clic5	91.3919056568605	-1.06363813695213	0.298848434325809	-3.55912233353893	0.000372096191425373	0.00134530309089128	3.42934477515828	down	224796
Mrc1	1668.18222062279	1.06354638414297	0.171883270176466	6.18760850343995	6.10838013027305e-10	5.72932137304129e-09	9.21407394421826	up	17533
2410022M11Rik	139.105194999012	1.06237370060339	0.195484793326224	5.43455929500616	5.4932028502754e-08	3.89315841313593e-07	7.2601743632709	up	100503842
Serpina1b	157955.851979784	-1.06231127976643	0.246273862737913	-4.31353643442441	1.60663647879852e-05	7.58827373945165e-05	4.79408237657276	down	20701
Rttn	87.2066282988547	1.06198912172566	0.316972341458408	3.35041573923891	0.000806903544723201	0.00271448893382075	3.0931783766758	up	246102
Shld2	963.750221636197	-1.06162313966697	0.200967656188187	-5.28255720250259	1.2739303970448e-07	8.55029756901172e-07	6.89485429963421	down	75698
Clba1	42.7933082826119	1.06098063707306	0.303281145076857	3.49834025060869	0.000468163456330029	0.00165351348405925	3.32960248925882	up	217887
Dlg3	657.487529818038	-1.06078553939436	0.168062992061491	-6.31183300013032	2.7574970005335e-10	2.71325305274773e-09	9.5594849512912	down	53310
Gm15952	276.112882030744	-1.0603256190051	0.207924009267713	-5.0995824038766	3.4040365078536e-07	2.1233601229423e-06	6.46800579081003	down	102639351
Pxdn	802.197238438641	1.06028758360248	0.175290602672002	6.04874173195959	1.45981460064015e-09	1.2948037747548e-08	8.83570229697699	up	69675
2610002M06Rik	425.293364450957	-1.06010700816049	0.18720440414326	-5.66283156110595	1.48895300420918e-08	1.15377380479082e-07	7.82711900965865	down	NA
Plaat3	286.515368849986	-1.05985690139181	0.181748176189506	-5.83145824960972	5.49450604820467e-09	4.5467214638689e-08	8.26007134421981	down	225845
Hdac9	105.568546579568	1.05961233778671	0.296681596839856	3.57154723809403	0.000354878523157117	0.00128983405849631	3.44992028286313	up	79221
Aamdc	404.690446215801	-1.05946801684185	0.252055519488728	-4.2033121075503	2.63037503864901e-05	0.000119741138875237	4.57998232542518	down	66273
Slc9a9	345.748305728363	1.0590939611667	0.17764956086969	5.96170323181135	2.49622198538035e-09	2.14585939957518e-08	8.6027167960974	up	331004
Ddi2	7702.64788900302	-1.05789535446027	0.136629994295081	-7.74277536874903	9.72698051986476e-15	1.61746750337233e-13	14.0120219538812	down	68817
Hprt	3798.52937243686	1.0576445964637	0.192482342685524	5.49476165817282	3.91238444307658e-08	2.850430375932e-07	7.40755847665964	up	NA
Pyurf	704.269462379506	-1.05708716268518	0.176000820640752	-6.00614905565055	1.89981547504412e-09	1.65608179209821e-08	8.7212885790797	down	66459
Gpm6b	64.3833335191316	1.05627086940823	0.375881806517133	2.81011437929249	0.00495238963815997	0.0137828031323036	2.30518519374442	up	14758
Usf3	1636.73661098574	-1.0561573983085	0.150511371614551	-7.01712692522162	2.26476861365095e-12	2.85782335677999e-11	11.6449761622815	down	207806
Emcn	147.650000873447	1.05606675714163	0.261157931692911	4.04378588195984	5.25949552269875e-05	0.000226468796478281	4.2790559102598	up	59308
Zmat3	579.958246839986	1.05596781555635	0.206197673644432	5.12114320638392	3.0368890030754e-07	1.91355807078599e-06	6.51757108105928	up	22401
Tie1	956.859019570103	1.0556640177312	0.182043604993769	5.79896238468431	6.6726496147864e-09	5.45135939678943e-08	8.17570167963897	up	21846
Nsmf	3921.00227550942	-1.05556396265471	0.225913778619059	-4.67241958019136	2.97672082474541e-06	1.59487301617411e-05	5.52626189426086	down	56876
Supt3	228.841083045644	-1.05516745975213	0.261179949413557	-4.04000177701756	5.34507964531677e-05	0.000229845586534657	4.27204581912426	down	109115
Hdac5	2171.82954488653	-1.05488382404889	0.119536406453576	-8.82479116902823	1.0966425362613e-18	2.82690076014023e-17	17.959934912834	down	15184
Gm26839	46.1477603250916	-1.05261916880315	0.383429095870351	-2.74527723675689	0.00604597983079464	0.0164297752782644	2.21853330594901	down	102639404
Pex16	2476.18372382235	-1.05254789143799	0.27664092168966	-3.8047440162116	0.000141950914617744	0.000559374619355474	3.84786180488409	down	18633
Vav3	110.46113574742	1.05158571446254	0.262842985455576	4.00081330928372	6.31251466761737e-05	0.000268153060753673	4.1997975997552	up	57257
Coq2	2474.24055833009	1.05154805539583	0.122756288049527	8.56614412266669	1.07007939239047e-17	2.47959672441286e-16	16.9705839995129	up	71883
Trib2	149.191422212554	1.05012690630561	0.240164663179279	4.37252879921685	1.22815609960442e-05	5.8975994648336e-05	4.91074643051703	up	217410
Gatd1	692.159673819954	-1.05004269114925	0.15647465250219	-6.71062484790981	1.93792755383626e-11	2.21070692989757e-10	10.7126624623509	down	213350
Ankrd42	73.5142668970537	1.04979507940515	0.287593505720572	3.65027394055671	0.000261960774500073	0.000978339153175601	3.58176373422808	up	73845
Spred3	46.1952609085771	1.04958044160131	0.373014823823563	2.81377675783138	0.00489632183906358	0.0136504377201402	2.31013004340833	up	101809
Pfkfb3	470.726666711855	1.04954509394918	0.237429748562062	4.42044478548077	9.84979515290184e-06	4.80171279656399e-05	5.00657280147086	up	170768
Vash1	79.6596116639903	1.04924517117051	0.359635805362773	2.91752143564267	0.00352825396736964	0.010182862469375	2.45244016144909	up	238328
Arap2	718.911586779967	1.0487977304425	0.21013685043201	4.99102241366198	6.00605270602001e-07	3.58501397728213e-06	6.221410860976	up	212285
Rasl11b	335.473597992223	1.04875648498811	0.168263653592952	6.23281655065662	4.58122550079296e-10	4.36497170921669e-09	9.33901833050296	up	68939
Spata9	41.7395691627855	-1.0483835709429	0.386426219487775	-2.71302390488041	0.00666722967529939	0.0178907712691702	2.17605458387292	down	75571
Cygb	411.69681609612	1.04827395243891	0.263976397637462	3.97108969521805	7.15446347003919e-05	0.000301392143030135	4.14542292944274	up	114886
Fuca2	475.567433527569	1.04782202885257	0.193465306012513	5.41607201026937	6.09225729972116e-08	4.29401561359556e-07	7.21522176300353	up	66848
Tmem106a	804.036689490504	1.04760076505998	0.167602011534096	6.2505262047339	4.09072088636451e-10	3.90922686788263e-09	9.38820015180131	up	217203
Col14a1	3036.30153706983	1.0469232861058	0.146478895521448	7.14726365445934	8.85247521519671e-13	1.16996062281282e-11	12.0529352804883	up	12818
Pllp	114.290232128653	-1.04663567010871	0.222354946193741	-4.70704919330538	2.5132827429618e-06	1.36326119714007e-05	5.59975865076248	down	67801
Stx3	530.045012954838	1.04637216588644	0.156308594817525	6.6942714641378	2.16748728041039e-11	2.45946582625707e-10	10.6640434424394	up	20908
Dpysl3	157.204922043585	1.0463528477995	0.268319719451068	3.8996494552847	9.63320585303693e-05	0.000393502358731606	4.01622915912806	up	22240
Eif4a-ps4	73.9492579762431	1.0462348718899	0.334452795625239	3.12819891349399	0.00175881107227736	0.00548197895884959	2.75478080902127	up	13674
Peli3	60.8888868459646	-1.04615151160007	0.27776473019879	-3.76632235075838	0.000165669867500279	0.000644602741682235	3.7807564750953	down	240518
Nlrp6	6722.74961320048	-1.04545662747951	0.385983075075722	-2.70855562066915	0.00675767840143708	0.0180915196716135	2.17020248018536	down	101613
Epop	128.301628977382	-1.04497782109749	0.201752546477716	-5.17950251107693	2.22478418238432e-07	1.44001493163e-06	6.65271211184959	down	103551
Gm4890	80.8884569926908	1.04435725519706	0.295677498332837	3.53208228926994	0.00041230103287798	0.00147405657057155	3.3847855772223	up	234479
Tmem181b-ps	343.989832315957	1.04413998236401	0.197277435781443	5.29274915921341	1.20491140248934e-07	8.13241288690317e-07	6.91904488572362	up	547127
Dnmbp	1718.79341901597	-1.04412113727499	0.182701384060569	-5.71490545976837	1.0976503117588e-08	8.69808823178082e-08	7.95953599491497	down	71972
Gars	3368.44396854338	1.04304809605199	0.124735837726582	8.36205628680936	6.16344242624351e-17	1.31286778052815e-15	16.2101766564816	up	NA
Ppp2r5a	7658.13634303413	-1.04278881621208	0.139084701596715	-7.4975091023002	6.50419596787988e-14	9.80773669205129e-13	13.1868063821608	down	226849
Myl12a	70.3751563157398	1.04224217755772	0.380290595724586	2.74064672983008	0.00613183964366867	0.0166513473668712	2.21240921108779	up	67268
Manf	3770.24232951504	-1.0420556870973	0.25012708844087	-4.16610489328765	3.09848178455651e-05	0.000139370159409998	4.50885105264964	down	74840
Bmp6	252.926944240135	1.04196704495743	0.268197068819494	3.88507991360157	0.000102296234031403	0.000415047678573262	3.99014035425935	up	12161
Ubash3b	166.138720352333	1.0416713690025	0.292851243769209	3.55699827528622	0.000375116618033027	0.00135545986054494	3.42583369575283	up	72828
Lipg	618.218628184562	1.0415739113307	0.243956353795335	4.26950925903949	1.9590351739212e-05	9.13394220557544e-05	4.70795776630095	up	16891
Slc35d2	2403.19855442503	-1.04129213989513	0.16903416399475	-6.16024663468308	7.26317350250486e-10	6.71433840442792e-09	9.1388735812991	down	70484
Zbtb25	211.08946660148	1.04095689357664	0.279124916029434	3.72935855524581	0.00019196782814742	0.000738272917676596	3.71677154852963	up	109929
Ptpn3	1404.54818262812	-1.04091492286472	0.150831147328128	-6.90119342923409	5.15674588498448e-12	6.22169791737225e-11	11.2876242693046	down	545622
Cep131	214.922520716133	-1.04081076669137	0.251498810361956	-4.13843216671061	3.49687225818237e-05	0.000155833770431751	4.4563202323118	down	12009
Pisd-ps2	155.641944828905	-1.04054360557145	0.358422350028912	-2.90312143059024	0.00369463351347635	0.0106137345868269	2.43242863466257	down	328734
Sort1	854.229557056005	-1.03991337086597	0.229921365041039	-4.52290882441638	6.09955193925829e-06	3.08842945417717e-05	5.2147020662113	down	20661
Cd163	503.20633629464	1.03954550702708	0.232739556740845	4.46656134257665	7.94868778702693e-06	3.94789610593218e-05	5.0997045611411	up	93671
Lactb	1836.55454831569	-1.03942250023847	0.139384261783097	-7.45724436131794	8.83507568945342e-14	1.31678186901018e-12	13.0537897255719	down	80907
Il11ra1	1898.63145670317	-1.03941074235573	0.198256930549814	-5.24274606427726	1.58204200775352e-07	1.04578787852048e-06	6.80078198892094	down	16157
Nme6	624.286855202793	-1.03871018820169	0.189031729752807	-5.49489860543515	3.90934962660618e-08	2.8492973660079e-07	7.40789548737902	down	54369
Alpk1	102.419621522739	1.038654615953	0.276522411319284	3.7561317760741	0.000172559856874726	0.000669112485698695	3.7630602281196	up	71481
Sphk2	1618.00079910731	-1.03812121269664	0.154172850122264	-6.73348914464106	1.6564202471029e-11	1.9042404942217e-10	10.7808294695779	down	56632
BC024978	446.25001002509	-1.03772845516317	0.185716715570723	-5.58769549619778	2.30102656564008e-08	1.73419051068358e-07	7.63807836731819	down	NA
BC034090	29.879414602481	1.03754101086925	0.434107495521541	2.39005550830847	0.0168458265401913	0.0404316634498221	1.77350767550876	up	207792
Mccc1	87.7549965073654	-1.03742862458557	0.250541724143426	-4.14074193882246	3.46184256486326e-05	0.000154308426918998	4.46069268653741	down	72039
Zfp318	854.549924754515	-1.03737057958579	0.166439321048613	-6.23272537432905	4.5838936436553e-10	4.36535390713286e-09	9.33876546750434	down	57908
Dnajc3	7350.76762284711	-1.0364607293396	0.117993217406168	-8.78407040780822	1.57662919471502e-18	3.97565367971245e-17	17.8022704357928	down	100037258
Sel1l3	1478.67326614465	1.03522436445156	0.20664358885217	5.00970956903071	5.45122372930576e-07	3.28643594650945e-06	6.26350599327794	up	231238
Dcst2	47.6082873633541	-1.0351524801587	0.355600164539497	-2.91100112818908	0.00360272716669981	0.0103822380008937	2.44336862560523	down	329702
Sorbs2	1641.41391555502	-1.03499818240776	0.19203751216501	-5.38956254295999	7.06293971283655e-08	4.92767996776742e-07	7.1510145007422	down	234214
Lrrc56	177.925856753587	-1.03479128295195	0.335748781654248	-3.08204032149718	0.00205586987269092	0.00629377269770052	2.6870043776927	down	70552
Prkcd	826.049985674508	1.03476800749436	0.193511297556841	5.34732607635179	8.92631176356684e-08	6.12126279626934e-07	7.04932794890572	up	18753
Mcm8	115.027041192713	1.0346179464254	0.228444805717562	4.52896244751809	5.92740313943204e-06	3.01076430632823e-05	5.2271355341619	up	66634
E2f8	130.121212789592	-1.03416310462479	0.293541823058367	-3.52305199255767	0.000426607662896659	0.00151900095353884	3.36997134784617	down	108961
H1f0	3588.32920830212	-1.03339622466992	0.124310789641546	-8.31300507099786	9.33085301101862e-17	1.96151643646479e-15	16.0300786519615	down	14958
Prickle3	262.147757492429	-1.03206382192899	0.21415509272914	-4.81923548385716	1.4410937866505e-06	8.12582780548813e-06	5.84130775430095	down	54630
Hmga1	823.832585121007	1.03200672949111	0.301854983904542	3.41888252478705	0.000628788669369375	0.00216252091755254	3.20149529278718	up	15361
Tomm40l	352.67900707675	1.03193832663312	0.203109230895469	5.08070618988367	3.76034332603071e-07	2.33201839246529e-06	6.42477250140381	up	641376
Tnfrsf11b	191.166109903552	1.03189337700886	0.211016940943635	4.89009731822667	1.00786136943899e-06	5.81059237422672e-06	5.99659920065652	up	18383
Zfp704	199.013882722946	1.03148005924305	0.206007685915472	5.00699794116554	5.52855180945182e-07	3.32784600321364e-06	6.25738861616934	up	170753
Arhgap32	547.496441646237	-1.03110861203029	0.244948591331266	-4.20948986244969	2.55947925549527e-05	0.000116568903840626	4.59184838604358	down	330914
Atp1b3	1952.58484264086	1.03021905182133	0.163697638525782	6.29342647272874	3.10533633993421e-10	3.04152373152458e-09	9.50789135437091	up	11933
Armc9	300.300876889745	-1.03017856578708	0.193196147443657	-5.33229352354201	9.69800115205524e-08	6.62685273896294e-07	7.01331776862932	down	78795
Grap	193.445497242302	1.03016485055779	0.171842465658612	5.99482116722153	2.03709491327156e-09	1.7677467169877e-08	8.69098873567838	up	71520
Cdc42ep4	1878.34399737645	-1.02939957715364	0.146677135834907	-7.01813252143321	2.24853232235382e-12	2.83961705608254e-11	11.6481008651256	down	56699
Gm47469	98.5418329329431	-1.02917623482324	0.389828677079367	-2.64007317915635	0.00828881270942976	0.0216860567299972	2.08150767339074	down	NA
Sord	47086.4227999082	-1.02881780111446	0.215940115487421	-4.764366263268	1.89448116671916e-06	1.04737666799725e-05	5.72250970774481	down	20322
Lck	74.0119897648139	1.02872818250046	0.287218499250916	3.58169193552452	0.000341376199330676	0.00124404619498703	3.46676676107622	up	16818
Fads3	737.988357965348	-1.0286720017442	0.281288898474314	-3.65699466748823	0.000255189687221915	0.000955460357212754	3.59313688039411	down	60527
Tiam1	98.093535776712	1.02866362862069	0.208914614210231	4.9238471540605	8.48591269538886e-07	4.96218447805672e-06	6.07130144064693	up	21844
Cep78	215.133633542929	1.0280963276238	0.225092259359678	4.56744416955266	4.93707118203958e-06	2.54057302729434e-05	5.30653061113491	up	208518
Plvap	2100.37321404664	1.02784195114336	0.193574613587126	5.30979725128442	1.09747253734014e-07	7.43855374129594e-07	6.95960633853993	up	84094
Pard3	3624.1268078236	-1.02782047342685	0.141269993693557	-7.27557527649077	3.44947275459307e-13	4.73773518990329e-12	12.4622472809469	down	93742
Sirt7	2061.21098457195	-1.02781368008555	0.152290663429768	-6.74902621695879	1.48840696518048e-11	1.72447439960982e-10	10.8272783063122	down	209011
Lnpk	235.877187240897	1.02745533763087	0.23110458467039	4.44584575895052	8.75467475219719e-06	4.31592465510264e-05	5.05775998389805	up	69605
Cnnm4	155.256763213312	-1.02730626167088	0.273633854406148	-3.75430980168876	0.000173819772673154	0.000673726558493206	3.75990082239591	down	94220
Pcbd2	316.431823289716	-1.02656227365324	0.25369961174834	-4.04636911573816	5.20181875721348e-05	0.000224236001766068	4.28384478364982	down	72562
A2ml1	773.105066918782	1.02624200185002	0.291382113422752	3.52198008928948	0.000428336312740794	0.00152487410577496	3.36821510619075	up	232400
Gfod1	290.95575698276	-1.02610463346828	0.204288114261052	-5.02283080530598	5.09153956006692e-07	3.08893149869719e-06	6.29315087751713	down	328232
Zfp804b	23.3305438172036	-1.02498121986216	0.414137821942792	-2.47497612039827	0.0133245084602679	0.0329451380214327	1.87534880308419	down	207618
Notch4	282.300259916809	1.02460655425959	0.191440765884248	5.35208135804839	8.69482876755357e-08	5.99025483892707e-07	7.06073896639719	up	18132
Gm32391	50.0123817696699	-1.0245789758132	0.427068008671556	-2.39910027210953	0.0164354133507264	0.0395748805153918	1.78421936893665	down	102634922
Pam	1332.92919927494	1.02437797202089	0.197259503038165	5.19304751478918	2.06879358138278e-07	1.34356455996988e-06	6.68428283989908	up	18484
Defb1	70.4329413548696	1.02430765064264	0.431966004808492	2.37126912590438	0.0177271179079227	0.0422938151945185	1.75136186667937	up	13214
Gmip	512.6183190039	1.02425757898804	0.187242263603901	5.47022642897968	4.49460983410387e-08	3.22330582963589e-07	7.34730800231788	up	78816
Cenpm	123.477419959573	1.02370619004159	0.436125855089407	2.34727241711392	0.0189114223100052	0.0446820058897498	1.72327580705354	up	66570
Tnfrsf26	56.1952254576239	1.02297342225595	0.302959011929687	3.37660667606537	0.000733859086281833	0.0024870099551994	3.13438732417847	up	244237
Aspscr1	1294.98098346618	-1.02249839698832	0.177767430897491	-5.75188824986701	8.82521308688149e-09	7.07486691094879e-08	8.05427479966937	down	68938
Slc49a4	1690.74050344726	-1.02248219432181	0.157747992471321	-6.48174457438942	9.06680437085707e-11	9.44242211818408e-10	10.0425457546874	down	224132
Soga1	160.43963199252	1.02232751627777	0.239258252703998	4.27290387990319	1.92943643691095e-05	9.00902716516906e-05	4.7145695241947	up	NA
Atp8b1	1376.79295290899	-1.02135876111761	0.178538008120013	-5.7206797133698	1.06098737340843e-08	8.43185012891156e-08	7.97428978451683	down	54670
Tmtc4	69.7483112098958	-1.02036399818596	0.303796942835484	-3.35870397069307	0.000783089060544161	0.00263898546549499	3.10618884291862	down	70551
Trim30a	656.019227997764	1.02012555239743	0.164765618486245	6.19137391507796	5.96420365214207e-10	5.60227831832428e-09	9.22444753565977	up	20128
Slc44a1	1904.47626465594	-1.01930396701731	0.152498081891855	-6.68404450975427	2.32436157821012e-11	2.62048633196804e-10	10.6336963120791	down	100434
Zbtb5	693.845475603306	-1.01926274766195	0.184551606489083	-5.52291452267713	3.33421967503146e-08	2.45520971557957e-07	7.47700579007758	down	230119
AI661453	1546.56116975632	-1.01899848384413	0.259254191825756	-3.93049954821558	8.47695528566586e-05	0.00035133932626083	4.07176010765781	down	224833
Pxylp1	330.908138056071	-1.01835090089482	0.172191410475415	-5.91406329783337	3.33769521178849e-09	2.82756968755826e-08	8.47655332430205	down	235534
Uaca	554.962959619386	1.0181529438933	0.172335777828381	5.90796035926574	3.46369334921963e-09	2.92787002337898e-08	8.46046056429813	up	72565
Sin3a	191.213306802682	-1.01766436939147	0.264296314988253	-3.85046749303598	0.000117892577618168	0.000471668288929036	3.92851353672801	down	20466
Isoc1	2971.34745704444	-1.01763882046339	0.185395497674053	-5.48901582417343	4.04179417696473e-08	2.93693542157105e-07	7.39342580613106	down	66307
Adam19	101.919607495146	1.01759059828721	0.294927922331689	3.45030267138553	0.000559958365604462	0.00194842036286222	3.25184426274457	up	11492
Kyat3	8711.96208982844	-1.01751856519555	0.243448484381195	-4.17960525727614	2.92015537074899e-05	0.000131934565507139	4.53459404072151	down	229905
Ccdc171	1010.5948473488	1.01684759843943	0.172351773274448	5.89983833134245	3.63857923286397e-09	3.07165636598109e-08	8.43906816354287	up	320226
Nfic	4819.21191724193	-1.01663582054814	0.156782602712721	-6.48436626869219	8.91055185178687e-11	9.28974480010871e-10	10.0500953982343	down	18029
Ccdc88a	108.130995988031	1.01639900625952	0.316450349734488	3.21187512389326	0.00131871682698174	0.00422973193257275	2.87984845212789	up	108686
Amy1	5449.10337392119	-1.016153882139	0.209264114547141	-4.85584393835518	1.19875087263798e-06	6.84756653916254e-06	5.92127106367386	down	11722
Sat1	2658.0580817445	1.01603266837183	0.144935127331612	7.01025822433745	2.37878677187009e-12	2.99385085484513e-11	11.6236444852223	up	20229
Calr	29677.4069180349	-1.01596003801682	0.141155786502999	-7.19743811561872	6.13543797653929e-13	8.23303091820492e-12	12.2121544298392	down	12317
Wdr90	286.385792774828	-1.01541271213879	0.274775915372729	-3.69542108798507	0.000219522655715574	0.000833424341178844	3.65852065198444	down	106618
Map3k8	174.414305800705	1.0153099433569	0.273319972238161	3.71473015690267	0.000203420650183556	0.000778586372477549	3.69160496190714	up	26410
Gm4013	107.224322072871	-1.01495111700671	0.307324491431808	-3.30253899478727	0.000958137649814504	0.00317063044936039	3.01857209398981	down	100042757
Gnat2	40.4554075216334	-1.01429695735626	0.395084858247909	-2.56728886511718	0.0102497187457536	0.0261548669388832	1.98928805156853	down	14686
Slc31a1	47.6244271943613	-1.01404777656836	0.379934370232863	-2.66900774453979	0.00760756960915808	0.0200838168897653	2.11875406516303	down	20529
Map7	756.143940900661	-1.01386961184717	0.172356327692941	-5.88240435044206	4.04349019511028e-09	3.3926556512873e-08	8.39324360565456	down	17761
Hip1r	1205.37812748148	-1.01366244645785	0.188488705099613	-5.37784184958007	7.53839880200149e-08	5.24230434566055e-07	7.12272089090774	down	29816
Ctps2	566.463689608042	1.01347391958647	0.17780053994159	5.70006097798924	1.19764580684859e-08	9.42069757217179e-08	7.92167160170881	up	55936
Aldh8a1	11346.5890143538	-1.01345706932638	0.186971261256753	-5.4203895428329	5.94693077347462e-08	4.19465564007426e-07	7.22570711696952	down	237320
Gna12	737.018184979615	-1.01328494375357	0.233518240602131	-4.33921110890866	1.42995107834198e-05	6.79879949742055e-05	4.84467882041575	down	14673
F730311O21Rik	48.8806204754869	-1.01308623584246	0.396762526047663	-2.55338185774318	0.0106682463938205	0.0271048624567103	1.9719069624009	down	622304
Gm20708	33.3276186935995	-1.01261226102764	0.414676845624243	-2.44193104030992	0.0146089368791342	0.0357137785315285	1.83538138737336	down	NA
Dock8	1860.01866378611	-1.01220138548838	0.163087908458955	-6.20647720025867	5.41854777320735e-10	5.11468411376866e-09	9.2661170932755	down	76088
4632427E13Rik	97.4460139659402	1.0117800369303	0.327378261755607	3.09055351294402	0.001997838008917	0.00613954176503443	2.69943972866537	up	666737
Pdgfd	105.569114782125	1.01175028082377	0.251835910198755	4.01749806064303	5.88193192816698e-05	0.000251053756945889	4.23048000590724	up	71785
D730003I15Rik	56.6983167239367	1.0115918082566	0.327548778100825	3.08836996468725	0.00201257749322711	0.00617892095178273	2.69624738835986	up	100504360
Prim2	185.754751927371	1.0115659828231	0.198757218363306	5.08945532219146	3.59093448625823e-07	2.23198949216877e-06	6.44479251815883	up	19076
Zfp870	220.405948976568	-1.01142475756402	0.23138215532359	-4.37123059965248	1.23548223162602e-05	5.92686742705299e-05	4.90816349612371	down	240066
Gsdmd	993.249957674903	-1.0113989331882	0.19263568798547	-5.25031962542937	1.51835518775293e-07	1.00645258159623e-06	6.81862662235541	down	69146
Ptpn14	198.022592059953	1.01055442948683	0.242253071928928	4.17148241481662	3.0262441497482e-05	0.000136343840307795	4.51909603711552	up	19250
Stat5b	3688.06384689564	-1.01051977475498	0.168969902104267	-5.98047203774441	2.22491918835081e-09	1.92293733801092e-08	8.65268575847661	down	20851
Ets1	1262.55778001233	1.0105127609605	0.160929559234029	6.27922406405763	3.40266917323619e-10	3.30250995966915e-09	9.46818027342029	up	23871
Atg101	1363.62368653158	-1.01002146194947	0.191967586977402	-5.26141666857734	1.42949674229523e-07	9.51482518826029e-07	6.84481683002605	down	68118
Cct6b	44.4392584157441	-1.00884147902014	0.37401336443557	-2.69734072348618	0.00698957128639171	0.0186259596859616	2.15554946140229	down	12467
Txndc15	2894.13833104543	-1.00816104963675	0.111062651258223	-9.07740845563605	1.11190683173062e-19	3.19565342564251e-18	18.9539316013874	down	69672
Evc2	89.0157199580499	1.00798079315842	0.385059347768508	2.61772840732177	0.00885172260621843	0.0229979739472967	2.05297220437834	up	68525
Ccdc93	1054.80764874919	1.00769980277722	0.152559790552392	6.60527783322537	3.96772518269142e-11	4.33366512296687e-10	10.401458416098	up	70829
Rpusd1	149.787068275217	1.00715393828418	0.199707956378628	5.04313376666229	4.57968856476054e-07	2.8031304196767e-06	6.33916405457359	up	106707
2010315B03Rik	777.924922410176	-1.00711901181357	0.240273242658403	-4.19155708172381	2.77046461960353e-05	0.000125583961193704	4.55744739165425	down	630836
Chchd10	5026.80460701853	-1.0065426275602	0.139053426685356	-7.23853163171426	4.53568432890795e-13	6.17237720406018e-12	12.3433571787589	down	103172
Cep83	394.920331490681	1.00643831855304	0.270984106392103	3.71401235280112	0.000203998829458234	0.000780644169325865	3.6903723245412	up	77048
Pawr	699.383486950109	1.00614660827622	0.209469222073277	4.80331477014913	1.56060257859857e-06	8.74082700799709e-06	5.80670767983097	up	114774
Ihh	94.4321111729	-1.00581716956968	0.314138421368077	-3.20182792410217	0.00136558545756654	0.00436370952056111	2.86468111677047	down	16147
Nudt22	357.50378933509	-1.00551120445048	0.205797131010254	-4.88593402402863	1.02939667642043e-06	5.92056822017675e-06	5.98741723827606	down	68323
Meis3	63.840507655836	1.00541344662834	0.425008900115896	2.36562915824627	0.0179994637392935	0.042842728524578	1.74474043370419	up	17537
Aco1	9729.21178206169	-1.00448100180841	0.15484656735858	-6.48694394033497	8.75949118864297e-11	9.14215513975659e-10	10.057521119903	down	11428
9130409I23Rik	1001.67835052048	1.00372167258735	0.266100910538799	3.77195880523305	0.000161971001492532	0.000631359029299634	3.79056273248875	up	NA
Tmem98	327.689378377538	-1.00341393202279	0.22697509064265	-4.42081079990654	9.83312430204967e-06	4.79563894021048e-05	5.00730847081926	down	103743
Nek1	230.374733569621	-1.00256957069169	0.26919214049211	-3.72436419896545	0.000195808080155163	0.0007519905048799	3.70816939070247	down	18004
Polr2g	595.044920462228	1.00185333531326	0.160431571526743	6.24473927281987	4.24507624750887e-10	4.05472163799756e-09	9.37211450481344	up	67710
Sox6	679.409474914371	-1.00161459346325	0.137702245103799	-7.27377097380101	3.4958849174748e-13	4.79805844411225e-12	12.4564428725274	down	20679
Ankrd9	219.953147725463	1.0011112003519	0.299781616783739	3.33946828058538	0.000839389362621	0.00281051670433489	3.07603653879891	up	74251
Gm13421	151.365567792379	-1.00093569109109	0.314552950025812	-3.1820896641057	0.0014621654394094	0.00464995172605572	2.83500348554665	down	105244102
Retreg2	5637.91647669356	-1.00092181924789	0.208819595974406	-4.79323702633047	1.64111536524271e-06	9.14125469283011e-06	5.7848608883392	down	227298
Cyp17a1	286.262523959097	-1.00089226137824	0.312009054976257	-3.20789491655748	0.00133710344389243	0.00428226024021058	2.873834992608	down	13074
Trim68	165.211076554279	1.00078959887079	0.309310003891195	3.23555522382275	0.0012140639828456	0.00392643870568942	2.91575842473972	up	101700
Rcn3	322.560672602463	1.00057239766652	0.230472516947897	4.34139571571009	1.41580472802267e-05	6.73986052974154e-05	4.84899664169588	up	52377
