geneID	baseMean	log2FoldChange	lfcSE	stat	pvalue	padj	-log10(P.Value)	trend	ENTREZID
Apcs	20.0453726231101	-7.87577718854773	1.86533870251014	-4.22217004233575	2.41961455614392e-05	0.000105676726411967	4.6162538114874	down	20219
Sec14l3	18.5174333636629	7.57207235071519	2.44440277308406	3.0977187696288	0.00195016397334259	0.00595664562676976	2.70992887083034	up	380683
Slc34a2	43.9360377526003	7.09144517016448	1.89546302532642	3.7412732801492	0.000183090300865151	0.00068421593382013	3.73733466166397	up	20531
Bpifa2	50.9421940242349	6.8059924072008	1.92070812080808	3.54348083056856	0.000394882017002745	0.00139072157076716	3.40353264366104	up	19194
Gm3764	10.2786380195268	6.72084857938623	2.47397258922786	2.7166220873465	0.00659518659625672	0.0179018080755144	2.18077291253941	up	100042277
Uroc1	7.95363166060246	-6.52422796840638	1.11278813195859	-5.86295610191603	4.54698464238214e-09	3.34788466804004e-08	8.34227651263896	down	243537
Serpina11	11.0055342025401	-6.50441011006343	1.10960932422267	-5.86189208045821	4.5762242291904e-09	3.36827430418977e-08	8.33949270381419	down	380780
F12	46.0660635623166	-6.29400189122307	1.89715546524803	-3.31759943057709	0.000907945929338072	0.00296769235453363	3.04194001413235	down	58992
Btnl10	5.79323477642372	-6.07108743564845	1.40614129643699	-4.31755148009088	1.57769618573021e-05	7.09604442791006e-05	4.80197662442462	down	192194
Ccno	6.24460600771034	6.00897111972594	1.49658766916635	4.0151146795651	5.9416897065716e-05	0.000242843004113904	4.22609003214232	up	218630
Serpina1b	97.5697627115386	-5.84816172397661	1.0766017272998	-5.43205679099575	5.57081861212476e-08	3.56309820279613e-07	7.25408098209625	down	20701
Sult1d1	4.47848251146446	-5.70096142815583	1.5670400206259	-3.63804456371113	0.000274715899040608	0.00099735110120262	3.56111620528351	down	53315
Ugt2b5	4.47251051840007	-5.69980050099239	1.53957906227221	-3.70218109655261	0.000213753951576789	0.000789457342447812	3.67008584791146	down	22238
Fabp1	42.8815775158901	-5.526930222565	1.5819975520277	-3.49364018640922	0.000476482743875251	0.00165217109406784	3.32195282299094	down	14080
Mst1	3.97134066561905	-5.5233139486716	1.43339679409756	-3.85330424305085	0.000116534438820171	0.000451376588150287	3.93354571086694	down	15235
Hpx	89.910961993574	-5.43429666197077	0.989946690711786	-5.48948414390216	4.03109300859846e-08	2.62690682380143e-07	7.39457718134209	down	15458
Tmem147os	4.15186568018606	5.40950201833049	0.990429036817866	5.46177647992893	4.71393376267493e-08	3.04545299350026e-07	7.32661652421027	up	791088
Cyp2d26	22.0428502016682	-5.40767822521182	1.31075905496242	-4.12560813884049	3.69756389150856e-05	0.000155984036128511	4.43208431293895	down	76279
Cass4	4.09771551562202	5.40488499817018	1.53834008745121	3.51345261185075	0.000442323305613615	0.00154405371329479	3.35426017744536	up	320664
Dmp1	9.91725241613863	-5.34844581239795	1.81332148045437	-2.94952983795117	0.0031825783988269	0.00928088627099643	2.49722088924272	down	13406
Serpina1c	8.83961024026872	-5.29948287767616	1.32419946369585	-4.00202765743859	6.28019553076086e-05	0.00025552684936596	4.20202683450985	down	20702
Zic4	3.7800531990591	5.27159408191566	1.70956430402969	3.08358923351977	0.00204519765311678	0.00622247670537432	2.68926471430215	up	22774
Cyp3a11	6.50127651911963	-5.25397705407542	1.49514486865765	-3.51402540597452	0.000441370596593247	0.00154171677025961	3.35519660221796	down	13112
Trgc2	3.62106239770157	5.22665984328	1.62996470801967	3.20660920912216	0.00134309314054682	0.0042459450930718	2.87189386892256	up	107574
Serpina6	548.22143890954	-5.21862877203772	1.40798738345302	-3.70644569217609	0.000210188281241248	0.000777607350753517	3.67739150112478	down	12401
Ces1f	3.53548763745784	5.20024251532982	1.17726748752686	4.4172140744787	9.99811969634607e-06	4.63048419546579e-05	5.00008166822841	up	234564
Fcer1a	3.01267027739042	-5.1646692096141	1.09644842916016	-4.71036217687872	2.4727697215635e-06	1.24738513387119e-05	5.6068163257377	down	14125
Apoa2	788.887950057653	-5.15595301777416	1.03783899036579	-4.96797004702714	6.76574098779358e-07	3.71697483689734e-06	6.16968463228335	down	11807
Serpina1a	33.6498250586207	-5.14433472562954	1.10097312545864	-4.67253433046927	2.97505769409617e-06	1.4805247112197e-05	5.52650460775572	down	20700
Vmn1r51	4.23559963864255	-5.14127064083887	1.42925702928725	-3.5971630962716	0.000321706778426158	0.00115181713203327	3.49253978833004	down	22296
Slc6a14	3.2633336245417	5.07757260757727	1.62103406433985	3.13230469320524	0.00173439778372558	0.00536306043847085	2.7608512900981	up	56774
Apoa1	1247.33689384912	-5.02781282440447	0.980148067258262	-5.12964621607491	2.90287220750671e-07	1.68222873840394e-06	6.53717208259625	down	11806
Sstr4	3.1796885353479	5.02577109296339	1.5790004709912	3.18288131339728	0.00145817372656639	0.00457586600962862	2.83619073116585	up	20608
Serpinf2	319.559423015019	-5.02091838399334	1.06388659657548	-4.71941126070677	2.36528198398606e-06	1.19816005945427e-05	5.62611707615708	down	18816
Serpina1e	26.6914508850526	-5.00754070303766	1.31718963872948	-3.80168546411266	0.000143715101030768	0.000547308934693349	3.84249759547217	down	20704
9430002A10Rik	3.11408234310073	4.98335369800796	1.14522678730723	4.35141209866851	1.35263548711761e-05	6.14044616879162e-05	4.8688192228125	up	77265
Ptchd3	2.96868010465916	4.93675816059383	1.05055460152573	4.69919236318048	2.61192347013382e-06	1.31059686083783e-05	5.58303955212342	up	74675
Pla2g4f	2.89279020926711	4.90421590660691	1.59365377168205	3.07734088404327	0.00208856308364343	0.00634112333803999	2.68015240262798	up	271844
Cyp3a16	2.5741650291386	-4.89834446471292	2.05149842909108	-2.38769106290914	0.0169545873131082	0.0411659724524358	1.77071277679838	down	13114
Itih1	25.6470746499159	-4.88177064233069	1.24740370307641	-3.91354509393473	9.09509061233731e-05	0.000358872214544676	4.04119296980093	down	16424
Slc22a29	2.4706553410567	-4.8759264632229	1.11508953284473	-4.37267709865757	1.22732184441988e-05	5.60781766982366e-05	4.91104153594689	down	236293
Gm35842	2.83344559460871	4.86777673584247	1.05230697113414	4.62581439577099	3.73129330480694e-06	1.83422257467276e-05	5.42814061114342	up	115486531
Serpinb10	2.48653788215233	-4.83139442028965	1.15869685161778	-4.16967942352135	3.05028395112575e-05	0.000130755625485154	4.51565973027059	down	241197
Jchain	2.74157389248138	4.81797794184644	1.5549140434667	3.09854937775512	0.00194470560645563	0.00594080685614593	2.71114613375663	up	16069
Kng1	207.921163369173	-4.81249868465513	1.08298473536569	-4.44373639581365	8.84099160777978e-06	4.12529081192845e-05	5.05349902167978	down	16644
Gm49335	2.70481592930468	4.81145485812406	1.15960027866124	4.14923568635125	3.33587216833971e-05	0.000142186000096109	4.47679060001522	up	NA
Sowahd	3.8214318608922	4.79533782823879	1.12025874412456	4.280562730163	1.86421329352915e-05	8.29334937203038e-05	4.72950439943736	up	245381
Tpbpa	2.34008428979847	-4.79498720207297	1.71770988208779	-2.79150003855418	0.00524643513861628	0.0145825846850445	2.28013569192661	down	21984
Dsc3	2.7090234013643	4.77862881044554	1.13173545643004	4.22239029739272	2.41725059142374e-05	0.000105594662673511	4.61667832483801	up	13507
Gjb1	55.2048471852624	-4.76031679821263	1.04353113834584	-4.56173910225476	5.07316608842977e-06	2.45124216771622e-05	5.29472091925015	down	14618
Ttr	545.529076478347	-4.75408030553512	0.981197931838206	-4.8451797045971	1.26497130017262e-06	6.67335961893828e-06	5.89791932770402	down	22139
Apom	180.710369156763	-4.75376046109321	0.99731842451929	-4.76654230406355	1.8741439346041e-06	9.6303662365354e-06	5.72719705827008	down	55938
Prl8a9	2.27318031524649	-4.74449003528191	1.67926231551999	-2.82534181314774	0.00472302023481127	0.0132975037569263	2.3257801937737	down	67310
Ddx43	3.67501190289474	4.73150153501261	1.00686457900589	4.69924320873834	2.61127332991004e-06	1.31057268185342e-05	5.58314766687533	up	100048658
Gm17923	2.5768645987908	4.72692753781197	1.35512634118672	3.48818216733392	0.000486316621317529	0.00168385583322602	3.31308088687203	up	100416114
Gm16596	2.59129491759123	4.72558868805721	1.39738339525953	3.38174097680582	0.000720280267252588	0.0024070517235032	3.14249848296134	up	100504467
Agr3	2.53005837573066	4.72530687047912	1.223513350076	3.86208035260555	0.000112425574173031	0.00043608223782206	3.94913488575209	up	403205
Gm14266	2.26475017789677	-4.71092678785897	1.64371151886837	-2.8660301602694	0.00415654643565509	0.0118295854898147	2.38126736333095	down	NA
Mip	2.5492478814793	4.70571229890154	1.61296995100207	2.91742093271985	0.00352939117567614	0.0102061236122753	2.45230020448425	up	17339
Zfp82	2.53548871651659	4.69162748749294	1.12374982436409	4.17497505741357	2.98018704404624e-05	0.000128053349759176	4.52575647765263	up	330502
Olfr455	3.09228499073993	-4.68148619077489	1.03408491117877	-4.52717773962911	5.97766603598271e-06	2.86160389040052e-05	5.22346835205708	down	NA
Gm13853	2.15218862249533	-4.67856732376238	1.54203193896201	-3.03402750977498	0.00241312424310499	0.00722080003035758	2.61742031725167	down	102634837
Tdrd6	2.49102427035128	4.67803280163025	1.1218235617941	4.17002544869786	3.04565627057086e-05	0.00013064803087343	4.51631911223366	up	210510
Gm48772	2.19381340959565	-4.66702082012489	1.62922279655991	-2.86456881770821	0.00417577408979819	0.0118827543436265	2.37926300478739	down	NA
Gm36070	2.46414559471336	4.65774514052964	1.15860824534356	4.02012082966704	5.81682998382949e-05	0.000238052673699127	4.2353136297144	up	102639856
Gm47076	2.45938164725311	4.6576501318451	1.30858469713459	3.5593035300229	0.000371839583949852	0.00131830181106598	3.42964437955625	up	NA
Tfap2c	2.46469110314862	4.65319874097485	1.72937185782071	2.69068721104242	0.0071305014879356	0.0191992676719433	2.14687992515735	up	21420
Lrrc26	2.41592143081922	4.64758137602175	1.69147077572169	2.747656916531	0.00600227796928854	0.0164341540776648	2.22168389599334	up	227618
Zic3	4.88659593673853	4.63904563376641	1.6230472810148	2.85823197391137	0.00426008832044354	0.0121052783754498	2.37058139698093	up	22773
Cbln2	2.43061739054694	4.63027575028633	1.62261722769107	2.85358473413662	0.00432289978096475	0.0122658733019748	2.36422483272416	up	12405
Rtl9	2.4086008211845	4.63021172007911	1.10674216610816	4.18364083511987	2.86877227980353e-05	0.000123509808336726	4.54230392423565	up	209540
Gng4	2.44024151261348	4.62533652008239	1.21312346406865	3.81275002675297	0.000137429089777873	0.000524930902218218	3.86192132991957	up	14706
Cldn13	75.0295717259591	-4.62418354369646	1.32692500769967	-3.48488687519188	0.000492345145989794	0.00170310430862564	3.30773033941454	down	57255
Gm37571	2.4138227142395	4.62346638401299	1.11105790946968	4.16131899571267	3.16414735283337e-05	0.000135343450227678	4.49974329981649	up	NA
Pof1b	2.08415421695522	-4.62295615737275	1.24263399018483	-3.72028786745575	0.000198995828190343	0.000738458696328644	3.70115602817775	down	69693
4933402D24Rik	2.4070030751746	4.61727114642422	1.25441728779602	3.68080956101669	0.000232494607091656	0.000854612963970884	3.6335871164837	up	74426
Prl8a2	2.1115272424075	-4.61485006555117	1.62424201702497	-2.84123302880929	0.00449394613158416	0.0127018298295275	2.34737213772374	down	13529
Hsd17b2	34.8871937083528	-4.61303655743119	0.810038263985148	-5.6948378398033	1.23489233274555e-08	8.65060356130507e-08	7.90837090583172	down	15486
Klf1	270.805938552499	-4.59400645467296	0.763251389759754	-6.01899520434415	1.75503068793905e-09	1.36710297451911e-08	8.755715285189	down	16596
Prg3	4.22830796006337	-4.5899005805478	1.5016801258685	-3.05651017249311	0.00223929882031715	0.00675517030877662	2.64988794869183	down	53856
Wnt3	3.36541622155836	4.57492480949666	1.02486380027342	4.4639344352646	8.04681969007188e-06	3.7793024083343e-05	5.09437573006166	up	22415
Gm43174	2.30060842543032	4.57031882391021	1.37568526442959	3.32221253078932	0.000893066419609689	0.00292520566988749	3.04911624033062	up	NA
F730311O21Rik	3.32737015476366	4.56671120001377	1.19635049941498	3.81720173331051	0.000134973806471081	0.000517003820282966	3.86975050416282	up	622304
AU022793	2.30859167422185	4.56052819942807	1.69037892046925	2.69793248377829	0.00697715897595571	0.0188212991233438	2.15632138142193	up	105976
Gm31152	2.2821934225008	4.56043302547249	1.1006782606141	4.14329344792192	3.42353420304544e-05	0.000145580442712315	4.46552532892717	up	102633291
AC241534.1	4.57682830124412	4.5588928851805	1.06548074241984	4.27871917687287	1.87971837898719e-05	8.3520874586345e-05	4.72590721223282	up	NA
Kcng4	2.259909667023	4.55395999550079	1.17121715804998	3.88822855283552	0.000100978518526347	0.000395343338492291	3.99577100520472	up	66733
Gm41409	2.27759477773035	4.53442404758119	1.45168219341336	3.12356524599873	0.00178674245973739	0.00551005054297484	2.74793804199655	up	105246058
Mir144	2.8567984681936	-4.52520921226916	1.86414990873348	-2.42749211909874	0.0152036171590526	0.0373941654752477	1.81805307486243	down	387162
Wnt3a	2.25003404269194	4.5162683949913	1.20628044212666	3.74396221415077	0.000181140906236687	0.000677745284513689	3.74198346383954	up	22416
Gm5767	2.21657835865012	4.51417107989826	1.29987673077136	3.47276858877188	0.000515119298927498	0.00177283964218274	3.28809217898622	up	NA
Pax1	2.16246277711173	4.49887123500128	1.22957249741032	3.65889058553005	0.000253309452112581	0.000925034114625147	3.59634860443074	up	18503
D630044L22Rik	2.2119953977305	4.49589682616696	1.64383549956617	2.73500409703617	0.00623794996397781	0.0170191286485871	2.20495811314019	up	240054
Gm9003	2.21577759378147	4.49135482077422	1.39441431392256	3.22096150041648	0.00127761309573872	0.00405720424743633	2.89360064525881	up	668148
Gm15217	2.20191132566851	4.48687311605736	1.34173764486969	3.3440763425052	0.000825570158998028	0.00272255581667753	3.08324601341152	up	100041724
E130101E03Rik	4.42209627621829	4.4847747299956	1.04832764628136	4.27802771958181	1.8855654501695e-05	8.37635808632737e-05	4.72455838813021	up	102631612
Kcna1	2.17829497633693	4.48068457235958	1.62409229850645	2.75888542571141	0.00579988657239418	0.0159377925601623	2.2365804997931	up	16485
Aldob	90.0161396205719	-4.46293073048197	0.900576848329208	-4.95563564482232	7.20942053557248e-07	3.94120751979568e-06	6.14209964073365	down	230163
F2	103.730444865953	-4.45605040498984	1.13865053942715	-3.91344864002932	9.09872599800941e-05	0.000358872214544676	4.04101941325787	down	14061
Lrrc63	3.08630422121427	4.45537485331071	1.09880770144092	4.05473573535037	5.01910120932065e-05	0.000207158050292567	4.29937404675542	up	70859
Syce3	1.83662426669498	-4.44980905860271	1.42980021923883	-3.11218938053571	0.00185705326767446	0.00569943103239476	2.73117563878833	down	75459
Caps2	2.11020453974986	4.447440903377	1.16748524990224	3.80941935133606	0.00013929353219327	0.000531492951789674	3.85606904867284	up	353025
Il1f9	1.87534669103428	-4.44735362804912	1.64770293060609	-2.69912345571493	0.00695223806064772	0.0187610469826998	2.15787536506119	down	NA
Nt5c1b	2.12158666581296	4.44570877643511	1.15861825431938	3.83707814015644	0.000124506864003836	0.000479102764774039	3.90480670546128	up	70881
Gm12536	2.13751221600677	4.4448135963956	1.16564710156166	3.81317260639237	0.000137194226170642	0.000524125757534165	3.86266416556071	up	102638251
5430421F17Rik	2.10883571539231	4.43755090174018	1.11052902094325	3.99588918259072	6.44518798522284e-05	0.000261555699560618	4.19076441116483	up	74489
Gm18095	2.1040943189857	4.43664027141761	1.17747347174963	3.76793225313615	0.000164605357245671	0.000620461883302067	3.78355603434628	up	100416391
Gm46123	1.80941875235177	-4.4328417029053	1.58144275748221	-2.80303645638288	0.00506239465618503	0.0141414493782987	2.29564400095526	down	108167668
Tat	3.00397892136475	4.4213618876426	1.12099127920476	3.94415368759974	8.00822897171407e-05	0.000318573289187208	4.09646351798	up	234724
Gm18407	2.07165085828736	4.41347241752294	1.59929610615028	2.75963431696632	0.00578660941500577	0.015909339586249	2.23757583068853	up	100417122
Gm30192	2.08974762695586	4.4116141867246	1.47438152116427	2.99217951622242	0.0027699332931944	0.00818498746734913	2.55753068968877	up	102632011
Atp13a4	2.03479514100619	4.40218589072927	1.70513997486194	2.58171525835332	0.00983106604916296	0.0254660285570941	2.00739938611842	up	224079
Zbbx	2.05695131941232	4.38683466667442	1.12608530587143	3.89565039504679	9.79355690593938e-05	0.00038432826416026	4.00905954884329	up	213234
4930505A04Rik	4.14145409230896	4.38360097568272	1.08141588529518	4.0535755348981	5.04407030319453e-05	0.000208149163459347	4.29721886895132	up	NA
5830428M24Rik	2.0351480605829	4.38255461046182	1.6490826626978	2.65757121191986	0.00787059604846379	0.0209766944751076	2.10399237682052	up	76062
Gm36855	1.75491926808072	-4.38192223306344	1.48523169985993	-2.95032905201034	0.00317435654421185	0.00926063120468717	2.49834429481894	down	102640899
Gm28447	2.01529339020789	4.38027265435192	1.35371715256369	3.23573698246823	0.00121329124429051	0.00386817644906913	2.91603493647398	up	105245186
Kcna2	4.07190884748224	4.38011316273876	1.24855771913213	3.50813830680039	0.000451254383805928	0.00157297021169052	3.34557856602041	up	16490
Gm6559	2.00705377634974	4.37618264876518	1.34514861744847	3.25330791854515	0.00114069815791631	0.00365978194726699	2.942829259783	up	625167
Gm42670	1.75505764671808	-4.37380028316735	1.25880504534006	-3.47456526279318	0.000511681877350147	0.00176187534930688	3.29099996451353	down	NA
Gm34678	1.97388893811016	4.36177469395779	1.47536840491577	2.95639697815462	0.00311256193604203	0.00909620113711505	2.50688199789985	up	102638007
Gm3294	2.01768821964908	4.35813631432663	1.24792496438854	3.49230637954426	0.000478868630336025	0.00165965103783444	3.31978361173205	up	100041367
Gm39326	1.72973770274637	-4.35114248601883	1.49644747663351	-2.90764798227828	0.0036415800279345	0.0104915284330012	2.43871014148111	down	105243391
Hgfac	31.8025272324518	-4.34731410115459	1.0452614006713	-4.15906882083525	3.19547618446453e-05	0.000136576182740797	4.49546441485277	down	54426
Fgg	129.610235480126	-4.34354906930786	0.998210107672879	-4.3513374949027	1.35309588624956e-05	6.14125570886499e-05	4.8686714263192	down	99571
Krt84	1.74818383151673	-4.34121911979094	1.67216817737754	-2.59616178475497	0.00942716651116816	0.0245876099654337	2.02561882194766	down	16680
Fgb	179.140360987422	-4.33103072931496	1.10751281405868	-3.91059198082154	9.20701898042299e-05	0.000362683584660339	4.03588096154228	down	110135
1810053B23Rik	6.65313749978479	-4.3269152859023	1.44913412360116	-2.98586253365542	0.00282779729303683	0.00833560826753287	2.54855172559324	down	69857
Gm11191	1.72866190979993	-4.31775589268182	1.69115709958376	-2.55313707623291	0.0106757471791533	0.0274127099403851	1.97160171963526	down	108167869
1700095J03Rik	2.48057964739972	-4.31332172425111	1.5969769734168	-2.70092919062106	0.00691460581171573	0.018673381013728	2.1602325731362	down	74293
2310003N18Rik	1.72501111092267	-4.30897244055997	1.75437249551272	-2.45613314822326	0.0140441111574868	0.0348652666044245	1.85250574180338	down	71873
Gm20556	1.72663800923368	-4.30811771166779	1.30712754268077	-3.29586637187089	0.000981186735789523	0.00319060982640172	3.00824833145256	down	328576
Gm13093	1.94401783476601	4.30452012954671	1.46922748747598	2.92978464277273	0.00339196993750173	0.00983879156398717	2.46954800548224	up	102641052
Baat	1.72791706281095	-4.30416482176754	1.24921533441319	-3.44549470631449	0.000570015131804103	0.00194825266085384	3.24411361525418	down	12012
Sgk2	4.72704286716909	-4.3040061297059	1.3768960602214	-3.12587584063087	0.00177276380440771	0.00547081694536706	2.75134912411461	down	27219
Gm5497	1.71174869479313	-4.3031118123356	1.40901668921799	-3.05398214603394	0.00225825520015076	0.00680336162187348	2.6462269810317	down	433131
Fgf23	1.90243595704533	4.29882358797779	1.17209358681905	3.66764534532126	0.000244794403493357	0.000896042998126661	3.61119851528357	up	64654
Gm27040	1.71983287880204	-4.29694338803722	1.23617164652839	-3.47600869191959	0.000508935791086907	0.00175325158916838	3.2933370061419	down	NA
Bhmt	33.2840799391233	-4.28700342729413	1.52356666779725	-2.81379444556385	0.00489605245434493	0.0137225610242016	2.31015393798044	down	12116
Gm48530	2.69787846667652	4.28169006620697	1.18548474597204	3.61176310429553	0.000304122321353966	0.00109445834085037	3.51695170321958	up	NA
H2-Q10	39.5695488102857	-4.28140909572039	0.980029629673932	-4.36865270812768	1.25015386490105e-05	5.70256650882584e-05	4.90303653213982	down	15007
Nkx6-1	6.77909498663539	-4.27590342814114	1.39923418980907	-3.05588832754623	0.00224394814804247	0.00676665361207487	2.64898718274529	down	18096
Trgc1	1.85065814360034	4.27289585117219	1.25019064831279	3.41779540339605	0.000631305441281101	0.00213494595644177	3.19976046743144	up	107573
Chrne	1.6755807884811	-4.27181291787393	1.76344263636089	-2.42242805623063	0.0154171781635722	0.0378680960037561	1.81199510878416	down	11448
Gm50375	1.88165669889885	4.25482248181154	1.25237337419608	3.39740733033611	0.000680276243449506	0.0022867028519967	3.16731469517046	up	NA
Mcpt2	1.61426660632938	-4.2511402019707	1.73686449626525	-2.44759462301859	0.0143813357630957	0.0356171587116504	1.84220077406442	down	17225
Gm11789	1.62781674077404	-4.24956170771895	1.69545918953273	-2.50643703720768	0.0121954775778883	0.0308135009662046	1.91380118793898	down	667716
A1bg	1.82345757049368	4.24342723456498	1.71499915096891	2.47430281943148	0.0133496489811587	0.0333389031449629	1.87453015359154	up	117586
A530020G20Rik	1.81070662007303	4.23354481985604	1.71673971088397	2.46603768353219	0.0136616960648926	0.0340167482530697	1.86449538074973	up	319839
Cacna1i	1.64555284919631	-4.22988714469473	1.26212528551855	-3.35140036668931	0.000804039657080231	0.0026578748423068	3.09472253032323	down	239556
Gm42616	3.78946246699893	4.22934761626672	1.50978888266137	2.80128411649943	0.00508996844493948	0.0142111814546323	2.29328491004657	up	NA
Gm37070	1.5564727262659	-4.22150147968909	1.39778802763714	-3.02012994547195	0.00252666256322559	0.00752949593848173	2.59745275440552	down	NA
Krt4	43.0232797669591	-4.21787984956627	1.18590766253582	-3.5566680128765	0.000375588307326051	0.00132985991658852	3.42528793648798	down	16682
Gm35288	2.62217089896185	4.21668409451283	1.27558296829841	3.30569174981832	0.000947422533110482	0.00308699242605229	3.02345629040269	up	102638812
D7Bwg0826e	1.80395581969537	4.2139085476827	1.36753682695448	3.08138579131878	0.00206039501402807	0.00626258833525327	2.68604950974405	up	52819
Alox12e	3.6385045395087	4.21280582966711	1.35172813219505	3.11660734827351	0.00182945060566329	0.00562287356011022	2.73767931177314	up	11685
Proc	50.787149557797	-4.20438301050464	1.28214626601283	-3.27917580228914	0.00104110756509241	0.00336205783257076	2.98250439775867	down	19123
Gm32296	1.55687997247291	-4.19141897889327	1.73143976593601	-2.4207708875321	0.0154876351938711	0.0380077143605336	1.81001488957821	down	102634795
Adam21	1.76831520817022	4.19132780949534	1.64054714591884	2.5548353303482	0.010623804407934	0.0272986509582839	1.97371993358382	up	56622
Stfa2	2.28423058974983	-4.18087863608268	1.14324798601079	-3.6570181511286	0.000255166317996298	0.000931346366373076	3.59317665312387	down	20862
Serpinb2	1.77068112219419	4.1794542130072	1.75334549429004	2.38370259975461	0.0171394472301183	0.041549943780663	1.76600318875941	up	18788
Gm49871	1.7525328574963	4.16803193982415	1.16128876753292	3.58914342095882	0.000331766289986787	0.00118529958411426	3.47916774373803	up	NA
Scnn1g	7.97640475103485	4.16608705019216	1.3756035498129	3.02855212227302	0.00245728684106153	0.0073358081864242	2.60954414501803	up	20278
Gm28076	1.75043734491167	4.15213528494572	1.18399017151176	3.50690012877735	0.000453359267218368	0.00157953880074865	3.3435575023325	up	102640984
Dppa4	1.55638350515003	-4.15154116472939	1.33291746590228	-3.11462732759611	0.0018417744621819	0.00565572829204857	2.73476355319831	down	73693
Ambp	126.934811425787	-4.15092033292907	1.14639335633285	-3.62085169981032	0.000293634798312749	0.00105985027003733	3.5321924779805	down	11699
Gm53	1.71325248780672	4.13393287698797	1.67289070062424	2.47113148243659	0.013468628846406	0.0336206130754359	1.87067661472615	up	193022
Dnmt3l	1.71984320521927	4.13282950591881	1.20378475066599	3.4331964278766	0.000596509772984036	0.00202798419384891	3.22438243662353	up	54427
Kif16bos	1.69958419196965	4.13258228558708	1.18960193745595	3.47392027153631	0.000512913415846856	0.00176583663659357	3.28995594130847	up	75053
Gm35154	1.73332039598326	4.13019723042618	1.22861433815332	3.36167103229002	0.000774723613457456	0.00257162410614358	3.11085320660204	up	102638637
Npffr1	2.47124804179861	4.12396281112065	1.50791002459708	2.73488652761135	0.0062401783436768	0.0170230751658353	2.20480299804708	up	237362
H3c7	1.43877374370648	-4.10402853182682	1.37222384714112	-2.99078648164956	0.00278259983249873	0.0082168403028838	2.55554924534886	down	260423
Afp	271.838446767048	-4.10343473933187	1.3071191426248	-3.13929664521005	0.00169353912450555	0.00524789835165597	2.77120476573881	down	11576
Upk3bl	12.1162282559853	-4.09766386176917	1.168474941357	-3.50684787215923	0.000453448303847235	0.00157959623541792	3.34347221827012	down	69665
Gm11934	2.38716001233539	4.07254952048222	1.54897818320188	2.62918455834148	0.00855898960691172	0.0225874329359614	2.06757750098202	up	NA
Cfhr3	1.64677513548669	4.06797684530486	1.18104595431814	3.44438489495817	0.00057236028193294	0.00195565412087947	3.24233051106851	up	624286
Gfi1b	62.3144998547241	-4.0548709207838	1.22067341384918	-3.32183110959834	0.000894288064808508	0.00292832602602058	3.04852256531434	down	14582
Gm47884	1.62383197395208	4.05366858298315	1.18864811062591	3.41031845063768	0.000648870677267495	0.00218890802377873	3.18784185134388	up	NA
Acsl6	1.61932308967403	4.053650040382	1.49751103351024	2.70692499064935	0.00679095992189524	0.0183690867709657	2.16806883259482	up	216739
Gpa33	2.97075798830953	-4.05164526731886	1.39347307329668	-2.90758777113179	0.00364228116301246	0.0104921600266085	2.43862653222816	down	59290
Foxh1	1.63885541469657	4.05066559229554	1.23248617789853	3.28658094908795	0.00101411621837314	0.00328953192884684	2.99391227172268	up	14106
Vmn1r74	1.63885541469657	4.05066559229554	1.23248617789853	3.28658094908795	0.00101411621837314	0.00328953192884684	2.99391227172268	up	171240
Cyp2d33-ps	1.41497642110395	-4.05013129317925	1.74796188982881	-2.31705926584927	0.0205005035538776	0.048652383188906	1.68823547123768	down	100125411
Gm4675	1.41497642110395	-4.05013129317925	1.74796188982881	-2.31705926584927	0.0205005035538776	0.048652383188906	1.68823547123768	down	NA
Pcsk9	52.2327802593468	-4.04770727302334	0.918242599942464	-4.40810225236442	1.04280313688041e-05	4.81423025787963e-05	4.98179767109039	down	100102
Gm28047	5.98504832131877	4.04705667959628	0.864327050156382	4.68232097892117	2.83644871823236e-06	1.41607799801318e-05	5.54722506388494	up	115482679
Muc2	1.62795378528186	4.04604336748974	1.288811099471	3.13936105077809	0.00169316690966738	0.00524749180886522	2.77130022773009	up	17831
Mtarc1	11.7151624606809	-4.04477184136764	0.951493357371225	-4.25097223226286	2.12844558024617e-05	9.37643044966082e-05	4.67193744931627	down	66112
Gm35077	1.41058077523772	-4.04406297426503	1.47150291736908	-2.74825345334378	0.00599136752142694	0.0164101212324201	2.22247403917576	down	102638540
Gm49482	1.40136616024067	-4.03345264896372	1.26168725232665	-3.19687199940058	0.00138926560555474	0.00437665906006912	2.85721471610584	down	NA
Crxos	1.36783697540535	-4.03168207807316	1.65407856974958	-2.43741872472451	0.0147925391444855	0.0365192382643994	1.82995727280562	down	546024
Gm48341	1.59826175503879	4.02395284969334	1.25544990500128	3.20518790408386	0.00134974334381111	0.00426387290793029	2.86974880555202	up	NA
Plg	76.8489305121025	-4.01263128893163	1.33314360083507	-3.00990177383602	0.00261332189563505	0.00775800985979905	2.58280709280313	down	18815
Gm30165	1.5871842565181	4.01092714525379	1.50299110682341	2.66862999191721	0.00761613004540095	0.0203683065162105	2.11826564898311	up	102631969
Gm9294	1.33947101530731	-3.99951530020163	1.49899470296423	-2.6681317100672	0.00762743506012893	0.020396034896724	2.11762148124671	down	668668
Gm44957	2.00546868561798	-3.99304073775863	1.60334845349994	-2.49043851262789	0.0127585569945494	0.0320459987504146	1.89419844197401	down	NA
Gm26717	1.5352997878066	3.98829265015224	1.68003158037431	2.37393909539704	0.0175994532182497	0.0425561189990817	1.75450082468504	up	102642443
Pax3	3.20540414815278	3.98729460639572	1.32711697612236	3.00447863913699	0.00266036438958006	0.00788690815494785	2.57505887406612	up	18505
Gm13284	1.52808948531722	3.98538679166161	1.21979441280539	3.26726106450648	0.00108593489653851	0.00349592999666368	2.96419621058658	up	668147
Prr19	2.85195962631021	-3.9839190852706	1.14049422184893	-3.49315148551302	0.000477355632039547	0.00165467072452874	3.3211579490826	down	623131
Gm5819	1.54311292606172	3.97996178674503	1.21342242702306	3.27994744296035	0.00103826426420668	0.00335543834989953	2.98369209361688	up	101055995
Chst13	7.40739687221768	-3.9744460979444	0.809212521381599	-4.91149851606186	9.03829716738088e-07	4.88292322402522e-06	6.04391338373595	down	71797
Gm12027	3.96718554856454	-3.96950180825816	1.04521065361735	-3.79780075386734	0.000145985593891031	0.0005553727678133	3.83568999902599	down	100042708
Ceacam12	1.31162589157229	-3.96919236507209	1.66751635194069	-2.38030191455254	0.0172984586055598	0.0418934416863457	1.76199259334077	down	67315
Gm35585	1.5213096672323	3.96550273376177	1.68541460755514	2.35283515165098	0.018630891608015	0.0447233458314491	1.72976636082167	up	102639226
Fga	164.252057504894	-3.95468036051535	1.35769155881624	-2.91279733959854	0.00358206992321808	0.0103351214376231	2.44586594082887	down	14161
Gm47127	1.48252899578665	3.95139742443574	1.45889494914599	2.70848660265005	0.00675908409800731	0.0182919551251479	2.17011214993566	up	NA
Pnliprp2	1.49524168174429	3.94384352005902	1.29217854514389	3.05208868765103	0.00227254945260653	0.00683869339076011	2.64348665738632	up	18947
9430062P05Rik	3.06413788159175	3.94325266077678	1.04922181947517	3.75826406540919	0.000171096263670282	0.000642767974097184	3.76675947429932	up	115487189
Gm26868	1.30411263218548	-3.93198601493812	1.4526543185699	-2.70675959495241	0.00679434389949315	0.0183759571900329	2.16785247485305	down	102634011
Gm12580	1.50362090464612	3.92999963621308	1.44691547636957	2.71612246907039	0.00660514795911967	0.0179266119877778	2.18011744949389	up	433711
Gm10912	1.50454556514909	3.92940419683665	1.3887083906952	2.82953874489774	0.00466151553961213	0.0131396318395178	2.33147286367814	up	100038697
Gm47552	1.47343842291487	3.92358536245603	1.6744125720512	2.34326081155108	0.0191160149230965	0.0457255412992372	1.71860263911505	up	NA
Trim43c	2.12785330621602	3.92067869765463	1.20758689377358	3.24670524156064	0.00116749234814895	0.00373474043548323	2.93274595715806	up	666731
Scg2	1.48498865511367	3.91894999338117	1.60916123441983	2.43539920646555	0.0148753682436342	0.0366987555127937	1.82753227439277	up	20254
Strit1	1.29065099391134	-3.9187543257817	1.29391746870708	-3.02859681591395	0.00245692338315126	0.00733572900410988	2.60960838637439	down	102637511
4930556N09Rik	2.14724872090088	3.91720462884214	1.16066095610973	3.37497751451183	0.000738217222263787	0.00246208109116531	3.13181582713429	up	75301
Tmigd1	1.30772312390166	-3.91374555841157	1.35959270289599	-2.87861618415216	0.00399424122820606	0.0114304179837674	2.39856570989217	down	66601
Flt3	4.37459668750414	3.91003153613458	1.11583458512548	3.50413187425524	0.000458098443297013	0.00159386565150854	3.33904118403415	up	14255
Gm13582	3.04867826316502	3.90277029596055	1.13736737492088	3.43140693325412	0.000600459123731861	0.002040136710657	3.22151655186128	up	100038493
C230012O17Rik	1.47022228195209	3.89480317370348	1.27505661490849	3.05461195068818	0.00225351891429477	0.0067917516337245	2.64713879244573	up	319564
Slc18a1	5.27027665040335	3.88002507958467	1.0145056444716	3.82454755252306	0.000131012458673581	0.000502980647194709	3.8826874030014	up	110877
Pklr	75.8579333206942	-3.87486495055011	0.812699954797027	-4.76789118502887	1.86164281208475e-06	9.57290677957233e-06	5.73010364216311	down	18770
Ttll6	2.8920205288164	3.8722831590382	1.48086839311108	2.61487325751015	0.00892605710816842	0.0234532196744425	2.04934033890675	up	237930
Slc25a54	1.25152704745194	-3.86396033828636	1.36359350966699	-2.83365996603341	0.00460182694545515	0.012988200188806	2.33706971727255	down	74686
Gm39121	1.43545483490051	3.86282989008788	1.48493257580735	2.60135035961997	0.00928575659410805	0.0242814514049672	2.03218270460493	up	105243109
Gm48622	10.4736884454307	3.85991459026591	0.639294845991126	6.0377689801045	1.56259556065121e-09	1.22730268926761e-08	8.80615341385943	up	115488208
Sftpa1	116.962144770161	3.85376497988605	1.25247062742265	3.07693042496045	0.00209144110502042	0.00634720598529475	2.67955436064337	up	20387
Cyp2ab1	1.23663773301139	-3.85139828909768	1.48489178092644	-2.59372321846561	0.00949428854304224	0.0247201208035297	2.02253757367656	down	224044
Alb	973.201114927499	-3.8424044844257	0.987831970596477	-3.88973489297533	0.000100353791947322	0.000393038812426172	3.9984662127063	down	11657
Aadac	31.5456145039143	-3.83458287228681	1.25690831513083	-3.0508055568776	0.0022822832367418	0.00686608686338849	2.64163045960189	down	67758
Kcnk7	2.92891238404168	3.83199454958439	1.62208448328439	2.36238900567335	0.0181575778327416	0.0437308390015984	1.74094208555248	up	16530
Phgr1	1.23677134821718	-3.82761055540314	1.38501161212033	-2.76359455899682	0.00571685252154476	0.0157493753130549	2.24284301119756	down	53906
Minar1	2.01883308579211	3.81846363288324	1.4762144244136	2.58665920731675	0.00969113885032433	0.0251604430061127	2.0136251840071	up	209743
Slc6a20a	1.36199209294204	3.80757057545791	1.42620862701758	2.66971500755828	0.00759156516706912	0.02031009545557	2.11966867557427	up	102680
Gm37372	1.38250616937387	3.80633997647799	1.27900116673978	2.9760254137848	0.00292010662191338	0.00858330786719294	2.53460129085869	up	NA
Gm31848	1.37160453995916	3.80572960777603	1.55584089742702	2.44609176559749	0.0144414238637974	0.0357456435155294	1.84038998504169	up	102634208
Ssxb5	1.3488903000769	3.79664585779108	1.24490317041538	3.04975193895946	0.00229030448432142	0.00688926626590853	2.64010677658143	up	387586
Txk	2.77545227872096	3.79229672654174	1.0657787391168	3.55824017439527	0.000373347857303578	0.00132235717410338	3.42788633680634	up	22165
Gm43437	5.18667716799647	3.77824408764838	0.902756980912536	4.1852283256001	2.8487960327121e-05	0.000122868437448906	4.54533864414019	up	NA
E330034L11Rik	4.91480661538568	3.77741327722421	0.977670900634049	3.86368590368645	0.000111688819680023	0.000433663862547052	3.95199029863273	up	399583
Gm8618	1.18057527176747	-3.77417096910064	1.37766549016077	-2.73954090891846	0.00615250575353464	0.0168155103271348	2.21094797149315	down	667414
Gm29966	13.4426019335237	-3.77335843238026	1.45566725205293	-2.59218473662761	0.00953685452704261	0.0248101800409573	2.0205948419419	down	102631693
F13b	8.20741767466393	-3.76573843788205	1.37240338880982	-2.74390056785549	0.00607139248031019	0.016618853040145	2.2167116916002	down	14060
Platr21	5.25143967684056	3.7579562898873	0.934710340060958	4.02045011039701	5.80870501459994e-05	0.000237809562951993	4.235920677885	up	78526
Lnp1	4.24601405902276	-3.7564668002584	0.898648795947846	-4.18012778428784	2.91345331951087e-05	0.000125383881542579	4.53559193595422	down	100503609
Ms4a3	5.67510765486438	-3.75591375885821	1.42394591079276	-2.63768007646243	0.00834752923090138	0.0220990280174106	2.0784420514833	down	170813
BC026513	1.32745916241974	3.75428782231644	1.56143619379073	2.40438119549546	0.0161998708995208	0.0395318974696667	1.79048844643571	up	245855
Slc5a12	4.01417494968412	-3.74315948349411	1.3379406597223	-2.79770216735249	0.00514675466900919	0.0143421403626863	2.28846653282519	down	241612
Slc25a41	1.2891927658418	3.74281985833192	1.32864874167136	2.81701230802635	0.004847266808099	0.0136050912654288	2.31450307474886	up	103775
Elane	69.1367822298876	-3.74049847264402	0.964949309575036	-3.8763678418417	0.000106027356452689	0.000413547244305303	3.97458206658787	down	50701
Gstp3	67.6299943344992	-3.73934999840812	0.893136619116573	-4.18676148572524	2.82962903172056e-05	0.000122186995792582	4.54827049735101	down	225884
Rps19-ps5	1.13431428826363	-3.73108626024619	1.3334930888962	-2.79797945059812	0.00514233841598631	0.0143316682018502	2.28883934594302	down	667534
Gm16401	1.85961810840191	3.73010514336283	1.50480007582673	2.47880446265496	0.013182355141843	0.0329551310309112	1.88000699234195	up	100041413
Potegl	2.62783620462462	3.72479069076839	1.13860817057304	3.27135426131166	0.0010703373961166	0.00345030882266072	2.97047930065643	up	NA
Ugt2b36	6.28015874919604	-3.71873798274112	1.12876585192047	-3.29451672941212	0.000985910758514499	0.00320376851259368	3.00616239422587	down	231396
Cyp2c68	6.14055189708426	-3.70515144369889	1.21948954385209	-3.0382806169827	0.00237932277638375	0.00712847330224673	2.62354663804109	down	433247
Gm49987	1.26256228618327	3.7009284272669	1.46102308459257	2.53310742745654	0.011305629832989	0.0288159883778784	1.94670523823925	up	NA
Wdr38	1.24753884543878	3.69970873219764	1.47580049646491	2.50691657921231	0.0121789451152785	0.0307858914401356	1.91439032668292	up	76646
Gm34121	2.27612184909016	-3.69877361317575	1.45551593969585	-2.5412113411473	0.0110469122508004	0.0282226441591676	1.95675909571946	down	102637256
Gm26811	2.63198791902338	3.69017878051308	1.12968801230597	3.26654681674503	0.0010886780497924	0.00350372483371474	2.96310053334885	up	NA
Mpo	135.060290328058	-3.68133396763225	0.753600997544749	-4.88499083683027	1.03433664006102e-06	5.53293374202887e-06	5.98533809071337	down	17523
6030468B19Rik	76.9386817564527	-3.67688921544548	0.714371253594994	-5.14702851905356	2.64645104951646e-07	1.54060246657947e-06	6.57733613459223	down	77727
Prodh2	30.2316296569911	-3.67597643421783	1.22495509780376	-3.00090708696878	0.00269176685022449	0.0079680690500459	2.56996255962117	down	56189
Gm39185	2.6025675261528	3.67488781649511	1.07463694825921	3.41965518908319	0.00062700556865615	0.00212204480021951	3.20272860203069	up	105243198
Olfr1052	2.20764529141133	-3.65323225281241	1.49788422176796	-2.43892832284492	0.0147308897874803	0.0363794161130922	1.83177101974788	down	NA
Ccdc81	1.2093983784544	3.65263596235034	1.36101551924667	2.68375776080208	0.00727998326731101	0.0195654605228855	2.13786961889065	up	70884
Gm9866	1.22569732214636	3.64932796087471	1.27567584502779	2.86070162345608	0.00422704673875011	0.0120176627835032	2.37396295012011	up	NA
Rhox7-ps1	1.0812725433683	-3.64681022019977	1.38704708374592	-2.62918992652437	0.00855885448997274	0.0225874329359614	2.06758435704879	down	665331
Trcg1	2.49131137230678	3.64529268130556	1.08944323275131	3.34601434174742	0.00081982155252502	0.00270646775459814	3.08628066857667	up	541610
Gm18289	1.21458045052942	3.64164979827726	1.46215223606891	2.49060919133022	0.0127524304127236	0.0320348350000944	1.89440703764211	up	100416842
Gm10646	1.21344054782423	3.64086557991587	1.36903230511626	2.65944460646361	0.00782695995187179	0.0208782862132017	2.10640688832469	up	102632690
Lgi4	2.60894049559396	3.64058294470834	1.03800547286153	3.5072868495309	0.000452700866005543	0.00157749731988999	3.34418867470937	up	243914
Gm29264	2.57652739225683	3.63888882589855	1.44189407209516	2.52368665377132	0.0116131391199798	0.0294996225551511	1.93505037128527	up	NA
Gm15428	1.03267535829398	-3.62772281002147	1.53714596519097	-2.36003794836151	0.0182730657122307	0.0439797907016014	1.73818858399881	down	433368
Rsph6a	1.20182950010878	3.62731454719425	1.32906192286913	2.72922915387097	0.0063482573289811	0.0172897496330468	2.1973454772714	up	83434
Gm45620	1.05829904491884	-3.62383413828695	1.52957948309894	-2.36917020549009	0.0178280469045864	0.043018091234252	1.74889623198006	down	108167329
Fgf17	1.18965236774661	3.61716044078758	1.28141801120409	2.82277945928721	0.00476093091641359	0.0133890499702001	2.32230812031882	up	14171
Foxd3	1.18965236774661	3.61716044078758	1.28141801120409	2.82277945928721	0.00476093091641359	0.0133890499702001	2.32230812031882	up	15221
Foxn1	2.51224200810868	3.61304145296085	1.50512576001088	2.4004914067345	0.0163730751777969	0.0399098290160091	1.78586974408709	up	15218
Tbata	9.9038698692474	3.60746231536881	0.827661205960039	4.35862196922032	1.30883971264458e-05	5.95653390963581e-05	4.88311353616607	up	65971
Gm28199	1.15996033750354	3.58638997116578	1.46797466512475	2.44308710250187	0.0145622221978817	0.0360078025772039	1.83677234654512	up	NA
Smlr1	4.3698272937158	-3.58054894137279	1.24795532824695	-2.86913230011406	0.00411599594370172	0.0117325823103265	2.38552506190495	down	100504474
Gm44226	2.5058443708157	3.57919496220213	1.06026063180969	3.37576899001998	0.000736096968974072	0.00245613842275916	3.13306497055874	up	NA
Gm15151	2.23363500803401	-3.57911080554286	1.23325905425804	-2.90215652030719	0.00370603321930539	0.010658884445273	2.43109069216867	down	102637290
Hemgn	44.4365489977603	-3.56798193389364	0.852598961168931	-4.18483026181719	2.85379262480583e-05	0.000122986486593968	4.54457758874579	down	93966
Gm32364	1.1728882656634	3.56424993821223	1.40545344361441	2.53601423398703	0.0112122176664019	0.0285946354729884	1.9503084797309	up	102634888
Gm39059	1.1728882656634	3.56424993821223	1.40545344361441	2.53601423398703	0.0112122176664019	0.0285946354729884	1.9503084797309	up	105243011
Gm11515	2.35473252062162	3.56261822500643	1.52883429782861	2.33028407988125	0.019791141620794	0.0471539434633319	1.70352915347873	up	102640586
Tfap2e	1.1299548335115	3.55635987379742	1.36712306655083	2.60134581941472	0.00928587950138267	0.0242814514049672	2.03217695627442	up	332937
Gm36241	1.16198663624869	3.55348925056634	1.40404311302439	2.53089753270604	0.0113771079707967	0.028987992362807	1.9439681203615	up	102640087
4921513I03Rik	12.8527013162422	3.55094797467884	0.612860604988736	5.79405487279461	6.87069933782318e-09	4.94835812051228e-08	8.16299905579343	up	70874
Fam183b	4.05274064496382	3.54577687911765	1.08652659996952	3.26340549712922	0.00110081890485873	0.00353913603021033	2.95828412070983	up	NA
4930435F18Rik	1.15016034633101	3.54498876757604	1.53374541792956	2.31132802493487	0.0208147431830031	0.0493336151295824	1.68162894316744	up	74680
Cfap58	1.68940503728204	3.54392929230704	1.18980408380111	2.97858222253291	0.00289585321851764	0.00851776766732856	2.53822345490699	up	381229
Asgr2	8.60503261625267	-3.53784264856955	1.29551843748212	-2.73083156998171	0.00631747489236261	0.0172145260771613	2.19945647542784	down	11890
Rbp4	731.913054612809	-3.53736818899901	0.888824188202075	-3.97982889749484	6.89648869042187e-05	0.00027810770840501	4.1613719716564	down	19662
Gm815	1.11230433538833	3.53422353196407	1.49459187042285	2.36467466597699	0.0180459156027517	0.043485962866974	1.7436210780747	up	329047
Vmn1r32	2.38316773106633	3.53043154312933	1.51107611556604	2.33636909932023	0.0194720130013278	0.0464800643640949	1.7105891491385	up	171188
Dynlrb2	4.99208226796105	3.51019743527358	1.30726632292643	2.6851433206171	0.00724987103956826	0.019491750095515	2.13966971857411	up	75465
Gm7741	2.00515279539168	-3.50746130205391	1.09548848966638	-3.20173268376565	0.00136603699980843	0.00430984956350353	2.86453753740777	down	665667
Tinag	26.3998107227652	3.50349095587699	1.05548011516374	3.31933392732223	0.000902324578809344	0.00295119632127124	3.04463721253605	up	26944
4930448H16Rik	2.25615807794771	3.49455815602608	1.42748568956292	2.44805127054974	0.0143631215554754	0.0355841923652491	1.84275116406363	up	74872
Serpina10	19.3649854047299	-3.49316027676611	0.899688878285073	-3.88263138633495	0.000103332150817076	0.000403686988621815	3.98576453085207	down	217847
Shbg	9.37073470248719	-3.48988625264817	0.866382288796221	-4.02811356808451	5.62261836739909e-05	0.000230668262850976	4.25006139302578	down	20415
9330198I05Rik	1.09646489380809	3.48367408184203	1.32969893746914	2.61989686813816	0.00879563623346975	0.0231530156057434	2.05573274032348	up	77560
Slc16a14	1.09646489380809	3.48367408184203	1.32969893746914	2.61989686813816	0.00879563623346975	0.0231530156057434	2.05573274032348	up	71781
Tcaf3	1.09646489380809	3.48367408184203	1.32969893746914	2.61989686813816	0.00879563623346975	0.0231530156057434	2.05573274032348	up	403088
Gm13497	1.56321154880418	3.47873562554939	1.19945518407519	2.90026311256604	0.00372849542338283	0.0107135808839766	2.42846638565655	up	329404
Gm11464	3.82689557501604	-3.47047253327278	1.05615450520209	-3.28595154987171	0.00101638490620622	0.00329541804585581	2.99294179305105	down	NA
Gm14843	1.06288884549111	3.46968551847865	1.39855848101668	2.48090127483005	0.0131050664292661	0.0327845003214962	1.88256077328353	up	100302655
6430553K19Rik	1.08236767008354	3.45048989185051	1.4525801258976	2.37542138318761	0.0175289260549746	0.0423949986746174	1.75624469101892	up	619300
Gm43697	1.59781140817844	3.45020280778783	1.27101147524895	2.71453316903534	0.00663692537053003	0.0180038797865911	2.17803306579162	up	NA
Gm45799	4.05401550561894	3.44954836697584	0.930522241877455	3.70711006328651	0.000209637848958684	0.000775702795297156	3.67853030513319	up	NA
Sftpb	280.053135322646	3.42804172713671	1.01928254681716	3.36319084226569	0.000770470806075755	0.00256023968099532	3.11324381249444	up	20388
Gm32014	1.03676735957299	3.42002841914209	1.34552921464353	2.54177195256823	0.0110292107958897	0.0281906524357961	1.95745556274137	up	102634431
Wdr64	3.23656826668812	3.41979651541601	1.05724784083604	3.2346214230258	0.00121804116631223	0.00388055743933112	2.91433803354213	up	75820
Ibsp	73.0708588159553	-3.41851137780742	1.43157987966601	-2.38792918674225	0.0169436061549666	0.0411438984169009	1.77099415206146	down	15891
C230014O12Rik	0.931433430579566	-3.41766768436758	1.43659172321868	-2.37901111995154	0.0173591522919005	0.0420301470221572	1.76047148675969	down	329387
Gm2093	6.86822115583086	3.41660844192899	0.84982731806061	4.02035609978511	5.81102362013777e-05	0.000237859759837638	4.23574735927562	up	328489
Igfals	11.9233887860912	-3.41563702911997	0.944858558831991	-3.61497178301722	0.000300380336440625	0.00108204511664217	3.52232850061208	down	16005
Gc	57.0626094619066	-3.41277524634054	0.875661885855668	-3.89736643956553	9.72444210709002e-05	0.000381753612613711	4.01213530483642	down	14473
Marco	10.9276307403999	-3.4099484076347	1.1671713763965	-2.92154903435218	0.00348295445073913	0.0100852353107451	2.45805220510593	down	17167
Gm26813	3.87108569264782	3.40926772389506	0.958721576622471	3.55605611371108	0.000376463703060438	0.00133209292101932	3.42427689016836	up	NA
Apob	22.061912773463	-3.40806916077368	0.618432653766458	-5.5108169661117	3.57171989658641e-08	2.34580650342321e-07	7.44712260693263	down	238055
Ostn	4.48234126786571	-3.40586375249799	1.36048756987524	-2.50341409058983	0.0123001537962533	0.0310312553329506	1.91008945828039	down	239790
2210406O10Rik	4.13477939326695	-3.39948248101194	0.934237680992926	-3.63877688748211	0.000273935995206883	0.000994851457488616	3.5623508976744	down	76710
Spp2	58.7028693864845	-3.39909693450584	1.21427002158918	-2.79929247537319	0.00512147251583746	0.0142843363461646	2.29060515356338	down	75396
Habp2	26.1714335173987	-3.3983485182528	1.14745494738007	-2.96164004173942	0.00306005299189455	0.00895476797574302	2.51427105263995	down	226243
Pck1	1.03994724047346	3.39796420968287	1.34409794119897	2.52806295250465	0.0114693784664953	0.0291786992255826	1.94046011617764	up	18534
Gm17266	1.03730090876774	3.39541563815456	1.34374659335897	2.52682734597081	0.0115098070378967	0.0292557063083879	1.93893195726327	up	100503964
BC022960	4.40931559798715	3.39395266389887	1.05295176448296	3.22327458709888	0.00126734001932345	0.00402634275510143	2.89710685101642	up	NA
Gm8113	1.01292208858905	3.39356234325742	1.38151562083731	2.45640533633681	0.0140334769833674	0.0348468135129876	1.85283471331883	up	666451
Gm49417	4.41550184196454	3.38379788670142	1.00293465317923	3.3738966701121	0.000741121817869137	0.00247063301464505	3.1301104013592	up	NA
Gm42977	1.81913583294291	-3.36517101414725	1.19565474872752	-2.81450060540356	0.00488530856395441	0.0136959745112562	2.31110800034018	down	NA
Zyg11a	1.91945069914978	-3.36454651956445	1.33007115151065	-2.52959889833194	0.0114192986582714	0.0290716756767874	1.94236056843658	down	230590
Olfr267	3.57877383493591	-3.36228797479118	0.942802867719042	-3.56626829416174	0.000362100670307704	0.00128628745210301	3.44117067123196	down	NA
Prss45	3.62040221116349	-3.36151015088708	0.959653233271704	-3.5028383527942	0.000460328727574324	0.00160100272472016	3.33693192139605	down	260408
Gm16244	2.12864681221288	3.35630953951063	1.16477910353375	2.88149875742803	0.00395788795204465	0.0113293631990424	2.40253650484855	up	102637720
Serpinc1	143.181950218132	-3.35529723634913	0.933994536565585	-3.59241634184176	0.000327625850331458	0.001171275864272	3.48462183886097	down	11905
Gm35572	4.68757091160824	3.35185254130881	0.865248501437386	3.87386113439154	0.00010712446877583	0.000417453720097971	3.97011131870513	up	102639212
Fcnb	18.1953703999054	-3.35162787636563	1.24023922003304	-2.70240436056872	0.00688399858904158	0.0185976445316557	2.16215922735835	down	14134
Ttbk2	3.02070932130331	3.34870819412705	0.994504665663763	3.36721215067606	0.0007593224990305	0.00252627895001407	3.11957373161157	up	140810
Gm7476	2.54428252406656	-3.34846676773524	1.14236504786453	-2.93117053431797	0.00337687350085054	0.00980153177716543	2.47148520791998	down	665071
Igfbp1	5.94859300349136	-3.33040476492116	1.28331104303283	-2.59516567164454	0.00945453342078762	0.0246431343993042	2.02435989863038	down	16006
Gm45235	6.53613798022296	3.32783211253596	0.719070831739052	4.6279614825812	3.69282675313836e-06	1.81736492019278e-05	5.43264106654911	up	NA
Gckr	5.24709395407003	-3.32643700480718	1.01860279162897	-3.26568612627447	0.00109199214776856	0.0035128328961609	2.96178048451869	down	231103
A930014D07Rik	1.23945718397667	-3.32504719280304	1.41429166005505	-2.35103358572703	0.0187213439538185	0.0448998788899027	1.72766297767181	down	77947
Gm39168	1.24731173147893	-3.29584528075179	1.27588040099343	-2.58319296870269	0.00978905537862254	0.0253719454604631	2.00925921459573	down	105243177
Gm32926	1.41483822359753	3.29555456141688	1.22302713377234	2.69458826416384	0.00704756580156493	0.0189947515018162	2.1519608605258	up	102635639
Gm5426	0.963859445537028	3.29004737482852	1.3957599684013	2.35717275843419	0.0184146776552168	0.0442863539058192	1.73483587896958	up	NA
Slco4c1	7.01073652766432	3.28893857727063	0.818681838544028	4.01735866416653	5.88541124424064e-05	0.000240723602497853	4.23022318534996	up	227394
Fam3b	1.3790065069993	3.28014961870714	1.39409550260218	2.35288731122401	0.018628278505045	0.0447233458314491	1.72982727770194	up	52793
Tfr2	24.9042411739037	-3.27860236074893	0.629096645175875	-5.21160363179546	1.8721521321971e-07	1.11672592389576e-06	6.72765886313574	down	50765
Gm46136	2.82862224867375	3.27539378881507	1.32623252257725	2.46969798512408	0.0135227165579335	0.0337362879453797	1.86893605487296	up	108167692
Epx	11.0872896455683	-3.27424434745251	1.11373635580756	-2.93987381338412	0.00328345937170085	0.00954566396590613	2.48366835314075	down	13861
Akr1c6	6.40627410722126	-3.27333862208214	1.26787526993578	-2.58175129659871	0.00983003958911489	0.0254660285570941	2.00744473310382	down	83702
Lgals12	3.56498984276193	3.27166203278074	0.943831713245393	3.46636162661989	0.000527553204012302	0.00181279803626197	3.2777337349994	up	56072
Sftpc	8723.13173260054	3.26972927344275	1.35019570138853	2.42167062899119	0.0154493462460606	0.0379299917083031	1.81108989343886	up	20389
Drc1	3.58208453933658	3.26898599452104	0.914946136542952	3.57287261397992	0.000353086546988031	0.00125693268492861	3.45211882925131	up	381738
Gm17344	4.05845904028429	3.26795332561088	0.949057027819756	3.44336876480254	0.000574515349401022	0.00196240166099138	3.24069836371875	up	115486898
Adgrf1	1.97194585618503	3.2659648471286	1.38859471506668	2.35199285413655	0.0186731336615987	0.0447990596231766	1.72878279411623	up	77596
Gm34158	0.942835927481059	3.26274522374145	1.36455053581017	2.39107686972126	0.0167990352426802	0.0408156004133059	1.77471565879862	up	102637314
Gm45269	0.942835927481059	3.26274522374145	1.36455053581017	2.39107686972126	0.0167990352426802	0.0408156004133059	1.77471565879862	up	NA
Gm9864	0.942835927481059	3.26274522374145	1.36455053581017	2.39107686972126	0.0167990352426802	0.0408156004133059	1.77471565879862	up	NA
4833418N02Rik	11.0459303225933	3.25531711940396	0.609268557594991	5.34299214824725	9.1424725073342e-08	5.70507054828548e-07	7.03893633697089	up	74597
Ahsg	854.943504467317	-3.25204337279313	0.808484471780153	-4.02239435178347	5.76094971773409e-05	0.000236031985800727	4.2395059153317	down	11625
Clec18a	2.05102155458976	3.24875459130182	1.2536369364745	2.59146368201149	0.00955686282909683	0.0248473868539642	2.01968464743206	up	353287
Arhgap20	12.6874912764089	3.2426263084643	0.51871641631152	6.25125059955092	4.07178916689984e-10	3.4248337559582e-09	9.39021471741553	up	244867
Gm44684	7.21647647914503	3.23753646745188	0.634135172117654	5.10543589096365	3.30032865832806e-07	1.89991421335586e-06	6.48144280939754	up	NA
Tmem169	4.81201252381445	3.22707469701622	0.914583964258208	3.52846192709447	0.000417982069255209	0.00146424869055903	3.37884234834589	up	271711
Itih2	97.273170802273	-3.22638056340825	0.93693124679105	-3.44356170685786	0.000574105566528457	0.00196130964921663	3.241008242192	down	16425
Tmprss5	17.2594765171742	3.22238546935139	0.454240980434126	7.09399989906614	1.30290225175885e-12	1.49534991171817e-11	11.885088165342	up	80893
F830045P16Rik	1.71683065182945	-3.22009293927548	1.24506423728747	-2.5862865889481	0.00970162276775213	0.0251816560442894	2.01315561623528	down	228592
Gm4022	2.34662471970659	-3.21529904600555	1.05515913450962	-3.0472171835008	0.00230970761159705	0.00694187660404349	2.63644299443992	down	100042770
Gm37660	5.24055735451937	3.21345432735036	0.854465824424234	3.76077572150493	0.000169387252742041	0.000636832890122556	3.77111927565876	up	NA
Qrfprl	2.37867857825836	-3.21090109966615	1.06493317353204	-3.01511980232208	0.00256877768874473	0.00763931537212817	2.590273479513	down	243407
Selenok-ps1	3.95890696713967	3.21073009679986	0.952708592829783	3.37010720902935	0.000751389439423326	0.00250217969946844	3.12413491312199	up	100134990
Gm20507	16.6929343895956	3.2059073815967	0.487067195035832	6.58206385950679	4.63962215531738e-11	4.37478794134127e-10	10.3335173863724	up	NA
Ugt2b38	1.1407143073531	-3.20358634804569	1.36573902268874	-2.34567973443328	0.0189924190762117	0.0454698645400574	1.72141971538199	down	100559
Cstdc4	17.6639037891026	-3.19928800937012	0.720633314182866	-4.43955052646688	9.01469495994713e-06	4.2009404680644e-05	5.0450489643884	down	433016
Gm34342	2.38784989393639	-3.19873050037345	1.11147580096147	-2.87791285928711	0.0040031570227035	0.0114529217737583	2.3975973744824	down	102637565
Pdia2	23.9859648517177	-3.19835944139962	0.572757755483711	-5.58413991042078	2.34859582932571e-08	1.58406531586367e-07	7.62919171468095	down	69191
Gm12592	21.8613925161905	3.19358821858327	0.416218408560719	7.67286634348221	1.68194725687789e-14	2.41066048783668e-13	13.774187627091	up	791413
Odaph	1.91693183940082	3.1922210097026	1.33203432742686	2.39650055856229	0.0165524682574241	0.0402974772336619	1.78113723628995	up	381651
Camp	65.2105706302873	-3.18289999077032	0.89879137867554	-3.54131121669263	0.000398143658552943	0.00140106412381036	3.3999601971232	down	12796
Cyp2j8	2.44594093141898	-3.17317437181832	1.09300490827375	-2.90316571114937	0.00369411113709488	0.0106316176704336	2.4324900429778	down	665095
Sim1	3.37688776381246	3.17104404395172	1.19139945554709	2.66161280264777	0.00777672785544616	0.0207595535640968	2.10920309880057	up	20464
Adgrf4	1.82682569423222	3.16602425590631	1.33902637529608	2.36442262401759	0.0180581991296901	0.043505932439041	1.74332556227473	up	78249
4930519P11Rik	1.34479111108228	3.15837003457842	1.21801756066529	2.59304146062827	0.00951313014502152	0.0247593631781824	2.02167656181752	up	74721
2310016D03Rik	1.12595860811834	-3.15794619978546	1.33484105736827	-2.3657844372959	0.0179919167543071	0.0433789512319164	1.7449225669782	down	69566
Gm50022	2.80866502593477	-3.15475380440469	0.989676518347182	-3.18766157013942	0.00143428301341673	0.00450544073988011	2.84336514501554	down	NA
Cxcr3	4.95048345695771	-3.15035541363052	1.141778661229	-2.75916473183996	0.00579493152173566	0.0159261864543333	2.23695169169487	down	12766
Apol8	6.72984909551996	-3.14016141396745	1.10717262847831	-2.83619855946335	0.00456540527231581	0.0128954337816372	2.34052066397457	down	239552
Slc27a5	15.42567601379	-3.13984232002455	0.83533999974371	-3.75875969184749	0.000170757744479559	0.000641763786088202	3.7676195903787	down	26459
Gm12631	1.27890305471268	3.12000153852106	1.2445770223136	2.50687702133625	0.0121803081418946	0.0307858914401356	1.91434172462337	up	NA
Olfr872	4.80059638246941	3.11978065283632	0.876968897048515	3.55745872326385	0.000374459918480862	0.00132608024482195	3.42659466158046	up	NA
Bco1	1.59529750892192	-3.11726621885818	1.24246099184856	-2.50894494017092	0.0121092357591653	0.0306240307757634	1.91688326528393	down	63857
Vwa5b1	2.30906583512308	-3.11119904803241	1.12265210785593	-2.77129399772317	0.00558339891641485	0.0154148822226964	2.25310134205669	down	75718
Gm48648	2.73367686737388	-3.1086365474548	1.09353200456319	-2.84274857478591	0.00447263382884156	0.012648532645167	2.34943665573368	down	NA
Lect2	8.16946401233795	-3.09877862715606	1.2143379134564	-2.5518256432725	0.0107160130477859	0.0274998863833562	1.96996676626783	down	16841
Itih5l-ps	1.76705634433629	3.08619059382298	1.26892359387885	2.43213272155268	0.0150102059914869	0.036989496870023	1.82361334770661	up	NA
Nags	12.6940831018868	-3.08617673953385	1.11962334410203	-2.75644193718474	0.00584339861849908	0.0160472344502979	2.23333448645892	down	217214
Gm42902	1.73172488873794	3.06600091011939	1.25392131693116	2.44513022365958	0.0144799848271237	0.0358288702870938	1.83923189321483	up	NA
Rab9b	3.13997596558524	3.06287396326204	1.29211307858755	2.37043801662481	0.017767022712897	0.0429088872440592	1.75038534246436	up	319642
Gm6440	1.49933782959249	-3.05995051714349	1.22131665710602	-2.50545220958028	0.0122294923961624	0.0308779436912034	1.91259156864815	down	623568
Gm43655	2.15356208693243	-3.05700228183673	1.12735199178703	-2.71166619131165	0.006694597243503	0.018139983968332	2.17427554564012	down	NA
Gm8724	1.55307374060479	-3.05058676146567	1.15425705995936	-2.64290067376593	0.00821991448904303	0.0217982921139397	2.08513270035897	down	667610
Olfr543	1.19784842990345	3.04263868071431	1.28356586174106	2.37045777813629	0.0177660729726809	0.0429088872440592	1.75040855839459	up	NA
Gm765	3.04927625163854	-3.04075393088274	1.06668791909674	-2.85065001341499	0.00436299640026441	0.0123686403159579	2.36021514533221	down	NA
Slc7a14	16.0304060960062	3.04018226094548	0.463907427029065	6.55342442007294	5.62323997364838e-11	5.24321973046135e-10	10.2500133824327	up	241919
Vtn	216.959537815643	-3.03875026935183	0.813784083695608	-3.73409892161084	0.000188388443981341	0.000702087162335119	3.72494574097552	down	22370
Gata1	100.096491482952	-3.03538172514665	0.860779647032467	-3.5263167938637	0.000421382594599552	0.00147521174620059	3.37532340708929	down	14460
Gm43267	5.38997095364111	3.03255998458241	1.21009850839469	2.50604389935609	0.0122090460429755	0.03084062541451	1.91331826844307	up	NA
Dpys	6.22260304240382	-3.03230632489747	1.16353675827808	-2.60611132680071	0.00915766916513772	0.0239957603879382	2.03821505008004	down	64705
6430550D23Rik	5.28791172136251	3.02583008360221	0.734847666557848	4.11762902885127	3.8279022104263e-05	0.000161045578599809	4.41703916546539	up	320095
Lpar5	3.00111547866979	3.01774762410705	1.20285909842128	2.50881223583691	0.01211378561873	0.0306319791511021	1.91672011644343	up	381810
Gm44037	3.02317224416445	3.00286199273056	0.981049740399199	3.06086620185911	0.00220697692850239	0.00666254876419219	2.65620220688206	up	NA
Gm26834	9.52414120526711	2.99435414816228	0.625629525563858	4.78614583521066	1.70014540728361e-06	8.79020798085462e-06	5.76951393339799	up	NA
Matn3	5.07265441243156	2.98459537737674	1.04289426962083	2.86183888848278	0.00421190951506023	0.0119798415495339	2.37552096738497	up	17182
Gm36486	1.444388149165	-2.98084122215056	1.28242007534427	-2.32438752282503	0.0201047336870576	0.0478173762109044	1.69670167530951	down	102640422
D6Ertd474e	2.43820894703971	-2.97733924785838	1.20104895254655	-2.47894912321902	0.0131770100237668	0.0329493352747734	1.88018312369434	down	52285
Ermap	114.720922130417	-2.97615356672329	0.692779377968703	-4.29596154471235	1.73937735773874e-05	7.77772105826407e-05	4.75960618763213	down	27028
Sptbn5	1.67489661652186	2.96914575130054	1.27442168237948	2.32979852144138	0.0198168023585618	0.0472016432960978	1.7029664220035	up	640524
Pax7	1.47931748191868	-2.96824888227704	1.17289621759307	-2.53070036185149	0.0113835048332928	0.0289975040634669	1.94372400372188	down	18509
Gm30794	2.38293459591399	2.95564030911131	1.08362201956857	2.72755652408027	0.00638053249396264	0.0173630741106904	2.19514307526953	up	102632818
Lhcgr	4.52609904080283	2.95192780733638	0.949833562139525	3.10783691480335	0.00188462035028071	0.00577264410049403	2.72477612364611	up	16867
Gm14268	3.62009155179879	-2.94870996311584	0.987869563650235	-2.98491832486486	0.00283654051049249	0.00835911748706585	2.5472110096111	down	105244359
Cebpe	5.36887527589179	-2.94799094432256	0.990727397854702	-2.97558233546995	0.00292432837683106	0.00859339687142202	2.53397386145482	down	110794
Gm17529	4.53363291692027	2.94075635319654	0.784739317175712	3.74743088415701	0.000178655042009938	0.000669019190684618	3.74798472261187	up	100504043
Gm26708	6.1680142056489	2.94034080645221	0.677782699867063	4.33817624295945	1.43669927563526e-05	6.49497853594911e-05	4.8426341272032	up	120623200
1700055D18Rik	6.52851047700698	2.93088608959144	0.734273202427093	3.9915471242905	6.56436405887711e-05	0.000265797534479956	4.18280734102891	up	73405
Cpb2	35.0223871341046	-2.92790722814733	0.742096705854474	-3.94545239865476	7.96494545493864e-05	0.000317257212669089	4.09881719396207	down	56373
Liph	7.25167601214569	2.92387605373046	0.65213696960012	4.48353059254305	7.34180714041795e-06	3.4669259212595e-05	5.13419702802494	up	239759
Gm50139	5.55184487574593	2.92210975632071	0.839794652225751	3.47955270800558	0.0005022515611859	0.00173296687640878	3.29907870462776	up	NA
Gm4211	3.41704999544595	2.92021049065198	1.0477907172857	2.78701695145455	0.00531956962473791	0.0147632466373223	2.27412350250987	up	100043074
Gm13842	1.45692058032842	-2.91747692962591	1.18897523385966	-2.45377434831438	0.0141365658871018	0.0350827895239919	1.84965607833387	down	115490207
Nfyc-ps	2.00134646541213	-2.91693494524672	1.12818567566438	-2.58550964452634	0.00972351524501566	0.0252294570271101	2.01217670055499	down	668388
Fam122c	2.25512690619125	2.91111342721506	1.02622265461893	2.83672691702178	0.00455785773335185	0.0128774563418812	2.34123923479068	up	NA
Vmn2r12	3.13304981287602	-2.90896424300588	0.869980011297841	-3.3437138844906	0.00082664944540001	0.00272570221494003	3.08267862128738	down	627569
Jaml	2.82243653832633	2.90859449945934	0.994760037643534	2.92391570770117	0.00345658334980068	0.0100168684535951	2.46135296636087	up	270152
Mcpt4	4.1584945195041	-2.90823044856485	1.01286895854645	-2.87128006444032	0.00408813151256037	0.0116669025155937	2.38847514167457	down	17227
Rpl3-ps2	1.57303169062737	2.90486479091232	1.20086016640873	2.41898671649635	0.0155638085514732	0.0381722698865242	1.80788412003934	up	628388
Gm10109	5.10843434336302	-2.89494634160798	0.812370194219707	-3.5635802029746	0.000365830849780014	0.00129826719827392	3.43671967413488	down	638411
Mab21l4	11.8223787790012	2.89455493101317	1.03565004676307	2.79491604336823	0.00519131950879799	0.0144439484848801	2.28472224088851	up	71874
Mir9-3hg	5.83061469676027	2.88525412686257	1.09051456754472	2.64577311732634	0.00815044620802102	0.0216418907979943	2.08881861452669	up	101694
Gm10463	2.80402153539682	2.8852131479171	0.966580620981928	2.98496895684301	0.00283607104114277	0.00835886539972388	2.5472828946491	up	100038629
Ugt2b34	5.79656040154314	-2.86541884400787	1.1970446077663	-2.39374441471717	0.0166773655959125	0.0405516644800319	1.77787255067171	down	100727
Impg2	9.48113084380604	2.85241519547627	0.666811785245877	4.27769163441598	1.88841369172076e-05	8.38729965241622e-05	4.72390285942845	up	224224
Gm47872	1.9185523556451	-2.85159947485162	1.19050769481794	-2.39528017102628	0.0166076696047585	0.0404092738751454	1.77969130365928	down	NA
Gm42470	4.9844783208055	-2.84198728483183	1.004704617021	-2.82867943143175	0.00467404914567166	0.0131698709081615	2.33030672549497	down	NA
Gm50322	9.41558401085852	2.84112371981127	0.534636835784708	5.31411891146864	1.07174618679886e-07	6.62711104202918e-07	6.96990805300526	up	NA
Gm44103	11.2499299317675	2.83769160014856	0.607193314103329	4.67345659814966	2.96172316468437e-06	1.47422580570435e-05	5.52845553787042	up	NA
Gm10644	6.53901139820104	2.83592480163949	0.624913125369075	4.53811047729968	5.67605236086618e-06	2.72320431910045e-05	5.24595360688434	up	100126034
Gm8234	2.53464049334989	2.83462225059509	1.12747223485908	2.51413929581101	0.0119323293960715	0.030225791228769	1.92327476629542	up	666680
Nlrp1b	2.140610471963	2.83255621375139	1.16595017576278	2.42939730413291	0.0151239488448848	0.0372318650215776	1.82033480026096	up	637515
Kremen2	4.64657997831069	2.82941028973618	1.11478381556154	2.53807980546519	0.011146256377664	0.0284464065003518	1.95287097185543	up	73016
Gm20275	2.7119123387135	2.8273648944121	1.02064114425633	2.77018510406241	0.00560244436693601	0.0154655025683949	2.25162244737704	up	100504539
Oscar	2.7428042387455	2.82457673797398	1.03139655922515	2.73859429984523	0.00617024624041669	0.0168555333935197	2.20969750392133	up	232790
H3c15	3.19498242075332	-2.82029061289053	1.20524636643124	-2.3400117116648	0.0192831351888465	0.0460746728853781	1.71482235401613	down	97114
Il2rb	5.07884985244394	-2.81869334331814	0.711470631697658	-3.96178453155879	7.43916604941162e-05	0.000298224126731338	4.12847574730878	down	16185
Prg2	62.8314051764919	-2.81830196738617	0.764779355972747	-3.68511773412278	0.000228596944768404	0.000841422262298847	3.64092957831121	down	19074
Angpt4	5.10360352973604	2.81324632451376	0.933475465238805	3.01373354659521	0.00258054336942494	0.00766906773670759	2.5882888376428	up	11602
Mfsd13b	98.9563116168947	-2.81183568909665	1.04914140450335	-2.68013032087675	0.00735935025798867	0.0197543797086585	2.13316052694325	down	74466
Tmem72	1.55365274766096	2.80837358242455	1.210099492257	2.32077907675719	0.0202987703151365	0.0482261924161012	1.69253027053636	up	319776
Mir100hg	5.96112913672202	2.80693319037326	0.674539659413295	4.16125746085069	3.16500019809929e-05	0.00013535333787668	4.49962625846387	up	73144
Adgrg7	2.8583130922643	-2.80389328188864	1.00641122472769	-2.78603140843079	0.00533577014247556	0.0148006609175663	2.27280288748818	down	239853
4930451E10Rik	3.26694553585255	2.80381195693552	1.00174026960924	2.79894104489704	0.00512704975156263	0.0142951806697607	2.290132468258	up	78111
S100a9	63.8080797839493	-2.80354891661	0.578942279500305	-4.84253614890554	1.28192304558467e-06	6.75624026832955e-06	5.89213804492723	down	20202
Apoh	86.4865277880838	-2.80134962765501	0.851461352186149	-3.29004906736221	0.00100169913506816	0.00325264631897153	2.99926270122376	down	11818
Rhag	68.8722362234759	-2.79215115550428	0.699069998562561	-3.99409381212975	6.49421487777426e-05	0.000263447077173283	4.18747334572422	down	19743
Wnt7a	8.299109945942	2.79170197474869	1.19447791311283	2.33717337432676	0.0194301710222568	0.0463903589753894	1.71152337677049	up	22421
Hnf1a	3.42403927303483	-2.78380152354499	1.16668220432502	-2.38608381376276	0.0170288696148385	0.0413186837461566	1.76881417977266	down	21405
Slc26a9	9.71475714334852	2.77872922568668	0.938511303233939	2.96078397363109	0.0030685708979809	0.00897728105224941	2.51306383808115	up	320718
Gm17835	4.34657369661361	2.77358540418543	0.845640548741925	3.27986330399097	0.00103857394563825	0.00335586701460908	2.98356257660662	up	100415952
Atp6v0d2	3.8744681912613	-2.76777300026668	0.981211564443706	-2.8207708720146	0.00479084080595177	0.0134607829926032	2.31958826000083	down	242341
Pglyrp2	4.7933161473394	-2.7677516467343	1.11903114035666	-2.47334640379369	0.0133854328544114	0.033424434465678	1.87336758015558	down	57757
Gm8444	1.70676236403684	-2.76726113441011	1.14881597066414	-2.40879410199209	0.0160053247707857	0.0391009796801555	1.7957355089782	down	667073
Armh2	3.2034465016809	2.75831840181028	0.897368802770833	3.07378459479908	0.00211361982621957	0.00640591082717851	2.67497312593253	up	666145
Cc2d2b	2.61030737741015	2.75502716678584	0.994996464501104	2.76888136297773	0.00562491131202948	0.0155255538901503	2.24988432068324	up	668310
Ciita	3.00594915101735	2.74982573940679	0.963357112482988	2.85441992774549	0.0043115498941977	0.0122371352231094	2.3653665837836	up	12265
S100a8	152.346641981712	-2.74919586343814	0.642950463746958	-4.27590618321745	1.90361380851077e-05	8.45136212049275e-05	4.72042115355899	down	20201
Gm9001	1.7022886717441	-2.74255189266443	1.17974301748519	-2.32470279714867	0.0200878576161873	0.0477876787608862	1.69706637858682	down	668145
Ptcra	6.60916319291878	2.74219171623106	1.05826033857565	2.59122601147641	0.00956346606628413	0.0248586178599735	2.01938467878582	up	19208
Vmn2r63	7.33256689207119	-2.73569080997075	1.14250938482983	-2.39445806423568	0.01664494673609	0.0404864015571615	1.77871759024953	down	435975
Guca2a	6.83844644593383	-2.72973866489706	0.62762415576797	-4.3493205922849	1.36559951289572e-05	6.19284161523968e-05	4.86467664680452	down	14915
Sh2d1a	3.71610663437843	2.72889753283295	0.921717395769044	2.96066619265233	0.0030697445132174	0.00897950793252307	2.51289776820915	up	20400
Gm9812	2.14666281018485	2.7177229892743	1.15160741950628	2.35993876319368	0.0182779519596735	0.0439866884122926	1.7380724684732	up	NA
Scgb1a1	11.9562735536955	2.71691531528213	1.11503166713012	2.43662614737657	0.0148249975584816	0.0365952207305286	1.82900536948734	up	22287
Gm48653	4.68448203751747	2.70359520630022	1.12036148823758	2.41314543090302	0.0158155075883832	0.0387067481131159	1.80091686512692	up	NA
Zfp365	7.27935370015025	2.70332252672577	0.86086488981968	3.14024019180527	0.00168809366651975	0.00523337377802485	2.77260345953259	up	216049
Trf	4201.95375143039	-2.69912035844322	0.715917205487027	-3.7701571323559	0.000163144796648064	0.000615169468760245	3.78742677307482	down	22041
Gm29521	2.81413792746597	-2.69290178440386	0.903170981077775	-2.98160795776493	0.00286738928847095	0.00844431213155547	2.5425133414596	down	102633238
Gfap	13.6661207963672	-2.68799596356405	0.890419945935871	-3.01879576691068	0.00253781549442245	0.0075565261138629	2.59553995539614	down	14580
Gm50046	2.49520954149197	2.68702623827351	1.02192916837101	2.6293664193544	0.00855441323471497	0.0225808298916361	2.06780977427775	up	NA
Padi1	4.58154954114272	-2.67292186304106	0.871908071435947	-3.06560054965315	0.0021723332117593	0.00656980673516094	2.66307355802923	down	18599
F10	71.8991569370187	-2.66619038535518	0.797680670048753	-3.34242822405642	0.000830488304192992	0.00273753086432851	3.08066647935974	down	14058
Slc4a1	2851.9885920552	-2.6656905465247	0.469402945324083	-5.67889608081659	1.35566806090938e-08	9.41486603576362e-08	7.8678466356628	down	20533
C8b	8.94550413034064	-2.66198559412642	1.02879903254934	-2.58746899045003	0.0096683897647019	0.0251073690311414	2.01464585006753	down	110382
4930524C18Rik	2.3413618443358	2.6503273252154	1.11431232359351	2.37844208405454	0.017385967846286	0.0420819668648515	1.75980112789694	up	75822
Gm47465	5.23847634968572	-2.64752125331591	1.00237490775031	-2.64124853170746	0.00826011011435104	0.0218915541582046	2.08301416312317	down	118567729
9630015K15Rik	3.57032283765795	2.64744872643411	1.01882886050483	2.5985215270819	0.00936261743209404	0.0244474582311767	2.02860272205183	up	78569
Kel	169.162091285829	-2.64652887006462	0.523834560740529	-5.05222272147011	4.36698049828041e-07	2.47019743851808e-06	6.35981874751262	down	23925
Zfp433	3.67545845390429	2.63625066952303	0.943266251069046	2.79481076158004	0.00519301033685548	0.0144451540889252	2.28458081292683	up	73610
Gm10767	2.06222975683818	-2.63427546110542	1.08621242369954	-2.42519363950315	0.0153002233644383	0.0375977949312135	1.81530222897097	down	NA
Trim10	423.358449153628	-2.63165187425925	0.429386010341217	-6.12887194943304	8.85043187765071e-10	7.16592052213504e-09	9.05303553636385	down	19824
Cps1	18.064419853052	-2.62837636429695	0.841191119825598	-3.12458881501493	0.00178053760990144	0.00549316109303972	2.74944884838672	down	227231
Ccdc170	2.59278671152526	2.62360099140007	1.01214843067833	2.592110911679	0.00953890135285507	0.0248125400542844	2.02050164247292	up	100504234
Gm43434	2.42020656275512	2.62321067420246	0.993438803715096	2.64053574753937	0.0082775059664433	0.0219323183523675	2.08210049753543	up	NA
Gm19385	4.97293925240516	2.62173580352886	0.808650542344909	3.24211221812379	0.00118647293675678	0.00378877805501153	2.92574216351595	up	105243573
Acr	6.09829187788898	2.62147321137971	0.944916438841067	2.77429104164483	0.00553221610841711	0.0152890846804338	2.25710086311445	up	11434
Pah	10.0013642226822	-2.61029396393198	1.02791888714341	-2.53939683041139	0.0111043790924612	0.0283465170954051	1.95450572025434	down	18478
Ager	396.799712571195	2.60572040570421	0.918979791146595	2.83544908256698	0.00457613089939399	0.0129207005500721	2.3395015611225	up	11596
Gm49318	3.47637862045177	2.59410540954597	1.0371828825972	2.50110704011051	0.0123805752505097	0.0312123534453563	1.90725917580718	up	NA
Npas4	5.49206193263303	2.57781449794234	0.882816712054884	2.91998833137413	0.00350044492120793	0.0101345328224121	2.45587675149401	up	225872
Tvp23bos	3.40079370374758	2.57185823425985	0.929372921382012	2.76730489461152	0.00565218662388388	0.0155929304580841	2.24778350705262	up	102640449
Gm41231	2.49076446411289	-2.57176093313881	0.937865999267056	-2.74214113226052	0.0061040108673456	0.0166997392063142	2.21438470185134	down	105245842
Styk1	7.64434208130418	2.56957811490753	0.814123840510889	3.15624968468561	0.00159811992676758	0.0049748737554452	2.79639063329543	up	243659
Dmbx1	2.28603038133997	2.56942085017007	1.04442713151268	2.46012457226067	0.0138888798058081	0.0345271398871951	1.85733278045206	up	140477
Catsper3	5.94388128482851	2.5662312094637	0.763700839623828	3.36025715347875	0.000778699555948199	0.00258285294517126	3.10863007295931	up	76856
Frrs1l	8.34223239369767	2.56497540695582	0.527478135790593	4.86271417318823	1.15786986912027e-06	6.14257865265267e-06	5.93634024742956	up	230235
Gm6392	2.61432992701988	-2.56195244166899	0.985045827697118	-2.60084593998884	0.00929942055041185	0.0243028429028408	2.03154411161797	down	623094
Tmprss2	7.85133724067403	2.56171856638208	0.818636664177426	3.12924973737417	0.0017525328875489	0.00541452334719947	2.75633382343434	up	50528
A830012C17Rik	3.61569472438988	2.55854296082113	0.924238741931079	2.76827062613214	0.00563546387117877	0.0155507375669587	2.24907033012333	up	319308
Grin2a	41.3981613985378	2.55779026700863	0.341505298016134	7.48975281457504	6.90034463473752e-14	9.16621741229441e-13	13.1611292180704	up	14811
Tspan32os	3.25305017778986	2.54618190605239	0.928218065456368	2.74308592001012	0.00608647576514917	0.0166538582831253	2.21563410289747	up	NA
Tmc2	2.79182984921651	2.54283771971177	0.924574795534082	2.7502780002162	0.00595447237766583	0.0163234415268875	2.22515671505779	up	192140
Gdf2	10.7385261423395	-2.54215341298949	0.721828814928149	-3.52182312539371	0.000428589995444415	0.00149996164295383	3.36795797089101	down	12165
Adgrf2	7.45920323483429	2.53932658845559	0.839252457480431	3.02570050980732	0.00248057871256955	0.00740229711212504	2.60544698757871	up	435529
Lhx2	5.51835149306813	2.53797498386331	0.852551051676123	2.97691848350151	0.002911614143102	0.00855950082684536	2.53586617971098	up	16870
Ccdc116	4.00474531748649	2.53402660094845	1.03859837814352	2.43985226077282	0.0146932695845774	0.0362988613860683	1.83288155311774	up	76872
4933424L21Rik	2.24895217950153	2.53074556279	1.08825060882523	2.3255172496728	0.0200443186375881	0.0476997382640254	1.69800870204579	up	78762
Ftl1-ps2	6.04957925807975	-2.52971243287829	1.0424887198071	-2.42660892613437	0.0152406744602639	0.0374721681560573	1.81699581331863	down	434624
H2ac4	2.7281724175646	-2.52876956691343	0.919825210498376	-2.7491848864887	0.00597436766730708	0.0163676774698137	2.22370805408387	down	319172
Tspan33	124.509177513328	-2.52794370133485	0.572332095865593	-4.41691758962355	1.00118379159881e-05	4.63585144846648e-05	4.99948618990298	down	232670
Hoxb3os	4.89668228243548	2.52696228480559	0.707144895643695	3.57347171756838	0.000352279308654015	0.00125446926856644	3.45311286462824	up	102632302
Zfp109	24.0519613627553	2.52596214811808	0.509436769509343	4.95834281956312	7.10970256249701e-07	3.89317012552024e-06	6.14814856778898	up	56869
Cyp2c23	6.98427956124406	-2.5244837610619	0.972554654327581	-2.59572431207716	0.00943917678926113	0.0246118527399712	2.02506587979841	down	226143
Tmprss6	22.2166494917663	-2.52127070959212	0.777894506675991	-3.24114733804424	0.00119049635170182	0.00380051122716305	2.92427193116057	down	71753
Plcz1	2.65987676869832	2.51571287765427	1.03954133139529	2.42002198630971	0.0155195687189375	0.0380766340036858	1.80912035173686	up	114875
Dio3	2.32083100612987	-2.51284229055821	1.02917611375819	-2.44160572419639	0.0146221061956791	0.0361394591999461	1.8349900662783	down	107585
Ikzf3	4.03458665985905	2.51053501702571	0.941801058978337	2.6656744469465	0.00768340572025422	0.0205305730659517	2.11444623339848	up	22780
Fzd10os	10.3413434783434	2.51006707250687	0.550010007076267	4.56367527901871	5.02658059767045e-06	2.43197139494402e-05	5.29872734944787	up	319616
Gm33206	3.52693079023906	2.50991682791835	0.952895445910612	2.63398974010187	0.0084388037882532	0.0223108240531692	2.07371911083638	up	102636014
Gm42890	5.29250554993091	2.50624340604103	0.852233963492726	2.94079268534388	0.00327373557747562	0.00952248109456235	2.48495640185775	up	NA
Fam71d	4.84772432514418	2.49902941482774	0.726395207819525	3.44031649428038	0.000581034300838644	0.00198280231941363	3.23579822866779	up	NA
Gm43457	15.1088833045935	2.49873462946776	0.415838888792836	6.00890079502062	1.86785369226044e-09	1.44619169942725e-08	8.72865714477211	up	NA
Gm48728	10.4695132068937	2.49608249798695	0.618021380876626	4.038828712441	5.37187736644853e-05	0.000221089818567708	4.26987391031505	up	NA
B230119M05Rik	4.44022403954327	2.492889219342	0.857792824965291	2.90616702167318	0.00365886089482464	0.0105385261809925	2.43665410151598	up	77983
Prrg4	22.5949648006119	2.49056111736628	0.356997470275073	6.97641110859205	3.02815783456502e-12	3.33311690465873e-11	11.5188214921527	up	228413
Gm33497	6.21972622497815	-2.49045436909238	0.681579323991561	-3.65394647611584	0.000258240123382325	0.000942091817406162	3.58797627946015	down	102636432
Tex35	2.60865951775464	2.48258669462263	1.01383350292171	2.44871242414875	0.014336786312225	0.0355355061965985	1.84354818780921	up	73435
Gm45163	5.34833953795333	2.4771733800514	0.685664784737035	3.6128053171076	0.000302902124722718	0.00109058790465735	3.51869768027521	up	NA
Stfa3	5.19474885426176	-2.47587585931546	1.0283245184531	-2.40767949697426	0.0160542680485852	0.0392117482559789	1.79440949014151	down	20863
Spata45	4.33037717616365	2.46821126000187	0.742751883388155	3.32306294363444	0.000890348219015228	0.00291718004881859	3.05044010569253	up	75558
Itih4	36.0582177656258	-2.46780370727871	0.935663507263529	-2.63749060225307	0.00835219397679477	0.0221086890289089	2.07819942788667	down	16427
Gm28196	2.61189648956143	2.46491571921272	1.02649454425992	2.40129451539353	0.0163371817111531	0.0398312564630711	1.78682286046336	up	NA
4930519F16Rik	5.47458740977421	2.45578047586987	0.73477190130423	3.34223515013411	0.000831066230591056	0.00273860662515945	3.08036436438188	up	75106
Gm13594	2.64463822400588	2.44506609500254	0.912174362891921	2.68048105106879	0.00735164265966047	0.01973612379607	2.13361561080438	up	108168763
B130055M24Rik	63.2265013573633	2.43645136943553	0.286219775214766	8.51251933101871	1.70194378156237e-17	3.42781868752783e-16	16.7690547895866	up	654803
4921501I09Rik	5.18477584714299	2.43408669865495	0.694225904847393	3.50618823305077	0.000454573623696421	0.00158300974650008	3.34239576750112	up	78091
Rhd	776.489022805111	-2.42860642899586	0.482136935990652	-5.037171491551	4.72461457236787e-07	2.66074258845301e-06	6.32563361486293	down	19746
Gm8907	1.91476266316297	-2.42343916271073	1.02992235981906	-2.35303092471601	0.0186210853782846	0.0447136065794653	1.72999500863599	down	667975
Pou4f1	2.54951480704133	2.42040830753117	1.02660116942726	2.35769097056602	0.0183889941008339	0.0442343585861624	1.73544202652077	up	18996
Efcc1	15.2425118409532	2.41418626435159	0.663134746061804	3.64056668526096	0.000272038636346719	0.000988785507602799	3.56536941081667	up	58229
Kcnj9	3.53833441544438	-2.41268714184213	0.873128835753954	-2.76326590423366	0.00572261255453659	0.0157612549699393	2.24240565669913	down	16524
Tnfrsf14	34.4295115467617	-2.40693640378864	0.625999203808242	-3.84495122221583	0.000120576420919201	0.000465211737772964	3.9187376114817	down	230979
Tspo2	22.3437092944363	-2.40645839629941	0.664110997220886	-3.62357859811048	0.000290554854979695	0.00104960350134693	3.53677186339067	down	70026
Trpv6	8.21083187065417	2.40544930656345	0.699551615479774	3.43855871866399	0.000584819690958461	0.00199232609939641	3.2329780130498	up	64177
Aldh3b3	3.3228490457263	2.403765716908	0.849720584223558	2.8288895921057	0.00467098100999581	0.0131646082264892	2.33059189834501	up	73458
4930507D05Rik	7.62590676133214	-2.39877797318015	0.753670813583649	-3.18279271260903	0.00145861997639901	0.00457660673384626	2.83605784289118	down	74706
Sim2	3.9781551235773	-2.37504070011272	0.965200865908462	-2.4606698812659	0.0138677901205779	0.0344786486816515	1.85799273971283	down	20465
Mast1	2.40316900438661	-2.37396438477223	0.971352601264203	-2.44397799695244	0.0145263124384273	0.0359353339858471	1.83784461907414	down	56527
Gm8343	2.83451247002228	-2.37012688199633	0.850320212888871	-2.78733451947953	0.00531435886101502	0.0147525463626188	2.27454912247064	down	666881
Gys2	7.22976574691415	-2.36766251418842	1.01412049078425	-2.33469546834365	0.0195593351750831	0.0466731527216033	1.70864591103614	down	232493
Gm11264	16.5012716152622	2.36763077264137	0.415835084664964	5.69367727725272	1.24331992764221e-08	8.70124122938801e-08	7.90541710552417	up	102635575
Slc27a2	26.122680967288	-2.36714417953962	0.794374039266231	-2.97988612735402	0.00288355554843102	0.00848847639270418	2.54007167798129	down	26458
Efhb	20.0367468899092	2.36638964588751	0.431803731554739	5.48024362218261	4.24740576404984e-08	2.76125763794844e-07	7.37187624791675	up	211482
Rps2-ps8	34.7044557557844	-2.36556830184102	0.62882835537798	-3.76186646421043	0.000168650088646588	0.000634499694144376	3.77301342619898	down	623242
Glt1d1	3.84383344390672	2.36159756841463	0.835935553008046	2.82509525993555	0.00472665613460551	0.0133060198296653	2.32544599157807	up	319804
Ovgp1	3.48424109737842	2.36030533904112	0.907364185341405	2.6012767278808	0.00928775004797075	0.0242814514049672	2.03208948084999	up	12659
Gm4524	25.6134552134392	2.35832510759769	0.386875313155413	6.09582733093729	1.08872883172799e-09	8.71783895710989e-09	8.96308027593661	up	100043571
Gm42933	9.68846144251703	2.35763646213836	0.517525426699281	4.55559541716646	5.22373960730099e-06	2.52008107090975e-05	5.28201847988207	up	NA
Hoxd3os1	3.93373178528142	2.35619870656287	0.849039130923013	2.7751355865087	0.00551786984214295	0.0152552459940491	2.25822854805868	up	73429
Soat2	19.4207114325533	-2.34633973577588	0.654742141775518	-3.58360885311754	0.000338879443328528	0.0012091254080873	3.46995477498015	down	223920
Gm7598	2.88128127181174	2.3431538614312	1.01162904706944	2.31621844807541	0.0205463444186734	0.0487452338109793	1.68726543607608	up	665352
Zfp941	6.95917794007977	2.34204947643281	0.716920479909749	3.26681904348393	0.00108763177576039	0.00350087507715185	2.96351811274709	up	407812
Gm42575	3.64520238676491	-2.33899228402729	0.757209208342905	-3.08896439485462	0.00200855508999014	0.00612468647328647	2.69711625208236	down	NA
Spink10	23.0787933077752	2.33701846919464	0.345414313769667	6.76584141429948	1.32536657074139e-11	1.34903604386075e-10	10.877663987665	up	328971
Cxcl14	51.369832574808	2.33676866885199	0.795978017446473	2.93572010486977	0.00332774434775311	0.00966795435538841	2.47785004554984	up	57266
Tspan1	7.22164674703691	2.33459921460931	0.81350197230023	2.86981383463408	0.00410713531388045	0.0117103915733113	2.38646098862345	up	66805
Chd5	3.92449257345565	-2.33329456370312	0.783685292232397	-2.97733616648147	0.00290765000730467	0.00854900147995102	2.53645787052414	down	269610
Trbc1	10.7703267139749	2.32897508512157	0.850988591819293	2.73678766967081	0.00620423235931425	0.0169361292352924	2.20731194546864	up	100125262
Pdf	5.45219466593708	2.32778284320744	0.697607238954874	3.33681004614406	0.00084745846732046	0.00278756092317587	3.07188157673022	up	68023
Mhrt	5.92661190022861	2.32704478707234	0.790029780625011	2.94551527567906	0.00322417226862668	0.00938834808513309	2.49158176174436	up	791403
Gm12503	5.3237575727687	2.32505384796742	0.679603440565703	3.42119199107062	0.000623473019195276	0.00211140995083521	3.20518233587934	up	NA
Gm5558	2.78310138749903	-2.32465365413397	0.87142497897454	-2.66764633815011	0.00763846163461139	0.0204179971404247	2.11699409834473	down	433914
Tnfsf15	9.41756356192491	2.32251553441399	0.794766094142532	2.92226297967547	0.00347497995966152	0.0100661606814463	2.45904769565905	up	326623
Asprv1	7.49459152221866	-2.32109160943456	0.995952226454537	-2.33052504706712	0.0197784177895707	0.0471287853906679	1.70380845352462	down	67855
Lonrf3	6.06073077058334	2.32033789961617	0.604073444379415	3.84115196787028	0.000122458268874459	0.000471719998219167	3.91201188424035	up	74365
9330162012Rik	3.16266994708992	2.32018459638572	0.816255773634374	2.84247250840887	0.004476509165961	0.0126574750079614	2.34906052192228	up	493800
Tbx15	11.2066401005343	2.31680110849424	0.703619522634959	3.2926902025375	0.000992337513099082	0.00322272857028538	3.00334059080316	up	21384
Gm9320	8.86982046926596	2.30722276716083	0.584008011108496	3.95066972246071	7.79328092285378e-05	0.000310931486627034	4.10827966855149	up	668724
Snhg4	6.19226018138747	2.29864966718911	0.761221047915146	3.0196874790637	0.00253035633813709	0.00753947149225684	2.59681831487582	up	100503380
Gm43154	4.46568704570798	-2.29344259042432	0.816308981740454	-2.80952757071773	0.00496142693808927	0.0138932716779524	2.3043933996765	down	NA
Gm20753	8.02936635141885	2.28736962622549	0.572900897964185	3.99260960203363	6.53501109103864e-05	0.000264756720271852	4.18475367101032	up	626049
Bpifb3	4.88840373678584	-2.28724539691624	0.765116517563662	-2.98940794560212	0.00279518659897693	0.00824841456125315	2.5535891945035	down	378700
Ngp	141.513610562508	-2.28162691270186	0.625745206029069	-3.64625552176562	0.000266089393316447	0.000968778975131386	3.57497243666975	down	18054
Gm43175	3.78579789357122	2.27690455374088	0.87581150480834	2.5997655217365	0.0093287478115122	0.0243736346276543	2.03017664725533	up	NA
Iqck	18.3542027147727	2.27343025710323	0.579102427057126	3.9257826437653	8.64481926464078e-05	0.000342458160534496	4.06324408199558	up	434232
Gm47156	3.07374039766711	2.27329696142502	0.914611392385298	2.48553317873756	0.0129357528250231	0.0324171444292386	1.88820829147473	up	NA
Zfp872	3.04106318456273	2.27203451586219	0.810246141366473	2.80412877009253	0.00504527504518105	0.0141062961710135	2.29711515304483	up	619310
Folh1	5.0597984588098	2.26877494069814	0.927798721724691	2.44533096195767	0.0144719270768927	0.0358130025367252	1.83947363452462	up	53320
Gpr61	5.39043493162032	2.2684149565545	0.705358528217316	3.21597438154971	0.00130002436765084	0.00412356214051487	2.88604850720308	up	229714
Gm9265	2.83684690368693	2.26661402890049	0.955078580840726	2.3732225540073	0.0176336353072332	0.0426340375246065	1.75365814537963	up	668605
H3c11	6.50591289185191	-2.26398586892487	0.69007731449208	-3.28077133008095	0.00103523638148963	0.00334756668614172	2.98496047392175	down	319153
Cfap97d2	6.50905815228417	2.26194305773861	0.852494815863058	2.65332177468861	0.00797038495278801	0.0212218688017733	2.09852070258955	up	403185
Gm26705	4.07843689501923	-2.25970258269686	0.896866088949632	-2.51955404551344	0.0117503600003101	0.0298029867109448	1.92994882754092	down	381967
Cftr	19.4563497122121	2.25850599737747	0.583624559411923	3.86979259346661	0.000108927981693732	0.00042372342637769	3.9628605432544	up	12638
Gm6419	3.40517545028092	-2.25554175215263	0.90283266198578	-2.4982943651945	0.0124792520455616	0.0314247369345324	1.90381144367761	down	623346
Gm27000	2.76854336020629	2.25509802839414	0.962570949209121	2.34278629564605	0.0191403428304018	0.0457636222384701	1.71805028766585	up	NA
Acsm1	5.86233005186779	-2.24781969507689	0.86708903892646	-2.59237470913011	0.00953158926500996	0.0247994456832931	2.02083468052858	down	117147
Nr1h5	18.687786865538	2.24725406446048	0.634160833116628	3.54366581331772	0.000394605085395134	0.00139018477657328	3.40383732216337	up	381463
1700047F07Rik	3.76450109833924	2.2431335893652	0.805955238066161	2.78319872298052	0.00538258266940195	0.0149153098992261	2.26900929126028	up	102633724
Haao	21.8447581067625	-2.24048467517795	0.804799346157202	-2.78390469112075	0.00537088138230655	0.014890465994598	2.269954439056	down	107766
Muc6	13.7061588805458	2.23986037950718	0.644073569945622	3.47764678450675	0.000505836008072064	0.00174395274231908	3.29599025852189	up	353328
Fam227a	29.7172998605952	2.23908851348706	0.318124448110455	7.03840439421252	1.94453652193421e-12	2.18906148684342e-11	11.7111838955993	up	75729
Il7	5.41681198398148	2.23682473576858	0.789490729329981	2.83325016072944	0.00460773110480438	0.0129998084247507	2.33651287314107	up	16196
Gm13563	5.0249660933659	2.2356989816131	0.639946161726721	3.49357354621937	0.000476601684843748	0.00165232036344237	3.3218444267041	up	NA
Gm43075	11.1962458961646	2.23187382240602	0.457558937242212	4.87778434808402	1.07284125193322e-06	5.72918806403973e-06	5.96946453573203	up	NA
Gm26555	4.78688784713545	2.22905660275764	0.888719523562734	2.50816657410846	0.0121359442017861	0.0306844474696652	1.9159264290005	up	102636582
9130230L23Rik	4.6415965632459	2.22637784219657	0.708984751540538	3.14023374601346	0.00168813081219312	0.00523337377802485	2.77259390320062	up	231253
Cd3d	6.50746941973148	2.20939947387735	0.798423372634354	2.76720290212392	0.00565395535205483	0.0155938581105824	2.24764762535353	up	12500
BC051019	9.85780416066924	2.20840618387384	0.691838018590986	3.19208561040275	0.00141249460698745	0.00444469324806054	2.85001320167494	up	57355
Otx1	4.17004576421661	2.20007339175085	0.891338520195183	2.46828039168451	0.0135763928394961	0.0338469283065967	1.86721560398759	up	18423
Tcf24	10.2404576743798	2.19563668784955	0.466697209278385	4.70462784905974	2.54329449790603e-06	1.27910851948279e-05	5.59460334827483	up	100039596
Gm20796	5.99111486475151	2.19350217494231	0.601692622700363	3.64555271609946	0.000266817710158167	0.00097126821360368	3.5737853472866	up	100039037
Rbp2	25.828298353601	-2.18968522649864	0.57664057526454	-3.79731382151542	0.000146272561281704	0.000556270079340658	3.83483713389903	down	19660
mt-Tc	8.57742151241583	-2.18783667744644	0.855409093306063	-2.55764954402191	0.0105382236093834	0.0271075383298082	1.97723259041962	down	17727
Gm26571	4.56541470104101	2.18695346296854	0.676677230538774	3.23190047524914	0.00122969877329728	0.00391475386638811	2.91020126019998	up	NA
Ces1d	45.5207059509628	2.18540586681216	0.68574224978584	3.18692025683801	0.00143796414617043	0.00451635247986477	2.84225194240547	up	104158
5430401H09Rik	14.9239624011146	-2.18358517681957	0.494070424205998	-4.41958285669241	9.88916011233004e-06	4.58587420587113e-05	5.00484059152411	down	100504461
Nfe2	140.126222448172	-2.18148670415718	0.651794343146582	-3.3468941961446	0.000817223954126491	0.00269912013489714	3.08765891199494	down	18022
Chn1os3	5.57314992455345	2.17623157888823	0.921735786952881	2.3610145224832	0.0182250168994128	0.0438738465207891	1.73933206030391	up	329427
Gm41664	14.9223820218876	2.17468201123071	0.464481602347188	4.68195510918254	2.84151715822205e-06	1.41730839791089e-05	5.54644971716679	up	105246365
Cstdc5	34.2751041133345	-2.17412375468097	0.611405301923868	-3.55594520989563	0.000376622568392804	0.0013324385048827	3.4240936592668	down	100034684
Gm13856	7.09878987208278	2.17398188301757	0.868407185244475	2.50341305318144	0.0123001898550139	0.0310312553329506	1.91008818511763	up	100534641
Rho	3.98412149616277	-2.17370743560277	0.779822662284125	-2.78743814553416	0.00531265952744288	0.0147497096699167	2.27468801584084	down	212541
Gm44661	4.14090060468898	2.17214129060891	0.763271738900317	2.84582957799331	0.00442958944282737	0.0125399096036697	2.35363652456188	up	NA
Ttc30a2	8.10385376046233	2.17124213167604	0.87699054760904	2.47578738174037	0.0132942722074119	0.0332120360871798	1.87633543305649	up	NA
Gm6311	3.51191009960147	-2.16518692377828	0.834140772408653	-2.59570925603614	0.00943959037730782	0.0246118527399712	2.02504685111874	down	622313
Kcnh1	34.7558154901046	2.16328893771585	0.272958486037788	7.92534047619375	2.27522061824661e-15	3.61050315601059e-14	14.6429764853182	up	16510
Slc25a21	25.8552035364693	-2.16237812407437	0.511120563883675	-4.23066156376854	2.33005017662977e-05	0.000101990053167639	4.63263472652815	down	217593
AL928616.1	110.984053200354	2.16127833793504	0.175926773918694	12.2851018625163	1.08907758964546e-34	1.12376290434886e-32	33.9629411785045	up	NA
Srsf12	16.08375135435	2.16089710074145	0.417549940881565	5.17518238939082	2.27688447221219e-07	1.33906884735289e-06	6.6426590046741	up	272009
Cfap206	4.33722397342372	2.16058089231316	0.785237174785007	2.75150102630421	0.00593228339329531	0.0162749085230375	2.22677811030641	up	69329
Gm44036	7.78065118401079	2.15909491746747	0.572296427671972	3.77268634412132	0.000161499263907671	0.000609703827604961	3.79182945278529	up	NA
Masp2	17.3892886230658	-2.15826385171467	0.55132767590718	-3.9146662611547	9.05293391612055e-05	0.000357454619553458	4.04321064984589	down	17175
Gna12	186.624756315152	2.15732066626125	0.208336628416218	10.3549754196431	3.97288604997676e-25	1.78714204710938e-23	24.4008938911681	up	14673
Gm39526	5.86369341672236	2.14988283424811	0.92833574437972	2.315846230487	0.0205666660189348	0.04878281431139	1.6868361043642	up	105243704
H4c4	85.9160852042721	-2.14975976062518	0.23296594347932	-9.22778552314882	2.76284571526934e-20	7.6046367778564e-19	19.5586433665775	down	319156
Gfra3	10.3674675849972	2.13680667398782	0.563072868183423	3.79490256897221	0.000147701446824975	0.000561116018194618	3.83061525049018	up	14587
Gm44997	6.13486774860187	2.13262388765587	0.694923565904748	3.06886108385074	0.00214876482534412	0.00650394936429753	2.66781111389166	up	NA
Gm20457	10.4102171677913	2.12359008444208	0.504845926021662	4.20641224378419	2.59456766317699e-05	0.000112797378519747	4.58593499894816	up	NA
Gm48974	2.81033043886996	-2.1217957965877	0.882705430759668	-2.40374163639353	0.0162282380589718	0.0395922455199387	1.7897286300693	down	NA
Myot	16.2982231724429	2.12128802871782	0.811829830008726	2.61297127834662	0.00897588450665376	0.0235619673835141	2.04692274415004	up	58916
Npy1r	30.1535631158251	2.1176592856774	0.340826065222644	6.21331377426795	5.18787077021749e-10	4.31767287496847e-09	9.2850108507222	up	18166
Gm40117	7.12716949478292	2.11672296633938	0.830573670030837	2.54850718571513	0.0108185058080488	0.0277204317350639	1.96583271742999	up	105244523
Pkd1l2	6.4522281298242	2.10214884621707	0.573037962658113	3.66842859147756	0.000244045834281972	0.000893603414730421	3.6125286010941	up	76645
Calb1	3.52782178268205	2.10187993941719	0.771230753865123	2.72535804476591	0.00642317904741765	0.0174610381096737	2.19224997177047	up	12307
Slc1a2	10.6905830511171	2.10023630704534	0.471452360104352	4.45482191791441	8.39628583462433e-06	3.93042217139198e-05	5.07591278515788	up	20511
Atp1b4	16.9593020442167	2.09754315799854	0.777055094197434	2.69934934300243	0.00694752043214296	0.0187506402440333	2.15817016732081	up	67821
Prtn3	45.5932320161883	-2.09730856138767	0.449939450909225	-4.66131288809971	3.1419863794467e-06	1.55754388554903e-05	5.5027957019644	down	19152
Gm49944	4.59681776655129	-2.09464320328783	0.724671177817985	-2.89047400725234	0.0038466133993151	0.011029694051085	2.41492145990611	down	NA
Bhmt2	26.4484790228266	-2.09060753482023	0.631759674469859	-3.30918167034729	0.000935691014248464	0.00305150760368747	3.0288675411773	down	64918
H2ac11	384.593859838636	-2.08339684281425	0.337363919811175	-6.175517654586	6.59470363625041e-10	5.41402290982066e-09	9.18080471672612	down	319167
Prokr2	9.77177215943137	2.08050428966411	0.806891812034571	2.57841789770816	0.00992538829430515	0.0256798043902094	2.00325249405851	up	246313
Gm13524	3.89833504407944	-2.08045531760478	0.724030955692894	-2.87343421057708	0.00406035635561	0.011599800364039	2.39143584906235	down	105244117
Spp1	101.376831480529	-2.07025907223699	0.47018791225971	-4.4030461401855	1.06741453233686e-05	4.92159025794962e-05	4.97166688878113	down	20750
Tmem150c	5.41326477673054	2.06932780149968	0.671830397639463	3.08013422549866	0.00206907325442882	0.00628633308616023	2.68422413309887	up	231503
Kcnc4	10.6918377753804	-2.06924706321558	0.521070319203526	-3.97114743817782	7.15272936936901e-05	0.000287609268666306	4.14552820660846	down	99738
1700001P01Rik	6.74975004084966	2.06718621793522	0.552499488328435	3.74151698165261	0.000182912815292375	0.000683670011080789	3.73775586578773	up	NA
Gm20422	13.0573867820658	2.0656934049561	0.598445614083631	3.45176463214488	0.00055693331812917	0.00190653336514281	3.25419679998273	up	NA
Dram1	108.30948889683	2.06423807089136	0.407210041857653	5.06922192162676	3.99445268918976e-07	2.27365291370038e-06	6.39854271831449	up	71712
Akap5	99.3655897492118	2.05994593215596	0.210514394491977	9.78529728158071	1.30212065695928e-22	4.57254370053506e-21	21.8853487713563	up	238276
Scel	5.84044484988382	2.05671064868165	0.769835856516788	2.67162230918611	0.00754855576273043	0.0202074457231239	2.12213613238077	up	64929
2900005J15Rik	14.3353157737733	2.05650300828273	0.426274367839842	4.82436468958741	1.40450227190658e-06	7.36129597110018e-06	5.85247755395212	up	67261
Gypa	949.183913140882	-2.05445678407508	0.49087536846662	-4.18529206403802	2.84799674540254e-05	0.000122858302240745	4.54546051133242	down	14934
9330102E08Rik	22.7675229448049	2.05066757874695	0.526651587508592	3.89378410202455	9.86924940501023e-05	0.000386880262956217	4.00571587586713	up	330427
1700056N10Rik	17.1432826124318	2.04959485417286	0.426430567909569	4.80639759063311	1.53674143335977e-06	7.99472747601168e-06	5.81339919919617	up	73392
Ank	195.999176671064	2.04817285650214	0.201208776967706	10.179341514664	2.45215060649685e-24	1.01691853342189e-22	23.6104528597809	up	11732
9530018F02Rik	6.58673107737003	-2.04182574230991	0.612889843436741	-3.33147263602951	0.000863877927561299	0.00283642742254028	3.06354762225731	down	77402
Rbm3os	6.12034233643353	2.04004084287862	0.591771570108438	3.44734513438149	0.000566124866548211	0.00193617194384035	3.24708776868458	up	70226
Gm14018	11.4910091694229	2.02966815430708	0.560909158621197	3.61853273941243	0.00029627802324407	0.00106850507239852	3.52830056160738	up	100008564
Gm15892	28.1648198851291	2.0266015131475	0.334869221285798	6.05191932948017	1.43130145836361e-09	1.13029725612958e-08	8.84426888621534	up	NA
1700052K11Rik	5.37766575080044	2.02549679928577	0.856593310882539	2.36459562963307	0.0180497667332985	0.0434904295393289	1.74352840633981	up	73431
Gm41442	8.04696154260919	2.0254885008003	0.869064561441534	2.33065365988527	0.0197716295491544	0.0471177669159577	1.70395753528719	up	105246099
Gm41555	19.4885526470646	2.02388381182303	0.454840793223319	4.4496532456563	8.60090412670669e-06	4.02274725341908e-05	5.06545589333773	up	105246243
Gulo	27.9440040663795	-2.01651960483708	0.529885318503281	-3.80557742292796	0.000141473749760666	0.000539339254034185	3.84932413534593	down	268756
Rpl22-ps1	17.0720725896699	-2.01593137001378	0.462764650102307	-4.35627779599868	1.32292859865082e-05	6.01436655874412e-05	4.87846359500279	down	627737
Medag	12.2797325906483	2.00938902958965	0.592306229476725	3.39248336348725	0.000692621378730248	0.00232445148582531	3.15950410747139	up	70717
Plcxd2	6.50493627061838	2.00891798959338	0.734230623175782	2.73608581034685	0.00621748105031582	0.0169696624580013	2.2063855297019	up	433022
Gm30122	3.68217720242563	2.00862823024299	0.776197615667035	2.58777943876683	0.00965968102949942	0.0250877460782848	2.0150372141037	up	102631905
Slitrk3	6.83887864032695	2.00629994944057	0.563122462077526	3.56281285963755	0.00036690224153778	0.0013018571712452	3.43544963497473	up	386750
Slc22a8	5.27413104061227	-2.00447001716087	0.715160714185569	-2.80282456432689	0.00506572167253842	0.0141489278068642	2.29535867546164	down	19879
Cfap44	4.67886853303476	1.9983985748683	0.690740051110242	2.89312683064523	0.0038142723998749	0.0109427248240976	2.41858829463083	up	212517
2810428J06Rik	7.1979367733061	1.99799165625381	0.768118944442778	2.60114878132999	0.00929121489110073	0.0242872290321822	2.03192749526313	up	67058
Gm12504	4.20636782410631	1.99594531544212	0.839274294132412	2.37817996976233	0.017398332076314	0.0421025326181513	1.75949238417565	up	NA
Mroh8	6.00380289403867	1.99355450982221	0.654058335116704	3.04797661429771	0.00230387855820547	0.00692722606949999	2.63754041712872	up	629499
Gm16538	7.43397117935122	-1.99151879043873	0.5418862883288	-3.67515996129124	0.000237700438036063	0.000872423118159334	3.62397001795011	down	NA
Gm50433	4.78019722147017	1.98766936408753	0.760549453137282	2.6134649836225	0.00896292677125223	0.0235336277935002	2.04755015182766	up	NA
Ctcflos	17.2732664445238	1.98714658765655	0.422319799354936	4.70531239759958	2.53477504638431e-06	1.27600282797408e-05	5.59606057694168	up	74161
Gm43254	3.82156307357355	1.98343297780583	0.816046419554321	2.4305394034926	0.0150763666228374	0.0371315219584181	1.82170331004312	up	NA
Gm26766	6.25820218051936	-1.9813712852324	0.679920313398953	-2.91412279672515	0.00356689571602569	0.0102940686014464	2.44770958777873	down	108168238
Fut9	10.902437616665	1.97910597543108	0.486376861939917	4.06907920647665	4.719930099308e-05	0.000195775039287738	4.32606443308405	up	14348
Zfyve28	8.62382403042553	1.97849627745647	0.567854852901489	3.48415843828264	0.000493687145722355	0.00170689562192088	3.30654818048662	up	231125
Pitpnm3	13.6323769236585	1.97589715048802	0.468802771812545	4.21477275581916	2.50029814374642e-05	0.000108960150491687	4.60200820154251	up	327958
Tcf23	3.53842505783011	1.97551554936902	0.747790592592484	2.64180315844866	0.00824659681040087	0.0218584009929447	2.083725238285	up	69852
Tmcc2	1469.95772268832	-1.97331494312425	0.51264410302533	-3.8492882908023	0.000118461519479202	0.000458188701741195	3.92642270106195	down	68875
A730081D07Rik	66.3535018913158	1.9703929277583	0.224654087465551	8.77078601145169	1.77423349792449e-18	3.97072812992556e-17	17.7509892254361	up	102633880
Gm3173	7.40918373694979	1.9663149238269	0.53400905126743	3.68217527242281	0.000231252328627948	0.000850620999981025	3.63591388537736	up	100169868
Sult6b1	9.2285319291589	1.96583085467269	0.502384606314234	3.91299978137285	9.11566172026059e-05	0.000359424425698479	4.04021179974332	up	73671
Slc26a2	113.053546164726	1.96529691080542	0.175767208098673	11.1812489489059	5.03759817075043e-29	3.25455748883022e-27	28.2977764774067	up	13521
4933406C10Rik	12.1536661533349	1.95611228086985	0.736034850101121	2.65763541033567	0.00786909710649772	0.0209752671648713	2.10407509536149	up	74076
Slc38a3	63.2266160156466	-1.95444908885305	0.367859673206715	-5.31302893795255	1.07817908468299e-07	6.66310389773432e-07	6.96730909719192	down	76257
Gm21781	36.3999613202402	1.95410517291802	0.319520561613545	6.11574154429997	9.61089850763989e-10	7.74707450234490e-09	9.01723600893197	up	NA
Cldn10	32.4907086441031	1.95307554203378	0.730048528006496	2.67526810493945	0.00746695102272386	0.02000867171283	2.12685669728973	up	58187
Gm31243	3.14385639728321	1.9511804206646	0.841417885906833	2.31891959197151	0.0203993966038699	0.0484335510206603	1.69038267843122	up	102633410
Sec14l5	6.45329857891474	1.94796710524259	0.688956507940634	2.82741665517504	0.00469252286599448	0.0132201873496936	2.32859360244641	up	665119
Mettl21c	3.66368294793791	1.94651298905553	0.837481198164976	2.32424679302721	0.0201122706947846	0.0478300772874769	1.69653889436873	up	433294
Gm17354	19.900346749464	1.94625036842956	0.395429253166168	4.92186744618942	8.57222700422845e-07	4.64611716046955e-06	6.06690633676945	up	NA
Gm10570	20.7220022262556	-1.94530217523273	0.436915988790108	-4.45234833501879	8.49362305345288e-06	3.97427812421612e-05	5.07090701688407	down	102638454
Cpn1	52.1963859347782	-1.94045247424392	0.764027681174924	-2.5397672388779	0.0110926264678898	0.028322817340084	1.9549656111583	down	93721
4933433G15Rik	5.82838307600647	1.93638952086933	0.634282140208147	3.05288356414053	0.00226653864067968	0.00682343463563025	2.64463687255018	up	71274
4932438H23Rik	7.05802753367207	1.93584873445897	0.641939550217913	3.0156246546919	0.00256450501438634	0.00762765070672398	2.59099644741976	up	NA
Gm15952	23.4711779408846	1.93223675572663	0.358111005333656	5.39563634445231	6.8281118239696e-08	4.3228162440089e-07	7.16569937505946	up	102639351
Klf9	114.643136274347	1.9322024183029	0.368986893826893	5.23650690750383	1.63644120458828e-07	9.83943604150675e-07	6.78609959376666	up	16601
Slc35g1	16.9586145598797	1.93152231601383	0.335972860687362	5.74904268178732	8.97501614579174e-09	6.36702676852974e-08	8.04696476146586	up	240660
Apoc1	199.856645701411	-1.9307916596392	0.397292947150617	-4.85986895434926	1.17463479552991e-06	6.2269658554364e-06	5.93009713844725	down	11812
Lrrc23	11.5783986205265	1.92803475286905	0.538396066481722	3.58107139502013	0.00034218812409366	0.00121993119989638	3.46573506706286	up	16977
Gm43062	18.0095287200903	1.92603310893601	0.431216266882565	4.466513109211	7.95047925888319e-06	3.73699987962877e-05	5.09960669106493	up	NA
Cd1d2	6.55616642416343	1.92498122480976	0.715710340070541	2.68960935316379	0.00715357051652449	0.0192566193478946	2.14547713741916	up	12480
C8g	39.7586572591352	-1.92452904162316	0.500930926437603	-3.84190502133608	0.00012208307987672	0.000470544206588068	3.91334452299509	down	69379
2810454H06Rik	8.49054675004521	1.92450622261526	0.595004484456639	3.23443986203353	0.00121881585506814	0.00388237875589518	2.91406190485647	up	72813
Gm12116	3.12224783400309	1.91978300068713	0.753682342332124	2.54720442931797	0.0108589798986855	0.0278032732355199	1.96421097080428	up	NA
Esyt3	6.28137917720889	1.91361432713953	0.59947667570767	3.19214142048237	0.00141222170189962	0.00444447685657105	2.85009711889787	up	272636
Ly6c2	8.04140433566789	-1.91354749219834	0.62574741990217	-3.05801898871194	0.00222805457194052	0.00672431440813545	2.65207417615433	down	100041546
Ildr2	81.67979787723	1.90956595323774	0.328361334214535	5.81544096172458	6.04742545805818e-09	4.38443380195946e-08	8.21842947614567	up	100039795
Uprt	25.6842229229913	1.90890213985646	0.3839493198983	4.97175549200631	6.63493516976502e-07	3.64971724396473e-06	6.17816331628875	up	331487
Ackr1	44.9051965570787	-1.90865333311581	0.658978922928697	-2.89637993979108	0.0037749505713052	0.0108370548310201	2.42308873059107	down	13349
Gm31706	5.24467405571678	-1.90806445939887	0.725123876856627	-2.6313634405065	0.00850430367894262	0.0224703519050896	2.0703612400494	down	102634020
Dnajc22	14.9969537164291	-1.90647802942681	0.607784119051313	-3.13676841771157	0.00170820994707466	0.00529034807506537	2.76745875352252	down	72778
Tshz3	111.395349181552	1.90627730794601	0.157786772810426	12.0813505086154	1.32524984576745e-33	1.24906232216662e-31	32.8777022376447	up	243931
Gm45242	4.3052358263849	1.90533075450452	0.686216288437585	2.77657465526312	0.00549350174250756	0.0151955939445908	2.26015073339243	up	NA
Gm31641	8.68430049657582	1.90390758863093	0.780364934983748	2.4397656830526	0.0146967911909779	0.0363034420024928	1.8327774761479	up	102633941
Gm21739	7.85027382376769	-1.9023374799254	0.525905600716158	-3.6172603549665	0.000297737779808858	0.00107305858996829	3.52616605443122	down	102636418
Gm5944	4.41312462356762	-1.89775163795154	0.749915666630126	-2.53062007156006	0.0113861106256391	0.0290007487764874	1.94362460096789	down	546363
Gm8129	6.8562237872188	-1.89737775208598	0.650077601175482	-2.91869424304899	0.00351500806773185	0.0101712859716451	2.45407367383977	down	666487
Tmem189	14.0830621615236	1.89657617495885	0.50809618910434	3.73271088354764	0.000189429983751495	0.000705727174236405	3.72255127798746	up	NA
Tnfrsf9	5.64829320253222	-1.89532444013807	0.591135777875563	-3.20624213771924	0.00134480774478211	0.00425074828969164	2.87133979844838	down	21942
Akap14	8.87849627053416	1.89369753972316	0.454123925772643	4.1700016939236	3.04597374937319e-05	0.00013064803087343	4.5162738437943	up	434756
Gm28039	8.52503716601419	1.89081116885954	0.491235783742643	3.8490908672283	0.000118557025117312	0.000458476652016718	3.92607270672764	up	NA
M5C1000I18Rik	5.15754678130225	1.88836180707392	0.800917537490022	2.35774810599331	0.0183861642831002	0.0442324385383046	1.73550886371648	up	102633151
Mansc4	27.3902567730678	1.88669842369059	0.322074280415873	5.85796053399364	4.6858596652165e-09	3.44431251286609e-08	8.32921072204181	up	545893
Gm7972	10.4030246659176	1.88625181912172	0.444731759748534	4.2413247486266	2.22204355732096e-05	9.75369603427258e-05	4.65324743211039	up	666190
Gm40438	6.76775756518318	1.88497616018291	0.733939075304943	2.56830059007245	0.0102198493012786	0.0263570906168489	1.99055550812554	up	105244916
Gm14267	9.22372533496899	1.88253854493951	0.558807746369664	3.36884833320505	0.000754829515218899	0.00251286669806512	3.12215112646407	up	383773
Vsig2	24.2308047521565	1.88251728835263	0.637280197156626	2.953986796941	0.00313697426253824	0.00916262458330865	2.50348904447837	up	57276
Gm20045	32.3142897158054	1.88007758270241	0.350403208013721	5.36546909304778	8.07391053844158e-08	5.07462991463482e-07	7.09291606702335	up	105244007
Gm48488	14.0626375564352	1.87808649844699	0.396983604451016	4.7308918489069	2.23535594665704e-06	1.1392361814283e-05	5.65065331219172	up	NA
2410004I01Rik	5.84647035987434	-1.87612899081246	0.560349890310672	-3.34813841004285	0.000813563688177719	0.00268743872234946	3.0896084435366	down	69739
Capn3	18.398984923	-1.87539561329749	0.438669984904405	-4.27518562435078	1.90978110106856e-05	8.47528620718807e-05	4.71901640869263	down	12335
Gm15697	7.74180457657183	1.8728802523782	0.624639036643523	2.99834006923752	0.00271454587453971	0.00803113096622893	2.56630281457522	up	621228
Gm19466	14.1674340164144	1.86765861793161	0.405002198663218	4.6114777255436	3.99816505667034e-06	1.95789585276263e-05	5.39813928082284	up	100502945
C030017B01Rik	5.49346121349916	1.86729496127059	0.785344912313038	2.37767499603574	0.0174221740002566	0.0421555426020879	1.75889765315126	up	NA
5330416C01Rik	3.37046473470061	1.86618509923257	0.794956647265468	2.3475306554791	0.0188983179535595	0.045264486081947	1.72357684852494	up	403201
4933413J09Rik	16.993710908726	1.86216190541488	0.500045012382923	3.72398855963167	0.000196099815959869	0.000728954275751797	3.7075228139184	up	71106
Syt2	11.1795301014861	1.86141378632117	0.566113882881277	3.2880553588394	0.00100882000433382	0.0032738156408341	2.99618631453405	up	20980
Gm33195	17.9792986109959	1.86069039094116	0.336984454913898	5.52159117077547	3.35943422302766e-08	2.21977547507612e-07	7.47373385788003	up	102636000
Wfdc6a	4.07759995497098	-1.85841370053728	0.693612720312381	-2.67932470976067	0.00737708171290223	0.0197970939299035	2.13211540601349	down	209351
Gm26903	6.14921560908205	1.85627525100816	0.671931372732036	2.7625964887763	0.00573436098028529	0.015789617713769	2.24151497152008	up	NA
Nr5a2	54.3255960153228	1.85376527244799	0.258306432076671	7.17661289943315	7.14596445616685e-13	8.46934883721636e-12	12.1459391482972	up	26424
Stard9	218.977506821934	1.8534724413277	0.109688964726601	16.8975288074554	4.69160695897388e-64	3.78317284113998e-61	63.3286783782058	up	668880
Cyp4b1-ps2	17.9707565520088	-1.85195522734655	0.435116826960484	-4.25622525399309	2.07907246204548e-05	9.17979428993189e-05	4.6821303739114	down	631037
Dnah3	5.18397375084607	1.84936892150357	0.744299923450614	2.48470927274827	0.0129657274584984	0.032476969423197	1.88720311157117	up	381917
Cntn1	17.6814345370182	1.84358755962975	0.465659999280919	3.95908508885592	7.5237430165476e-05	0.000301281833651415	4.12356604677415	up	12805
Tspan32	63.6916926392346	-1.83819356002372	0.434993064608323	-4.22579969563163	2.38093711926253e-05	0.000104112799679823	4.62325207419525	down	27027
Htr2a	25.1035842743609	1.8370470748946	0.507316620811357	3.62110563607515	0.000293346699358664	0.00105898596226776	3.53261879395995	up	15558
Gm26693	5.44974871253546	1.83532050996663	0.669379499437538	2.74182360157251	0.00610991439153791	0.0167137901913008	2.21396487478906	up	NA
Kif9	24.8644772479296	1.83434795384271	0.377746178772477	4.85603311674415	1.19760681085767e-06	6.34256762004212e-06	5.9216857428007	up	16578
Gm44148	3.33755252406549	1.83380777656303	0.760680709992537	2.41074573401635	0.0159199427867802	0.0389185935721735	1.79805849736659	up	115490371
Tlr1	4.90115532168011	1.83290425444117	0.696455642546015	2.63176021912991	0.00849437896151253	0.0224468526216836	2.0708683676422	up	21897
Gm28038	16.369655987879	1.82734482066692	0.36222443338311	5.04478619401748	4.54028775892977e-07	2.5648973816144e-06	6.34291662111758	up	NA
Gm41717	6.79794921754792	-1.82596542354607	0.613823155810386	-2.97474183934196	0.00293235213170707	0.00861581249818168	2.53278387861663	down	105246427
Spaca6	188.190841543398	1.82542488857643	0.140191137031298	13.020972132988	9.29795754657752e-39	1.3961043565799e-36	38.0316124410879	up	75202
2410004P03Rik	6.3449928813169	1.82343474526005	0.581818494099341	3.13402678627935	0.00172425115308283	0.00533547414794192	2.76339947490704	up	NA
Nrip3	23.9114790363322	1.82226288765059	0.297714539108223	6.12083942258586	9.30836735994146e-10	7.52829770284716e-09	9.03112648537164	up	78593
Gm49299	2.93331787142972	1.81968715255765	0.781495403300229	2.32846814565149	0.0198872587995854	0.0473518589878143	1.70142507460592	up	NA
Foxj1	36.8502084732042	1.81822339917481	0.62710166437128	2.89940770767643	0.00373868393814642	0.0107400219951608	2.42728124779598	up	15223
Slco5a1	18.5349090710004	1.81695901724267	0.590658217627222	3.07615971981515	0.00209685489790292	0.00636274910622193	2.67843162161878	up	240726
Tmem170b	261.911537350555	1.81485006387168	0.237229301470902	7.65019351580513	2.00677084455535e-14	2.85192002791508e-13	13.6975022172619	up	621976
Gm49325	8.14863880022508	1.81286278771568	0.543857958166118	3.33333871555108	0.000858104064779828	0.00281917031815096	3.06646004080039	up	NA
Trabd2b	256.075064438948	1.8123980088985	0.240338246187173	7.54103035056277	4.66272570856656e-14	6.32503826335895e-13	13.3313601317811	up	666048
Zap70	10.0399791877987	-1.81044357991566	0.731363849359714	-2.47543487622563	0.0133074028642094	0.0332372117884097	1.8759066952241	down	22637
Chil1	30.8134507985302	-1.80965066072335	0.41601689436052	-4.34994512303413	1.3617160521811e-05	6.1765170600181e-05	4.86591344295712	down	NA
Tmem245	1037.9214588484	1.80956071376649	0.129530709032918	13.9701289931689	2.37196669760294e-44	5.93591482071392e-42	43.6248914127567	up	242474
Col4a3	17.8874029840574	1.80878729413435	0.392355393865157	4.61007373013455	4.02526187994719e-06	1.96983595527557e-05	5.39520585956538	up	12828
Itih3	176.582760316866	-1.80764517051191	0.525519708058149	-3.43972860159964	0.000582297788211096	0.00198555793969178	3.23485485950479	down	16426
Trbc2	12.0880869763884	1.80259159072798	0.606453328968932	2.97235006326484	0.00295529516319981	0.00867853875009257	2.52939913700023	up	100125263
Myo5c	65.4034409439658	1.80249904918163	0.299523902785281	6.01788048439585	1.76715584597388e-09	1.37556371392718e-08	8.75272514825107	up	208943
Zfp114	17.3559819173334	1.80210090721422	0.50464307418132	3.57104060159303	0.000355565765995975	0.0012647243681203	3.44908005972305	up	232966
Gm34471	6.66363874556424	1.79461901579782	0.698418144820332	2.56954809823775	0.0101831254574249	0.0262810582573561	1.99211890563517	up	102637735
Gm14820	5.43362003496216	1.79334231942724	0.71617653758329	2.50405064298644	0.0122780458392625	0.0309919512003035	1.91087074954331	up	NA
Foxa3	21.9255825110007	-1.79236175848892	0.72179061991849	-2.48321564318934	0.0130202240830037	0.0325909770907286	1.88538154133046	down	15377
Gm6581	6.30691431979685	-1.79233327202678	0.715839651352764	-2.50381949175308	0.0122860698262943	0.0310064115286981	1.91058702075273	down	625409
Med9os	20.761421891743	-1.78986109769581	0.328224956493555	-5.4531535834965	4.94842947886754e-08	3.19032296754232e-07	7.30553261457891	down	100504121
Plch2	10.7891541768053	1.78985569532722	0.590095868007297	3.03316086820165	0.00242006553239134	0.00723958048519158	2.61617287370114	up	269615
Egfl6	108.86986497261	1.78966365837508	0.630862366210407	2.83685278157516	0.00455606143750264	0.0128740518646733	2.34141042818634	up	54156
Tfap2a	7.8187902835226	1.78962054161948	0.730070852271062	2.45129707076023	0.014234242260542	0.0352970298970979	1.84666564694515	up	21418
Cubn	5.93945233461122	-1.78553629316862	0.549349658067369	-3.25027287620456	0.00115294321781354	0.00369253894354756	2.93819208108127	down	65969
Gm43102	7.98342698574729	1.78373477320434	0.601182254779613	2.9670449502177	0.00300676997188199	0.00881661896670905	2.52189979563197	up	NA
4930516B21Rik	27.4597165487795	1.78233911197711	0.350053507879072	5.09161905782939	3.55018835459227e-07	2.03492255525907e-06	6.44974860491954	up	NA
Kif19a	6.58239459470578	1.7809551584938	0.721997223850969	2.46670638010849	0.0136362122471727	0.0339727214836301	1.86530624761193	up	286942
Gm31854	6.26523411596862	1.77644948062838	0.633726414569977	2.80318042578959	0.00506013525230042	0.0141369517147549	2.29583787475255	up	102634215
Pdzrn3	1037.97626333425	1.77570324614824	0.175350649992794	10.1265849098433	4.21100462332926e-24	1.69467638926293e-22	23.3756142817606	up	55983
Tbl1xr1	425.648712494967	1.77210202967254	0.207746031718814	8.53013660482859	1.4617500381824e-17	2.97154265465053e-16	16.8351268861465	up	81004
Trim36	14.6773518705546	1.76861318820708	0.42253210867231	4.18574861390878	2.8422777871633e-05	0.000122635893741814	4.54633347899948	up	28105
Gm45629	21.8524573035003	1.76836719024046	0.476107717795375	3.71421660297572	0.00020383415239563	0.000755383347397047	3.69072304822788	up	NA
Phldb3	5.6246120545391	-1.76626706933381	0.578169344280943	-3.05493033625032	0.00225112804165403	0.00678642477470113	2.64759980211085	down	232970
1700001G17Rik	24.6667723365026	-1.76581262311911	0.33438216920306	-5.28082172362125	1.28605782025409e-07	7.85635546087881e-07	6.89073950539873	down	67503
Chst4	26.5808318776951	1.76560278119552	0.308550999800354	5.72223970214955	1.05128839419536e-08	7.41693160026614e-08	7.97827812999765	up	26887
Rpl19-ps7	6.36413400679151	-1.76504369278722	0.625287803061346	-2.82277006547345	0.00476107040553413	0.0133890499702001	2.32229539623839	down	665813
Gm50481	6.52708220588421	1.76478317557692	0.758401906250586	2.32697618641508	0.0199665327257765	0.0475302154499898	1.69969734568517	up	NA
Neat1	106.116928040495	1.76303609243561	0.253499633594319	6.95478753731468	3.53093767757239e-12	3.85341228652161e-11	11.4521099478363	up	66961
4732471J01Rik	35.9516934886488	1.76257713548897	0.3413649626395	5.16332174766966	2.42605603656708e-07	1.42257182946777e-06	6.61509917210473	up	654804
Tmem88b	5.23354794531633	1.7608257601893	0.75606624841436	2.32893051882973	0.0198627468507336	0.0473038420951841	1.70196069241539	up	320587
Dnah10	5.85060634013889	1.75848110168687	0.63358416465169	2.7754498925231	0.00551253931113525	0.0152443802720737	2.2586483004632	up	56087
H1f5	327.507114884765	-1.75600156983059	0.140898908953071	-12.4628471780108	1.19043320867766e-35	1.32235264384336e-33	34.9242949664216	down	56702
Bspry	32.624156922646	1.75545103028039	0.363530063921568	4.82890193824279	1.37287990883798e-06	7.20944075620367e-06	5.86236745053457	up	192120
Pabpn1	4.85167751657942	1.75524197046558	0.627432147478911	2.79750085729322	0.00514996305450861	0.0143474082690674	2.28819588654727	up	54196
Cers3	18.2230518188528	1.75492739025639	0.660266843905537	2.65790627903688	0.00786277552167047	0.0209609830608313	2.10442412304815	up	545975
Redrum	19.9375627886981	-1.75474628175595	0.629814095836805	-2.78613370731962	0.0053340864665541	0.0147978759620051	2.2729399485931	down	77433
Syn3	28.4726185175261	1.75441864344569	0.309479871338058	5.66892649871004	1.43694989720007e-08	9.95395264455615e-08	7.84255837434934	up	27204
Tm4sf4	14.5808714065884	-1.75378248692608	0.619046406545811	-2.83303879706197	0.00461077895056691	0.0130067218595158	2.33622569817751	down	229302
Zfp811	13.5882256473218	1.75057085480903	0.371765298785928	4.70880649841677	2.49171473558912e-06	1.25665075800895e-05	5.60350167944905	up	240063
Nck2	349.51284337066	1.74887279067423	0.154553859451165	11.3156203079278	1.09822783789213e-29	7.68830112108923e-28	28.9593075519855	up	17974
Gm14371	12.0607716289122	1.74879573555112	0.388081832364829	4.50625509804105	6.59817579810794e-06	3.13560899005641e-05	5.1805761175371	up	620189
Gm45904	3.55732632998439	1.74789989456756	0.717528161186679	2.4360018032976	0.0148506104925081	0.0366501350762737	1.82825569260416	up	115486963
4930593A02Rik	19.852738207046	1.74705630586584	0.52175654743829	3.34841280755077	0.000812758507258902	0.00268518637633396	3.09003847598593	up	71301
Zmynd12	17.5703225244535	1.74272989000037	0.385756367209819	4.51769572231706	6.25162331382304e-06	2.98487593834551e-05	5.20400719790438	up	332934
Gm30984	4.22455789640661	-1.7407935005391	0.700371299772045	-2.48552946288018	0.0129358878743903	0.0324171444292386	1.88820375746039	down	102633068
Cnbd2	43.5160815279662	1.73461010862899	0.210291323501974	8.24860521938134	1.60253883507564e-16	2.90511869419374e-15	15.7951914372196	up	70873
3100003L05Rik	3.66891249614062	-1.73453725162247	0.713028250559158	-2.43263468209323	0.01498941572386	0.036946627322527	1.82421529529374	down	73076
Gm45889	6.39849983688742	1.73394298793322	0.680777427271226	2.54700423144671	0.0108652115705593	0.0278139196136646	1.96396181255267	up	115485609
Amot	134.875073793952	1.73005526330302	0.232795832700119	7.43164189511775	1.07257857002356e-13	1.39416003740614e-12	12.969570884432	up	27494
H3c6	7.14527427857523	-1.72994534794587	0.526738042137183	-3.28426126377128	0.00102250086068303	0.00331031802807301	2.99033631775609	down	319151
Ctse	158.370180504187	-1.72842739560762	0.414371984393542	-4.1711975247006	3.03003065639607e-05	0.000130066694501292	4.51855297749232	down	13034
Hba-a2	22674.5470805819	-1.72739811774552	0.61690543717318	-2.80010195024524	0.00510864692673825	0.0142560190834331	2.29169411161955	down	110257
Acbd7	9.26606386926126	-1.7264147520084	0.467698240856642	-3.69130050360309	0.000223110354102271	0.000821782884370604	3.65148027451608	down	78245
Rnf152	32.8404481376121	1.72206834201644	0.371324259415029	4.63764027895545	3.52409425193153e-06	1.73746784540428e-05	5.45295248489495	up	320311
H2-T3	12.0230883861307	1.72039073017273	0.535856315258892	3.21054484417441	0.001324835951705	0.00419127119158985	2.87783789507063	up	15043
Wdr48	11.8740553647877	1.7199846951305	0.56544536647613	3.04182295426609	0.00235150159739672	0.00705191360585694	2.62865472189756	up	67561
Hbb-bt	59317.2289907016	-1.71996307852673	0.37440187019891	-4.59389553159273	4.35047234060502e-06	2.12126052794711e-05	5.36146358815296	down	101488143
Hmgb1-ps2	5.70461970803258	-1.71822456849673	0.593802394846644	-2.89359656243974	0.00380857163905302	0.0109278099269191	2.41923787093503	down	100135427
5330439K02Rik	23.4417194802327	1.71539780472552	0.377882005264093	4.53950646188265	5.63860524868685e-06	2.70702786051621e-05	5.24882830873102	up	108168267
Gm12474	7.13622253920724	1.71461931482963	0.67065103990238	2.55664900643292	0.0105685796458858	0.0271759910299073	1.97598337536078	up	545557
Il4	34.1694329964243	1.71419915879457	0.349263937870312	4.90803364712416	9.19940745965516e-07	4.96380419359633e-06	6.03624014496852	up	16189
4930426I24Rik	5.49102706187447	1.71347148223101	0.711879301839373	2.40696909968262	0.0160855308203373	0.0392836990488372	1.79356460286648	up	100504512
Col7a1	11.8038586301301	1.70807572910617	0.404344127331182	4.22431195026894	2.39671878874878e-05	0.000104718766744207	4.62038291951626	up	12836
Btbd11	30.7754849841225	1.70732336425266	0.372848980589977	4.57912842232016	4.66917467667353e-06	2.26964213129127e-05	5.33075987854373	up	NA
Gm8186	10.9331990846173	-1.70600894764822	0.504894326089316	-3.37894260143939	0.000727651987162461	0.00242944932748062	3.1380762802913	down	666609
Slc16a5	7.81958012569209	1.70564207216691	0.474390788131526	3.59543674716975	0.000323847809830482	0.00115910151498097	3.48965903571601	up	217316
Gm30698	4.15549735711002	-1.70325566943325	0.700114072157851	-2.43282593104231	0.0149815012259168	0.0369313003499389	1.82444466584449	down	102632693
Gm20337	8.60468638572295	1.70083230415686	0.650949338707787	2.61284896230667	0.00897909738491227	0.0235675597666437	2.04676731817167	up	100504661
D930007J09Rik	5.13340360158314	1.69828567629394	0.580393651129193	2.92609278717956	0.0034324854477587	0.00994968355326887	2.4643912953065	up	NA
Crim1	190.80699231268	1.6977023313694	0.196127710333541	8.65610641393932	4.88152925984569e-18	1.04196720632706e-16	17.3114441031877	up	50766
Zdbf2	104.530024751858	1.69698894796982	0.258901209371772	6.55458100055841	5.57983217837452e-11	5.20943851576201e-10	10.2533788629086	up	73884
Cct6b	8.9252052594903	1.69628469823702	0.467880661281415	3.62546443700259	0.000288442590961302	0.00104283827472758	3.53994061200467	up	12467
Dnajc6	20.1479266520605	1.69603377598033	0.50880367189213	3.33337566073993	0.000857990114263482	0.00281917031815096	3.06651771605054	up	72685
Scd3	4.1872636414339	1.69603272691665	0.683504207545395	2.48137861946374	0.0130875275566447	0.0327519137888815	1.88314239087672	up	30049
Gnmt	66.9872846791119	-1.69337683045765	0.545025914706437	-3.10696571440963	0.00189018319423263	0.00578886882892569	2.72349610249936	down	14711
Spata20	10.2359594813587	-1.68795288381076	0.555087713940428	-3.04087595783449	0.00235890989762267	0.00707120835619451	2.62728864737749	down	217116
Ahr	56.7232129910351	1.68323317540673	0.26905543664184	6.25608311958181	3.94766404054939e-10	3.33133881747447e-09	9.40365981434685	up	11622
Dmtn	355.913182781006	-1.68058251681524	0.42218477787951	-3.98068003601702	6.87183956642035e-05	0.000277216399926077	4.16292698832578	down	13829
Drd4	6.88949566470134	-1.67977449669556	0.689694013541817	-2.43553585171681	0.0148697509736989	0.0366890546463476	1.82769630462223	down	13491
Aqp10-ps	11.1760900907392	1.67972295302624	0.447320492280753	3.7550771359967	0.000173288101450426	0.00065015139492998	3.76123125639645	up	435743
Gm11449	10.1958306109797	-1.67942818249867	0.399919954453014	-4.19941081658626	2.67610405920368e-05	0.000116110278152615	4.5724970032139	down	108168835
Kcnn4	108.749954618396	-1.67867888577696	0.704631390675844	-2.38235041468542	0.0172025193271552	0.0416842794424956	1.7644079455483	down	16534
Epb42	50.7542814719918	-1.67781200612199	0.455670317977399	-3.68207438564215	0.000231343883749103	0.000850814026517817	3.63574197785471	down	13828
Gcfc2	52.5177809624516	1.67545079282011	0.283336741027376	5.91328461937179	3.35351953851178e-09	2.51681583565938e-08	8.47449915899885	up	330361
Gm37829	75.8206811393252	1.67470453561172	0.375827754065312	4.45604274164567	8.34863941092262e-06	3.91172787993469e-05	5.07838429630986	up	NA
Gm48768	6.388718846379	-1.67227522741223	0.593395613358086	-2.81814558410477	0.00483019034033409	0.013562407027309	2.31603575493627	down	NA
Gm9396	8.75771300859419	-1.67196850601358	0.659284776185645	-2.5360338451722	0.0112115897826522	0.0285946354729884	1.95033280088586	down	668844
Ust	201.978833520923	1.67019460389125	0.120349947608371	13.8778174571892	8.63329130575535e-44	2.08848909232117e-41	43.0638236048148	up	338362
Gm12337	8.45484323594494	-1.67001131776942	0.588101002101242	-2.83966752616063	0.00451605751831122	0.0127626693001911	2.34524053536397	down	100043447
Best3	44.8259462389072	1.66897341948825	0.32165409508753	5.18872119142173	2.11743145029441e-07	1.25339512577458e-06	6.67419064061509	up	382427
Gm49064	5.79720247323469	1.66843259255101	0.630955009528125	2.64429724363198	0.00818607339648058	0.0217191311221271	2.0869243657812	up	NA
Gm28661	118.574715052355	-1.66652153544961	0.395143525353112	-4.21750940739914	2.47015517583404e-05	0.000107732809471672	4.60727576338341	down	NA
Dydc1	3.71550849092826	1.6653010921234	0.686297740433717	2.42649945353308	0.0152452732829508	0.0374721681560573	1.81686478617471	up	69496
4930429F24Rik	104.022563144985	1.66458622094463	0.207517256363932	8.02143518139701	1.04516730061966e-15	1.73308320404351e-14	14.9808141861841	up	74633
D030034A15Rik	8.335262111867	1.66113736588379	0.675297354747142	2.45986061430047	0.0138990984787921	0.0345407380941761	1.85701336797491	up	319566
Nectin4	7.7872782581214	1.66032198975022	0.63461546624496	2.61626461701982	0.00888976336730641	0.0233725308577461	2.05110979916936	up	71740
Catsperg1	6.90429640594616	1.6538354072194	0.705332554341951	2.34475978322363	0.0190393417769718	0.0455671704043344	1.72034807000461	up	320225
Cerkl	11.2935863133537	1.6524915653894	0.550533764442403	3.0016171071053	0.00268549723453682	0.0079533919415079	2.5709752905147	up	228094
Tmcc3	83.847714236327	1.65142926814064	0.221962687127445	7.44012108301983	1.00593054509086e-13	1.31300581802531e-12	12.9974320042951	up	319880
5830408C22Rik	24.5567301449555	1.6479731758469	0.328799763717759	5.01208746993358	5.38427171776665e-07	3.00344309056803e-06	6.26887303152014	up	74744
Rep15	5.47810239114319	1.64531922704464	0.636332503708522	2.58562813852157	0.00972017351817868	0.0252237923525371	2.01232598226355	up	66532
Tead1	1509.48127925155	1.64081771602473	0.10426272176601	15.737338218612	8.38993580909076e-56	4.05923738745609e-53	55.0762413619203	up	21676
Cdc20b	12.3082736226201	1.64043863688144	0.532875324345127	3.07846612882188	0.00208069180933637	0.00631898759560211	2.68179224242972	up	238896
Cr2	11.3784156367928	1.64023220241494	0.467419134234766	3.50912507058625	0.000449583434973523	0.00156839137097317	3.34718969884497	up	12902
Cdhr4	12.0140434104996	-1.63977669459141	0.402250334280647	-4.07650797238953	4.57170887841399e-05	0.000190097871850324	4.33992143280953	down	69398
Gm9484	19.8893896524594	-1.63925361640827	0.396075614247389	-4.13873906254778	3.49219860118012e-05	0.000148153055231671	4.45690106595615	down	670358
Lats1	223.626797926943	1.63890751135686	0.13792675418084	11.8824481957143	1.4602686101145e-32	1.28197452336342e-30	31.8355672502699	up	16798
Yae1d1	9.89827740662477	1.63827691887877	0.460240806404816	3.55960813574142	0.000371408579130227	0.00131698820599728	3.43014806875487	up	67008
H2bc14	10.5389208994806	-1.63796716046791	0.513273587667842	-3.19121653601996	0.00141675056279044	0.00445486615440115	2.84870660616715	down	319186
Usf3	183.642147441031	1.63765685593823	0.169858228137542	9.64131601921654	5.34976664378193e-22	1.73843461743911e-20	21.271665161442	up	207806
Gm50410	42.0935256233172	1.63317062371449	0.272609281081425	5.99088415932061	2.08703262832624e-09	1.61016564081924e-08	8.68047076119268	up	115488905
H1f4	491.614697418091	-1.63071095434802	0.0961647328326299	-16.957473975269	1.69475172004114e-64	1.41915901725907e-61	63.7708939166432	down	50709
A230107N01Rik	16.1450686563434	1.62938069988603	0.54180494599144	3.00731972260691	0.00263562399863553	0.0078188861831711	2.57911654664448	up	320919
Gm37305	19.9046073626311	1.62899358778659	0.488606810294818	3.33395596103886	0.000856202126834023	0.00281419575867004	3.0674236976987	up	NA
Tlr13	11.5654371503977	1.6273843865601	0.637173660269323	2.55406726303192	0.0106472685984302	0.0273557153557967	1.97276178985642	up	279572
Ebf3	134.540220298939	1.6227914177665	0.173732925216779	9.34072465389978	9.56770174711255e-21	2.77374171022816e-19	20.0191923713576	up	13593
Gm5082	4.23341134904176	1.62257997583453	0.642232092898145	2.52646978215064	0.0115215299597395	0.0292805825006944	1.93848984652447	up	328231
Maml3	389.066931235575	1.62080377957594	0.194963806760802	8.31335726617441	9.30319002620672e-17	1.73712738636855e-15	16.0313681080885	up	433586
Gm26737	10.2753701094062	1.61935099996294	0.485006304564705	3.33882463943705	0.000841336578561459	0.00276993497481326	3.07503022897092	up	NA
Setbp1	555.912666867838	1.61930864137241	0.165650833819602	9.77543308436274	1.43542097644056e-22	4.98436770319998e-21	21.8430207115203	up	240427
AU015791	11.4957101906681	1.61271660210315	0.580301521471777	2.77910110939039	0.00545095552944664	0.0150894092545597	2.26352736106434	up	104932
Gnai1	547.050028844207	1.60714221838576	0.181905926466633	8.83501846038293	1.00081730836335e-18	2.29607949817565e-17	17.9996451924616	up	14677
Sgms2	31.7051706827403	1.60690139103409	0.25922997558191	6.19874837941473	5.69139347481602e-10	4.71331375936456e-09	9.24478138837969	up	74442
Gm29609	7.04837030290496	1.60553600607162	0.523795084166217	3.06519869049044	0.00217525434890586	0.00657681400977343	2.66248995440224	up	115482680
Gm50394	6.26063190107068	-1.60533274629271	0.619372830327517	-2.59186820552628	0.00954563323782422	0.0248270847991768	2.02019525610523	down	NA
Tmtc1	296.160504079149	1.60289858094851	0.144161881806134	11.1187406883607	1.01697291130697e-28	6.38084559797563e-27	27.9926906150483	up	387314
Zfp366	84.6340918336146	1.59612157865053	0.258605230832566	6.1720390322806	6.74148513825727e-10	5.53035472607902e-09	9.17124441855371	up	238803
Gm43461	23.5734764998874	1.59583329834229	0.308059786156949	5.18027139553118	2.2156330655084e-07	1.30586797786272e-06	6.65450216218365	up	NA
Gm10419	10.2875148877541	-1.5951903872844	0.674212668888452	-2.36600476510524	0.0179812129790777	0.0433588402902293	1.74518101491917	down	100503802
Lypd6b	24.9669138562887	1.59339735561791	0.54034266697082	2.94886458726376	0.00318943691168043	0.00929839588124081	2.49628598394464	up	71897
2010001K21Rik	32.0113804808103	1.59300368225151	0.252076162115049	6.31953322712224	2.62354535748484e-10	2.26217146626376e-09	9.58111142304746	up	69829
Insr	981.331049488894	1.59108575894577	0.124417830744148	12.788245458303	1.90731356765628e-37	2.57925658354115e-35	36.7195779018633	up	16337
C030034L19Rik	7.34167145886807	1.58940359656455	0.625379736023043	2.54150159497011	0.0110377442604367	0.0282091522524039	1.95711967256173	up	320088
Pde8b	46.3932604909478	1.58856306841433	0.252660120150168	6.28735182849662	3.22926975798983e-10	2.75284499494732e-09	9.49089567455143	up	218461
1300017J02Rik	55.9854987950718	-1.58752465243901	0.575210748597668	-2.75990088208419	0.00578189007658951	0.0159003802889361	2.23793016925208	down	NA
Gm14286	8.12207853459154	1.58691645505009	0.529498992524244	2.99701506037791	0.00272637243945485	0.00806283357128647	2.56441481711776	up	102637388
Ebf2	113.883330934283	1.58686360729124	0.259334778262797	6.11897724601826	9.41778496878829e-10	7.61113638977204e-09	9.02605122979209	up	13592
Hoxb7	6.54563421584934	1.58587814135707	0.504065957741876	3.14617187889758	0.00165422759992138	0.00514002988152114	2.78140473747409	up	15415
Hist1h2ap	189.2228478341	-1.58559401956135	0.192367759912625	-8.242514339625	1.68628900298739e-16	3.04932592799348e-15	15.7730679921984	down	NA
Gm13936	8.21230365672368	1.58392378277578	0.502129792889788	3.15441108096813	0.00160822377848981	0.00500346500504146	2.79365352088517	up	NA
AL663045.1	8.76399083189804	1.5833892879546	0.515398508607391	3.07216505579911	0.00212512180687494	0.00643775594535705	2.67261617218423	up	NA
Nlrp5-ps	29.4716385329874	1.58206167774567	0.383098797531073	4.12964407077616	3.63325270406996e-05	0.000153479196494007	4.43970439454951	up	100417675
Gm44053	5.12665947674156	1.58164445695566	0.607847441223828	2.60204181129924	0.00926705533652072	0.0242502799022511	2.03305824366133	up	NA
Wnt2b	39.7829722195105	1.57772813328132	0.226932238229878	6.95241956624564	3.59073573335272e-12	3.91083033449502e-11	11.4448165563804	up	22414
Etnk1	113.805961424082	1.57719881408605	0.20475844225956	7.70272911183182	1.33190516328582e-14	1.93192799567348e-13	13.875526697484	up	75320
H4f16	22.2254931567187	-1.57676120033282	0.285252729715426	-5.52759373032408	3.24652786245641e-08	2.14973858337594e-07	7.48858086555908	down	NA
Ptchd4	12.1833560144686	1.57484918994682	0.419193395210534	3.75685592363847	0.00017206149006051	0.000646106029940914	3.7643163204086	up	627626
Gm28051	15.0230020618461	1.57474410177722	0.368507123576387	4.2733070842545	1.92594920864199e-05	8.54355463947704e-05	4.71535517032539	up	NA
Aqp3	45.1426480621165	-1.5736716807326	0.380066893621249	-4.14051238648748	3.46530895332e-05	0.000147184367014598	4.46025803933774	down	11828
Wfdc17	15.3763348726931	-1.57362522556545	0.337661262164331	-4.66036647342627	3.1564687524052e-06	1.56436689454509e-05	5.50079850563179	down	100034251
Megf10	47.5636471358641	1.57132583622339	0.299704088271652	5.24292426334587	1.58051426691923e-07	9.52157073031693e-07	6.80120157953568	up	70417
Halr1	7.27107866560014	1.57113182357969	0.575270264491759	2.73111947645643	0.006311958463519	0.0172038006594561	2.19983586770799	up	102635415
Napb	99.5436330534157	1.56963330197791	0.148357237425076	10.5800925470226	3.68593968637543e-26	1.83639082040654e-24	25.4334517754893	up	17957
Prkce	793.447942170865	1.5678201563833	0.0620015266080092	25.2867992476296	4.46271948350339e-141	9.71623285948359e-137	140.350400411075	up	18754
Ino80d	464.684997587615	1.56717507440126	0.103120272480214	15.1975459015778	3.671187016552e-52	1.42730506650661e-49	51.435193491228	up	227195
Car2	3306.22165140841	-1.56607184370809	0.423147197036403	-3.70100961243839	0.000214743340265349	0.000792842462990871	3.66808029585927	down	12349
Gm15246	17.3169243831599	1.56583050345682	0.502904860785857	3.11357202038174	0.00184837392241717	0.00567359326644109	2.73321016730666	up	101055907
Ago4	75.2924136259899	1.5636960964962	0.204740530932684	7.63745258143499	2.21561596729523e-14	3.12424811139585e-13	13.654505513681	up	76850
Six4	35.4525874164986	1.56321135271856	0.382972134184336	4.08178876003061	4.46904073801864e-05	0.000186148756357646	4.34978568646382	up	20474
C230072F16Rik	11.2883584167649	1.56299889657067	0.493339333899519	3.16820247073389	0.00153384658142762	0.00479261018525289	2.81421807726544	up	320784
1700001L05Rik	19.9856125076614	1.56084949115133	0.379340972363008	4.11463460281765	3.87793217300806e-05	0.000163024404847908	4.41139979122068	up	69291
Hba-a1	277333.142422101	-1.56058997500465	0.363792958725599	-4.28977509754874	1.78854145624439e-05	7.981169212001e-05	4.74750098897349	down	15122
2610037D02Rik	351.782928591229	1.56056482576543	0.117143439019429	13.3218286813877	1.72821874097244e-40	3.01014227427616e-38	39.7624012896435	up	70040
Jmy	569.015585391664	1.55667162287552	0.144171167411249	10.7973851556262	3.5414566415458e-27	1.95696939085622e-25	26.4508180709495	up	57748
Atxn1	1277.45076963332	1.55626100765963	0.12346373406185	12.6050051821696	1.98159578855581e-36	2.42378109597962e-34	35.7029849294182	up	20238
Tcaim	43.8965409350515	1.55506841337088	0.266425235681914	5.83679098337172	5.32157851606613e-09	3.88405656895044e-08	8.27395952576273	up	382117
Sox5	381.206758005244	1.55475357513823	0.204142226307485	7.61603125066551	2.61594379058281e-14	3.64857964180454e-13	13.5823715920381	up	20678
Mstn	14.2830409788921	1.55457242117421	0.65583054227329	2.37038735003959	0.0177694579573137	0.0429100087230072	1.75032581978828	up	17700
Atp8b1	106.612653830521	1.55324912071267	0.294719094835659	5.27026971760615	1.36223435219513e-07	8.28914653884638e-07	6.86574817207817	up	54670
H3f3aos	11.8601442657831	1.5526761768152	0.457794973826238	3.39164094318899	0.000694754199029905	0.00232925599342148	3.15816881970711	up	NA
Gm10371	9.07619207753784	1.55238102790848	0.510559397603255	3.0405493174661	0.00236147013962573	0.00707727187274256	2.62681754162985	up	100038654
Osgin1	45.5616527605154	-1.55199938302401	0.388248144332782	-3.99744185691133	6.40307118188013e-05	0.000259991916769665	4.19361167016929	down	71839
4933417C20Rik	13.8529955941654	-1.55147627675867	0.538048595236041	-2.88352444462388	0.00393252124393595	0.0112611932819905	2.40532892258917	down	71128
Crh	19.8652674662181	1.54697827050631	0.506201271108914	3.05605370590518	0.00224271080649766	0.00676385921582865	2.64922672429468	up	12918
Airn	2324.77554326958	1.54622655913944	0.123140643741988	12.5565898646688	3.65759919838624e-36	4.32789400800354e-34	35.4368038864665	up	104103
Gpm6b	208.567486093877	1.54577701008819	0.184863650747375	8.3617141814459	6.18134521900528e-17	1.16823132038353e-15	16.2089170010252	up	14758
Nr4a2	56.7583528252327	1.54519982879885	0.206428828148164	7.48538778551699	7.13361870065665e-14	9.46454273922587e-13	13.1466901078693	up	18227
Golga4	971.468931044941	1.54475755331165	0.151784922830321	10.1772793009127	2.50466292198949e-24	1.03546880057518e-22	23.6012507132978	up	54214
Rhoq	146.535367061368	1.54382678197979	0.126820568235459	12.1733154444906	4.31204888106478e-34	4.20995193894809e-32	33.3653163246635	up	104215
Gm20671	9.85827835019486	1.54331067984806	0.417314677326641	3.69819410554803	0.000217138819891543	0.000800600573527294	3.66326252681019	up	NA
Tet1	591.68216775527	1.54317467970223	0.162633951797467	9.4886379052265	2.34072737066577e-21	7.14826022884665e-20	20.63064916653	up	52463
Zkscan2	63.7378973788448	1.54210173419038	0.310267051193522	4.97024008272321	6.68700483939646e-07	3.67650175159949e-06	6.17476836250035	up	210162
Gp9	143.738947772061	-1.54014813113346	0.184909772423009	-8.32918731634223	8.13991868382919e-17	1.5264626148521e-15	16.0893799336047	down	54368
Fmnl2	238.306122554998	1.53983953820258	0.249951619491545	6.16055035504445	7.2492558632504e-10	5.92235642231474e-09	9.1397065715077	up	71409
Necab3	16.2323565286574	1.53567351501021	0.381565254497746	4.02466811877725	5.7055722102988e-05	0.000233939205579332	4.24370079378504	up	56846
Itgb6	15.5848754522917	1.53492806709931	0.646083764304637	2.37574158631167	0.0175137233932051	0.0423629358645553	1.75662151369842	up	16420
Zswim6	306.452370485912	1.53459236452886	0.21059414514225	7.28696594813826	3.1701298912033e-13	3.886265089599e-12	12.4989229428683	up	67263
Gldc	36.4317937721257	-1.53211072483743	0.353604555725825	-4.33283649780062	1.47200430540563e-05	6.64630396874561e-05	4.83209091974637	down	104174
Ank3	1984.21190340767	1.53200132570998	0.117352202050814	13.0547301110431	5.97212995571581e-39	9.02952870804476e-37	38.2238707504386	up	11735
Gcnt4	7.34671901216638	1.5315238250635	0.611908362503771	2.50286467535253	0.0123192637595193	0.0310649769020446	1.90941524628949	up	218476
Radx	17.8338447531201	1.52988456372547	0.338821269738681	4.51531441607963	6.32228927093765e-06	3.01464918981284e-05	5.19912563726931	up	102871
Nanog	10.543486722459	1.52970300245182	0.600076424364265	2.54918030494604	0.0107976459006721	0.0276865323930553	1.96667091893791	up	71950
Klhl11	42.6889052840838	1.52770143111315	0.207571693862566	7.35987360648821	1.84084444653469e-13	2.32610941903385e-12	12.734982908327	up	217194
Gm47467	20.3836064566819	1.52743708713394	0.353487691005477	4.32104745370121	1.55290269692451e-05	6.99416580832445e-05	4.80885575580567	up	NA
B130024G19Rik	47.7064225454115	1.52675495505821	0.345550498735361	4.41832658510349	9.9468042347593e-06	4.60965989355427e-05	5.00231642941933	up	434198
Gm49540	14.5385239062502	-1.52590107007305	0.384682066152529	-3.9666550752798	7.28883574389388e-05	0.0002925207959743	4.13734183661793	down	NA
Cemip	47.7335723340074	1.52562113073094	0.3947552613098	3.86472652870773	0.000111213733362825	0.000431920335850059	3.95384158006132	up	80982
Ptprj	110.417595536631	1.52447892453431	0.220141664777913	6.92499044227843	4.36004957320263e-12	4.69935640137463e-11	11.360508572831	up	19271
2610307P16Rik	367.579092828071	1.52427583413132	0.210937581846547	7.22619374313391	4.96718977600613e-13	5.98150751123925e-12	12.3038892470719	up	72518
2900089D17Rik	8.68314155704513	1.52304016808759	0.466916074654163	3.26191418707459	0.00110662637568636	0.00355623165334957	2.95599898288517	up	67277
Rnf213	60.6104586055896	1.51907634285834	0.186077331353226	8.16368297960336	3.24961082206035e-16	5.65551773124684e-15	15.4881686476218	up	672511
Rnasel	35.2233087140415	1.5174934942321	0.371375099505495	4.08614766109177	4.38594708447437e-05	0.000183002759530809	4.35793661229813	up	24014
Xrra1	12.3733497290205	1.51734621570039	0.448810170009641	3.38081959165006	0.000722699762584757	0.00241404499117383	3.14104208795274	up	446101
Zfp951	50.5238561567955	1.51619008851904	0.3977169988402	3.81223355536843	0.000137716651387807	0.000525937017017249	3.86101354580964	up	626391
Dpp6	72.2451577705623	1.51582511818255	0.320122313211108	4.7351435861421	2.18900069320439e-06	1.11613403026806e-05	5.65975410090133	up	13483
Gm49797	294.288627195676	1.5143722094972	0.121557824231131	12.4580397771661	1.26440369578532e-35	1.3973907240933e-33	34.8981142434107	up	NA
Reep3	112.624107657675	1.5138495396645	0.166813258436984	9.07511521475603	1.13557296012208e-19	2.92934768812535e-18	18.9447849572959	up	28193
Lratd2	110.040063069536	1.51313450422926	0.177322155324548	8.53325125368466	1.4229120045769e-17	2.90615761385068e-16	16.8468219566327	up	399603
Dst	1930.21992783838	1.51141817210601	0.112281071857843	13.4610237246362	2.65216047767662e-41	4.89346084067588e-39	40.5764002010588	up	13518
Gm26973	9.23776644218316	1.51108881011449	0.569500475088903	2.65335829593223	0.00796952252504994	0.0212218688017733	2.09856769754339	up	102631560
4930586N03Rik	5.78451189926532	1.50859225934549	0.5838171075719	2.58401516464588	0.0097657500376431	0.0253239530514013	2.01029439603199	up	75887
Gm14276	35.2509940742848	1.50822134552237	0.274014064035023	5.50417494384375	3.70901105817459e-08	2.43157448836427e-07	7.43074187184878	up	668943
5830417I10Rik	8.69002026114714	1.50693970043644	0.540448680638161	2.78831229388339	0.00529834414234551	0.0147137179422381	2.27585983647525	up	100302730
Edn3	66.7926318313131	1.50523644265809	0.567714699961856	2.65139592608616	0.00801598130994394	0.0213276237419161	2.09604330407634	up	13616
Cdk6	1007.82045867478	1.50349079001567	0.0923822902268056	16.2746646172604	1.49335434590555e-59	8.78738130244746e-57	58.8258371298421	up	12571
Shc3	7.45401677965527	1.50242245509177	0.618768783243989	2.42808379442656	0.0151788358527961	0.0373458711930249	1.81876153556137	up	20418
Grip1	252.550820475575	1.50182333453194	0.30790686473891	4.87752468853013	1.07425405900343e-06	5.73391992464394e-06	5.96889299668575	up	74053
Sav1	20.2412426812427	1.50093786252596	0.465616771518966	3.22354767769534	0.00126613219264925	0.00402309254208399	2.89752094870967	up	64010
Sned1	88.7178250247278	1.50084205193625	0.225289981918036	6.6618233050517	2.70451069102321e-11	2.63456853534485e-10	10.5679112974376	up	208777
Fgd6	146.727165733076	1.50063311852441	0.1545188303631	9.71165206854149	2.68942134496674e-22	9.07815217404898e-21	21.5703411526078	up	13998
Dipk2b	34.4044331436283	1.49990091509515	0.410759268993795	3.6515327305196	0.000260679867949034	0.000950355339080103	3.58389250767421	up	75905
Rn7sk	12.0643581103422	-1.49917244496033	0.482365373884088	-3.10796032660624	0.00188383355053144	0.00577104601972289	2.72495747271044	down	19817
Tmod2	79.4235085695955	1.49839492435657	0.16529591280733	9.0649242253383	1.24690890141953e-19	3.19384712961248e-18	18.9041652747139	up	50876
Xkr6	72.6201003774903	1.49732329775002	0.187871096496353	7.96995027800398	1.58738222359019e-15	2.58106689858144e-14	14.79931848748	up	219149
Gm30735	9.05887005592665	1.49710049186111	0.537799911276995	2.78374997925582	0.00537344373482512	0.0148956731594872	2.26974729424821	up	102632743
Gm20696	55.8393897738277	1.49618066215288	0.226551800605168	6.60414376825195	3.99821378969804e-11	3.81292644017984e-10	10.3981339873055	up	NA
Sos2	324.926982992591	1.49589817158632	0.115243964763822	12.9802734108634	1.58314429209191e-38	2.34477670254592e-36	37.8004795005492	up	20663
2810029C07Rik	9.60195640141428	-1.49466466301379	0.436015383037157	-3.42800901335724	0.000608025272300727	0.00206423299992693	3.21607836909462	down	100504687
Gm9856	48.9525771538704	1.4932535287027	0.277007891197387	5.39065339347555	7.02019623967297e-08	4.44183994565998e-07	7.15365074761152	up	100126228
Rmnd5a	460.959698786033	1.49208892858992	0.14500611108253	10.2898348038635	7.83106093015577e-25	3.39637168468828e-23	24.1061793969587	up	68477
Lrp8	14.8205563776844	1.49195435352988	0.421477858147744	3.53981668239116	0.000400405056344226	0.00140788418713283	3.39750044685573	up	16975
Snx29	199.91894673376	1.4919325508533	0.155273460795415	9.60841951490372	7.36710793397067e-22	2.35531092420572e-20	21.1327029673401	up	74478
Mcc	842.166104299151	1.49152076349332	0.217681462261268	6.85185016675029	7.29008925668296e-12	7.64546354992782e-11	11.1372671543367	up	328949
Mat1a	42.3207338665133	-1.49135400279643	0.556877791194101	-2.67806334958798	0.00740492116414795	0.0198595643737163	2.13047956079676	down	11720
Tnks	893.90994460083	1.49129949862754	0.0985459379894804	15.1330387538321	9.80607605944914e-52	3.68099806838494e-49	51.0085047425327	up	21951
Tert	29.053947942156	1.49122102273593	0.566415957996293	2.63273130229444	0.00847013270776388	0.0223882152863221	2.07210978520671	up	21752
Gm9442	4.57617653729019	1.49005818972581	0.632439009750421	2.35605041237704	0.0184704108692531	0.0443958694463875	1.73352344368998	up	669130
Htr5b	7.79619043175012	-1.48801897202192	0.488616930084027	-3.0453692461414	0.00232394802597791	0.00697985879729496	2.6337735889682	down	15564
Ccn4	967.545023050643	1.48701824618308	0.127120310063952	11.6977235615221	1.30918521904905e-31	1.06356643989313e-29	30.8829989066039	up	22402
Adap2	40.6410704183488	1.4863742144715	0.34668248432818	4.28742230041382	1.80758453306283e-05	8.05788911831367e-05	4.74290138344739	up	216991
Gm4754	13.1996659842916	-1.48580754068889	0.39773584143992	-3.73566419186622	0.000187220373036414	0.000698212052372184	3.727646893761	down	208522
Cacna1c	4109.37107839908	1.48535548608799	0.107449089437916	13.8238071058408	1.83122980489568e-43	4.33364514262921e-41	42.7372571517466	up	12288
Zfp612	15.0230952588649	1.48451165061421	0.34998287170923	4.24166943760484	2.21863301055595e-05	9.74265387370395e-05	4.65391452952625	up	234725
Rgs8	28.5820709153929	1.4840184620032	0.318178538216673	4.66410610319863	3.09961431341861e-06	1.53829046801345e-05	5.50869234228662	up	67792
Grk5	337.286665142652	1.48268838846006	0.164894829012027	8.9917215557555	2.43387676653567e-19	5.99438517658536e-18	18.6137014150001	up	14773
Hbq1b	53.6986482279268	-1.48128154093121	0.38251392724391	-3.8724904779393	0.000107728885968542	0.000419433709818867	3.96766783119869	down	544763
Fyco1	702.606673164866	1.48068577393518	0.205706947409794	7.19803483829583	6.10865389835798e-13	7.27570860926259e-12	12.2140544802521	up	17281
Vipr2	24.5178052545958	1.4801292272046	0.440874438336954	3.35725798208641	0.000787196254038562	0.00260785709721966	3.10391698121067	up	22355
Gm49692	109.773137261979	1.47877507352387	0.162475259754228	9.10153998683109	8.90599257715739e-20	2.32495528045409e-18	19.0503176711744	up	NA
Klf7	468.535232326148	1.47784918222017	0.122417591098462	12.0721962338854	1.48127478376534e-33	1.39009976690254e-31	32.8293643702408	up	93691
Gm20472	14.1333552281792	1.47768478826506	0.383771529567556	3.85042837839001	0.000117911408275458	0.000456142000883666	3.92844417360391	up	629133
Rpl23a-ps3	34.0522167502837	-1.47760191010023	0.33347700440033	-4.43089595565158	9.38423624845001e-06	4.36194687449303e-05	5.02760106737732	down	100041163
Slc25a27	109.957806930845	1.47742031154329	0.218866556597234	6.75032464764405	1.47514705846478e-11	1.49380938404164e-10	10.8311646824003	up	74011
Agt	149.199516753943	-1.47739074708996	0.53096654197775	-2.78245544735636	0.00539492719195527	0.0149457125363596	2.26801441202749	down	11606
H2ac14	21.7378653493685	-1.47516567382136	0.293097385435741	-5.0330222892581	4.82806965311603e-07	2.71619463792357e-06	6.31622647309297	down	NA
Pdzk1	45.5254547941747	1.47482561072542	0.227975648644804	6.46922432063462	9.85072691544004e-11	8.94370418694581e-10	10.0065317203942	up	59020
Gm48099	598.469409213839	-1.47480383441748	0.1451840012691	-10.1581704700638	3.04741029386532e-24	1.24949561050915e-22	23.5160690697794	down	NA
Rsf1	88.4000958304472	1.47412377057896	0.167054136946814	8.82422786721098	1.10217601958423e-18	2.51536439186456e-17	17.9577490422994	up	233532
H2ac15	396.344330443948	-1.47317499187752	0.174892924297888	-8.42329669877511	3.66035970503579e-17	7.11954052597921e-16	16.4364762342132	down	319169
Lrrc25	18.8343278686281	-1.47274252503581	0.358482430001687	-4.10826975544905	3.98634340490704e-05	0.000167323440546821	4.39942529157828	down	211228
Dennd11	64.5648442293862	1.47264694286688	0.289874483673739	5.08029173248786	3.76855687032117e-07	2.15295251064373e-06	6.42382492651656	up	243780
Gpr135	8.19983045520189	1.47201197785912	0.606642433091807	2.42649029735174	0.0152456579793476	0.0374721681560573	1.81685382740661	up	238252
Gm26759	47.6137044534228	1.47167272090431	0.306651436427318	4.79917113074774	1.59323618181044e-06	8.27479440610135e-06	5.79771983948202	up	NA
Pde7a	274.33429343273	1.47113340569861	0.141667475737423	10.3844117927627	2.91963447623969e-25	1.32706225087037e-23	24.5346715166642	up	18583
Brsk2	18.8117915591398	1.4676993789053	0.390229166226147	3.76112168421242	0.000169153110826886	0.00063606244022849	3.77172001086727	up	75770
Fam227b	13.3614091649083	1.46614423690069	0.426878886899746	3.43456723181772	0.000593500826697182	0.00201996248223402	3.22657867177295	up	75823
Gm19951	156.529880195135	-1.46530226842042	0.169229597591636	-8.65866426011542	4.77324437134384e-18	1.02085536790666e-16	17.3211863308947	down	105245440
Ino80dos	183.530525988384	1.46514650258116	0.135238861035672	10.8337684254432	2.38148276219378e-27	1.32607781837552e-25	26.6231525576801	up	100380944
CT010467.1	84012.5979993977	-1.46508908054175	0.136640412770224	-10.7222237611756	8.00550694301856e-27	4.25111944300976e-25	26.0966111614855	down	NA
Ltc4s	6.72474745353664	-1.46382594221837	0.55288683484801	-2.64760498885957	0.0081064184000293	0.021536661550389	2.09117098458957	down	17001
Ces5a	6.42347386402504	-1.46283699968178	0.543811741625656	-2.68996950177798	0.00714585493497194	0.0192382284709051	2.14594580447568	down	67935
Gm35558	10.7572795655286	1.46033134916763	0.410344734359738	3.55879149136929	0.00037256515179257	0.00132065914764374	3.42879776965441	up	102639192
Samd4	1043.73943318356	1.46001507293164	0.144074011897017	10.1337850852328	3.91206198094296e-24	1.58609708471304e-22	23.4075942730643	up	74480
Pi4k2b	237.770419105882	1.45998665013221	0.1291229747102	11.3069471440614	1.21234641736459e-29	8.43297322647343e-28	28.9163732665944	up	67073
Pkdrej	23.1967042290145	1.45977392355811	0.3100582457014	4.70806354546666	2.50081148328692e-06	1.26036267625285e-05	5.60191904511636	up	18766
Gm27003	53.8478830498035	1.45958352685937	0.202142348643698	7.2205727134994	5.1769079193467e-13	6.2202891401775e-12	12.2859295596608	up	105244282
Plxna4	629.672482850114	1.45945621132409	0.114198987204271	12.7799400594816	2.12233029569652e-37	2.81752287792102e-35	36.6731870264499	up	243743
Tet2	476.836371398777	1.45849011228452	0.128940905825664	11.3113065473302	1.15358784811526e-29	8.049972637553e-28	28.937949327455	up	214133
Gm10010	11.6999423037879	1.4574970489378	0.554719346889436	2.62744946090423	0.00860276198965443	0.02268370280232	2.06536209244389	up	434089
Upp2	149.624299464649	1.45727656618301	0.187821348095842	7.75884414075967	8.5706899793097e-15	1.26423483895346e-13	14.0669842139992	up	76654
Rora	838.527030599232	1.45702779618024	0.165867167310015	8.78430505451973	1.57334182029838e-18	3.55709222342018e-17	17.8031769133957	up	19883
C130026I21Rik	10.0374009196949	1.45684458910689	0.41139959003741	3.54119115426055	0.00039832488472648	0.0014014753377933	3.39976256087211	up	NA
Gm37584	11.3514606111024	1.45534807224084	0.480047847696148	3.03167294515612	0.00243202555636197	0.00727263628499391	2.61403186569508	up	NA
H2bc11	7.49250634854967	-1.45502327873374	0.480223048192184	-3.02989055650541	0.00244642371610231	0.00731039488704083	2.61146832177706	down	319183
Mtmr10	62.9916883703018	1.45420342181831	0.405706717986703	3.58437106744181	0.000337891426256519	0.00120591155908466	3.47122282798457	up	233315
Hipk2	892.301456109251	1.45402234237632	0.0751001775209601	19.3611039330833	1.64326046300108e-83	3.97522964449551e-80	82.7842935937902	up	15258
Map4k5	253.511678128727	1.45319979693788	0.186907806981999	7.77495504549915	7.54742038686986e-15	1.12012567595726e-13	14.1222014593881	up	399510
Nin	368.707776765321	1.45288353740699	0.181875774540795	7.98832907282605	1.36779941576829e-15	2.24413932781516e-14	14.8639775861043	up	18080
Rcbtb1	211.208684453037	1.45257542929174	0.189892229784765	7.64947270848406	2.01805099357321e-14	2.86607998904605e-13	13.6950678638931	up	71330
Fbxw4	159.305711191268	1.45250253098012	0.131986546843201	11.0049286515972	3.61802222671599e-28	2.16405439340825e-26	27.4415287694523	up	30838
Fam169b	17.4616282865089	1.45135271224906	0.367554708814585	3.94867125204265	7.85861868524543e-05	0.000313136614229801	4.10465378348919	up	434197
Cdc14a	160.478078626592	1.44843923761275	0.138776597033036	10.4372010020389	1.67681990611295e-25	7.86804374911449e-24	24.7755135790048	up	229776
Runx1	44.8279089364385	1.4479411195939	0.28977383692666	4.99679727801088	5.829028840822e-07	3.2383163031992e-06	6.2344037958765	up	12394
Lmln	54.761336694575	1.44673195508592	0.332040327225052	4.35709712484817	1.3179879232075e-05	5.99315644613068e-05	4.8800885691869	up	239833
Pdpk1	772.002868979111	1.44652187922223	0.158911376356932	9.10269555511984	8.81171594547124e-20	2.30310539693637e-18	19.0549395112152	up	18607
Gpr88	10.5322886455516	1.44575027498026	0.469170281513877	3.08150437473415	0.00205957450191654	0.00626096845234946	2.68622249349342	up	64378
Dock5	81.5848368344433	1.44271586063996	0.216362196461876	6.66805885793536	2.59208837540929e-11	2.53526271830238e-10	10.5863501955876	up	68813
AA386476	26.7825541323883	1.44217662143097	0.25937038916614	5.5602978661808	2.69314606986118e-08	1.80582618518687e-07	7.56974009084608	up	546058
Mapt	41.6756797141043	1.44169347867629	0.301549536131351	4.78095074252844	1.74468110938088e-06	9.00977161134736e-06	5.75828394125046	up	17762
Strn	926.897008521517	1.44155548101261	0.146960720649973	9.809120931341	1.02860700760203e-22	3.65928623684828e-21	21.9877505212822	up	268980
Dennd2c	120.296413728768	1.44148273847487	0.208621543214022	6.90955841025523	4.86164666527303e-12	5.2039218877249e-11	11.3132166079975	up	329727
Gm20503	12.2519904711893	1.44056767795145	0.371632330200812	3.87632496121378	0.000106046034583709	0.000413547244305303	3.97450556656856	up	NA
A730056A06Rik	10.6545272899233	1.4403197418351	0.444989934437109	3.23674678991793	0.00120900636138672	0.00385620956638028	2.91757141402105	up	319783
Gm49768	11.6016399795121	1.438697159105	0.457779817506751	3.14277105299379	0.00167356683860231	0.00519171099215072	2.77635693818729	up	NA
Cacng7	5.1834862446975	1.43792534772522	0.59642733546688	2.41089779461503	0.0159133071344513	0.0389067403628606	1.7982395550493	up	81904
Chn2	109.562730765148	1.43759163964378	0.296266966374131	4.85235211079311	1.22005758393693e-06	6.45048414703128e-06	5.91361967113191	up	69993
Map3k1	233.503099204023	1.43645107420335	0.1561583892159	9.19868014402577	3.62373235801254e-20	9.8373941270136e-19	19.4408438859761	up	26401
Gm37320	42.5856247515773	1.43578695632038	0.274637859024649	5.22792801188971	1.71420224942429e-07	1.02757740568463e-06	6.76593793933983	up	NA
Clstn2	93.4959113872636	1.43561050848758	0.19016866115524	7.54914348014288	4.38129993266184e-14	5.96931552777932e-13	13.3583970151073	up	64085
Gm20712	27.7912013917455	1.43416979565213	0.446645758749626	3.21097820265226	0.00132283968414103	0.00418617232603467	2.87849278507301	up	NA
Tent4b	243.013430432994	1.43384059848357	0.119662497982177	11.9823722775462	4.39562546997713e-33	3.97101899304324e-31	32.3569793188081	up	214627
Prtg	61.9543314703643	1.43320500242261	0.3470100247276	4.13015446325409	3.62519583503295e-05	0.000153168569222467	4.44066852763729	up	235472
Pakap	155.132152628843	1.43315718321814	0.196571719783791	7.29075975320596	3.08211950958834e-13	3.78690214236779e-12	12.5111505254656	up	677884
Fan1	37.307134978791	1.43125710331761	0.222082842001021	6.44469915109891	1.15829948005213e-10	1.03993799091526e-09	9.93617913860625	up	330554
Nipa1	11.5765531427738	1.4306304871272	0.438151348310824	3.26515139721152	0.00109405582429143	0.00351895160385183	2.96096051752436	up	233280
Gm10221	10.1651150981155	-1.42866656987072	0.419112613800435	-3.40878924381644	0.000652518700448094	0.00220053239562514	3.18540703742257	down	100042348
Gm10643	15.6652636911841	1.42709580886257	0.405947527223999	3.51546865828083	0.000438978570667059	0.00153385354526773	3.35755667991323	up	100038416
Unc5a	13.5938766533598	-1.42599830689584	0.350852736663647	-4.06437846389925	4.81606257549086e-05	0.000199344704170317	4.31730787889022	down	107448
Klhl29	90.2566699972116	1.4258400957857	0.255074766272018	5.58989082544193	2.27212421299677e-08	1.53438859694062e-07	7.64356793020375	up	208439
Abhd17b	263.405741170327	1.42582229466907	0.122502650713402	11.6391138180741	2.60710323850482e-31	2.09453327338476e-29	30.5838417708933	up	226016
Sema6d	787.047659890757	1.42581094351932	0.138889611956646	10.2657853487587	1.00499868699099e-24	4.29867735812655e-23	23.9978345056395	up	214968
Kcnd3	71.0955695244947	1.42579467582245	0.199885069376364	7.13307242142143	9.81528782978581e-13	1.14645089393829e-11	12.0080969603477	up	56543
Slfn5	24.6858510294792	1.42511461214686	0.542185267148167	2.62846428794128	0.0085771360859335	0.0226270940098078	2.06665769929612	up	327978
Gm32067	6.21774846783282	-1.42476372502721	0.564958382587371	-2.52189146836292	0.0116725715853159	0.0296298505952546	1.93283345395639	down	102634500
E2f2	958.304678527082	-1.42403505319715	0.281120884804281	-5.06556122355895	4.07198876023687e-07	2.31536535095005e-06	6.39019342943698	down	242705
Ftl1-ps1	274.819665016847	-1.42316518017531	0.333057685123328	-4.27302909899325	1.92835280047213e-05	8.55247446972484e-05	4.71481350711299	down	634386
Unc13b	606.504572520207	1.42229409792475	0.0835363902680991	17.0260421040469	5.26468014355263e-65	4.58490464341711e-62	64.2786280093047	up	22249
Ppm1l	820.939529173313	1.4221636649359	0.0735502871813929	19.335936261248	2.67763369842671e-83	5.82974408821462e-80	82.5722488349539	up	242083
Tnik	613.114502217979	1.41944572526212	0.142226991094978	9.98014311020775	1.86198032053336e-23	7.07487531215573e-22	22.7300249134347	up	665113
Grap2	113.475653704865	-1.41900554679985	0.300819650999189	-4.71713048694308	2.39194289670939e-06	1.2096952554508e-05	5.62124919255153	down	17444
Kdm7a	115.900995806117	1.41829728075971	0.137860857755203	10.2878895710786	7.99085590753363e-25	3.45878558287917e-23	24.0974067005345	up	338523
Gm37233	19.6843955826014	1.41829669015039	0.558273626669956	2.54050455259795	0.011069265255432	0.0282664840653608	1.95588120532738	up	118567733
Fam49a	119.319702762187	1.41819535941341	0.189787636572015	7.47253817492627	7.86625377761633e-14	1.03985474952194e-12	13.1042320466829	up	NA
Skil	434.177575438175	1.4177498189199	0.106269515968349	13.3410772223914	1.33516141434872e-40	2.36334425310572e-38	39.8744662270909	up	20482
Pura	194.351593332592	1.41754636504763	0.210562130946813	6.73219993867606	1.67116778913627e-11	1.68213893227346e-10	10.7769799437405	up	19290
Magi1	1951.48950559601	1.41744895432001	0.168407149442658	8.4167979744984	3.86914063949489e-17	7.50124042770104e-16	16.4123854838103	up	14924
Fam102b	277.878639535359	1.41741672347042	0.186770722220244	7.58907341911425	3.2220116883128e-14	4.44266234819165e-13	13.491872888448	up	NA
Mphosph9	337.128471963104	1.41645410109661	0.170666473132606	8.29954516020285	1.04510737000402e-16	1.93651724763639e-15	15.9808390896439	up	269702
Dbndd2	8.50905154767346	1.41567598280131	0.567392525202529	2.49505575050709	0.0125937341724735	0.0316837046918296	1.89984547799015	up	52840
Rbms3	1734.54314155837	1.41514373155556	0.125342381770409	11.2902253137944	1.4666023170978e-29	1.01367827453503e-27	28.8336876331942	up	207181
A830082N09Rik	17.4643330100224	1.4141742521216	0.452567774789028	3.12477894118918	0.00177938725337389	0.00549047892296716	2.7497295248216	up	414093
Atp2a1	28.3438110191527	1.41383565632297	0.58292502948503	2.42541593654331	0.0152908565645903	0.0375790189777921	1.81556818555855	up	11937
Gm20518	5.78131009343687	-1.4126270615597	0.557160588267754	-2.53540377999751	0.0112317779580134	0.0286378111841982	1.94955149073445	down	NA
Rel	144.637407875898	1.41234155401178	0.233757897385906	6.04189877563867	1.52311016160031e-09	1.19758593132401e-08	8.81726868442171	up	19696
Phc3	372.758053082881	1.41209542655353	0.122039823424116	11.5707757265936	5.79562812392279e-31	4.47455374163287e-29	30.2368994887822	up	241915
Meg3	1362.43864489481	1.41074281910102	0.148075392024852	9.52719286986084	1.61593616433863e-21	4.98330908923238e-20	20.7915757995163	up	17263
Arhgef11	220.079488777966	1.4098261332056	0.233298580304753	6.04301205504113	1.51263347283769e-09	1.19063832142524e-08	8.82026629339657	up	213498
2610042L04Rik	6.74218329970728	1.40963052220809	0.591116450136825	2.38469175046948	0.0170934372899112	0.041447635223961	1.76717059696685	up	554327
Bach2	618.015629780865	1.40792277216222	0.152102610539913	9.25640110425825	2.11438860229136e-20	5.92464203977961e-19	19.6748151909543	up	12014
Rgn	38.3317028804053	-1.40702196438113	0.54585573233943	-2.57764438664206	0.00994763127489076	0.0257281810545167	2.00228032093408	down	19733
Pik3r1	726.592019203988	1.40690831316038	0.138287446262795	10.173796329182	2.59589473578931e-24	1.0683897956069e-22	23.5857129222695	up	18708
Epha4	614.225852400243	1.40652644839376	0.118894634199565	11.830024608452	2.73061721785977e-32	2.35916658996996e-30	31.563739175665	up	13838
Eml6	104.522429112687	1.40631573141248	0.135387889939478	10.3873081413791	2.8323405799918e-25	1.29822566542277e-23	24.5478545253051	up	237711
Cpsf4l	23.5734458446861	1.40338539819292	0.396362869771661	3.54065808182636	0.000399130452873846	0.00140408276296161	3.39888513513125	up	52670
Gm37240	172.086639671225	1.40295064902299	0.26188525671089	5.35711962805065	8.45591367958732e-08	5.2979036728626e-07	7.07283945908169	up	NA
Thsd4	609.225937707415	1.40270430615798	0.136122095302577	10.304751062199	6.70650848271152e-25	2.93201009408826e-23	24.1735035217596	up	207596
2600006K01Rik	10.0530754505662	-1.40253946303854	0.419297558869959	-3.34497407239503	0.000822902626758992	0.00271499257308634	3.08465155137721	down	70319
Gm15443	9.08113115339818	1.40176071627004	0.562502837137523	2.49200648196434	0.0127023719247295	0.031931190572129	1.89611517529298	up	NA
Esrrg	1438.14780790088	1.40123937172116	0.166874306002314	8.39697497649354	4.58127629265218e-17	8.77251956408297e-16	16.3390135155245	up	26381
Stamos	21.2080653016507	-1.40114537648462	0.342834424697106	-4.08694482102411	4.37091022499551e-05	0.00018241030749205	4.35942811348048	down	70957
Sgms1	953.48433226804	1.39941948792986	0.0795066795224848	17.601282009697	2.40810934858253e-69	3.74495405266707e-66	68.6183237963146	up	208449
Aqp5	7.38726598199081	1.39710464574401	0.53933117371761	2.59043925852416	0.00958535357753815	0.0249067534418359	2.01839186255206	up	11830
Gbp7	54.5401885014524	1.39670098825248	0.324693809763415	4.3015941365503	1.69573703941176e-05	7.59662280289566e-05	4.77064149358092	up	229900
Slc2a13	194.412657100609	1.39664680625033	0.170043938532244	8.21344658507481	2.14928358840825e-16	3.82931278942917e-15	15.6677062775029	up	239606
Srgap3	78.5512665385553	1.39588354357715	0.312703641008505	4.46391842152929	8.04742144269604e-06	3.7793024083343e-05	5.09434325411674	up	259302
Il16	41.3063994381133	1.39462010313167	0.320997351747698	4.34464675654968	1.39499958008515e-05	6.3182714494724e-05	4.85542592311922	up	16170
Gm40841	34.5511241568621	1.3937642825479	0.309218264428868	4.50738019994454	6.56329658022599e-06	3.12272930823165e-05	5.18287797053427	up	105245375
Gtsf1	649.332832124119	-1.39290226873125	0.237534270290382	-5.86400550551482	4.51832487087475e-09	3.32903448692674e-08	8.34502254620098	down	74174
Prkaa2	3020.72154819904	1.39275002788159	0.200293505822523	6.95354560879114	3.56217713248501e-12	3.88361144358856e-11	11.4482844886493	up	108079
Ttc6	8.29515478259696	1.39142742561259	0.598272882570074	2.32574042071782	0.020032402752248	0.0476765929954027	1.69826695687419	up	70846
Cacna1d	373.054726070359	1.39104015138465	0.236526811923124	5.88110979924242	4.07524702311671e-09	3.01892746469197e-08	8.389846061151	up	12289
Dnaaf1	16.004183558208	1.39073430934297	0.462791228006223	3.00510084284542	0.00265492810618628	0.00787293581148021	2.57594723484968	up	68270
H4c3	6.43296793741188	-1.38974577374087	0.57896133412275	-2.4004120687034	0.0163766248028347	0.0399140126729338	1.78577560077746	down	319155
Heatr5a	477.071743292697	1.38926225615403	0.109969854346954	12.6331189979658	1.38670682081868e-36	1.74516652617713e-34	35.8580153482702	up	320487
Gm40847	28.2299426449959	1.38877972620145	0.366594431745561	3.78832738835855	0.000151664909262702	0.000575069384268122	3.81911489038299	up	105245381
Golgb1	421.569482464566	1.38757440856906	0.11435163964822	12.1342764549565	6.95217860989038e-34	6.6097306853508e-32	33.1578790788647	up	224139
Deptor	64.8227192039142	1.38738716443293	0.235291188011599	5.8964688654831	3.7136278975621e-09	2.76704676884743e-08	8.43020161436345	up	97998
Mtx3	130.02648642856	1.38703014540617	0.201797450946078	6.87337792872711	6.26991649196152e-12	6.64922658855267e-11	11.2027382434311	up	382793
Msrb3	787.644661139269	1.38673841226625	0.153759010694981	9.01890826429149	1.89972999165631e-19	4.74867065193354e-18	18.7213081208717	up	320183
Adam32	18.8304342466736	1.38461436399075	0.322922540179655	4.28776004059808	1.80483910554365e-05	8.04894653951175e-05	4.74356150771347	up	353188
Nrg2	36.8173537019954	1.38343305706275	0.31668746950829	4.36844899234806	1.25132033990532e-05	5.70669175542914e-05	4.90263149602681	up	100042150
Aff3	285.591806815011	1.38325246665607	0.26551836151669	5.20963016928348	1.89217417726632e-07	1.12712492988898e-06	6.72303888868267	up	16764
Gm867	80.7884615193601	-1.38281421918971	0.339777509829082	-4.06976382835139	4.70608197115353e-05	0.000195237836653877	4.32734051249582	down	333670
Gm44899	72.4617493423217	1.38271398830622	0.161475879091927	8.56297544922513	1.09991362145727e-17	2.26773857636057e-16	16.9586414195667	up	NA
Taco1os	9.66476061335806	-1.38239950111405	0.461911557747108	-2.99277963049131	0.002764492842784	0.00817112926596432	2.55838453010341	down	115487809
Ptpn9	236.026591849994	1.38222585130284	0.122656665882454	11.2690642726868	1.86541779710169e-29	1.27316226578364e-27	28.7292238841475	up	56294
Vps13d	852.568145220687	1.38169867324416	0.0835576535074278	16.5358721223704	2.02427068708424e-61	1.29624768821171e-58	60.6937314137459	up	230895
Gm14634	47.5567854601218	1.38140322695367	0.255360878665713	5.40961181748608	6.31615045838771e-08	4.01621576460331e-07	7.19954753311763	up	552913
Ndnf	115.508576835988	1.3807596467006	0.302101710697561	4.57051250558096	4.86532885692902e-06	2.36024821464034e-05	5.31288779960473	up	68169
Zfp641	36.388977534797	1.38068950533518	0.223842164526389	6.16813864472978	6.90985461950318e-10	5.6620758289734e-09	9.16053108990681	up	239652
Crybb3	13.7682097039178	1.38026684991655	0.383253133093083	3.60144961836832	0.000316447753385104	0.00113520945554424	3.49969798324403	up	12962
Nudt10	25.4973223992349	1.38023684820798	0.346326504142192	3.98536303661383	6.73770326292234e-05	0.00027241091075273	4.17148811981871	up	102954
Lrrc58	1073.31757026485	1.3768630007946	0.128372890342031	10.7254966147927	7.72708697710348e-27	4.12338572709552e-25	26.1119841992519	up	320184
Gm31410	6.79981181616784	1.37654877881606	0.549344985351253	2.50580020847171	0.0122174633213716	0.030858307590824	1.91301895611398	up	102633626
Gm21992	166.787646718082	1.37503247556497	0.235186745461201	5.846555990511	5.01854699728413e-09	3.67767772550892e-08	8.29942200444921	up	102902673
Tmem252	209.843406325961	1.37374245143181	0.191848095075133	7.16057384303876	8.034003943125e-13	9.4805601002557e-12	12.0950679594506	up	226040
Atxn7l1os2	22.0942771066443	1.37194207558114	0.408586964591326	3.35777250493876	0.000785732514591515	0.002603404094915	3.10472527483588	up	75836
H2ac8	180.753373656883	-1.37181409157118	0.172671525947972	-7.94464567356936	1.94746644009915e-15	3.11080259235793e-14	14.7105300176119	down	319166
Msantd2	295.354460312528	1.37021436431375	0.15823396705171	8.65941990739556	4.74171067797717e-18	1.01510840590874e-16	17.3240649486268	up	235184
Mettl5os	9.0811683373023	1.36996069049426	0.4167865718156	3.28695976102699	0.00101275304015104	0.00328608929808771	2.99449644444767	up	100329140
Garem1	684.533496513325	1.36914066413498	0.134726674597157	10.1623577382045	2.91930010344149e-24	1.19922645004015e-22	23.5347212573349	up	381126
Kantr	158.468559815273	1.3687167431925	0.235521908993984	5.81142004596891	6.19451170704137e-09	4.48360734327476e-08	8.20799292194254	up	72997
Gm26692	7.81275452701556	1.36862632589878	0.464440870264207	2.94682577164281	0.00321054040777577	0.00934990446202434	2.49342185969435	up	NA
Flvcr1	82.624123805311	1.3677665507783	0.174349107568624	7.84498739255057	4.32996987474459e-15	6.65293607007335e-14	14.3635151251888	up	226844
Mast4	2401.94781871696	1.36750634961406	0.15811131028085	8.64901029018727	5.19479785821133e-18	1.10558298112392e-16	17.2844313471966	up	328329
Arl15	1034.94858337345	1.36723262361187	0.171125631231002	7.98964254376509	1.35330569303478e-15	2.22203405345047e-14	14.8686040912053	up	218639
Mfsd6	126.34359338877	1.36408337816065	0.17711328120725	7.70175657558096	1.34208370659877e-14	1.9441015608828e-13	13.8722203961043	up	98682
Trim56	166.357254667261	1.36255641155944	0.205563733071486	6.62838911903593	3.39369898025584e-11	3.26502935033717e-10	10.4693266820571	up	384309
Stox2	797.010494347022	1.3620318907895	0.108095746903676	12.6002357151313	2.10514444556378e-36	2.56051423848127e-34	35.6767180994677	up	71069
Gm19299	34.4537671617795	1.3619492597947	0.306723413277099	4.44031723970251	8.98263618949008e-06	4.18689691966556e-05	5.0465961895538	up	100502636
Rnf150	223.362851910551	1.36169145513676	0.132767005183577	10.2562489321345	1.10932540011663e-24	4.70803754607004e-23	23.9549410428984	up	330812
Zfp933	168.628059086594	1.36165630476679	0.240313230670631	5.66617285684551	1.46022219921113e-08	1.01055173939049e-07	7.83558105342871	up	242747
Zbtb18	94.4434128042208	1.36164873996045	0.223716305083743	6.08649753736432	1.15407432068211e-09	9.22073618711589e-09	8.93776622235636	up	30928
Pag1	159.458908376968	1.36032805587761	0.342354210061714	3.97345210281594	7.08384083031668e-05	0.000285292975504356	4.14973120571061	up	94212
Chst11	302.057537057079	1.36022502552654	0.163973404728289	8.29540026799159	1.08220187206297e-16	1.99337556332952e-15	15.965691719132	up	58250
Dyrk2	816.909037142635	1.3597821961455	0.166209384877858	8.18113969403571	2.81171713899902e-16	4.93683109276505e-15	15.5510283718282	up	69181
Sos1	234.912083261234	1.35900461962432	0.110188952759106	12.3334017212721	5.986502504731e-35	6.38912414377467e-33	34.222826831453	up	20662
2500004C02Rik	136.819191609776	1.35789386302182	0.186410644422954	7.2844223420034	3.23051497520776e-13	3.95361281844988e-12	12.4907282414262	up	72326
Gm17115	6.37184669813834	1.35653107026768	0.569066611554168	2.38378257083627	0.0171357233752667	0.0415455422412369	1.76609755734117	up	102632854
Adcy2	63.726756344766	1.35643149066575	0.463971204219258	2.92352516348136	0.0034609225033935	0.0100281081639451	2.46080812527258	up	210044
Gm28055	13.1772974372935	1.35590373058619	0.489074999412566	2.77238405605435	0.00556473392464593	0.0153691978951403	2.2545555964363	up	NA
Slc1a1	22.2389693456707	1.35419776201012	0.409702077999993	3.30532314754366	0.000948669528754102	0.00309059299416943	3.02288504872519	up	20510
Bptf	1058.87691442365	1.35419344370252	0.118757830867764	11.4029823027874	4.04036770692777e-30	2.93222952384105e-28	29.3935791086956	up	207165
Tnrc6a	418.27200569976	1.35406533019565	0.11282438893934	12.00153036879	3.48786862715301e-33	3.20412977849685e-31	32.4574398814164	up	233833
Glis3	124.068748694288	1.35387573310583	0.186397430393655	7.2633819588959	3.7752990442378e-13	4.5919447369355e-12	12.4230486418842	up	226075
Jph1	41.5480874633351	1.35303657275073	0.277929952398781	4.86826468710131	1.12582474196873e-06	5.99009195555796e-06	5.94852921118975	up	57339
Cpeb3	948.484586981933	1.35299394130956	0.15884035520881	8.51794834839626	1.62404599568273e-17	3.27699067822098e-16	16.7894016749789	up	208922
2010007H06Rik	28.1574252339627	1.35036331206847	0.328686938148043	4.10835708798461	3.98483661374249e-05	0.000167292446499039	4.39958948084371	up	NA
Trim17	22.3009746487944	1.35036088759051	0.386035917861975	3.49801877262967	0.000468728138518048	0.00162813481681795	3.32907897428797	up	56631
Maf	186.447650159875	1.34916973752945	0.172103844273055	7.83927717145527	4.5314731457963e-15	6.94294393598008e-14	14.343760589359	up	17132
Zfp871	551.862193266888	1.34845097376374	0.160206356910008	8.41696297058428	3.86369735124682e-17	7.49736352329285e-16	16.4129968998112	up	208292
Snhg3	11.2623084092027	-1.34689916550254	0.447735616011625	-3.00824664676123	0.0026275978817413	0.00779720063803619	2.58044109691405	down	399101
Gp5	49.1029586180236	-1.34639710944574	0.263337042052439	-5.11282840785318	3.17370567244432e-07	1.83040847418431e-06	6.4984333519228	down	14729
Ubr3	746.481804715	1.34587450189398	0.17496434257503	7.69227879284507	1.44537237998009e-14	2.08539744578704e-13	13.8400202485919	up	68795
Usp6nl	350.891864135547	1.34564517621947	0.100658559184396	13.3684128515528	9.24934167764736e-41	1.65062841807982e-38	40.0338891770923	up	98910
Ism1	40.2630139278017	1.34536275989211	0.518187229226325	2.59628698665691	0.00942373175557794	0.0245834516873284	2.02577708447657	up	319909
Fgf12	889.688161839396	1.34526927739822	0.24545580774951	5.48069850020042	4.23649901118116e-08	2.75498973929021e-07	7.37299289062347	up	14167
Ocln	53.3952127862661	1.34341003780108	0.291600033903733	4.60702977230992	4.08461537342838e-06	1.99708614215771e-05	5.38884883241482	up	18260
4930412C18Rik	11.0613807163983	1.34313615542455	0.386051358278398	3.47916443401283	0.000502979856939438	0.00173492988676892	3.29844940698228	up	320152
Lncpint	29.9065932326475	1.34197595891582	0.240235363782264	5.58608831683961	2.32241162989996e-08	1.56737588363862e-07	7.63406080236208	up	232685
Bend7	59.6440656220683	1.34167392550538	0.300870718344373	4.45930375972884	8.22263188887273e-06	3.85825735958054e-05	5.08498915181913	up	209645
Rufy4	18.1784550833561	1.3416710912731	0.482535677867649	2.78045987646347	0.00542819671828856	0.0150321418151334	2.26534442185992	up	435626
Gm7285	20.960023206093	1.34126773060011	0.318974678165707	4.20493481900568	2.61157408898588e-05	0.000113468750878868	4.58309764894576	up	640050
Reep6	195.233162705135	-1.34073640031266	0.23733793259088	-5.64906075348607	1.61326838570071e-08	1.10836476154863e-07	7.792293376732	down	70335
Blvrb	2295.3155266627	-1.34052669941461	0.212345693700179	-6.31294506639429	2.73774699622844e-10	2.35318703521064e-09	9.56260668886048	down	233016
Pde5a	162.772269233419	1.34033282439855	0.261132461345266	5.13276984980574	2.85508950801837e-07	1.65718498449949e-06	6.54438027192632	up	242202
Ank2	1381.67501320208	1.33972480826418	0.18883219467415	7.09479022142395	1.2954784147336e-12	1.48839873591451e-11	11.8875698188342	up	109676
BC064078	12.2950291767112	-1.3389998847331	0.38508729763959	-3.47713334856941	0.000506805690355936	0.00174646620614584	3.29515851755278	down	408064
Pan3	867.661521768579	1.33890623180939	0.115645183713403	11.5777085462333	5.34558703616578e-31	4.15657574826434e-29	30.2720045949326	up	72587
Atxn7	391.585499024553	1.33846310700866	0.133559930294985	10.0214420900976	1.22699394479343e-23	4.72816144531725e-22	22.911157580508	up	246103
Gm5276	7.89709760813847	-1.33787442808489	0.430882469039842	-3.1049637063818	0.00190302373829831	0.00582164294368846	2.72055579429434	down	383862
Fndc3b	1621.15165702978	1.33778029110684	0.0668846983227998	20.0012906487284	5.36655978236291e-89	1.66915342259436e-85	88.2703040283261	up	72007
Fcor	20.3905316549886	-1.33756082567629	0.337691541479493	-3.96089525907628	7.46692827007148e-05	0.000299281962989684	4.12685802063663	down	100503924
Gm31323	15.3501987161147	1.33744816659615	0.545557030029996	2.45152769183931	0.0142251240521163	0.0352784372778991	1.84694393759267	up	102633513
2900041M22Rik	8.43755561873372	-1.33707343751712	0.44132771787706	-3.02966114149573	0.00244828258921439	0.00731293847336751	2.61113845586741	down	78403
Prkci	307.03080794713	1.33701035122707	0.143039692402579	9.34712826048385	9.00597045706374e-21	2.61437318388256e-19	20.0454694820183	up	18759
Gm26901	28.2906448031701	1.3369320840153	0.426513941168153	3.13455658765493	0.00172114054343788	0.0053266058154555	2.76418366497319	up	102632124
Noxo1	11.465890684322	-1.3364844124055	0.426472369588716	-3.13381242891394	0.00172551117254229	0.00533861435961215	2.7630822243425	down	71893
Gcnt2	67.5470967049095	1.33644678425435	0.249209933327666	5.36273480919864	8.19713070495456e-08	5.14613407463295e-07	7.0863381399423	up	14538
Nt5e	166.987529974169	1.3360022129291	0.177928115860453	7.50866273420729	5.97343987176882e-14	7.99346852416416e-13	13.2237755035271	up	23959
Adam12	263.383372453971	1.33583538518506	0.265720232414797	5.02722496155198	4.97628459908551e-07	2.78805116549896e-06	6.30309478983695	up	11489
1700010I14Rik	12.8983126162831	1.33541619069111	0.441884031355992	3.02209651385947	0.00251030496109706	0.00748484793385445	2.60027351561996	up	66931
Zfp652	740.255473623831	1.33478059932948	0.117227407820304	11.3862502306248	4.89609461888942e-30	3.52972755107485e-28	29.3101501978755	up	268469
Slc16a12	228.117530107097	1.33469045329493	0.265888607402684	5.01973539345206	5.17427044178927e-07	2.89153531978018e-06	6.28615087590797	up	240638
Tnfrsf11a	37.1130406947663	1.3340606917542	0.374870402501742	3.55872504964699	0.000372659397843132	0.00132077818815573	3.42868792211936	up	21934
Fam126a	1214.39639521836	1.33381903700837	0.147228304999954	9.05952858051849	1.31015555656784e-19	3.33622301492338e-18	18.8826771369028	up	NA
Arid3b	11.9391933016673	1.33245195215031	0.372670825262512	3.5754125674091	0.000349676025502243	0.00124560641806853	3.45633414278085	up	56380
Paxbp1	172.017466312385	1.33188527124727	0.188516628652743	7.06508110592549	1.60522209012566e-12	1.8240550807002e-11	11.7944648723909	up	67367
Uso1	483.096764905936	1.33171257217858	0.14556618089999	9.14850251579742	5.77281892482825e-20	1.53838205179144e-18	19.2386120647396	up	56041
Cmya5	450.591527041487	1.33109503479981	0.235816249628927	5.64462812420424	1.65538665280439e-08	1.13658398627742e-07	7.78110055079041	up	76469
Gm20300	273.205871483253	1.33090789602756	0.293443760759428	4.53547859590944	5.74730069735955e-06	2.75617248420511e-05	5.24053608009135	up	100504586
Snx30	196.642199168599	1.33088660934039	0.135796888134965	9.80056780106523	1.11954532719962e-22	3.94413282585601e-21	21.9509583183831	up	209131
Pdzd2	1051.19259681274	1.32935640754377	0.10783727194116	12.3274298729397	6.44703846742636e-35	6.81383114139838e-33	34.1906397384842	up	68070
Hivep1	333.471245564399	1.32894431887855	0.1180931478818	11.2533567164176	2.22942745327233e-29	1.49351060038909e-27	28.6518066552525	up	110521
Gm49361	23.2920119453632	1.32790209096431	0.353059169511667	3.76113186013834	0.000169146228537509	0.00063606244022849	3.7717376812553	up	NA
Gm5308	13.0571993273271	-1.32753038676173	0.461091470747948	-2.8791041929453	0.00398806551637909	0.0114142450930203	2.39923771566425	down	384401
Sema6a	507.610663438542	1.32710536902258	0.15193929400819	8.73444475101387	2.44855900995817e-18	5.4231970259216e-17	17.6110894250783	up	20358
Cd37	32.3217702939732	-1.32686910507187	0.396873335946331	-3.3433062513711	0.000827864812879847	0.00272929629103877	3.08204057603358	down	12493
Gm13483	16.8933641164494	1.32629664676249	0.395510509466962	3.35337902537652	0.000798313031553474	0.00264026603721438	3.09782678130696	up	100502624
Gdnf	14.0351345624042	1.32535626687992	0.499540639653323	2.65315003760196	0.00797444154396489	0.0212300735259481	2.09829972116942	up	14573
Gm29394	30.0882467799799	1.32420728947879	0.274310215726289	4.82740785272141	1.38321655810794e-06	7.26021960056076e-06	5.85910982088229	up	NA
Mir6236	864.696304419077	-1.32382289798569	0.137321645142224	-9.6403075903628	5.40258464109073e-22	1.75298171096613e-20	21.2673984203965	down	102465959
9530062K07Rik	15.6420244707779	1.32369903753072	0.394130675981298	3.35852832118434	0.000783586912777853	0.00259787639180743	3.10591282606656	up	78739
Ralgps1	172.335949534042	1.32120279307602	0.109607194480582	12.0539787496347	1.84808925725415e-33	1.72689267420332e-31	32.7332770574683	up	241308
Arfgef3	49.4857177971425	1.32068586325029	0.194454227228697	6.79175702206273	1.1077601025216e-11	1.13550625951507e-10	10.9555542806108	up	215821
Ints6l	251.307732723874	1.32055628486902	0.127153382587128	10.3855379857013	2.8853794687719e-25	1.31975802088449e-23	24.5397970628007	up	236790
Cfap157	17.8993080927582	-1.31981645393581	0.53494764760671	-2.46718806941297	0.0136178812456036	0.0339309350514171	1.86589045739544	down	227736
Gm20632	13.3555243302098	1.31967756683976	0.369527486151742	3.57125685177813	0.000355272274596078	0.00126409347319919	3.44943868347537	up	NA
Jph4	16.7719602206502	-1.31861444253024	0.372515782151928	-3.53975457070019	0.000400499297503291	0.00140798816490258	3.3973982413543	down	319984
Gm3052	7.87286686291189	1.31831914703711	0.504992304517527	2.61057274584934	0.00903907449592722	0.0237106903524491	2.04387603433529	up	100040938
Bicc1	638.287469842494	1.31784666966208	0.156175989099149	8.4382156134477	3.2221882875459e-17	6.32013363931977e-16	16.4918490853156	up	83675
Alpk1	28.8749831040937	1.31771757189413	0.412148278055285	3.19719295713611	0.00138772062735067	0.00437242452947596	2.85769795622418	up	71481
Gm26787	15.2354658198673	-1.31762663090637	0.555381295792099	-2.37247210320098	0.0176694973931427	0.0427017756958045	1.75277580377502	down	102637672
Man2a1	266.02473851956	1.31756085320265	0.137781565720818	9.56267876845277	1.14747459306487e-21	3.59982951588016e-20	20.9402569216634	up	17158
Abca1	346.925121956321	1.31714862014895	0.157588208957312	8.35816733284747	6.37000515169668e-17	1.20284260331952e-15	16.1958602164319	up	11303
Dusp12	9.69994312620461	1.31556576600812	0.545318406245499	2.41247269657695	0.0158447241416188	0.0387695363015649	1.80011531752232	up	80915
Celf4	98.1067957629709	1.31468350917047	0.154696606087362	8.49846381521797	1.92116116880751e-17	3.85862739550527e-16	16.7164362000588	up	108013
Cep192	354.011768785575	1.31361040633151	0.136287683183883	9.63851153415786	5.49793689377935e-22	1.78126610195482e-20	21.2598002493672	up	70799
Arid2	951.292695929466	1.31298769196285	0.0933749128986096	14.0614609556696	6.55195060404687e-45	1.65871009943382e-42	44.1836293854343	up	77044
Zc3h6	59.0348374856865	1.31298208150841	0.274467315828668	4.78374657304561	1.72057594294238e-06	8.88950627188932e-06	5.76432615368941	up	78751
Dct	10.3033289104136	1.31261704661169	0.565089052790409	2.32284989441928	0.0201872176298298	0.0479768695815582	1.69492353500789	up	13190
AB124611	36.3685461300118	1.31260372538336	0.241022421858573	5.44598181057847	5.15204015969957e-08	3.3117867834951e-07	7.28802076034779	up	382062
Nanos1	12.9345370473831	1.31251019840311	0.371220117332727	3.53566559871187	0.000406749220965997	0.00142834581272124	3.39067327018088	up	332397
Slit3	667.867410334607	1.31223240206266	0.212789889161407	6.16679865398726	6.96863982895066e-10	5.70595059631116e-09	9.15685198121715	up	20564
Mx2	12.5665760276268	1.3117043231863	0.445690262960565	2.94308499017481	0.00324959192935812	0.00945730724314729	2.48817117254574	up	17858
Gm4045	44.7974134484114	-1.31130130850877	0.207644171738601	-6.31513659896771	2.69922949785764e-10	2.32283101293899e-09	9.56876018864988	down	100042816
Corin	1257.89880141461	1.31117683070273	0.184736134480419	7.09756558667036	1.26973554874938e-12	1.4603635693276e-11	11.8962867213102	up	53419
St6galnac3	531.7531031766	1.31096401874229	0.168588552627044	7.77611527185028	7.4785566315705e-15	1.11066258514702e-13	14.1261822132895	up	20447
1810062G17Rik	15.409375016848	1.31063646101585	0.373511166143102	3.50896192622449	0.000449859298497714	0.00156910231446527	3.34692329831581	up	72282
Slc25a16	114.592138664271	1.31046448912508	0.247721724364401	5.29006687841949	1.22271642277861e-07	7.49042823768594e-07	6.91267425457676	up	73132
Scn7a	121.633173039309	1.31039977023299	0.383215637585285	3.41948407557183	0.000627400046450095	0.00212272786500567	3.20245545348491	up	20272
Bcl2	342.631147871686	1.31000689659227	0.0764978566363212	17.1247529564152	9.70204350276807e-66	9.6014950519212e-63	65.0131367823826	up	12043
Kat6b	633.061272487515	1.3099386569042	0.104451977995262	12.5410612804635	4.44995811547193e-36	5.20884344570187e-34	35.3516440767281	up	54169
Prl2c3	12.0850465034092	-1.30863056029727	0.419546304800597	-3.11915644429103	0.00181369633752665	0.00558052524881716	2.74143542398816	down	18812
Hs6st3	176.427757484925	1.30857053862706	0.299586406298767	4.36792361440482	1.25433344501904e-05	5.7192351340219e-05	4.90158699773026	up	50787
Tnrc6b	1505.71520868169	1.30830028961315	0.0967582080845928	13.5213364892965	1.17030160538954e-41	2.23507075022289e-39	40.9317021992142	up	213988
Hivep2	287.780519366813	1.30820893358707	0.176888288183845	7.39567863434472	1.4068788473473e-13	1.80285852056772e-12	12.8517433000023	up	15273
Gan	175.935301266949	1.30753840811984	0.183092337061935	7.14141525036917	9.23748235753735e-13	1.08312317201022e-11	12.0344463780457	up	209239
Gm29683	7.91690635757886	1.307374576509	0.49322256462218	2.65067876103859	0.008033020487999	0.0213677363548826	2.09512112537899	up	624549
4930562C15Rik	11.251636536629	1.30727690153157	0.418939303696223	3.12044463242697	0.00180578241529771	0.00556089034594933	2.74333458045019	up	78809
Pkd2	269.398753559715	1.30557928144784	0.157999894713883	8.26316551547118	1.41859323049048e-16	2.58890291820944e-15	15.8481421169305	up	18764
Gm36447	8.49710000257424	1.30462022775389	0.504819308061775	2.58433108028872	0.00975680849139668	0.0253037801637509	2.010692219346	up	102640374
Gsk3b	2678.89331767893	1.30432862975088	0.111243780824775	11.7249577466752	9.49484032770095e-32	7.83036604601156e-30	31.0225123342847	up	56637
Bend4	408.745533528161	1.30363013399403	0.08030258796384	16.2339741102871	2.90056657801602e-59	1.66187198780434e-56	58.5375171615244	up	666938
Plekhh2	29.9228280108417	1.3017919031555	0.255432087029252	5.09643059451031	3.46117375388877e-07	1.98673016002284e-06	6.46077659820342	up	213556
Rassf8	458.312726369191	1.30168685805832	0.106310695964641	12.2441758681672	1.80501261840091e-34	1.82784812687557e-32	33.7435197577014	up	71323
Klhl31	2345.87628057341	1.30130621384411	0.160765931439286	8.09441529180921	5.75400672754482e-16	9.73397315245577e-15	15.2400296346713	up	244923
Hbq1a	72.2357708773698	-1.29980115944785	0.256847418638221	-5.06059654537027	4.17946762080536e-07	2.37152382174027e-06	6.3788790349885	down	216635
Sec24a	509.216399686188	1.29967600342607	0.135916688202112	9.5622989392842	1.15169472300884e-21	3.60787014523001e-20	20.9386626230678	up	77371
Slc4a4	401.959400463126	1.29909868204644	0.133024754880948	9.76584157744983	1.57796399731327e-22	5.47061021488925e-21	21.801902909838	up	54403
Itpr1	1075.4185187412	1.29908867211646	0.12616778918076	10.2965160961588	7.30594861542083e-25	3.18767762033953e-23	24.136323386616	up	16438
Fgf10	62.9315433752174	1.29896348739797	0.283089989243399	4.58851791569757	4.4640400188948e-06	2.17283879479941e-05	5.35027192072207	up	14165
a	27.4046117409711	1.29867934891869	0.292917198790323	4.43360565471034	9.26700612270353e-06	4.31205935677498e-05	5.03306055004078	up	50518
Lpgat1	985.167897139319	1.29854643936425	0.121385909829441	10.6976702748188	1.04369298445265e-26	5.47549003795256e-25	25.9814272357852	up	226856
Mbnl2	2677.28878756908	1.29853354539176	0.152885422839648	8.49350789155167	2.00491851010903e-17	4.01573926422205e-16	16.6979032745796	up	105559
Srgap1	540.015326077976	1.29836617186713	0.136918268411148	9.48278258945187	2.47590952838407e-21	7.53923108419271e-20	20.6062652288124	up	117600
Asap1	1228.88044303046	1.29816466878271	0.140898743974613	9.21345806330692	3.15784101702689e-20	8.65900687943444e-19	19.5006097385348	up	13196
Sash1	304.757663789006	1.29808626967702	0.107979569094111	12.0215914970513	2.73649420194822e-33	2.53527454318369e-31	32.5628054676986	up	70097
9430037O13Rik	15.3188461473565	1.29792772920695	0.469475077084945	2.76463606389079	0.00569863353659243	0.0157111117334039	2.24422927040869	up	77285
9330182L06Rik	32.1289144691365	1.29632128296887	0.436998294299309	2.96642183706326	0.00301286932908889	0.00883093578795415	2.52101970366891	up	NA
Iqcd	8.48736263002544	-1.2947493438499	0.479212364734848	-2.70182791415722	0.006895944335919	0.0186252946385844	2.16140625279541	down	75732
Ldlrad3	390.828740750761	1.29446043295134	0.210026116705202	6.16333079551379	7.1230486612589e-10	5.82580824391168e-09	9.14733408875328	up	241576
Gm11190	8.83960161460345	-1.29372609746866	0.539216643300431	-2.39926959514833	0.0164278146836843	0.0400253336272577	1.78442020491184	down	791423
Hist1h2ao	126.811557510212	-1.29324644587352	0.179466434755047	-7.20606305930505	5.75927399000363e-13	6.88278978807739e-12	12.2396322599809	down	NA
Peg3	3145.44343067401	1.29312439486133	0.12425838623551	10.4067373964638	2.31003197308766e-25	1.07008544932052e-23	24.6363820090085	up	18616
Msi2	2209.27031428861	1.29258595224551	0.0772570386190185	16.7309797961543	7.79454349848743e-63	5.85182072582994e-60	62.1082093149708	up	76626
Gm43020	17.0124125802314	-1.29258527454363	0.505861078907201	-2.5552178818263	0.0106121347582231	0.0272751030523	1.97419724376499	down	NA
Rps10-ps1	12.0885895339756	-1.29249050403409	0.485047095993666	-2.66467012112773	0.00770638766784433	0.0205844034234213	2.11314914770158	down	668457
Qser1	473.704968804987	1.29215673990534	0.131824338976313	9.80211052025471	1.10257422518291e-22	3.8970306830034e-21	21.9575921642163	up	99003
Tmed8	91.5756454967672	1.29183495024418	0.157541558536577	8.19996299544193	2.40461039199972e-16	4.26328806633697e-15	15.6189552803345	up	382620
Dock9	397.879571819529	1.29181870997524	0.102630605918751	12.5870708684886	2.4873308058714e-36	2.99194288980288e-34	35.6042664513161	up	105445
Rhobtb3	730.268366145441	1.2914193019519	0.124804201413174	10.3475627208779	4.29274748426287e-25	1.92308021043974e-23	24.3672646576227	up	73296
Phf11c	12.6082983041064	1.29097606938784	0.372198439736923	3.46851553246792	0.000523342272971045	0.00180003285420625	3.28121418370756	up	628705
A330023F24Rik	46.7100153087776	1.29040097255352	0.333263288661756	3.87201656004544	0.000107938616702056	0.000420175140861285	3.96682315197873	up	320977
Mal	59.8769072331872	1.289011707162	0.24863453420266	5.18436311068251	2.16754276452566e-07	1.28099188570175e-06	6.66403232535611	up	17153
Rgs9	34.6252184832893	1.28900021549892	0.229406311624784	5.61885244729974	1.92229931663333e-08	1.30993116499971e-07	7.71617898844618	up	19739
Trpc3	175.708949671831	1.28857141339453	0.191630435741521	6.72425237884764	1.76496287783661e-11	1.76674812764407e-10	10.7532644246219	up	22065
Dscaml1	10.9184039757967	1.28704253065426	0.470276576115921	2.73677787927291	0.00620441699341781	0.0169361292352924	2.20729902132676	up	114873
D16Ertd472e	135.313130910658	1.28669408733306	0.141522103038932	9.09182424302366	9.7391035979104e-20	2.52729157966276e-18	19.0114810144147	up	67102
Gm35576	53.9560129290816	1.2861306814993	0.288436471192646	4.45897384675842	8.23529677728068e-06	3.86253514508736e-05	5.08432074544226	up	102639216
Cacnb4	49.6522601045742	1.28463639625985	0.354487889407048	3.6239218169305	0.00029016935181372	0.00104838485358253	3.53734846040651	up	12298
Plppr4	54.6758529164148	1.28362505652304	0.268102780584174	4.78780956216167	1.68611531844708e-06	8.72181105089806e-06	5.77311272600276	up	229791
Ncoa2	699.221069179101	1.28353160682145	0.114575947537834	11.2024524728248	3.96599710181227e-29	2.60083400303183e-27	28.4016476074952	up	17978
Dgkh	386.983603264706	1.28230076343239	0.164074064777207	7.81537755631032	5.47985237203564e-15	8.29098998220709e-14	14.2612311413101	up	380921
Lrp6	566.580979456973	1.28225121739103	0.103060462944794	12.4417374107652	1.55093245391277e-35	1.68834506932944e-33	34.8094071161334	up	16974
Znrf3	714.668750108176	1.28143994692305	0.168033941820706	7.62607799970769	2.42003439116558e-14	3.38618179720161e-13	13.6161784622066	up	407821
4933427G23Rik	86.3656573142121	1.281333444407	0.155636455878407	8.23286187786274	1.8279291937472e-16	3.29450947071722e-15	15.7380406310094	up	330053
Asap2	323.489753459573	1.28109727701289	0.131740604677993	9.72439196058207	2.37318977767938e-22	8.04814452330772e-21	21.6246675310185	up	211914
Slc39a14	239.457770832046	1.28090213532458	0.095626232625112	13.3948823472546	6.47786104442041e-41	1.18517639209345e-38	40.1885683722086	up	213053
Bach1	274.082412001709	1.2804924074158	0.0973593283870256	13.1522313129107	1.65225641632702e-39	2.72522171941454e-37	38.781922552927	up	12013
Zfp949	172.620680160343	1.28003540646995	0.133383608865014	9.59664697455714	8.25874101920174e-22	2.62112696020496e-20	21.083086152448	up	71640
Cachd1	543.10338078416	1.27933418979967	0.10159524246909	12.592461602608	2.32313866386384e-36	2.80996527720242e-34	35.6339248671892	up	320508
Gm32585	13.9352328331918	-1.27923050690434	0.513940654286177	-2.48906268892288	0.0128080379530735	0.0321596819645159	1.89251739417542	down	102635182
Maml2	1337.02876996225	1.27824452101792	0.152023298270324	8.40821463263459	4.16298832992966e-17	8.01384455519263e-16	16.3805948065656	up	270118
Cpm	97.9513921750265	1.27787719731351	0.413613328334504	3.0895455000426	0.00200462998739692	0.00611357390189184	2.69796577728881	up	70574
Zfp536	391.520084653867	1.27772390563032	0.125901955794141	10.1485628048502	3.36279011821769e-24	1.37106116954748e-22	23.4733002374562	up	243937
Egf	57.3861542538484	1.27717513797092	0.332250896277922	3.84400810435312	0.000121041005558753	0.000466838755186037	3.91706747703044	up	13645
Med12l	210.539814010679	1.27695401693531	0.182631875967017	6.99195586845926	2.71080161676425e-12	3.00354060051864e-11	11.566902264012	up	329650
Mdm4	439.122945933865	1.27658073527889	0.121627296123386	10.4958407854751	9.02704390849412e-26	4.34815929149854e-24	25.0444544450809	up	17248
Adam23	34.1279071288729	1.27600797873498	0.322866347145459	3.95212443172376	7.74604418038546e-05	0.000309216857160528	4.11092003029818	up	23792
Tssk6	24.8124471759278	-1.27561646150628	0.27861666724859	-4.5783925064617	4.68562847696322e-06	2.27713176786704e-05	5.32923214954216	down	83984
F2r	1631.93120951557	1.27483349222067	0.122595600226116	10.3986887773245	2.51368263979457e-25	1.15948937359338e-23	24.5996895542102	up	14062
BC005537	1364.45961207054	1.27470111530137	0.136479971420379	9.33984013943777	9.6479676068629e-21	2.79329189809334e-19	20.0155641633491	up	79555
Ptprg	875.110964283404	1.27447134849494	0.148380254978115	8.58922468277815	8.75581474831649e-18	1.82248182313907e-16	17.0577034356188	up	19270
Gm9728	45.8244587587288	-1.27430261169457	0.234769718330073	-5.42788320724981	5.70263343061266e-08	3.64098929769205e-07	7.24392454428001	down	723992
Rps10-ps2	14.4881870565922	-1.27416564974922	0.53554216323949	-2.37920697418445	0.0173499311452189	0.0420134246350469	1.76070224440687	down	666274
A830082K12Rik	57.6791954077216	1.27373096365739	0.167817729864665	7.58996659461773	3.19987972918204e-14	4.41494179111225e-13	13.4948663447845	up	320174
D5Ertd579e	318.540237047567	1.27372143129528	0.134887706033649	9.44282817722124	3.62850773991847e-21	1.08815248641191e-19	20.440271946194	up	320661
Zfp445	479.223301412114	1.27367651079487	0.151988846180771	8.38006566139726	5.28981846306746e-17	1.0076109149423e-15	16.2765592319045	up	235682
Fank1	13.9472368985578	-1.27367041628509	0.440254443049726	-2.89303250970537	0.00381541803236984	0.0109445693545133	2.41845787207201	down	66930
Gli3	432.670352490418	1.27351833393179	0.269787469911307	4.72045026535316	2.35323143590757e-06	1.1928883544256e-05	5.62833535867402	up	14634
Cd80	58.7252766430911	1.27348537201017	0.221823595962097	5.74098245268629	9.41288454257834e-09	6.6667964300916e-08	8.02627726828835	up	12519
Zfp799	44.008759861494	1.27292185037722	0.256306532146762	4.96640424930075	6.82057047065114e-07	3.74426274046941e-06	6.16617929955252	up	240064
Mertk	149.17017896137	1.27256274668959	0.135701586088053	9.37765565882086	6.74558425869753e-21	1.97931078814505e-19	20.1709804285956	up	17289
Dgkk	239.116853276896	1.27177900018986	0.214238354232874	5.93628066619415	2.91560515375297e-09	2.20641485601354e-08	8.53527129076459	up	331374
Auts2	2558.89430100841	1.27009386650678	0.197707805901324	6.4240957038423	1.32655728245406e-10	1.18029444845075e-09	9.87727399188099	up	319974
Traf3ip3	13.7224087461869	1.26961247823267	0.426127539143497	2.97941898048774	0.00288795591454416	0.00849568655201397	2.53940944067869	up	215243
Purb	1505.55742711222	1.26937956711061	0.152855047598259	8.30446614001817	1.0026925672925e-16	1.86109314365662e-15	15.9988322043623	up	19291
Zim1	170.626028561304	1.2690729530287	0.193585135955305	6.55563221197778	5.54066345619154e-11	5.1773100758885e-10	10.2564382283923	up	22776
Helz	1008.45885294924	1.26900646014526	0.139310609290522	9.10918749553982	8.30012248030331e-20	2.17461211361208e-18	19.0809154989339	up	78455
Ext1	1995.36019973206	1.26678915556925	0.171176233103686	7.40049674303744	1.35675997819734e-13	1.74273617966445e-12	12.867496975748	up	14042
Jdp2	29.1664443729528	1.26663564138708	0.336573917955484	3.76332084518386	0.00016767185824962	0.000631037458567108	3.77553982250117	up	81703
B230219D22Rik	1205.78998710739	1.26661720611787	0.188358559224412	6.72450039612381	1.76195940566465e-11	1.76487004331421e-10	10.7540041016555	up	78521
Gm17753	6.26992193158769	-1.26661139816154	0.496969725789047	-2.54866912899075	0.0108134839299907	0.0277140873600657	1.96603436082895	down	654469
Zfp532	602.359151566021	1.26627041890347	0.143419288942203	8.82915002746788	1.0547416726977e-18	2.41216761533345e-17	17.9768538947356	up	328977
Btbd3	615.687589488428	1.26624842903844	0.107594729440838	11.7686845407674	5.66001959505661e-32	4.78336804505587e-30	31.2471820652764	up	228662
Col4a4	112.150517238338	1.26564165945591	0.3153821369988	4.01304167540955	5.99413254837436e-05	0.000244573189361332	4.22227365772152	up	12829
Cabyr	28.4265108540775	1.26556898281287	0.238730970981679	5.3012350161722	1.15021905587238e-07	7.08217457139518e-07	6.93921944164903	up	71132
Pbx1	2857.58900066181	1.26489970416665	0.0603768763205941	20.9500686562548	1.87360958960194e-97	8.1584455969627e-94	96.7273208994384	up	18514
Runx1t1	755.934127419858	1.26475529783633	0.137594563804827	9.19189874122019	3.85967308557789e-20	1.04340239106129e-18	19.4134494785257	up	12395
Gm10766	28.5419709830507	1.26392736412788	0.371905612647146	3.39851650834605	0.000677523739364544	0.00227885784851612	3.16907548319245	up	545459
Dsg2	108.28218069568	1.26371604727845	0.158512246455535	7.97235592540129	1.55677676763132e-15	2.53508928832229e-14	14.8077736581682	up	13511
Gm40999	8.45436315890271	1.26301978916132	0.497005592503004	2.54125870656815	0.0110454156994384	0.0282221324502021	1.95681793460695	up	105245555
Nr1d2	267.687168383435	1.2629788762709	0.240364354360287	5.25443499986603	1.48479571515253e-07	8.98220958885829e-07	6.82833329441744	up	353187
Iqgap2	125.20123118853	1.26166477435685	0.144823884334182	8.71171754684849	2.99304714219147e-18	6.56239903119765e-17	17.5238864427213	up	544963
Gm50371	52.1060956822429	1.26132437142535	0.207953178798253	6.065424816848	1.31605323446444e-09	1.04449292371041e-08	8.8807265431183	up	NA
Heca	381.367834098994	1.26094808933217	0.190615498050052	6.61513938914384	3.71201807404991e-11	3.55400428796019e-10	10.4303899178408	up	380629
Antxr1	388.126360525853	1.26071092689144	0.169450517407288	7.43999455523184	1.00689450207229e-13	1.31300581802531e-12	12.997016030507	up	69538
Foxn3	1867.67243582172	1.26056663616773	0.0792329115386015	15.9096341619808	5.43300314704727e-57	2.81636534565508e-54	56.2649600434027	up	71375
Casc4	200.973259564015	1.26012632313554	0.14028434261243	8.98265836136077	2.64302188946285e-19	6.46560366038037e-18	18.5778992400338	up	NA
Fbxo11	751.589365562183	1.25964794235011	0.114335913599975	11.0170803091426	3.16147749161594e-28	1.91199133187395e-26	27.500109905833	up	225055
Zfp568	763.871036534372	1.25905972817083	0.0914674401851483	13.7651138549657	4.13232728186518e-43	9.08778076573421e-41	42.383805289505	up	243905
Tshz1	483.36945678218	1.25830514845796	0.16386122637069	7.67909026636598	1.60222312195929e-14	2.30254797434308e-13	13.7952770051754	up	110796
Lpp	3202.61479862349	1.25826514966921	0.102953180618412	12.2217219721736	2.37989583901546e-34	2.36598594552715e-32	33.6234420503093	up	210126
Naa30	240.693654181044	1.25565876368496	0.12054449056298	10.4165587147172	2.08356132857473e-25	9.67234482851365e-24	24.68119371178	up	70646
A430103D13Rik	12.7076424001117	1.25545716024459	0.386452292641744	3.2486730811258	0.00115944647509389	0.00371227480231531	2.93574929541575	up	77775
Elk4	18.3069214594254	1.25506443421452	0.386182147374143	3.24992867419785	0.00115433956529266	0.00369646727688657	2.93766641852835	up	13714
Plekhg1	473.748790665518	1.25501578275076	0.180950593972157	6.93568202900658	4.04265975607019e-12	4.37459185930219e-11	11.393332808822	up	213783
Tubb1	34.1533121152833	-1.25483611726581	0.275689151786228	-4.55163400204744	5.32308771902878e-06	2.56630349465666e-05	5.27383637704042	down	545486
Spag1	51.2371191041694	1.25427309278327	0.271425292950959	4.6210619472736	3.81780746274558e-06	1.87463473339866e-05	5.41818597745508	up	26942
Gm5422	10.1353815110574	1.25363174605561	0.482881732564876	2.59614655414031	0.00942758441996328	0.0245876099654337	2.02559956998465	up	432448
Ash1l	1192.55613607705	1.25356589095378	0.102246284367922	12.2602586363233	1.48026674445194e-34	1.50599848412185e-32	33.8296600175745	up	192195
Ccdc191	63.0981644447622	1.25352291317332	0.201106059199506	6.23314343766125	4.57167208062985e-10	3.8238357487312e-09	9.33992492846932	up	212153
Slc17a5	230.399244685263	1.25339812824997	0.107041780858298	11.7094289556825	1.14045116444267e-31	9.36977462348901e-30	30.9429233070267	up	235504
Resf1	354.01088611412	1.25326372686933	0.140064040400288	8.94779076262287	3.62667672898095e-19	8.7441866825441e-18	18.4404911543939	up	67246
Larp4b	1294.0768904641	1.25310312108995	0.126246926681683	9.92581090112002	3.21478895327445e-23	1.19849974470362e-21	22.4928475326735	up	217980
Pitpnc1	1441.06148295442	1.25237846362506	0.201762545236739	6.20719005182839	5.39403519250602e-10	4.48069188139035e-09	9.26808622439012	up	71795
Itpr2	1065.43044539334	1.25219693168737	0.0998163552682466	12.54500756236	4.23373927906927e-36	4.98253900453492e-34	35.3732758900927	up	16439
Vtcn1	14.3550841491997	1.25035031970881	0.401987582425885	3.11042025766888	0.00186821331377611	0.00572883665739908	2.72857353725647	up	242122
Zfp704	354.92310404725	1.2503332301053	0.112196287364401	11.1441586836502	7.64635030292307e-29	4.82540112449974e-27	28.1165458094897	up	170753
Pygo1	133.955401631212	1.24996294017219	0.144224173232547	8.66680607110675	4.44410964046546e-18	9.5515454187773e-17	17.3522152351358	up	72135
Adamts12	155.41608669651	1.24994492161422	0.168684740110911	7.40994663057471	1.26350253332719e-13	1.6316119309371e-12	12.8984238829812	up	239337
Atp10a	98.7717015740734	1.24975487682009	0.153824067153811	8.12457309148148	4.48939724361293e-16	7.69631155810557e-15	15.3478119644188	up	11982
Gm49390	82.7214337332833	1.2496786469598	0.21926082990962	5.69950705502173	1.20154352474359e-08	8.42783686234451e-08	7.92026049268064	up	NA
Gm38345	17.6871307697099	-1.24962707535618	0.371034131764404	-3.36795719955397	0.000757273512206765	0.00252023217789142	3.12074723359348	down	NA
Rai14	446.137564531946	1.24957107507232	0.213697243054376	5.84738978010288	4.9934648761102e-09	3.66052920143674e-08	8.30159800059193	up	75646
Gm960	16.2763832763544	1.24936736648353	0.446065663925152	2.80085975569097	0.00509666632293985	0.0142280573385109	2.29271379859681	up	NA
Map3k20	2851.11986133384	1.24933426937663	0.113394122104158	11.017628129164	3.14229999985541e-28	1.90571313083992e-26	27.5027523546041	up	65964
Dhtkd1	23.3358614327581	1.24908933044881	0.28355737515375	4.40506733345068	1.05751024789542e-05	4.8800578883381e-05	4.97571541536392	up	209692
Kif6	51.995724909441	1.24772545936429	0.21994447343513	5.67291116651897	1.40391039934351e-08	9.72817861696591e-08	7.85266060895295	up	319991
Ulk2	601.803294161387	1.2471887221739	0.0918533204069781	13.5780472240735	5.40482792651185e-42	1.08957327422237e-39	41.2672181281225	up	29869
Gm9828	10.9962287040339	1.24701914679967	0.427130243955455	2.91952902995491	0.00350560741635438	0.0101481298589107	2.45523672100245	up	105246056
Ncmap	12.5498805016845	1.24662718068033	0.506154640729791	2.46293737203102	0.013780398422312	0.0342770289558526	1.86073822581662	up	230822
Ss18l1	109.706224378699	1.24660545973127	0.261339728955867	4.77005721522648	1.84173599808448e-06	9.48398206014553e-06	5.73477262321206	up	269397
Gpnmb	34.1090528396962	-1.2464961521968	0.43603603756475	-2.8586998431562	0.00425381074454127	0.0120905962833097	2.37122183611401	down	93695
Dock2	35.4126612871693	1.24644773820433	0.247778513887861	5.03049162191861	4.89223766286815e-07	2.74661677142768e-06	6.31049245327822	up	94176
Nlk	1071.36611280869	1.24489231858363	0.105816725865172	11.7646081789549	5.94014808437858e-32	4.9933939804282e-30	31.2262027281793	up	18099
Prkx	230.696351625079	1.24487138837713	0.178433323714192	6.97667544640438	3.02246832274106e-12	3.33190786444143e-11	11.5196382421068	up	19108
Cecr2	96.1644774373498	1.24410880149813	0.310308368645525	4.00926603084724	6.09077678489895e-05	0.000248190889314655	4.21532731625346	up	330409
Zfp106	1452.64191433827	1.24345283147453	0.178505801996434	6.96589588443391	3.26320416052825e-12	3.58097182374098e-11	11.4863557539727	up	20402
Cnot6	1031.46731401093	1.24292332716904	0.0903111152253987	13.7626838520037	4.2736223890664e-43	9.30453066547536e-41	42.3692038540928	up	104625
Asb18	46.8787336352928	1.24267323188084	0.236673937214663	5.25057066487947	1.51628720818507e-07	9.15744940266443e-07	6.81921852883852	up	208372
Mapk4	47.2570944118508	1.24223505419336	0.383153199999452	3.24213670718432	0.00118637098447075	0.00378877805501153	2.92577948355616	up	225724
Pdzrn4	127.026189513896	1.24218281083537	0.388804591999189	3.19487690319759	0.00139890492945571	0.00440638861749274	2.85421179945795	up	239618
Csgalnact1	280.567034080508	1.24173413276103	0.157877929965103	7.86515336903329	3.68645516766073e-15	5.71663119019297e-14	14.4333910433439	up	234356
Ccnj	182.399283200393	1.24063199274755	0.209053653002597	5.93451477612851	2.94715790308674e-09	2.22796950923627e-08	8.53059659485855	up	240665
Cdk5r1	23.503805970091	1.24011279334523	0.291831230028837	4.24941769673757	2.14326938052177e-05	9.43454527956328e-05	4.66892324047392	up	12569
Gm21885	24.2065614267354	1.24008528553172	0.331431715018694	3.74160114840482	0.000182851555005278	0.000683558388663276	3.73790134198527	up	NA
Ly6g6f	12.8689327004475	-1.2399675766177	0.399298574150009	-3.10536439870147	0.00190044737028913	0.0058156378872853	2.72114415295354	down	433099
Rlf	644.125232234211	1.23955652834154	0.121361887228993	10.2137215945123	1.72133141248695e-24	7.24890280709206e-23	23.7641355057574	up	109263
Osbpl8	2182.16396257004	1.2390748057025	0.163469150587496	7.57986935913814	3.45903085754382e-14	4.75142080949173e-13	13.4610455636864	up	237542
Rcor1	676.792697765331	1.2389466085719	0.140248858246064	8.83391582695233	1.01073718727363e-18	2.31639684645489e-17	17.9953617553434	up	217864
Epb41l4b	22.9843972526835	1.23885350943694	0.310592726188541	3.98867521670455	6.64433170558182e-05	0.000268935471079991	4.17754869435613	up	54357
Adamts9	525.930763983749	1.23780367438184	0.140624287695019	8.80220404789781	1.34154978306181e-18	3.04252311216893e-17	17.8723932066239	up	101401
Siglec1	7.68434030011602	-1.23777300600804	0.493202602160409	-2.50966438657488	0.0120845953967331	0.0305652661451757	1.91776788558796	down	20612
Mrtfb	190.564788713089	1.23772169114474	0.194138299906177	6.37546373767003	1.82410147856508e-10	1.60203055229201e-09	9.73895100462881	up	239719
Mboat1	68.1974072614193	1.23735059273575	0.197942867200972	6.25104915490318	4.07704522645252e-10	3.42723662819785e-09	9.38965447091482	up	218121
Ilk	8.97985725151265	1.23707857249357	0.47475817106229	2.6057025405704	0.00916860478752262	0.0240186335499871	2.03769674711961	up	16202
Cttnbp2	200.036169227043	1.23667624581657	0.142418640956424	8.68338749416212	3.84152885699527e-18	8.32216579845781e-17	17.4154959001079	up	30785
Gabbr2	26.41848810662	-1.23662305974408	0.311596258344809	-3.96867108197317	7.22745598467143e-05	0.000290280153787182	4.14101454450995	down	242425
Zfp318	357.214341497138	1.23638621348445	0.138087761769494	8.95362628549454	3.43991941326348e-19	8.31231137242759e-18	18.4634517314939	up	57908
Rarb	430.509071312234	1.23578680781815	0.16160432038702	7.64699115010425	2.05736479433147e-14	2.91241523421227e-13	13.6866886960939	up	218772
9330162G02Rik	15.6981507766405	1.23498794912882	0.467192899367865	2.64342191587205	0.0082072693543901	0.0217700619375952	2.08580131323135	up	NA
Gm43948	11.4907473443855	1.23452271486144	0.494866909220446	2.49465602136574	0.0126079285069925	0.0317120863509982	1.89935626250575	up	NA
Arsj	35.3230673098237	1.23436080425703	0.316245181344295	3.9031766397515	9.49383623148639e-05	0.000373171696031633	4.02255826412548	up	271970
Erich3	40.3510927741331	1.23428656273734	0.319313847355134	3.86543387629722	0.00011089189034122	0.000430900988132971	3.9551002131731	up	209601
Aff4	1059.20333586363	1.23220308981393	0.0886767810937659	13.8954422410869	6.7505271977651e-44	1.65137615898586e-41	43.1706623086298	up	93736
4930549G23Rik	27.8312515184623	1.23216402072981	0.297178183338664	4.14621291134832	3.38019531933024e-05	0.000143849907139285	4.47105820396598	up	75286
Gm48727	51.7351098590559	1.23137543390424	0.19961603051379	6.16872017109455	6.88449392663899e-10	5.64341874136988e-09	9.16212797885601	up	118567821
Rnf144b	197.308183765167	1.23137461037255	0.144609549325643	8.51516802392939	1.66348929713217e-17	3.35347120158904e-16	16.778979989031	up	218215
Fam120a	2510.99436821054	1.23123362555891	0.104458137337562	11.7868617700899	4.56226043477085e-32	3.89527585042474e-30	31.3408199268289	up	218236
Gm6494	5.75963294728192	1.23105251079522	0.509822241991714	2.41467007399655	0.0157494683279098	0.0385754780554901	1.80273410258247	up	624335
Adgrf3	18.3621084904546	-1.22955870251048	0.310582800765034	-3.95887569911084	7.53034132489098e-05	0.000301490605600453	4.12318533825386	down	381628
Rreb1	903.401747633561	1.22950258588107	0.0701856065137214	17.5178736346846	1.04664771442571e-68	1.34044788461627e-65	67.9801994705906	up	68750
Ftx	163.567898534055	1.22928062710265	0.206333690015719	5.95773102787529	2.55764005786781e-09	1.95317219712024e-08	8.59216057474438	up	78878
Slamf1	9.21402264801012	1.22892302566744	0.52231764819143	2.35282692423413	0.0186313038164267	0.0447233458314491	1.72975675216407	up	27218
Cyp11a1	8.44189492646962	-1.22827682964945	0.522122707629805	-2.35246774695024	0.0186493070254749	0.0447521125379852	1.72933730115308	down	13070
Mgat4a	144.22695041117	1.22717569469161	0.216845428501311	5.65921865714678	1.52063712087773e-08	1.04909922300567e-07	7.81797441198448	up	269181
Plp1	42.9102126446624	1.22710272051101	0.233774766847033	5.24908114362035	1.52859737519317e-07	9.22156332854133e-07	6.81570689049231	up	18823
Psmb11	12.774342784939	1.22633876676814	0.493309971651522	2.48593954560163	0.0129209913254727	0.032390998634219	1.8887041650819	up	73902
Zscan26	55.074818300595	1.22572790638963	0.219978478387853	5.57203557080934	2.51779995702984e-08	1.69503836315565e-07	7.59897877820324	up	432731
Lca5	129.599879181053	1.22539429049274	0.160291885147007	7.64476810144758	2.09322232758724e-14	2.96124993607728e-13	13.6791846414576	up	75782
Cfap61	21.2689332130652	1.22420323165618	0.338366105453984	3.61798422455367	0.000296906488801852	0.00107059424878998	3.52738031092519	up	78774
Otulinl	72.914769755253	1.22419525118852	0.160329780151991	7.63548262854225	2.24976041905738e-14	3.16419792272076e-13	13.6478637282092	up	223433
Gm44421	8.98888003743501	1.22412647329315	0.431667679888584	2.83580756754619	0.00457099784209549	0.0129095557164487	2.33998898373501	up	NA
Fam129c	27.9660060691469	1.22397788299398	0.313575642399437	3.90329387074923	9.48923693920171e-05	0.000373119199436164	4.02276870921843	up	NA
4921504A21Rik	25.0147542940636	1.22166869975869	0.302888347497513	4.03339616677964	5.49764788186979e-05	0.000226095182629522	4.25982307967227	up	70832
Mapk10	60.3783534980604	1.22035574697286	0.268313895067593	4.54823909386218	5.40966557585144e-06	2.60343145264009e-05	5.26682958203789	up	26414
Fnip2	255.19875030227	1.2202010815829	0.202305230407845	6.03148558800475	1.62459215754448e-09	1.2724450115826e-08	8.78925564758289	up	329679
Aadat	14.5120304044661	-1.22012540861235	0.504044099925939	-2.4206719388078	0.0154918510991706	0.0380129135727648	1.80989668591261	down	23923
Hbb-bs	368988.716943291	-1.22004858917456	0.368583535231673	-3.31010062185144	0.00093262438163708	0.00304287397527386	3.03029323495484	down	100503605
Zmym6	81.8569370012391	1.21998183758085	0.17939796723923	6.80042174588293	1.04313321029123e-11	1.07381069761043e-10	10.9816602277189	up	100177
Arhgap31	2505.25321026238	1.21988001877658	0.0891111253474704	13.6894244576074	1.1743574851991e-42	2.48234089007329e-40	41.9301996797353	up	12549
Prickle2	428.960461827152	1.21910269540415	0.186790717013835	6.52657002924752	6.72928618374019e-11	6.22148641145283e-10	10.1720310015865	up	243548
Aak1	1008.18815436673	1.21902855137869	0.0731236458597048	16.6707846285116	2.13769932719913e-62	1.45443717974311e-59	61.6700533794458	up	269774
Phactr2	2283.2682326143	1.21858425827799	0.118616632943612	10.2733000257838	9.29689569925811e-25	3.9923473996893e-23	24.0316620413107	up	215789
Gabpb2	294.67679984617	1.21798195662592	0.135561388827222	8.98472616106256	2.59379394749433e-19	6.35231516589951e-18	18.5860645274889	up	213054
Gm12248	16.3817896550563	1.21784531369472	0.369592735362983	3.29510078843582	0.000983863854419289	0.00319759424368066	3.00706499441949	up	NA
4930414N06Rik	148.961302366483	1.21765713372884	0.196511680191382	6.19636009698238	5.77838438742922e-10	4.778085259518e-09	9.23819357156298	up	73894
Avl9	232.188455092899	1.21732399928646	0.178774030317811	6.80928878272976	9.80824191427165e-12	1.01254169254397e-10	11.0084088310865	up	78937
H2-DMb2	14.9532629882957	-1.21687723028925	0.442755183598043	-2.74842006456101	0.00598832345505977	0.0164038472903323	2.22269474958588	down	15000
Map1b	3612.57078080584	1.21677448146148	0.137781651195824	8.83117941250483	1.0357769254408e-18	2.37128656369054e-17	17.9847337682219	up	17755
Gm16201	11.9829423714073	1.21664859805756	0.438132906291214	2.77689390727682	0.00548810895268162	0.0151826058599472	2.26057727538463	up	102635948
Ncan	45.3246429512833	1.21656952223683	0.32180749458382	3.78042631918863	0.000156560047810015	0.000592804410594721	3.805319054726	up	13004
Gxylt1	157.929249806751	1.21584666356053	0.132721378319756	9.16089539570091	5.14684670952586e-20	1.37493431361714e-18	19.2884587663133	up	223827
Adamts18	31.4138016336615	1.21582214104432	0.45967325540381	2.64497037134834	0.00816980702534696	0.0216865445691117	2.08778820158469	up	208936
Esyt2	420.965013952341	1.2143366841949	0.0946238196277172	12.8333086634267	1.06707907663157e-37	1.46116010417751e-35	36.9718033956906	up	52635
Etl4	527.806506904905	1.21431153996509	0.132586607626158	9.15862892720638	5.25608478889356e-20	1.40239556401704e-18	19.2793376375404	up	208618
Pten	402.247864696587	1.21423036868357	0.118223865967611	10.2706027987295	9.56053950543153e-25	4.09748161638298e-23	24.0195175996046	up	19211
Tbc1d4	1216.77335015344	1.21376544945254	0.10886061345457	11.1497208304734	7.18313757669558e-29	4.5728441906379e-27	28.143685815562	up	210789
Fer1l6	9.50888732420778	1.21337955683804	0.501205990965657	2.42091989862345	0.0154812881880019	0.0379998428894226	1.81019290478592	up	631797
Cog3	300.040865848466	1.21304964913697	0.159402303614766	7.6099881973387	2.74120954151727e-14	3.80865438021149e-13	13.5620577651732	up	338337
Nckap5	1171.18358139179	1.21293161581124	0.117464252134343	10.3259638040689	5.37759895514681e-25	2.38940988676442e-23	24.2694115892569	up	210356
Asb7	321.395989328961	1.21290789152438	0.131614172471996	9.21563285126041	3.09447458753392e-20	8.49595217147396e-19	19.5094130794727	up	117589
Sowahc	67.3088291530249	1.21244381159787	0.203481339573464	5.95850122738224	2.54561736731053e-09	1.94535560972569e-08	8.59420687474126	up	268301
Kat2b	573.361061894322	1.21201933500892	0.158721008813241	7.63616199311737	2.23792717925235e-14	3.14958956345715e-13	13.650154049248	up	18519
mt-Co3	286.641474255859	-1.21177738129281	0.161737396205585	-7.49225231592401	6.77016102563825e-14	9.00977664121002e-13	13.1694010016672	down	17710
Kcnmb4	29.1334296409187	1.21172359425426	0.268772161658125	4.50836718646314	6.53284437313488e-06	3.10891994954957e-05	5.18489768754627	up	58802
Ncor1	1114.51922556133	1.21124713143385	0.0690775022585315	17.5346110069325	7.79814110086714e-69	1.0611320503005e-65	68.1080089108801	up	20185
Dclre1c	51.3925291408592	1.21123275366323	0.223124157203085	5.42851463887337	5.68249857404504e-08	3.63088897481264e-07	7.24546066458398	up	227525
Kat6a	362.925261206001	1.21121934762341	0.105687257406851	11.4604104349187	2.08524266113744e-30	1.56551390407877e-28	29.6808433985987	up	244349
Sobp	424.436175625853	1.21095726370189	0.130925096479403	9.24923713073144	2.26100584820634e-20	6.27890552642198e-19	19.6456983143285	up	109205
Eps8	341.993796954177	1.21062979814876	0.143678063070699	8.42598913344934	3.57715381827741e-17	6.97865528060355e-16	16.4464623847063	up	13860
Amer1	561.332458662655	1.21026008894229	0.0910061809865695	13.2986581331316	2.35659686615419e-40	4.0720497595166e-38	39.6277147041871	up	72345
Arhgap35	1408.87127922262	1.21013257217413	0.0920723523200517	13.1432785378134	1.85990246397721e-39	2.99954047746013e-37	38.7305098302268	up	232906
Parp8	437.926333128777	1.20742231094587	0.125155869583241	9.64734866184453	5.04430255312179e-22	1.64654505527088e-20	21.2971988726916	up	52552
Ankrd44	218.15200228051	1.20671622143033	0.225347330772292	5.3549168623155	8.55957644505536e-08	5.35514650464785e-07	7.06754772505723	up	329154
Man2c1os	34.1609148209648	1.20617500445809	0.260809878647723	4.62472898155546	3.75088513767542e-06	1.84343727353203e-05	5.4258662349262	up	76794
Epm2aip1	609.921636254167	1.20565091678328	0.146553255818209	8.22670850983222	1.9242797164687e-16	3.4538679296749e-15	15.7157317979483	up	77781
Lifr	873.933136402325	1.20490716564909	0.202234650531544	5.95796596914607	2.55396681278409e-09	1.9510514192258e-08	8.59278475042358	up	16880
Mfap1a	132.357055004003	1.20464059064491	0.213080657000838	5.65344882825365	1.57259945459813e-08	1.08213133140046e-07	7.80338187928979	up	67532
Alg10b	377.706269559614	1.2033946572053	0.16122527354556	7.4640571589121	8.38981781028582e-14	1.105040008261e-12	13.0762474700231	up	380959
Gm10827	12.0149650603034	1.20225879639826	0.452110352994639	2.65921536287518	0.00783228795126911	0.0208899391492137	2.10611135422989	up	118567828
Atp2b1	1449.76695423418	1.20162929933658	0.105466906639307	11.3934250811594	4.50909699556823e-30	3.26153022549872e-28	29.3459104224475	up	67972
Frmd4b	558.922782500318	1.20091864111064	0.12676707774663	9.4734268743729	2.70810331327952e-21	8.21181411374954e-20	20.5673347714746	up	232288
Rgs11	23.4660966946906	1.20076154080239	0.303411844814661	3.95753020629724	7.5728713483737e-05	0.000302859211970596	4.12073942111887	up	50782
Enpp6	23.6201248559752	1.2004441352877	0.333649809378959	3.59791644275822	0.000320776630833188	0.0011490537687562	3.49379727838624	up	320981
Fev	21.4699408589424	-1.19952822516776	0.510034334810735	-2.3518577932854	0.018679914886251	0.0448103908002927	1.72862510693439	down	260298
4833422C13Rik	56.8316048180485	1.19945532099763	0.226782069166694	5.28902185876072	1.2297219637955e-07	7.52487537823375e-07	6.91019307005564	up	373852
Fyn	423.513926982506	1.19925089780787	0.111591256986401	10.7468177184707	6.13415516325839e-27	3.32220960732492e-25	26.2122452427496	up	14360
Wdfy2	226.47219569418	1.19918593861233	0.103146319669223	11.6260661791711	3.03776855224281e-31	2.39631510577647e-29	30.5174453181338	up	268752
Zbtb38	777.827567081339	1.19897922585175	0.123917683191677	9.67561041306073	3.82800365073605e-22	1.26854331025609e-20	21.4170276567119	up	245007
Ntsr1	78.1219756191625	-1.19859370998967	0.285136956031826	-4.20357194896859	2.62735585055245e-05	0.000114086141958971	4.58048110214157	down	18216
Fut2	29.2542288835033	1.19791893073317	0.289227745665885	4.14178428136351	3.44614390431299e-05	0.000146460017575099	4.46266659121064	up	14344
Apaf1	357.771854667803	1.19733697397909	0.124617790717904	9.60807415282689	7.39185521492566e-22	2.35975765013727e-20	21.131246548278	up	11783
Wdr60	76.1588479435006	1.19727058396536	0.173837703070967	6.88728948217057	5.68654328598765e-12	6.04528420031851e-11	11.2451516506542	up	NA
Cdc42bpa	723.553286030972	1.19715873520821	0.144020207907704	8.31243582133567	9.37573602306172e-17	1.74767572512072e-15	16.0279946288581	up	226751
Gm13056	12.5949718058806	-1.19684728262036	0.398843651493359	-3.00079311313869	0.00269277450623466	0.00796996826396697	2.56980001301933	down	100503810
Cobll1	573.376431373103	1.19569231671087	0.174842668697539	6.83867573984076	7.99285704455111e-12	8.3343143474122e-11	11.0972979544914	up	319876
Kif1b	2731.6340549382	1.19539537428981	0.128944102618998	9.2706479009897	1.8501858904704e-20	5.21115746537148e-19	19.7327846352998	up	16561
Otud4	731.348322716427	1.19524285006264	0.114657386951588	10.4244731354928	1.91718917190379e-25	8.91902620741224e-24	24.7173350325259	up	73945
Gkap1	180.542836405629	1.19313159920309	0.118287022293113	10.0867498063019	6.32284467010187e-24	2.51665400653488e-22	23.1990874871329	up	56278
Slc1a3	223.2083820571	1.1931271985231	0.252713706485324	4.72126033493317	2.34387703169539e-06	1.18869999380554e-05	5.63006517672264	up	20512
Fam91a1	326.046237234379	1.19302531440966	0.139762307805284	8.53610199447892	1.38825825599912e-17	2.8433827610172e-16	16.8575297350899	up	210998
Gm6444	7.8358258505062	-1.19299471806539	0.479190313859474	-2.48960524359689	0.0127885049446293	0.032114340213895	1.89318022426641	down	623672
Relt	176.60013269688	-1.19290712497393	0.169489597728859	-7.03823208597308	1.94694211791678e-12	2.18950536112005e-11	11.7106469597501	down	320100
Add2	189.106713371417	-1.19276897972901	0.327916390980548	-3.63741798987952	0.00027538483365599	0.000999279766393034	3.56005998143888	down	11519
Cpd	837.693671019074	1.19253983128863	0.119867609130071	9.94880802197848	2.55221763737085e-23	9.58968495626076e-22	22.5930822944183	up	12874
Gm17484	25.7249986084501	1.19236305621538	0.339822961181445	3.50877719407175	0.000450171855887716	0.001569940997339	3.34662165996796	up	100503003
E130308A19Rik	584.594747304475	1.19087122947783	0.104305410910455	11.4171567810627	3.43281297176343e-30	2.52497310882545e-28	29.4643498573793	up	230259
Ube2o	1368.8243236587	-1.19064239268289	0.268828065977751	-4.42901074466469	9.46663072191288e-06	4.39742871938313e-05	5.02380456368367	down	217342
Ptch1	463.372387648617	1.19022514822213	0.175537977032361	6.78044243384841	1.19808409241912e-11	1.22463318592249e-10	10.9215126981471	up	19206
Rdh12	14.4011238535665	-1.18932179272309	0.431462210470395	-2.75649121490025	0.00584251821361654	0.0160468407401109	2.23339992505284	down	77974
Nr2c2	549.565712267336	1.18919086653695	0.116556116856418	10.2027323714111	1.92771492507318e-24	8.07119410551795e-23	23.7149571901539	up	22026
Baz2b	1277.96321647808	1.18873774645736	0.0979164581372537	12.1403262441443	6.45680793078658e-34	6.16568518724059e-32	33.1899821322623	up	407823
Fam117b	161.982073520434	1.1882762606865	0.248065690936714	4.79016770194816	1.66641979624104e-06	8.62402942803897e-06	5.77821558382653	up	72750
Hmga2	310.372788352012	1.18774724216712	0.338861892457384	3.50510715015408	0.000456423548197808	0.00158919774370105	3.34063195717988	up	15364
Npas2	194.146132657219	1.18770204280484	0.286037076601969	4.15226605206001	3.29199222952606e-05	0.00014042565599773	4.48254119857457	up	18143
Cers6	921.751208871636	1.18710769051593	0.13827560044386	8.58508432945042	9.0769820413163e-18	1.88572569659865e-16	17.0420585237994	up	241447
Wdfy3	1018.70341330773	1.18682348614595	0.0974636421699306	12.1770894225017	4.11713815135591e-34	4.03776269510454e-32	33.3854045599238	up	72145
Snca	2104.07585236662	-1.18643673161206	0.389962301266775	-3.04243955828031	0.0023466893966576	0.00704039155905046	2.6295443889887	down	20617
Dbt	392.723706337516	1.1863677781396	0.179751953847432	6.60002716380238	4.11082453629927e-11	3.91175139004842e-10	10.3860710599609	up	13171
Clmp	78.1900560258114	1.18607884671022	0.244958151024915	4.84196521629357	1.28561272501779e-06	6.77404652688463e-06	5.89088983756887	up	71566
Trip11	558.708602424703	1.18591170330687	0.137387705739565	8.63186190440441	6.03612343955032e-18	1.2771475172584e-16	17.2192418874241	up	109181
Myo6	462.80901890678	1.18572442092825	0.0709166420881228	16.7199741275798	9.37599209118688e-63	6.80446999364403e-60	62.0279827676608	up	17920
Pawr	116.052629489374	1.18520670686404	0.229761837616875	5.15841411766719	2.49050297668887e-07	1.45761373141048e-06	6.6037129348556	up	114774
Eif2ak3	154.291460316666	1.18518965326494	0.169292664778675	7.00083287609888	2.54445317902768e-12	2.82497881763339e-11	11.5944055362534	up	13666
Itga6	1242.01245453223	1.18497603351312	0.0873647084335977	13.5635550642715	6.58648242952891e-42	1.29189995906039e-39	41.1813464623868	up	16403
Gm8439	14.0383411302844	1.18488479304325	0.378964908049712	3.1266345982827	0.00176819543911771	0.00545794722876752	2.75246973398392	up	667063
Junos	26.0500033908867	1.18472382156421	0.344369400607265	3.44027030123773	0.000581133485540851	0.00198283000269478	3.23572409932181	up	230451
Ntn4	155.886989430607	1.1840857564123	0.198760446848569	5.95735104839257	2.56359183028671e-09	1.95634494668777e-08	8.59115112110539	up	57764
Nlrp10	330.958511081507	1.18408005177163	0.2942837541966	4.02359979063129	5.73152820878091e-05	0.000234914970183694	4.24172956578967	up	244202
Trio	1205.75356045084	1.18355834753211	0.0964247924558727	12.2744194453283	1.24280057826209e-34	1.27633274480765e-32	33.9055985533443	up	223435
Gm15418	10.0890626219117	1.18317073554479	0.419366945916862	2.82132568402123	0.00478256214385581	0.0134442792764401	2.32033937811022	up	115486914
Elf1	334.186626104566	1.1829784577174	0.13360467116477	8.85431959379979	8.41958233635615e-19	1.95636229057787e-17	18.0747094516731	up	13709
Rc3h1	748.440399573453	1.18209172483471	0.122993790630883	9.61098701626561	7.18568325963913e-22	2.30407505049872e-20	21.1435319301348	up	381305
Tmem117	53.8815152324701	1.18193711170544	0.272682125690898	4.33448693679776	1.46100463288178e-05	6.59937611350666e-05	4.83534840690499	up	320709
Tshz2	490.194850905428	1.18161121487759	0.188159105407713	6.27985136471185	3.38896865152393e-10	2.88559348771916e-09	9.46993244843413	up	228911
Setd7	536.015680034519	1.18143634397484	0.136850810538392	8.6330240889834	5.97508462872283e-18	1.26546247603651e-16	17.2236559391619	up	73251
Zfhx3	778.015448129611	1.18067570127257	0.154374156190951	7.64814351316778	2.03901580022408e-14	2.89073618068021e-13	13.6905794088842	up	11906
Nfkbiz	95.1186127655659	1.18055274385808	0.151960385178101	7.76881910686427	7.9221208447099e-15	1.1749347072958e-13	14.101158537116	up	80859
Tmem125	17.941376966675	1.18054860110117	0.501428276966636	2.35437181214197	0.0185540419325177	0.044572283013878	1.73156146622294	up	230678
Kcnq3	39.4140988432839	1.17999646841113	0.452859557728341	2.60565654025343	0.00916983609180703	0.024018969127866	2.03763842715004	up	110862
Rpl39	2485.3937843076	-1.17988517860389	0.0944492843447513	-12.4922617126157	8.22808148639516e-36	9.37915131527724e-34	35.0847014159422	down	67248
Gm29216	8.31110120710755	-1.17973531288605	0.510891528792683	-2.30916984604138	0.0209341581395507	0.0495950479884981	1.67914449943476	down	NA
4933407K13Rik	80.3117906316706	1.1796675478033	0.172075615711058	6.85551838898632	7.10543806622507e-12	7.46259515570922e-11	11.1484091416803	up	74396
1700001K23Rik	24.1218231199141	1.17893211991266	0.295590374133814	3.98839821278808	6.65209337904597e-05	0.000269199585592173	4.17704166298232	up	69319
Agl	2250.45736784176	1.17850632612895	0.236368686247589	4.98588178001928	6.16798523888172e-07	3.40922504749766e-06	6.20985667430209	up	77559
Bean1	30.620603009657	1.17818075094261	0.264459000894684	4.45506013014017	8.38696850386635e-06	3.92690490895007e-05	5.07639498791407	up	65115
Dicer1	542.412215013944	1.17798708425593	0.136415466920133	8.63528975747012	5.85783643313602e-18	1.24183850849306e-16	17.2322627591785	up	192119
Gm49785	8.81785175042677	-1.17733444286557	0.498493757387217	-2.36178372430659	0.0181872490107845	0.0437926106461845	1.74023298701619	down	NA
Inpp5f	389.358546378945	1.17714820868464	0.13697806975267	8.59369832565258	8.42139441415402e-18	1.75960267931825e-16	17.0746159920831	up	101490
Zbtb11	146.884002253107	1.17684665616674	0.17831228258723	6.59991919284097	4.11381948993186e-11	3.91289112864992e-10	10.3857547686079	up	271377
Prkcb	73.20229795135	1.17642358037145	0.204600320751609	5.74986185774196	8.93163962487225e-09	6.34038662904201e-08	8.04906880822563	up	18751
Arid1b	1380.44158614025	1.17621511017372	0.0787601194763339	14.9341458341383	1.97589724413656e-50	6.72175543739705e-48	49.7042356444978	up	239985
Tmem220	23.7075287499384	1.1756803367879	0.311078676753109	3.77936652251159	0.000157227847609067	0.000594815759886118	3.80347053086747	up	338369
Zfp608	883.318237132652	1.17499156464861	0.108922055543277	10.7874530900839	3.94573108062612e-27	2.16935497695434e-25	26.4038725172034	up	269023
Golim4	853.113314541456	1.17377771869353	0.0966743599153276	12.1415618341987	6.36003196522753e-34	6.10002713422616e-32	33.1965407016021	up	73124
Traf1	20.8304016852077	-1.17340698408653	0.301276668510944	-3.89478212795593	9.82870336208543e-05	0.000385499062510041	4.00750377207979	down	22029
Sipa1l3	144.093767471263	1.17290363864605	0.236728092757059	4.95464490498697	7.24624985984578e-07	3.95897997361512e-06	6.13988669502113	up	74206
Gm48693	27.5962162408608	1.17128959750611	0.245619609611755	4.76871370065909	1.85405928859781e-06	9.53841654805095e-06	5.73187638222002	up	NA
Npr3	479.976449333556	1.17019477270246	0.148555046054409	7.87717956261056	3.34853534872258e-15	5.21664370199251e-14	14.4751451120857	up	18162
Il1rl1	17.5901064204317	1.16922710805718	0.415340113357219	2.81510759605241	0.00487609053646596	0.0136718922292256	2.31192823924674	up	17082
Col4a3bp	418.516269381869	1.16902032111759	0.128882696006978	9.07042106765284	1.18557959199125e-19	3.0511157064815e-18	18.9260692850411	up	NA
Lox	439.176853389591	1.16894143506803	0.159329127730529	7.33664617209883	2.19012598364903e-13	2.73885255117787e-12	12.6595309023152	up	16948
Nhsl2	615.377308540415	1.16892143454511	0.171373027713908	6.82091837985451	9.04603294051699e-12	9.36075233749695e-11	11.0435418351332	up	100042480
Nox1	28.6332505986573	1.16883077729776	0.375995326043156	3.10863113538706	0.00187956215005448	0.00575958158071584	2.72594330922686	up	237038
Ibtk	474.968931326079	1.16820011614055	0.138011615108116	8.4645057970331	2.57241127282014e-17	5.0868790401308e-16	16.5896595959199	up	108837
Senp2	380.573591515462	1.16818124874028	0.178281773526767	6.55244350351322	5.66031363269003e-11	5.27552861348148e-10	10.2471595042935	up	75826
Ncoa1	768.337702500934	1.16803834382599	0.140488400147563	8.31412659407567	9.2430445358119e-17	1.72737824578281e-15	16.0341849543949	up	17977
Slk	546.946493798762	1.16652684750418	0.219252141142552	5.32048098333387	1.03493267232979e-07	6.41222371712126e-07	6.98508790236817	up	20874
Ppp1r9a	643.432899360598	1.16641651443206	0.0821621023213736	14.1965271271866	9.62662459025763e-46	2.61988588223861e-43	45.0165259640484	up	243725
Epb41l5	392.339500436614	1.1662686416887	0.182804471222957	6.37986934283606	1.77239133074234e-10	1.55913147688574e-09	9.75144038289002	up	226352
Fam13b	319.865364403832	1.16620719335208	0.155274492672319	7.51061667168454	5.88494796639787e-14	7.88959896086296e-13	13.2302573727536	up	225358
Uvssa	121.015621222537	1.16602145014643	0.121016257431761	9.63524632881605	5.67557109504504e-22	1.83608519883092e-20	21.2459904317652	up	71101
Lvrn	20.9741396030941	1.16580483016309	0.329569964583233	3.53735156550854	0.000404161291869233	0.00141971598040932	3.39344528293498	up	74574
Atp13a3	499.548807957496	1.16558433408829	0.0985059951608277	11.8326233056706	2.64736558929987e-32	2.2963523350692e-30	31.5771860804394	up	224088
Ubtd2	449.912109626186	1.16430429181496	0.115899997341283	10.0457663375652	9.5899349221522e-24	3.76880980370212e-22	23.0181843399666	up	327900
Daam1	2032.78395875613	1.16423205341051	0.139939643970476	8.31952990859502	8.83128701325272e-17	1.65326552753687e-15	16.05397600061	up	208846
Arhgap11a	515.960063522842	1.16321294887246	0.19342409616741	6.01379544700413	1.81229168642378e-09	1.40667431717713e-08	8.7417719017975	up	228482
Phlda2	14.6775269442794	-1.16273524331724	0.412764737465922	-2.81694422458564	0.00484829444242982	0.0136062215262416	2.31441101284354	down	22113
Plcb4	801.579436492101	1.16211040205224	0.17343047391024	6.70072782395614	2.07383996485576e-11	2.05299684077509e-10	10.6832247605129	up	18798
Bmp3	31.3960226768752	1.16206641234438	0.462962512784683	2.51006589141449	0.0120708635630745	0.0305411785584263	1.91826165887843	up	110075
Ube2l6	3119.59959622684	-1.16142368255324	0.202703860571138	-5.72965743859451	1.00633650906915e-08	7.11131401345459e-08	7.99725677117417	down	56791
Sbno1	1549.71749723479	1.16114091893234	0.0801976469676193	14.4784911133511	1.65694673666565e-47	4.87500599333575e-45	46.7806914519572	up	243272
Klf5	219.618881744929	1.1611192908738	0.328851598868683	3.53083060829957	0.000414256951124628	0.00145306949248999	3.38273019549827	up	12224
Krt20	11.2486367469869	-1.16103429594171	0.503232532844185	-2.30715269813687	0.0210463090093133	0.0498282122391007	1.67682405742644	down	66809
Ing2	95.2582206021732	1.16080746167079	0.245741864000374	4.72368624040803	2.31607657916313e-06	1.17719631106643e-05	5.63524708511811	up	69260
Glipr1	21.9635807215444	-1.16043873509	0.387058206097613	-2.99809877896594	0.00271669605003456	0.00803640032627071	2.56595894869176	down	73690
Itsn2	284.593986039084	1.16000430530534	0.175366599968606	6.61473909805517	3.722076101658e-11	3.56206773122189e-10	10.429214751519	up	20403
Gm42547	30.9420889092441	1.15997469386193	0.394495934302475	2.94039708143744	0.00327791876297509	0.00953082896734692	2.48440181380055	up	NA
Desi2	681.033459992517	1.15996526042855	0.127983230739085	9.06341599387602	1.26427779647641e-19	3.23073429400051e-18	18.8981574891697	up	78825
Gm38832	6.95360128910038	-1.15894147796443	0.484979961081032	-2.38966879246129	0.0168635728625984	0.040954122516954	1.77305040657226	down	105242682
Mdfic	303.673209474946	1.1585892895589	0.187839462412747	6.16797596563118	6.91696544555841e-10	5.66577019114739e-09	9.16008439388049	up	16543
Dpp8	189.741792218056	1.158279514937	0.226408383054294	5.1158861668971	3.12271354910816e-07	1.80338778225949e-06	6.50546785238439	up	74388
Setx	409.901458691995	1.1581163221178	0.148394060309857	7.80433071040424	5.98181427638995e-15	8.99420306806367e-14	14.2231670750879	up	269254
Nfatc3	311.721236347857	1.1580657907046	0.0924722970091178	12.5233808195595	5.56147582784681e-36	6.44066232573834e-34	35.2548099460366	up	18021
D130017N08Rik	28.2042862927433	1.15802521911458	0.329528925811687	3.51418381940875	0.000441107451224711	0.00154104483762266	3.35545560602018	up	320064
St8sia1	19.1031813278937	1.1576882589409	0.429572121066316	2.69497996300878	0.00703928639520806	0.0189747856130333	2.15247136505272	up	20449
Zfp551	26.186288590362	1.15747896422164	0.452936233628445	2.5555009254816	0.0106035079122175	0.027259366426355	1.97455043521727	up	619331
Klhl2	275.31340418853	1.15652074195846	0.16245981079342	7.11881133130871	1.08861803325247e-12	1.26272732125587e-11	11.9631244757537	up	77113
Pde7b	511.906619425086	1.15649572390826	0.208607588079156	5.54388138301772	2.95839283566045e-08	1.96852471937651e-07	7.52894415791452	up	29863
Dock4	893.642059976437	1.15617781428905	0.127619347243922	9.05958100599915	1.30952604033333e-19	3.33622301492338e-18	18.8828858610718	up	238130
Ppp1r16b	279.294809268252	1.15582341036484	0.13043522961016	8.86128244508267	7.9099184351782e-19	1.84384094401178e-17	18.1018279948	up	228852
Nr2f1	83.1987833102475	1.15556433044594	0.235636019506355	4.90402245321741	9.38937497367306e-07	5.05003636182831e-06	6.02736331662839	up	13865
Gm26631	30.8696386924756	1.15529936240871	0.450333778118682	2.56542906293883	0.0103048289939552	0.02656052289054	1.98695921083264	up	102634742
Klf6	1068.05005843532	1.15519245082377	0.178681402289221	6.46509617690333	1.01234401069788e-10	9.17982249100966e-10	9.99467188219944	up	23849
Ptpre	127.110951485657	1.15464915269428	0.192387025177526	6.00169970728966	1.95262581761994e-09	1.50860785313064e-08	8.7093809727451	up	19267
Gm15657	22.3725408331752	1.15444651518589	0.312661828517764	3.69231677771084	0.00022222042897452	0.000818782057815748	3.6532160183786	up	NA
Arhgef3	703.338660140999	1.15361322743829	0.179368439817053	6.43152847075506	1.26327113578553e-10	1.12968939307916e-09	9.89850342684929	up	71704
AU020206	676.535391709059	1.15358326744679	0.15152099692789	7.61335584398107	2.67069171373132e-14	3.71541852979926e-13	13.5733762410511	up	108167440
Ccdc42	55.8005404527497	-1.15323147430727	0.200980631213891	-5.7380229494849	9.57881386518715e-09	6.77990687493026e-08	8.01868826583762	down	276920
Pik3cg	62.1990035348271	1.15316841933324	0.311192509496374	3.70564324057638	0.000210854923138418	0.000779808626901584	3.676016254422	up	30955
Cdc14b	388.572145024677	1.15241229972681	0.109638208054762	10.5110464697782	7.68361658189335e-26	3.75084529643458e-24	25.114434314883	up	218294
Elfn1	9.83794554672271	1.15221455312182	0.477696328344022	2.41202304634845	0.015864278707377	0.0388130212402531	1.7995796689482	up	243312
Boll	12.6633040586564	1.15157722481572	0.364026998258271	3.1634390589862	0.00155916991038135	0.00486405606660307	2.80710655503553	up	75388
Rps10	11.0327078496391	-1.15107743335018	0.388805404474466	-2.9605489535467	0.00307091313552267	0.00898171961131107	2.51273246792577	down	67097
Birc6	1293.72966446942	1.15077423216299	0.0969687645285301	11.8674733844258	1.7466321604489e-32	1.52721587940938e-30	31.7577985475115	up	12211
Il1r1	218.110414668195	1.15057170739167	0.204805827157176	5.61786607032755	1.93330259847087e-08	1.3161933762948e-07	7.7137001653398	up	16177
Slc16a9	21.240954259272	1.15025064383239	0.267919701903297	4.29326636175327	1.76063573365984e-05	7.86308947553685e-05	4.75433048799956	up	66859
Tug1	1023.47515663229	1.15020163001556	0.226006596308548	5.08923920275889	3.5950290184512e-07	2.05867890030825e-06	6.44429759971716	up	544752
Rnf180	49.6594988308993	1.1488107804617	0.318935412587702	3.60201700758394	0.000315757700545656	0.00113293946214239	3.50064604928029	up	71816
Slfn5os	17.4410198619639	1.14873928177829	0.407309218802528	2.8203125015327	0.00479769019031597	0.0134763657364933	2.31896779992391	up	76392
Gm20521	24.0628842205243	1.14853422436953	0.438975937814379	2.61639448870018	0.00888638238809284	0.0233664634484973	2.05127500265653	up	NA
Ranbp3l	9.43351711148551	1.14777964709102	0.488786005141016	2.34822526631032	0.0188631091901507	0.045205020725147	1.72438672131053	up	223332
Prkca	1397.23302091714	1.14715133318687	0.125469513742569	9.14286904419289	6.08170158738895e-20	1.61871402152362e-18	19.2159748933221	up	18750
Pcdh19	89.15084312034	1.14707120234987	0.265355566250239	4.32277045685994	1.54082021557533e-05	6.94405666187252e-05	4.81224803223458	up	279653
Fam163a	11.0622179950332	-1.14672730816611	0.450195047754913	-2.54717885921835	0.0108597756565709	0.0278032732355199	1.96417914639723	down	329274
Actg2	451.616651026638	-1.1465959562397	0.491190703448167	-2.33431933501709	0.0195790070499082	0.0467047377550784	1.70820933723566	down	11468
Gm48287	8.60158665669148	-1.14588146920108	0.465413166159801	-2.46207359936963	0.0138136317022631	0.034351843451933	1.85969212729375	down	NA
E130307A14Rik	227.915657158199	1.14574299416193	0.142531579219904	8.03852030850108	9.09297914125734e-16	1.5123937499118e-14	15.0412938051568	up	327744
Elovl6	252.747366037095	1.14548745543839	0.165020762389739	6.94147475051064	3.88027592546479e-12	4.21440184140732e-11	11.4111373907341	up	170439
N4bp2	453.835816623523	1.145177370072	0.100292683627501	11.4183540478918	3.38585555672508e-30	2.49887617562774e-28	29.4703315731779	up	333789
Gm42984	37.2496352749217	1.14471226306852	0.248105459575677	4.61381327531553	3.95347630322105e-06	1.93802111060532e-05	5.40302085998047	up	NA
Hsd17b14	12.8434681438741	-1.14395488306173	0.420988945157609	-2.71730385374717	0.0065816153683387	0.0178671982293604	2.18166750160546	down	66065
Caap1	127.528993572688	1.14389299950926	0.124755846009364	9.16905328367064	4.77191322802504e-20	1.27634023096512e-18	19.3213074620957	up	67770
Fryl	892.677448747792	1.14369889243868	0.0902746135231283	12.6691087095672	8.77052436353208e-37	1.11018521187686e-34	36.056974440684	up	72313
Bmper	233.370920238836	1.14295261024554	0.263399788188836	4.33923131869087	1.42981959495662e-05	6.46647132853395e-05	4.84471875544222	up	73230
Vldlr	1741.75449587233	1.14166945919273	0.180550213964083	6.32327945853251	2.56069581463187e-10	2.21060544314691e-09	9.5916420083621	up	22359
Pde10a	107.876253698085	1.14161992470593	0.23260764585762	4.90792089183828	9.20469656151844e-07	4.96542749101535e-06	6.03599052370861	up	23984
Rgs7	12.5470809705471	1.14119854182932	0.446827430550237	2.55400287404919	0.0106492377516753	0.0273575462335663	1.97268147692839	up	24012
Firre	331.264669391101	1.14030996616902	0.147363930259378	7.73805343113429	1.00950425411161e-14	1.47906639438209e-13	13.9958918465734	up	103012
Mitf	1185.64346339084	1.14029371986434	0.166273554043134	6.85793797111314	6.98615788729015e-12	7.35505945464609e-11	11.1557616035246	up	17342
Arhgef12	1249.04681101203	1.14025338606459	0.101412670231232	11.2436974932687	2.487411178957e-29	1.66122442295251e-27	28.6042524181913	up	69632
Hykk	67.9752783408904	1.1400440266512	0.175238517387322	6.50567034946664	7.7347676523202e-11	7.09058363479223e-10	10.1115527277087	up	235386
C1galt1	296.438716850566	1.13949081063681	0.152892320969335	7.45289759101345	9.13121630592438e-14	1.19689850338703e-12	13.03947136926	up	94192
Gm47469	41.4485543701592	1.13936564460343	0.210961832559618	5.40081412253301	6.63391367727172e-08	4.20843731298251e-07	7.17823018396644	up	NA
Gm15286	33.8934134286719	-1.13890618770873	0.424858232056895	-2.68067346181541	0.00734741734457156	0.0197296460811559	2.13386529086248	down	105245631
Tmem263	903.600967968258	1.13880018466009	0.13606565994475	8.3694900324042	5.78681228977764e-17	1.09747802415539e-15	16.2375606048727	up	103266
H2ac6	9.23752150159647	-1.13853973050375	0.435775751565793	-2.61267343676845	0.00898370971264709	0.0235768235129885	2.04654428971992	down	319164
C730034F03Rik	9.46774287775465	1.13752253420064	0.46969953675944	2.42180893353368	0.0154434680204441	0.0379241129868157	1.81125516688772	up	105246016
Frem1	371.963591908696	1.13713707185658	0.238152474899429	4.77482785907136	1.79861037843183e-06	9.27506990981e-06	5.74506290492752	up	329872
Crybg3	414.537823222769	1.13695856956516	0.1321476200637	8.60370068728518	7.71861084375331e-18	1.61586149317497e-16	17.1124608547392	up	224273
Dyrk1a	1201.63492352433	1.1369454030251	0.0736565498758361	15.4357678297675	9.40741424198581e-54	3.93881197839452e-51	53.0265297320197	up	13548
Lemd3	225.260026014568	1.13683609369516	0.211568062229149	5.37338236082086	7.72732262600992e-08	4.86662621387006e-07	7.11197095500348	up	380664
Slc25a24	469.92949515671	1.13667084688874	0.096296493491859	11.8038653918882	3.72785414517076e-32	3.19538741923849e-30	31.4285410880527	up	229731
Clec11a	51.3466874420424	-1.13641917999707	0.269835887564397	-4.21151978802619	2.53658329097234e-05	0.0001104529828221	4.59575087266619	down	20256
B230354K17Rik	83.4994144446273	1.13631345968913	0.246440368989964	4.61090633951859	4.00917152636074e-06	1.96284422019173e-05	5.3969453627172	up	105246278
Arid4a	375.155663592119	1.1360964115636	0.135001076724939	8.41546185500702	3.91349932645219e-17	7.57375176315708e-16	16.40743473659	up	238247
Wnk1	2761.41268829824	1.13605702345147	0.108246887622775	10.4950548546991	9.10248294305059e-26	4.36518190828408e-24	25.0408401262085	up	232341
Atp8a1	201.141038185089	1.13604114741831	0.122817977923172	9.24979523868202	2.24923137496519e-20	6.25418460992876e-19	19.6479658670623	up	11980
B430212C06Rik	73.3799293384616	1.13590085217403	0.226125030679795	5.02333089246772	5.07829401769168e-07	2.84163329052274e-06	6.29428215841216	up	338360
Lgr4	1200.41283484916	1.13573111947344	0.11321747683317	10.0314116799033	1.10919264123076e-23	4.31238253301357e-22	22.9549930203451	up	107515
Rap2a	314.20517969639	1.13564294854128	0.186221837361321	6.09833392599291	1.07179669936237e-09	8.60048790493129e-09	8.96988758471629	up	76108
Gm6483	28.0180644105213	1.13512107463547	0.331620955608211	3.42294736034879	0.000619460721299896	0.00209912822165624	3.20798622611362	up	624198
Wdr72	121.308903362482	1.13506798472508	0.225746679171336	5.02806060710017	4.95465293264381e-07	2.7773610620371e-06	6.30498676190862	up	546144
Fbxo32	439.632432314624	1.13503220646985	0.0842244557507951	13.4762783131328	2.15716618731375e-41	4.0141728401876e-39	40.6661163957166	up	67731
Ptprb	519.703048931099	1.13387435279239	0.136518629844178	8.30563824209632	9.92843006516484e-17	1.8443837830953e-15	16.0031194189708	up	19263
Gramd1b	198.023941112542	1.1330858647473	0.118065562602354	9.59709029264985	8.22330708587544e-22	2.61369112224351e-20	21.084953491425	up	235283
Pld1	459.21165283506	1.13300664027752	0.117722560228243	9.62437988165411	6.30862878490171e-22	2.03483653192415e-20	21.2000650267883	up	18805
Slain2	887.077091894924	1.13300414050235	0.173598873266458	6.52656390668676	6.72956113309361e-11	6.22148641145283e-10	10.1720132572754	up	75991
Lrrc38	12.6308127995181	1.13294260826233	0.349813268939921	3.23870678689695	0.00120072944072914	0.00383149368072033	2.9205548407534	up	242735
Lgals4	36.5033845722798	1.13238547356293	0.303940664620486	3.72567940185586	0.000194789853958473	0.000724579651526376	3.71043366801492	up	16855
Sh3rf1	408.771334386039	1.1321198912313	0.172557484502451	6.56082750913782	5.35099903847238e-11	5.01515071311324e-10	10.2715651270646	up	59009
Gm26594	9.82812312391567	1.13150220521041	0.419763834167269	2.69556858669135	0.00702686097861691	0.018948330099882	2.15323863858129	up	NA
Atrnl1	915.729338353912	1.13143117979232	0.108257727177176	10.4512740964958	1.44569841614418e-25	6.82771061090913e-24	24.8399222947765	up	226255
Gpx1	15101.0566656643	-1.13136455112088	0.205737939040408	-5.49905650070052	3.81828783287362e-08	2.49794960028018e-07	7.41813133641458	down	14775
Efna5	3137.76060981779	1.1313574796082	0.154451977631708	7.32497891549135	2.38936277768699e-13	2.97264036547436e-12	12.6217179061788	up	13640
Kmt2c	798.407692256987	1.13095425126199	0.0949206511006136	11.914733392033	9.91829300526457e-33	8.77809249230164e-31	32.0035630659693	up	231051
Myo15b	17.8105021044638	-1.1307860172845	0.366546269294718	-3.08497483676556	0.00203569375186384	0.00619529275448414	2.69128755633502	down	217328
Clec9a	18.7223731121729	1.13062353051902	0.407477177912544	2.77469166815934	0.00552540648267886	0.0152741429584668	2.25763576711057	up	232414
9430091E24Rik	307.085152129301	1.12979308666161	0.137180030429768	8.23584222223967	1.78298790811412e-16	3.21884019365345e-15	15.7488516021175	up	434350
Gm33962	41.4513553899163	-1.12849576055555	0.308246986445623	-3.6610114946075	0.000251221486400261	0.000918139215676327	3.59994321913066	down	NA
Dpf3	543.629506753774	1.12772645522473	0.100509048098864	11.2201485991137	3.24724343067709e-29	2.14239345371823e-27	28.4884851531242	up	70127
Efcab14	840.563154366724	1.12748094265458	0.12955622753569	8.70263795188061	3.24257104123991e-18	7.08096857671768e-17	17.4891105002152	up	230648
Trim44	626.609142990827	1.12732662451489	0.0830692788356613	13.5709210470591	5.95687616782329e-42	1.17902825387135e-39	41.2249814279673	up	80985
2310014F06Rik	171.924393851429	1.12725066466972	0.14533583108957	7.75617861210702	8.75267303655267e-15	1.29020445058785e-13	14.0578592946644	up	69625
Sema3e	43.5673330267777	1.12598049853882	0.361111774763225	3.11809411165589	0.00182024669493286	0.00559909734982738	2.73986974883493	up	20349
Dixdc1	373.456850842073	1.12527448938659	0.128298301384304	8.77076685540796	1.77453539886899e-18	3.97072812992556e-17	17.7509153328167	up	330938
Rpl41	15175.6250597995	-1.12503755627407	0.0466180664694354	-24.1330806161103	1.12413886809311e-128	1.22373757180616e-124	127.949180035812	down	67945
Cep152	168.233614787249	1.12463425831204	0.144283473897033	7.79461589006809	6.46046972354734e-15	9.67382027655245e-14	14.1897359044618	up	99100
Gm29282	12.3903700083057	1.12409365971114	0.374538100293736	3.00127986666659	0.00268847346727673	0.0079604847449407	2.57049424524681	up	NA
Vcpip1	354.849910409785	1.12303337283372	0.192718424481389	5.82732749012367	5.63220208205315e-09	4.09566812726992e-08	8.24932177120506	up	70675
Gm20522	16.6550790098024	-1.12284605764424	0.416970184718883	-2.69286893594384	0.00708401106329446	0.0190882535730256	2.14972076923182	down	105245272
Abcc9	1411.49953221947	1.12281228702813	0.170485302117343	6.58597704953658	4.5190363081582e-11	4.26662872945448e-10	10.3449541693195	up	20928
Cdh6	131.373465394989	1.12260901446973	0.238475841468594	4.70743286848855	2.50855852842221e-06	1.26338968958613e-05	5.60057576177824	up	12563
Ttc19	219.026584984547	1.1225553510939	0.164500873896017	6.8240084353806	8.85346799618438e-12	9.18768852301841e-11	11.0528865782758	up	72795
Hpgds	40.500876743866	1.12220883291627	0.281864130544604	3.98138220265203	6.8515674675755e-05	0.000276511405224242	4.16421006140623	up	54486
F930017D23Rik	66.3099226680411	-1.12200889447269	0.441841439174755	-2.53939263046108	0.0111045124153367	0.0283465170954051	1.95450050600138	down	414125
Slc38a6	122.2375638369	1.1216467508134	0.22824556036704	4.91421059410613	8.91408928952733e-07	4.82060486864354e-06	6.04992302004177	up	625098
Gm15608	23.0671899750175	1.12161012664872	0.334491049920554	3.35318426880216	0.000798875011115254	0.00264172338122741	3.09752116340077	up	105245241
Atp6v0a4	25.4705032004465	1.12141926618348	0.438516307424791	2.5573034507407	0.0105487151995033	0.0271313204162536	1.97680043285395	up	140494
Frmd4a	909.488599835792	1.12139989386494	0.0892877695447497	12.5593897079366	3.53045359896521e-36	4.20027517796014e-34	35.4521694920989	up	209630
Malat1	16278.2269262321	1.12132839778077	0.186583356000522	6.00979863272283	1.85753901649899e-09	1.43922916253437e-08	8.73106205537506	up	72289
Adap1	34.2061016738939	-1.12131382112321	0.285219013444547	-3.93141329387992	8.44479531892336e-05	0.000334838979573119	4.07341087219592	down	231821
Ror1	1690.88807959224	1.12102736416811	0.111315683202862	10.0707046115428	7.44428360183883e-24	2.95222117630665e-22	23.1281770900862	up	26563
Slc24a4	84.1213030937988	1.12102270604055	0.342571341815569	3.2723773684609	0.00106647125989483	0.00343835514148234	2.97205084376567	up	238384
Eml4	753.16558093399	1.12098661313358	0.12179388374363	9.20396475321541	3.44980475687677e-20	9.38864364584013e-19	19.4622054833066	up	78798
Foxp1	2383.59597833783	1.12089010254341	0.0654902633817145	17.1153702041207	1.13988697900294e-65	1.03406747111884e-62	64.9431382072852	up	108655
Csnk1g1	627.20551665733	1.1203808493637	0.104174625642841	10.7548344181709	5.62349250330671e-27	3.05323388483775e-25	26.2499938794815	up	214897
Zfp85os	15.4065405743435	1.12018380949853	0.358200801614875	3.12725098449922	0.0017644922405723	0.00544760707058141	2.75338024712778	up	68271
Clec4a2	23.6559879673991	-1.12001721163349	0.465733302701715	-2.40484673339072	0.0161792497333443	0.0394860021515942	1.79104162142729	down	26888
Scn3a	43.3769147366295	1.11983456884658	0.37835177092659	2.95977091927992	0.00307867875309672	0.00900322280892167	2.51163562549632	up	20269
Plekhm3	270.036714475985	1.11924236509096	0.13624497207345	8.21492601200414	2.12295111977278e-16	3.79481870112422e-15	15.6730600052016	up	241075
Plce1	741.947910404682	1.11901225767135	0.113086197484972	9.89521517707814	4.36670338486077e-23	1.62238679343326e-21	22.3598463072069	up	74055
Rbms1	2644.36791097916	1.11877026767159	0.0907432523290573	12.3289637406278	6.325494521009e-35	6.7179837420199e-33	34.1989055161047	up	56878
Dmxl2	207.219557305497	1.11873754016516	0.181942992395844	6.14883555246348	7.80538526145295e-10	6.35285412756462e-09	9.10760565598481	up	235380
Invs	166.612887702098	1.1183145830002	0.168143405102061	6.6509571536356	2.91193051220171e-11	2.82650695994898e-10	10.5358189928643	up	16348
Rps27l	9044.63955739353	-1.11791286262988	0.0850514288172852	-13.143963342832	1.8431419829923e-39	2.99469307863494e-37	38.7344412084299	down	67941
Utrn	2093.29958333843	1.11739626770957	0.0884942073746843	12.6267729929318	1.50317237191268e-36	1.87011822178759e-34	35.8229912151029	up	22288
Chd1	528.40834316012	1.11703666518183	0.122507371293822	9.11811798249041	7.6440173884263e-20	2.00997036933354e-18	19.1166783336933	up	12648
E130119H09Rik	15.4259801720171	-1.11689648602123	0.465732307358389	-2.39815118765588	0.0164780623545492	0.0401387752946124	1.78309385806375	down	78550
Tiam2	222.052616274567	1.11629218414963	0.120929541371313	9.23093043677444	2.68291123816546e-20	7.39396752877701e-19	19.5713936953536	up	24001
Gm47962	21.0713123480853	1.11628748894399	0.39096187331506	2.85523363052955	0.00430051804970522	0.0122090075600707	2.36647922521655	up	NA
Appbp2	1972.75547210212	1.11623345637535	0.111673578218506	9.9955018383245	1.59477395269571e-23	6.08080884379876e-22	22.7973008662457	up	66884
Gm43660	14.0524994555137	1.11613666686419	0.454232543121543	2.45719221083095	0.0140027743805828	0.0347824761909924	1.85378590869275	up	NA
Hipk3	2242.59237303653	1.11535054330837	0.116971234905409	9.53525492152252	1.49517768635699e-21	4.63058443632496e-20	20.8253071928788	up	15259
Rnf128	885.496769650139	1.1151625149402	0.179646599266408	6.20753479049422	5.38221963601409e-10	4.47258343188163e-09	9.26903858365092	up	66889
Chd6	948.201470128716	1.11444613506486	0.0635278755514838	17.5426318823096	6.77172522187583e-69	9.8289334353787e-66	68.1693006726901	up	71389
Gm9234	18.4358125385204	-1.11444329597186	0.311078331082784	-3.58251663525636	0.000340299938558596	0.00121379591453109	3.46813812931637	down	668548
Gpatch2	287.07926732261	1.11443554365102	0.153686440272532	7.25135894666303	4.12610582732859e-13	4.99352840870473e-12	12.3844596373334	up	67769
Agtr2	43.3135256395145	1.11394375283346	0.43156890519662	2.58114924272859	0.00984720013512089	0.025501753460432	2.0066872353622	up	11609
Gpr27	34.7910335751165	1.11388616772588	0.289977231890644	3.8412883675845	0.000122390230804644	0.000471541338715042	3.91225324621789	up	14761
Ccdc112	89.3732856405105	1.11368152666633	0.19895084937084	5.59777216427184	2.17123831226635e-08	1.47082142298267e-07	7.66329250633731	up	240261
Enpp1	131.323031646989	1.11348449667391	0.21308501637426	5.2255410334352	1.73646604811777e-07	1.04006434111747e-06	6.76033370372048	up	18605
Ppp3cc	29.8385675353405	1.11325544262344	0.385823546913304	2.88540046746704	0.00390916049550001	0.0112001898023459	2.40791649869563	up	19057
Elk3	331.461740886426	1.112879410423	0.106223130081608	10.4768086721603	1.10406643445479e-25	5.24841362684493e-24	24.9570047932291	up	13713
Ltn1	429.859516086516	1.11256402702169	0.135219224642781	8.22785391619305	1.90597323499401e-16	3.4266597252097e-15	15.719883202321	up	78913
Zfp169	47.4080227625467	1.11201565477963	0.354100942120487	3.14039168639449	0.001687220853156	0.00523204278805191	2.77282806558565	up	67911
Veph1	76.3811720870684	1.11189125432894	0.207889081833447	5.34848316478566	8.86944244979069e-08	5.54263780186116e-07	7.05210367989655	up	72789
Sorbs1	2629.68790888652	1.11176890179935	0.163315844505736	6.80747728528142	9.93249866787313e-12	1.02488322747362e-10	11.0029414845193	up	20411
Mdm2	444.978210063818	1.11073479562198	0.132221769658023	8.40054401400592	4.44414928473007e-17	8.52493552662053e-16	16.352211360972	up	17246
Gid4	511.97945754292	1.11015364495791	0.170563773531882	6.50873055848752	7.57885200329258e-11	6.95350888393115e-10	10.1203965735755	up	66771
Ankrd26	182.742173891387	1.11001349773665	0.132140965736825	8.40022238029785	4.45633902534882e-17	8.54079342076537e-16	16.3510217767128	up	232339
Mapk6	712.991001359979	1.10996675300808	0.143291671357977	7.74620564118566	9.46791343259643e-15	1.38998928694868e-13	14.0237457215834	up	50772
Gm7004	32.0170650723286	1.10915385382062	0.280263168723476	3.95754411424276	7.57243056910673e-05	0.000302859211970596	4.12076469998151	up	629794
Slf2	419.553198832261	1.10906815289526	0.171711804166964	6.45889290067014	1.05471719822595e-10	9.51255295765347e-10	9.97686397232293	up	226151
2610020C07Rik	206.257566830809	1.10858332547057	0.132494005575998	8.36704514027766	5.90810688090356e-17	1.11853306966115e-15	16.2285516566629	up	69918
Syne2	1057.97716435399	1.10820108672136	0.0874276264321694	12.6756396341282	8.06977124621004e-37	1.02745648872798e-34	36.0931387760483	up	319565
2610528A11Rik	29.7065594542673	-1.10773258904293	0.365102241126254	-3.03403393423671	0.00241307285505967	0.00722080003035758	2.61742956575274	down	NA
Kif21a	243.516913253095	1.10708450923671	0.112431396006895	9.84675587563475	7.07921292697397e-23	2.57740173655648e-21	22.150015024863	up	16564
1700109H08Rik	37.6929671732288	1.10700524451227	0.307654672789765	3.59820715373546	0.000320418367177168	0.00114795930396269	3.49428259703517	up	77036
Adamtsl3	209.466570004341	1.10619684159376	0.165447816908434	6.68607698949562	2.29232462025989e-11	2.26034835291206e-10	10.6397238811179	up	269959
Serinc5	344.096856004225	1.10577588971902	0.133569795341972	8.27863729885903	1.24592789270772e-16	2.28144172245859e-15	15.9045070914692	up	218442
Gm4987	18.2233592402413	-1.10529301351976	0.390052273445639	-2.83370483590784	0.00460118091117113	0.012988060520941	2.33713069062594	down	245405
Fam8a1	285.78267648244	1.105144573216	0.16861177760582	6.55437353729588	5.58759431479397e-11	5.21444935369457e-10	10.2527751332025	up	97863
Zkscan8	159.347596216002	1.10497154235985	0.18923221257155	5.8392359701552	5.24407511931446e-09	3.8300571451766e-08	8.28033109583968	up	93681
Gk5	117.207411785227	1.10457696627096	0.132916003030883	8.31033841737109	9.54295265276174e-17	1.77580483039255e-15	16.0203172309142	up	235533
Cpne3	692.395598716453	1.10448138649163	0.134850114831704	8.19043712250484	2.60279120939608e-16	4.58849961222441e-15	15.5845606687114	up	70568
Ubr5	1066.28688165756	1.10396714580885	0.0736996964700763	14.9792631270481	1.00323164641722e-50	3.58071465668781e-48	49.9985987767052	up	70790
Mpeg1	79.4422614685577	1.103765616935	0.214334229226757	5.14974029541154	2.60847388619224e-07	1.52174955654281e-06	6.58361350670445	up	17476
Rnf32	52.2155986369774	1.10338526391753	0.208344438974934	5.29596695427171	1.18388248100447e-07	7.268891533116e-07	6.92669140604583	up	56874
Mtmr12	461.206944535097	1.10319400176006	0.0951966873652052	11.5885755302372	4.7089872627937e-31	3.67469787403385e-29	30.3270724842665	up	268783
Rnf168	278.623013952838	1.10302735922669	0.140151711503831	7.87023823962746	3.53966537268185e-15	5.50075620942393e-14	14.4510377926824	up	70238
Itga9	337.56503416058	1.10300242323649	0.173435519913697	6.3597262186278	2.02113666921647e-10	1.76936821721677e-09	9.69440431850858	up	104099
Adam22	274.361961522708	1.10236160628083	0.147949939116187	7.4509094959149	9.26989402353004e-14	1.21288541274216e-12	13.0329252308241	up	11496
Adamts19	657.703173752477	1.10211768147099	0.108558139444815	10.1523265515364	3.23556444812019e-24	1.32166433704452e-22	23.4900499451899	up	240322
Slc16a7	109.008372759835	1.10159292051973	0.201035787788812	5.47958616043503	4.26321805602922e-08	2.76905678746624e-07	7.37026245339361	up	20503
Greb1l	245.673612112798	1.10156448033114	0.211830780573931	5.20020970203942	1.99063804877376e-07	1.18221962896624e-06	6.70100769914406	up	381157
Cep135	137.148066130133	1.1015169787225	0.149550474197628	7.36551979946831	1.76457932790612e-13	2.23622940204727e-12	12.7533588128509	up	381644
Map3k5	455.024313092331	1.10125983875177	0.0923595148918829	11.9236208639783	8.91481035922407e-33	7.95464144020601e-31	32.0498878909427	up	26408
Trpc1	94.7356258400295	1.10048992248521	0.235536018453219	4.6722787016279	2.97876386488603e-06	1.48169172644045e-05	5.52596392318364	up	22063
Ppbp	104.60362020086	-1.10001008163771	0.341742102780976	-3.21883102107179	0.00128714311493408	0.0040856801134779	2.89037316205394	down	57349
Zfp236	299.713392831131	1.09994297758103	0.137457461172508	8.0020609154174	1.22353825410022e-15	2.01504348474055e-14	14.9123824478202	up	329002
D630045J12Rik	116.853403283592	1.09988193468037	0.297025469511942	3.70298862413263	0.000213074440077259	0.000787303692636848	3.67146864413458	up	330286
Ets1	956.861709111312	1.09948907329094	0.106366879697727	10.3367615597587	4.80501437750632e-25	2.13936141159647e-23	24.3183053085028	up	23871
Nfia	6739.58132192579	1.09920680147902	0.101920913272556	10.7848994498267	4.05686746413885e-27	2.22483925514436e-25	26.3918091802507	up	18027
Aoc2	17.459289365758	1.09903768482411	0.431719074714025	2.54572417387886	0.0109051318330264	0.0279062682497238	1.9623690798322	up	237940
Zfp407	560.883757199504	1.09901635541023	0.147129463569276	7.46972311832538	8.03637373982675e-14	1.06041169129399e-12	13.0949398741425	up	240476
Wdr76	317.818076353094	1.09900849376281	0.120808503245154	9.0971120760649	9.27656099036738e-20	2.41590054883108e-18	19.0326129957333	up	241627
Nr2f2	602.553493508104	1.09807550530324	0.185269343773159	5.92691420469276	3.08680143696692e-09	2.327072052827e-08	8.51049130624939	up	11819
Gm27184	9.43103389127428	-1.0975946190301	0.438063157200431	-2.50556249935418	0.0122256789384688	0.030871895366312	1.91272701350961	down	NA
Rpl36al	124.866505280318	-1.09699850274699	0.254587387349958	-4.30892713957999	1.64048396734922e-05	7.35666672237431e-05	4.78502800967037	down	66483
Slc16a6	139.706050736008	1.09697802701112	0.181380331211424	6.04794367550493	1.46706223237922e-09	1.15644022170023e-08	8.83355146311265	up	104681
Rin2	607.262776286226	1.09681931937629	0.129741010921327	8.45391377473838	2.81697380730053e-17	5.5453122723822e-16	16.5502171911391	up	74030
Suv39h2	16.955381491773	1.09640073869041	0.471342606642863	2.32612270403373	0.0200120056701505	0.0476332554335319	1.69870938273672	up	64707
Rufy3	261.981658840017	1.0956963126735	0.118947507663207	9.21159538521727	3.21313220767284e-20	8.78848171174033e-19	19.4930714045818	up	52822
Nceh1	627.990843608723	1.09540969993369	0.185533471934153	5.904108237259	3.54559335270246e-09	2.64909603551949e-08	8.45031107550456	up	320024
Gtf2a1	725.343155107034	1.09516620194898	0.127563534770464	8.58526070102718	9.06306680219263e-18	1.8846331462974e-16	17.0427248188908	up	83602
Myo5b	71.5986164495795	1.0945057265117	0.286887781754138	3.81510052404285	0.000136127507111092	0.00052065579162626	3.86605410859899	up	17919
Apbb2	1244.40427525679	1.09370692015542	0.068074688939554	16.0662786300289	4.39703164797083e-58	2.33493104974685e-55	57.3568404085014	up	11787
Atad3aos	21.0365561595282	1.0935249551063	0.328748593935387	3.32632587721798	0.000879989810696139	0.00288497788864272	3.05552235646808	up	70448
Stx16	469.118998365492	1.09349313696959	0.102835575058217	10.6334129638556	2.08345509535333e-26	1.0723636958873e-24	25.6812158554421	up	228960
Rpl38	3996.94798002137	-1.0933943122806	0.107121894308573	-10.2070106147581	1.84460443457245e-24	7.73809783227581e-23	23.7340967516193	down	67671
Hnrnpll	884.341802671306	1.09295819184306	0.153938747724142	7.09995506655438	1.24797457551349e-12	1.4368536466462e-11	11.9037942622711	up	72692
Lin54	275.801978486766	1.09290618253957	0.180342680128707	6.06016380459458	1.35982993595315e-09	1.07737326657831e-08	8.86651540228813	up	231506
Fam78b	75.4989929067102	1.09184207850125	0.193643583389186	5.63841083392296	1.71626649917414e-08	1.17541850330353e-07	7.76541527468405	up	226610
Syde2	270.99330686713	1.09178425120612	0.191886659306874	5.68973505062738	1.27236636652554e-08	8.88452871455868e-08	7.89538781946519	up	214804
Slc26a7	16.007292779689	1.09176144974721	0.451919396700026	2.41583224291631	0.0156992925129526	0.0384612351290653	1.80411991858719	up	208890
Atl3	322.874621753943	1.09172450990672	0.12212226710448	8.93960238203498	3.905731490056e-19	9.37547805970224e-18	18.4082976167561	up	109168
Aebp2	374.27988480324	1.09162860206868	0.146918316065317	7.43017365910569	1.08455195441061e-13	1.40720292916733e-12	12.9647496386951	up	11569
Zfp462	375.116405769662	1.09151003273683	0.228998326156347	4.76645419666349	1.87496329411647e-06	9.63230317119012e-06	5.72700722997291	up	242466
Ammecr1	1526.14696461368	1.09113396788084	0.155187366623626	7.03107470421324	2.04948727913178e-12	2.2953414115873e-11	11.6883547729415	up	56068
Sec61g	3659.70772991615	-1.09063956781477	0.0800208482258508	-13.6294427264324	2.67616026853528e-42	5.49673220439152e-40	41.5724878813167	down	20335
Il17b	14.6829707932018	-1.09063003380886	0.391542269390968	-2.78547201431228	0.00534498536467465	0.0148224457215255	2.27205347961325	down	56069
Gm5805	24.38441239876	-1.09015388287334	0.290888211362421	-3.74767295576344	0.000178482761359007	0.000668489021212507	3.74840372357528	down	102634709
Gm47350	175.467727987898	1.08931795773455	0.17581847640374	6.19569672093562	5.80277657698007e-10	4.79461296523758e-09	9.23636415065771	up	NA
Rps27	8568.23077855125	-1.08927763211253	0.0592830260452051	-18.3741908060145	2.11437520481253e-75	3.83618141326487e-72	74.6748179427993	down	57294
Sntb1	896.01229867732	1.08913891744914	0.2024564408335	5.37962098397675	7.46428185577657e-08	4.71050274098456e-07	7.12701196973083	up	20649
Lrmda	218.55595638327	1.08912998693105	0.19566242567517	5.566372711433	2.6009661615296e-08	1.74832464553327e-07	7.58486529792199	up	76633
A930007I19Rik	63.3071853481946	1.08888982551301	0.241633382570796	4.5063716524929	6.59455428334572e-06	3.13486104491273e-05	5.18081455247924	up	77779
Plag1	137.625496478369	1.08882637351218	0.232762942143563	4.67783386601387	2.89921285822252e-06	1.44410117477055e-05	5.537719897871	up	56711
Tmem131	549.434134848736	1.08862676512805	0.104832391097291	10.384450394895	2.91845368630976e-25	1.32706225087037e-23	24.5348471942297	up	56030
Hecw1	33.5400062153072	1.08842306779386	0.34667228153338	3.1396310745688	0.00169160719799413	0.00524340431587817	2.77170047554542	up	94253
Plxnc1	186.51392204635	1.08823188946671	0.163331277826322	6.6627280699039	2.68790729454983e-11	2.62426536398829e-10	10.5705857141003	up	54712
6820431F20Rik	61.7603487200246	1.08809312836428	0.216557383096533	5.02450257204694	5.04739036843842e-07	2.82643475055662e-06	6.296933105351	up	547150
Dnajb14	283.949107064608	1.08788413384355	0.112573655749484	9.66375415811731	4.29817643328324e-22	1.41359361488584e-20	21.3667157613833	up	70604
Sorl1	267.382318383105	1.08768111234057	0.323331284574507	3.36398351855101	0.000768261309976073	0.00255406706990366	3.11449103754859	up	20660
Il21r	12.9667708365318	-1.08680576058643	0.453928946064858	-2.39421999854388	0.0166557551577271	0.0405081659175641	1.77843567198517	down	60504
B4galt6	420.419870570065	1.08676037214485	0.136599346264153	7.95582410799609	1.77943049509851e-15	2.85917053426455e-14	14.7497189709558	up	56386
Trim2	251.870546094861	1.08568779627466	0.139010741852144	7.81010000960527	5.71426253702379e-15	8.61571495540733e-14	14.2430398101973	up	80890
Crk	1137.84415937956	1.08518169948594	0.145454202136317	7.46064179341433	8.61020395052828e-14	1.13269704175771e-12	13.0649865612595	up	12928
Sox11	339.798137733799	1.08502248554034	0.259342045797906	4.1837507767092	2.86738454502494e-05	0.000123474478469705	4.54251405990203	up	20666
6330415G19Rik	8.69274697907831	-1.08481533242497	0.447959586063987	-2.4216812546791	0.0154488945627923	0.0379299917083031	1.81110259083171	down	320020
Sptbn1	8089.27572997883	1.08478759679828	0.11080512960766	9.79004853511116	1.24236237071708e-22	4.36974370521039e-21	21.9057517112053	up	20742
Thrb	60.5628759343289	1.08457588274343	0.166568105152536	6.51130588146048	7.45002603043431e-11	6.84974521683344e-10	10.1278422098216	up	21834
mt-Atp8	87.7299093090544	-1.08420564824619	0.314016812801016	-3.45269935891371	0.00055500719271033	0.00190083633784636	3.25570138852748	down	17706
Atad2b	521.608449717267	1.08364393099773	0.0700778635547193	15.4634270514195	6.12512212844452e-54	2.66712317960988e-51	53.2128852475053	up	320817
Large1	1118.24721622047	1.08315073619662	0.120609556610103	8.98063774248124	2.692018050259e-19	6.57807149160932e-18	18.569922032449	up	16795
Lrch1	920.75003391078	1.0830436642632	0.127994744235173	8.46162606703017	2.63674819519152e-17	5.20464929335538e-16	16.5789313425844	up	380916
Senp5	249.652339880965	1.08236131378043	0.110662019429781	9.78078404277837	1.36151706817743e-22	4.75809785045891e-21	21.8659769099106	up	320213
Plagl1	2865.18246627878	1.08235302988795	0.138888873258427	7.79294269220571	6.54663186395596e-15	9.79610095821644e-14	14.1839820800262	up	22634
Herc1	621.928364168374	1.08211530293147	0.12859829271071	8.4146941621204	3.93921298944234e-17	7.61674468971035e-16	16.4045905366728	up	235439
Scn3b	27.6531719997167	1.0818666906235	0.434965661471531	2.48724620459335	0.0128736271702706	0.0323020180651299	1.89029907251315	up	235281
Atp5pb-ps	10.6140212675723	-1.08129088263647	0.4613532979368	-2.34373719115495	0.0190916186609784	0.0456772221414091	1.71915724888608	down	667832
Malt1	301.654267973475	1.08128162611662	0.139204156055037	7.76759585891322	7.99897999807921e-15	1.18552615737359e-13	14.0969653891891	up	240354
Zfp451	472.214457095747	1.08068283442524	0.103515707707814	10.4397956441123	1.63161565138693e-25	7.67246997019357e-24	24.7873821373349	up	98403
Kidins220	787.139047559627	1.08054490880178	0.07809955243952	13.8354814470742	1.55690555217766e-43	3.7249393057156e-41	42.8077377325907	up	77480
Prkd3	841.454455731532	1.08044271911187	0.0963861700298819	11.2095201912983	3.66172922136678e-29	2.40855494282772e-27	28.4363137741835	up	75292
Pard3	1589.44517454269	1.08035453598163	0.133822981770446	8.07301198709518	6.85848710348701e-16	1.14952256518183e-14	15.163771673662	up	93742
Pet100	939.528182612549	-1.08024957297608	0.137621240644988	-7.84943928650323	4.17901422505568e-15	6.43461794256806e-14	14.3789261505475	down	100503890
Plekha5	716.638340656765	1.08002654464143	0.0922438229832002	11.708388808193	1.15452674728019e-31	9.44975802322722e-30	30.9375960011949	up	109135
Lyve1	261.700121092592	1.0798602125535	0.272978714219222	3.95584035056408	7.62660824320037e-05	0.000304728417454503	4.11766856148935	up	114332
Scml4	27.0905356235676	1.0797706299885	0.273017093951462	3.95495613245546	7.65486960169456e-05	0.000305745406288927	4.11606220297315	up	268297
Sp1	609.51822318077	1.07955332913085	0.0994420925822616	10.856100280048	1.86546475985683e-27	1.04948058789672e-25	26.7292129507209	up	20683
Scamp1	424.562512286965	1.07954042814198	0.123276777047315	8.757046168782	2.00433574275003e-18	4.46657091004643e-17	17.6980295288074	up	107767
Grhl1	60.0193545576045	1.07913985276532	0.274834395015737	3.92650946292048	8.61875030225107e-05	0.000341487591593467	4.0645557012498	up	195733
Gm4117	43.9590569785018	1.0791016856323	0.192112920055892	5.61701776912428	1.94281450119817e-08	1.32225562113431e-07	7.71156866360602	up	100042940
Yeats2	734.219146369203	1.07908331073501	0.104811451684187	10.295471471824	7.38568723890152e-25	3.21602365130728e-23	24.1316090873289	up	208146
Zfp521	1247.92609662323	1.07886897532489	0.145732760464106	7.40306415584998	1.33077414735377e-13	1.71340122626767e-12	12.8758956446612	up	225207
Pid1	285.276512516279	1.07869033509525	0.146516804974909	7.36222944037018	1.80863750049831e-13	2.2880683126583e-12	12.7426484686896	up	98496
Fancm	179.379426440299	1.07853801206081	0.151241359181202	7.13123723497232	9.94707017884901e-13	1.160598134694e-11	12.0023048180008	up	104806
Arhgap42	306.676554312102	1.0785323695152	0.180177684203243	5.98593757203918	2.15146882778158e-09	1.65752934601771e-08	8.66726494194513	up	71544
Cplane2	21.9367732310593	1.07787253194874	0.291176591392686	3.7017829173469	0.000214089756629036	0.000790563463590123	3.66940411152812	up	76166
Usp37	762.36609550722	1.07785298527344	0.149576151775651	7.20604837387516	5.7598948162213e-13	6.88278978807739e-12	12.2395854473323	up	319651
Clip1	1530.04251633287	1.07749061361563	0.123670703100663	8.7125777294125	2.97041494000502e-18	6.51934214453521e-17	17.527182879448	up	56430
Lonrf1	58.4459981779415	1.07642822789981	0.249384701229131	4.31633625717402	1.58640260452104e-05	7.12882507856181e-05	4.799586585787	up	244421
Ppm1b	485.245863860349	1.07638403647229	0.11970597890727	8.9918987029554	2.42995623765463e-19	5.99150704487163e-18	18.6144015477664	up	19043
Gsdme	690.192533237555	1.07614065468788	0.167116680407111	6.43945686370923	1.19901785052061e-10	1.07605179890909e-09	9.92117435124236	up	54722
Tcf4	2873.11430358463	1.07604611450976	0.111547568279597	9.64652238597095	5.08509815331185e-22	1.65737660170517e-20	21.2937006598444	up	21413
Ccnt2	891.714365431223	1.07583083605339	0.13817112537527	7.78622040698777	6.90434637218716e-15	1.02921949953717e-13	14.1608774293791	up	72949
Ntn3	62.9258309933921	-1.07582817510437	0.332942812926019	-3.23127015612564	0.00123241396677613	0.00392282410594297	2.90924338852823	down	18209
Fem1b	601.571413043646	1.0757265339548	0.107328302982452	10.0227666334264	1.21065661143355e-23	4.67347796881759e-22	22.9169790219332	up	14155
Bmpr2	889.699786376734	1.07556824835987	0.131464571182269	8.18143046972439	2.80493932633671e-16	4.92890548934648e-15	15.5520765285334	up	12168
Rapgef2	783.938683824433	1.07454729854284	0.101536762521677	10.5828398685987	3.57941583950463e-26	1.79151819902747e-24	25.4461878444121	up	76089
Rps15a	6648.71661563541	-1.07449024599674	0.0531716185753485	-20.2079657303285	8.33115220244523e-91	3.02309742919396e-87	90.0792949312991	down	267019
Pip4k2a	345.891232167585	1.0742066404138	0.10338442143263	10.3904111038026	2.74168803458619e-25	1.2593255672787e-23	24.5619819633195	up	18718
Rpl36	8116.39351483798	-1.07413557209436	0.0867043709050867	-12.3884823900077	3.01698766587134e-35	3.25177502283915e-33	34.5204264653156	down	54217
Armcx4	268.646908796212	1.07396201655969	0.116721255092195	9.20108351911914	3.54358300413289e-20	9.63182136903637e-19	19.450557389962	up	100503043
Gm43597	57.9526023768588	1.07389710295638	0.240033477618267	4.47394719108406	7.67887143416674e-06	3.61714385254605e-05	5.11470260365721	up	NA
Spag9	1012.25639018675	1.07379074041481	0.12594129173786	8.52612138241243	1.51336461287987e-17	3.07311827631963e-16	16.8200564253907	up	70834
Klhl5	255.304711572274	1.07314739609997	0.165847898212277	6.47067227060299	9.75678454565667e-11	8.8658060570967e-10	10.0106932852187	up	71778
Cbl	615.875157814387	1.07269341535701	0.125043434743156	8.57856646020927	9.60628071730402e-18	1.99378402075446e-16	17.0174447264421	up	12402
Ofd1	124.655198313038	1.07236578187286	0.220145357292229	4.87117146172362	1.10938512272363e-06	5.90984411351575e-06	5.95491766247229	up	237222
Ddi2	1380.91977355377	1.07214533710872	0.0803916487419877	13.3365262920494	1.41920037960504e-40	2.49184118264201e-38	39.8479562813481	up	68817
Edem3	365.753785636035	1.07142016197787	0.139062357936161	7.70460229409976	1.31251405587472e-14	1.90634129583085e-13	13.881896036984	up	66967
Rnf38	597.637983599309	1.07132340285161	0.104900010319577	10.2128055048597	1.73766522389641e-24	7.3035612460758e-23	23.7600338903839	up	73469
Rgs6	848.625557119725	1.07125978695288	0.150052617004611	7.13922761453712	9.38568064778633e-13	1.09981183564911e-11	12.0275342269468	up	50779
Ccdc125	76.8828405292436	1.07111873926358	0.263845983717336	4.05963632332979	4.91492065026476e-05	0.000202935051009984	4.30848348931309	up	76041
Rpl37	4269.58357640122	-1.0708814784475	0.141785956232098	-7.55280358440092	4.2598718461349e-14	5.81479183912533e-13	13.3706034660038	down	67281
Zbtb16	287.999095482772	1.07080914127317	0.297365218443997	3.6009898766114	0.000317007921604682	0.00113686319703132	3.49892988520743	up	235320
Micall2	94.5610168026325	-1.07062192815946	0.251739499570212	-4.2528960691004	2.11023530005745e-05	9.30041355320866e-05	4.67566911635205	down	231830
Apc	638.468527189026	1.07056019176488	0.112973263870367	9.47622610065788	2.63646004830234e-21	8.00571941027036e-20	20.5789788053806	up	11789
Atp7a	335.16408523267	1.07016219454488	0.123601035293753	8.65819765992664	4.79281921260798e-18	1.02403591655448e-16	17.3194089524911	up	11977
Kif16b	559.135139698944	1.07009299948421	0.154616181505023	6.92096382841692	4.48581029239582e-12	4.82534889753171e-11	11.3481590969385	up	16558
Sgip1	48.6203588099205	1.07005186079553	0.274143512760297	3.90325435762235	9.49078691198548e-05	0.000373119199436164	4.02269777731298	up	73094
Tmem65	661.486052098239	1.06950143425623	0.139109123491717	7.68821920094915	1.49197037456474e-14	2.14978021145093e-13	13.8262398003826	up	74868
Fam124a	76.6632179932651	1.06891746692378	0.237402905136666	4.50254585683539	6.71442611399742e-06	3.1874715699956e-05	5.17299110081731	up	629059
Khdrbs1	1536.29309813048	1.06886476329958	0.139656201253626	7.65354315601385	1.95515982127689e-14	2.78949800975363e-13	13.7088177361394	up	20218
Gm3650	37.2763179174861	1.06815973231583	0.313502289059919	3.4071831995832	0.000656370552869854	0.00221283674157362	3.18285091118537	up	100042074
Mindy2	311.866510920148	1.06792552960048	0.180844311540969	5.90522046560779	3.52175463143442e-09	2.63482541008292e-08	8.45324090558799	up	235461
Ahrr	43.9531322378937	1.06777010613204	0.23815485895629	4.48351174026652	7.34245610092209e-06	3.4669259212595e-05	5.13415864135733	up	11624
Zcchc4	180.957265469702	1.06776633353699	0.146019450869201	7.31249382997244	2.62229323760109e-13	3.24574010057139e-12	12.5813187450063	up	78796
Exoc6b	854.865517656227	1.06773195086294	0.143275109700643	7.45231989766989	9.17130122020255e-14	1.20142942338297e-12	13.0375690424474	up	75914
Snai2	239.055746955415	1.06743541029589	0.222319567170029	4.80135610141556	1.57594735226035e-06	8.19281894780618e-06	5.8024582950982	up	20583
Ccdc85a	85.1235482135825	1.06711143515034	0.20722261530565	5.14958965061016	2.61056971509631e-07	1.52223211258844e-06	6.5832647044922	up	216613
Fam210b	1133.19527113362	-1.06693780439323	0.204832046470045	-5.20884218451267	1.90022647662658e-07	1.13161189412237e-06	6.72119463500104	down	67017
Gas7	59.1303286547844	1.06637900686549	0.24300211883427	4.38835271059003	1.14212443389172e-05	5.24211644694719e-05	4.94228657734362	up	14457
Hectd1	1344.68542961662	1.06624222994195	0.13394368027104	7.96037728532147	1.7151548469244e-15	2.76610009831393e-14	14.7656966650503	up	207304
Rbm12b2	93.6639407980309	1.06597909600734	0.229873381697716	4.6372445914991	3.53084499469646e-06	1.74040202002561e-05	5.45212134769479	up	77604
Rpl34	4184.0073855642	-1.06539611745469	0.0684103991861858	-15.5735988991251	1.10037805641103e-54	4.99113146753771e-52	53.9584580788373	down	68436
Heg1	1487.55376468456	1.06538938907615	0.0833266648626622	12.7856958013634	1.97090959323983e-37	2.64880516444553e-35	36.7053332966021	up	77446
Lpl	4410.3412707941	1.06518567308621	0.216067748459339	4.92986889844259	8.22848176856209e-07	4.46647980715866e-06	6.08468028876841	up	16956
Xpr1	583.877250247035	1.06485093371078	0.143812008753823	7.40446464059613	1.3168060768583e-13	1.69742462435517e-12	12.8804781779247	up	19775
Prdm10	179.766646722393	1.06478083963006	0.120387724304992	8.84459645513793	9.18596741062805e-19	2.12310915567085e-17	18.0368750996768	up	382066
Asb13	134.432861974294	1.06456066970132	0.147849282691881	7.20031000704867	6.00758138027248e-13	7.16303733906311e-12	12.2213003374173	up	142688
Ggnbp2	1043.69310541763	1.06423147744379	0.137338393625982	7.7489728061189	9.26388531999755e-15	1.36187245906136e-13	14.0332068298257	up	217039
Agap1	1112.31197211304	1.06268140834835	0.0793462146618179	13.3929691904977	6.64693826647102e-41	1.20597616614672e-38	40.177378354723	up	347722
Gnptab	139.747988500676	1.0624595488442	0.201656721641064	5.26865427642582	1.37427514681352e-07	8.35074476595701e-07	6.86192630746579	up	432486
Tgfa	81.0538775664179	1.06173409747052	0.237372683801366	4.47285711425408	7.71813531041779e-06	3.63485273585153e-05	5.11248761186819	up	21802
Cbfb	739.236089383456	1.06170232037142	0.0812408397751272	13.0685788491378	4.97869609816627e-39	7.68767173399121e-37	38.3028843824447	up	12400
Hs2st1	549.801677894912	1.06137154062866	0.119420273296834	8.88769981283231	6.23869605639639e-19	1.46842043826878e-17	18.2049061722868	up	23908
Magt1	874.52916324236	1.06119394547447	0.149090090886066	7.11780333064141	1.09660691719847e-12	1.27064001071022e-11	11.9599490189927	up	67075
Gm44250	54.3667343648608	1.06112680544288	0.288072388527403	3.68354221960407	0.000230015166003613	0.000846213280539147	3.6382435279192	up	NA
Gna13	686.847237581788	1.06060279878449	0.146215532036896	7.25369448792114	4.05554336149545e-13	4.91359432757256e-12	12.3919509508017	up	14674
Itgav	607.907667235052	1.06007708745953	0.163595838576111	6.47985362394374	9.18116442958257e-11	8.3847446292312e-10	10.0371022345643	up	16410
Myrip	43.9926932170239	1.05968978228903	0.308503656322266	3.43493427248742	0.000592697565224452	0.00201785948241857	3.22716685681996	up	245049
Luzp1	1760.63060836576	1.05951429882909	0.08691506811339	12.1902257206638	3.50449352829473e-34	3.45248113565759e-32	33.455374737686	up	269593
Atp5j2	20137.5157568646	-1.05946460576367	0.140416526723531	-7.54515604740511	4.51746254392047e-14	6.13352507285596e-13	13.3451054396605	down	NA
Fech	7911.48906617077	-1.05944954949053	0.208506829623084	-5.08112636600769	3.75203408679688e-07	2.14407575164676e-06	6.42573322475978	down	14151
Phf20	971.651805795404	1.05905450892474	0.100365251863205	10.5520036991309	4.97251824461459e-26	2.4660972032289e-24	25.3034236147353	up	228829
Sbk3	19.4523853513595	1.05888698001123	0.353912573646968	2.99194507021805	0.00277206136344866	0.00819016420206326	2.5571971602391	up	381835
Gnaq	1643.50733137112	1.05881258492988	0.110303094919454	9.59911945991234	8.06302854021798e-22	2.56649499090096e-20	21.0935018029518	up	14682
Adam10	1980.72403406434	1.05879684842385	0.113147500564444	9.35766891130574	8.1515225896532e-21	2.37265975697767e-19	20.0887612635883	up	11487
Pvt1	196.54137703143	1.0587577748155	0.165957373112972	6.37969711713123	1.77438563085998e-10	1.55962551292222e-09	9.75095198813782	up	19296
Phldb2	2068.34188759944	1.05873414336856	0.112243739772816	9.43245605956693	4.00596871016568e-21	1.19150205953179e-19	20.397292447218	up	208177
Map4k3	800.413674689887	1.05821239619661	0.0858630994823506	12.3244141263982	6.69281308641339e-35	7.03941673997065e-33	34.1743913035895	up	225028
Dgkeos	22.629961910743	-1.05703268488508	0.40186221475908	-2.63033608551324	0.00853004934953479	0.0225192475370525	2.06904845626874	down	414094
Zfp12	111.600413210665	1.05698279801945	0.175644618398614	6.01773517262393	1.76874244903492e-09	1.3763066690632e-08	8.7523354011808	up	231866
Gm12409	7.60662241575442	1.05694515049776	0.453265455002807	2.33184580654004	0.0197088042953527	0.0469783322879811	1.70533972293934	up	100040567
Rbl2	199.344582155889	1.05662652061532	0.235470827385295	4.4872926822752	7.21339482713986e-06	3.41190597819876e-05	5.14186029593203	up	19651
Rpl34-ps1	622.724569149807	-1.05648884022126	0.114238687018545	-9.24808283248002	2.28555192551269e-20	6.33898554423724e-19	19.6410089075151	down	619547
Sema6c	36.6549815733197	-1.05609723017034	0.340243133986053	-3.10394869044921	0.00190956444005981	0.00583837059247046	2.71906568136494	down	20360
Gm15328	20.0767477693619	1.05587063920648	0.414164738459744	2.54939771824421	0.0107909159247374	0.0276725349250157	1.96694169116721	up	328906
Gipc2	65.3160959722943	1.05530285392275	0.191359872948323	5.51475519743753	3.49265769429982e-08	2.30012532729267e-07	7.45684397627516	up	54120
Ly6h	106.922284950631	-1.05487078600128	0.275938707137586	-3.82284456190959	0.000131920946031282	0.000506200711489789	3.87968624294046	down	23934
Pikfyve	209.16475554889	1.05462493958027	0.107478501875525	9.81242686841387	9.95451734348361e-23	3.5529467475791e-21	22.0019797924064	up	18711
mt-Rnr1	162488.073371327	-1.05456259312233	0.241058316608894	-4.37471981036568	1.21588550021188e-05	5.55906323196411e-05	4.91510732059573	down	17724
Ccdc186	386.790276308653	1.05428237204555	0.179068574588402	5.88759012835651	3.9186748034873e-09	2.90887786640046e-08	8.40686077553975	up	213993
Ebf1	1739.18490314918	1.05426575656531	0.133696573328725	7.88551067777291	3.13251801593347e-15	4.89599298226156e-14	14.5041064225851	up	13591
Ifitm2	27.7337700844732	-1.05415117671495	0.255523011019695	-4.12546475758966	3.69986838411894e-05	0.000156051015999685	4.43181372487018	down	80876
Slc7a2	108.783947231511	1.0539374723634	0.163920000755857	6.42958435519492	1.27953336496445e-10	1.14312681255666e-09	9.89294838501632	up	11988
Clic5	696.39122828831	1.05385973651135	0.211041574037997	4.99361199950872	5.9260393640486e-07	3.28634052557479e-06	6.22723546802095	up	224796
Nf1	821.225239031332	1.05330404384346	0.0958986101789285	10.9835172989285	4.5870873524303e-28	2.71432338957053e-26	27.3384629894697	up	18015
Gm50488	23.428454516181	1.05298341015027	0.279790616663232	3.76346934971619	0.000167572273594544	0.000630771704823724	3.7757978378598	up	NA
Arid5b	1010.62215501219	1.05290754118435	0.0966884946208794	10.8896880162718	1.29081702819768e-27	7.37629090234118e-26	26.8891353141052	up	71371
Tbx20	2836.94175749322	1.05275423836436	0.12454281376872	8.4529504875276	2.84032147019396e-17	5.58622213632005e-16	16.5466325033226	up	57246
Igf1r	2639.82645084746	1.05260032135826	0.0926209370776215	11.3646045329484	6.27479895789717e-30	4.47917780037171e-28	29.2024001842492	up	16001
Lrrc8b	182.576273515443	1.05259114717539	0.103316200463206	10.1880551400092	2.24204550102025e-24	9.33342536294702e-23	23.6493555778956	up	433926
Entpd1	455.746911055425	1.05228180680213	0.172565056507373	6.09788463608893	1.0748126631798e-09	8.6190870360039e-09	8.96866722545741	up	12495
Twsg1	1210.32428168262	1.05221633466225	0.0811862325981918	12.9605266926216	2.04836235826582e-38	2.99308357477607e-36	37.6885932135776	up	65960
Ppp3ca	1670.52789735843	1.05220085489946	0.0917417035557602	11.4691663018873	1.88466211330878e-30	1.42475220593607e-28	29.7247664998236	up	19055
mt-Tf	23.8636487127885	-1.05206532222401	0.443960522195718	-2.36972719335665	0.017801214545345	0.0429819278120497	1.74955036553679	down	17730
Aff1	328.723359725516	1.05192859373722	0.124708589732526	8.43509333233087	3.30938601314236e-17	6.48532423745594e-16	16.4802525729428	up	17355
Filip1	1134.30064667264	1.05124472783845	0.15042136489042	6.98866632811282	2.77511543826444e-12	3.07011246554336e-11	11.5567189465382	up	70598
Foxs1	181.598123795805	-1.05090991995494	0.201666645340831	-5.2111241210902	1.87699815711127e-07	1.11839091069038e-06	6.72653615378078	down	14239
Tmeff1	330.566127274184	1.05067679168504	0.137391352875143	7.64732837764443	2.05197839781525e-14	2.90668013514858e-13	13.6878272155675	up	230157
Gm18103	33.4870695628132	-1.05042235414417	0.335741145385778	-3.12866733369005	0.0017560099292128	0.00542372651139469	2.75547303274077	down	100416414
Bbx	1009.8111455593	1.04967739610845	0.138687446005307	7.56865474376306	3.7710892680574e-14	5.16703307389211e-13	13.4235331869882	up	70508
Ints8	289.634885947172	1.04847206850002	0.123993713842852	8.45584857494338	2.77064970239802e-17	5.45905749507779e-16	16.5574183792818	up	72656
Mfsd14b	756.615329608164	1.04801266474663	0.120766552956218	8.67800429086164	4.02773849329648e-18	8.6995954837352e-17	17.3949387343958	up	66631
Tut7	585.879194744169	1.0477308021027	0.135808279521323	7.71477855249754	1.21192471672803e-14	1.76495150050854e-13	13.9165243571706	up	214290
Zfhx4	87.6053087283006	1.04737681633642	0.192032934602195	5.45415201046693	4.92070954185502e-08	3.17433150060052e-07	7.30797226961183	up	80892
Apba2	26.26617409276	1.04726927805974	0.279161348163306	3.75148381016954	0.000175791106425933	0.000659201510352292	3.75500310041039	up	11784
Dip2c	1743.16750735232	1.04714519112834	0.105154557337902	9.95815319504856	2.32338418061938e-23	8.78206951049396e-22	22.6338789719786	up	208440
Cplane1	341.529830286218	1.0470509257368	0.146677936225352	7.13843508220714	9.43994338078237e-13	1.10557529470895e-11	12.0250306105205	up	73692
Chd2	1087.80902403405	1.04697850111786	0.104798374776059	9.99040780312789	1.67889610472425e-23	6.39037167693292e-22	22.7749761785142	up	244059
Cdk19	425.463966969947	1.04686426988602	0.0789173936957842	13.265317325627	3.67860392793612e-40	6.20857090845157e-38	39.4343169697583	up	78334
Sirt1	143.2437759121	1.04662105564142	0.138062137752105	7.580797115576	3.43438300103488e-14	4.72054208955376e-13	13.4641512741254	up	93759
Slc31a1	80.5937068090437	1.04648512398921	0.178401926235951	5.8658846687852	4.46744254812859e-09	3.29712403924935e-08	8.34994102386791	up	20529
Taf1	294.546361759418	1.04637372725137	0.120994538489038	8.64810709903388	5.23606794809127e-18	1.11219191576432e-16	17.2809947262753	up	270627
Gm16740	44.4017238470976	1.04631862963149	0.209952491990974	4.98359709717796	6.2412971478085e-07	3.44275453514281e-06	6.20472514019087	up	100504029
Rpl26	7364.85826923957	-1.04624042620357	0.0495428402571096	-21.1178935396913	5.44701889706262e-99	2.96481238567119e-95	98.2638411180487	down	19941
Mosmo	332.987432461219	1.04617908239949	0.127280113380277	8.21950149646547	2.04350811791863e-16	3.65581419419264e-15	15.6896236326966	up	233812
Ostm1	347.244877498709	1.04566099188415	0.117256540180727	8.9177199862155	4.7598608819873e-19	1.13472854354836e-17	18.3224057403611	up	14628
Ppfibp1	1020.98715298909	1.04553266121348	0.143834466473949	7.26899947449559	3.62159811477919e-13	4.41733524677718e-12	12.4410997445845	up	67533
Glp2r	28.2410483716467	-1.04463442148192	0.415884367806505	-2.51183863195344	0.0120103994106813	0.030398792835312	1.92044254971861	down	93896
Atp11b	462.617241238156	1.0445605619239	0.182730261801269	5.71640707799091	1.0879992067614e-08	7.65855762353998e-08	7.9633714212732	up	76295
Amph	18.9583243081885	1.04394991830661	0.432540985464427	2.41352832075718	0.0157989000186495	0.0386747977519718	1.80137314927726	up	218038
Dctpp1	5150.86133816191	-1.04382814662769	0.099093344056087	-10.5337866692326	6.03565725919774e-26	2.96632798752264e-24	25.2192754300405	down	66422
Hecw2	625.895879403753	1.0438081022621	0.0985348325349916	10.5932904680324	3.20136678807147e-26	1.61342957661787e-24	25.4946645648719	up	329152
Pik3ca	568.029849429738	1.04350681838842	0.14621476185431	7.13680893197489	9.55224764154658e-13	1.11752571548497e-11	12.0198944270058	up	18706
Usp49	31.7810113766874	1.04323166513551	0.331785934815179	3.1442914110167	0.00166489555936922	0.00517091385429197	2.77861300504792	up	224836
Ppp2r5e	1144.08507533202	1.04316604239109	0.100449671946912	10.3849621623694	2.90284402585344e-25	1.32496268618199e-23	24.5371762988328	up	26932
A930015D03Rik	27.6348900287193	1.04304886659953	0.312927795662191	3.33319341093468	0.000858552365811591	0.00282021757822118	3.06623321070756	up	77810
CT010467.2	1983.76130840316	-1.0422226184733	0.183105695079509	-5.69191809146485	1.25620116501309e-08	8.77728233782577e-08	7.90094080816286	down	NA
Ptprm	2225.62909219492	1.04213946568257	0.135016794960359	7.71859134997642	1.17622348250049e-14	1.71410559979924e-13	13.929510154454	up	19274
Tppp	155.035361108808	1.04198446079214	0.217925424739454	4.78138088769548	1.74095146246504e-06	8.99264418524052e-06	5.75921333679619	up	72948
Sv2c	25.7862713824939	1.04143691235049	0.354025552454549	2.94169984378232	0.00326416148036372	0.00949843942134173	2.48622836453332	up	75209
Rbm34	176.921751707777	1.04130136714985	0.117076645365054	8.89418520579395	5.88494789505166e-19	1.38966470250612e-17	18.2302573780188	up	52202
Tasp1	260.66776174865	1.04103309974355	0.162010537043513	6.42571229465125	1.31253443786039e-10	1.16972983139977e-09	9.88188929289227	up	75812
Kctd12	293.765264528983	1.04095165154789	0.101270184545509	10.2789548199164	8.76731708086371e-25	3.77237208467519e-23	24.0571332863646	up	239217
Tgfbr3	1497.31318642882	1.04004935627362	0.138707190003862	7.49816470396857	6.4717550690008e-14	8.63905894311989e-13	13.1889779274579	up	21814
Ulbp1	212.159467809923	1.03974807529071	0.209482051779528	4.96342319763513	6.9261437244689e-07	3.80030244881898e-06	6.15950850064447	up	77777
Shroom4	286.574533452865	1.0394642048221	0.112522056356009	9.23787067606841	2.5145117484434e-20	6.9474555567398e-19	19.5995463309032	up	208431
Rps17	5625.63862855466	-1.03941417493341	0.0694906981831831	-14.9576015511232	1.38943999069592e-50	4.87917539958575e-48	49.8571602054698	down	20068
Phex	14.8330214494526	1.03920452068458	0.365564497320441	2.84273918365122	0.00447276560881594	0.012648532645167	2.34942386003549	up	18675
Secisbp2l	652.920277241725	1.03919288339621	0.139794735829494	7.4337054055004	1.05597007544461e-13	1.37339190457467e-12	12.9763483888604	up	70354
Ap4e1	174.486610546877	1.039058378723	0.230347910810021	4.51082180458741	6.45769528354121e-06	3.07517370326464e-05	5.18992245170021	up	108011
Cdon	433.757061027035	1.03858298467917	0.206116741632849	5.03880944580995	4.68436573562361e-07	2.63944127318834e-06	6.32934920438483	up	57810
Atp5l	7501.11846333299	-1.03855633916247	0.193273429184321	-5.37350810996385	7.7219330523923e-08	4.86463907455686e-07	7.11227396794153	down	NA
4930563E22Rik	25.1246877676722	1.03824942843642	0.414173987282936	2.50679535730272	0.0121831224276117	0.0307894302372562	1.914241391564	up	75304
Ripk1	165.612270423226	1.03796408449964	0.170908986455813	6.0731978231466	1.25387831145679e-09	9.98151319818543e-09	8.90174460961951	up	19766
Dennd5b	497.661149114214	1.03792261333491	0.116389937651741	8.91763183549894	4.76365004961969e-19	1.13472854354836e-17	18.3220601504431	up	320560
Adam9	799.943357489335	1.0377317332702	0.143788532760503	7.21706879782036	5.31201066394086e-13	6.37356257116674e-12	12.2747410617865	up	11502
Rufy2	148.117353257422	1.03750955576251	0.161514040029986	6.42364933457114	1.33045496490348e-10	1.18327881927609e-09	9.87599982146955	up	70432
Lims1	2821.73230751699	1.03725375351171	0.117163643225811	8.8530343112718	8.51714662303808e-19	1.97481699975277e-17	18.0697058762923	up	110829
Slc35a3	75.0023158861382	1.03675714465171	0.155558817656208	6.6647275948252	2.6515669987714e-11	2.59227286471715e-10	10.5764973948215	up	229782
Kmt2e	1506.44657645459	1.0364833446524	0.0800075661205128	12.9548165868611	2.20662869647392e-38	3.19056183452921e-36	37.656270738265	up	69188
Fry	1854.17485084479	1.03645752608162	0.102758134025565	10.0863793986738	6.34674058532218e-24	2.52155540189114e-22	23.1974492525393	up	320365
CAAA01147332.1	64.6067456957093	-1.03632232005027	0.161305772501712	-6.42458297665245	1.3223151721071e-10	1.17752105456327e-09	9.87866501898549	down	NA
Ryr2	5739.09838720356	1.03627439540888	0.169007926885992	6.13151355976294	8.70469142571142e-10	7.05579083099736e-09	9.0602466196628	up	20191
Gm49602	32.0602600279216	1.03627255908747	0.376670834016043	2.75113564817003	0.00593890451759203	0.016288968147772	2.22629365701229	up	NA
Dtx3l	204.326044647171	1.03607300196959	0.16040750595773	6.45900574155561	1.05393114448269e-10	9.50940276737555e-10	9.97718776155993	up	209200
Golga3	506.918628008763	1.03593925271991	0.13367076665476	7.74993125756134	9.19423080459667e-15	1.3525458991735e-13	14.0364845982685	up	269682
Pip5k1b	1077.42155190787	1.03551922856688	0.114560559282712	9.03905528264253	1.5803162581854e-19	3.98225064504775e-18	18.8012559918807	up	18719
Ric1	271.557737974998	1.03528312697486	0.134795536098167	7.68039622781644	1.58597275627795e-14	2.28220745867042e-13	13.7997042772326	up	226089
5031434O11Rik	24.7850371786722	-1.03524544728029	0.360684932121492	-2.87022094655061	0.00410185071397318	0.0116983879675955	2.38702014973983	down	100039684
Gpr155	75.9341987239052	1.03501019460129	0.191818540564125	5.39577765297031	6.82273954236162e-08	4.32067147516862e-07	7.16604120756725	up	68526
Npnt	447.904004526575	1.03457179317285	0.417138256966966	2.48016521115871	0.0131321520450432	0.0328447115823873	1.88166409761944	up	114249
Gm47283	468.932585208466	1.03447760158158	0.12656642729965	8.17339656062516	2.99826430429637e-16	5.24744456858043e-15	15.5231300856845	up	NA
Tnrc6c	1064.49334777252	1.03429009050206	0.0630907399679675	16.3936909129167	2.12161989581659e-60	1.28310856588108e-57	59.673332420593	up	217351
Macf1	3276.14381002126	1.03366032949699	0.104971989634863	9.84701093208291	7.06127639960443e-23	2.5751777181271e-21	22.1511167885798	up	11426
Clcn3	898.082401851119	1.03364650132768	0.0979013273350775	10.5580437922963	4.66277454098668e-26	2.31776089740553e-24	25.3313555834674	up	12725
Rpl18a	29631.6916750894	-1.03341005695424	0.0813373090365032	-12.7052403035667	5.52993026713515e-37	7.08221422212156e-35	36.2572803451491	down	76808
Wwc2	1403.40245220224	1.0332024921179	0.111247961789206	9.28738356641201	1.58127527859236e-20	4.47110719032635e-19	19.8009925187036	up	52357
Uqcrh	23582.2157729407	-1.03309575956864	0.134993358909565	-7.65293765496073	1.96439165316523e-14	2.79717037754829e-13	13.7067719198835	down	66576
Oga	404.444074020885	1.03297408393261	0.106033964137111	9.74191705779181	1.99749932548668e-22	6.83798039536102e-21	21.699513358666	up	76055
Pwwp2a	317.47942451509	1.03255447235501	0.120985767454876	8.53451190232044	1.40748346567853e-17	2.87734554129136e-16	16.8515566982931	up	70802
Ddx6	1018.85804761267	1.03250501578533	0.0759759551330076	13.5898918806322	4.59759070567105e-42	9.35502288260468e-40	41.337469693828	up	13209
Gm36660	17.9510460356607	1.03246301281846	0.347410253225921	2.97188411462069	0.00295978377799545	0.00869054786439877	2.52874001443206	up	102640645
Ugcg	383.356133941128	1.03219505118941	0.106908579060194	9.65493190783351	4.68470395390233e-22	1.53376502984002e-20	21.3293178487995	up	22234
Kmt2a	597.50997365324	1.03210406948428	0.131310133242596	7.86004890862053	3.839835011616e-15	5.9460090948011e-14	14.4156874358106	up	214162
Zfp229	89.3612659793519	1.03155400589951	0.251533340770985	4.10106271692512	4.11257068310466e-05	0.000172223290849307	4.38588662472136	up	381067
Abcg4	89.3055404295921	-1.03143968753236	0.374567688737316	-2.75368035884086	0.00589292905878645	0.016173055775608	2.22966878706759	down	192663
Plcl1	298.744129311795	1.03141032837088	0.163128063800836	6.3227031838626	2.57026721590467e-10	2.21798881588096e-09	9.59002172322119	up	227120
Zfp11	91.5114754093716	1.03133834791102	0.159208880258271	6.47789461390579	9.30112769339897e-11	8.48718156499088e-10	10.0314643932385	up	22648
Sntb2	446.438980709314	1.03112810962437	0.107248211098933	9.61440847412538	6.9507707744599e-22	2.23203807229411e-20	21.1579670336064	up	20650
Usp45	247.41145811028	1.0309924409593	0.149950874229146	6.87553471268061	6.17577658212548e-12	6.55577804710073e-11	11.2093084236349	up	77593
Zfp281	356.259172711923	1.03055078321804	0.129763077514036	7.94178747114386	1.99288197956537e-15	3.17544209344268e-14	14.7005184198852	up	226442
Ahctf1	515.054118808745	1.03051639169122	0.106493054381301	9.67684134592889	3.7822081789461e-22	1.25719444995442e-20	21.422254570552	up	226747
Msh3	288.204018478001	1.03041858681052	0.126732560611069	8.13065388911996	4.26980866018851e-16	7.36043342435663e-15	15.3695915862598	up	17686
Zfp74	125.49124828627	1.02988275591793	0.157444021494814	6.54126302250133	6.10014366403951e-11	5.66363871443361e-10	10.2146599368311	up	72723
Ago3	323.350549718328	1.02933751787942	0.112683895973861	9.13473490584845	6.55672164542019e-20	1.73454366542027e-18	19.1833132531833	up	214150
4930431P19Rik	34.9159125076471	1.02922444374304	0.223980768137366	4.59514650432763	4.32445325680877e-06	2.10961228562045e-05	5.36406879283747	up	73886
Pde3a	1099.14461947073	1.02868369132229	0.113982429599256	9.0249321315485	1.79806790977315e-19	4.51008462345405e-18	18.7451939097759	up	54611
Tmem91	30.3911840679407	1.02863465328015	0.275983038450669	3.72716620215057	0.000193644769930417	0.000720705187160642	3.71299422819524	up	320208
Tenm3	581.061516738623	1.02855052218565	0.30015009639435	3.42678724591946	0.000610767400009509	0.0020728959989099	3.21412415166443	up	23965
Eif3j1	255.445208761216	1.02847762330815	0.156994764125907	6.55103136104166	5.71410561872418e-11	5.32110810653819e-10	10.243051736441	up	78655
Rpl23a	2505.38278553989	-1.02841397247366	0.0701611647583077	-14.6578805528152	1.19959316060169e-48	3.84081504303236e-46	47.9209660190057	down	268449
Pggt1b	395.916817497319	1.02758278084514	0.189684786309032	5.41731786106985	6.04997291419057e-08	3.85484373098499e-07	7.21824656968537	up	225467
Atp5md	7646.82957142306	-1.02738490774208	0.131853998440186	-7.79183733444492	6.60417219266007e-15	9.87541462765076e-14	14.1801816117649	down	NA
Polr2k	761.62776902655	-1.02727651608575	0.0869262822114793	-11.8177896253118	3.15886707181562e-32	2.71837367144544e-30	31.5004686492426	down	17749
Cpeb2	407.252159047123	1.027269248191	0.125751193060173	8.169061646194	3.10797325660598e-16	5.4263667796973e-15	15.507522726859	up	231207
Mllt10	1230.09431786108	1.02721560043375	0.0976553039915644	10.5187896452863	7.07769185924976e-26	3.4706195306213e-24	25.1501083491216	up	17354
Spin4	78.9544518396031	1.02683179390238	0.178021057802156	5.7680355716319	8.02008802461838e-09	5.73631263048592e-08	8.09582086508289	up	270624
Rbpj	271.689251610637	1.02681093047099	0.173303232156025	5.92493814279555	3.12414966432251e-09	2.3535981484993e-08	8.50526816915054	up	19664
Cgn	57.8301971047497	1.02678980902035	0.400611106340307	2.56305876889026	0.0103754484593232	0.0267267231254595	1.98399312264477	up	70737
Sectm1a	12.4529291329302	-1.02672702752485	0.421717572147389	-2.43463183736155	0.0149069483187906	0.0367683333858285	1.82661125419677	down	209588
Tab2	998.914219495275	1.0266245372313	0.103243109911775	9.94375835935773	2.685013968298e-23	1.00616392629577e-21	22.5710534506203	up	68652
Smurf2	828.060909640358	1.02648226736543	0.104445088103034	9.82796114215359	8.53287392623614e-23	3.0860088226248e-21	22.068904671049	up	66313
Limch1	841.007291481539	1.02566343251748	0.0742286701292254	13.8176183236462	1.99563913294147e-43	4.67194141961308e-41	42.6999179884701	up	77569
Neb	113.990880857308	1.02498294996316	0.414924776255503	2.47028620275014	0.0135004991695992	0.033684720137579	1.86965017353502	up	17996
Chd7	952.512110099127	1.02491270788612	0.168696796576778	6.07547225960309	1.23623350594745e-09	9.85546535755687e-09	8.90789948979217	up	320790
Rpl36a	3740.4987287934	-1.02489129218572	0.0780943142824209	-13.1237632547652	2.40679885755347e-39	3.82487771727403e-37	38.6185602033289	down	19982
Mpv17l	59.445439012093	1.02481762652582	0.278181672474785	3.68398686156693	0.000229614081228136	0.00084488047600118	3.63900148207477	up	93734
Xpnpep3	377.374616807249	1.02464873257914	0.117374351309339	8.72974990829717	2.55236380387726e-18	5.6301990616024e-17	17.593057422915	up	321003
Rbm47	112.036334436509	1.02439194483035	0.335429047890695	3.0539750545521	0.0022583085817233	0.00680336162187348	2.64621671512004	up	245945
Tbck	618.193875037309	1.02420108820296	0.105375892260269	9.71950098105242	2.48998765632709e-22	8.43110594923071e-21	21.6038028058369	up	271981
Kif5b	1152.51990929644	1.0238114134232	0.139642035496896	7.33168497422794	2.27276846790477e-13	2.83406157406773e-12	12.6434448045887	up	16573
Jade1	347.388847883346	1.02380640942598	0.129584461017553	7.90068810246706	2.77367914715945e-15	4.36018356620617e-14	14.5569437785466	up	269424
Gm16712	20.1878582738216	-1.02366302095446	0.374657698960119	-2.73226207227474	0.00629010848929237	0.0171528359254601	2.20134186395144	down	100504333
Cdv3	1618.99521778204	1.02326397144651	0.133705102323843	7.65314078267634	1.96128987654993e-14	2.79641147296955e-13	13.7074582133275	up	321022
Vkorc1l1	350.488905446259	1.0232062759604	0.0966955130498426	10.581734805347	3.6218913058106e-26	1.80861966766304e-24	25.4410645871514	up	69568
Scaf11	1474.33663221422	1.02273221991948	0.11126884626077	9.19154151668471	3.8725143111425e-20	1.04476309271616e-18	19.4120069686007	up	72193
Fam199x	144.939096091146	1.02159729709994	0.265317770324691	3.85046691689642	0.000117892854963942	0.000456142000883666	3.92851251503861	up	245622
Hk3	38.8845911593254	-1.02154740497592	0.3972264479879	-2.57170037430901	0.0101200433956472	0.0261306433598235	1.99481762519882	down	212032
Ltf	52.6045723236692	-1.02152831409945	0.406015563430023	-2.51598314475821	0.0118700859394198	0.0300751205717499	1.92554613674207	down	17002
Gm10076	227.492647911176	-1.02090356451484	0.388436344342631	-2.62823903937869	0.008582818049896	0.0226369496280609	2.06637009413519	down	100126819
Fmo2	128.648565651874	1.02058859813604	0.329484815482212	3.09752847530281	0.00195141647711372	0.00595963522790293	2.70965003229197	up	55990
Fras1	988.221490043695	1.02032033673032	0.201460951208143	5.06460597257953	4.09245932810274e-07	2.32579025036421e-06	6.38801562802312	up	231470
Comtd1	231.740424583933	-1.02004779346689	0.134379778124953	-7.59078343259653	3.17977026450988e-14	4.38997832586614e-13	13.4976042562608	down	69156
N4bp3	1046.38701473539	-1.01969380937388	0.102425742141964	-9.95544467679388	2.38753102986748e-23	9.00889524822788e-22	22.622050975341	down	212706
Prkn	443.931804968126	1.01918940023414	0.174783511377586	5.83115302010597	5.50456759183025e-09	4.01223453663637e-08	8.25927679110782	up	50873
Dennd6a	217.794470362255	1.0185108301036	0.162043622168941	6.28541140015826	3.26986607958929e-10	2.78636102876e-09	9.48547003391047	up	211922
Bpgm	3156.89084683337	-1.01850643359054	0.246104812392141	-4.13850677559145	3.49573550785534e-05	0.000148274212891148	4.45646143411096	down	12183
Zfp382	108.563918237777	1.01827837263066	0.172886139765082	5.8898785872268	3.86479453830325e-09	2.86986039181236e-08	8.41287358926259	up	233060
Ripk2	149.606131389368	1.01819361257649	0.15817072130474	6.43730776579559	1.21611192916956e-10	1.09049377767214e-09	9.91502645139254	up	192656
Gm27029	25.7937461187573	-1.01811892434437	0.274922057621215	-3.70330024863676	0.000212812759766701	0.000786514922023529	3.67200233629176	down	NA
Vezf1	856.412401557381	1.01800145424916	0.128609174150746	7.91546529220331	2.46330108501091e-15	3.89194421065729e-14	14.6084825018567	up	22344
Rtn4rl2	9.01188005909563	-1.01799313051624	0.401468683194766	-2.5356725770373	0.011223161377341	0.0286191929617555	1.94988479233609	down	269295
Crebbp	2707.69341285732	1.01793860657235	0.0800617027756631	12.7144261398569	4.91705958609487e-37	6.37227507788438e-35	36.3082945287944	up	12914
Tiam1	207.471253145888	1.01721152314123	0.203789034238722	4.99149292767955	5.99143770564978e-07	3.31922599815285e-06	6.2224689517826	up	21844
Gm20186	48.4092755958645	1.01670801536822	0.296168407172379	3.43287126765166	0.000597225587684025	0.00203010077986832	3.22386159352585	up	100504344
Nkap	367.550177051203	1.01640943600595	0.130957840341346	7.7613484870905	8.40310662393076e-15	1.24119699739634e-13	14.0755601258188	up	67050
4933431K23Rik	70.7423572556837	1.01635427460784	0.286221750143025	3.55093305837158	0.000383868038968494	0.00135558613782693	3.41581804593795	up	74475
Gpr39	23.5355077579996	1.01626765482485	0.266288649538111	3.8164137171735	0.000135405394820787	0.000518201134828295	3.86836403214848	up	71111
A630001G21Rik	38.6317025113179	1.01574352468762	0.208668687179703	4.86773333563401	1.12885509978973e-06	6.00181519722151e-06	5.94736180067945	up	319997
Usp38	343.512849689781	1.01526795830025	0.181863904902115	5.5825698829391	2.36990334081683e-08	1.59761884171352e-07	7.6252693668194	up	74841
Crebl2	62.1377347630744	1.01512652446064	0.187871444006075	5.40330399774762	6.54244393600245e-08	4.15404168488321e-07	7.18425999026074	up	232430
Dnajc13	562.995798611401	1.01495954963568	0.112601171411933	9.01375657916219	1.99116358064177e-19	4.96013884184583e-18	18.7008930597858	up	235567
Atf6	658.941037646578	1.01462929778631	0.120643023780233	8.41017794476533	4.09389154349633e-17	7.89479244331284e-16	16.3878636669703	up	226641
Zyg11b	594.268064073262	1.01450634174318	0.144981160648542	6.99750462201436	2.60561469642379e-12	2.88993597404681e-11	11.5840898048892	up	414872
Hnrnpu	4043.36320612329	1.01435809209414	0.20163567273639	5.0306479916392	4.88824900037238e-07	2.74508530400071e-06	6.31084667986586	up	51810
Fut8	305.511812413638	1.01409165519604	0.0945882036969259	10.7211218266216	8.10146829189596e-27	4.28119338959123e-25	26.0914362634325	up	53618
BC065397	30.0406371997251	1.01398661957973	0.272745337369366	3.71770468877544	0.000201041081240339	0.000745667192634526	3.69671518868403	up	436230
Zfp185	49.9463589468362	1.01389868233269	0.298879953720991	3.39232748703909	0.000693015563732051	0.00232521726823458	3.15925701190039	up	22673
Acap2	735.586685728766	1.01383241767273	0.127552644289737	7.94834496233413	1.89019700089343e-15	3.02375966961438e-14	14.7234929302488	up	78618
Pf4	537.930017431802	-1.01373143608276	0.221681680416379	-4.57291479466729	4.80985769893137e-06	2.33385829777432e-05	5.31786777216734	down	56744
Cdk12	698.010390151803	1.01357159641885	0.107741194711982	9.40746572495662	5.08243072709917e-21	1.50346035041309e-19	20.2939285320295	up	69131
Evl	431.316986568192	1.01324435508297	0.14336035139957	7.06781439352701	1.57392865827765e-12	1.79130030047156e-11	11.803014956868	up	14026
Tnks2	1338.74868348469	1.01303622578991	0.10703970216558	9.46411663424518	2.96052761234575e-21	8.95230655222106e-20	20.5286308839711	up	74493
Kcnab1	73.5218039537758	1.01294551948466	0.259080632306446	3.90976936588036	9.23842849961988e-05	0.000363855038519761	4.03440189804265	up	16497
Rpl37a	5033.61167842012	-1.01293561125479	0.118906596555601	-8.51875035192969	1.61284080578058e-17	3.25739981664702e-16	16.7924084972006	down	19981
Znrf2	270.966979652144	1.01275059854994	0.166898204571919	6.06807365691897	1.29453536698794e-09	1.02826063517189e-08	8.88788608004727	up	387524
Cflar	512.311813755625	1.01263340563356	0.132796056403147	7.62547799280551	2.43131789320406e-14	3.39978504629665e-13	13.6141582537283	up	12633
Mss51	98.2535286490061	1.01242717671232	0.202377585768346	5.00266456321506	5.65432780954131e-07	3.14366764732721e-06	6.24761901690274	up	74843
3110070M22Rik	34.1044940525659	-1.01226995258477	0.251285660972522	-4.02836337205672	5.61664863091635e-05	0.000230466780988147	4.25052274408312	down	67304
Slc30a5	730.266210524425	1.01225667239258	0.155439460451653	6.51222456287044	7.40459083271255e-11	6.81084713180471e-10	10.1304989349827	up	69048
Mgat5	516.521806727701	1.01174606360825	0.137639788717609	7.35068015604134	1.97200788544587e-13	2.48176622438887e-12	12.7050913527828	up	107895
Smarca2	520.355629802011	1.01162814503557	0.108030803723497	9.36425639880289	7.65876698029069e-21	2.23521011655347e-19	20.1158411437824	up	67155
Tmem47	645.578974904593	1.01146134891655	0.196160268672686	5.15630079302289	2.51876173586946e-07	1.4729648271112e-06	6.59881291296684	up	192216
Slc12a2	457.920971363767	1.01103523699033	0.173917613102169	5.81329986627858	6.12531928325111e-09	4.43795179484004e-08	8.21287126870381	up	20496
Ccnt1	668.263422397903	1.01003558384534	0.0733381286254768	13.7723119307201	3.74048434324933e-43	8.34576112977978e-41	42.4270721587671	up	12455
Galnt17	149.192763979256	1.00878003824412	0.152619894073422	6.60975454326301	3.84957770993881e-11	3.67762202285159e-10	10.4145869090115	up	212996
Aifm3	54.4802254264549	-1.00802387670565	0.276681500651285	-3.64326445509674	0.000269202001092806	0.000979456211195282	3.56992171614073	down	72168
Ccdc15	46.4898070121311	1.00801208067752	0.191716701353772	5.25782090740989	1.45772375631691e-07	8.82825079903525e-07	6.8363247685242	up	245902
Nepro	69.4349810459521	1.00775206973213	0.202183143177605	4.98435257209788	6.21696268435676e-07	3.4319399483726e-06	6.20642173935962	up	212547
Colec12	705.092616970148	1.00712777134739	0.1122296984761	8.97380804744718	2.86436242682354e-19	6.96014495053595e-18	18.5429720317513	up	140792
Asb4	379.755795589102	1.00678194772355	0.0712948851796509	14.121376942913	2.80457317333803e-45	7.35676712408621e-43	44.5521332244502	up	65255
Taf6l	1396.3062361851	-1.00676861917724	0.0947332327610519	-10.6274069809972	2.22204751977592e-26	1.13564362912116e-24	25.6532466576563	down	225895
Satb1	410.8560747177	1.00635996612464	0.089958735228979	11.1869065695852	4.72636337586928e-29	3.08090968321634e-27	28.3254728916609	up	20230
BC049762	13.9138073933053	-1.00623456372023	0.387100771541905	-2.5994124468215	0.00933834967787028	0.0243957942388519	2.02972986778729	down	NA
Csgalnact2	211.850473579785	1.00615291701263	0.264973346053065	3.79718538486935	0.000146348342267727	0.000556461073673237	3.83461219258828	up	78752
Itgae	24.4259684844772	1.00614387071404	0.305289164423479	3.29570776812235	0.000981740792294129	0.00319164708523634	3.00800316326824	up	16407
Grina	4175.70232738535	-1.00599522069135	0.128613514886851	-7.82184688425931	5.20539015628872e-15	7.91422866499427e-14	14.2835467135361	down	66168
Pcmtd2	665.344514136866	1.00557622018041	0.162110714026806	6.20302135005176	5.53893217373789e-10	4.59243362506655e-09	9.25657395291645	up	245867
Atp5l2-ps	12.4856523349287	-1.00548297159858	0.369627904153225	-2.72025721083485	0.00652311547230349	0.017719434817591	2.185544933521	down	100040708
Abca5	124.555119927638	1.00462169870676	0.177622887892256	5.65592481142496	1.55009319789105e-08	1.06799459191405e-07	7.80964218949873	up	217265
2510009E07Rik	712.812228585823	1.00440067534479	0.152310418734577	6.5944318431368	4.2688746618452e-11	4.04623156890264e-10	10.3696865963013	up	72190
Rps28	1964.32013672356	-1.00433707192427	0.135510083735621	-7.41153015508221	1.24850400942113e-13	1.61320055152028e-12	12.9036100586257	down	54127
Slc36a4	252.810616061499	1.00368624332066	0.130275232109707	7.70435198668798	1.31508905869346e-14	1.90880793239161e-13	13.8810448354712	up	234967
Pgm2l1	99.3013748825178	1.00345829147414	0.218326470312718	4.59613664818948	4.30396495157276e-06	2.10055872955934e-05	5.36613127391242	up	70974
Pstpip2	39.0894969158759	1.00268510815375	0.251699782738257	3.98365504032413	6.78633618471941e-05	0.000274071807482306	4.16836462987332	up	19201
Cbx5	3359.89210224516	1.00265658705099	0.0971685574939883	10.3187349170335	5.79820755544652e-25	2.56062018047022e-23	24.2367062424871	up	12419
Ndufb1-ps	3492.1631858146	-1.00251756415589	0.135432120527377	-7.40236186402497	1.33783333338592e-13	1.71943963013449e-12	12.8735979873898	down	NA
Pla2r1	49.1338857529864	1.0022710034126	0.322845041594174	3.10449557615472	0.00190603778071629	0.0058290996131547	2.71986849520137	up	18779
Gm11827	16.0720992962588	-1.00223525480069	0.305414233394411	-3.28156040293776	0.00103234410809036	0.00333970221713869	2.98617551653133	down	100503518
Isg20	364.623799313842	-1.00214175626842	0.418332444516549	-2.39556307287272	0.0165948588338434	0.0403871301733108	1.78002643761775	down	57444
Oas1a	15.5385193711757	-1.00155053275082	0.374353867296908	-2.67541120913938	0.0074637640848295	0.0200025937536814	2.12704209625458	down	246730
Gm12295	819.676308807339	1.00128103897673	0.17021487630928	5.88245317146899	4.04229728446096e-09	2.99655759200831e-08	8.3933717501346	up	327946
Atp5mpl	10577.7320980463	-1.00105659130344	0.125804278448051	-7.95725394758185	1.75899453784658e-15	2.83051212697677e-14	14.7547355091422	down	NA
Cox7a2	20175.8495421652	-1.00104034255524	0.112563663440336	-8.89310379530994	5.94252581507841e-19	1.40174075889369e-17	18.2260289229659	down	12866
Ocrl	254.868067222767	1.00079424692434	0.151544988544904	6.60394155249677	4.00367426018732e-11	3.81646217131341e-10	10.3975412640493	up	320634
4632415L05Rik	212.341978852735	1.00045744721761	0.120354862485583	8.31256358535116	9.36564385917512e-17	1.74729047216761e-15	16.0284623608541	up	70808
Tarsl2	178.628711011275	1.00030229111127	0.209437985747858	4.77612639149198	1.78704096815577e-06	9.21759203001362e-06	5.74786549112052	up	NA
D630033A02Rik	18.2708646507989	1.00010023792596	0.318588069978517	3.13916411871102	0.00169430526292331	0.00524940820913094	2.77100834013313	up	402753
