geneID	baseMean	log2FoldChange	lfcSE	stat	pvalue	padj	-log10(P.Value)	trend	ENTREZID
Col9a2	1445.72528835283	12.6634133571279	0.92267297357256	13.7247038981705	7.22235873618569e-43	1.97359285957123e-40	42.1413209438687	up	12840
Nptx1	5585.72177862819	12.3382945859383	0.487579132649385	25.3052145995154	2.79881950920267e-141	9.94252642449156e-138	140.553025107495	up	18164
Cyp1a1	116234.069210239	12.1103909524443	0.214866838279946	56.3623081597446	0	0	Inf	up	13076
Cyp1b1	11508.0880449885	10.8955567661203	0.572783079541768	19.0221344786177	1.11836517148435e-80	1.32429347839366e-77	79.951416366337	up	13078
Ovol1	153.754783123614	10.5847475666618	0.939508899010897	11.2662557830004	1.92586578855221e-29	2.40895972790594e-27	28.715373981657	up	18426
Adra2a	136.644088610187	10.4148390304351	0.957332084745662	10.8790243180892	1.45107796906689e-27	1.60087247742647e-25	26.8383092515004	up	11551
Mroh9	112.44509596606	10.1319338043633	0.939512560846367	10.7842451784103	4.08583788131115e-27	4.3510492364717e-25	26.3887188693846	up	78258
Gm11762	104.470786246903	10.0269901630945	0.937197974045426	10.6989029434335	1.02990301485412e-26	1.08243416271236e-24	25.9872036705345	up	100503830
Fmo3	13118.7207995314	10.0197751519038	0.739786333761997	13.5441474039548	8.5804356290026e-42	2.27471190510962e-39	41.0664906624462	up	14262
Ecel1	97.2498562635372	9.92233649393203	0.951900417878934	10.4237127199097	1.93258492514963e-25	1.86557464350585e-23	24.713861412435	up	13599
Hmx1	158.126170263196	9.4680360014004	0.969633193672959	9.76455433165978	1.59813097606516e-22	1.18275009986956e-20	21.7963876306219	up	15371
Ahrr	1257.14255867711	9.33671439011288	0.380292677446413	24.5513914514658	4.17951078614449e-133	1.23727450972497e-129	132.378874549639	up	11624
Mup-ps20	32.1594104764872	-8.59869703941639	1.55593863952723	-5.52637284078832	3.26919007354892e-08	4.58305872820646e-07	7.48555982842737	down	NA
4632432E15Rik	33.9645496935146	8.40883362077423	1.03264973114078	8.14296790789349	3.8570452216952e-16	1.62728829519597e-14	15.4137452692445	up	74046
Adm2	31.1903223105327	8.28142831794008	1.08260649934108	7.64952761966654	2.01718948018859e-14	6.82934152892018e-13	13.6952533053889	up	223780
A530058N18Rik	30.2562325605491	8.23885427856174	0.991072669003927	8.31306778628267	9.3259211430072e-17	4.17246879954896e-15	16.0303082611206	up	NA
Inpp5j	29.2010299080761	8.18451568456793	1.02194224978587	8.00878492525661	1.15847301161059e-15	4.60331043226562e-14	14.9361140793061	up	170835
Duoxa1	26.6202115123587	8.05529507127373	1.03090147435649	7.81383601793953	5.54732569004932e-15	1.99456677948696e-13	14.2559163354302	up	213696
Adra2c	108.292169197425	7.96148879475933	0.777295923369079	10.2425454134011	1.27828274934956e-24	1.15841113234423e-22	23.8933730719207	up	11553
1810058N15Rik	24.7843848710772	7.95384605217114	1.01786571241186	7.81423910362823	5.52960402623294e-15	1.99222772239248e-13	14.2573059673172	up	76513
Krt25	34.3062773409273	7.83917989341078	0.980149999106146	7.99793898950138	1.26519030176836e-15	5.00496885078165e-14	14.8978441457989	up	70810
Wfdc15b	17.5729108271742	7.4568251413606	1.76975135340871	4.21348746364738	2.51457550335616e-05	0.000201642844652876	4.59953531959817	up	192201
Duox1	16.8497254256685	7.39356979048836	1.1024118111735	6.70672222081693	1.99044640848426e-11	4.56774019476711e-10	10.7010495110278	up	99439
Pkp1	267.803842620164	7.36461786482001	1.12719407929015	6.53358458860771	6.42138986190019e-11	1.36431491300324e-09	10.1923709619583	up	18772
Slc7a11	16.20879101895	7.33925546062772	1.06953203335937	6.86211841413978	6.78467849010954e-12	1.65081451152501e-10	11.1684707277065	up	26570
Slc13a2	13.3619345652818	-7.32827828870871	1.09165003737212	-6.71302893585727	1.9062529327218e-11	4.38586328899023e-10	10.7198194751576	down	20500
Gm12153	61.6845288036915	7.21632778856882	0.891141286754586	8.09784923651074	5.59393329089781e-16	2.29467536057568e-14	15.2522827170077	up	102638460
Mmp8	14.420625747821	7.17068724468613	1.28953203437973	5.56068950092832	2.68710899898527e-08	3.84286876328313e-07	7.57071471663429	up	17394
Smcp	13.8362381385531	7.11376300656026	1.16974944528403	6.0814416585023	1.19106705433074e-09	2.12193911926004e-08	8.92406378805032	up	17235
Amn	250.852957901989	7.1073320100937	0.764496588187836	9.29674784676401	1.44807121749392e-20	9.49101142624613e-19	19.8392100786057	up	93835
Gm31479	30.6766009791513	7.09841172724785	0.999324674411247	7.10320870584916	1.21893112282826e-12	3.30040466519445e-11	11.9140208340213	up	102633721
Mmp12	192.442763597616	7.09106311587418	0.895040124465807	7.92262036308863	2.32556790390199e-15	8.77000787879132e-14	14.6334709750691	up	17381
Gm37273	13.4561263645493	7.06980861337934	1.10709059884313	6.3859350090833	1.70353344221607e-10	3.41129210830234e-09	9.76864933633893	up	NA
Igkv6-32	12.682325184971	6.98822412368205	1.07409167879329	6.50617099234313	7.70904734210918e-11	1.61853544787876e-09	10.1129992872704	up	434039
Tinag	19.0349740472507	6.9879153779744	1.03887718363856	6.72641144499864	1.73898398513587e-11	4.04291014973603e-10	10.7597044175368	up	26944
Serpina4-ps1	1769.49490384199	-6.98322288454644	0.591467061771563	-11.8066133110275	3.60803529362233e-32	5.34049357377665e-30	31.4427292228622	down	321018
Gm37359	12.5449226766234	6.96969881650879	1.1395795077789	6.11602680544254	9.59371947080252e-10	1.73174436219913e-08	9.01801298485529	up	105244462
Gm19689	12.1775454060049	6.92785748883457	1.21390176280285	5.70709896065922	1.14917974440641e-08	1.75811633248464e-07	7.93961203754439	up	100503434
Cyfip2	3478.88192250859	6.66787189522318	0.135410566889391	49.2418874567579	0	0	Inf	up	76884
Gpnmb	491.575381027628	6.6476450911599	0.716785270438908	9.2742490189417	1.78874653848396e-20	1.15533512787462e-18	19.7474511936619	up	93695
AI314278	9.95795080385221	6.63732657527354	2.12234545100771	3.12735448987443	0.00176387108829124	0.008659446730301	2.75353315825724	up	101521
Gm19089	9.74558222358826	6.60529422157682	1.13003289580922	5.84522295419264	5.05890236301194e-09	8.17618050698982e-08	8.29594370240885	up	100418234
Sorcs3	172.876702289646	6.59560520136755	0.736932713698263	8.95007790910489	3.55231549627581e-19	1.99041728217195e-17	18.449488469637	up	66673
Apol7c	229.535975772492	6.55597324494795	0.399897065653776	16.3941519156432	2.10558711210868e-60	1.16873244641482e-57	59.6766267862905	up	108956
Insl6	217.266000956048	6.37645492474416	0.340813036826366	18.7095393536626	4.13937300641061e-78	4.59522145874158e-75	77.3830654367723	up	27356
Fgf21	912.582680512386	6.30087068804601	0.558311642303275	11.2855799711649	1.5461838531346e-29	1.97577824455947e-27	28.810738866398	up	56636
Ccr1	33.4767337486705	6.29831870729007	0.812147364017357	7.75514270727285	8.82441865842642e-15	3.06730575755323e-13	14.0543138957706	up	12768
Rtn4rl2	325.346289015756	6.29134489064007	1.02340729999731	6.1474496914929	7.87386618773254e-10	1.43736496635668e-08	9.10381197009229	up	269295
Siglecf	34.4223186983649	6.27158446030039	0.825482369855981	7.59747838272376	3.01956639419014e-14	1.00062571443293e-12	13.5200554166887	up	233186
Fabp12	370.133151330246	6.25146649978222	0.270969752740471	23.0707170691843	9.11409739596785e-118	1.79871775496868e-114	117.040286334728	up	75497
Kif14	16.3371137033522	6.17471293592749	1.06632438063172	5.79065155789595	7.01138980864665e-09	1.10535628616322e-07	8.15419588696911	up	381293
Klrb1a	7.21280018385228	6.17035589947963	1.18825849471007	5.1927723866053	2.07185423757682e-07	2.50342006583942e-06	6.68364080203628	up	17057
H2-M2	16.1409776222256	6.15930889282618	1.05022806249588	5.86473463505488	4.49851553775896e-09	7.3170909323878e-08	8.34693077514004	up	14990
Folr1	7.12982824523878	6.15910960441161	1.59822220989593	3.85372544961232	0.000116334042090222	0.000791089301533893	3.93429318184414	up	14275
Ivl	7.17889400882872	6.15884434673511	1.24777114958445	4.93587654177307	7.97915725939892e-07	8.68950283515902e-06	6.09804297543122	up	16447
Sapcd2	44.1945311547687	6.06398131250108	0.721331555969159	8.40664915089387	4.21890711854565e-17	1.961681367529e-15	16.3748000357338	up	72080
Ism2	309.001044239081	6.04492792803156	0.893984068781428	6.76178484508262	1.36302018409476e-11	3.210870624654e-10	10.8654977129283	up	217738
Gm49719	5.43137852977918	-6.02865733388449	1.33699563862556	-4.50910770365863	6.51008546696892e-06	5.94815525022129e-05	5.18641330980518	down	NA
Gm28577	5.41125841533256	-6.02819074851366	1.53784551779277	-3.91989356457973	8.85880838173225e-05	0.000619488797150898	4.05262469211324	down	NA
Disp3	6.50263090882546	6.02186745477698	1.62846506808375	3.69787941589871	0.000217408116377174	0.00137777075963683	3.66272424667096	up	242748
Vsig8	6.48957104826896	6.01814383205517	1.45497278423662	4.13625869655885	3.53014201274981e-05	0.000274048874259013	4.45220782319206	up	240916
Serpine1	367.945823807555	5.99270533018669	0.863597572355338	6.93923364541478	3.94232654700392e-12	9.93242611743031e-11	11.4042474055035	up	18787
Pou3f1	5.9168572244473	5.88395363221963	1.45035913126063	4.05689425839337	4.97295828275764e-05	0.000372227918324236	4.3033851839699	up	18991
Gm41333	196.517866195304	5.86974082769923	0.40500702418164	14.4929358683585	1.34278541430841e-47	4.41676935721222e-45	46.8719933848203	up	105245962
Gm5640	5.85542729679679	5.86748557074038	1.27678308144999	4.59552265062668	4.31665896016763e-06	4.11112581504007e-05	5.3648522616444	up	NA
Gm19596	5.83640474041857	5.8652119714566	1.31499283596729	4.46026153986019	8.18596946894389e-06	7.26311992911419e-05	5.08692987946768	up	100503219
Ddn	5.66326022949253	5.82768886396754	1.5904229434111	3.6642384267096	0.000248075616707138	0.00155645323346951	3.60541592033055	up	13199
Pnliprp1	99.1851448545976	5.80924957201581	1.15908152109404	5.01194218550958	5.38833949245301e-07	6.05361708190704e-06	6.26854504935325	up	18946
Gm29685	17.8874327360033	5.8077093538053	1.06555643290186	5.45040053673083	5.02565037674762e-08	6.80378063961823e-07	7.29880772758799	up	628877
Rncr4	5.33820941176896	5.73374941996426	1.33522103383347	4.29423239649128	1.752987785173e-05	0.000145634092798142	4.75622111006162	up	NA
Sprr1a	11.8162091873838	5.71355209354411	1.09136118821525	5.23525314555826	1.64758892233288e-07	2.02522314453125e-06	6.7831511367119	up	20753
Hrk	224.902187777532	5.66355865631077	0.699514602465569	8.09641233556599	5.66037339683312e-16	2.31657954549654e-14	15.2471549188408	up	12123
Tuba8	1670.73241905477	5.66135202458773	0.244427002026018	23.1617291774708	1.10743177580374e-118	2.45877540022826e-115	117.95568301933	up	53857
Mmp24	5.06477622540479	5.6601884377678	1.50586995426387	3.75874983210934	0.000170764472660777	0.00111799431013664	3.76760247868388	up	17391
Igkv14-111	5.05141664152292	5.65354962484405	1.64549310563324	3.43577837275009	0.000590854106186877	0.00337560329176305	3.22851974196118	up	545847
Gm4319	4.89630247429305	5.61873427875895	1.4372420135321	3.9093863287162	9.25308833500389e-05	0.000644522960809173	4.03371329180188	up	100043255
Klra14-ps	4.84407074860441	5.60072226249395	1.35986807683124	4.11857764581454	3.8121812170175e-05	0.000293888727329274	4.41882646278709	up	654449
Ppp1r36	4.84303348213079	5.59377239243258	1.37140173172323	4.07887219553364	4.5254705520473e-05	0.000342194158984522	4.34433625678302	up	210762
Olfr541	3.99662472546032	-5.58756032013035	1.41687226276198	-3.94358790625081	8.02715481372469e-05	0.000568947820436464	4.09543836102995	down	NA
Gm23340	3.98296172159304	-5.58106150525042	1.65255153567865	-3.37723900571637	0.000732174001729678	0.00407038329224492	3.13538569624908	down	115485916
Gprin2	10.8900308441293	5.57676869663434	1.14705467462671	4.86181593606181	1.16313753865295e-06	1.22797503750272e-05	5.9343689277941	up	432839
Pnlip	4.74843185664807	5.56900450122596	1.6358435454049	3.40436254852693	0.00066318667518406	0.00373242133226213	3.17836420826021	up	69060
Nkain1	4.6966779159056	5.55532915278364	1.58570621329807	3.50337856167521	0.000459396072429072	0.00269016961328147	3.33781272209196	up	67149
Myh6	4.70530881103554	5.5497695320669	1.39668238332776	3.97353728973364	7.08130658303904e-05	0.000509275416048797	4.14988660255727	up	17888
A4gnt	20.390510534326	5.54403254597458	0.885330180906127	6.26210725167001	3.79809554555855e-10	7.21516289627924e-09	9.42043411427333	up	333424
Dlk1	41.6427059268973	5.54316735450185	0.693739543224685	7.9902715776237	1.34641818756968e-15	5.31446218835836e-14	14.8708200304935	up	13386
Fgfbp1	4.66324158717022	5.53726229325826	1.34907721022266	4.10448138275522	4.05222901112206e-05	0.000310775870878886	4.39230601852989	up	14181
Aldh3a1	4.64176967118889	5.5306698960444	1.31348880484344	4.21067151516653	2.54612734546209e-05	0.000203713125721161	4.59411987874662	up	11670
Gpx5	3.7942862903515	-5.51201496036592	1.42358195584503	-3.8719337075989	0.000107975322307676	0.000739058834230805	3.96667549090412	down	14780
Gm29483	3.59273474345627	-5.43743552413697	1.71894994291543	-3.16323087042011	0.00156028541720379	0.00778695970226854	2.80679595050539	down	102641120
Depdc1b	14.3703422843953	5.39848137824356	0.98557188468091	5.47751154649809	4.31348868083229e-08	5.91174274297401e-07	7.36517133727106	up	218581
Apol7b	4.22143096205572	5.3952387202105	1.36082654890073	3.96467773543129	7.34951694344078e-05	0.000525531883854248	4.13374120454741	up	278679
Gm49249	3.46588018322602	-5.37763098259658	1.79060424591187	-3.00324931925872	0.00267113505313558	0.0123169005227918	2.57330415340552	down	545086
Gm32468	25.7180184946136	-5.37673245849569	0.978476905015856	-5.49500190646662	3.90706193716878e-08	5.40476901308348e-07	7.40814970401519	down	102635028
Dscaml1	4.0301925091434	5.33483688001869	1.58921915656241	3.35689187862442	0.00078823930354174	0.00433535417437677	3.10334191394424	up	114873
Artn	9.07764909181843	5.33039379859145	1.34244177376925	3.97067038790443	7.16706778088121e-05	0.000514022338218551	4.14465848827171	up	11876
Gm20621	3.96894320938017	5.31011171165777	1.59362191014926	3.33210260089886	0.000861924728637916	0.00468037512383573	3.06453065919217	up	100502684
Scn10a	3.93673054813309	5.29372637469574	1.56641270846821	3.37952210555828	0.000726119677908115	0.00404685839943644	3.13899179366408	up	20264
Gm8221	38.3374825181088	5.28177489902084	0.622012075701408	8.49143466075781	2.04101667168648e-17	9.85123318546065e-16	16.6901534478112	up	666661
Mmp13	128.703767444313	5.2806646018462	0.438983264139958	12.029307340889	2.49242985115356e-33	3.8496120883643e-31	32.6033770559594	up	17386
Slc6a19	31.2864777544177	5.27862217413955	0.790148908093864	6.68054099685283	2.38061770337647e-11	5.39343515910367e-10	10.623310341111	up	74338
Gm49984	3.8884364270003	5.27811801429246	1.90174010919012	2.77541499429185	0.00551313094469146	0.022709701261505	2.25860169228736	up	118568286
Gm49368	5.89113746859922	5.2720733283941	1.41263213559793	3.7320921671958	0.000189895990674771	0.00122830756968874	3.72148420454263	up	118261720
Catsper4	3.82369614703521	5.26075645192378	1.46634210451864	3.58767332378465	0.000333641941693323	0.00202395770777213	3.47671936000963	up	329954
Apol11b	3.80905431125837	5.25136365094146	1.38862421703091	3.78170248403824	0.00015575945259317	0.00102821881833121	3.80754558778607	up	328563
H4c12	25.492665137331	5.25122409877999	0.914213995534796	5.74397692928354	9.24783934057132e-09	1.43884206436737e-07	8.03395972370181	up	319160
Fgf23	3.72121039978692	5.2176907087013	1.4010589782528	3.72410497323107	0.00019600936108229	0.00125959416481318	3.70772318696341	up	64654
Corin	20.174574046141	5.21310773052713	0.811976585622745	6.42026854324739	1.36034156542511e-10	2.77728584885986e-09	9.86635203181024	up	53419
Cyp24a1	3.69464120811169	5.20995359458316	1.9432969145065	2.68098691234027	0.00734053867705064	0.0288363705275369	2.13427206870974	up	13081
C2cd4b	3.02854979758256	-5.19044389813953	1.96330066697319	-2.64373357858713	0.00819971685479694	0.0316272249239746	2.08620114402145	down	75697
Gm26912	3.50504731931241	5.1272856599435	1.72740712714679	2.96819758316755	0.00299551707929718	0.0135730546843052	2.52352819988487	up	NA
Svop	3.50455715529788	5.12334235624342	1.47666252420454	3.46954180272388	0.000521346930736641	0.0030143763618959	3.28287317888545	up	68666
Ighv1-82	3.45205203701712	5.10614994062855	1.51542641726088	3.36944762376378	0.000753190039830873	0.00416635362425287	3.12309543171843	up	100775175
Nyx	7.90796723450413	5.10403174263493	1.12646858487144	4.53100229441147	5.87045009184435e-06	5.41105005352047e-05	5.23132859978975	up	236690
AU022793	3.30177379956938	5.03705415156866	1.45042437695993	3.47281404779355	0.000515032061325413	0.00297980438868469	3.28816573479705	up	105976
Cfap47	3.28492889525956	5.03369134072593	1.48844503807391	3.38184562544524	0.000720005943383354	0.00401782769914393	3.14266391861326	up	636104
4930513O06Rik	2.70612405505476	-5.03161261025439	1.7122038485978	-2.93867614792187	0.00329617294124122	0.0146954376963671	2.48199001012529	down	75125
Nepn	3.27197016897256	5.02839345767387	1.43916643119376	3.49396244151062	0.000475907966014877	0.00277514027982805	3.3224770256754	up	66650
Gm13017	2.69584734203264	-5.02737030644489	1.70803468650854	-2.94336546333349	0.00324664901804427	0.0145102516377929	2.48856465863781	down	102637278
Ccl22	30.1335026557533	5.02082415589375	0.710789270325715	7.06373093335101	1.62090465676235e-12	4.29709082289744e-11	11.7902425300372	up	20299
Gm32932	2.69660536496972	-5.01804696439153	1.5131052555702	-3.3163898849195	0.000911885148635472	0.00491112917224477	3.04005985734577	down	102635646
n-R5s175	3.23013539641673	5.01643205570984	1.70345541402116	2.94485668038009	0.00323104291230176	0.0144449494609373	2.49065727396871	up	NA
Mup-ps10	115.239845479962	5.01395155778984	0.411651482152839	12.1800886797931	3.96850130241867e-34	6.52671482718153e-32	33.4013734728276	up	108168721
Lhx1os	3.2102645048879	5.00647299095595	1.50549205755042	3.32547286838693	0.000882686906413306	0.0047804016639368	3.05419331559531	up	78365
Egr2	28.2391714184213	4.99957220285871	0.736128259264118	6.79171345474036	1.10809476358951e-11	2.63223351982729e-10	10.9554230974197	up	13654
Cd163l1	10.6865547628147	4.98913078324391	1.15650061975716	4.31398885397184	1.60335033473634e-05	0.000134714799647998	4.79497157320465	up	NA
Gm5847	3.16936057721254	4.9832625033419	1.45312283076775	3.42934705713008	0.000605035321686401	0.00344002477074067	3.21821927069346	up	545530
Mybl1	295.978231588368	4.9702971391152	0.724676597341685	6.8586417132106	6.9518348213366e-12	1.68917223114338e-10	11.1579005554654	up	17864
Tbx15	3.95968219515492	-4.96914990797226	1.81634540383598	-2.73579567932278	0.00622296516359929	0.025097532787206	2.2060026302061	down	21384
Trpv4	616.246018933033	4.9653519881426	0.492216888326977	10.0877318635279	6.25992018239075e-24	5.29470010855355e-22	23.2034312042605	up	63873
B9d1os	2.59101984253056	-4.9620004276168	1.83000335474141	-2.71147067286004	0.00669854663585902	0.0266944582555729	2.17401941468651	down	73216
Gfi1	4.75208953356177	4.95577219708549	1.69586768481375	2.92226347695855	0.00347497441099901	0.0153614971349339	2.45904838911785	up	14581
Cela3b	7.13344213754692	4.94849687259381	1.53687869791105	3.21983568340161	0.00128264093279712	0.00657876645923836	2.89189490459946	up	67868
Ceacam18	3.08023319876517	4.9448979698602	1.65882333070111	2.98096721835363	0.00287339549754946	0.0131066386305787	2.54160459308845	up	72431
Gm5936	3.06273156785027	4.93446112012344	1.65674357899399	2.9784096843277	0.00289748407981122	0.013202953367267	2.53797894158322	up	NA
9130017K11Rik	3.0453333016934	4.93081015933369	1.49145814637606	3.30603320737799	0.00094626872401376	0.00506406299365243	3.02398551393266	up	72804
Gm12678	3.06859182495016	4.92999568668527	1.52427599148393	3.23431958138091	0.00121932932199698	0.00630868844081283	2.91387898231418	up	102632657
Gm28694	3.02997085292479	4.92300271867162	1.6321515001782	3.0162657805566	0.00255908839548106	0.0118680229975286	2.59191471254712	up	NA
Acod1	13.19538307936	4.90851832543128	0.920624324988792	5.33172782013014	9.72826747103317e-08	1.24760640303604e-06	7.01196449732331	up	16365
Gm2788	503.295239599926	-4.9006732600741	0.590035577900981	-8.30572501663031	9.92117616340479e-17	4.42763645764814e-15	16.003436838834	down	108167326
Cdk15	120.393384307918	4.89466495599447	0.363595395708118	13.4618452647397	2.62283318200614e-41	6.65525185411329e-39	40.5812293306213	up	271697
Cyp2b27-ps	2.96264166910525	4.89000129849663	1.64580032179398	2.97119962473112	0.00296638894440855	0.0134754476804564	2.5277719061276	up	667957
Usp43	35.4845735728188	4.88854227580758	0.613366073775443	7.97002391364297	1.58643667333706e-15	6.14604112516441e-14	14.7995772591886	up	216835
Scin	6.67383857269497	4.88665203752794	1.59747160903825	3.05899147745726	0.00222083467738241	0.0105369719749027	2.65348376984995	up	20259
Gm13021	70.7136981802592	-4.87345158069589	0.883633273251015	-5.51524227099977	3.48299817343216e-08	4.86360169469355e-07	7.45804675329615	down	102637389
Rad51ap1	25.2572919719196	4.86790585106896	0.688184395700941	7.07354871961434	1.51020867085891e-12	4.02163814269805e-11	11.8209630405603	up	19362
Adora2b	2.9121708924073	4.86137721046453	1.72012006231065	2.82618482103756	0.00471060758611027	0.0199308746890164	2.32692307285479	up	11541
Fut1	103.97411789016	4.84008963475147	1.09092294888692	4.43669247190176	9.13516553341189e-06	8.040575332233e-05	5.03928357862387	up	14343
Zan	2.85346455142791	4.83391425396608	1.43181069739492	3.37608474553309	0.000735252683157352	0.00408621969907412	3.1335633819473	up	22635
Cyp27b1	2.8593308052506	4.83328167549479	1.69470918398963	2.85198293675168	0.00434474327776401	0.0186052088282157	2.36203588005406	up	13115
Nxph4	2.82451214602458	4.82042298141804	1.44571698587277	3.3342784435143	0.000855210006895279	0.00464959906411813	3.06792722604767	up	104080
Melk	31.336315537256	4.81975619749099	0.622504973893386	7.74251837273905	9.74666834049401e-15	3.38125630984091e-13	14.011143811851	up	17279
Atp1a3	25.199016535867	4.80317153497263	0.68603047332918	7.00139676254281	2.53423136921527e-12	6.54258976453511e-11	11.5961537376032	up	232975
Cxcl2	6.42100873405961	4.79062521687039	1.18923870326967	4.02831256979707	5.61786220071849e-05	0.000416115381189165	4.2504289177157	up	20310
Gm49503	6.34104694650882	4.77431766164248	1.20223051844866	3.97121649166183	7.15065612009984e-05	0.000513378957175478	4.14565410697299	up	NA
Ms4a4a	16.6061071399913	4.76950740865518	0.917573978520136	5.19795408360146	2.01493881154592e-07	2.44129216716772e-06	6.69573813771714	up	666907
Gm16712	3.42670981892791	-4.7504299803901	1.61097050594748	-2.94880009463374	0.00319010252492917	0.0142906938329866	2.49619535916994	down	100504333
Serpina16	2.69638718394495	4.74480405426998	1.72725534742293	2.74701946145324	0.00601395657976366	0.0243769732473213	2.22083971179206	up	194604
BB218582	2.2143699687347	-4.73587612466812	1.77809782485634	-2.66345082844402	0.00773437147761692	0.0300937362947276	2.11157497283642	down	102640562
Gm38233	2.6730118429632	4.73329973815006	1.74657965187837	2.71003943797216	0.00672752083103974	0.0267864212062156	2.17214494881629	up	NA
Adamts17	83.7991391954311	4.70872631227039	0.458270550473879	10.2749921578013	9.13518664303188e-25	8.36387552337795e-23	24.0392825750536	up	233332
Gm28100	2.60546834035591	4.70494846269671	1.69473706054143	2.77621146798641	0.00549964249986659	0.0226699118316617	2.2596655405751	up	NA
Gm33104	2.59146195146345	4.70068380797333	1.75119502148064	2.68427202585288	0.00726879372592194	0.0286398212421973	2.13853765539169	up	102635880
Barx1	6.04317296098463	4.69914528730799	1.66328011205162	2.82522784542388	0.00472470059262005	0.0199809837919327	2.32562570780931	up	12022
Hmmr	58.1610096730868	4.68964909748846	0.470309385305532	9.97141295498893	2.03315560555287e-23	1.64899131807444e-21	22.6918293817914	up	15366
Psat1	377.856677116569	4.68356502287483	0.239987683129993	19.5158558213919	8.05096141494504e-85	1.10000905117118e-81	84.0941522547534	up	107272
Ccl17	2.56504112372813	4.67728824096427	1.75295595164688	2.66822919113855	0.00762522222753727	0.029747242961897	2.11774749482881	up	20295
Rbm44	2.55357976547062	4.66786425134944	1.74000655482022	2.68267049823368	0.00730369116744349	0.0287454381821696	2.13645759898838	up	329207
Pwwp3b	2.09694725757359	-4.66394215768501	1.82081438378573	-2.56145942124425	0.0104233417061288	0.0385626734814122	1.98199302461929	down	245631
Krt26	2.51690105887737	4.64641046483142	1.51400142162847	3.0689604371928	0.00214805035612977	0.0102561163701443	2.66795554181189	up	320864
Gbx1	2.48445166026527	4.63447830147332	1.85511632641373	2.49821438983969	0.0124820679674621	0.0446898793062006	1.90371345692471	up	231044
Gm5784	3.68637401149712	4.59133455976081	1.52632052930927	3.00810640464792	0.00262881078389107	0.0121634293078035	2.58024067234527	up	544848
A530016L24Rik	1.99949358362818	-4.58808500430276	1.67133664294364	-2.74515910584118	0.00604815670655576	0.0244820782638659	2.2183769648761	down	319942
Gm41031	2.37825744383875	4.57215439079079	1.75953951081826	2.59849486907205	0.00936334443549936	0.035205699378353	2.02856900057256	up	105245600
Gm49012	64.5366882438949	-4.56874758057045	1.20981116650514	-3.77641379668241	0.000159102588526478	0.00104782357338053	3.79832275452299	down	NA
Mypn	8.45051643735526	-4.56221645711386	1.16824279177107	-3.90519546899792	9.41492528793054e-05	0.000654000402675879	4.02618312197427	down	68802
Ctla4	2.35372361924938	4.55364981155149	1.51448551893163	3.00673050658403	0.00264073758823011	0.0122084281733845	2.57827475276725	up	12477
Serpina7	748.305346370723	-4.54842396032571	0.260425094104046	-17.4653828041183	2.62931697554559e-68	1.9459136716517e-65	67.5801570546573	down	331535
4930430E12Rik	10.8412968973158	4.53770203088694	1.00126406936917	4.53197330225367	5.84352365987612e-06	5.38902737521909e-05	5.23332519320296	up	71639
Mns1	3.54025253206551	4.52382057517796	1.39321014361142	3.24704826183041	0.00116608614409355	0.0060721260895308	2.93326936508082	up	17427
Alk	36.422415228127	4.50280910288668	0.5522464141153	8.15362307078118	3.53180491070595e-16	1.49361711485617e-14	15.4520032939234	up	11682
Prdm14	2.24619061199274	4.48182956405975	1.58347451304752	2.8303768245907	0.00464932096052704	0.0197232478865253	2.33261047176178	up	383491
Col4a3	74.2754994378485	4.46588747543299	0.464127964161994	9.62210385986195	6.4498231624797e-22	4.54610154809383e-20	21.1904521924364	up	12828
Olfr542-ps1	4.22296807211169	-4.453238884197	1.6324160325708	-2.72800486845492	0.00637186676048098	0.0255709664255904	2.19573331413156	down	NA
Trim29	2.16231292768848	4.43269158821678	1.68080052769711	2.6372502359278	0.00835811501267224	0.0320987759686669	2.0778916569989	up	72169
Gm47695	14.7124814593516	4.42146294076314	0.858473474783188	5.15037804968849	2.59961919165284e-07	3.07829573880918e-06	6.58509026552011	up	NA
Cracr2b	2.13631646775726	4.41666213393127	1.62398068549346	2.71965188587772	0.00653506746246872	0.0261138061346163	2.18474992477408	up	213573
Cyp1a2	386083.033349295	4.41266501465879	0.146021423969043	30.2192986119234	1.32134497625181e-200	7.82324315606158e-197	199.878983782141	up	13077
Gm34084	4.98677363093877	4.40998592080013	1.28552483200539	3.43049454277803	0.000602482091427825	0.00342880067540565	3.22005585781478	up	102637213
Gm20482	2.10073965599168	4.39465142398124	1.58861574217847	2.76634009553176	0.00566893791635958	0.0232383280107036	2.24649829917945	up	102632136
Gm45016	2.0788751858512	4.3749753586578	1.67428057281746	2.61304791424274	0.00897387203296093	0.0340294438619667	2.0470201277799	up	NA
4930442G15Rik	1.72080336799669	-4.36559062981202	1.75183088312344	-2.4920160227044	0.0127020307226391	0.0452951909817987	1.89612684115949	down	78160
A530030E21Rik	3.17715182351206	4.35361720893758	1.38179691297787	3.15069252800344	0.00162883863985006	0.00807463910717742	2.7881219367435	up	320731
Gm49742	2.0348701884713	4.352716417326	1.64797814286329	2.64124644867155	0.00826016090418307	0.0317831686078996	2.08301149273795	up	NA
Prss30	4.73377764094271	4.34058533510836	1.33610161444253	3.24869402760165	0.00115936110789635	0.00604952173867655	2.93578127262948	up	30943
Gm42814	9.05756052263506	-4.31734111122806	1.03865998162225	-4.15664528105239	3.22954831153328e-05	0.000253371188645999	4.49085821436425	down	115489721
Cdh26	1.95883023868892	4.29721874252724	1.67355066318351	2.56772551740553	0.0102368178170314	0.0379992388852899	1.98983502571215	up	381409
Gm13707	1.61000311870628	-4.28005250993947	1.72268610116459	-2.4845225761362	0.0129725282255865	0.046102050088609	1.88697537569543	down	102632820
6820408C15Rik	17.9033560046562	4.26321491063285	0.808515215656877	5.27289385292423	1.34289240505197e-07	1.67620905822439e-06	6.8719587823902	up	228778
Morn5	3.68692166881625	-4.25826975361167	1.52215470684649	-2.79752756698016	0.00514953726404772	0.0214451592090127	2.28823179478398	down	75495
St6galnac2	45.5178035399387	4.24490790918547	0.59736795131209	7.1060188278627	1.19438127740573e-12	3.23887026706572e-11	11.9228570130385	up	20446
Il1r2	6.69981649460428	4.23690716694185	1.23944947572789	3.41837827996471	0.000629954873049316	0.00356572927186168	3.2006905602093	up	16178
Hcn3	256.461119242153	-4.23556472760714	0.239311946147237	-17.6989272612459	4.27370355167838e-70	3.45043284022325e-67	69.369195606256	down	15168
AY512931	1.88855407500759	4.23096452048518	1.71839823955131	2.46215599102915	0.0138104586682607	0.0485823029726531	1.85979189754108	up	434310
Hist1h4m	4.40470445034809	4.22523754880281	1.32645032250358	3.18537187342831	0.00144568104742478	0.00728459198988904	2.83992751245135	up	NA
Tnc	198.904120098834	4.19090692922041	0.285128276711329	14.6983209717337	6.60778740183904e-49	2.3473503966293e-46	48.1799439384016	up	21923
9030607J07Rik	4.27448294360863	4.17743638667737	1.3959599157857	2.99251886779725	0.00276685563646304	0.0126956574050262	2.55801350002894	up	105244793
Nxph1	100.699418359637	-4.17385575927542	0.950512250382377	-4.39116461423442	1.12745140144203e-05	9.79256322367402e-05	4.94790216921979	down	18231
Pls1	358.01757523189	4.16471017510648	0.251515671706588	16.5584519916712	1.39127687137898e-61	8.23728659647779e-59	60.8565864345322	up	102502
Igkv12-46	2.81094686926832	4.16209576460527	1.65800417046618	2.5103047620411	0.0120627005319051	0.0435040988523246	1.91855545382009	up	692245
Il17d	20.2709209632861	4.16164988252185	0.790331353806729	5.26570262267434	1.39654191171586e-07	1.73585566381365e-06	6.85494602612567	up	239114
Slc5a9	4.12645222630064	4.12988158186416	1.64554444593431	2.5097356635173	0.0120821566496241	0.0435512856123494	1.91785553778166	up	230612
Obox4-ps2	14.5816492630115	-4.12903169390991	0.838996893138783	-4.92139092251312	8.59312910636739e-07	9.28413377051689e-06	6.0658486631567	down	106780808
Ckap2	50.3333254337239	4.09889288174479	0.413528400700576	9.91199848619993	3.69186335443928e-23	2.91443897340224e-21	22.4327543817283	up	80986
Tiparp	1691.91950555307	4.0945127551192	0.252831892533492	16.1946054909857	5.50496374355509e-59	2.96300503069774e-56	58.2592455370057	up	99929
Igkv4-59	3.97928306153341	4.07608799365617	1.34381022620931	3.03323186128313	0.00241949623311616	0.011309234761213	2.61627504970255	up	667683
Ddx4	2.58007991151261	4.06711703096274	1.65256990388967	2.46108622781399	0.0138517070653737	0.0486906829398708	1.8584967014452	up	13206
Nrg1	246.015722654292	4.06112705688588	0.564753300123232	7.19097534445521	6.4330099573258e-13	1.80796080477881e-11	12.191585776377	up	211323
Clec4d	15.2054197149992	4.05499138607583	0.781409435002707	5.18932995230827	2.1105213663594e-07	2.54667666503232e-06	6.67561024680499	up	17474
Ica1l	6.02426592580533	-4.03850133145707	1.23402595295094	-3.27262268820178	0.00106554616330133	0.00561775926166762	2.97242773033951	down	70375
Prkg2	3.88281685212197	4.03335482932655	1.30992865999677	3.07906449602873	0.00207651722216159	0.0099576400918019	2.6826644625995	up	19092
Klri1	7.01673701182722	4.01801696964754	1.23610912063808	3.25053581642812	0.00115187758247088	0.00601577466034924	2.93859367376211	up	503550
Gm48786	3.74555737447354	4.01635746422628	1.53390810941025	2.61838205273618	0.00883478278420198	0.0335880590353158	2.05380412377829	up	NA
Aldh3b3	18.2042191865402	4.01371275661601	0.629894836847597	6.37203628577627	1.86534736823958e-10	3.71855218346481e-09	9.72924028124829	up	73458
Gm44427	17.1158740752008	4.01045699126462	0.714628730496635	5.61194480451063	2.00065258471289e-08	2.9271491935478e-07	7.69882832048005	up	NA
Osbpl3	349.423363663829	4.00986766628453	0.279667957071776	14.337958871904	1.26728087097951e-46	3.94902505795405e-44	45.8971271205561	up	71720
Tm4sf19	3.81526564003535	4.00751792499952	1.58450464170701	2.5291929222007	0.0114325166804747	0.0416286103482149	1.94185815629472	up	277203
Gm47731	3.68689411946234	3.99503176684731	1.32836106108765	3.00748936706727	0.00263415339574514	0.0121843314102149	2.57935893818748	up	NA
Gipc2	44.0841730990309	3.99099628834661	0.532206350378639	7.49896404939027	6.43241649930105e-14	2.04753730932948e-12	13.191625842759	up	54120
Trhde	26.1389077096984	-3.98496555201131	0.624768416043341	-6.37830826540193	1.79054827094713e-10	3.58149981853187e-09	9.74701396645694	down	237553
Slc22a29	263.497387924514	3.97918314508348	0.335621970621132	11.8561461805353	1.9996904774507e-32	3.0100425644474e-30	31.6990372215051	up	236293
Cyp4a12b	2021.88114551708	-3.97445479710235	0.440836544497197	-9.01571080418362	1.95597857108941e-19	1.13536246338856e-17	18.7086359074772	down	13118
Cyp2b13	125.452117507223	3.96975891618511	0.398302706411425	9.96668828075843	2.13220025885423e-23	1.71367153836058e-21	22.6711720082613	up	13089
Gm13067	8.48347963273848	3.96778905140243	0.989868240435803	4.00840120868567	6.11312015639552e-05	0.000448312304780748	4.21373706785382	up	102636131
Gm11341	14.6534119913288	-3.96597310205575	0.919920424607275	-4.31121322667542	1.62361244534293e-05	0.000136159604599533	4.78951762838022	down	108168051
Klra7	7.5212877803063	3.96457314154872	1.37180311437653	2.89004529877495	0.0038518631753769	0.0167523980707748	2.41432914813997	up	16638
Cdc20	127.718310604831	3.96453658656029	0.36784017178647	10.7778782488762	4.37869132198165e-27	4.62942352744274e-25	26.3586556695339	up	107995
Gm15443	6.09071650842633	-3.96387223851819	1.16133443859872	-3.41320476408247	0.000642036821487581	0.00362833535579459	3.19244006397117	down	NA
Trem1	3.5976926885934	3.95845888001212	1.39619754184686	2.83517107097607	0.00458011527200036	0.0194575478261828	2.33912359156738	up	58217
Car4	7.38879839632924	3.95588280297056	1.5734501823381	2.51414556836635	0.0119321171615995	0.0431470409251487	1.92328249094639	up	12351
Ccl28	9.64909757078954	3.94879487058665	1.1591328663252	3.40668010139813	0.000657581499598042	0.00370322212931529	3.18205041373976	up	56838
A230103J11Rik	10.9381410645498	3.94768601327691	0.950828591301462	4.15183772279445	3.2981610258364e-05	0.000258183940682707	4.48172814465117	up	320466
Tgm7	6.8424379538627	-3.93035854294109	1.24468137490158	-3.15772262861399	0.00159006771336284	0.00791779723149727	2.7985843807653	down	640543
Cacng4	18.4005365123761	3.92920266041364	0.765498531575121	5.13286766511328	2.85360554545948e-07	3.34780328259256e-06	6.54460605969714	up	54377
Gm34664	3.62171685796014	3.92837392891831	1.58170927979357	2.48362577061634	0.0130052400167195	0.0461905765200904	1.88588162832201	up	102637987
Rgs16	17.5553825665347	-3.92598325668505	0.982741883641221	-3.99492819227225	6.47138638819914e-05	0.000471858641326737	4.18900266890704	down	19734
Ly6i	10.2442656762913	3.91467054117292	0.921914878872208	4.24623859630272	2.17389134617429e-05	0.000176555363926602	4.66276216629212	up	57248
Cacng1	13.9552522864211	3.90927820064276	0.967547403117263	4.04039966212278	5.33601908203534e-05	0.000397227036609857	4.27278262601658	up	12299
Gm5590	3.56225978681643	3.89882507400367	1.37638264401847	2.83266073642189	0.0046162351059256	0.0195922504065593	2.33571208057027	up	434168
Kntc1	51.541160033731	3.88572753282873	0.492709665500902	7.88644470548065	3.10917224119044e-15	1.15775927354349e-13	14.5073552183471	up	208628
Crhr2	5.83089662517666	-3.87877011885935	1.30769018899482	-2.96612313184121	0.00301579721215243	0.013647538874459	2.52059786459408	down	12922
H2-Q1	195.97653933793	-3.87544153236687	0.371038097056078	-10.4448614929726	1.54681016424494e-25	1.51792497996235e-23	24.8105629827969	down	15006
Hao1	5248.81116535496	-3.87312714044523	0.554639414437227	-6.98314443515551	2.88645383941548e-12	7.43031783995619e-11	11.5396353834096	down	15112
Kif18b	26.2435801909972	3.86761555434421	0.596041538861511	6.48883559647819	8.65022940525333e-11	1.81185583368054e-09	10.0629723748341	up	70218
Uchl1	4.74938225183062	3.85565579977235	1.2126148251753	3.17962119522575	0.00147467688260035	0.00740967773373338	2.8313031278053	up	22223
Ap1m2	88.5448484904402	3.85506913527044	0.393874399801142	9.78755952967943	1.27332082690142e-22	9.50282543169031e-21	21.8950621573847	up	11768
D430020J02Rik	7.46076444747717	3.85251355433254	1.27365309389901	3.02477462095971	0.00248818467117778	0.0115754678180879	2.60411738977819	up	319545
1200007C13Rik	27.0194700465119	3.83508279768471	0.813042662012321	4.71695149205663	2.39404740814794e-06	2.39140591568213e-05	5.6208672537236	up	74119
5430437J10Rik	9.2953918940685	3.83126799001973	0.992217039708838	3.86132049409673	0.000112775853679093	0.000769544645811773	3.94778387673997	up	71432
Syt14	5.02931370977127	3.83126513965326	1.35686773346653	2.82360988116737	0.00474861455424915	0.0200582382193992	2.32343308073516	up	329324
Gm45799	8.24097062046282	-3.81986888900376	0.923005590432783	-4.13851110827258	3.49566950536119e-05	0.000271847993669989	4.45646963404186	down	NA
Sult2a2	5.08316937759984	3.81808489200811	1.45083321594833	2.63164976514026	0.00849714073245155	0.0325522781225001	2.0707271887587	up	100043194
Gm47071	3.37143954634798	3.81387668477005	1.49716981401527	2.54739084976713	0.0108531799409814	0.0399449196253028	1.9644429965175	up	NA
Klrd1	26.9580811428095	3.81326791934565	0.63524771862789	6.00280458713361	1.93937979355084e-09	3.32502547230212e-08	8.71233713362794	up	16643
Tnfaip8l3	188.751935421597	3.79983291647632	0.380974019205557	9.97399487870614	1.98096950562074e-23	1.6214737492551e-21	22.7031222097934	up	244882
Crlf1	19.4822982908745	3.79713592143868	0.912725006799573	4.16021900698565	3.17942568345116e-05	0.000249769831886155	4.49765132185014	up	12931
Psrc1	16.75521900677	3.78201417166129	0.700777292895098	5.39688458802194	6.78079740328873e-08	8.93921386270866e-07	7.16871923128265	up	56742
Slfn4	43.0386752786893	3.78080040930769	0.608352288166553	6.21482072616548	5.13832800496432e-10	9.60705073938697e-09	9.28917817601376	up	20558
Cdc25c	9.61329721547776	3.77701795647005	0.999462912367555	3.77904763621789	0.000157429308546041	0.00103834362361484	3.8029144120347	up	12532
Gpr176	5.51969557804324	3.77537076651017	1.41923147492523	2.66015152088497	0.00781055053256554	0.0303568924637701	2.10731835346856	up	381413
Pbk	58.1105221749974	3.76850129243269	0.376284810052849	10.0150237047927	1.30930518882884e-23	1.10217434900369e-21	22.8829591109925	up	52033
Cryba4	6.35606323453437	3.76516222415744	1.12561913543738	3.34496998640167	0.000822914749824267	0.00450214864163302	3.08464515336437	up	12959
Pitx3	856.415367014313	-3.76143834728163	0.510142524286132	-7.37330876806475	1.66444379334238e-13	5.07098639062563e-12	12.7787308659644	down	18742
Efna3	143.44696923211	-3.75795765056343	0.297551527008864	-12.6296029744505	1.45008021667086e-36	2.76656299850938e-34	35.8386079724589	down	13638
Parm1	93.6352706204968	3.75376083263771	0.470733141371468	7.97428628394685	1.53263904674161e-15	5.95683473702944e-14	14.8145601142038	up	231440
Ckap2l	64.2559190462146	3.74755981631739	0.499279561560542	7.50593476048581	6.09917895362401e-14	1.95195705539225e-12	13.2147286239908	up	70466
Dnah11	6.31918946298213	-3.72501726354885	1.02310360262654	-3.64089937127178	0.000271687317352554	0.00168377883140825	3.56593063442848	down	13411
Serpinb6a	2710.37031271991	3.72027932771218	0.139205354166848	26.7251166449614	2.40401280727683e-157	1.06750188707128e-153	156.619063222978	up	20719
Kcnk10	19.1828577617472	-3.71020183228615	0.575494560724674	-6.44697984219727	1.14100956359951e-10	2.35384574548834e-09	9.9427107154406	down	72258
Kifc1	58.7298764170882	3.71016247158354	0.553500152880653	6.70309204482466	2.04054836731855e-11	4.67667356133059e-10	10.6902531066439	up	100502766
Ttc39aos1	44.3427026810983	3.70143360978966	0.53200760007741	6.95748257966819	3.4640676700665e-12	8.76478204497452e-11	11.4604136326912	up	102635290
Bspry	48.6495187352533	3.69797110971067	0.566902783546474	6.52311333978045	6.88627855190368e-11	1.4595952224214e-09	10.1620154139421	up	192120
Fam83a	61.673555347852	3.68837702076951	0.397256240349655	9.28462953161692	1.62270695267161e-20	1.05576999609352e-18	19.7897599030504	up	239463
Frem2	31.2923645883504	3.68737285590943	0.554058161103716	6.65520899207399	2.82897773184717e-11	6.32054119158107e-10	10.5483704710563	up	242022
Arxes2	3.10350956657941	3.68611066427065	1.38595340012531	2.65962092516053	0.00782286422368656	0.030391451080735	2.10663420745248	up	76976
Tnfrsf10b	63.4824001876231	3.68361070142343	0.491096980884168	7.50078058877797	6.34389031288976e-14	2.02298347823246e-12	13.1976443346625	up	21933
D830013O20Rik	4.98102056930536	-3.68311346220132	1.22545200203759	-3.00551425602742	0.00265132167206998	0.0122509821902464	2.57653757821559	down	380765
Fam83d	29.4999864441775	3.68266647848662	0.680755129935397	5.40967862972417	6.31379463649955e-08	8.38785492397195e-07	7.19970954814629	up	71878
Inava	7.17164716877819	3.67252751016035	1.15266297799748	3.18612428807302	0.00144192637513873	0.00726979740993873	2.84105691415701	up	67313
Sgcz	35.7127380776817	-3.66861776140374	0.496953663310866	-7.38221293502944	1.55679940062342e-13	4.75118057626687e-12	12.8077673442815	down	244431
Mmp25	2.95773322551088	3.66680741081247	1.48211276807828	2.47404076787415	0.0133594451061446	0.047250191950486	1.87421158020959	up	240047
Cenpf	36.1063302211698	3.66654514809798	0.575896139929743	6.36667776336422	1.93166400064102e-10	3.84643676898944e-09	9.71406841382006	up	108000
Serpina9	45.7298422077762	-3.66652656097308	0.577755187935033	-6.34615947643446	2.20756397221823e-10	4.35675014161558e-09	9.65608670230133	down	71907
Cnksr1	108.606872300644	3.6562024529333	0.27097430755141	13.4928011661756	1.72422925903844e-41	4.43851595638272e-39	40.7634049894883	up	194231
Stxbp5l	7.36927954327749	-3.64765818860968	0.916090834557066	-3.98176474538504	6.84054698463562e-05	0.000494110595937771	4.16490916978411	down	207227
Sema7a	11.5191612658783	3.64548740454247	0.888956638275157	4.10086077045986	4.11616170886009e-05	0.000314863325894802	4.38550757174098	up	20361
Rmi2	28.592920447709	3.63430521008713	0.667205570580591	5.44705465652005	5.12107306411915e-08	6.90664386977103e-07	7.29063902789194	up	223970
Sun3	55.0009067458116	3.63423844322048	0.431044488551706	8.43123747024672	3.42028878984796e-17	1.61143685637346e-15	16.465937223025	up	194974
Mfge8	2647.44761342964	3.63225852442363	0.160959098701195	22.5663448275551	9.28082947174144e-113	1.64846093077071e-109	112.032413207089	up	17304
Gm33466	3.02775540583754	3.62954034210677	1.43133076409599	2.53578029142631	0.0112197101236517	0.0410050393449179	1.95001836351879	up	102636386
Slc30a2	12.342948557367	3.61968424496849	0.882995827867834	4.09932202478116	4.14362165744343e-05	0.000316827412309558	4.38261990567252	up	230810
AC160336.1	4.24510562894845	3.61121247006767	1.3349181560964	2.70519391288203	0.00682645272828273	0.0271377469471258	2.16580491282341	up	NA
Ttc39a	233.418026283451	3.608875139434	0.313816877497443	11.499939608772	1.32007758770818e-30	1.84623764668288e-28	29.8794005423371	up	230603
Gm48236	15.2306894772831	3.58587850987432	0.659904177597871	5.43393818618839	5.51236833862977e-08	7.38948576835789e-07	7.25866177040201	up	NA
Entpd2	359.082929340616	3.5844536138371	0.211169151290708	16.9743240995582	1.27210416545082e-64	8.06968363812052e-62	63.8954773253006	up	12496
Nuf2	45.22859918833	3.57905162799009	0.596687250797291	5.99820362041888	1.99512252631249e-09	3.41400446169194e-08	8.70003042786325	up	66977
2700069I18Rik	6.56957178534088	-3.5770390438476	1.19093708205735	-3.00354997567817	0.00266849718225928	0.0123111290782569	2.57373325144383	down	72608
Spint1	91.9519787073898	3.57291885140926	0.346988034398323	10.2969511833591	7.27298955595257e-25	6.69341142449894e-23	24.138287036077	up	20732
Cyp4a14	13402.3337502039	-3.56651715095478	0.55955590529988	-6.37383524536909	1.84358639217728e-10	3.67930129189358e-09	9.73433650613665	down	13119
Marveld3	240.989468279825	3.56533009154589	0.239041968439887	14.9150800372633	2.62961773378725e-50	9.73068128906857e-48	49.5801073800932	up	73608
Pmm1	749.179809061751	3.56218947905103	0.192691266790788	18.4865123281307	2.65159217332744e-76	2.77044589309659e-73	75.5764932715544	up	29858
Tpx2	110.292686291296	3.55565595204833	0.27858000712232	12.7635001117905	2.62151655091919e-37	5.17370855304741e-35	36.5814473960276	up	72119
Fanci	13.9400715696672	3.55184511796065	0.786092274113975	4.51835647661596	6.23214958297628e-06	5.7147878623038e-05	5.20536213134936	up	208836
Ccnb1	63.8223935387686	3.54697007394276	0.474630712435936	7.47311537371598	7.83181228004266e-14	2.466465420534e-12	13.1061377306429	up	268697
Pcp4l1	1470.09747016067	3.54360523137995	0.177439701223192	19.9707574288724	9.89416219917727e-89	1.46450090818156e-85	88.0046209743407	up	66425
Lrr1	5.20826472487077	3.53726321962748	1.2207541956054	2.89760480231098	0.00376024082043271	0.0164061403715367	2.42478434027556	up	69706
Gm19619	310.0944904921	3.5155437020055	0.461701673021541	7.61431874179387	2.65085895597686e-14	8.81733272959945e-13	13.5766133791211	up	100503265
Mefv	38.5519771606634	3.5115226182626	0.479068339229232	7.32989916201151	2.30325969562114e-13	6.86417763651387e-12	12.6376570919894	up	54483
Gm36283	93.4480887838169	3.51075828940772	0.451312167375325	7.77900208147515	7.30988595217135e-15	2.59158072420095e-13	14.1360893987917	up	102640148
Pdzrn3	460.872068451747	3.49748780736989	0.445234614705806	7.85538161645605	3.98556779140558e-15	1.47175998151655e-13	14.3995097994602	up	55983
Gm13420	8.67964026701406	-3.49646279223845	1.05299487517275	-3.32049364595894	0.000898584045737959	0.00484569873129089	3.04644129652585	down	NA
Elavl4	4.41522808925456	-3.49333997885877	1.24996563162387	-2.79474882387004	0.00519400529043782	0.0215904334118316	2.28449761234884	down	15572
Clec4e	8.47939119235947	3.48821681819505	1.35446842734004	2.57534007274377	0.0100141572212965	0.037250567657522	1.99938559450237	up	56619
Gm15645	5.19022255498302	-3.47615509934564	1.1199900623472	-3.10373744929536	0.0019109282581046	0.00928389160843927	2.71875561733753	down	626055
Egr3	14.9732521091953	3.47613227518556	0.760405832769718	4.57141716354808	4.84436789439789e-06	4.57933275893003e-05	5.31476288277921	up	13655
Mup3	174880.097955202	-3.47102872530337	0.370740901252265	-9.36241108973719	7.79374949816703e-21	5.18474077102782e-19	20.1082535571412	down	17842
Clec7a	301.045431528316	3.46126167717054	0.315612563772357	10.9668057437253	5.51877356220374e-28	6.40682719031784e-26	27.2581574248698	up	56644
Asns	682.305051292527	3.44818503485392	0.561056688531012	6.14587635321154	7.95232155330668e-10	1.45019646231862e-08	9.09950606749362	up	27053
Csf2rb2	198.453980964871	3.42858967763275	0.248058707305237	13.8216864663971	1.88598961714515e-43	5.23421055933316e-41	42.7244607024942	up	12984
Sgo1	19.7115374341155	3.42496574635105	0.7610103844984	4.50055060498093	6.77776658317429e-06	6.14217806379295e-05	5.16891339173719	up	72415
AL590864.1	372.060262606599	-3.42063372953571	0.186481319226378	-18.3430369525821	3.75237120426636e-75	3.70275651834328e-72	74.4256942054768	down	NA
Grm8	27.8462789727395	-3.41406338307303	0.545154865685236	-6.26255693193109	3.78715539230342e-10	7.20208287774019e-09	9.42168687480118	down	14823
Tlr1	77.7180193560395	3.41385226581125	0.42835851839797	7.96961451491338	1.59170077557461e-15	6.14604112516441e-14	14.7981385721077	up	21897
Adrb3	259.674516940932	-3.41228125186634	0.219683599444191	-15.5327082244626	2.08389876075278e-54	9.25355244712271e-52	53.681123383604	down	11556
Mki67	219.950241393107	3.41088620083923	0.325583971976934	10.476210423162	1.11107030699688e-25	1.10250451356864e-23	24.9542584586337	up	17345
Mab21l3	39.2133238585735	3.40856339816604	0.473238088319847	7.20263960635032	5.90579228891366e-13	1.66241969311703e-11	12.2287218315607	up	242125
Clspn	24.8971561023784	3.40842401282222	0.605344913565664	5.63054869453776	1.79637213650624e-08	2.65229940886316e-07	7.74560368989046	up	269582
Ttll9	8.40825539269144	3.40626455033464	0.86540612352016	3.9360300993471	8.28405875394865e-05	0.000585055473509487	4.08175682957274	up	74711
Adam11	325.371054926636	-3.40478236492472	0.266355633589106	-12.7828434452305	2.04455653505611e-37	4.08038350288388e-35	36.6894008760495	down	11488
Adgrf1	233.020218117318	-3.40005594346709	0.346557079142623	-9.8109551011879	1.01007937851232e-22	7.60213132251516e-21	21.9956444952319	down	77596
Gm14319	10.4469444536032	3.39247284382415	0.903220504225693	3.75597412586689	0.00017266853339381	0.0011271365270639	3.76278679977222	up	102635709
Trim9	12.018413296876	3.38989820697288	0.870129505354604	3.89585479645516	9.78530024333431e-05	0.000677608198526721	4.00942584430104	up	94090
Ptger3	99.3310419719485	3.38772294339134	0.364899164601117	9.28399753146753	1.63236515368825e-20	1.05817773210988e-18	19.7871826847407	up	19218
Cenpi	17.1402277014218	3.37428146659339	0.892272347042836	3.78167212934079	0.000155778450632208	0.00102821881833121	3.80749261995489	up	102920
Cldn23	6.72371467874956	3.37152824887678	1.24029481989754	2.71832809005468	0.00656127414270771	0.0262008433729259	2.18301181620125	up	71908
Susd4	683.168551165341	-3.36807387715182	0.568222867465459	-5.92738178978085	3.0780277321043e-09	5.12164121510241e-08	8.51172747162422	down	96935
Ube2u	60.6805291150721	-3.36203154307327	0.55139621570214	-6.09730616085587	1.07870800183404e-09	1.93535469985618e-08	8.96709609966773	down	381534
Pif1	22.7325135123748	3.35866487894016	0.606188494387255	5.54062789056257	3.0138903531162e-08	4.26215927166003e-07	7.52087255159099	up	208084
Kif4	40.6313154794134	3.35859670815391	0.49684621288393	6.75983155564179	1.38152262863684e-11	3.24584721294279e-10	10.8596419971669	up	16571
Fcor	45.3787397321863	3.3562258202226	0.533087720522891	6.29582279053543	3.05773540018785e-10	5.92920263953455e-09	9.51460009878315	up	100503924
Knl1	28.751339856747	3.34751557764768	0.622514522083564	5.37740961679657	7.55651251653428e-08	9.85453563279602e-07	7.12167859395372	up	76464
Slamf8	59.9780001157451	3.34639515987732	0.367991673449117	9.09367086627854	9.57504038966857e-20	5.72632550172704e-18	19.0188593854039	up	74748
Ccna2	85.149019472756	3.33912703327711	0.379493013980216	8.7989156855762	1.38144424230336e-18	7.3245410841171e-17	17.8596666393386	up	12428
Foxm1	86.4810882627532	3.33585535612848	0.347294045321485	9.60527656914051	7.59537450505838e-22	5.33237319995442e-20	21.1194508075194	up	14235
Vmn2r20	21.5590769860249	-3.33400460131636	0.635930923891455	-5.24271501205597	1.5823083715143e-07	1.95037899339604e-06	6.80070887419096	down	667180
Ptgds	205.314847461148	-3.33366341148127	0.368529289201764	-9.0458574370086	1.48495122453284e-19	8.70485268981925e-18	18.8282878111711	down	19215
Parpbp	11.6781439075889	3.31148165464411	0.741700912149951	4.46471293266338	8.01761769367465e-06	7.14187188942072e-05	5.09595465617803	up	75317
Uap1l1	694.946016365221	3.30324980478229	0.190073169635453	17.3788326417542	1.19358442828891e-67	8.48017864610703e-65	66.9231468557162	up	227620
Dlgap5	26.4765425850508	3.3016452856831	0.588414933758692	5.61108343153829	2.01063791757168e-08	2.93933750550685e-07	7.69666613157076	up	218977
Aurkb	66.013174109899	3.29042627237795	0.343370348553115	9.58273271481671	9.45105700485168e-22	6.58312449098728e-20	21.0245196173422	up	20877
Susd3	10.34823615489	3.28873247377754	1.06541164908166	3.08681858004113	0.00202311028523495	0.00973341325962132	2.69398044201245	up	66329
Troap	16.5239393974407	3.2852603236534	0.676581245353572	4.8556774906413	1.19975833950051e-06	1.26244713425403e-05	5.92090622261124	up	78733
Col4a4	114.899881044717	3.28165795154813	0.453386792479739	7.23809781400895	4.55021242416597e-13	1.30356246900058e-11	12.3419683280704	up	12829
Ltf	6.97521647090153	3.27973620666386	1.18160938023807	2.77565180296983	0.00550911742578698	0.0226984327805215	2.25891797062399	up	17002
Sorcs2	22.3459389076859	3.27564752301716	0.690851446035897	4.74146437966195	2.12178966427487e-06	2.14131977368467e-05	5.67329767046876	up	81840
Cdh18	439.462842924753	3.27546026424592	0.259363412231876	12.6288447397415	1.46411959159938e-36	2.76656299850938e-34	35.8344234479699	up	320865
Slc19a3	5.91215096570642	3.26841709242618	1.17600478833019	2.77925491873806	0.00544837496727715	0.0224898991793578	2.26373301111444	up	80721
Emb	45.5532200820185	3.26713926614256	0.4113386864203	7.94269873951083	1.97829022551469e-15	7.57292909172238e-14	14.7037099947947	up	13723
Gm36264	572.202357349449	-3.25947534381839	0.198057748866599	-16.4571967644336	7.44702797994929e-61	4.26690680580191e-58	60.1280170144238	down	102640119
Lockd	22.3132009195441	3.24443381095853	0.556368006593963	5.83145287382837	5.49468309984278e-09	8.79248299273941e-08	8.26005735000269	up	381822
Derl3	98.2305400016609	-3.23856346065444	1.02792459453539	-3.15058466143447	0.00162944024247998	0.00807536763028164	2.78796156207032	down	70377
1700001C19Rik	88.9534951815842	-3.23579972362671	0.356113667004187	-9.08642386810914	1.0235011391153e-19	6.08007599764747e-18	18.989911669649	down	NA
Iqgap3	88.7043243207806	3.23162074417646	0.360774511494339	8.9574530384394	3.32264166126964e-19	1.87354797420544e-17	18.4785164937874	up	404710
Tmeff2	5.4430677517711	-3.22813710158212	1.22894634331931	-2.62675186685785	0.00862041695658104	0.0329017798724994	2.06447172749745	down	56363
Sgo2a	6.13588115087356	3.21818445676519	1.07589805567927	2.99116114187361	0.00277918794359527	0.0127423686768557	2.55608208290727	up	68549
C5ar1	118.997940480481	3.21301648797676	0.32943650146703	9.75306765846747	1.78976553048149e-22	1.31362873357076e-20	21.7472038603541	up	12273
Klre1	13.8511398111829	3.212673473535	0.953137263118289	3.3706304410179	0.000749963913669587	0.00415109349784955	3.12495963323659	up	243655
Prr11	28.2693607026326	3.21080321876539	0.592261211040074	5.42126203592985	5.91797372527539e-08	7.89152021834395e-07	7.22782696735944	up	270906
Hspa2	379.112514125017	3.20373184988089	0.204219296796913	15.6877038562465	1.83576733448819e-55	8.58076299873137e-53	54.7361823622148	up	15512
Cyp2a4	822.73897115352	3.20126116220276	0.82587864187137	3.87618834039464	0.000106105565183996	0.000728225289334673	3.97426183697222	up	13086
Kif2c	33.2353338034429	3.19487985875933	0.649030441156663	4.92254238963832	8.54270524060715e-07	9.23527270137944e-06	6.06840457837147	up	73804
Serpina12	321.145338689074	-3.19274567833531	0.820705832684301	-3.89024367950783	0.000100143607745505	0.000691313937339941	3.99937676688417	down	68054
Ucp2	4390.28336982122	3.19158756179444	0.134777583054084	23.6804035914023	5.74069217645023e-124	1.45665963483013e-120	123.241035739956	up	22228
Gm31522	24.9351405270245	-3.17776104179551	0.562291149039791	-5.65145129391079	1.59098771210422e-08	2.37073185758349e-07	7.79833317458719	down	102633775
Ccdc120	269.116857859792	3.17298285346755	0.237639414471012	13.3520900164253	1.15171587172669e-40	2.76442936670399e-38	39.9386546481357	up	54648
Sult2a8	15941.2699790847	-3.17258758821506	0.331504231501834	-9.57027780261535	1.06618799628057e-21	7.39751218356858e-20	20.972166211305	down	76971
Slc1a3	13.6790580917451	3.16970610107723	1.09354618179509	2.89855714723823	0.0037488398378119	0.0163684594884992	2.42610311360361	up	20512
Fgf9	20.1082830877958	3.16964005426354	0.626911691511228	5.05595939138227	4.28232456559548e-07	4.89463635354613e-06	6.36832041978205	up	14180
Bnip5	20.3012275257447	3.1670375406977	0.569862452002691	5.55754731614207	2.73591832019722e-08	3.89074309074004e-07	7.56289687245526	up	207819
Ska1	19.3767077693412	3.15485388819653	0.5792977893577	5.44599676738711	5.15160719493617e-08	6.94255288288742e-07	7.28805725891985	up	66468
Elovl3	15219.8922115973	-3.15342690567998	0.497396905968478	-6.33986031646088	2.29973570112579e-10	4.51358072081728e-09	9.63832207273814	down	12686
Saa2	1266.93765417869	3.14837095434005	0.740192614106065	4.25344821650559	2.10503634600663e-05	0.000171512181549402	4.6767404011424	up	20209
Cntnap5b	7.52355478142488	-3.14590849113925	1.03575432062077	-3.03731148256643	0.00238698659112742	0.0111896689975205	2.62215002063117	down	241175
Gpr141	26.8424491459434	3.14052697335083	0.763137989433454	4.11528061351306	3.86708659855896e-05	0.000297604818733121	4.41261610233728	up	353346
Gm44911	4.165497690427	3.14011906695229	1.2316753982272	2.54946966666055	0.0107886896002918	0.0397322630479748	1.96703130174179	up	NA
Gm49041	5.3026647272446	3.13738729827805	1.05695769776921	2.96831869894107	0.00299433688704557	0.013571169121639	2.52369933961281	up	NA
Gm11340	5.78319106076416	-3.13280168257227	1.20404556214941	-2.6018962911833	0.00927098833265918	0.0349101748494154	2.03287396547357	down	NA
Chst11	23.2409899606126	3.12864998741282	0.560673346974584	5.58016535705709	2.40290035723796e-08	3.45869660820588e-07	7.61926423801797	up	58250
Gm13481	12.8846766524337	-3.12850944791765	0.661369248270494	-4.7303521536552	2.24130704952199e-06	2.24661940257391e-05	5.64949864289445	down	102633236
Apln	12.4005581579948	3.12232708325406	0.731304286025578	4.26953204420964	1.95883506922562e-05	0.000161152517367233	4.70800212936546	up	30878
Mpp2	55.3833453647408	3.11506038708009	0.533555207025897	5.83830941214842	5.27331588356909e-09	8.46877366401033e-08	8.27791621266588	up	50997
Cyp2c69	94.9710235530187	-3.10742339588368	0.464994366899002	-6.68271191456953	2.34560408147619e-11	5.32770072828391e-10	10.6297452913427	down	100043108
Slc35f2	44.1221168438105	3.10677080301065	0.626721636954682	4.95717814707473	7.1524389638456e-07	7.84691913995216e-06	6.14554583960843	up	72022
Insyn1	13.4944576558727	3.07989390659499	1.07456003431791	2.86619063452326	0.00415443989359788	0.0179021702124627	2.38148752001866	up	319477
Itgax	98.6381066768787	3.07798290489413	0.444111933708957	6.93064669347806	4.18921106830884e-12	1.04801080275073e-10	11.3778677576878	up	16411
Gm26947	9.21947080784329	3.07677697394707	0.839791826627549	3.66373769830893	0.000248561332485522	0.00155839971323962	3.6045664315846	up	102640832
Ccl4	15.0643029057924	3.06385667840466	0.830761559489009	3.68800968630421	0.000226015048572749	0.00142762421506016	3.64586264362018	up	20303
Rcan3	285.37782984525	3.06360761956431	0.302158186369689	10.1390852797084	3.70553018400291e-24	3.1950304431194e-22	23.431149644766	up	53902
4930503O07Rik	16.1529813480993	3.05500975800276	0.773449878782847	3.94984838941384	7.82007108206676e-05	0.000556176047564534	4.10678929931751	up	74942
Il1rn	152.867810360883	3.05008430156436	0.340589914524107	8.95529835587213	3.38818105127514e-19	1.90445796939079e-17	18.4700333907059	up	16181
Cenpe	33.7161707102701	3.03724609952622	0.540451395569118	5.61983209670108	1.91143127737317e-08	2.81516105710632e-07	7.71864131176692	up	229841
Exo1	22.2679328041392	3.03584481974224	0.804970802716241	3.77137258829548	0.000162352048586363	0.00106843167357947	3.78954222700016	up	26909
Cd69	10.3106681087994	3.03229954492042	0.884942793620695	3.42654866142695	0.000611304218930787	0.00347086249893982	3.21374260690605	up	12515
Cdkn3	16.111854199801	3.02818878744643	0.685079673441931	4.42019943787328	9.86098510451731e-06	8.64942308278699e-05	5.0060796972205	up	72391
Sult2a7	42.0770921416597	-3.02441426096638	0.619885349261599	-4.878989743134	1.06630608521911e-06	1.13343678549742e-05	5.97211811234438	down	638251
Lcn12	34.9580857001615	-3.02427035308143	0.516251615869289	-5.85813246896868	4.68101207755011e-09	7.59307182844248e-08	8.32966023834135	down	77701
Gstm3	23514.1693044498	3.00067138566438	0.1946503185942	15.4157024110507	1.28367484121117e-53	5.42872203085543e-51	52.891544970466	up	14864
Armh1	5.79814971513953	3.00062609915128	1.12618381778842	2.66441947731397	0.00771213273748048	0.0300269403075687	2.11282550417535	up	381544
Thbs1	163.460208008908	2.9976672143037	0.293793632886353	10.2033089854717	1.91630076477015e-24	1.71041880320841e-22	23.7175363270795	up	21825
Chil1	8.45329856213469	2.99373213993132	1.21573890546317	2.46247950647821	0.0137980057973656	0.0485499562148986	1.86018367691636	up	NA
Lgals3	506.420133403802	2.98883531020606	0.186666088807477	16.0116673001526	1.05932634687849e-57	5.22659849257106e-55	56.974970226092	up	16854
Gadd45b	156.181435899769	2.98794052428696	0.252083187753443	11.8529940489701	2.0763713269358e-32	3.0992023116835e-30	31.6826949770189	up	17873
Amz1	137.752929886562	2.98383336748365	0.279446394503281	10.6776592082623	1.29495747723665e-26	1.34508974916242e-24	25.8877444923585	up	231842
Gm3776	407.181374363672	2.98278296775456	0.268345013886897	11.1154775136301	1.05484781892931e-28	1.2574635543505e-26	27.976810190761	up	NA
Ror2	6.98892651077561	2.9654342182582	1.19106536555789	2.48973255709538	0.0127839252351164	0.0455319992031555	1.89333577792928	up	26564
1700092C10Rik	27.2602061371375	-2.9626936641623	0.614188671668179	-4.82375172455627	1.4088276664981e-06	1.46422451798358e-05	5.85114212830038	down	73554
Pdxp	10.8639055897149	2.96152330992349	0.992394746791217	2.98421905144017	0.00284303156833094	0.0130028634732942	2.5462183179825	up	57028
Anln	78.7632047225367	2.95612089415539	0.321251732200684	9.20188312730627	3.51730764394315e-20	2.23122922756136e-18	19.4537896441301	up	68743
Arhgap10	434.441166612854	2.95001055218393	0.173886824643752	16.9651183074262	1.48799690757485e-64	9.11372450770497e-62	63.8273979713604	up	78514
Maff	441.143097580298	2.94456322875059	0.43840262126944	6.7165730447147	1.86048066849308e-11	4.29166982256805e-10	10.7303748381984	up	17133
Atf3	151.387743884893	2.94075093742386	0.401317653684992	7.32773878851629	2.34068370431092e-13	6.9640241132279e-12	12.630657268385	up	11910
Serpina1e	80471.1552135907	-2.94048060442937	0.911008073156764	-3.22772178542855	0.00124780269488237	0.00641861322516673	2.90385408075784	down	20704
C730036E19Rik	543.201669910187	-2.94003997348053	0.505403459208245	-5.81721379209857	5.98365920786305e-09	9.50641814401283e-08	8.22303314916084	down	402734
H1f3	71.6061561482067	2.93931952521902	0.519787246334257	5.65485118372615	1.55981360464455e-08	2.33603787906379e-07	7.80692729607558	up	14957
Klk1b4	78.6956021822592	-2.93879506854308	0.407363740108253	-7.21417931738875	5.42602156360389e-13	1.5371131580978e-11	12.2655184846372	down	18048
AA414768	5.45383157600581	2.93699417363652	0.975657287581432	3.01027236819711	0.0026101351357072	0.0120826740371205	2.58333700715495	up	245350
Gm34728	6.88027264158192	2.9359243602519	1.00839456488574	2.91148372124018	0.00359716650981317	0.015824316811715	2.44403945858979	up	108169051
Tgfb2	127.164740006947	2.93458978533387	0.383050042777312	7.66111332100779	1.8432811991672e-14	6.29622320377074e-13	13.7344084065438	up	21808
Serpinb1a	96.5383074968472	-2.9329984502055	0.319691557153167	-9.17446327429997	4.53829593701294e-20	2.79893098726471e-18	19.3431071876884	down	66222
C530008M17Rik	7.36121817550565	2.92526366703276	0.885382231912517	3.30395569460874	0.000953308968829114	0.00509100237653118	3.02076632107134	up	NA
Ccl3	11.3882317148885	2.92244237756243	0.721409851603836	4.05101534317181	5.09958630555977e-05	0.000380743387807283	4.292465053804	up	20302
Sybu	78.4998836949308	2.91557929587436	0.484104867530708	6.02261925343979	1.71616833986089e-09	2.98081968801145e-08	8.76544011422222	up	319613
Ccr9	11.0023887052763	-2.91150205057549	0.835692216803331	-3.48394060879554	0.000494089115133722	0.0028670557701776	3.30619471358565	down	12769
Gm8941	242.296375005398	-2.91082828673065	0.341914152419235	-8.51333080580287	1.69007028646359e-17	8.20192033556457e-16	16.772095233618	down	668040
Ier3	118.083523734559	2.90808527454278	0.285837919808667	10.1738960194273	2.59323828621379e-24	2.2802523980064e-22	23.5861575751577	up	15937
Jaml	22.5929462967885	2.90725315054769	0.484910951690304	5.99543718370059	2.02938731556544e-09	3.4626299230618e-08	8.69263505845696	up	270152
Spata3	23.1141642655208	-2.90108613947837	0.553990482848129	-5.23670754155118	1.63466406688109e-07	2.01212080082758e-06	6.78657148391491	down	70060
Fbn2	8.07757364671041	2.89276372145795	1.130224638074	2.55945908805126	0.0104835194643007	0.03876108924332	1.97949289413382	up	14119
Pla2g7	147.324587928905	2.89096097468966	0.235926144686984	12.2536693782931	1.60563170715894e-34	2.76885731869486e-32	33.79435406422	up	27226
Top2a	185.566759088324	2.88850709692051	0.291480508083294	9.90977789875088	3.77484381438131e-23	2.95369056524409e-21	22.4231010127648	up	21973
Gm3787	64.3907606587531	-2.87000890768249	0.375571921452541	-7.64170254416943	2.14367969174317e-14	7.22505477888845e-13	13.6688401063397	down	102639762
Smim24	31.554275498739	2.86780136469691	0.548041005311064	5.23282261163863	1.66940932624396e-07	2.05062575745126e-06	6.77743716461879	up	72273
Trem2	44.9715743643716	2.86728856374191	0.424063700988127	6.7614571986726	1.36610676871365e-11	3.21387926170752e-10	10.8645153568396	up	83433
Nr4a3	12.6233819678094	2.86652646347103	0.723438096324703	3.96236592741507	7.42106824117086e-05	0.000530008098510964	4.12953357479463	up	18124
H1f5	7.26973703859464	2.86628455314637	0.905931002319649	3.16391043667477	0.00155664690845047	0.00777754216255898	2.80780988653389	up	56702
Sema3g	17.7814048484208	2.86618019157579	0.743230269178921	3.85638248391335	0.000115077381299631	0.000782843526098828	3.93901002947254	up	218877
Espnl	10.0602036227235	-2.86342794714901	0.928904276442281	-3.08258667740877	0.00205209958573291	0.00985118725453726	2.68780156730055	down	227357
Gm35164	53.0554031083526	-2.85669145806866	0.974323598708561	-2.93197399904419	0.00336814944580243	0.0149461540971503	2.47260864696828	down	102638651
Prag1	200.266345221631	2.85636639171158	0.221649032468616	12.8868886089815	5.33532252821429e-38	1.1019302179784e-35	37.272839321696	up	244418
Fbxl16	54.9346205120602	2.85176166388947	0.515147523810615	5.53581553259657	3.09783480939127e-08	4.37043223863445e-07	7.5089417445118	up	214931
S100a9	57.4287431737392	2.84192339929927	0.428778244423026	6.62795614344526	3.4036655340407e-11	7.5193914447302e-10	10.4680531230461	up	20202
Mmp27	39.8068154038694	2.84016075606416	0.482715071146013	5.88372090666516	4.01144063777772e-09	6.57298972400441e-08	8.39669963020368	up	234911
Cd209f	7.70693491241671	-2.83840071887561	1.02304759638524	-2.77445617281599	0.00552940838401615	0.0227714703725701	2.25732133330688	down	69142
Mup19	3239.07779438193	-2.83741303953605	0.668920678793793	-4.24177803062168	2.2175595626314e-05	0.000179691117479284	4.65412470638925	down	100189605
Ltk	48.3481111070964	2.83635553873348	0.421376361664364	6.73116908487786	1.68305241759048e-11	3.92314659333885e-10	10.7739023579898	up	17005
Crybg2	69.5127563194623	2.82756630101988	0.412878611991903	6.84842038045635	7.46698730945584e-12	1.80692954483044e-10	11.1268545867778	up	230806
1600023N17Rik	6.97487629577639	-2.82293094874298	0.966037341532407	-2.92217580768153	0.00347595274549182	0.0153619986726613	2.45892613628311	down	69788
E230016K23Rik	5.48215807596337	2.81742907507719	1.10308669073422	2.55413205393847	0.0106452874803384	0.0392774400136622	1.97284260576734	up	100504464
Marco	327.5241866407	2.81402939594341	0.465874424248119	6.04031741060912	1.5381135055038e-09	2.68632960518766e-08	8.81301161447278	up	17167
Trpv1	14.2103842144431	-2.81007536632905	0.789788484409985	-3.55801005180309	0.000373675017179382	0.00223625864391516	3.42750593684082	down	193034
Sirpb1a	8.51968407393299	2.80772056084356	0.889771761536062	3.15555143714208	0.00160195017012498	0.00796580037003356	2.79535099710093	up	320832
Tent5b	14.3099130933276	2.80709619559016	0.89359762136655	3.14134251084662	0.00168175229293391	0.00829757895197003	2.77423797151918	up	100342
Gm13657	184.684617582609	2.80651003557282	0.234260708501453	11.980284929239	4.50771742394172e-33	6.84325443453443e-31	32.3460433164656	up	102638051
Adam8	79.5181337938324	2.79970566993014	0.332413431947174	8.42236023234783	3.68974506226998e-17	1.7246645209484e-15	16.4330036397689	up	11501
D930007J09Rik	6.7903053562985	-2.79885159396055	0.938447802899254	-2.98242649757795	0.00285973307503753	0.0130672811643767	2.54367450164307	down	NA
Grhl1	73.2530139951827	2.79798744435762	0.447477206529079	6.2528043965873	4.03146942886327e-10	7.60966631195211e-09	9.3945366291615	up	195733
Ttk	21.2372045176472	2.79422221868886	0.636211803158224	4.39196853126277	1.12328960461915e-05	9.76118882448399e-05	4.94950826023609	up	22137
Plk1	68.6997201646289	2.79411340065586	0.364271288316169	7.67041897145271	1.71435439346772e-14	5.87844840478257e-13	13.7658993952378	up	18817
Spag5	66.0476997356975	2.78718862417912	0.437262216146701	6.37418126071067	1.83942937827314e-10	3.67513437760265e-09	9.73531688150235	up	54141
Col1a1	1415.76421967957	2.77901536309788	0.36402043981683	7.63422890345456	2.27175974045852e-14	7.61339556792912e-13	13.6436376011787	up	12842
Diaph3	31.3667874108447	2.77507883040043	0.51333741107039	5.40595477858112	6.44640607592138e-08	8.53848357349109e-07	7.19068234062058	up	56419
Wfdc21	5652.62726995378	-2.76694440877801	0.43599021057601	-6.34634526569405	2.20490096026736e-10	4.35633491170954e-09	9.65661091339586	down	66107
Serpina3i	13.6798389752151	2.76687538625416	0.740271185857143	3.73765106506267	0.000185747487999883	0.00120366540746221	3.73107705081189	up	628900
Foxred2	21.4267260960263	2.76405575386709	0.562135691245704	4.9170614798393	8.78529672951343e-07	9.48022117312379e-06	6.05624356532247	up	239554
Tmem150b	9.88856648774717	2.76115146466096	0.785579002525058	3.51479794621023	0.000440088690241111	0.00258664967440854	3.35645979214823	up	330460
Gm38079	4.63460493389953	-2.75357582928773	1.10348852050839	-2.49533708607962	0.0125837524641859	0.0449633094485759	1.90018983333578	down	NA
Tff3	24.0517516980852	-2.74970755558529	0.547398834237055	-5.02322508490128	5.08109371186697e-07	5.73018327048769e-06	6.29404279521539	down	21786
Cd83	72.7204473219047	2.74707441650089	0.33654109807577	8.16267146035877	3.27694930044173e-16	1.39724803677999e-14	15.4845302777842	up	12522
Ccr3	8.73264296060876	2.74578235660419	1.10998927487546	2.47370170032702	0.0133721297050381	0.0472856396219166	1.87379941955261	up	12771
Gm46545	21.8137109665633	-2.7447513408737	0.711058491338857	-3.86009220662789	0.000113344247323743	0.000772829374650411	3.94560051716917	down	108168278
Cd36	4879.42479255991	2.74054427970982	0.241179086057716	11.3631091505753	6.3831671004817e-30	8.33660397343794e-28	29.1949637863289	up	12491
F2rl1	45.7446267287518	2.73950768482769	0.493514184050743	5.55102117297204	2.84005682232966e-08	4.03560714225756e-07	7.54667297073559	up	14063
Slco1a1	7322.82474139016	-2.73828165856935	0.22656229540994	-12.0862196139685	1.2490286581137e-33	2.01684063867415e-31	32.9034275969198	down	28248
Gm49024	29.8605308007441	-2.73782294855336	0.487340819882163	-5.61788144324819	1.9331306415166e-08	2.84005512445144e-07	7.7137387952355	down	NA
Ube2c	102.87600206243	2.73583886609843	0.423700157186808	6.45701640580748	1.06787325178896e-10	2.21067187625589e-09	9.97148029161016	up	68612
Pkp3	213.060093561816	2.73285674374235	0.236450707788241	11.5578285609947	6.73913937150763e-31	9.50004710450147e-29	30.1713955619321	up	56460
Col27a1	1124.94690707898	-2.72802573706694	0.241977099541831	-11.2739004733601	1.76570727964287e-29	2.24017805007262e-27	28.7530812924758	down	373864
BC035044	14.0424136204961	2.72802357251916	0.788674261719797	3.45899911399465	0.000542186688179613	0.00311862692857716	3.26585114946507	up	232406
Adcy1	163.538603791717	2.7275536828368	0.322388605867228	8.46045310906587	2.66340628208053e-17	1.26153126352839e-15	16.574562580235	up	432530
Gm30692	8.02609870034532	-2.7240854581921	0.893456754031841	-3.04892816121128	0.00229659392586467	0.0108431954575248	2.63891578815131	down	102632684
Nqo1	884.195872546984	2.72353292806382	0.18511640331198	14.7125423751551	5.35568517125475e-49	1.94138122473116e-46	48.2711849604885	up	18104
Eme1	10.5750772911665	2.71621998377082	0.839862984635737	3.23412274794905	0.00122017001665017	0.00630952721197857	2.91357965117068	up	268465
Polq	18.4119387007519	2.71581193456928	0.737183605773251	3.68403734605654	0.000229568583723113	0.00144852475456126	3.63908754505991	up	77782
Dsg1c	105.184951389584	-2.71346640749222	0.407779885162349	-6.65424290462956	2.84762047014919e-11	6.35420035060176e-10	10.5455178937934	down	211924
Racgap1	105.772011867718	2.71302967538472	0.298503411970569	9.08877274626331	1.00163234912573e-19	5.97013214267489e-18	18.9992916577559	up	26934
Adgrg5	26.7319197060743	2.70712538269684	0.674070864852395	4.0160842484857	5.91731096613287e-05	0.000435390544243795	4.2278756071085	up	382045
Gm7652	207.496740575994	-2.7044384540468	0.536152388165478	-5.04416004431207	4.55517916663061e-07	5.16991005480465e-06	6.34149453646294	down	102639104
Gm33228	17.6064339847289	2.69761408330983	0.652025648402176	4.13728216048016	3.51443836695502e-05	0.000272949078591408	4.45414406854484	up	102636049
Dusp8	116.163058335605	2.69296044325004	0.38191088698029	7.05127959179917	1.77279869203732e-12	4.65805478816077e-11	11.751340577372	up	18218
Gm11992	119.234448212508	2.69272874154375	0.337872210105945	7.96966622587695	1.5910349211581e-15	6.14604112516441e-14	14.7983202880468	up	626870
Mup-ps12	200.862484264444	2.69191637695398	0.571673591054636	4.70883458511329	2.4913714647379e-06	2.47354611272636e-05	5.60356151411003	up	100039019
Slc34a2	620.791459924675	2.67973075586403	0.251659826221359	10.648226203204	1.77719106862312e-26	1.83525975353976e-24	25.7502658779978	up	20531
Ercc6l	23.0249695000268	2.67767588131826	0.595744647290834	4.49467048255502	6.96777610534075e-06	6.30150912337385e-05	5.15690581290528	up	236930
Mmd2	180.082126472031	-2.67699788332457	0.615309693989132	-4.35065124030348	1.35733795849301e-05	0.000116132161940043	4.86731200552021	down	75104
Rgs1	30.1691565067545	2.67677807409766	0.723829786463439	3.69807670830476	0.000217239246240758	0.00137777075963683	3.66306171275681	up	50778
Pou4f1	6.40446775115588	2.67554202309354	0.896573004787214	2.9841875773725	0.00284332404742003	0.0130028634732942	2.5461736418971	up	18996
H2-Eb1	1609.11092618048	2.67264138715031	0.183511054040368	14.5639258688057	4.76413911100348e-48	1.627319978647e-45	47.3220155657747	up	14969
Rab7b	69.1933755522028	2.67207007659156	0.340331033938778	7.85138529879776	4.11466722407216e-15	1.51001486020599e-13	14.3856652828316	up	226421
Slc38a11	36.8047790570268	-2.67069250828719	0.533702853223079	-5.0040813762914	5.61290441494094e-07	6.2820673105344e-06	6.25081235354323	down	320106
Fst	135.838929748102	-2.66509404592962	0.421117373732753	-6.32862525311274	2.47355027203936e-10	4.83335532804874e-09	9.60667925867865	down	14313
Gm30275	6.61857313260739	2.66387443339032	1.0232789861807	2.60327287999237	0.00923384257086017	0.0347998115305789	2.03461753407224	up	102632118
Klhdc7a	455.236510652089	-2.66279777305463	0.24375437928972	-10.9241022902391	8.84102884748853e-28	9.93888318918299e-26	27.0534971923639	down	242721
Sectm1a	78.5084199838164	2.65968986485978	0.408393088896284	6.512573148698	7.38742184614836e-11	1.56023052118058e-09	10.1315071006239	up	209588
Eda2r	20.423194097083	2.65813165335237	0.641485903456128	4.14371015642149	3.41731611610516e-05	0.000265987593576949	4.46631484527789	up	245527
Terb1	10.5761052335634	2.65231127921976	0.807447201583196	3.2848107888903	0.00102050878968186	0.00540115528078938	2.99118325033655	up	320022
Gm14201	11.5754538240362	-2.64195475005723	1.07272768899239	-2.46283821809318	0.0137842097365503	0.0485191331001913	1.86061812741047	down	NA
Aspm	49.6772995472393	2.63818609580532	0.444607368212012	5.93374353289462	2.96104249103557e-09	4.94304856445242e-08	8.52855536042905	up	12316
Pdilt	379.197859095358	-2.63769780444785	0.302207215150608	-8.72810995969547	2.58963812888632e-18	1.34102485263204e-16	17.586760919165	down	71830
H2-Aa	2182.46954457003	2.63495771869834	0.180513711574123	14.5969948527504	2.93500353826446e-48	1.02218691856183e-45	47.5323913708566	up	14960
Slc22a27	251.199700027522	2.63378784116781	0.542989059986583	4.85053573866274	1.23128444709491e-06	1.29408723960354e-05	5.90964160626167	up	171405
A630076J17Rik	40.3298999412995	-2.63088176981272	0.494806616932207	-5.3169898699499	1.05497939321655e-07	1.34134173101735e-06	6.97675602330443	down	319929
S1pr5	108.908246284785	-2.62928468913242	0.408793879573483	-6.4318103095763	1.26093042599796e-10	2.58323485888994e-09	9.89930887570983	down	94226
Neurl1b	117.566459060996	2.62900908282621	0.298705617529455	8.80133793455347	1.35194573947468e-18	7.18959886962553e-17	17.8690407385124	up	240055
Lox	52.3084166437452	2.62772705023842	0.386904905970362	6.79166123171287	1.10849604370612e-11	2.63223351982729e-10	10.9552658525717	up	16948
Gm5526	29.0236312908986	2.62692172022393	0.493641235515212	5.32152002553478	1.02903780710555e-07	1.31305815587707e-06	6.98756866885692	up	433297
Lif	5.90830693537414	2.61382333994008	0.970872314652508	2.69224212132943	0.00709733992768289	0.0280576344971074	2.14890439370284	up	16878
Mup15	6024.99841766061	-2.61203293165361	0.820043847385062	-3.18523569194843	0.00144636157765627	0.00728595415267463	2.83972312367285	down	100039150
Gm42397	5.46426602978047	2.61061877633457	0.974688664258116	2.67841298669626	0.00739719490644276	0.0290298223438437	2.13093293805388	up	105247269
1110002E22Rik	17.1934786503796	-2.60222773262178	0.835952669640974	-3.11288883584688	0.00185265785738843	0.00904035957772891	2.73220477731791	down	102634333
Gas1	644.668357119362	-2.59747528438467	0.25942524569085	-10.0124229523907	1.3441940321444e-23	1.11568104667985e-21	22.8715380370802	down	14451
Fam241b	166.04099728746	2.59703781609984	0.215324722555335	12.061029431641	1.69649044064934e-33	2.66664276166491e-31	32.7704485831659	up	69894
Hilpda	264.750452269665	2.5957620934294	0.274124801242723	9.4692712285124	2.8180285929934e-21	1.92514707187495e-19	20.550054604656	up	69573
Spdl1	30.2434803351846	2.59159767104253	0.464217509907022	5.58272278777593	2.36781998527471e-08	3.41096663247765e-07	7.62565131815418	up	70385
Gm11695	20.4138753765618	2.5904998499379	0.660558644386681	3.9216803412559	8.79335984623934e-05	0.000615881930555612	4.05584515406374	up	102634708
H2-Ab1	2336.38607700712	2.58959333394776	0.182979902833118	14.1523374635822	1.80651257348006e-45	5.34787938835881e-43	44.7431590113592	up	14961
Mup-ps22	10.1444243247426	-2.58927109973977	0.779292992698447	-3.32258999375053	0.000891858975184164	0.00481634578568761	3.0497038128227	down	115035153
C1ql4	6.22532008262883	-2.58484381373829	0.879142170952223	-2.94018862835186	0.00328012494103039	0.0146349106261195	2.48410961355459	down	239659
Zmynd10	19.256613807392	2.58470674660106	0.654697091059589	3.94794292184476	7.88255912917262e-05	0.000560264166676126	4.10333276280942	up	114602
Bub1b	76.6409570130871	2.58425921973202	0.384737748576828	6.71693700265018	1.85584152893109e-11	4.28653540141405e-10	10.7314591111178	up	12236
Slc16a5	717.195515634782	2.58002713608525	0.291132431418299	8.86203960004123	7.85636810936529e-19	4.30693859131316e-17	18.1047781759186	up	217316
Gm7096	10.247262853292	2.57915585874333	0.791654441280574	3.25793139563684	0.00112227534296472	0.00587845905094055	2.94990057867707	up	100534290
Car2	767.856413944634	2.57829606232898	0.150024166108726	17.1858716445751	3.38816165079936e-66	2.22890841635179e-63	65.4700358774513	up	12349
Wdr31	10.4688258364514	2.57530818425869	0.886826220027192	2.90396035446463	0.00368474816235543	0.0161481610806211	2.43359218906323	up	71354
Nlrp1a	11.1912206555507	2.57440074452438	0.745619707151996	3.45269943891059	0.000555007028132266	0.00318927040882734	3.25570151731023	up	195046
Mxd3	27.8416371426602	2.57205139363042	0.570188293909604	4.51088074080698	6.45590113571274e-06	5.90472275862665e-05	5.19004312892774	up	17121
Lysmd2	82.3308672677706	2.56964882477852	0.340551582903271	7.54554949611963	4.50384414781335e-14	1.45980437506315e-12	13.3464166463352	up	70082
Lpar5	16.6714635944238	2.56595934575246	0.603921897386269	4.24882647384994	2.14893294191986e-05	0.000174768071952292	4.66777713658327	up	381810
Rap1gap2	100.648389221371	2.56525676023798	0.329782952526317	7.77862148600077	7.33190726618344e-15	2.59420989764841e-13	14.134783036623	up	380711
Gm11110	7.76468723349929	2.56293728799565	0.863925181718464	2.96661949695415	0.0030109333095967	0.0136323867001362	2.52129886374825	up	100169874
4930554G24Rik	6.88145725157056	2.56291710588979	0.995553802784676	2.57436323252548	0.0100424781610064	0.0373402757160969	1.99815910403888	up	75280
Cd300lb	65.6463339728267	2.56270709199669	0.400931989441501	6.39187483035851	1.63864015928989e-10	3.29248037435599e-09	9.78551640579038	up	217304
Adh6-ps1	2257.59403164716	-2.56264867855135	0.236641943786881	-10.8292242598348	2.50266479932187e-27	2.72713694267209e-25	26.6015973148158	down	639769
Ncapg	33.1974683195849	2.55531822637773	0.453962138339556	5.62892367130933	1.81337616241147e-08	2.67518167747115e-07	7.74151209755127	up	54392
Oip5	44.0246661597116	2.55478373020573	0.414350530237872	6.16575470227846	7.01477568588303e-10	1.28715336500676e-08	9.15398621201136	up	70645
Rasgrp4	48.6739476843412	2.54814599180305	0.451675714515577	5.64153863028908	1.68537215345018e-08	2.50297493223931e-07	7.77330418598309	up	233046
Gm43936	10.1002809615109	-2.54699266294847	0.783494931028638	-3.25080936976142	0.00115076990092983	0.00601175734715167	2.93901150586325	down	NA
Plek2	55.8816541932309	2.53865672246617	0.391898724646612	6.47783869354349	9.30457447105451e-11	1.94167886522934e-09	10.0313034838012	up	27260
Neil3	37.0940284968951	2.53793495887715	0.675574247954388	3.75670766989996	0.000172163409680089	0.00112444505532374	3.76405914476728	up	234258
Cdc6	21.9327668382829	2.53451184122711	0.762405582053406	3.3243616008173	0.00088621207567869	0.00479304824425082	3.05246233649253	up	23834
Rad51	67.8752702781801	2.52038234131751	0.404987263906321	6.22336198182397	4.86612898313221e-10	9.10771159097937e-09	9.31281638370767	up	19361
Tedc1	26.1684258237144	2.51747948579347	0.617105057637773	4.07949903283919	4.51328576173699e-05	0.000341446898289342	4.34550716796079	up	104732
Gucy2c	35.4966276860326	2.51634578137052	0.54174289194725	4.64490779440728	3.40228375319267e-06	3.30587330548185e-05	5.46822946870499	up	14917
Gm21188	5.40391085364648	2.51466445975113	0.996640992580214	2.52313970474051	0.0116312182330193	0.0422326235849427	1.93437479566106	up	NA
2010003K11Rik	636.277341707331	2.51450871489193	0.156983055088698	16.0177078568842	9.6129038360544e-58	4.87841136959995e-55	57.0171454021881	up	69861
Pdlim4	53.1635793320873	2.51343423629532	0.376162732630543	6.68177365343618	2.36067451808632e-11	5.35508311497435e-10	10.6269638878655	up	30794
Klra13-ps	13.3151571436684	2.51197899056433	0.786426839947539	3.19416742024204	0.0014023476409731	0.00710453474014951	2.8531443117324	up	16631
Abcc4	382.64307579553	2.51160969780435	0.265698449834601	9.45285792735278	3.29703285696784e-21	2.24375086610969e-19	20.4818767248227	up	239273
Gsta1	425.804767795508	2.50610198892884	0.299379030331417	8.37100042095316	5.71311056878474e-17	2.61536778151429e-15	16.2431273707323	up	14857
Car3	71324.8947095571	-2.50476315070455	0.219971469157253	-11.3867637485021	4.86733357860521e-30	6.40396881653228e-28	29.3127088887302	down	12350
4931440P22Rik	47.3324798256276	2.50402362386626	0.404484985365932	6.19064666047097	5.99178880150745e-10	1.11208101036965e-08	9.22244350304497	up	71004
Srgap3	137.665794174445	-2.50243800559612	0.420360988093876	-5.9530690917428	2.63160132957192e-09	4.43836310453008e-08	8.57977990285488	down	259302
Asb5	23.0172296858704	-2.50195546705194	0.858381082652215	-2.91473742562154	0.00355987913550523	0.015686076210579	2.44856474687943	down	76294
Cdkn1a	1519.04320915127	2.50072475906026	0.255620977993671	9.78294026839291	1.33281283203347e-22	9.90519728978181e-21	21.8752308346239	up	12575
Ticrr	12.8171649262143	2.49813928201537	0.845693737496225	2.95395267962064	0.00313732108066185	0.0140933477578947	2.50344103233064	up	77011
Npnt	55.5308234119897	2.49790709602037	0.602002317514687	4.14933136193355	3.33447832478958e-05	0.000260682235937115	4.47697210129372	up	114249
Fam71f2	7.29192068715354	2.49485601501285	0.801411962398721	3.11307558667512	0.00185148592406862	0.00903712365575893	2.73247958532805	up	NA
Flt3	36.6523655072342	2.49266185700783	0.502128710883346	4.96418906742603	6.89887129981063e-07	7.59217794468627e-06	6.16122195685126	up	14255
Cxcr2	12.2928477560537	2.48960278650241	0.824984864861955	3.01775570988081	0.00254654095821521	0.011812917341295	2.5940493342988	up	12765
Cd96	10.806210647111	2.48824607400743	0.856059174413447	2.90662859341741	0.00365346697637303	0.0160506753485871	2.43729481388159	up	84544
Cd74	5480.15695549703	2.48070225237651	0.158181311432242	15.6826506868299	1.9878268621081e-55	9.05327710891385e-53	54.7016214449415	up	16149
F13a1	6.79478472616818	2.48045837241397	1.00369412023756	2.47132898599315	0.0134611917848962	0.0475626991214097	1.87091648820334	up	74145
Chil3	14.3888252696192	2.47849318356123	0.870347421854392	2.84770554990611	0.00440356466532469	0.0188200470609955	2.35619562176031	up	12655
S100a8	31.2688681551728	2.47841195307639	0.590634080505678	4.19618852836	2.71444322558696e-05	0.000215915542198279	4.56631923747566	up	20201
Mt1	672.79862668292	2.4748316966459	0.458538187104311	5.39722048511287	6.76811962094881e-08	8.93130317290437e-07	7.16953197410336	up	17748
Arhgef39	38.5293838172073	2.47338125817541	0.393713843754056	6.28218005897825	3.33857844763376e-10	6.43863522115862e-09	9.4764384145558	up	230098
Gcnt4	114.501975375603	-2.47324943853608	0.307108748186013	-8.05333437469535	8.05684009554611e-16	3.25980851428451e-14	15.0938352557318	down	218476
Slc44a4	28.5430838616297	2.47158865255441	0.666321495839187	3.70930349386614	0.000207830186558493	0.00132501068688153	3.68229137254565	up	70129
Rad54l	20.1147032172338	2.463642650236	0.590527678422397	4.1719342551693	3.02024790935223e-05	0.000238107604819859	4.51995740762403	up	19366
Kif20b	40.6655846704264	2.46080876924675	0.524856751093965	4.68853408881119	2.75169082497751e-06	2.72287088764627e-05	5.56040036424077	up	240641
Endou	30.8990432226709	2.460055237362	0.649198371083992	3.78937370599736	0.000151027569705963	0.00100319809017102	3.82094376609593	up	19011
Spon1	148.051372839817	2.45546668057925	0.24636269690546	9.96687693154098	2.12815546539468e-23	1.71367153836058e-21	22.6719966492638	up	233744
Esco2	55.0987215425868	2.45324444695752	0.501455096263972	4.89225150015446	9.96889429239968e-07	1.06474744691283e-05	6.0013530091246	up	71988
Inmt	21091.4127455015	-2.45216499335318	0.187512432990744	-13.0773461484243	4.43660941163985e-39	9.61012882555451e-37	38.3529488038361	down	21743
Gstp2	540.692685584148	2.45077708957125	0.270684492738321	9.0539988633205	1.37826260854323e-19	8.13312307406808e-18	18.8606680258426	up	14869
Pklr	4710.84484417652	-2.44982060359882	0.172736656078328	-14.1824014613779	1.17747114848791e-45	3.5447868710919e-43	44.929049725563	down	18770
Shcbp1	33.2419584180457	2.44649819988301	0.615787345113399	3.9729595278261	7.09851140066633e-05	0.000509841324296949	4.14883271582431	up	20419
Fos	85.1559060298421	2.44552703975139	0.451231655440545	5.41967082819972	5.97088717324615e-08	7.95610637443347e-07	7.22396113523248	up	14281
Trim15	39.7994953496913	2.44302849737155	0.38214601387785	6.39291895938092	1.62748529765649e-10	3.27748229670914e-09	9.78848292606269	up	69097
Ms4a6d	88.3120724613919	2.44206764260007	0.307853112267869	7.93257415723373	2.14649464548915e-15	8.14658929341417e-14	14.668270190547	up	68774
St6galnac6	1308.81205374158	-2.44201819105388	0.195357013426547	-12.500284214122	7.43848713386244e-36	1.3481878415476e-33	35.1285153838393	down	50935
Ly6d	88.0478790501237	2.43747365379202	0.728326765583633	3.34667592758147	0.000817867636288455	0.00447672263659647	3.08731697686774	up	17068
Plau	99.2969216655004	2.43716374072097	0.483158560547195	5.0442317279048	4.55347196621489e-07	5.16991005480465e-06	6.34165733284583	up	18792
Cela1	734.761241418555	-2.43404550108046	0.208700652822008	-11.6628552338854	1.97312804067671e-31	2.84932522426827e-29	30.7048447314964	down	109901
Fcrl1	22.6527979779773	2.43164222580665	0.554088768782808	4.38854270796419	1.14112727737723e-05	9.90166228665091e-05	4.94266591318052	up	229499
Mcm5	312.323762989399	2.43150909967909	0.195989354976304	12.4063324764402	2.41462116556704e-35	4.33217183260624e-33	34.6171509968419	up	17218
Vcan	15.7488340196612	2.43138594791527	0.654864684521728	3.71280663835308	0.000204973488036241	0.00130914746296286	3.68830230842797	up	13003
Htatip2	6409.4913993507	2.43070334577011	0.112863259255866	21.5367105450996	7.05417234460412e-103	1.13905644713508e-99	102.151553934037	up	53415
Ccnd1	1071.35008817354	2.42900720376596	0.25728718001734	9.44084040099572	3.69801347583335e-21	2.49749488052289e-19	20.4320315105729	up	12443
4932438H23Rik	19.5724286884055	2.4274575467827	0.712330481610134	3.40776873859972	0.000654963784162195	0.00369199198168483	3.18378271340265	up	NA
Cxcl14	122.924918410886	2.42588657323944	0.270642135637428	8.9634474969165	3.14682441507407e-19	1.7800603586161e-17	18.5021274889558	up	57266
Plcxd1	50.9448775182949	2.42436142827795	0.495391015841644	4.89383406390421	9.88902279845662e-07	1.0574883982311e-05	6.00484662187157	up	403178
Vtcn1	141.419391400118	2.42220578715555	0.296766449948186	8.16199333711225	3.29540383417096e-16	1.40031011728576e-14	15.4820913573354	up	242122
Mdga1	20.5715446117086	2.42121601889327	0.71180128614601	3.40153363869676	0.000670088811734984	0.00376754981214988	3.17386763328379	up	74762
Sinhcaf	140.19871826097	2.42056143373885	0.303509113175602	7.97525124834846	1.52071144764885e-15	5.93645642486567e-14	14.817953184752	up	56306
Nkx2-6	52.5739197184382	-2.41946652140531	0.50742626465891	-4.76811448266611	1.85958108496875e-06	1.8950016770634e-05	5.73058487996339	down	18092
Zfp783	61.5919013388525	2.41825439926865	0.428578657742946	5.64249842025283	1.67600074641534e-08	2.49114018893969e-07	7.77572579229047	up	232785
Cdk1	137.481097984355	2.41681291496242	0.328864375978189	7.34896538359846	1.99746905079262e-13	6.01339750511501e-12	12.6995199410123	up	12534
Phgdh	22.2207444580627	2.41662987498314	0.571807419782965	4.22630030911525	2.37564899282955e-05	0.000191192919848838	4.6242177268804	up	236539
Airn	499.986241315321	2.41628367517694	0.570061395895099	4.23863761443263	2.24880318389792e-05	0.000182115851227297	4.64804855251787	up	104103
P2ry4	208.909132826966	-2.41276107810928	0.330044858355824	-7.31040347099746	2.66341426195765e-13	7.85839935562987e-12	12.5745612790398	down	57385
Kif20a	73.8493441599402	2.40981375798371	0.427379965748596	5.63857445625157	1.71463680008456e-08	2.54218521227896e-07	7.76582785954189	up	19348
Atp10a	40.3683600037188	2.40915777690548	0.424144852260249	5.68003540315812	1.34666864952889e-08	2.03570455769636e-07	7.87073925014458	up	11982
Pla2g4f	6.78914788603036	2.39997920919181	0.911004209091223	2.63443262417626	0.00842780282901414	0.0323314543950214	2.07428563339531	up	271844
Cd8a	18.4375112955883	2.39941291435854	0.619393598522808	3.87380967462516	0.00010714710301629	0.00073473823967381	3.9700195666758	up	12525
Gcnt1	49.4666263687362	2.39405711590245	0.546141918741002	4.38358059279055	1.16744431423029e-05	0.000101004120357323	4.93276382562204	up	14537
Cdh23	12.3294529684548	2.39207440856644	0.952567672873028	2.51118579465513	0.0120326349055664	0.043416804655045	1.91963926047008	up	22295
Mthfd2	311.129667737013	2.39143146782288	0.224733118227333	10.6412062747413	1.91632163022267e-26	1.96749738705289e-24	25.7175315983325	up	17768
Ms4a7	50.075640317322	2.38975905749959	0.439050055810749	5.44302187386509	5.23842114549757e-08	7.04885124138847e-07	7.28079958918431	up	109225
Dtl	31.065734362512	2.3889420406192	0.499903943455917	4.7788021516775	1.76342609329366e-06	1.80738455101454e-05	5.75364273727086	up	76843
Spic	81.8184378538889	2.38832761615087	0.307692657579374	7.76205592600067	8.35635393801229e-15	2.92176296549162e-13	14.0779831735182	up	20728
Ly6a	827.306090660684	2.38542513896645	0.157168548709743	15.1774967609571	4.98443819967704e-52	2.01212707506053e-49	51.3023837842991	up	110454
Ebpl	2176.55057390746	-2.38003649183507	0.176032203549518	-13.5204607102788	1.18431778452373e-41	3.09350771892802e-39	40.926531749009	down	68177
Ptges	93.146229505486	2.37742103506123	0.415135292013565	5.72685840206412	1.02307491168171e-08	1.58016144185136e-07	7.99009256517457	up	64292
1700019D03Rik	11.425886651412	-2.37252481295981	0.884909955049288	-2.68109178727418	0.00733823848829516	0.0288363705275369	2.13440817804375	down	67080
Kcnj10	103.920120515771	2.37243903397678	0.30863936147198	7.68676756801861	1.50898914475623e-14	5.20440100760393e-13	13.8213138844056	up	16513
Paxx	2159.13236359391	-2.36546235347699	0.170243520939897	-13.894580777098	6.83223620430526e-44	1.95732547517532e-41	43.1654371276157	down	227622
Mcub	9.46807074717187	2.36334126041962	0.824349212514782	2.86691759334609	0.00414490924857966	0.0178747777825643	2.382484973744	up	66815
Tlr13	67.4358262994345	2.36317632823544	0.321130639006729	7.35892512637488	1.85396976241636e-13	5.6003760068094e-12	12.7318973533214	up	279572
Cyp4a12a	6955.07712755415	-2.36110330215936	0.613136111383022	-3.85086322323036	0.000117702223747304	0.000799169303593127	3.92921533195639	down	277753
Gm4956	573.06738888022	-2.36089632089504	0.289320867743245	-8.16013148069982	3.34660098337785e-16	1.41867128082953e-14	15.4753960656666	down	241041
Nlrp5-ps	455.36833814402	-2.35974330719899	0.699311812930775	-3.37437930200183	0.000739823513081888	0.00410905104420278	3.1308718700476	down	100417675
Gm32281	74.5597308217321	-2.35430902100785	0.32750180912251	-7.18869012453963	6.54158491348894e-13	1.83557079357647e-11	12.1843170168452	down	102634779
Fzd3	26.3682101417833	2.35419604823017	0.564946915248403	4.16711019157446	3.08485401084199e-05	0.000242769946568788	4.51076538391144	up	14365
1700028E10Rik	131.061858263146	-2.35182913405423	0.303011206466625	-7.76152526330168	8.391399901476e-15	2.9282523585465e-13	14.0761655816301	down	625175
Slc1a4	1188.31930988568	2.35178632920844	0.178255889912669	13.1933162509279	9.5873105003102e-40	2.12862261383137e-37	39.0183032070829	up	55963
Kif23	59.5310145238465	2.35127144945208	0.418777825556859	5.61460351040683	1.97013465125995e-08	2.88487482899252e-07	7.70550409043701	up	71819
H4c8	124.71553007385	2.34736474202722	0.39602596598556	5.92730008545149	3.07955906864619e-09	5.12164121510241e-08	8.51151146134445	up	69386
Cenpm	220.938102415365	2.3470923499172	0.252354891239571	9.30076028401212	1.39444955677999e-20	9.17341223241713e-19	19.8555971914075	up	66570
Aldh18a1	150.102450769943	2.3421102337405	0.270371709067781	8.66255660333656	4.61299809485423e-18	2.33436103022225e-16	17.3360167247532	up	56454
Dnaic1	10.8157835927599	-2.34116767626928	0.740217234582995	-3.16281162730315	0.00156253401762127	0.00779473282400819	2.80617051894108	down	NA
1810008I18Rik	1871.30983061681	-2.33875201852522	0.254879663533377	-9.17590672438626	4.47789866225715e-20	2.77130439160319e-18	19.3489257390108	down	100503969
Bc1	8.04951470512818	2.3378010832248	0.732245286799923	3.19264749854726	0.00140974925455293	0.00713592654869454	2.85085812638574	up	100568459
A930007A09Rik	6.6947701854007	2.33664820692589	0.950944276891872	2.45718730708717	0.0140029655331942	0.0491542833598013	1.85377998015634	up	432999
Bub1	18.9100490379881	2.33545338086689	0.775753417582715	3.01056151082682	0.00260765125113276	0.0120743226075652	2.58375049186509	up	12235
Plekhh1	60.971786320897	2.33146049820441	0.350108878502241	6.65924414193193	2.75239399685197e-11	6.16494604944321e-10	10.5602893980488	up	211945
Zbtb7c	161.228387313932	-2.32362532929344	0.596594501560312	-3.89481519393209	9.82736271101104e-05	0.000680255715015503	4.00756301459175	down	207259
Slc13a3	1622.1479716688	2.32318798625859	0.134525482297271	17.2695012616633	7.98293032066159e-67	5.45356955213812e-64	66.0978376614698	up	114644
Plaur	43.5024591223173	2.32313248726314	0.409137365339718	5.67812349608836	1.3618038571968e-08	2.05683334281714e-07	7.86588544005273	up	18793
Il18rap	24.4793038696285	2.32086562075791	0.649585358973566	3.5728416422827	0.000353128325564866	0.00212835606334684	3.45206744487494	up	16174
Dcstamp	15.8964756832837	-2.32021089386735	0.66132243148841	-3.50844124347235	0.000450740786669618	0.00264488201282648	3.34607314167586	down	75766
Cyp2c40	346.479519264418	-2.31888716675322	0.581327577811632	-3.98895090352071	6.63661544733342e-05	0.000481730950451721	4.17805334642901	down	13099
Nipal2	46.7274325439213	2.31800597168662	0.632259641552062	3.66622479017704	0.000246157564563739	0.00154496489815588	3.60878681356658	up	223473
Carmil1	936.723364307747	-2.3177230951431	0.184469456960298	-12.5642647478598	3.31946504129755e-36	6.07838536737392e-34	35.4789319007334	down	68732
Nrtn	38.1296802377315	-2.31754468102759	0.515649277229821	-4.4944204973542	6.97596595970095e-06	6.30570520998515e-05	5.15639564727705	down	18188
Fignl1	34.0592135331428	2.31678744598472	0.441631690812682	5.24597191320535	1.5546058618519e-07	1.91889571356591e-06	6.8083796990613	up	60530
Gm48488	9.21514312970088	-2.31544028471036	0.76028279747845	-3.04549871756896	0.00232294769111739	0.0109472530882534	2.63396056967236	down	NA
Lrrc15	11.0047774229232	-2.31391295296969	0.757776042379638	-3.05355781070001	0.00226145144678305	0.0107000267974855	2.64561273209253	down	74488
Tnfrsf19	443.179981523614	2.31004348507321	0.18660485107399	12.3793324330956	3.38143648296364e-35	6.00610748104002e-33	34.4708987659667	up	29820
Kif5c	11.5042360980017	2.30745007994974	0.652987589570658	3.5336813697591	0.000409814804365231	0.00243205163886911	3.38741235696948	up	16574
Gm35986	88.3910451350949	-2.30581222434901	0.328309268639515	-7.02329310989024	2.16698938311825e-12	5.63544149677105e-11	11.6641432164441	down	102639747
Gm32633	10.2575779970777	2.29605656334781	0.818180630685407	2.80629542821657	0.00501147224127635	0.0209592111960326	2.30003467087216	up	102635243
Bcl2l14	15.5296062357708	2.2916353976089	0.605033942351833	3.78761460671291	0.000152100532265137	0.00100881615164054	3.81786926616129	up	66813
Extl1	821.592155941176	2.29137680005278	0.19757015460395	11.597788161102	4.22866317957416e-31	6.05721898351583e-29	30.3737969057914	up	56219
Aldh3b1	313.019770366883	2.29012790589626	0.181787640127301	12.5978196553547	2.17062145464856e-36	4.01610190390289e-34	35.6634159086928	up	67689
Mcoln2	22.2298178372244	2.29004602220566	0.713082198916435	3.21147551528492	0.0013205522318963	0.00675176993176227	2.87924441643682	up	68279
Vcam1	390.877527453664	2.2897115552954	0.259327802923737	8.8294102270583	1.05229105413196e-18	5.69841271447924e-17	17.9778641216644	up	22329
Them7	2005.93896215667	2.28579496054097	0.118275087683839	19.3260897565439	3.24067953038283e-83	4.11149641561857e-80	82.4893639140674	up	74088
H4c11	12.2116947871372	2.28560109918831	0.662037973386161	3.45237160264089	0.000555681869410694	0.00319211557712573	3.2551737729885	up	319159
Gm39556	22.3862809074346	2.28483175239666	0.543256803719325	4.20580421037327	2.60155385576799e-05	0.000207586700746411	4.58476717917761	up	105243761
Il21r	56.5273116779718	2.28365161003978	0.481708309695538	4.74073534559358	2.12943939855191e-06	2.14781956826116e-05	5.67173471494642	up	60504
Shisa3	16.7637119104289	2.28237802160337	0.655023055001041	3.48442395145884	0.000493197596084985	0.00286373837909824	3.30697904888403	up	330096
Mpz	27.5064909951049	2.28174675464257	0.659077565840263	3.46203068182659	0.000536116034000694	0.00308971219854651	3.2707412038288	up	17528
Cenps	19.4960520962759	2.28118323169713	0.567974982821525	4.01634455863691	5.91078190198163e-05	0.000435090377716526	4.22835506509932	up	69928
Otulinl	165.588591021	2.27676039847196	0.196888638969412	11.5636961603746	6.2940081045462e-31	8.94353375623596e-29	30.2010727021985	up	223433
H1f4	41.257954129143	2.27624323058418	0.516914522420123	4.40351959919237	1.06508656773582e-05	9.29178173679944e-05	4.97261509235474	up	50709
Gjc3	33.0970906259003	-2.27153998161245	0.48713304042767	-4.66307926807467	3.11512692160687e-06	3.05189654614347e-05	5.50652425390672	down	118446
Kif18a	22.2517990499126	2.26744812519323	0.491545668600993	4.61289412161173	3.97100609509478e-06	3.82292738542403e-05	5.40109944633728	up	228421
Crat	1484.42047071159	-2.26438873502443	0.128432836808265	-17.6309173829501	1.4263384400418e-69	1.10150536400097e-66	68.8457774133318	down	12908
1810046K07Rik	42.102094935666	-2.26411635750013	0.583474770861789	-3.88040146818353	0.000104284186116693	0.000717011825411605	3.98178154395086	down	NA
Gm15283	55.8856657580171	-2.26279662994125	0.496654396267724	-4.5560789292228	5.21173591619589e-06	4.8798552105151e-05	5.28301759853209	down	102637576
Gm12602	88.7265011174981	2.26163259990318	0.331654026946942	6.81925264325224	9.15153381713843e-12	2.19365106153863e-10	11.0385061111255	up	102637941
Ptgir	10.9456879799218	2.25979948415403	0.867191212379842	2.60588374500756	0.00916375586953495	0.0345723516896091	2.03792648931308	up	19222
H2-DMb1	241.528506937311	2.25846962415912	0.16851842423322	13.4019151581522	5.89227845550388e-41	1.4535923600925e-38	40.2297167375879	up	14999
Ccdc151	218.51625522231	-2.25535230415142	0.265877011944388	-8.48269012675362	2.20046123719442e-17	1.04784430281628e-15	16.6574862774627	down	NA
Gm15943	15.2676332809814	2.25530633388218	0.674706299673031	3.34264899405137	0.000829827932278425	0.004531018669883	3.08101195076732	up	NA
Cdca5	33.9081121910839	2.25502482451083	0.548721553426555	4.10959768288501	3.96349031044852e-05	0.000304496171687658	4.40192219918974	up	67849
Ctse	162.80863775465	-2.25393508536724	0.423608408569357	-5.32079873716247	1.03312647839634e-07	1.31652366746142e-06	6.98584650761185	down	13034
H2bc9	10.609460826019	2.25146589766308	0.805467979872223	2.79522706541388	0.00518632739227	0.0215645141955244	2.28514007141387	up	319182
Gm44507	62.5017518404426	2.25125830482718	0.372232130238252	6.04799565095638	1.46658914624008e-09	2.57152580607268e-08	8.83369153340388	up	108167447
Cytip	75.205471716112	2.25059341206453	0.474277431609023	4.74530994323136	2.08187308590654e-06	2.10462320727786e-05	5.68154574925895	up	227929
Gask1a	463.1786618956	-2.24999292087901	0.260065239365005	-8.65164804943854	5.07609847092786e-18	2.56141082501763e-16	17.2944699616432	down	245050
Rcan2	140.920865485514	-2.24939112462432	0.333171284283368	-6.75145557475829	1.46369206036079e-11	3.42982828181114e-10	10.8345502829451	down	53901
Mup9	2632.39685320397	-2.24730042848531	0.459131901946358	-4.8946727921944	9.84694256200241e-07	1.05425794928443e-05	6.00669859534732	down	100038948
Neurl3	772.143878821854	2.24529280001975	0.183634898046177	12.2269395627358	2.23190142444002e-34	3.77552696199082e-32	33.6513249906337	up	214854
Mup7	70941.2865809839	-2.2443878307104	0.81595202381167	-2.75063700464382	0.0059479513292179	0.0241645726234145	2.2256325938721	down	100041658
Ppm1j	13.954709160226	2.24335379156446	0.695505721554172	3.22550012464524	0.00125752781023594	0.00646489405655886	2.90048240174046	up	71887
Gm48500	20.384783017217	-2.24226841214683	0.717912300995003	-3.12331800003861	0.00178824423589783	0.00876215010152202	2.74757316615592	down	NA
Parvg	63.4821681617823	2.24188737663129	0.335980569093871	6.67266974003166	2.51191251791338e-11	5.66919823928558e-10	10.5999954897951	up	64099
Tafa2	384.847856979169	2.24185827414558	0.585841132741344	3.82673415855111	0.000129854622092108	0.000874328202274461	3.88654258732561	up	268354
Slc4a8	32.4581938896994	2.24125164213712	0.594637537481475	3.76910554895291	0.000163833600553418	0.00107699104905452	3.7855970241968	up	59033
Syt3	169.780714558142	-2.24045827456858	0.263998013326388	-8.48664823776018	2.12682311215299e-17	1.0209900572449e-15	16.672268628861	down	20981
Ebi3	13.276982682494	2.24008964897771	0.716806612231249	3.12509624039996	0.00177746895904231	0.00871897366763586	2.75019797486506	up	50498
Gbp2b	222.373280755633	2.23827713188382	0.352876738478714	6.34294326549619	2.254164617368e-10	4.43885498156213e-09	9.64701437142922	up	14468
Rab3b	60.1766446564522	2.23768159504373	0.320842636729463	6.97438974399951	3.07201355422189e-12	7.87375248919037e-11	11.5125768724586	up	69908
Gm12247	47.8626009116046	-2.23236588255581	0.492071284347848	-4.53667172534649	5.71489575123318e-06	5.28412172479978e-05	5.24299168741693	down	667947
Nsl1	44.9544684418914	2.2322095673455	0.371664032317403	6.00598759429909	1.90170732788036e-09	3.27624884168875e-08	8.72085632003101	up	381318
Cdca2	59.926330692309	2.23191653041347	0.32018249507324	6.97076375116299	3.15224942930991e-12	8.04457677635095e-11	11.5013794252285	up	108912
Prok1	41.4120870116269	-2.23028627936942	0.494831449912075	-4.50716355996716	6.56999888155579e-06	5.9998108038146e-05	5.18243470437236	down	246691
A930017M01Rik	9.28287685657663	2.22958720421488	0.742209463645737	3.00398649360132	0.00266467154008142	0.012300621347962	2.57435631651416	up	239410
Slfn1	33.9707740959499	2.22629895080965	0.522103996319249	4.26409099816265	2.00717637503276e-05	0.000164519920504531	4.69741446341788	up	20555
Mup-ps14	120.861666883588	2.22354511761464	0.649810307475812	3.42183725317008	0.000621995322973037	0.0035229212138543	3.20621288092757	up	621127
Slamf7	30.3803807941437	2.22241094171594	0.492675428471239	4.51090274303313	6.45523146193905e-06	5.90472275862665e-05	5.19008818084285	up	75345
Kcnj16	82.0496288168274	2.22154161078676	0.732468500695305	3.03295173605136	0.00242174329268685	0.0113167598960021	2.61587189442096	up	16517
Xcr1	25.0401003391252	2.22053638046028	0.591062488025845	3.75685553633575	0.00017206175624458	0.00112444505532374	3.76431564854308	up	23832
Cxcr4	42.4191862646441	2.21855867227687	0.416085817620683	5.3319737859928	9.7150965632031e-08	1.24681752280068e-06	7.01255287837271	up	12767
Wipf3	398.764239830333	2.21845714497506	0.282457205865608	7.85413541912111	4.02539180416802e-15	1.48031075001309e-13	14.3951918419776	up	330319
Acot3	601.778965457429	2.217160463929	0.298973708038607	7.41590449031288	1.20797531731256e-13	3.73798912649926e-12	12.9179419396093	up	171281
Prom1	148.265765652703	2.21577107812816	0.434353813933865	5.10130452881331	3.37320292127023e-07	3.91856313195565e-06	6.4719575322359	up	19126
Gm13855	26.7768025556713	-2.2143360239519	0.579770008148917	-3.81933524126543	0.000133811801503463	0.000898248381823321	3.8735055823693	down	105242626
Lzts1	14.7512239603451	2.21373394214661	0.742316741027912	2.98219590074336	0.00286188807240382	0.0130675722216032	2.54334735537287	up	211134
Nyap1	18.0543763279091	2.21017908204622	0.574785703032512	3.8452227854408	0.000120442959569539	0.000814974418237773	3.9192185813814	up	243300
Cyp2b10	1810.8171552205	2.20897049637221	0.415312595235545	5.31881412149176	1.04445772203933e-07	1.32891533372941e-06	6.98110913486666	up	13088
Car14	1131.07362279311	-2.20594203257676	0.208650603229646	-10.5724210638819	4.00031855504512e-26	4.06020903855494e-24	25.3979054233746	down	23831
Cenpu	18.6997490389846	2.20560964229473	0.70079099643383	3.14731446824887	0.00164777640638621	0.00815259179115096	2.78310171986019	up	71876
Zfp382	11.503660965084	2.20472868822181	0.742289858470135	2.97017218147877	0.00297632877860483	0.013510235564932	2.52631909636301	up	233060
Chtf18	35.2265465103465	2.20471634927255	0.449040184280673	4.90984198397374	9.11498109230177e-07	9.80619589106384e-06	6.0402442278886	up	214901
Lekr1	52.331837675189	2.20454704422004	0.453080272103917	4.8656875612417	1.14059583292945e-06	1.20590852288648e-05	5.94286821940623	up	624866
Nrbp2	409.914932640861	-2.19696682636446	0.19181869087887	-11.4533511635308	2.26227190029914e-30	3.09095949947026e-28	29.6454551988345	down	223649
Samsn1	24.3098386252229	2.1913406229353	0.57905919584854	3.78431192984365	0.000154134410363809	0.00102059072531172	3.81210039461801	up	67742
Tlr9	33.9880641919198	2.19076454191737	0.511878069423449	4.27985622510634	1.87014085534039e-05	0.000154284449013265	4.72812568202322	up	81897
Acpp	461.954940368896	2.18948162524385	0.239413191308543	9.14520045147453	5.95193782937366e-20	3.63293194932423e-18	19.2253416138367	up	NA
Gm7967	10.2134257541744	-2.18882314988402	0.835019043398729	-2.62128530742841	0.00875989175258052	0.0333318760302775	2.05750126044692	down	666182
Chst3	47.1930354274164	2.18814380028612	0.457421195914642	4.78365195978903	1.72138642360064e-06	1.76735639630027e-05	5.76412162659319	up	53374
Gm43552	26.5533809657764	-2.18535817706459	0.503341110412926	-4.34170412838282	1.41381839591911e-05	0.000120269359905724	4.84960637180884	down	NA
Notch1	2111.99001456381	2.18207231811746	0.193610415837906	11.2704283427826	1.8367415790201e-29	2.31377332812447e-27	28.7359519426057	up	18128
Ces3a	51774.4386175234	-2.18189484340535	0.231073501651361	-9.44242774620411	3.64240471238739e-21	2.46932795806965e-19	20.4386118008279	down	382053
Pmaip1	30.7679176674628	2.17999861798629	0.601441944760065	3.62462019315258	0.000289386415018339	0.00178475052206796	3.53852186029733	up	58801
Serpina3h	34.5999497082589	2.17608144491051	0.59510551641832	3.65663127777304	0.000255551562381729	0.00159490753725378	3.59252145952702	up	546546
Lcn2	479.231825412484	2.17365500732183	0.312414958257816	6.95758941711125	3.4614425427985e-12	8.76478204497452e-11	11.4607428729367	up	16819
P2ry10	12.6392085698112	2.17301896426851	0.691807356197713	3.14107524992474	0.00168328776439607	0.0083028484507645	2.77384163339657	up	78826
Lef1	17.5852167357971	2.17138765336374	0.604999743796486	3.58907202131671	0.000331857158147147	0.00201588469323174	3.47904881020431	up	16842
Dctd	17.4402583886642	2.17047236163754	0.673577862817408	3.22230358426418	0.00127164319663006	0.00652990068185692	2.89563472789517	up	320685
Mcm6	512.090322015142	2.16878581102267	0.149814020550978	14.4765209761171	1.70511759880451e-47	5.50659977999375e-45	46.768245663152	up	17219
Cxcl1	329.623731030314	2.1652959366846	0.726119265913202	2.98201141097864	0.00286361325265352	0.0130687303683535	2.54308563635723	up	14825
Ccno	55.5449536441405	2.16477725090893	0.450545264089741	4.80479415377396	1.54910798143297e-06	1.59786620012848e-05	5.80991830844738	up	218630
Slc1a5	353.691339561255	2.16350210294869	0.202529654411601	10.6823966556118	1.23053085502205e-26	1.28568759099421e-24	25.9099074920808	up	20514
Lrrc8b	98.8255646704775	2.16001403538206	0.276379335224199	7.81539630533467	5.47903671797461e-15	1.98291874589021e-13	14.2612957891144	up	433926
Cbr3	66.9047389221956	2.1533219878196	0.348931751776586	6.17118383998004	6.77805549275615e-10	1.24758364416927e-08	9.16889487986289	up	109857
4933440J02Rik	18.0962229327852	-2.15317092876808	0.714208463616873	-3.01476534997087	0.00257178138389248	0.0119237747169664	2.58976595169043	down	71321
Srpx	18.9737212481956	2.15292002142151	0.788856777112518	2.72916463911475	0.00634949948025509	0.0254984873995684	2.19726050801994	up	51795
Slc28a1	77.673297335839	2.1527787087456	0.320792618552941	6.71081123517287	1.9354535255503e-11	4.44728661330199e-10	10.7132172525751	up	434203
Chrna4	725.07508642874	-2.14912741584415	0.598320411263239	-3.59193397949884	0.000328233014024176	0.00199796942943709	3.48381773928705	down	11438
Hhipl2	14.4590279740483	2.1470190960884	0.599703931892068	3.58013176487695	0.000343420990140414	0.00207618911738395	3.46417316396961	up	78772
Ddit4	1391.79616811158	2.14688830289243	0.24519269793364	8.75592267218934	2.02440482387109e-18	1.05757289651759e-16	17.6937026364995	up	74747
Fblim1	116.62935113087	2.14366988793386	0.329451245565233	6.50678944696661	7.67738995727779e-11	1.61379645468838e-09	10.1147863997354	up	74202
Stx11	53.3445254582418	2.14343911914431	0.36542728339653	5.86556947587966	4.47593796774822e-09	7.28969930553865e-08	8.34911594101128	up	74732
Paqr9	9764.38098648509	-2.14282441633108	0.149709782767595	-14.3131890028692	1.81018447777521e-46	5.54353391280056e-44	45.7422771634749	down	75552
Ect2l	7.4751581331349	-2.14267929313729	0.81072077923844	-2.64293126315331	0.0082191719208941	0.0316764076608983	2.08517193529474	down	100045792
Fhit	938.765744312154	2.1423408018977	0.161105581228344	13.2977441598454	2.38557633724963e-40	5.57534301345105e-38	39.6224066816765	up	14198
Pclo	35.5449853918584	-2.14206279927306	0.46070261532067	-4.64955641239868	3.3264969173136e-06	3.2391750752275e-05	5.47801287468128	down	26875
Hmox1	1463.88452080556	2.13234999973101	0.214459345941854	9.94291011364527	2.70798274872377e-23	2.15691433106868e-21	22.5673541066626	up	15368
Ndc80	23.6375119700811	2.13226803137685	0.563456224447628	3.78426564276075	0.000154163096273581	0.00102059072531172	3.8120195757201	up	67052
Pik3r5	77.0883533492309	2.13037063392808	0.277604912837741	7.67410998656665	1.665711136494e-14	5.72270042677107e-13	13.7784003106746	up	320207
P2ry6	111.48976719347	2.12981552919546	0.352323967791369	6.04504865946741	1.49364915864918e-09	2.61381244885978e-08	8.82575140142028	up	233571
Evl	103.434015172537	2.12843771835479	0.255866930105112	8.31853384679456	8.90580692654037e-17	3.99456925831339e-15	16.0503267243909	up	14026
Slc15a5	136.190997746071	-2.12626129065606	0.350364618224678	-6.06871008102922	1.28941669487061e-09	2.2811373838936e-08	8.88960671101087	down	277898
Plat	46.9794182232397	2.12574298322959	0.500273988728789	4.24915752392237	2.1457599275287e-05	0.000174589958006252	4.66841886950048	up	18791
Adamts4	27.8722806583684	2.12512931113186	0.474183647415989	4.48165878918963	7.40650943965082e-06	6.65088072128806e-05	5.130386419316	up	240913
Hspb1	670.70147296747	-2.12486825108034	0.234728611962732	-9.0524467098954	1.39800079982127e-19	8.22228152530643e-18	18.8544925801226	down	15507
Gm36723	72.3155860642858	2.12412023997283	0.318800786314462	6.66284504667945	2.6857679436377e-11	6.03855825504973e-10	10.5709315140617	up	328066
Hspa1a	17.1158223534437	2.12338686234789	0.6815776087867	3.11539997055919	0.00183695640436646	0.00897113545624335	2.73590115048121	up	193740
Fermt1	48.6759053582478	2.12197219249113	0.42861444456246	4.95077153700989	7.39198400711394e-07	8.08973628677497e-06	6.13123898140235	up	241639
Espl1	46.5612803517383	2.11993454570481	0.446731791936232	4.74543022003552	2.08063633077392e-06	2.10457075781357e-05	5.68180382240262	up	105988
Apol10b	25.1278421344394	2.11593721788434	0.493376699022375	4.28868493805457	1.79734110592333e-05	0.000148900992180085	4.74536949308466	up	328561
Myo1g	143.61864213809	2.11252517751751	0.246552812603962	8.56824611005698	1.05073048893419e-17	5.16982685441803e-16	16.9785086656831	up	246177
Glipr1	42.2910183106415	2.11072008815937	0.386295870207981	5.46399858487475	4.65527246706453e-08	6.34589021949349e-07	7.33205489524554	up	73690
Arl5c	26.9619776972791	2.11053127386963	0.462617003028714	4.56215673019402	5.0630828890224e-06	4.74817731123632e-05	5.29558496260914	up	217151
Abca14	16.0258818411349	-2.10991137170064	0.66172880578995	-3.18848348936827	0.00143021177266379	0.00722714694340091	2.84459965142319	down	67928
Gm3734	966.60534022507	-2.10968483233414	0.451535890182531	-4.6722417380406	2.97930013861905e-06	2.93285855223396e-05	5.52588574318304	down	100042226
Rhoh	48.3334631571177	2.10432010905718	0.339984789773983	6.18945368249004	6.03730889817788e-10	1.11819270750193e-08	9.21915660295353	up	74734
Akr1c18	6.79277014098083	2.1042871549725	0.773720017252261	2.71970106505132	0.00653409569738239	0.0261138061346163	2.18481450920237	up	105349
Ankle1	26.6094636204685	2.10257957156838	0.502285110374962	4.18602807078788	2.83878256729952e-05	0.000224999803482258	4.5468678703971	up	234396
Aunip	9.88783997534289	2.10241829183486	0.758405485377751	2.7721559671838	0.00556863480979742	0.0229027388155996	2.2542512621408	up	69885
Defb1	110.461381696185	2.10229885296416	0.351661676611002	5.97818583254288	2.25636255744023e-09	3.83884212119285e-08	8.64659111566177	up	13214
Slamf9	22.8633250032998	2.10073162297347	0.601591027996855	3.49195969555659	0.000479490593626881	0.00279419682545953	3.31921990815132	up	98365
Pde9a	640.084957408506	-2.10066388963913	0.215404610635714	-9.75217700048076	1.8055411846267e-22	1.31975401322385e-20	21.7433926008112	down	18585
Ltbp2	116.175268840779	2.10051183629208	0.405266385846885	5.18303987117668	2.18298348974014e-07	2.62253185091162e-06	6.66094954891838	up	16997
Knstrn	57.0362572676248	2.09679749098121	0.342518929316175	6.12169813553774	9.25832977675677e-10	1.67290390126911e-08	9.03346735394044	up	51944
Nr1d1	499.561433432867	-2.09662370902948	0.627812428480437	-3.33957025047142	0.000839081255658638	0.00457732225522381	3.07619598055932	down	217166
Ncapg2	70.9678831179246	2.09328596499251	0.476430142905769	4.39368918227017	1.11443120251524e-05	9.69844537926294e-05	4.95294673677569	up	76044
Stil	30.7159215464512	2.09150871231991	0.529950500442303	3.94661144875666	7.92650341124597e-05	0.000563162214362203	4.10091834913739	up	20460
Slc41a2	965.881813025939	-2.09031441112673	0.265321883795382	-7.87840935404631	3.31574904965581e-15	1.23209905062733e-13	14.4794183461778	down	338365
Gpr157	580.570267678757	2.08883519722263	0.161758353787565	12.9133064742107	3.78684160399678e-38	7.91316242002244e-36	37.421722860168	up	269604
Myo1f	255.886928766255	2.08678338535976	0.237273697848183	8.7948365296476	1.43256388087302e-18	7.57297608692457e-17	17.843886002874	up	17916
Ccl7	13.7108114787189	2.08381396167842	0.749460677966119	2.78041800316123	0.00542889679647478	0.0224199174375692	2.26528841421972	up	20306
Pik3r3	137.989794205573	2.08157189073626	0.226395299784014	9.19441301441384	3.77047507103025e-20	2.38331595059214e-18	19.4236039262588	up	18710
Gtse1	62.2729382240908	2.07927334954834	0.37297426163051	5.57484406687609	2.47751683000603e-08	3.55457624673402e-07	7.6059833866292	up	29870
Gm35570	28.1436418558872	-2.07733050419521	0.462453057956355	-4.49198133400875	7.05636094618829e-06	6.36700310955139e-05	5.15141921232514	down	NA
Car8	2638.09638040579	-2.076884172768	0.147650830790698	-14.0661868385426	6.12859857792385e-45	1.78452734329645e-42	44.2126388239248	down	12319
Sgip1	12.2792015553367	2.07591767799554	0.604757537976498	3.43264456850179	0.000597725121000168	0.00340718664929556	3.2234984913932	up	73094
Lnx1	116.108135795199	2.07184526759738	0.733006892422428	2.82650175464296	0.00470594862357463	0.0199159064693668	2.32735281847318	up	16924
A2m	9.01022897642054	2.0654113131664	0.769792479220931	2.68307546373628	0.00729485275866194	0.0287170156691829	2.13698346960274	up	232345
Fam110c	73.0429980801474	2.06364908924241	0.284300093923334	7.25869999114002	3.90828221165044e-13	1.12693033511908e-11	12.4080140840174	up	104943
Arhgap22	18.9311629355604	2.06263547478333	0.506412390550794	4.07303516515448	4.64044147424614e-05	0.000349993721722123	4.33344070032691	up	239027
Tcf24	150.248277005094	-2.06048768650538	0.393555167302851	-5.23557523237849	1.64471812615358e-07	2.02309441528669e-06	6.78390852126745	down	100039596
Cdhr2	18.8126097268903	2.05994805802209	0.712345452479133	2.8917824222124	0.00383063129326226	0.0166723040997119	2.41672964781011	up	268663
Gm11837	28.1051449447645	-2.05512052900717	0.397345035583756	-5.17213088113182	2.31439376782254e-07	2.76637026272301e-06	6.63556274882254	down	100038514
Msrb3	1217.82438422049	2.052791445275	0.114374671492539	17.9479548967177	4.97903484651295e-72	4.42188084718815e-69	71.3028548342396	up	320183
Adgrg1	382.804577761671	2.05012398966951	0.213895565066221	9.58469610641437	9.27302243966507e-22	6.48454427454059e-20	21.0327786892723	up	14766
Dlgap1	155.790961078061	-2.04718929658481	0.250017715500534	-8.18817695572633	2.65212690722348e-16	1.15458524818881e-14	15.5764056982959	down	224997
Gm49201	87.3119275277047	-2.04711394766658	0.316050427383086	-6.47717506543746	9.34557415537893e-11	1.94602682471091e-09	10.0293940121179	down	NA
Tifab	197.279353399552	2.04345465940683	0.201476871875153	10.1423783305166	3.58268921884647e-24	3.10418175147078e-22	23.4457908631691	up	212937
2700099C18Rik	14.1552116694055	2.04168708053075	0.64760923995373	3.15265279518961	0.00161794122210428	0.00802958144370388	2.7910372598433	up	77022
Clec4n	121.852286435287	2.03839587190427	0.244944556833496	8.32186637766317	8.65888952327282e-17	3.89365052436385e-15	16.062537801382	up	56620
A530088E08Rik	127.802947641528	-2.03648630814311	0.250131001180888	-8.1416789543427	3.89833809456094e-16	1.64068718706951e-14	15.4091204981495	down	664702
Dreh	23.0178246083558	2.03487098531993	0.637157689993082	3.19366934948556	0.00140476915643013	0.0071127450845245	2.85239503684461	up	101202683
Ovol3	12.1236704880992	-2.0335832699826	0.824989417042566	-2.46498103851152	0.0137020502363736	0.0482984354630817	1.86321444454252	down	381867
Ripply1	42.4966326350865	2.03118338637721	0.364215609477423	5.57687076973871	2.44883649107063e-08	3.52196224731956e-07	7.61104021177052	up	622473
Tbc1d9	130.216766248603	2.02896961977888	0.284557265483122	7.13026819517011	1.00173545932181e-12	2.74580636241882e-11	11.9992469528455	up	71310
Tmem178	33.3913796161638	2.02889396592116	0.556055679833608	3.64872447041325	0.000263545570928572	0.00163789238307673	3.57914427801645	up	68027
Trim59	31.2680780454247	2.02823970366194	0.554142445805814	3.66014139327036	0.000252076112489602	0.00157654081339447	3.59846830745915	up	66949
Gm10252	6.74905564048102	2.02490816643669	0.79830733108072	2.53650203073475	0.011196609334581	0.0409495172045241	1.95091347467129	up	100049568
Runx3	30.3726415418671	2.01425149051966	0.391540983292742	5.14442057528796	2.68347751878602e-07	3.16493543749518e-06	6.5713020387254	up	12399
Basp1	119.01405620794	2.01420177609614	0.253133329317579	7.9570785148136	1.76148941255362e-15	6.7868926129669e-14	14.7541199628054	up	70350
Prss53	19.7220092013082	-2.01378296194417	0.541331778353156	-3.72005310323831	0.000199180893986408	0.00127720254115039	3.70075232271065	down	330657
Cdca3	154.623519706352	2.01303595683112	0.281262526008886	7.15714242276103	8.23761037523185e-13	2.27907220381414e-11	12.0841987532741	up	14793
Mycn	39.1390054249863	-2.01119421589565	0.611173788403843	-3.29070757623317	0.000999357400162878	0.00530501677874867	3.00027916726936	down	18109
Gm10319	2485.00590728489	-2.0111319488585	0.19481975710622	-10.3230389911737	5.54400644967402e-25	5.15563573607905e-23	24.2561762731552	down	381806
Creb3l1	155.738866503055	2.01037570929019	0.314482683925601	6.39264357641325	1.63042010260296e-10	3.27967405010574e-09	9.78770047858071	up	26427
Cd209a	22.8261320798874	2.0092837059357	0.621077998011009	3.2351551856134	0.00121576632854993	0.00629208669222143	2.91514988885704	up	170786
Pcdh9	12.4884778724986	2.00870841858745	0.637443635666699	3.15119377807663	0.00162604570631802	0.00806304406354569	2.7888672510404	up	211712
Matk	23.0515430442828	2.00804817873629	0.535205437394325	3.75192036260426	0.000175485212543892	0.00114425063856256	3.75575947396263	up	17179
Gm32885	12.3051357361015	-2.00710635467378	0.785436142469317	-2.55540361099718	0.0106064732422734	0.0391692349868214	1.97442899932544	down	102635594
Cyp2d12	24.3237597412545	2.00659206057726	0.560954404053249	3.57710367558997	0.000347422404408045	0.00209752438718412	3.45914217841327	up	380997
Chrm3	71.6972702356425	2.00596116455078	0.304866433881879	6.57980328962023	4.71071077519993e-11	1.02038591206221e-09	10.3269135594405	up	12671
D430041D05Rik	12.8455564325163	2.0046369519302	0.645860764241352	3.10382215938587	0.00191038124425631	0.00928377336812056	2.71887995434677	up	241589
Ciita	29.7581896522345	2.00426356615967	0.58493196583005	3.42649005908835	0.000611436142280301	0.00347086249893982	3.21364889349842	up	12265
Rgs14	25.8588978310604	2.00190874762159	0.624141483907694	3.20745984562318	0.00133912753490113	0.00683493772267641	2.87317805998109	up	51791
Cdca7l	25.3841114705551	2.00186417530137	0.569162624901469	3.51720947180593	0.000436109472656687	0.00256665886458849	3.36040447999053	up	217946
Ncf4	125.67660934175	2.00043053565444	0.21904231162754	9.13262155056132	6.68602532274562e-20	4.06702677337698e-18	19.1748319828874	up	17972
Gm5086	14.4253075809559	1.99930488244929	0.743512235337689	2.68900064777178	0.00716662801343212	0.0283000548631795	2.14468513716663	up	328314
Clec4a2	62.945365413026	1.99916416174315	0.438311254702673	4.56106052558308	5.08959064636337e-06	4.77051762853331e-05	5.29331714638126	up	26888
Srms	52.3279687084253	-1.99607102071821	0.455728930102882	-4.37995239904474	1.18705236462144e-05	0.000102401282663458	4.92553012252432	down	20811
Tlr6	19.3626967847743	1.99553996619716	0.544926496170623	3.66203511890222	0.000250219546957327	0.00156713666891962	3.6016787665686	up	21899
Gal3st1	190.616198204579	1.99514925419025	0.288445681874587	6.91689763294056	4.61641413191623e-12	1.14680766169365e-10	11.3356952381672	up	53897
Gm45301	32.1319494522796	-1.99348857539525	0.75194921422481	-2.65109469853008	0.00802313425234405	0.0310337348846113	2.09565594062009	down	115486922
Grip1	35.7135894776641	1.99066557573111	0.565944325128645	3.51742298198433	0.000435758786482282	0.00256544500016516	3.36075384717311	up	74053
Ache	51.5821347690327	1.98917124650908	0.347522246089115	5.7238673750946	1.04126047274505e-08	1.60545733653625e-07	7.98244061753472	up	11423
Serpina3g	195.811836032424	1.98873257874976	0.260877346998937	7.62324748249551	2.47371959985555e-14	8.25906156628465e-13	13.6066495299037	up	20715
Shank2	1287.60863149222	-1.98781461436441	0.201922518807402	-9.84444244309588	7.24397593812893e-23	5.52221032674017e-21	22.140023000925	down	210274
Myo5a	53.2016404664023	1.98497430790232	0.440699109829502	4.50414866658177	6.6639544954198e-06	6.05758238217229e-05	5.17626797715582	up	17918
Depdc1a	12.749961438777	1.98433695212074	0.700115308627792	2.834300189793	0.00459261680623773	0.0194966681912989	2.33793978926072	up	76131
Uhrf1	99.9415397692897	1.98377599892776	0.314705914562099	6.30358664116023	2.9083550991552e-10	5.65807264744739e-09	9.53635256886233	up	18140
E2f7	13.4673101995916	1.98331256013768	0.669802547207972	2.96104063563954	0.00306601483568688	0.0138114520698631	2.51342574803306	up	52679
Adamdec1	99.6797967363742	1.98136769686929	0.339315690866771	5.83930466583477	5.24191348060173e-09	8.43359304732318e-08	8.2805101514946	up	58860
Adamts7	496.559020458953	-1.98084708448095	0.168819794006681	-11.7335001866106	8.58343525203529e-32	1.24966374546435e-29	31.0663388645502	down	108153
Nbl1	129.410381315621	1.9796110218173	0.749136250235716	2.64252466916988	0.00822904703870391	0.0317059291760214	2.08465045516382	up	17965
Ctss	1506.02347391418	1.9787775464923	0.148110976296876	13.3601006216177	1.03424248283243e-40	2.51646780548899e-38	39.9853776269964	up	13040
Stmn1	420.474219487141	1.97744352743496	0.229423520334991	8.61918396399641	6.74329436356372e-18	3.35502505561957e-16	17.1711278817469	up	16765
Batf	22.1855735207229	1.97721838053943	0.530272206991894	3.72868567213	0.000192481062642332	0.0012409613918886	3.7156119923607	up	53314
Sucnr1	784.22157427299	-1.97697743577965	0.246019457770829	-8.03585803209612	9.29262909166986e-16	3.73429135579729e-14	15.0318613970431	down	84112
Pvt1	346.59115171103	1.97666302536899	0.175581932008158	11.2577814970002	2.12029289408474e-29	2.63361135557575e-27	28.6736041421379	up	19296
Hist1h4n	33.2773945218115	1.97487717271256	0.569308899942052	3.4689026869483	0.000522588707171967	0.00302057293094321	3.28183997935016	up	NA
Slc7a1	129.840307190225	1.97401695284887	0.434859098683459	4.5394403815517	5.64037250032696e-06	5.23155594521188e-05	5.24869221348218	up	11987
Sdf2l1	1252.9148988676	-1.97363326220846	0.359265560392253	-5.49352200654471	3.93995985265043e-08	5.44603633484645e-07	7.40450820351991	down	64136
Hsd17b6	20422.6394695477	1.97177552470701	0.148356414014509	13.2908006560079	2.6176216034577e-40	6.0382071325475e-38	39.582093133724	up	27400
Elovl7	16.5873295294537	1.96822283987929	0.673912195144196	2.92059240663861	0.00349366571753701	0.0154249292753896	2.45671865172123	up	74559
Gm46516	32.3752143919402	-1.96384765635508	0.551489035854463	-3.56099129570608	0.000369457332364831	0.00221549667031199	3.43243570987667	down	108168241
Abcg1	486.220531362218	1.96368929985506	0.152940088845267	12.8395982680628	9.8383670889882e-38	2.00861007166217e-35	37.0070769770859	up	11307
Pdgfb	85.3013278743821	1.96206950999962	0.312773557586955	6.27313103171817	3.53858863729492e-10	6.77288915685693e-09	9.45116992137964	up	18591
Cdkl1	25.8573452821315	1.96090967882219	0.739439381227814	2.65188699520732	0.00800433263558951	0.0309812500050863	2.09667487171008	up	71091
Ncaph	74.5011001525398	1.95945638968012	0.303413235643263	6.45804519873994	1.0606406737648e-10	2.19826133575384e-09	9.97443172244383	up	215387
Pkm	1402.56708417006	1.95888362963038	0.196397639743371	9.97406909874281	1.97948914218331e-23	1.6214737492551e-21	22.7034468760804	up	18746
4930534D22Rik	18.3836628329082	-1.95520884391384	0.715034176880271	-2.73442711849735	0.00624889273525508	0.0251741512278523	2.20419693010722	down	100503594
Cyp4f16	170.944147114959	1.9547823448492	0.251606431018409	7.76920660150447	7.89792570469017e-15	2.78339199140291e-13	14.1024869559622	up	70101
Ect2	80.309168530748	1.95449301439981	0.36209056347771	5.39780157656644	6.74624165529576e-08	8.91568037807763e-07	7.17093810612313	up	13605
Fibin	9.69910122356162	-1.95357799450469	0.719887116392907	-2.71372823602312	0.0066530720616321	0.026525671371203	2.17697777254077	down	67606
Ackr3	131.081776661288	1.95107408491863	0.338940842355875	5.75638530711526	8.59341197054747e-09	1.34126698963852e-07	8.06583436751082	up	12778
Gm45425	23.6799544652217	-1.95072044728869	0.621074502781919	-3.14087994041136	0.00168441067501707	0.00830449752011033	2.77355201488516	down	NA
Gm12718	133.310073388689	-1.95065163107839	0.357954835301622	-5.44943506471903	5.05300677176168e-08	6.83040382648637e-07	7.29645011974381	down	622167
Mup11	4820.57883324653	-1.94982376433382	0.701647880016333	-2.77892062367299	0.00545398506584815	0.0225078259153334	2.26328605558189	down	100039028
Cyp21a1	15.4130183461463	1.94887725506734	0.730313063362321	2.66855045163073	0.00761793364673034	0.0297318693546966	2.1181628144244	up	13079
AI506816	569.065405020717	1.94499129715963	0.211775928560014	9.18419440011308	4.14619094505785e-20	2.59312125232808e-18	19.3823507011627	up	433855
Hmgb2	380.704568624625	1.94497921878351	0.187826287922232	10.3552023537238	3.96347572415786e-25	3.70522399013116e-23	24.4019237974672	up	97165
Mdfi	84.4040986950432	1.94219177625153	0.353123172511641	5.50004057348432	3.79703865730113e-08	5.26076447979585e-07	7.42055498132554	up	17240
Gm14276	10.5319039495885	1.94162247398097	0.732429699543752	2.65093356425942	0.00802696288866608	0.0310417841995399	2.09544874490722	up	668943
Gm13880	42.1044576116882	-1.93938337142213	0.420099213642364	-4.61648893509511	3.90286821573726e-06	3.7614077725407e-05	5.40861611286028	down	433458
Mroh2a	1066.07294983823	1.93724342325968	0.152555423121788	12.6986204988146	6.01811688790719e-37	1.17465705673635e-34	36.220539381355	up	100040766
Dntt	17.7213740143633	-1.93506760983737	0.646179270298968	-2.99462966204731	0.00274778239727413	0.0126211820378545	2.56101766295345	down	21673
Arl4d	862.957359767953	-1.93305106612738	0.272938896196858	-7.08235833390769	1.41721614526699e-12	3.80250652148525e-11	11.8485639087235	down	80981
Pax5	38.6953814059568	1.93253263397308	0.453920899900552	4.25742157806893	2.0679816622111e-05	0.000168877325638024	4.68445331665926	up	18507
Keg1	70.4968777157615	-1.93121329463477	0.563710842912915	-3.42589346810402	0.000612780673701141	0.0034762728605173	3.2126949402379	down	64697
Rd3	55.9983025602898	-1.93024879691912	0.363541217204442	-5.30957345569324	1.09882091602351e-07	1.3930947259393e-06	6.95907308239023	down	74023
Lsp1	113.902980278502	1.9296579021203	0.26939210935107	7.16300825131289	7.89255971505966e-13	2.18878641376765e-11	12.1027821235539	up	16985
Hsd3b3	156.726037546319	-1.92962582765161	0.400920272611608	-4.81299140869571	1.48687683674682e-06	1.53814247957466e-05	5.82772500413206	down	15494
Tmem108	13.9446120873463	1.92928916129441	0.591223615833299	3.26321396782362	0.00110156317909554	0.00578703495625409	2.95799058925702	up	81907
Calml4	51.0008863661585	1.92724120385455	0.444501947151465	4.3357317469699	1.45276025248513e-05	0.000123286801742192	4.83780605095578	up	75600
Cyp3a59	1336.97780324896	-1.9268952977109	0.196024761104735	-9.82985663061904	8.37379002859182e-23	6.35620762768581e-21	22.077077933171	down	100041449
Cx3cl1	56.8311050300091	1.9264981294968	0.408497721155861	4.71605600159945	2.40460275354503e-06	2.39849484819567e-05	5.61895665991098	up	20312
C230037L18Rik	12.7591010192497	-1.92483194407734	0.766274299730226	-2.51193592784594	0.0120070886546572	0.0433563546826632	1.92056228272961	down	100532730
Fbln7	20.3425705469547	1.92449905811547	0.606593081107962	3.17263601919149	0.00151061779009644	0.00757099130578243	2.82084540505179	up	70370
Dio3os	21.0827921456858	-1.92264213606048	0.696293545794258	-2.76125227308739	0.00575801804984133	0.0235437192912711	2.23972697805915	down	353504
Gm6981	15.883570662357	1.92203352929774	0.68318606967691	2.81333829041142	0.00490300399875369	0.0205831143998731	2.30953775255518	up	629557
Kif15	33.7631156524411	1.9213193296922	0.407608576140225	4.71363813756273	2.43332630667614e-06	2.42540638940413e-05	5.61379964869901	up	209737
Hbegf	47.6337039456123	1.91828850286447	0.460365899716411	4.1668779204675	3.08799759748975e-05	0.000242909713581102	4.51032304622404	up	15200
Cacng7	33.4734602534808	-1.91799651825792	0.459852274908095	-4.17089709655399	3.03402855819761e-05	0.000239087911493815	4.51798033567544	down	81904
Ccr7	45.2817807865498	1.91630898250867	0.416152723247541	4.60482144044216	4.12819916754416e-06	3.95895924721403e-05	5.38423935806718	up	12775
Gpat3	264.888729899046	1.91585360120701	0.306365788961376	6.25348413640446	4.01395353786072e-10	7.5846641212215e-09	9.39642765884592	up	231510
Il1b	59.0036481964323	1.91579385170086	0.387089324892734	4.94922935999784	7.45079033519789e-07	8.14907253286853e-06	6.12779765745166	up	16176
Capn8	39.5427565108602	-1.91555360316893	0.46330735736863	-4.13452014673021	3.55697050964899e-05	0.000275890437521334	4.44891973547483	down	170725
Gm31583	406.400082181212	-1.91543024490832	0.454232061999569	-4.21685390607706	2.47734357781317e-05	0.000198836767415804	4.60601375780625	down	102633856
Ap5b1	333.26099618348	1.9151284293316	0.237773903129384	8.05440968973573	7.98632974353808e-16	3.23865728092976e-14	15.0976527624058	up	381201
Gm21049	42.4780022420834	-1.91490652337226	0.372516530541118	-5.14046053363232	2.74065888274532e-07	3.22381344869684e-06	6.56214501574124	down	100534381
Tnfrsf11a	51.0319718638003	1.91462525861851	0.351910218214936	5.44066400893513	5.30823449457377e-08	7.13738539686747e-07	7.27504990015388	up	21934
Pde6c	76.7819249815121	1.91103657278109	0.429117891628737	4.45340688435914	8.4518371098759e-06	7.46501893314847e-05	5.07304888158704	up	110855
Bcl2a1a	11.631547602497	1.91064543930206	0.760453361906128	2.51250837331155	0.0119876260263969	0.0432948787069665	1.92126681404184	up	12044
Ces4a	66.3571329798302	-1.90921677937342	0.459041030029468	-4.15914189468173	3.19445417508039e-05	0.00025072865690578	4.495603337506	down	234677
Slc3a2	4397.40686611983	1.90857040295706	0.148788066416083	12.8274427440961	1.15100885913227e-37	2.32320674498947e-35	36.9389213336617	up	17254
Bend4	57.317964321816	1.90586821871921	0.392295399238293	4.85824769400754	1.18429197493193e-06	1.24691132535513e-05	5.92654121360169	up	666938
Prune2	13.4408990792952	1.90402095070238	0.695225266518699	2.73871080698298	0.00616806028654855	0.024916326315596	2.20985139014721	up	353211
Ms4a4c	30.3760549960197	1.90391604677843	0.39321613033134	4.84190728690124	1.28598766680184e-06	1.34759368364214e-05	5.89076319647058	up	64380
Lair1	121.777171610529	1.90379741572885	0.271389891026891	7.01499016240146	2.29965135450157e-12	5.96297917644626e-11	11.6383380015013	up	52855
Itgb2	371.572899763963	1.90256455474555	0.191968184301417	9.9108326813065	3.73520021689657e-23	2.93560293152729e-21	22.4276861138585	up	16414
Gm20708	25.3245250542506	-1.90213324732306	0.546286672515255	-3.48193236815592	0.000497809404829692	0.00288646047553499	3.30293690277151	down	NA
Traip	23.0776403769687	1.90208971412079	0.70233237341717	2.70824724320516	0.00676396119099676	0.0269134136815601	2.16979889288156	up	22036
AI467606	21.5280123693264	1.90095752183099	0.497510993328818	3.82093571261972	0.000132946306754682	0.000893113578130353	3.87632372285547	up	101602
Cttnbp2	10.2362983396554	-1.90005682115843	0.659125524717573	-2.88269343229058	0.00394290969711946	0.0171064880410933	2.40418316928534	down	30785
Csf3r	192.230242027789	1.90003901681517	0.208066344417486	9.13189022537316	6.7313552054566e-20	4.08062563683687e-18	19.1718974916451	up	12986
Zfp105	29.3110859032739	1.89989442252359	0.507915284822051	3.74057343674787	0.000183600890907247	0.00119105881091838	3.73612521575372	up	22646
Inhbb	79.1361647538047	1.89916060374828	0.297269095102872	6.38869171075809	1.67310976625772e-10	3.35415075262637e-09	9.77647556572246	up	16324
Nupr1	110.915849236978	1.89724890892193	0.367529115576719	5.16217308646366	2.44099424653743e-07	2.90401472250488e-06	6.61243324422066	up	56312
Kdf1	561.97854551034	1.89645650582046	0.157206950747343	12.0634392869077	1.64756147811461e-33	2.61285597984568e-31	32.7831583709022	up	69073
Cenph	18.229310259089	1.89523102618747	0.644247092345997	2.94177660823594	0.00326335248456604	0.014571057524098	2.48633601421879	up	26886
Dusp5	65.8871574374004	1.89488227073467	0.330049584806256	5.74120483092562	9.40053003624244e-09	1.45954732957813e-07	8.0268476585997	up	240672
Lrp4	1573.87693112284	1.89483831262575	0.124815413625442	15.1811243306211	4.71627711720001e-52	1.94815149199318e-49	51.3264006847188	up	228357
Chaf1a	96.7614094223569	1.89308465824258	0.260421055274383	7.2693225831836	3.61294691916025e-13	1.04687052492862e-11	12.4421384189703	up	27221
Lratd2	519.501091093603	1.8920721120881	0.22695181922828	8.33688894198711	7.62706347271007e-17	3.44712217308591e-15	16.1176426393812	up	399603
Id4	68.9942303334846	1.88960614012394	0.457993797370712	4.12583347410367	3.69394494800827e-05	0.000285517189584521	4.43250958127109	up	15904
Gpr160	51.4741998344582	1.889140650072	0.327402020329049	5.77009466274323	7.92270141709409e-09	1.24313624178821e-07	8.1011267110243	up	71862
Scube1	25.5913875956769	1.88736312281627	0.519001079951232	3.63653024189008	0.000276335213627927	0.00170960155501889	3.55856376904712	up	64706
AC241534.1	10.1281006294212	1.88436187923763	0.726038056609605	2.59540372861042	0.00944798668009906	0.0354638925215383	2.02466072766842	up	NA
Csrp3	429.40027356227	-1.88063899301529	0.275323636493329	-6.83064853046447	8.45316060356655e-12	2.03448561843562e-10	11.072980879684	down	13009
Cyp2j9	359.020198647909	-1.88017098282355	0.229686366933028	-8.18581880992427	2.70458391319616e-16	1.17454326323204e-14	15.5678995394677	down	74519
Mup17	22477.5492480881	-1.87990127513283	0.652323793668993	-2.88185298984624	0.00395344137760222	0.0171396206368003	2.40302469662179	down	100039206
Fndc10	24.6739691896834	1.87938441444164	0.48038615760286	3.91223682176818	9.14451700859439e-05	0.000637460404657196	4.03883922797233	up	230991
Zwilch	59.4581999221625	1.87937797813649	0.380023769904499	4.94542217348349	7.59790213256491e-07	8.29464890464769e-06	6.1193063048272	up	68014
Slc17a2	4817.76944199802	-1.87777398209381	0.125619685980612	-14.948086897651	1.60288103169971e-50	6.05752614575538e-48	49.7950987104554	down	218103
Tmod4	17.8783302421246	-1.87500533179251	0.670031339000136	-2.79838452719319	0.0051358929712078	0.0214057764876202	2.28938403526985	down	50874
Tcea3	2200.06853026115	-1.87345778671649	0.184478132330796	-10.155446410077	3.13372733403719e-24	2.72849337780238e-22	23.5039387942346	down	21401
Serpina6	18918.5185836717	1.8733850703648	0.165072429709559	11.3488671225169	7.51297925950708e-30	9.7405501903186e-28	29.1241878100813	up	12401
Phlda2	21.9927698447939	1.8733071658924	0.716170702209305	2.61572717246525	0.00890376700396787	0.0337852402316764	2.05042621325275	up	22113
Scimp	51.0168901519562	1.87214355706829	0.342902472083196	5.4596968802665	4.76948175896492e-08	6.48664127126607e-07	7.3215288078465	up	327957
Prss50	38.6686311746093	-1.87180713929894	0.354720783903881	-5.27684653461451	1.31425859362113e-07	1.64625254865292e-06	6.881319174553	down	235631
Wdfy4	229.918249777674	1.87090186858386	0.191015251495201	9.79451564175681	1.18865736279284e-22	8.90841015946261e-21	21.9249433151822	up	545030
BC021767	30.1938571377555	-1.86947964258374	0.482903678508993	-3.87133029998016	0.000108243001683431	0.000740605622458048	3.9656001728362	down	545551
Laptm5	950.845478370821	1.86853476352938	0.164048379230216	11.3901446164682	4.6821197722689e-30	6.20625458171942e-28	29.3295574809063	up	16792
Zcchc3	45.0249240252344	1.86223019661175	0.358242693684434	5.19823636166641	2.01188208445637e-07	2.43925253133884e-06	6.69639747668301	up	67917
Klra2	93.6390623622222	1.86067090649409	0.383209666386566	4.85549053091245	1.20089093189127e-06	1.26289074791313e-05	5.92049643458605	up	16633
Gm49431	842.916037035849	-1.85819977427451	0.254374606189329	-7.30497356678547	2.77321255468155e-13	8.14178535475268e-12	12.5570168423631	down	NA
Gm12798	13.0903562120352	-1.85769104338174	0.703790052931674	-2.63955285478025	0.00830154771759618	0.0319022264301046	2.08084093141316	down	NA
Selenbp1	30244.9938454626	1.85681205396571	0.151033524099492	12.2940391216889	9.75093530455965e-35	1.69800110666263e-32	34.0109537250063	up	20341
Slamf6	21.6296512555901	1.85654599377889	0.62605897809778	2.96544903711761	0.00302241417106756	0.0136731775715326	2.519646023159	up	30925
Capg	135.442022517725	1.8562988741361	0.228833092086882	8.11202111201342	4.97846480917119e-16	2.07090145059716e-14	15.3029045583834	up	12332
Iffo2	282.607342676077	1.85268207213424	0.470126757042694	3.94081392811682	8.12056002866342e-05	0.000574879980984933	4.09041401891506	up	212632
5430427O19Rik	11.3616718431935	1.8520248590611	0.738240939051097	2.50869974976139	0.0121176434677338	0.0436579276417621	1.91658182971321	up	NA
Gpr137b	75.2979526106226	1.85173725497698	0.325448859710591	5.68979487783013	1.27192067049451e-08	1.93092777344645e-07	7.89553997472602	up	83924
Ces1b	9186.64672470519	1.85143439150195	0.10194119919717	18.1617874429846	1.03596156426991e-73	9.68460489713801e-71	72.9846563572695	up	382044
Gm2061	130.383536426183	-1.85093880507502	0.284248665347031	-6.5116886399986	7.43106291693617e-11	1.56758360487672e-09	10.1289490616171	down	100039138
Tafa5	240.081063657307	1.85089004744336	0.268789259446643	6.88602681243213	5.73721819758938e-12	1.40946707642576e-10	11.2412986327379	up	106014
C3ar1	125.282325996486	1.85018372265858	0.277937173451925	6.65684154328712	2.7977452933619e-11	6.25863374064157e-10	10.5531918261997	up	12267
Usp18	142.26311127627	1.8489682632033	0.229419667076608	8.05932763639612	7.6715228815179e-16	3.11811417440551e-14	15.1151184152701	up	24110
Gm43305	3049.97813342938	1.84883923015725	0.248526474070262	7.43920436272941	1.01293518773585e-13	3.15644821132704e-12	12.9944183419143	up	108168162
Rasa4	100.270193697686	1.84796563396972	0.333589725241381	5.53963594841705	3.03101072806249e-08	4.27955584672861e-07	7.51841252647299	up	54153
Cyp4a31	947.513899165885	1.84725708455677	0.266393068956954	6.93432862870494	4.08154846966638e-12	1.0225171215545e-10	11.3891750417509	up	666168
Dram1	83.6274424262931	1.84699129422787	0.387656477683587	4.76450517546987	1.89317658538288e-06	1.92592225140726e-05	5.72280887548119	up	71712
Pla2g12a	1183.55639155537	1.84550709361108	0.186853309888063	9.87676961524877	5.24980272117793e-23	4.03666649063041e-21	22.279857016349	up	66350
Rian	51.8041155269015	-1.84428202975405	0.362027048203795	-5.0943210981182	3.49993150100835e-07	4.04725151828843e-06	6.45594045537121	down	75745
Ccdc88b	153.924401768896	1.84424536322395	0.235684475038326	7.82506086972444	5.07411344209739e-15	1.84685251964209e-13	14.2946398274718	up	78317
Gm36860	18.8815454797389	-1.8416793316979	0.586362517087098	-3.14085446806338	0.0016845571762728	0.00830449752011033	2.77351424385866	down	102640908
Pvrig	6.84345424157479	1.84093733166946	0.737180966063638	2.49726650092392	0.0125154858945504	0.0447734260743212	1.90255228491108	up	102640920
Gm35696	139.35816216104	-1.84091880000296	0.607515319543976	-3.03024259764317	0.00244357375599641	0.0114067692651796	2.61197454784153	down	102639366
Gm27027	15.3554044594301	-1.83970929496196	0.731894927176532	-2.51362487517041	0.0119497464255603	0.0431844897421679	1.92264131037679	down	NA
B430306N03Rik	107.962717104237	1.83953166824263	0.25428233974288	7.23420930491159	4.68249149525646e-13	1.33499861859944e-11	12.329523002755	up	NA
Rab39	31.2436603272889	1.83948885814706	0.537428947990285	3.42275730592078	0.000619893971499618	0.00351325996227703	3.2076825871638	up	270160
Gm7467	12.6029342292583	-1.83848350141278	0.741033393580398	-2.48097254096729	0.0131024466083597	0.0464707780865984	1.88264760134428	down	665055
Cd300a	197.574342338578	1.83842344407045	0.237815265739699	7.73046859860837	1.07151419738101e-14	3.70998736332972e-13	13.970002070256	up	217303
Cds1	30.5771678044139	1.835859590294	0.546900680962194	3.35684275811115	0.000788379348228633	0.00433535417437677	3.10326476068359	up	74596
Il7r	25.8709415455127	1.83494307429808	0.582920984231192	3.14784185839212	0.00164480651557603	0.00814193844837838	2.78388518230963	up	16197
Ncf1	33.7672532764508	1.83434758581761	0.364290253289107	5.03540121992186	4.76848982101051e-07	5.39133775943912e-06	6.32161914008914	up	17969
Ptpn7	23.1850519639525	1.83141849389845	0.489526879586373	3.741201086743	0.000183142909739144	0.00118852187167946	3.73720989010765	up	320139
Slc46a3	5403.39051978366	1.83119472082132	0.102203463247725	17.9171494060117	8.66562861469601e-72	7.32947121210622e-69	71.0621999275846	up	71706
Hp	54281.078393102	-1.82978335768342	0.218445118321123	-8.37639848281512	5.45719236798438e-17	2.51115675751654e-15	16.2630307369111	down	15439
Mok	15.2416615296954	1.82925358121177	0.663949323478038	2.75511024189224	0.00586723626870933	0.023902259313031	2.23156642275509	up	26448
Slc6a8	585.437955702342	1.82888648781067	0.210887900675871	8.67231586994464	4.23419131474011e-18	2.16736905280732e-16	17.373229523015	up	102857
Pdgfrl	56.0656288509204	-1.82782270378762	0.46000169805493	-3.97351294900949	7.08203061389781e-05	0.000509275416048797	4.14984220022431	down	68797
Rgs10	83.4714652678531	1.82767083647838	0.24977790867992	7.31718367784264	2.53229139689224e-13	7.49642663193333e-12	12.5964863204632	up	67865
Fosb	10.5663147691869	1.82765290832052	0.699692943257681	2.6120785209169	0.00899935820497387	0.0341042458793996	2.045788461447	up	14282
Rac3	137.361355281797	1.82749198217862	0.266772644061112	6.85037249081651	7.36579403358663e-12	1.78487358287266e-10	11.1327804292942	up	170758
Arhgap11a	110.353018086663	1.82699059087302	0.274590015396415	6.65352157191684	2.8616184972737e-11	6.37742380785138e-10	10.5433882656051	up	228482
2410006H16Rik	438.590613257513	1.82678808680754	0.175551610396837	10.4059887726354	2.32826297415967e-25	2.22336596489377e-23	24.6329679682763	up	69221
C330002G04Rik	249.293532523585	-1.82654998071306	0.535805717230015	-3.4089781463249	0.000652067030832969	0.00367799765057326	3.18570775760466	down	77610
Aoah	86.0338152643763	1.82519867809424	0.34784643865885	5.24713918340358	1.54479194856118e-07	1.9081081078125e-06	6.81113000276087	up	27052
Tlr7	67.1728692593223	1.82505731228815	0.422744741917209	4.31716147198248	1.58048540856791e-05	0.000133234844931102	4.80120950931994	up	170743
Cyp26b1	333.197016312365	1.82320779065446	0.725350987888031	2.51355250230375	0.0119521986022124	0.0431844897421679	1.92255219906881	up	232174
Sirpa	1125.8538973157	1.82256161882255	0.120789284024107	15.088769120105	1.91990522608631e-51	7.57807925016558e-49	50.716720209215	up	19261
Peg10	27.3058298647897	-1.82156834036144	0.563675283891757	-3.23159164933554	0.0012310283958554	0.00634887525179546	2.90973192917991	down	170676
Nefh	12.2296559686151	1.82087058837925	0.701016259039038	2.59747269039854	0.00939125877788001	0.0352882459091823	2.02727619222294	up	380684
Cyb561	356.687865011892	1.81719047645112	0.162511544232702	11.1819162449719	4.99985658696776e-29	6.08270223956996e-27	28.3010424525403	up	13056
Gm5093	21.6374295424971	1.81627749459242	0.526490867066473	3.44977967939394	0.000561044237079237	0.00322083637330362	3.25100289424833	up	328825
H2-DMa	240.519453381767	1.81555273393533	0.20573824967486	8.8245755799155	1.09875708452237e-18	5.93195238154602e-17	17.9590983116824	up	14998
Celsr1	925.046155423895	-1.81460999595745	0.140184585786861	-12.9444331255963	2.52621048339964e-38	5.40609043447522e-36	37.5975304669356	down	12614
Sh3pxd2b	96.1733130590773	1.81412631315721	0.292070698208326	6.21125749445514	5.25622601079378e-10	9.81714893835111e-09	9.27932596895621	up	268396
Sds	2620.24677818793	-1.8128434444273	0.237277653759413	-7.64017772303762	2.169221063478e-14	7.28349802069872e-13	13.6636961871483	down	231691
Rrm2	242.120994718503	1.81174685333057	0.206709189426504	8.76471364605078	1.8725199874877e-18	9.84014793424749e-17	17.7275735378959	up	20135
Mapk13	29.8603604574005	1.8112366205129	0.497077918811065	3.64376801296084	0.000268675603181828	0.00166685856224786	3.57077176745052	up	26415
Tmem71	69.786032997759	1.80250615248505	0.381067402463175	4.73015046900854	2.24353488516561e-06	2.24758413030522e-05	5.64906717314801	up	213068
C730027H18Rik	230.430460499517	-1.80236678437693	0.295308775584965	-6.10332957700527	1.03881325155462e-09	1.86566238363126e-08	8.98346251895769	down	319572
Card11	58.1795587808114	1.7987480642701	0.340136023615408	5.28831978792093	1.23445025724609e-07	1.55505712547554e-06	6.90852640547995	up	108723
Plek	145.654163164301	1.79862344924558	0.273245245998972	6.58245102369446	4.62755265057076e-11	1.00482384082442e-09	10.3346486313061	up	56193
Gm34333	26.0489742230095	-1.79792418631768	0.425354791188856	-4.22688123787797	2.36952648110395e-05	0.000190786624466765	4.62533843339503	down	102637555
Csad	6784.3136291012	-1.79752293695519	0.325311809744246	-5.52553852369628	3.28476489193981e-08	4.6012613573056e-07	7.48349570975329	down	246277
Gpr132	34.3001048654873	1.7963944202924	0.395445838393967	4.54270660070196	5.55365230465612e-06	5.16460587619382e-05	5.25542131343992	up	56696
Fras1	406.785934691825	-1.79476479213613	0.229461797355903	-7.82162788236332	5.21445607715671e-15	1.89405253256559e-13	14.2827909863763	down	231470
Jun	848.66395536143	1.79415707742084	0.379092986539565	4.73276251770907	2.21484571036198e-06	2.22134892758044e-05	5.65465652202433	up	16476
Itgb7	153.605562778363	1.79232272475324	0.226287386491676	7.92055957046977	2.36444062873913e-15	8.8977106880645e-14	14.6262715866749	up	16421
Clec4a1	104.566591740608	1.7922290973755	0.236427249878396	7.58046755734509	3.44311858398772e-14	1.12835188724704e-12	13.4630480195594	up	269799
Ccdc57	210.22757918913	-1.79191932507833	0.196421203970074	-9.12284055315813	7.31805919767911e-20	4.42120297514205e-18	19.1356040817145	down	71276
Gm45299	16.3120220483802	-1.79158944710458	0.717403360837748	-2.49732513799831	0.0125134163416196	0.0447734260743212	1.90262410551363	down	NA
Fhod3	50.5143888557255	-1.7905141773678	0.483016477386595	-3.70694222908407	0.000209776771860901	0.00133550359204062	3.67824260199145	down	225288
Zfp941	33.58126946711	1.78958448216061	0.465263121568231	3.84639228686035	0.000119869791086909	0.000812024114906816	3.92129025157405	up	407812
Col1a2	1402.8899976707	1.78888254607142	0.213350775637627	8.38470139480442	5.08546833008777e-17	2.34618411633816e-15	16.2936690459257	up	12843
Pla1a	1363.51672714868	-1.78727343596967	0.163274375211445	-10.9464417405064	6.91093700609297e-28	7.91948794207893e-26	27.1604630656522	down	85031
Cep55	17.2297483787854	1.78685830112594	0.542847626544967	3.2916387836098	0.000996054567275095	0.00529222890336232	3.00171686878783	up	74107
Fancd2	25.8310201712889	1.78667844966451	0.62719137882476	2.84869739920917	0.00438986112383187	0.0187705135487486	2.35754921873453	up	211651
Fut7	10.442374335845	1.7857126569607	0.714342456752051	2.49979913706924	0.0124263739914059	0.0445533417108097	1.90565557974595	up	14347
Gm43848	12.6214776087692	-1.78538452108192	0.647928581133984	-2.75552672480846	0.0058597717260389	0.0238828052771691	2.23211930207963	down	NA
Pkmyt1	82.8040511049236	1.78432123737788	0.359600813839048	4.96194994201687	6.9788983838657e-07	7.67074214691972e-06	6.15621312516566	up	268930
Dkk3	109.171436646432	1.78350950373343	0.341490095506224	5.22272688784592	1.76307330115928e-07	2.15228233506469e-06	6.75372963119063	up	50781
Dct	75.1370778388884	-1.78242189338493	0.33083411285883	-5.38766053470883	7.13807097616741e-08	9.36384170448194e-07	7.14641913802723	down	13190
Serpina3m	9722.64421816277	-1.77793238324829	0.187415512250746	-9.4865807098698	2.38736882334135e-21	1.63723726023896e-19	20.6220804818862	down	20717
Gm10451	48.374715059222	1.77593815899764	0.471442941162864	3.76702672568836	0.000165203321582468	0.00108518542823513	3.78198122499121	up	NA
Igsf3	79.3058466289734	1.77555065054149	0.367094799448481	4.83676329168665	1.31970428908167e-06	1.37885809309816e-05	5.87952337183005	up	78908
Zfp36l1-ps	17.7003489496685	-1.77539260727152	0.649155342677302	-2.73492720548104	0.00623940726505296	0.0251416406174843	2.20485666572522	down	100417737
Slc25a47	7914.5106259328	-1.77444008026521	0.205566870602966	-8.63193604621428	6.03221114239936e-18	3.00966669413757e-16	17.2195234654848	down	104910
Runx1	118.221795914494	1.77313073399135	0.247090359874339	7.17604173183081	7.17586587954916e-13	2.00720834255988e-11	12.1441256870649	up	12394
Gm33699	14.3450141055204	1.77164943135199	0.572184638321853	3.09628975106361	0.00195958773988237	0.00947507222470009	2.70783528636109	up	102636699
Ccr2	79.0937437469531	1.7691840727254	0.406987434635878	4.34702381980969	1.37997237923685e-05	0.000117898361712386	4.86012960610968	up	12772
Esrrg	526.387148329095	1.76876091310263	0.233234358132477	7.58362072923222	3.36042553485408e-14	1.105331080557e-12	13.4736057238788	up	26381
Il18r1	30.2079108826726	1.76783018507428	0.458096816807064	3.85907546224848	0.000113816791791495	0.000775753590099977	3.94379366022204	up	16182
Gm44096	34.8253289968825	-1.76720351105911	0.448510109270453	-3.94016427842316	8.14258298077001e-05	0.000576069662489161	4.08923780686111	down	115490373
Ebf1	22.7972258793799	1.76551201445393	0.681599601874229	2.59024801305519	0.00959068078067734	0.0359387493726563	2.01815056396616	up	13591
Tmem266	85.1834317118188	-1.76533872160281	0.290353176008963	-6.07997042039699	1.20204720386273e-09	2.1393549534078e-08	8.92007847744594	down	244886
Gm31834	20.0793891608908	-1.76469979244062	0.545061153325922	-3.23761798409693	0.00120532088817238	0.00625077653013659	2.91889731706398	down	102634191
Atp4a	77.0548974330224	-1.76345651440236	0.281832519054404	-6.25710801691394	3.9218179426398e-10	7.41845903058233e-09	9.40651257087785	down	11944
Lrit2	157.794557082366	-1.76065752801397	0.245802425594073	-7.16289728939286	7.89895333422512e-13	2.18878641376765e-11	12.1024304519102	down	239038
Slc28a2	49.9190908453893	1.76020180773887	0.481993135972678	3.65192297642731	0.000260283959529902	0.00162216269795443	3.58455259524959	up	269346
Pira2	11.5039579884315	1.75963459076617	0.61801635788814	2.84722979951391	0.00441015145425447	0.0188346020991748	2.3555464956529	up	18725
Zfp981	12.9227172689871	1.75941429746964	0.609483889758618	2.8867281433254	0.00389270415545689	0.0169010538277255	2.40974860129977	up	100041433
Fbn1	239.794106303812	1.75936322543072	0.286871936090576	6.13292206064809	8.62794238374181e-10	1.56536785107275e-08	9.06409276372092	up	14118
Ptgfrn	283.150115473965	1.75926515575844	0.259803617594773	6.77151908832324	1.27437143057898e-11	3.01403266976617e-10	10.8947039733031	up	19221
Slc15a3	320.235107444016	1.75828587313921	0.173535586514106	10.1321343273662	3.97868570389072e-24	3.41398142379261e-22	23.4002603665729	up	65221
Cd63	285.910087531165	1.75673669206971	0.21472579346946	8.18130259846758	2.80791794503846e-16	1.21644484243349e-14	15.5516155876169	up	12512
Gpr137b-ps	465.880759556289	-1.75517008437567	0.413637576973112	-4.2432558889343	2.20299990488675e-05	0.000178755981318403	4.65698552159965	down	664862
Ralgds	193.589641344916	1.75420806782468	0.230416038231288	7.61322033522613	2.67349446966899e-14	8.87600163930104e-13	13.5729207099346	up	19730
AL807811.1	14.991082708534	-1.75392720236402	0.614749080143481	-2.85307820542759	0.00432979645649833	0.0185494077810717	2.36353251932732	down	NA
Cnmd	82.0986328856593	-1.75101085392382	0.336942283089659	-5.19676793861423	2.02783244456842e-07	2.45523925565265e-06	6.6929679326748	down	16840
4933405D12Rik	33.2129243042505	-1.75045029989269	0.392271377711826	-4.46234520118016	8.10674895027958e-06	7.203205345416e-05	5.09115327600165	down	74057
Saa1	2315.8301172895	1.74952061329289	0.627089307791137	2.7899066234368	0.00527232448866339	0.0218954939367873	2.27799786865319	up	20208
Gm19696	612.599638895579	-1.74916193688112	0.171875647521442	-10.1769038377756	2.51434290449045e-24	2.2218785407741e-22	23.5995754938049	down	100503447
Gm28375	18.4133987897492	-1.74882234915428	0.565627070878077	-3.09182929741926	0.00198927207110828	0.00959626575964838	2.70130581471348	down	102635655
Ace2	19.8848406480854	1.74780318943666	0.615591672910488	2.83922487315843	0.00452232746289957	0.0192442693809349	2.34463799347645	up	70008
Gm37795	51.942258461762	1.74726093672358	0.514756328997241	3.3943457094103	0.000687927912959714	0.00385092202647035	3.16245706851458	up	NA
Gm20627	42.0652676048813	1.74677004155898	0.429247336718931	4.06937886886123	4.7138639570102e-05	0.000354627918697227	4.32662295545029	up	102631874
Gm8113	21.3752412635688	1.74643326270493	0.593610836520987	2.94205084418667	0.00326046389207837	0.0145654828096318	2.48672060501271	up	666451
Hcrtr2	52.8722051564647	-1.74520935883788	0.3819714045022	-4.5689529065986	4.90166894343531e-06	4.62365606868284e-05	5.30965602415175	down	387285
Cacna1c	30.8429192133629	1.7437799122176	0.526223266192033	3.31376437388697	0.000920490413115444	0.00494847176687546	3.03598073030254	up	12288
Rragd	133.088531803526	1.74350278305663	0.306084604819988	5.69614660653061	1.22545511631293e-08	1.8651699893702e-07	7.91170259064984	up	52187
Klhdc7b	26.1655973171712	-1.74302721873894	0.632880102130788	-2.75411916549516	0.00588503361668962	0.0239527880613293	2.23025105202172	down	546648
Neto2	88.1942190110381	-1.7421937512126	0.350921336276551	-4.96462759915979	6.88330191713015e-07	7.57974015201895e-06	6.16220318089404	down	74513
Treh	117.685726282117	1.74106847386748	0.301769037349709	5.76953980818723	7.94883000853679e-09	1.24503631932655e-07	8.09969679061771	up	58866
Sash3	81.0969721200216	1.73696818746825	0.289214413869317	6.00581473181039	1.90373480307852e-09	3.27656371824425e-08	8.72039355047953	up	74131
Gm15663	27.5494254217808	1.73341803737367	0.45272487151062	3.82885533014727	0.000128740653709741	0.000867814607663157	3.89028428997315	up	327812
Gprin3	408.831749394472	-1.73339668694527	0.273869758147859	-6.32927380762292	2.46317681890168e-10	4.81838619574136e-09	9.60850441125591	down	243385
Coro1a	345.493323321763	1.72839100478794	0.184390544635532	9.37353381218267	7.01438492062467e-21	4.68381597594494e-19	20.1540104055038	up	12721
Sema4d	136.395376315437	1.72642306200074	0.298352429215078	5.78652255838073	7.18584407808477e-09	1.13151562513246e-07	8.14352221056054	up	20354
Rims3	94.0813563933782	1.725733224558	0.353894369849538	4.87640768428078	1.08035212165422e-06	1.14699428480707e-05	5.96643467083975	up	242662
Cldn1	2889.07846185509	-1.72398304655556	0.165293995062103	-10.4297984080295	1.81272470886811e-25	1.7690997955448e-23	24.7416681454342	down	12737
Fcgr3	305.660332894832	1.72273983538591	0.140997788274119	12.2182046716695	2.48512287524366e-34	4.164221934913e-32	33.6046521329987	up	14131
Svep1	72.7089580368445	1.72214621963387	0.373840386335317	4.60663503083688	4.09237351425684e-06	3.93124599027745e-05	5.3880247347405	up	64817
Gm15375	17.3386015301906	1.72158790422581	0.662038641402974	2.60043416888396	0.00931058809722306	0.0350370054624737	2.03102288622464	up	677561
Tlr5	224.682462913003	-1.72045301879346	0.23538348983605	-7.30914908259621	2.68839367006099e-13	7.91894666129739e-12	12.5705071358352	down	53791
Cd300c2	168.717580388482	1.72035336049118	0.196458857977702	8.75681238402821	2.0084956004839e-18	1.05235689840103e-16	17.6971291152331	up	140497
Spi1	388.148100717795	1.71909760743407	0.178587522819186	9.62607902442658	6.20521951817684e-22	4.39111988373932e-20	21.2072428501287	up	20375
Cd52	219.499482902586	1.71880477217637	0.186500808302222	9.2160714359536	3.08184877325184e-20	1.9619999251075e-18	19.5111886759854	up	23833
Selplg	163.369743640824	1.71751429141055	0.244486968478467	7.02497275048758	2.14108030081439e-12	5.57622702390985e-11	11.6693670442672	up	20345
Gpd2	893.993202673522	-1.71706754274965	0.150516969823027	-11.4078003614378	3.8227409120297e-30	5.14390333935391e-28	29.4176251354858	down	14571
Sirpb1b	22.5543491981052	1.71570249649173	0.627167302857002	2.73563766586046	0.00622595379641836	0.0250988178238727	2.2057941065952	up	668101
Mme	797.584619043444	-1.71366868935912	0.40699642250631	-4.21052519038433	2.5477771194323e-05	0.000203753341717049	4.59383856693104	down	17380
A4galt	21.9068937378279	1.71328047572227	0.622036956162327	2.75430657093495	0.00588166453978156	0.0239445623551685	2.23049974907008	up	239559
Fmnl1	126.471588178468	1.71314900504151	0.279363754343751	6.13232381940827	8.66045950848156e-10	1.56966409989438e-08	9.06245906448339	up	57778
Myof	184.092440136708	1.71288939349653	0.2377110542096	7.20576247155173	5.77199442955525e-13	1.62992313287377e-11	12.2386740967079	up	226101
Acnat2	613.060733326088	-1.71246234113528	0.248777344424145	-6.8835140317909	5.83938431115917e-12	1.43258486374046e-10	11.2336329413058	down	209186
Cyth4	309.022674446686	1.71086720393065	0.203837199812632	8.3933021327966	4.72674846535132e-17	2.18636735004089e-15	16.32543750813	up	72318
Fcgr4	214.06640273148	1.70894514548642	0.172898186337138	9.88411261963217	4.87885075136624e-23	3.80079592305996e-21	22.3116824671613	up	246256
Pde4b	653.439249128787	-1.70829285907268	0.197014615146299	-8.67089407455449	4.28740420183556e-18	2.18830096071848e-16	17.3678055707577	down	18578
Emilin2	88.2748911963789	1.70719650848267	0.26355021283323	6.47768973559112	9.31376192532033e-11	1.94167886522934e-09	10.0308748675243	up	246707
Fgf11	18.715088177877	-1.70703107466668	0.625711389517512	-2.72814448204782	0.00636917043074377	0.0255659220770329	2.19591712980153	down	14166
Gm44421	96.6543409490567	-1.70550833795888	0.328641027140483	-5.1895782848495	2.10770879032521e-07	2.54501179699227e-06	6.67618939321817	down	NA
Gm2568	17.0544996513346	-1.7052963018807	0.636960414307609	-2.67724063156168	0.00742313009637003	0.0291187360361582	2.12941292801791	down	102632291
Ppfia4	56.5501007012327	1.7043605557676	0.443671093018651	3.84149560921688	0.000122286924008392	0.000827136460105504	3.91261997906024	up	68507
Slc30a10	2597.45926919316	-1.70344180352365	0.17010491909007	-10.0140655110725	1.32205367361393e-23	1.10765647880804e-21	22.8787509127164	down	226781
Ces3b	12773.2724279031	-1.70332633191471	0.193696668768753	-8.79378227174496	1.44607674390002e-18	7.62172555642498e-17	17.8398086582394	down	13909
Gm42568	22.5409697016022	-1.70052629440421	0.520127071090728	-3.26944392807345	0.0010775909241691	0.00567789083212448	2.96754607504294	down	NA
Emp1	107.747809952597	1.70041306728078	0.327308257920541	5.19514257930388	2.04562998978983e-07	2.47510080917214e-06	6.6891729179966	up	13730
Gm10447	121.331415566186	1.69942198060802	0.290876791116574	5.84241174445212	5.14504458698736e-09	8.29276605753807e-08	8.28861085728665	up	102632534
Khk	11971.1476863626	-1.69897314711919	0.148822393647613	-11.416112222614	3.47430867568642e-30	4.71073822118643e-28	29.45913159919	down	16548
5031434O11Rik	21.1394951043337	1.69780615484551	0.583732728819237	2.90853342809783	0.00363128352429406	0.0159611130805521	2.4399398408064	up	100039684
Sting1	119.606688310234	1.69746129956587	0.241211590365389	7.03722941751904	1.9609984029511e-12	5.12978698574631e-11	11.7075227600241	up	72512
Cx3cr1	57.505190230143	1.69599136374011	0.403788229231073	4.20020010729325	2.66679180667665e-05	0.000212505859444552	4.57401088784998	up	13051
A930004D18Rik	93.5489477539748	1.69593381942977	0.232509622196533	7.29403713879959	3.00802461056501e-13	8.7731581498942e-12	12.5217186148261	up	77940
Havcr2	20.3724582978311	1.695159782615	0.574651435455575	2.94989219207484	0.003178848305965	0.0142510609819663	2.49773019604062	up	171285
Rbp1	636.696010578882	1.69329596287923	0.184406030480822	9.18243269194675	4.2146052082246e-20	2.61747614365334e-18	19.3752431004982	up	19659
Lrp11	126.212857795649	1.69142626576757	0.255420100582114	6.62213452235253	3.54048621460203e-11	7.77331472728817e-10	10.4509370922627	up	237253
Cybb	495.967937053919	1.68886823342266	0.198294097496238	8.51698691361549	1.63757995476262e-17	7.96895757712153e-16	16.7857974864113	up	13058
2500002B13Rik	126.564477928847	1.68784056362028	0.26540752076665	6.35943005211314	2.02503718680058e-10	4.01885033653095e-09	9.69356699720289	up	78353
Tmem98	256.556471429734	-1.68780992431588	0.197330484566202	-8.55321430961995	1.19707343455963e-17	5.87359622780338e-16	16.9218792069488	down	103743
Pld4	425.450124617342	1.68735303430947	0.148051778374206	11.3970467145935	4.32544246905428e-30	5.77657963423625e-28	29.3639694599819	up	104759
Mcm10	1131.43475940656	-1.68734210263488	0.20633083901308	-8.1778473383124	2.88959534493561e-16	1.24575224555209e-14	15.5391629710034	down	70024
Fcho1	22.825045861505	1.68623330836748	0.556266064905644	3.03134311932816	0.00243468403210805	0.0113712484297405	2.61355739256672	up	74015
Themis2	270.474715829998	1.68573138949439	0.203096372733269	8.30015507814263	1.03975583021063e-16	4.62860728225595e-15	15.9830686357419	up	230787
Zfp831	15.8448221380541	1.68497181287849	0.556581716457382	3.02735746262608	0.00246702031270136	0.0115041257007618	2.60782727464573	up	100043757
Egfr	12720.4673397429	-1.68109900383661	0.215347602304455	-7.80644402745614	5.88240762970791e-15	2.10651863546113e-13	14.2304448837394	down	13649
Chsy3	352.472097532091	-1.68065797320879	0.154021737741479	-10.9118232130956	1.01205934735078e-27	1.130578498594e-25	26.9947940196393	down	78923
Apoa1	169973.394432313	-1.67895754030343	0.214949720675243	-7.81093148215846	5.67668705842438e-15	2.03695586932796e-13	14.2459050466845	down	11806
Nfasc	73.8612662930104	-1.67807230101883	0.326748528859394	-5.13566903231854	2.81142055682593e-07	3.30049252679062e-06	6.55107418397374	down	269116
Tlr11	20.932946286107	1.6766505756075	0.547103495211507	3.06459488978282	0.00217965018080791	0.0103710009406671	2.66161320214566	up	239081
Incenp	173.359868488162	1.67473870194511	0.226820147101172	7.38355354825733	1.54119639560154e-13	4.72793270788853e-12	12.812142015343	up	16319
Armh2	17.9166827428251	1.67442952123265	0.667087384530419	2.51006024107521	0.0120710567138725	0.0435253977571669	1.91825470961137	up	666145
Cyp4f18	25.795947817909	1.67283758663775	0.513576997428112	3.2572284097905	0.00112505862882085	0.0058895642101727	2.94882484509935	up	72054
St8sia4	36.4534137786437	1.67246370538559	0.437203011214543	3.82537096608624	0.000130575313115232	0.000878847560270086	3.88413892406608	up	20452
Arhgef16	582.022786452501	1.67191105042533	0.193517234015125	8.63959770267621	5.64113052286043e-18	2.83846346592201e-16	17.2486338515772	up	230972
Ccn2	167.040414980956	1.67190627736088	0.389258580242426	4.29510449408625	1.74611071855646e-05	0.000145198588871722	4.75792822172232	up	14219
Pkib	33.9699544894963	1.6711930167209	0.454213876637248	3.67930858716493	0.00023386714544932	0.00147355382670125	3.63103078525484	up	18768
Gm35665	111.487546348823	-1.67063386319859	0.308036249757729	-5.42349760624779	5.84439983471031e-08	7.79926595523099e-07	7.23326008020037	down	102639328
Tmprss9	25.2009196781706	1.6702285221894	0.397368415283427	4.20322415660062	2.63139771862877e-05	0.000209811895587407	4.57981350617052	up	432478
Birc5	80.4560104665087	1.6692936363714	0.292024508159764	5.71627924961061	1.08881755536782e-08	1.67442228731111e-07	7.9630448854738	up	11799
Calhm6	58.449161818144	1.6690498472482	0.367296145292325	4.54415290941817	5.51566095301594e-06	5.13465250772899e-05	5.25840243770282	up	215900
Arhgap25	133.977666622109	1.6685697935844	0.267821629350499	6.23015324651294	4.65979128183208e-10	8.7307186442934e-09	9.33163353549425	up	232201
Rgr	156.704291599871	-1.66833616747046	0.303004794841912	-5.50597282904679	3.67135156076497e-08	5.10254666841215e-07	7.43517402639499	down	57811
Lama3	170.162715049095	-1.6677574777123	0.258187547835752	-6.45948068252021	1.05062896151152e-10	2.18005509513641e-09	9.97855063165848	down	16774
Fbxw9	2000.09355928095	1.66769733528924	0.137316044456847	12.1449561257449	6.10153140737503e-34	9.94269732640324e-32	33.2145611488742	up	68628
Kalrn	879.021156040758	-1.66711081729731	0.138060377778473	-12.0752300125696	1.42764487684017e-33	2.28448903625541e-31	32.8453798088127	down	545156
Ereg	32.0341102984728	1.66680082397141	0.582806952325878	2.85995357007926	0.00423703036293521	0.0182002740765309	2.3729384237951	up	13874
Ly6c2	34.7973201138954	1.6664695112211	0.416340128332821	4.00266368244219	6.26333068147363e-05	0.000458004444480587	4.20319465849699	up	100041546
Mup18	669.801858495875	-1.66622017496794	0.526875238711364	-3.16245678776478	0.00156443952213846	0.00780103662815023	2.80564122108232	down	100048884
Galnt3	20.3007480559933	1.66601093419483	0.595536730388024	2.7974948465552	0.0051500588786212	0.0214451592090127	2.28818780581044	up	14425
Arhgef2	354.215669265726	1.6654209561699	0.235535183923889	7.0707948104605	1.54048783814933e-12	4.09612948820486e-11	11.8123417260036	up	16800
Tle2	457.818538773153	-1.66453525019513	0.18557877289999	-8.96942696723276	2.98061020760815e-19	1.69142487244524e-17	18.5256948155653	down	21886
Zfp454	38.9849148380116	-1.66427961933967	0.38247388796553	-4.35135488122436	1.35298857740509e-05	0.000115871663991655	4.86870586991448	down	237758
Arhgap9	124.649387189987	1.66422407219019	0.240277412315914	6.92626100867976	4.32108901275286e-12	1.07796605399602e-10	11.3644067872992	up	216445
Clec4a3	73.3580959547816	1.66384171546706	0.285731049717444	5.82310433924633	5.77644664807156e-09	9.20190541372619e-08	8.23833923349706	up	73149
5033428I22Rik	28.0232870197778	1.66102059612953	0.596056354069868	2.78668381737413	0.00532504076033197	0.0220668024998115	2.27367706358509	up	NA
Txk	21.4661276695213	1.6579398828703	0.5175904742206	3.20318855436214	0.00135914961255082	0.00691527224810301	2.86673273434263	up	22165
Hk3	291.002065595175	1.65767263779433	0.241795376825401	6.8556837585498	7.09722255283816e-12	1.72214299157802e-10	11.1489115760654	up	212032
Acer2	745.124161358821	1.6553656969418	0.191013369112318	8.66622951385369	4.46666100084282e-18	2.27326168186161e-16	17.3500170072439	up	230379
Kcns3	18.0498791823655	1.65478562445206	0.495555516310697	3.33925376670524	0.000840037869342387	0.00458113375353377	3.07570113527655	up	238076
Lgals1	847.126561850199	1.65409839066172	0.208197576419748	7.94484940269858	1.94426847576445e-15	7.4587681785158e-14	14.711243765391	up	16852
Adgre1	598.393569025776	1.65330512869592	0.183950822206766	8.9877561234141	2.52329194013482e-19	1.44111612349436e-17	18.5980324995202	up	13733
Sorl1	99.0290200820785	1.65280493801002	0.366950723177517	4.50416045974231	6.66358448365952e-06	6.05758238217229e-05	5.17629209174533	up	20660
Cpz	48.6838570529327	1.65272147953031	0.470088858880715	3.51576398442084	0.000438490595160472	0.00257810988124472	3.35803971703845	up	242939
Gm36435	64.1480754730683	-1.6520026232354	0.426133503004652	-3.87672551345338	0.000105871681186797	0.000726900966849591	3.97522019049691	down	102640351
Aadac	14336.7784230656	-1.65128904995803	0.130074777477369	-12.6949211982725	6.30934219129533e-37	1.21811452175856e-34	36.2000159177103	down	67758
BC055324	22.7507618845675	1.65123553412312	0.457261473751837	3.61114073436958	0.000304853169928621	0.0018697520732984	3.51590928473145	up	NA
Shisa2	50.8344834131873	1.6494187963005	0.404985215698794	4.07278767807476	4.64537687327466e-05	0.000350217249673618	4.33297904650477	up	219134
2310001H17Rik	815.305172663754	-1.64938100858819	0.201845163559911	-8.17151612403448	3.04537794042807e-16	1.30342175850321e-14	15.5163588024541	down	76432
Plcb2	113.640284161549	1.64910290712994	0.291771259997578	5.65204025627344	1.58554443282681e-08	2.36659161477897e-07	7.79982158292664	up	18796
Clec2d	2470.16649140611	-1.64840822230192	0.158910254887482	-10.3732023050941	3.28333736445415e-25	3.0856422363722e-23	24.4836844910162	down	93694
Marchf1	73.1635589282275	1.64825667296811	0.38659190549476	4.26355712455662	2.01198033390176e-05	0.000164837613887284	4.69637626860601	up	72925
Traf1	44.3535420041404	1.64228222635617	0.362077344526327	4.53572213556919	5.74067199913412e-06	5.30515072203214e-05	5.24103726641152	up	22029
B4galt2	12.1632671462267	1.64070649222162	0.63231489462906	2.59476173368353	0.00946565126808343	0.0355076869743818	2.02384949977684	up	53418
Nfkbid	35.4756229268624	1.6400044929265	0.525636361090347	3.12003623479277	0.00180828794412196	0.00885059533301028	2.74273241313813	up	243910
Mup13	2150.64297470161	-1.63952849269285	0.513319505338078	-3.1939727122059	0.00140329381199116	0.00710730102326404	2.85285138986441	down	100039089
Relb	203.533329425825	1.63906815500492	0.36917675797265	4.43979237481235	9.00457070995673e-06	7.92955800447454e-05	5.04553698720214	up	19698
Btla	46.489381136483	1.63818210865953	0.521986342381434	3.13836201381386	0.00169894905590547	0.00836615833961544	2.76981964353875	up	208154
Vmo1	79.5743568958764	-1.63806925966988	0.344896946795979	-4.74944552245883	2.03975133389124e-06	2.0667463315788e-05	5.69042277419243	down	327956
Acaa1b	44241.8740825416	-1.63519146001578	0.159929364595324	-10.2244604307244	1.54083624952377e-24	1.38925550578889e-22	23.8122435129409	down	235674
Vwce	1365.85999492785	-1.635114326162	0.135845761939018	-12.0365501493968	2.28304939886938e-33	3.55715117743139e-31	32.6414846914777	down	71768
Pstpip1	32.6467131300456	1.6339865044316	0.487015779702411	3.35509971654316	0.000793363809698149	0.00435871574013564	3.10052761430662	up	19200
Nat8f1	4076.26492816566	-1.6334435003728	0.122939986773882	-13.2865111119388	2.77205143537731e-40	6.31245866604768e-38	39.5571987156572	down	66116
Pacrg	13.7693847890171	1.63327925106813	0.583225410618572	2.80042539527876	0.0051035302786913	0.021294081468197	2.29212930426337	up	69310
Csf1r	2222.74682089191	1.63059516221137	0.121628760475755	13.4063288636113	5.55198320722872e-41	1.38893416516615e-38	40.2555518561373	up	12978
9030616G12Rik	539.481223455992	-1.62999696446584	0.424994989551977	-3.83533219105515	0.000125394697495993	0.000846223638648871	3.90172082791455	down	77699
Cpxm1	107.015960156694	1.62994984824949	0.278367209699911	5.85539457038289	4.75878832715525e-09	7.71218962289521e-08	8.32250361236723	up	56264
Cyp2c70	13099.4102073626	-1.62671267089479	0.128825561763585	-12.6272507460907	1.49407579625078e-36	2.79344992557961e-34	35.8256273696836	down	226105
Gm37397	13.9025342980673	-1.62599564855493	0.651820975673521	-2.494543301364	0.0126119337401599	0.0450277722799437	1.8992183195891	down	NA
Cd226	23.8039115994636	1.62480575073876	0.471732866223429	3.44433442542712	0.000572467142727483	0.00327688088595732	3.24224943499969	up	225825
Gm45808	31.6408709315756	-1.62353350369449	0.393133661575227	-4.12972396509939	3.63199040010422e-05	0.00028121801868636	4.43985530805494	down	NA
Gm5431	54.1220161818341	1.62254590609033	0.377697621033158	4.29588595673968	1.73997021333733e-05	0.00014482357511386	4.7594581863691	up	432555
Inpp5d	295.963782156081	1.62253106781972	0.235378316969109	6.89329029416358	5.45164633396387e-12	1.34415974540748e-10	11.2634723260197	up	16331
Frzb	95.0602626042039	1.62242280181895	0.3041833676612	5.33369991361924	9.62315079769674e-08	1.23591037215249e-06	7.01668270862608	up	20378
Prr16	1291.4611700522	-1.62055843819589	0.179964717856163	-9.00486749570063	2.15926400923315e-19	1.245222315974e-17	18.6656942540329	down	71373
0610043K17Rik	141.097400934191	-1.61977263442372	0.31109693311745	-5.20664931727951	1.92280979605292e-07	2.33444617891264e-06	6.71606367395712	down	68400
Dpy19l3	478.677705325345	-1.61741097512846	0.231635143086121	-6.98258024917713	2.89807323597577e-12	7.44943224564422e-11	11.5378906438551	down	233115
Dexi	1815.09267019069	-1.61714958495573	0.122561448099244	-13.1946024629722	9.42507580226181e-40	2.11909109366803e-37	39.0257151482445	down	58239
Lrrc25	179.880376664251	1.61665271532337	0.177979868427199	9.08334594024406	1.05287330059213e-19	6.23371185503912e-18	18.9776238872802	up	211228
Cd180	110.837526020919	1.61574337871306	0.308975096010455	5.22936443608514	1.70093773047061e-07	2.08790988034685e-06	6.76931158515757	up	17079
B4galt6	121.956865217819	1.61400040993125	0.319707626052432	5.04836381246206	4.45609953479334e-07	5.07041895816779e-06	6.35104511699754	up	56386
Tlr8	30.8236349575092	1.61291500445803	0.597244082548688	2.70059604035766	0.00692153500192514	0.0274533672894566	2.15979758055206	up	170744
Fam13a	536.373593935653	-1.61211498471095	0.421528288105048	-3.82445266475022	0.000131062922574414	0.000881127793628593	3.88252015193162	down	58909
2310014F06Rik	15.0136129833562	1.61191659048315	0.566795946550591	2.8439098767254	0.0044563650881306	0.018999989605227	2.35101923676038	up	69625
Prss8	382.062201007819	1.61130138647913	0.253617330193408	6.35327792958926	2.10774390511595e-10	4.1690141695623e-09	9.67618215785772	up	76560
Slc22a30	8530.35267188253	-1.61076789035348	0.153614646834565	-10.4857702279405	1.00424032306627e-25	1.00209643923051e-23	24.9981623444697	down	319800
St14	73.8960696155382	1.61034092824568	0.270561232320348	5.95185390913293	2.65121981012597e-09	4.46359869833721e-08	8.57655426382959	up	19143
Tcf4	981.899920556235	1.61026580190173	0.203083020114184	7.92910111833254	2.207377603951e-15	8.35979552268179e-14	14.6561233681139	up	21413
Gng2	76.0883440973377	1.60908840945158	0.393637302419404	4.08774371626285	4.35588970167182e-05	0.000330920927635137	4.36092312583127	up	14702
A530020G20Rik	139.704051857343	-1.60907626813213	0.251294116116401	-6.40315934570785	1.52194203841236e-10	3.07889914422327e-09	9.81760188690644	down	319839
Cmah	4139.8025643266	-1.60885885295616	0.218268998724708	-7.37099112726187	1.69364117814774e-13	5.13352467683621e-12	12.7711785956919	down	12763
Ms4a6b	71.682998599662	1.60710459671655	0.271641912077202	5.91626153868259	3.29341377579603e-09	5.46196223022306e-08	8.48235370225015	up	69774
Fgd3	92.6681716087431	1.60666399604507	0.250514093019687	6.4134675086675	1.42246443051281e-10	2.89745564389548e-09	9.84695858456393	up	30938
Tmie	1084.82534023332	-1.60553445940876	0.1657061861649	-9.68904358109503	3.35657075528977e-22	2.41374128564603e-20	21.474104193613	down	20776
Plekhm3	156.312098993949	1.60487286918291	0.256964747880354	6.24549819545737	4.22451411710936e-10	7.94870971907802e-09	9.37422323426289	up	241075
Lor	24.3575949318178	-1.60369063947617	0.467204864457344	-3.43252128022864	0.000597996950889608	0.00340764255428335	3.22330103041827	down	NA
Tmem150a	4091.15682012418	-1.60290007709158	0.120493802785256	-13.302759478413	2.23080567443944e-40	5.28314271858578e-38	39.6515382594761	down	232086
BC049987	320.771611506628	-1.60153404673492	0.530643087480476	-3.01810027214167	0.00254364724996754	0.0118025763986216	2.59454311629985	down	115487218
Gabrb3	66.7217835044682	1.60028415240088	0.448138360425735	3.57095998405626	0.000355675236877032	0.00214297949708611	3.4489463705804	up	14402
Itih5	1050.18858558886	1.59968505357611	0.24159623322757	6.62131620267976	3.56014491987789e-11	7.80682642800877e-10	10.4485323232006	up	209378
Bmper	29.4718591072066	1.59909886156291	0.551446548543124	2.89982567809626	0.00373370243898318	0.0163063739171918	2.4278602965254	up	73230
Nckap1l	335.916704789536	1.598304072435	0.189159981817693	8.4494831151728	2.92595311138896e-17	1.38220157352369e-15	16.5337326377555	up	105855
C1qb	1801.83364192986	1.59755208805021	0.133146418893522	11.9984608022224	3.61965236094943e-33	5.5424366582055e-31	32.4413331380224	up	12260
Znf41-ps	31.1833390619831	1.59585576048314	0.540835659436355	2.95072215124702	0.00317031967225218	0.0142164145464638	2.49889694443982	up	70005
Creld2	1948.98243251714	-1.59582309384947	0.482921793591322	-3.30451662158771	0.000951403341582094	0.00508497108337272	3.02163532755547	down	76737
Ikzf3	42.236353372595	1.59529270326106	0.47723076348225	3.34281195876929	0.000829340781276038	0.00452975121679735	3.08126697847673	up	22780
Nod2	22.2636251195086	1.59471512644913	0.484773363206879	3.28960963510815	0.00100326463263621	0.00531939892683114	2.99858449735359	up	257632
Lhx6	164.365732323916	-1.59245398356798	0.268285802333131	-5.93566252749605	2.92661239348707e-09	4.89477300688487e-08	8.53363479260432	down	16874
Kcp	283.746255172543	-1.59179362803544	0.281521835190146	-5.65424570694597	1.56532155043692e-08	2.34231182635725e-07	7.80539643560243	down	333088
Gm33037	28.2609335253199	-1.58656667445088	0.632943480385945	-2.50664826104766	0.0121881930760507	0.0438653112610757	1.91406067463321	down	102635789
Fyb	111.919719711456	1.58655743306246	0.352171604411813	4.50506915715786	6.63513302397154e-06	6.0408103257085e-05	5.17815036579161	up	NA
Mcm3	325.734031847842	1.58454295298913	0.18633897347095	8.50355093984758	1.83877796144739e-17	8.89928450987152e-16	16.7354707100986	up	17215
Slc7a6	22.2062504137802	1.58340094270168	0.549980099089214	2.87901497767619	0.00398919388038946	0.0172735401519936	2.39911485585935	up	330836
Dsn1	36.7948083748102	1.58275217107747	0.425168378059993	3.72264790316588	0.00019714435424709	0.00126551428266599	3.70521565559022	up	66934
Ska3	24.118494372026	1.58236729223724	0.42315695794214	3.7394334715243	0.000184435450996144	0.00119603595494469	3.7341555979666	up	219114
Efcc1	54.0496036172208	1.58214718399398	0.493411086266558	3.20654972705508	0.00134337084650756	0.00685068991549449	2.87180408088345	up	58229
Kcnab2	41.6372832589789	1.58167621062787	0.414385707405161	3.81691786749152	0.000135129127304418	0.000906406177938472	3.86925102800137	up	16498
Aldh1b1	5520.5527054685	1.58155106484349	0.187834353562616	8.41992444324767	3.76727189810043e-17	1.75628040561837e-15	16.4239730340088	up	72535
Col20a1	89.4045268953326	-1.58083917816245	0.267316728237814	-5.9137308337699	3.34444264308513e-09	5.54141699873863e-08	8.47567624776195	down	73368
Trbc1	24.957234012774	1.58029215529804	0.553155826010554	2.85686615053006	0.00427846217338757	0.0183516167891113	2.36871230332916	up	100125262
Otc	11147.9443574107	-1.58014179850447	0.0991411362146015	-15.9383063260853	3.43539091070694e-57	1.64917333394532e-54	56.46402383773	down	18416
Snx20	62.6495180106516	1.57804427149463	0.398404794622317	3.96090682841957	7.46656645821155e-05	0.000532829061594028	4.12687906499324	up	71607
Rapgefl1	62.9736726895718	1.57776649559187	0.373700157032597	4.2220118613818	2.42131364561761e-05	0.000194603497617466	4.61594895044331	up	268480
Mgat4a	65.8604943423816	1.57491709788879	0.301931418881189	5.21614181036429	1.82688332885717e-07	2.22406454332838e-06	6.73828918732259	up	269181
Myc	265.152700718274	1.57362274866284	0.274909858121882	5.7241408489803	1.03958477639642e-08	1.60426627266318e-07	7.98314008890115	up	17869
Trib3	454.418008032577	1.57323719274189	0.227415889902528	6.91788596397634	4.58433071009676e-12	1.14043252202715e-10	11.3387240602402	up	228775
Slc2a2	146.710072663267	-1.5724575139798	0.636837223102725	-2.46916709158214	0.013542796505662	0.0478129897701387	1.8682916472037	down	20526
Tymp	4772.98416164065	-1.57151414424602	0.15337177094152	-10.2464367112591	1.22786916642707e-24	1.11843139149116e-22	23.9108479062615	down	72962
Zfp9	119.164569304591	-1.56759787232451	0.394354949565227	-3.97509369174337	7.03515549443396e-05	0.000506314553857925	4.15272629913494	down	22750
Slc25a25	6554.19422767055	-1.5670744083611	0.436932061685937	-3.58654021019748	0.000335094412793299	0.00203068814740177	3.47483281332638	down	227731
Thbd	276.48190563272	1.56684513312089	0.267208395372049	5.8637571283615	4.52509226171257e-09	7.35358543024141e-08	8.34437256157609	up	21824
Lyz2	2238.17983644167	1.56644589125264	0.132811753258678	11.7944824371203	4.16754892138384e-32	6.11768627616693e-30	31.3801192934406	up	17105
Nup155	1707.64787005395	1.56543622636356	0.104288794196646	15.0105889939795	6.25894445880666e-51	2.41676894515921e-48	50.2034989023117	up	170762
Gm2115	34.7271205006231	-1.56528083519476	0.547925927817467	-2.85673802922538	0.00428018941737916	0.0183545930544395	2.36853701110312	down	NA
Aspg	8166.12878837101	-1.55875333277744	0.0970774215379334	-16.0568060840837	5.12258228916031e-58	2.67609725353133e-55	57.2905110563643	down	104816
Fhdc1	33.8434906729573	1.55672787280687	0.432881581758752	3.5961979867151	0.000322902076127437	0.00196956960033501	3.49092916263911	up	229474
Upp1	142.656336846223	1.55652762227976	0.222532811590318	6.99459828488267	2.66020041251172e-12	6.85783450319786e-11	11.5750856435309	up	22271
Gm38392	27.6690842023636	-1.55619019735686	0.617736111072109	-2.51918281846276	0.0117627564969278	0.042638792020088	1.92949089330022	down	NA
Fsd1	9.11066378138077	-1.55525052231633	0.619372312064828	-2.51101073138308	0.0120386037233045	0.0434260112374766	1.91942388105399	down	240121
Arhgap19	206.714516954575	1.55395202423836	0.197649405344173	7.86216392370329	3.77553490594178e-15	1.39710522915287e-13	14.4230215101959	up	71085
Cdcp1	658.187167316604	1.55303293412784	0.185432329710928	8.37520046557617	5.51299487724397e-17	2.5302794576126e-15	16.2586124110734	up	109332
Col3a1	2532.57996051017	1.55298610534896	0.220980777846402	7.0276977051298	2.0996917975052e-12	5.47646486156937e-11	11.6778444483451	up	12825
Stap1	35.5937734433145	1.55248906832714	0.557700065780283	2.78373477714233	0.0053736955732159	0.0222333055605546	2.26972694054843	up	56792
Camk4	33.9092940527762	-1.55118908037316	0.453708315112946	-3.41891261125997	0.000628719149729378	0.00355986915444476	3.20154331156783	down	12326
Nfe2l2	5761.62317418042	1.55088512848226	0.180037717354185	8.6142234598055	7.04172316301188e-18	3.49371750897813e-16	17.1523210527023	up	18024
Hal	17952.3679460137	-1.54951133867792	0.142090853000115	-10.9050745066375	1.09003936836601e-27	1.21007995380731e-25	26.9625578165957	down	15109
Gbp2	231.47475671893	1.54924144007949	0.253005791895525	6.12334377198459	9.16316979566105e-10	1.6573953351378e-08	9.03795426578297	up	14469
Batf3	66.481750011168	1.54830170614021	0.300863666276302	5.14619038351514	2.65829639697643e-07	3.13731964140168e-06	6.57539659736064	up	381319
Serpine2	192.299474799334	-1.54697716301234	0.374996311046452	-4.12531301626781	3.70230872895532e-05	0.000286039180703368	4.43152736902687	down	20720
Unc5b	208.983387117766	1.54455791413748	0.209056260363862	7.38824042604214	1.48784536147261e-13	4.57216424056687e-12	12.827442204643	up	107449
Serpina3f	171.007076019269	1.54446231265765	0.297319944362412	5.19461388965908	2.05145156548629e-07	2.48045491532795e-06	6.68793873221418	up	238393
Def6	22.4944299118383	1.54420313924965	0.531991749582544	2.90268249547365	0.00369981525088676	0.0161930832729868	2.43181996175021	up	23853
Slc7a8	296.05429875876	1.5433756814816	0.229599910199006	6.72202214776076	1.79219702800269e-11	4.15574459678639e-10	10.7466142472014	up	50934
Kazn	98.8658398787885	1.54286373618387	0.30588753858867	5.04389208956491	4.56156618609984e-07	5.17385303943202e-06	6.34088601935342	up	71529
Fxyd5	161.531348906144	1.54227618429434	0.19587923035244	7.87360753623221	3.44558655629435e-15	1.27767240945512e-13	14.4627368357366	up	18301
Prdm1	23.5933505894052	1.54141202441031	0.588930874949313	2.61730551067301	0.00886269781514819	0.033650970199372	2.05243405826095	up	12142
D630045J12Rik	320.331131909833	1.54123982005697	0.216323206339143	7.12470865303596	1.04301075015283e-12	2.85014722218686e-11	11.9817112153434	up	330286
Il10ra	225.737063365833	1.54109925881388	0.207155881844312	7.4393217566088	1.01203551396266e-13	3.15644821132704e-12	12.9948042471332	up	16154
Itk	30.8203529340004	1.54073994974043	0.513191357796286	3.00227181602702	0.00267972785664023	0.0123479362496217	2.57190930909088	up	16428
Epb41l3	134.231862265351	1.53862460110206	0.31464251444157	4.89007216279346	1.0079901781865e-06	1.07466515876042e-05	5.99654369961687	up	13823
Cnbd2	721.254837559425	1.53860802884034	0.217935487449017	7.0599242319371	1.6659341603403e-12	4.40332180892329e-11	11.7783421664142	up	70873
Tbx2	298.701768796169	1.53765338086852	0.159561876084973	9.63672161920219	5.59461958842538e-22	3.97486532518446e-20	21.2522294384054	up	21385
Slc11a1	431.809104058282	1.53719667076906	0.157979160824999	9.73037622646881	2.23763803833041e-22	1.62889044413216e-20	21.6502101638619	up	18173
Lbp	2551.09900201188	-1.53583673706948	0.340768870818842	-4.50697486944444	6.57584183110429e-06	6.00206077102129e-05	5.18204864143892	down	16803
Slc17a3	2602.54999409018	-1.53574849417818	0.170682089795438	-8.99771321067585	2.30467927343183e-19	1.32478036422965e-17	18.637389503884	down	105355
Vav1	190.791737363598	1.53549874227996	0.234668190120781	6.54327602513855	6.01855960209037e-11	1.28642184900516e-09	10.2205074342761	up	22324
Gm4952	3679.09942001266	-1.53507202726645	0.106901663383907	-14.359664561567	9.2674608380697e-47	2.93943998938918e-44	46.0330392405124	down	240549
Clec12a	146.920354441394	1.53502175854841	0.309358179859635	4.96195626456329	6.9786711597008e-07	7.67074214691972e-06	6.15622726547865	up	232413
Asf1b	39.9029488254058	1.53486271772363	0.435627632431256	3.52333645402037	0.00042615000910473	0.00251638180243292	3.37043749794265	up	66929
Rhbg	52.5444360352867	1.5346982182732	0.360484338318969	4.25732287130668	2.06889460977558e-05	0.000168877325638024	4.68426163188558	up	58176
Tm6sf1	76.4344436981442	1.53314559171436	0.317309533874581	4.83170351988337	1.353697408729e-06	1.41271288918005e-05	5.86847840242015	up	107769
Gm10053	19.645928809228	-1.53195318270346	0.557418445734954	-2.74830012251135	0.00599051471294567	0.0243152473334874	2.22253586085134	down	672195
Tlr2	99.9786404037994	1.529799129598	0.302328879454732	5.06004961337826	4.19147401020238e-07	4.80006198383074e-06	6.37763322239819	up	24088
Chac1	125.496521058979	1.52979451682007	0.354709526047508	4.31280922693681	1.6119319985167e-05	0.000135371802163847	4.7926532834316	up	69065
Src	219.578696330235	1.52871152163196	0.232479945434282	6.5756705111758	4.8434402870369e-11	1.04785854297624e-09	10.3148460501483	up	20779
Dapp1	61.0197627678936	1.5286192674841	0.295832326480294	5.16718130730021	2.37650705744387e-07	2.83489042003479e-06	6.62406089165562	up	26377
Cd44	452.898882008499	1.52636002573371	0.188382435519034	8.1024540399866	5.38614932146768e-16	2.21455519092382e-14	15.2687216107109	up	12505
2310015A16Rik	78.7763612314772	-1.52569000130861	0.39623523492705	-3.85046524595294	0.000117893659336952	0.000799915325756704	3.92850955189408	down	69561
Ppic	167.997903026244	1.52454455451927	0.215467088613978	7.07553327204685	1.48875134593446e-12	3.97045066163483e-11	11.8271778328767	up	19038
Slc22a7	2186.01887512261	1.52437244182967	0.199412610486264	7.64431315608637	2.10063596931413e-14	7.09344032071437e-13	13.6776492023375	up	108114
Ube2t	44.2199597539688	1.52431971501822	0.393513023809626	3.87361948090352	0.000107230797642526	0.000734812279215489	3.96968046347463	up	67196
Fcer1g	432.740375839316	1.5241809597996	0.171931330630209	8.86505649792138	7.64652882362331e-19	4.20488064907731e-17	18.1165356700576	up	14127
Serpina11	882.057274657038	-1.52397716290967	0.232783080830657	-6.54676945365424	5.87950199988496e-11	1.25821342797538e-09	10.2306594575737	down	380780
Cd48	122.1121371212	1.52179608320464	0.313868549183513	4.84851409025655	1.243896971407e-06	1.30579775449948e-05	5.90521558958283	up	12506
Aff3	30.4583546888516	1.52096576683392	0.475864477893872	3.19621622854802	0.00139242718932137	0.007064350681727	2.8562275050251	up	16764
Gm11843	29.8418123663349	-1.51910840935017	0.525232433220331	-2.8922593375206	0.00382482085932226	0.0166551772746462	2.41738890080572	down	101056106
Pirb	211.663441690808	1.51898284625481	0.226139040060683	6.71703057484987	1.85465065536644e-11	4.28653540141405e-10	10.7317378826714	up	18733
Tomm40l	400.648528354404	1.5172683080054	0.212762335270921	7.13128245219429	9.94380242081099e-13	2.72985809271167e-11	12.0024475135301	up	641376
Trpv2	85.8007383313086	1.51598587752999	0.260526492653473	5.81893174121991	5.92249119587412e-09	9.41766236536402e-08	8.2274955762086	up	22368
Sell	56.6786906070081	1.51595158262089	0.407811349504044	3.71728639839107	0.00020137411815954	0.00128893949072063	3.69599634839412	up	20343
Map4k1	64.9126682977681	1.51584463944582	0.303694208031402	4.99135182482335	5.99581700817607e-07	6.67697189336823e-06	6.22215163025206	up	26411
Icosl	87.6252186016795	1.51570608227238	0.397447840431916	3.81359747891755	0.000136958469440331	0.00091763724413397	3.8634111060353	up	50723
Gm18095	26.4007967860872	-1.51363839175582	0.595761802296482	-2.54067713962393	0.0110638032864829	0.0405520581870634	1.95609555455045	down	100416391
Gdf9	31.1404693257826	1.51322630401313	0.502386359013971	3.01207681471114	0.00259466931126338	0.0120204789532238	2.58591798480784	up	14566
Tnfrsf21	375.321505748327	1.51310514239989	0.236301259008624	6.40328853408547	1.52065423556812e-10	3.07889914422327e-09	9.81796952405056	up	94185
Cmklr1	163.897365698728	1.51273698754849	0.200052346492219	7.56170579387496	3.97817386444093e-14	1.29890301801838e-12	13.4003162401364	up	14747
Tmem37	1540.02702213423	-1.51171611886108	0.171658087799274	-8.80655341232031	1.29052619969333e-18	6.90431516835932e-17	17.8892331741757	down	170706
Tert	917.446696342591	1.51171095443702	0.13834935924755	10.9267651303834	8.58546593327389e-28	9.71306024884145e-26	27.0662361307001	up	21752
Tmprss4	16.2856529853663	1.51156304900195	0.601858616988229	2.51149191244614	0.0120222040612633	0.04339329171635	1.92001590472138	up	214523
Cldn14	953.159616924126	1.51088458486767	0.204649959143118	7.38277491573339	1.55023986693153e-13	4.74747595110999e-12	12.8096010987168	up	56173
Pianp	15.695864574774	1.5106162334983	0.615780680311972	2.45317250410159	0.0141602414029041	0.0496474946305531	1.84892934275815	up	319352
Dclk3	946.518011632107	1.51043171428006	0.131370277644176	11.4975148212075	1.35768396781647e-30	1.88399864346532e-28	29.8672013103253	up	245038
Fer1l5	51.8024879725895	-1.51016182683376	0.319919822687533	-4.72043843406583	2.35336832475546e-06	2.35363334371095e-05	5.62831009624496	down	100534273
Homer2	519.218535283842	-1.50804315075621	0.174690286173451	-8.63266746989507	5.99374945003259e-18	2.99890078116842e-16	17.2223014153347	down	26557
Nek2	193.452085462249	1.50747558000517	0.224082931618933	6.72731104111368	1.72827047372777e-11	4.02326869650755e-10	10.7623882896029	up	18005
Csf2ra	292.429140205858	1.50719092269267	0.187395172540976	8.04284818149788	8.77740474949817e-16	3.53524406259833e-14	15.056633874707	up	12982
Ltbp1	127.190983738774	1.50710336598538	0.327894316963277	4.59630828598402	4.3004228511948e-06	4.09786001517822e-05	5.36648883909211	up	268977
Soat1	235.281965461975	1.50679080964141	0.187532826668098	8.03481095236822	9.37232975558924e-16	3.75781763247801e-14	15.0281524396106	up	20652
Mical1	70.2226583155628	1.50663470725739	0.25860752167277	5.82595083666522	5.67883331912116e-09	9.05452759553232e-08	8.2457408782171	up	171580
Tnfrsf13b	24.4933972044466	1.50509481515284	0.511362169438698	2.94330497073126	0.00324728354128065	0.0145102516377929	2.48847978866463	up	57916
Gm11337	53.5553881299587	-1.50398561169942	0.352311572340964	-4.26890777872001	1.96432456017992e-05	0.000161529318694055	4.70678675328544	down	105245367
Cd244a	32.2655590584732	1.50260209359658	0.499520267816255	3.00809034269116	0.00262894973047279	0.0121634293078035	2.58021771818691	up	18106
Clec2i	22.6846030227862	1.50255556919193	0.493678977436857	3.04358831926181	0.00233774809284491	0.0110053224556351	2.63120228863251	up	93675
Adamts5	157.287705473653	1.50165367820534	0.405221936286153	3.70575613938365	0.000210761011836178	0.00134080841412399	3.67620972510298	up	23794
Zfp697	590.409422608523	-1.50014869014565	0.16493251885458	-9.09553010263746	9.41261656281612e-20	5.64820592529527e-18	19.0262896325948	down	242109
Dok1	85.493708033093	1.49954089315307	0.346835909464511	4.32348800177078	1.53581494443432e-05	0.000129962577622879	4.81366111077115	up	13448
Trp53cor1	46.6209054385824	1.49953851022965	0.398967700188517	3.75854614175809	0.000170903524604453	0.00111849241121013	3.76724898057663	up	100504267
Adcy7	307.01532876915	1.49848897069351	0.209394540872858	7.15629435441386	8.28870673545006e-13	2.28964244222495e-11	12.0815132259603	up	11513
Tyrobp	375.299866512821	1.49562428700529	0.189306633073361	7.90053820473208	2.77701703763776e-15	1.04061975996882e-13	14.5564214557451	up	22177
Armcx4	121.160868700553	1.49506643688471	0.35348695865357	4.2294811740139	2.34230877850676e-05	0.000188937731715881	4.63035585394248	up	100503043
Gna14	77.0760621206353	-1.49326101468541	0.283681042030357	-5.26387313018122	1.41051804255851e-07	1.75077718182559e-06	6.85062135422079	down	14675
Syk	366.470994320485	1.48982484644203	0.186237475790955	7.99959750375002	1.24826570998183e-15	4.94903918319134e-14	14.9036929594483	up	20963
Gltp	237.790293604691	1.48882416242766	0.170572482139569	8.72839595081603	2.58309937744348e-18	1.34102485263204e-16	17.5878588852533	up	56356
Vegfb	582.724900604067	-1.48859384795249	0.175364648602918	-8.4885628877411	2.09208015731147e-17	1.00703327247063e-15	16.6794216796465	down	22340
Ccdc34	22.7935566363013	1.48848556295527	0.502636731537497	2.96135453213337	0.0030628914223941	0.0138078876762853	2.51386839839124	up	68201
Reln	2658.42054224558	1.48755097702803	0.131257503892414	11.3330737894217	8.99901880681995e-30	1.15826501483142e-27	29.0458048405622	up	19699
C5ar2	122.675826567098	1.48743483041719	0.195832825007193	7.59543161552487	3.06768202758158e-14	1.01394997236085e-12	13.5131896580292	up	319430
1700087I21Rik	33.7745255848762	-1.48690435673773	0.397043444322654	-3.74494120983248	0.000180436022859847	0.00117266909551284	3.743676754114	down	118567337
Etfbkmt	1352.85073060671	-1.48669945703799	0.26142816161898	-5.68683743874842	1.29413536932544e-08	1.96129969538894e-07	7.88802029316024	down	320204
Abcd2	875.349679423868	1.48643987300911	0.235877133376074	6.30175486590802	2.94294359916838e-10	5.71909892871212e-09	9.53121806097367	up	26874
Gm13421	122.835169692578	-1.48544964121169	0.327048247331443	-4.54198930381754	5.57258691925367e-06	5.1767933504071e-05	5.25394314882209	down	105244102
C1qtnf6	87.1271853639348	1.48538096901067	0.26810614807415	5.54027193960452	3.02002304999868e-08	4.26743432092892e-07	7.51998974232463	up	72709
Tbc1d8	1554.63503277953	1.48524143247294	0.180621611258813	8.22294420984174	1.98567217967139e-16	8.68707124515349e-15	15.7020924488473	up	54610
Bard1	31.3367085471228	1.48493455394796	0.404810501930231	3.66822141932447	0.000244243625076936	0.00153407340999731	3.61217676283965	up	12021
Arid5a	101.970809536844	1.48437061466382	0.298245653545552	4.97700669571403	6.45750887637398e-07	7.15076512856325e-06	6.18993498818096	up	214855
Ttc39c	13940.4400537222	-1.48148006516047	0.185770199194807	-7.97479935738738	1.52628569285651e-15	5.94515054309589e-14	14.8163641667625	down	72747
Fermt3	288.37821697553	1.48095027418549	0.190204694944923	7.78608685034996	6.9116448169851e-15	2.46021313104788e-13	14.1604185879462	up	108101
Gm26839	37.9286347483609	-1.48067519720535	0.390399355740808	-3.79271936654628	0.000149006519277246	0.000990514144985947	3.82679473008305	down	102639404
Fam129b	679.802950722509	1.47801853587825	0.15488368057673	9.54276480501147	1.39074189631971e-21	9.57455719474057e-20	20.8567534619598	up	NA
Amdhd1	11465.2864093913	-1.47658157673856	0.112633536111649	-13.1096086273531	2.90091536029801e-39	6.36124180612509e-37	38.5374649423769	down	71761
E230029C05Rik	92.426826587636	1.47599280349704	0.336874273373147	4.38143521236518	1.17900103019693e-05	0.000101785601940076	4.92848581542345	up	319711
Acsm3	284.944808267634	-1.47505615040143	0.223490843704324	-6.60007419522256	4.10952062191907e-11	8.97826633290609e-10	10.3862088358849	down	20216
Fam49a	24.4822387556026	1.47476461989777	0.512641209815132	2.87679685452832	0.00401734129755126	0.0173784744586229	2.39606127074611	up	NA
Epsti1	131.539790093225	1.4741089381006	0.312977882639172	4.70994603730538	2.47782386778176e-06	2.46147133890043e-05	5.60592956800398	up	108670
Sult1a1	6876.9417217547	-1.47391123315731	0.144925367353579	-10.1701397075735	2.69521811126382e-24	2.3582494626733e-22	23.5694060836552	down	20887
Pask	39.5440997889765	1.47287161117726	0.56426739979837	2.61023694032928	0.00904795300934689	0.0342664693714327	2.04344966359038	up	269224
5031425F14Rik	25.0991060537982	1.47190781310163	0.537567353189074	2.73809003535958	0.00617971549988322	0.0249520588108492	2.20903151838609	up	319684
Tspan13	56.3294275487388	1.47050231213373	0.42046081745068	3.49735873380454	0.000469889501387947	0.00274364803538879	3.32800425819096	up	66109
Colgalt2	55.0279336955581	-1.46879260959877	0.37788203594839	-3.88690773805234	0.000101529320855005	0.000699791927445325	3.99340851886767	down	269132
Nlrp1b	90.8612822811411	1.46855577456031	0.415670146770378	3.53298351101351	0.000410898098501729	0.00243766600721032	3.38626586850235	up	637515
Aif1	154.045338471603	1.4684375581952	0.315574995160727	4.65321264584764	3.26802917518471e-06	3.19113437106272e-05	5.4857140749777	up	11629
Plcg2	152.528034611538	1.4679812253823	0.254761385749528	5.76218103486674	8.30338635810645e-09	1.29713938867798e-07	8.08074475380385	up	234779
Plxdc1	63.6925677141953	1.46791111315932	0.376953387478347	3.89414490470294	9.85457315788542e-05	0.000681607976753742	4.00636218205827	up	72324
Manf	3098.3781588353	-1.4667316570291	0.205430230478681	-7.13980436867254	9.34638428203878e-13	2.56982163494695e-11	12.0293563666738	down	74840
Hck	265.321415511394	1.46614571445097	0.20488716742815	7.15586892461249	8.31445604197008e-13	2.29318894747628e-11	12.0801661584346	up	15162
AB124611	155.641317977305	1.46603949522624	0.265045652531115	5.53127161764759	3.17917592277631e-08	4.46780790944463e-07	7.49768543931484	up	382062
Relt	24.5763566478053	1.46602572703059	0.519455076959943	2.82223774885473	0.00476898084261422	0.0201107876843575	2.32157442215905	up	320100
Slc25a30	752.658127151126	-1.46348797547225	0.233479945989547	-6.2681527926076	3.65356199033916e-10	6.97531244795929e-09	9.43728351953983	down	67554
Hpgds	67.909035892407	1.46257204222486	0.366371322547873	3.99204837336512	6.55050058658679e-05	0.000476330785322535	4.1837255101326	up	54486
Akr1c20	2155.58140501547	-1.46218823930291	0.165976246762499	-8.80962347217795	1.25566911344436e-18	6.73812531510537e-17	17.901124788256	down	116852
Cdca8	88.6632005343026	1.46214987630344	0.279706513519541	5.22744307204449	1.71870291849109e-07	2.10390084343479e-06	6.76479918556433	up	52276
Entpd1	307.128413558155	1.46213610500811	0.180319828707417	8.10857084042896	5.12186005903075e-16	2.12061721138704e-14	15.2905722916273	up	12495
Mcm2	261.276407678745	1.46069779425938	0.201986144379341	7.23167323554685	4.7707900983036e-13	1.357993168687e-11	12.3214096907883	up	17216
Dmtn	32.5294950162008	1.45993909169549	0.560984508052912	2.60245883930504	0.00925579249787241	0.0348751349909227	2.03358639023167	up	13829
Psd4	224.368810594277	1.45975927057562	0.221171149057495	6.60013422544613	4.10785691238957e-11	8.97826633290609e-10	10.3863846924462	up	215632
Gmnn	335.358986438912	1.45958196614354	0.164624374475506	8.86613522932904	7.57284967061719e-19	4.1772967655125e-17	18.1207406643122	up	57441
Patj	873.203531815963	1.45918435030568	0.127009292881946	11.4887998916896	1.50183777518417e-30	2.06787926843575e-28	29.8233769762182	up	12695
Ttbk1	33.0405860140489	-1.45884525261719	0.366453527266259	-3.98098297347597	6.86308657486795e-05	0.000495335813664382	4.16348052263777	down	106763
Dact2	521.49052510166	-1.45863616662582	0.139895653735699	-10.4266010249437	1.8747498555765e-25	1.81963425872949e-23	24.7270566711843	down	240025
Cd68	396.277062819524	1.45749392978701	0.144342477003433	10.0974706825375	5.66853410649221e-24	4.81744032533563e-22	23.2465292359521	up	12514
Ppp2r2b	14.33748733985	-1.45712291194705	0.580630356444183	-2.50955344613838	0.0120883921019512	0.0435613756370171	1.91763146156182	down	72930
Il1rl2	22.4206329460876	1.45674205116282	0.5584799062353	2.60840548585298	0.00909651283656126	0.0343765148160025	2.0411250632928	up	107527
Lrrc8c	254.292118966897	1.45468054150128	0.194744682158836	7.46968043170917	8.03898102053516e-14	2.52276291319338e-12	13.094798996675	up	100604
Zc2hc1a	51.0132008365931	1.45428001842889	0.339113883611746	4.28847089048677	1.79907371233824e-05	0.000148975045587654	4.7449510422098	up	67306
Pycard	33.9194505348558	1.4540995184677	0.469580943185917	3.09658971380359	0.0019576061540727	0.00947105678387598	2.70827467837449	up	66824
Gm11827	25.3513746590096	1.45391679901387	0.519523387791936	2.79855889682516	0.0051331207079081	0.0214024624445689	2.28961852296658	up	100503518
Ptafr	70.4368199133249	1.45314066900182	0.36047295579173	4.03120579686815	5.54914274191165e-05	0.000411884134483221	4.25577410358244	up	19204
Plcxd2	321.123762555715	-1.45312605811507	0.173636818839787	-8.36876687689062	5.8224309691732e-17	2.65856089651554e-15	16.2348956517645	down	433022
Gm20319	268.27931180633	-1.45284121427055	0.222402075765551	-6.53249844575231	6.46814685090877e-11	1.37260722061937e-09	10.1892201285592	down	100504628
Ncf2	192.656449450655	1.45133338849595	0.204152108624799	7.10907860943666	1.16820199845882e-12	3.17272230835254e-11	11.9324820551423	up	17970
Apol9b	3196.69493833695	-1.45019443827793	0.193931623937813	-7.47786466606892	7.55399277542499e-14	2.38319750758612e-12	13.1218234348639	down	71898
Ccr5	263.147609645389	1.4496431015523	0.275110365761875	5.26931472588369	1.36934005504057e-07	1.70682231983373e-06	6.86348868795908	up	12774
Cd5l	3077.94724340721	1.449050515533	0.19195363077453	7.5489612240524	4.3874346366605e-14	1.42467301675254e-12	13.3577893405316	up	11801
Cyp2d40	2029.06115016737	-1.44861230625099	0.192331462117729	-7.53185303278292	5.00252463422446e-14	1.61261057265145e-12	13.3008107640648	down	71754
Casz1	46.1165614877257	1.44800632783286	0.435868478521068	3.32211756341282	0.000893370443734844	0.00482156977924754	3.04896841982388	up	69743
Mlxipl	14469.5297659058	-1.446660676783	0.137866698707595	-10.4931842884789	9.28455551601485e-26	9.37001562928726e-24	25.0322388826148	down	58805
Apbb1ip	140.274962324465	1.44493648739674	0.275333170713889	5.24795644364346	1.53795645754951e-07	1.90098695887226e-06	6.81305596005713	up	54519
Cdc25b	57.5233726970309	1.44407767148288	0.385727854980432	3.74377336984423	0.000181277172913455	0.00117727427615678	3.7416568804157	up	12531
Aqp1	4704.30219281727	1.44344134406854	0.138657147066503	10.4101474363686	2.22876211463993e-25	2.13985257730997e-23	24.6519362831629	up	11826
Gm16348	59.7283934219677	-1.44296573385392	0.448649657938308	-3.21624168952858	0.00129881398723964	0.00665211477547593	2.88645304299931	down	102640962
Slfn9	110.499986234264	1.44294222090187	0.353707436351454	4.07947945846443	4.51366578754293e-05	0.000341446898289342	4.34547060121737	up	237886
Tmsb10	717.276712645528	1.44275460926663	0.157100046434084	9.18366761827777	4.16653214308986e-20	2.59669978686183e-18	19.3802252634213	up	19240
Crym	181.4990303809	-1.44264113088815	0.194439400731917	-7.41948969940094	1.17572443218335e-13	3.65091212665046e-12	12.9296944568365	down	12971
Map9	39.4789902786052	1.44235670901378	0.40398910844526	3.57028612618951	0.000356591504838477	0.00214777155270974	3.44782900733486	up	213582
Frat2	81.7057514459828	-1.44185474990461	0.290690440718904	-4.96010376653177	7.04555338776335e-07	7.73921578685545e-06	6.15208488987708	down	212398
Sacs	29.8052703549374	-1.44131274216552	0.553345443795209	-2.6047250561603	0.00919480118114091	0.0346747470444639	2.03645765705852	down	50720
Ptp4a3	608.453520071828	1.4411591220261	0.217573806754638	6.6237712320368	3.50148530440313e-11	7.70673878275196e-10	10.4557476920291	up	19245
Cd22	69.2729835231883	1.44068831708981	0.322977626834626	4.46064432143308	8.17136089826685e-06	7.25698561375079e-05	5.08770560792432	up	12483
Gm43598	19.2874706379178	-1.43969742809948	0.51477660448842	-2.79674215095737	0.00516207121020253	0.0214878623940983	2.28717600870639	down	NA
Rftn1	193.112119773848	1.43940112807058	0.254885173153589	5.64725327197915	1.63031564117009e-08	2.42729810716371e-07	7.78772830483064	up	76438
Arl2bp	313.477108001021	1.43934448350638	0.203141535826135	7.08542680674762	1.38616418076494e-12	3.73046184526468e-11	11.8581853277491	up	107566
Jdp2	101.950341091755	1.43895787046479	0.365434519880455	3.93766267876258	8.2279149007277e-05	0.000581552823186333	4.08471020875363	up	81703
Pcdh17	58.2330477008616	1.43828670316389	0.487711307399722	2.94905342841495	0.00318748865446831	0.0142825866500167	2.49655135238091	up	219228
Cyp2c52-ps	22.1495263405563	1.4370009597204	0.484768160845454	2.96430557075822	0.00303366880503571	0.0137074600140026	2.51803183422716	up	209753
Ighm	742.643031024285	1.43473297741427	0.51829816821461	2.76816138933408	0.00563735319066311	0.0231355516110347	2.24892475497032	up	16019
Iqgap1	623.916872631752	1.43419919885804	0.177687290207341	8.07147881643359	6.94517735386827e-16	2.83586758987145e-14	15.1583166595271	up	29875
Id1	336.505509548333	1.43402736995194	0.337004648953715	4.25521539362767	2.08847866322208e-05	0.000170241202460535	4.6801699573116	up	15901
Gm16332	525.307812257772	-1.43390722509889	0.23397058049053	-6.12857916620388	8.86673079117039e-10	1.60541154243393e-08	9.05223647724453	down	100417200
Gm19572	161.654564403387	1.4332487443379	0.314009745014601	4.56434479213777	5.0105672716076e-06	4.70389513098806e-05	5.30011310267918	up	100503143
Cd53	242.977568624382	1.43257924011808	0.2492143816329	5.74838109555133	9.0101974897069e-09	1.40508452864068e-07	8.0452656898478	up	12508
Gm5150	60.6756376641709	1.43171941922334	0.334028507917404	4.28621924562609	1.81739630584308e-05	0.00015014229388086	4.74055035905757	up	381484
9030619P08Rik	152.340834878259	-1.43108489921728	0.335997515863686	-4.25921273714974	2.05148155568976e-05	0.000167764343426158	4.68793238330256	down	105892
Casc4	109.75673151895	-1.430930510748	0.331284061103145	-4.31934608016799	1.56492209770334e-05	0.000132110961499082	4.80550727689047	down	NA
Slc17a4	2007.70911783141	-1.42977871943446	0.158745231562403	-9.00675066181379	2.12251934102801e-19	1.22801917053223e-17	18.6731483436454	down	319848
Ptgs1	506.842105633878	1.42958680422881	0.15564655699021	9.1848276754283	4.12186750773504e-20	2.58701804496077e-18	19.3849059721843	up	19224
Exoc3	2327.98375423298	1.42888350890297	0.110539840306626	12.9264119157346	3.19379320653648e-38	6.75335177791678e-36	37.4956932072231	up	211446
Cgas	31.6689686946769	1.42758373239875	0.475264484740513	3.00376690923622	0.00266659535000445	0.0123055512098673	2.57404288254536	up	214763
Gm9929	32.6571156297597	-1.4273463815396	0.481148033763593	-2.96654310394814	0.00301168142164928	0.0136323867001362	2.52119097009991	down	115487180
Akna	148.26736433967	1.42721018336953	0.19243962601049	7.41640488997692	1.20342229137197e-13	3.73039908191081e-12	12.9195819481957	up	100182
Dhx58	220.847572281323	-1.42656787495438	0.236942812279388	-6.02072652565746	1.73635913093057e-09	3.01183700035047e-08	8.76036044479845	down	80861
Casp1	108.615879010339	1.42591990761016	0.337523509937307	4.22465358894559	2.39308598309372e-05	0.00019250902731753	4.62104169699363	up	12362
Mup1	840.039187624397	-1.42558853984302	0.397294605140443	-3.58824036721836	0.000332917296007445	0.0020209422459618	3.47766364141448	down	17840
Ccrl2	65.1493847110157	1.42436953500928	0.398241494768992	3.57664772184405	0.000348028680522347	0.00210047075210259	3.45838496502081	up	54199
Lmln	124.080411693528	1.42338897412515	0.289830333954143	4.91111111354672	9.0561748993667e-07	9.76066617491209e-06	6.04305519866725	up	239833
Zfand4	1238.09248851173	-1.42226122664509	0.235470190667421	-6.04009035119823	1.54027954314221e-09	2.68747006338821e-08	8.81240045252281	down	67492
Dock11	56.2714407891966	1.42099834870076	0.38213762192141	3.71855129457263	0.000200368608481217	0.00128389149489299	3.698170317891	up	75974
Aim2	69.1807228475854	1.42075578273803	0.446432173153504	3.18246727762048	0.00146026015404792	0.007345551077938	2.83556976517274	up	383619
Spire1	49.4014019592586	1.42050441632736	0.389076015037792	3.65096886321656	0.00026125291443709	0.00162648940281514	3.58293885603156	up	68166
Meiob	231.742363951434	-1.41968847546531	0.298723748456314	-4.75251292473964	2.00903922781575e-06	2.03911741511219e-05	5.69701158328281	down	75178
Smoc2	239.873463596802	1.41929725790607	0.238653441551677	5.94710576423319	2.72925076659072e-09	4.58627739982823e-08	8.56395655903761	up	64074
Antxr2	2312.98709563333	1.41915517582011	0.104558685283563	13.5728100632804	5.80529842567069e-42	1.56232894904186e-39	41.2361754501217	up	71914
Il27	15.8529549664703	1.41910735982358	0.546432929106938	2.59703850963538	0.00940313812455762	0.0353104734394064	2.02672718440699	up	246779
Oxct1	305.873632187993	1.41893796995965	0.521538847399009	2.72067551062802	0.00651486773853338	0.0260506710427352	2.18609439668327	up	67041
Pilra	152.473748150097	1.41862008957479	0.259730637813147	5.4618896773948	4.71092822157803e-08	6.4168333643918e-07	7.3268935128728	up	231805
Trpm8	37.5968499136467	1.41787553962869	0.442251165370446	3.20604138700467	0.00134574631282398	0.00685886542564693	2.87103680142302	up	171382
Pik3cd	286.971641810703	1.41706018144026	0.221028802196149	6.41120146949315	1.44377247786171e-10	2.93748989138371e-09	9.84050124125014	up	18707
Emid1	23.3469043219344	1.41453607369762	0.512386679194522	2.76068081223597	0.00576810191454259	0.0235760057249205	2.238967074826	up	140703
H4c9	93.0913082277155	1.41362412235896	0.256413475900425	5.51306485509334	3.52638211018138e-08	4.9203141430512e-07	7.45267063039403	up	319158
Gm1966	50.6117026091335	1.41347596633596	0.517647669687643	2.73057534903784	0.00632238785971178	0.0254125940629555	2.19911886500298	up	NA
Rnf186	217.793131160844	-1.41311249247697	0.166564436973273	-8.48387878082116	2.17808670233635e-17	1.0427810244447e-15	16.6619248364274	down	66825
Dio1	2522.14147994119	-1.41243831905737	0.343776508109167	-4.10859464140245	3.98074072215011e-05	0.000305689220522397	4.40003610842607	down	13370
Elovl2	15627.4980680473	-1.4121736587124	0.115598172708675	-12.2162282121127	2.54626764262994e-34	4.2268042867657e-32	33.5940959488331	down	54326
C1qa	1918.89394573897	1.41147317859267	0.0914031305024273	15.4422848630463	8.50337237196787e-54	3.6838268309974e-51	53.0704088022771	up	12259
9030622O22Rik	2423.91134511333	-1.40984756380495	0.22062182693042	-6.39033582225566	1.65521834941412e-10	3.32203257879024e-09	9.7811447078153	down	100043820
Treml4	135.146952551602	1.40840112137055	0.225910175873081	6.23434121959077	4.53683223974431e-10	8.50931512590691e-09	9.3432472795174	up	224840
Pik3ap1	4457.28447803793	1.40760418781498	0.128267104391532	10.9740076732247	5.09623256685591e-28	5.9552159771378e-26	27.2927507611677	up	83490
Car1	178.348916625726	-1.40715329290351	0.287848935905661	-4.88851309620506	1.01600439942315e-06	1.08255969661391e-05	5.99310441149987	down	12346
Hvcn1	22.0907699008231	1.40575638124201	0.512052259206235	2.74533771889056	0.00604486556012309	0.0244743337312301	2.21861335355357	up	74096
Espn	67.202744869751	1.40509049974263	0.402694263939226	3.48922402320259	0.000484424982788516	0.00281740554822843	3.31477346749551	up	56226
Susd2	153.570073279035	1.40359083743586	0.27813593363026	5.04642035682351	4.50164414855131e-07	5.11896308364714e-06	6.34662883861775	up	71733
Gm17634	35.910185189573	-1.40274676263451	0.357428735769895	-3.9245494898809	8.68921954218248e-05	0.000609549437236356	4.06101922973604	down	100504568
Lrit1	433.115044131379	-1.40119541243454	0.194382193259824	-7.20845561487008	5.65900108690379e-13	1.60056014817811e-11	12.2472602226513	down	239037
Col5a2	218.528093903122	1.40029222217543	0.249033508755854	5.62290684964906	1.87770664085853e-08	2.76778633650864e-07	7.72637225776117	up	12832
Kif11	73.2823375223344	1.39921277347018	0.35119284900491	3.98417216476586	6.771576805677e-05	0.000489925650600549	4.16931019124565	up	16551
Syvn1	6118.98830791975	-1.39900658900713	0.360730938874676	-3.87825506004953	0.000105208381794327	0.000722905716607672	3.97794965921253	down	74126
Gm15417	179.56894074165	-1.39579341953061	0.243003648036463	-5.74391961112112	9.25097194858424e-09	1.43884206436737e-07	8.03381263593864	down	545539
Nlrp3	63.2772503647101	1.39563694559666	0.368350930992645	3.7888785616359	0.000151328860229333	0.00100444813729201	3.82007823890944	up	216799
Syn1	29.2874342243775	1.39511442420519	0.358375941055813	3.8928796952581	9.90612839092647e-05	0.00068437437759485	4.00409604753168	up	20964
Sort1	711.79816249204	-1.39093881156335	0.203953986994001	-6.8198657553297	9.11256237541742e-12	2.1902210136964e-10	11.0403594859215	down	20661
Dnah2	22.7193524054224	1.3904962794255	0.50273959714535	2.76583799509925	0.00567767332372383	0.0232687663996268	2.24582959909187	up	327954
Hjurp	12915.561751548	1.38977957276316	0.142972142293968	9.72063193895213	2.46248439327087e-22	1.78525093033785e-20	21.6086265132924	up	381280
Smagp	1225.81806484325	-1.38928103262692	0.139324011534899	-9.97158362956644	2.02966428440104e-23	1.64899131807444e-21	22.6925757904067	down	207818
Proca1	102.370464374824	-1.38917731328381	0.286992923703503	-4.8404584174312	1.29539960627731e-06	1.3558566768826e-05	5.88759623928121	down	216974
Syne4	77.6884237317855	-1.38894679939207	0.352629357450196	-3.93882917019534	8.18802014331133e-05	0.000578963430674745	4.08682109760233	down	233066
Kif22	49.7442184867854	1.38835958631269	0.358435014218579	3.87339275248942	0.000107330649935703	0.000735212882436544	3.96927624078176	up	110033
Lpcat2	111.509232516452	1.38828198986865	0.276197705541059	5.02640667180439	4.99755523567103e-07	5.6395537545101e-06	6.30124239712689	up	270084
Lst1	64.225012117813	1.38768887886465	0.410728937397403	3.37860022149348	0.000728558710093595	0.00405663316886597	3.13753544534586	up	16988
Lmo7	1362.54050222601	1.38760905388203	0.163681763533773	8.47748108234253	2.30121765442306e-17	1.09289379619953e-15	16.6380423028244	up	380928
Gm47790	85.872278131092	-1.38681790000547	0.429330868890959	-3.23018445794005	0.00123710375859287	0.00637465534091286	2.90759387361699	down	NA
Nfatc2	30.3149656994766	1.38649943648476	0.477253160135388	2.90516554377855	0.00367058905459117	0.016109958682394	2.43526423475876	up	18019
Cfh	14982.3571431767	-1.38588807793336	0.222277421252962	-6.23494761690687	4.51929292749234e-10	8.48537853891322e-09	9.34492950804465	down	12628
Rnf180	25.8676925634983	1.38458959639002	0.44430725402642	3.11628852295913	0.00183142987581304	0.00894660546044863	2.73720970551731	up	71816
Phlda3	70.7889404684282	1.38359252366415	0.392667933623401	3.52356891202408	0.000425776361123778	0.00251501154848039	3.37081845402612	up	27280
Gm16364	51.3089174673281	-1.38348579113046	0.41972049231417	-3.29620739626622	0.000979996402741968	0.00521158566033019	3.00877551846279	down	100504626
Gm3219	174.410509365395	-1.38299966574377	0.180593104126751	-7.65809786830561	1.88707064539515e-14	6.42110130335414e-13	13.7242118410481	down	100041231
Tmc7	128.933336330125	-1.38005322370393	0.328777408910833	-4.19753056718752	2.69841245081753e-05	0.000214736567882711	4.56889166792437	down	209760
D630024D03Rik	229.690450663246	1.379974561993	0.241660498239864	5.71038532173879	1.12720670792237e-08	1.7259866850101e-07	7.9479964354372	up	414116
Elf4	168.398540090771	1.37972449372129	0.215336240626869	6.40730278240555	1.48116491263121e-10	3.00668013464634e-09	9.82939658451832	up	56501
Cd72	90.4879809076311	1.37916286482131	0.279700736822823	4.93085173992567	8.18718553214861e-07	8.87794807216261e-06	6.08686536782769	up	12517
1600014C10Rik	102.811976332782	-1.37876484984003	0.206013842807344	-6.69258352279462	2.19264522440666e-11	4.99945628702324e-10	10.6590316325937	down	72244
Thbs2	86.8565222032131	1.37578812116284	0.368790253813037	3.73054360015791	0.000191067073315235	0.00123318799281439	3.71881414868325	up	21826
Gm49494	30.0793980853098	-1.37558567616443	0.503681171099348	-2.731064322222	0.00631301490977806	0.0253864095149373	2.1997631849754	down	NA
Dgkh	172.210259820495	1.37431923117532	0.315658561592237	4.35381579464538	1.33788137411889e-05	0.000114633135393631	4.87358239243479	up	380921
Aig1	849.663787731237	1.37340672749214	0.127354413517539	10.7841313823254	4.09089754808453e-27	4.3510492364717e-25	26.3881813967809	up	66253
Gm28876	64.7362299820066	-1.3713965637794	0.388087446299018	-3.53373080437843	0.000409738167705611	0.00243205163886911	3.38749357900056	down	102632344
Tle6	63.7349657744305	-1.37024449614096	0.275712780129857	-4.9698258292401	6.70130704068307e-07	7.3839091598395e-06	6.17384048309087	down	114606
Cfhr3	1696.38114113687	-1.37017501417641	0.194103742110612	-7.05898299166021	1.6772559831739e-12	4.42665984741974e-11	11.7754006502169	down	624286
Rassf4	221.428653638553	1.3692080907215	0.21545774803703	6.35487979984908	2.08589662276022e-10	4.13040087106656e-09	9.68070721905297	up	213391
Cecr2	635.405173825145	-1.36910554072962	0.223230799341702	-6.13313908639423	8.61617550904626e-10	1.56518880682284e-08	9.06468546316481	down	330409
Nrp1	4117.18228397942	-1.36842075077648	0.189134535106328	-7.23517124996331	4.64942081219503e-13	1.32770116505158e-11	12.3326011446873	down	18186
Ccdc80	574.777921267301	1.36810174144827	0.189901602001168	7.20426645710894	5.8357149990293e-13	1.64530110813902e-11	12.2339059260608	up	67896
Tnfaip3	144.655236516867	1.36789596964092	0.218042228294738	6.27353692144382	3.52937185041971e-10	6.76253536215263e-09	9.45230258247943	up	21929
C1qc	1521.31000701572	1.36785432882635	0.128964892640654	10.6064084637182	2.7823964932689e-26	2.84028313295645e-24	25.5555809826943	up	12262
Exoc3l4	25.6351898434885	1.36773929099431	0.412490480894311	3.31580813217543	0.000913785422452767	0.00491838081018365	3.03915577449089	up	74190
Myo9a	25.7333633399203	1.36633483908357	0.481181973371476	2.83953870821498	0.00451788134314746	0.0192299564862174	2.34506517950087	up	270163
Kif26b	50.6950755683694	1.36616234940092	0.416910396249727	3.27687282852644	0.00104963633891083	0.00554540174055151	2.97896114222598	up	269152
Tspan15	203.978681593791	1.36566652084575	0.256162506707299	5.33125061274564	9.75387014773818e-08	1.24998731287248e-06	7.01082303042337	up	70423
Sap30	271.34564529624	1.36472426450673	0.23179637526362	5.88759967861722	3.91844843682939e-09	6.43843488760071e-08	8.40688586377364	up	60406
Rac2	350.686909741667	1.36454788845898	0.149144602615616	9.14916037542283	5.7377754340845e-20	3.5142885262141e-18	19.24125645324	up	19354
Scamp5	1194.8520128941	1.36415197498043	0.124057694574956	10.9961093477858	3.9897693918944e-28	4.69313138667738e-26	27.3990522057474	up	56807
Art2b	49.0940321307583	1.36379884136018	0.465060304877754	2.93252042166589	0.0033622280949978	0.0149337072826584	2.47337282717297	up	11872
Cyp2a5	27069.6123809103	1.36181850125224	0.171515878600191	7.93989753232515	2.02348347618417e-15	7.72927172128673e-14	14.6939003377174	up	13087
Slc38a1	78.7847086736692	1.36080273917337	0.252867992671558	5.3814748351361	7.38780327794097e-08	9.66289851419643e-07	7.13148467744974	up	105727
H2-DMb2	44.3165291528577	1.3607947911797	0.32078343447251	4.2420980790899	2.21439874062372e-05	0.000179598860415336	4.6547441742159	up	15000
Arhgap24	489.96316147626	-1.36056160677583	0.249142103776295	-5.46098626508139	4.73496684362881e-08	6.44463456525171e-07	7.3246830577757	down	231532
Tmem273	56.4735006163259	1.35930895228631	0.411196885769327	3.3057374686657	0.000947267970383096	0.00506635763021516	3.02352714708312	up	69069
Gm4755	18.2078018426573	-1.35915737290537	0.534466070021958	-2.54301900371249	0.0109899251747964	0.0403562230627938	1.9590052644722	down	208941
Svil	1854.66892812739	-1.35671259382328	0.122595167738734	-11.0666074270938	1.82167078967846e-28	2.15710110441792e-26	27.7395301054883	down	225115
Ap1s3	69.0961072985146	1.35657635013454	0.322543802377055	4.20586704855888	2.60083102842748e-05	0.000207586700746411	4.58488786226214	up	252903
Ptprc	370.594706858556	1.35527393733139	0.333692412500804	4.06144666932791	4.87695599539801e-05	0.000365812890161569	4.31185116301455	up	19264
Cacnb3	51.1210178350473	1.35523034013598	0.298180920446071	4.54499348284454	5.49369538698424e-06	5.11688607570079e-05	5.26013542489715	up	12297
Dcxr	6536.70796016058	1.35153553714104	0.150235284737526	8.99612590678876	2.33823105427106e-19	1.33973096728911e-17	18.6311125758787	up	67880
Ncam2	169.621627576753	1.35002021703313	0.264773027733233	5.09878301649862	3.41844133236334e-07	3.96798965315599e-06	6.46617186910591	up	17968
Dock2	179.014891595668	1.34926726514853	0.305307585319562	4.41937026797507	9.89889228155534e-06	8.676135140836e-05	5.0044134016574	up	94176
Arhgap30	254.10213163849	1.34922733339954	0.221704175150169	6.08571007959437	1.15976141865965e-09	2.07240264770953e-08	8.93563134285623	up	226652
Was	63.3092441232472	1.34861047076586	0.289927968868525	4.65153629720154	3.29471267831306e-06	3.21136030977386e-05	5.48218245289515	up	22376
Clec1b	269.278381003219	1.34735779498028	0.25918036073162	5.19853352768293	2.00866898170547e-07	2.43702038613746e-06	6.69709162684731	up	56760
Ksr2	50.9188787305371	1.34702142532358	0.438928277206779	3.06888732231074	0.00214857611830352	0.0102561163701443	2.66784925581596	up	333050
Ccl5	67.6479657897684	1.34687442797161	0.386502759814723	3.48477311938796	0.00049255449399362	0.00286093947753913	3.30754571413794	up	20304
Tsks	21.9353747742066	-1.34613217224984	0.477611721942727	-2.81846552420098	0.00482537927107987	0.0203100442210713	2.31646854576812	down	22116
Ero1lb	2775.38679850051	-1.34579194478725	0.152250033763885	-8.83935399892489	9.62736276488943e-19	5.26157592092203e-17	18.0164926633961	down	NA
Cd79a	68.8160567170448	1.3446482311652	0.323529966528335	4.15617831508486	3.23615284197417e-05	0.000253777248473047	4.48997097505159	up	12518
Foxs1	36.6087359105615	1.34439291661952	0.419672746171403	3.20343155204662	0.00135800317089157	0.00691141900325962	2.86709921599138	up	14239
Coro2a	55.7655789921075	1.34400098067281	0.328892456017963	4.08644514667557	4.38032987218449e-05	0.000332635396279354	4.35849318258381	up	107684
Slc22a3	412.294997345913	1.3436285517817	0.291542574666548	4.60868726743761	4.05219299245019e-06	3.89475389241885e-05	5.3923098788201	up	20519
Gm49417	145.79705274442	-1.34308049676069	0.408957290200541	-3.28415834353284	0.00102287435441312	0.0054120626401805	2.99017770992061	down	NA
Exd1	133.422680791899	-1.34181028020027	0.27883372368979	-4.8122237957596	1.49260075809313e-06	1.54316499797731e-05	5.82605634213705	down	241624
Gm12337	23.1314392950618	-1.34139987509474	0.447499396168868	-2.99754566504164	0.00272163080837653	0.0125075307680166	2.56517078756741	down	100043447
Mir17hg	151.876999734815	-1.34044149465197	0.312524891693048	-4.28907114371072	1.79421898819018e-05	0.000148711701671647	4.7461245515046	down	75957
Jrk	60.500851129874	1.33990967708244	0.357134894435641	3.75183074507413	0.000175547967012891	0.00114425063856256	3.75560419565004	up	16469
Chaf1b	84.2375957529901	1.33966481192141	0.289078427287837	4.63426075923506	3.58215233572584e-06	3.46736729085354e-05	5.44585594915188	up	110749
Gm8995	118.622536474963	1.33957829481016	0.375573177914737	3.56675708911852	0.000361426218149765	0.00217394259626689	3.4419803465599	up	668139
Ttc7b	498.309279842951	-1.33949383571306	0.142506019637749	-9.3995596755706	5.47918849621683e-21	3.67250362527559e-19	20.2612837586165	down	104718
Cd2	28.3627121647616	1.33926106954244	0.436525132764936	3.06800449508966	0.00215493376493368	0.0102671495527769	2.6665660739793	up	12481
Gm30849	25.6509738813976	-1.33878026383466	0.506830761362409	-2.64147397098765	0.00825461496984521	0.0317699829023598	2.08330317926023	down	102632892
Atp10d	193.189006996616	1.33871657195699	0.254400359079104	5.26224324840958	1.42308315325868e-07	1.76513987207966e-06	6.8467697225817	up	231287
Azin2	40.6679798394695	-1.33861810635454	0.398064883263432	-3.36281385933928	0.000771523672319413	0.00425980835179901	3.112650744131	down	242669
Spib	35.0483796247786	1.33851959752072	0.403279329617811	3.31908803456215	0.000903119528388194	0.00486834872935694	3.04425476675839	up	272382
Car11	21.1111709606063	-1.33743211504805	0.533195892239013	-2.50833161791976	0.0121302766182022	0.0436945798605776	1.91612929539154	down	12348
Crybb3	31.3245461646148	1.3369100466108	0.498595727208592	2.68135078913641	0.00733256065261306	0.028827123132296	2.13474433598652	up	12962
Rarres2	5593.172004018	-1.33650552202688	0.17620875253666	-7.58478510736193	3.33038572973672e-14	1.09748258500155e-12	13.4775054630118	down	71660
Nrxn2	103.894172161836	1.33555029051907	0.334440644275915	3.9933851144517	6.51366455987212e-05	0.000474162745542822	4.18617461045453	up	18190
Gja4	174.798822461057	1.3335069246789	0.30556524633056	4.36406607326121	1.27666989325013e-05	0.000109599858114591	4.89392138313828	up	14612
Pdcd4	2544.54419817608	-1.33171702963443	0.153339067851314	-8.68478626024866	3.79455203065932e-18	1.95926840606311e-16	17.420839487778	down	18569
Gm43311	33.708947999802	1.32910404611389	0.477736212176689	2.78208771333903	0.00540104406490344	0.0223152697559467	2.26752227947379	up	NA
Pdia4	7602.80573064044	-1.32845604824865	0.170770032450514	-7.77921060964614	7.29784809740898e-15	2.59158072420095e-13	14.1368051805909	down	12304
Slc22a26	82.7949448370959	1.3284299121968	0.451725089017003	2.94079285055339	0.00327373383153746	0.014610065405972	2.48495663347436	up	236149
Gm15848	20.2155493451704	-1.32809984668291	0.479983137070146	-2.76697188736616	0.00565796339842031	0.0232078817712372	2.24733986633741	down	102640771
Panx1	39.9555726628801	1.32756657349642	0.386603714206896	3.43392089809556	0.000594917779503135	0.00339634287646149	3.22554305170923	up	55991
Csf2rb	364.938914537345	1.3268965639826	0.184638835352693	7.1864435314921	6.650077508749e-13	1.86307061057413e-11	12.1771732928284	up	12983
Apobr	62.9930384493623	1.32658991463021	0.280149206271429	4.73529778037248	2.18733703397413e-06	2.19872554597898e-05	5.66008429390896	up	171504
Kcnip3	42.8600625270518	1.32657247366393	0.332306695497325	3.99201247413509	6.55149256020129e-05	0.000476330785322535	4.18365974782255	up	56461
Syde2	161.566942403704	-1.32604228977995	0.249904052759682	-5.30620562226386	1.11930690319428e-07	1.41502699035849e-06	6.95105081777088	down	214804
Ccne1	38.9952161677843	1.32601381429732	0.438046692051212	3.02710610160776	0.00246907275974943	0.0115106746348214	2.60746611189387	up	12447
Pf4	41.018767919756	1.32563688214972	0.454795319795754	2.91479886544359	0.00355917843157176	0.015686076210579	2.44865023905304	up	56744
Lipt1	28.4087648583108	-1.32442420691535	0.420748898869351	-3.14777818902053	0.00164516479513737	0.00814193844837838	2.78379059252608	down	623661
Rgs19	92.051906460424	1.32413211126389	0.259820079144182	5.0963424983374	3.46278402121078e-07	4.01474998594947e-06	6.46057459517346	up	56470
Shisa9	27.0482599456519	1.32317868876736	0.499631195735268	2.64831079416516	0.00808951173874897	0.0312428587744421	2.09207769044784	up	72555
Mrc2	133.463229317734	1.3218611311131	0.268073175111615	4.93097129379963	8.18217585266559e-07	8.87793570525633e-06	6.0871311908091	up	17534
Ccdc149	120.380508301929	-1.32159695890377	0.253278232114168	-5.21796503344216	1.80899603567138e-07	2.20379887418347e-06	6.74256238487481	down	100503884
4930592A05Rik	32.6057752550062	-1.32105795818482	0.462082641647067	-2.85892141171109	0.00425084080497444	0.0182419508040483	2.37152515916267	down	75880
Tmem119	63.194682608903	1.32095128958388	0.329581140325092	4.00796989864444	6.12429237727307e-05	0.000448946269934479	4.21294408400819	up	231633
Pde1b	78.2678516647006	1.3208174504763	0.289326494329859	4.56514517806462	4.99148785506084e-06	4.69591140262662e-05	5.30176998124456	up	18574
Acot6	95.1815943005538	1.32064035025101	0.295886807449966	4.46332961456665	8.06957710071577e-06	7.17735745933468e-05	5.09314922458871	up	217700
Hyou1	8464.05849948614	-1.32027494793023	0.209339459262639	-6.30686136565298	2.84750668430527e-10	5.54576904897262e-09	9.54553524777442	down	12282
Zfp707	1573.00667959762	-1.32020270283407	0.207491367448331	-6.36268736897127	1.98253961795216e-10	3.93891148703202e-09	9.70277812522797	down	69020
Plekho2	311.985233834919	1.31981836855363	0.189909780146857	6.94971247680352	3.66031445831519e-12	9.23501497281169e-11	11.4364816026808	up	102595
Ckap4	190.775045986789	1.31823837773166	0.221245723399116	5.95825472908068	2.5494591647112e-09	4.31271368415242e-08	8.59355193983795	up	216197
Cd93	318.871978223125	1.31808008423428	0.183699613405239	7.1751924775509	7.22055273177358e-13	2.01653235254343e-11	12.1414295560078	up	17064
Ugdh	10776.0593502856	1.31797235385317	0.0950234057037121	13.8699759716325	9.63090543830377e-44	2.71530384754209e-41	43.0163328812686	up	22235
Cyp4f14	9704.1736067939	-1.31794807192644	0.190992446976833	-6.90052456412745	5.1810861095283e-12	1.28170545233206e-10	11.2855791896889	down	64385
Gpr153	62.0168558053632	1.31766314767	0.306393102637528	4.30056400201945	1.70363957534475e-05	0.000142065944306448	4.76862227987194	up	100129
Hk2	80.559051413276	1.31754600115146	0.489550770782039	2.69133679239588	0.00711663099124396	0.0281213792361458	2.14772555245624	up	15277
Mup16	1435.17901604225	-1.31726426325218	0.53203902193472	-2.47587904071781	0.0132908598324206	0.047063846160976	1.87644692211246	down	100039177
Slc17a8	559.970468383101	-1.31523167997562	0.468861686543873	-2.80515921373445	0.00502917310618572	0.0210233402476043	2.29850341552893	down	216227
Adh4	4877.42855866926	-1.31439714674904	0.1287345087845	-10.2101383627394	1.78609958463848e-24	1.60225761729033e-22	23.748094330524	down	26876
Matn2	66.7138479717869	1.31346792934357	0.30433288900844	4.3158921588233	1.58959574241291e-05	0.000133748932149399	4.79871330911481	up	17181
Kif21b	158.160188983932	1.31245858720923	0.276280313193867	4.75046003834618	2.02954400518995e-06	2.05875274815442e-05	5.69260152773966	up	16565
Slc16a9	56.8254738000393	1.31237308088779	0.405930500317693	3.23299944167953	0.0012249780210365	0.00632869680327236	2.91187170348573	up	66859
Ptpn18	37.6843263646284	1.31210263798778	0.463575314203153	2.83039799097838	0.00464901335078007	0.0197232478865253	2.33263920663219	up	19253
Btbd19	75.2887815117593	1.31174284131228	0.338980875005237	3.86966622023149	0.000108984456848698	0.000745104666107228	3.96263543587751	up	78611
Ctf2	25.0162978783824	-1.31153286105264	0.499487560271946	-2.62575680631281	0.00864565636388607	0.0329819906218523	2.06320203022197	down	244218
Adap1	81.2427044452246	1.31060822487304	0.304388689091084	4.30570606544731	1.66453958205274e-05	0.000139132009677275	4.77870587304399	up	231821
Esrrb	56.5110497715913	1.30933635412619	0.466818083333241	2.80481069794272	0.00503461388341368	0.0210361824975756	2.29803383091629	up	26380
Zfp612	19.5978865203159	1.30899211757825	0.507964933381205	2.57693401956925	0.00996809759857347	0.0371103226882964	2.0013877184463	up	234725
Mthfd1l	60.6271431554499	1.30782002587451	0.324251706095913	4.0333481714593	5.49877136839697e-05	0.000408340819602308	4.25973433732991	up	270685
S1pr3	124.589063711769	1.30763739196661	0.260889324541073	5.01223035579113	5.38027398789272e-07	6.04838142866776e-06	6.26919560753062	up	13610
Ugt2b37	46.485995044476	1.30725133209503	0.422205349739289	3.0962453055184	0.00195988150847586	0.00947507222470009	2.70777018464896	up	112417
Uox	30071.4528895183	-1.30722464686928	0.133060806332245	-9.82426518298116	8.85172059876358e-23	6.69039409681867e-21	22.0529723028707	down	22262
Slfn8	75.1024697594054	1.30599094050484	0.389500921734709	3.35298549407376	0.000799448963820314	0.00438943199238838	3.09720925604369	up	276950
Paqr4	57.4859841064144	1.30597795350306	0.374435648979824	3.48785687757371	0.000486908641209764	0.0028299971482879	3.31255251792398	up	76498
BC028777	44.0638938461085	-1.30525459769948	0.429264019366071	-3.04068018471954	0.00236044408283388	0.0110827934970381	2.62700628322439	down	100036538
Apcs	1626.80238646514	-1.30417429652785	0.21572032284926	-6.04567191121429	1.48788603391546e-09	2.60629504284086e-08	8.82743033272639	down	20219
Slc17a9	358.317461855641	-1.30370129373869	0.289385756433054	-4.50506379376792	6.63530061111208e-06	6.0408103257085e-05	5.1781393967197	down	228993
Chic1	193.380855217937	-1.30301761306826	0.241700137055083	-5.39105036904183	7.0047035693972e-08	9.20929273128298e-07	7.15461023880776	down	12212
Eml4	1284.71703856599	1.30220434295354	0.174044974132939	7.48199911799171	7.32004373749121e-14	2.31762240401638e-12	13.1354863240107	up	78798
Npr2	999.327893742892	-1.30213266288623	0.182635018513206	-7.12969874828293	1.0058883661121e-12	2.75294131878014e-11	11.9974502147788	down	230103
Csf1	575.92886716391	1.3011154796555	0.210196415464938	6.18999842018015	6.01648180198285e-10	1.11549843180396e-08	9.22065739256865	up	12977
Asrgl1	674.571611596085	1.30093858123664	0.117035503299719	11.1157601288306	1.05151295543466e-28	1.2574635543505e-26	27.9781853721083	up	66514
Gm10134	39.4408562205631	1.29930076456839	0.393674677870866	3.30044282145725	0.000965323817972961	0.00514588284959056	3.01532697808772	up	100038637
Gab2	188.907011584496	1.29887280744317	0.229765792943256	5.65302950802577	1.5764422984852e-08	2.35498470190868e-07	7.80232192082986	up	14389
Col4a1	1513.53859381067	1.29862096824882	0.134254097179514	9.67285911961712	3.93235586817997e-22	2.81639132784728e-20	21.4053471865181	up	12826
Slc8a1	120.18362359388	1.29851328322802	0.391633336924682	3.31563521487891	0.000914350957492503	0.0049197994082936	3.0388870759872	up	20541
Plekhb1	763.297105123443	-1.29777416202531	0.236017463417814	-5.49863617391695	3.82739909524712e-08	5.29869545828366e-07	7.41709625012808	down	27276
Pdgfra	252.358538698349	1.29695489260246	0.177348584177286	7.31302648182383	2.61191513909549e-13	7.7192739934466e-12	12.5830409373592	up	18595
Stk10	194.345841202348	1.29541780887524	0.228379389523638	5.67221854641642	1.40959988793952e-08	2.12540859164531e-07	7.8509041434576	up	20868
Ptpn13	83.173404934102	1.29441277756418	0.310910481559287	4.16329732941908	3.13684461231656e-05	0.000246533778778614	4.50350699411223	up	19249
Ttll13	37.7051017654794	-1.29351197609967	0.483421572773489	-2.67574317935073	0.00745637578788389	0.0292297829936865	2.12747221244435	down	269954
Itgal	543.959122390672	1.29303796730378	0.187475352576313	6.89710913746616	5.3071410518557e-12	1.31106313439584e-10	11.2751393696481	up	16408
E2f8	110.512958787265	-1.29114604858909	0.322560568419798	-4.00280187660359	6.25967199697531e-05	0.0004579254283784	4.20344842296142	down	108961
Ppm1h	264.239962835163	1.29112163393046	0.194851512808185	6.62618224166147	3.44479845403812e-11	7.59137842935795e-10	10.4628361824239	up	319468
Lifr	7645.32245396912	-1.29065650218856	0.158119336608116	-8.16254690839822	3.28033122023003e-16	1.39724803677999e-14	15.4840823026738	down	16880
Cd40	44.2397809063575	1.29052450174814	0.387914042344581	3.32683110399438	0.000878395958393145	0.00476464248925631	3.05630967113122	up	21939
Dynll1	984.743962270651	1.28966714973536	0.19093332456391	6.7545419464148	1.43287210372577e-11	3.3620441620049e-10	10.8437925724254	up	56455
Gas2l3	165.966034046653	1.28896356955819	0.286074886155829	4.50568586036622	6.6158901873413e-06	6.02931972845337e-05	5.17941171195423	up	237436
Cip2a	53.4281289558832	1.28864615048395	0.42238967038866	3.05084674371466	0.00228197020251238	0.0107856186101716	2.64169003080691	up	224171
Cd86	145.996988194005	1.28765075916421	0.228045026095719	5.64647596665288	1.63770047270522e-08	2.43625090420352e-07	7.78576552561977	up	12524
AC169509.1	2181.94639608366	-1.28708337684334	0.153938263668842	-8.36103608140059	6.21698274066082e-17	2.83143711383635e-15	16.2064203383012	down	NA
Ccdc107	1502.06846076697	-1.28573236557495	0.162845060439213	-7.89543362326852	2.89307612012766e-15	1.08182774833069e-13	14.5386401394192	down	622404
Pdia6	7637.31533415142	-1.28557411299407	0.138340803259354	-9.29280503441882	1.50274725490822e-20	9.81316056679406e-19	19.8231140566911	down	71853
Mad2l1	132.393163594094	1.28554900952894	0.241413050767499	5.32510154460138	1.00896658440228e-07	1.28997675884606e-06	6.99612321676607	up	56150
Gstm6	4165.33121288352	-1.28544656213979	0.16287172771967	-7.89238611352033	2.96462830521126e-15	1.10625478901602e-13	14.5280297492187	down	14867
Ifi27	1499.50962962346	-1.28539855881036	0.172055816871467	-7.47082302814907	7.9694776166776e-14	2.50537807836155e-12	13.0985701448058	down	52668
Tbc1d16	1685.44558707824	1.28493256918379	0.155373354737433	8.26996733999344	1.33995715485335e-16	5.90578634851248e-15	15.8729090879846	up	207592
Chrna2	119.917858699432	-1.28479309180204	0.303170009389138	-4.23786341660507	2.2565697099971e-05	0.000182602237762954	4.64655124570269	down	110902
Sdc3	951.904834053041	1.28216186128472	0.181180577076846	7.07670701777761	1.47620167378363e-12	3.9488394773712e-11	11.830854306586	up	20970
Cnr2	116.476548190821	1.28207080535603	0.25720474739711	4.98463118713971	6.2080113689159e-07	6.89166862091776e-06	6.20704749641274	up	12802
Pou2f2	92.2030823050465	1.28180332802324	0.408352743698196	3.13896097872331	0.00169548023825866	0.00835370873563115	2.77070726779402	up	18987
Mug-ps1	12560.4892396861	-1.28163900450928	0.200055535414903	-6.4064161076635	1.48980022474911e-10	3.0207570310495e-09	9.82687196454475	down	17835
P2rx7	160.769929058095	1.28161135075554	0.184696729071171	6.93900404842408	3.94873818617833e-12	9.93448833752117e-11	11.4035416604056	up	18439
Faap24	129.743577990046	1.28160352530941	0.197786811247802	6.4797218642841	9.18918527892488e-11	1.92021539910898e-09	10.0367229918296	up	101831
Zfhx4	718.438203502933	-1.28150206115093	0.195171224094724	-6.56603998409606	5.16709468286839e-11	1.1151632534278e-09	10.2867535802832	down	80892
Axl	1031.20240689353	1.28037613736511	0.116998616559554	10.9435151886037	7.13776267718073e-28	8.12698337641565e-26	27.1464378959579	up	26362
Odf3b	299.524749524163	-1.2803417305191	0.237860818064819	-5.38273491588763	7.33625387627734e-08	9.60686334840931e-07	7.1345256480089	down	NA
Srgn	309.633725789304	1.28020054112862	0.176137114747927	7.26820433592734	3.64297457899226e-13	1.05385202723226e-11	12.4385438592939	up	19073
Hpse	229.570508173285	1.28019950494088	0.185719988936302	6.89317026278716	5.45625028960021e-12	1.34415974540748e-10	11.2631057158994	up	15442
Fga	125767.42958642	-1.28014916856374	0.168868390776491	-7.58075068209839	3.43561249038675e-14	1.12797318030036e-12	13.4639958270228	down	14161
Ifi205	25.3470181366325	1.27999806310986	0.440625613844648	2.90495609626805	0.0036730461812401	0.0161167604424868	2.43497361123226	up	226695
Tmem62	1018.27901508735	1.27979914853329	0.121979742985823	10.4918990416469	9.41174323079908e-26	9.44471091895216e-24	25.0263299296652	up	96957
Pycr1	36.1665785234003	1.278043857216	0.377605162235567	3.38460377408372	0.000712810685192468	0.00398017711109356	3.14702579875044	up	209027
Setbp1	48.6112090909855	1.27775535088608	0.454990753354108	2.80831058975749	0.00498021692883493	0.0208481294107862	2.30275173978162	up	240427
Eppk1	1073.95723288813	1.27761580279726	0.195350219758814	6.54012984666535	6.14654443831512e-11	1.31062331708707e-09	10.2113689741669	up	223650
Prf1	21.0616879068122	1.27751189301397	0.476104699995899	2.68325831067195	0.00729086525347296	0.0287140462599083	2.13722092812783	up	18646
Cys1	179.046295938045	-1.27724422340785	0.279491649867027	-4.56988330068367	4.87995874803792e-06	4.60807162587185e-05	5.31158384922172	down	12879
Srxn1	2949.63470220042	1.27718388577412	0.122800791243452	10.4004532286939	2.46756704605756e-25	2.34379282738366e-23	24.607731038319	up	76650
Icam1	592.777732749209	1.27561483874988	0.246915662983193	5.16619651964611	2.389056031725e-07	2.84603710499661e-06	6.62177366440516	up	15894
Adrb1	33.2981813283142	1.27540734861233	0.494492534631552	2.57922467841227	0.00990223583352835	0.036903800435403	2.00426673464154	up	11554
Prim1	217.254905098405	1.27380409340268	0.23042794389232	5.527993141309	3.23914711364489e-08	4.54452851757982e-07	7.48956932701505	up	19075
Fscn1	331.916722253441	1.27357765584173	0.236265172116046	5.39045871397493	7.02780607469327e-08	9.22600824085009e-07	7.15318023093494	up	14086
Scd2	402.405829567451	1.27348693586133	0.184411652893187	6.90567497162963	4.99652807532099e-12	1.23777310563252e-10	11.3013316679604	up	20250
Gm10658	114.820325425704	-1.27277396917369	0.274825355374724	-4.63121012774918	3.63534693686652e-06	3.51311383528961e-05	5.43945413622811	down	100038566
Lig1	218.423361130503	1.2723877691963	0.173452738778941	7.33564530692082	2.20655690009287e-13	6.5870359091512e-12	12.6562848689973	up	16881
Ugt3a1	1919.15462608531	-1.27223286599872	0.156987915216404	-8.10401784267903	5.31733025454827e-16	2.19133225014586e-14	15.2743063652127	down	223337
Stk39	128.837856664104	1.27057139459003	0.294698727479392	4.31142477423451	1.6220595938042e-05	0.00013609363488498	4.78993319403061	up	53416
Hspa5	28187.0121896943	-1.26984324290861	0.174390009364378	-7.28162838878773	3.29814554272352e-13	9.58783324547549e-12	12.4817301834377	down	14828
Bik	388.280174388905	-1.26940425591294	0.218410359949653	-5.81201485225131	6.1725362638557e-09	9.78898117130401e-08	8.20953634989402	down	12124
Gm4788	5717.46844709505	-1.26940158749926	0.200556632091686	-6.3293922233344	2.46128738450613e-10	4.81838619574136e-09	9.60883767430272	down	NA
Snn	80.7166060922151	1.26915572542865	0.272372753343967	4.65962806428691	3.1678125960255e-06	3.1018019476629e-05	5.49924051866063	up	20621
Ckb	382.337285632982	1.26746374121157	0.142184488493514	8.9142195090387	4.91264203345615e-19	2.7353714043338e-17	18.3086848801881	up	12709
A930038B10Rik	86.108718230899	-1.26667158391672	0.278577947506326	-4.54691979481956	5.44367309999741e-06	5.07828369759212e-05	5.2641079626623	down	320323
Tgfb1	578.064295653875	1.26603124130718	0.127656770549162	9.91746255103341	3.49528930818714e-23	2.77157717375089e-21	22.4565168714922	up	21803
Tmem26	45.6700735888964	1.26553384897917	0.38902528425726	3.25308893841018	0.00114157760637174	0.00596724586355943	2.94249455909853	up	327766
Tyw1	1554.24282313417	1.26552086814397	0.120874992632434	10.4696665586757	1.1906164648705e-25	1.17487386939054e-23	24.9242281159444	up	100929
Lrp2bp	38.0978336529441	-1.26437092271757	0.441687719713537	-2.86259016559844	0.00420193685458598	0.0180670061513329	2.37655047832486	down	67620
Meg3	130.283609778151	-1.26271307667388	0.334188375090844	-3.77844704002832	0.000157809403543343	0.00104007815426228	3.80186712162529	down	17263
Kctd7	169.719260527505	-1.26261414376694	0.249579632885567	-5.05896306188516	4.21542506180718e-07	4.82438015127701e-06	6.37515862680677	down	212919
Fcmr	30.5436922394638	1.26256756635185	0.440924147810905	2.8634575189865	0.00419045000801175	0.018028831126789	2.37773933610241	up	69169
Gm12473	54.1557058522936	-1.26251010071516	0.28961094932794	-4.35933138455192	1.3046042967384e-05	0.000111943872070858	4.88452119545426	down	NA
Tacc3	107.901891964964	1.26132624802123	0.231457262816579	5.44949954333807	5.05117529823324e-08	6.83040382648637e-07	7.29660755927733	up	21335
Pde4c	1389.939158303	-1.26117170921822	0.179062658242182	-7.04318656719865	1.87892373568972e-12	4.92233678367564e-11	11.7260908472764	down	110385
Gm16157	262.773874873504	-1.25981663841628	0.246231576660019	-5.11638943918131	3.11439699816062e-07	3.62978474286936e-06	6.50662602788831	down	NA
Spc25	177.391556214728	1.25842584405076	0.233911732138235	5.37991759775038	7.45199406351679e-08	9.73968495630502e-07	7.12772749974774	up	66442
Ggt6	841.110238721781	-1.25831475376979	0.154686784693054	-8.13459764042977	4.13308746057407e-16	1.7273388111698e-14	15.3837254044829	down	71522
Tmsb4x	4211.90030343856	1.25808024078385	0.115794989481546	10.8647208866006	1.69741423374049e-27	1.86107849504312e-25	26.7702121603489	up	19241
Acot2	462.040733299939	1.25700722059207	0.224957627493502	5.58775105604444	2.30029071699826e-08	3.32176940774985e-07	7.63821727319568	up	171210
Cd247	26.9882597837097	1.25564394571105	0.47727142897094	2.63088018576428	0.00851640544792045	0.0325798823101363	2.06974367090645	up	12503
Mir142hg	31.2034624150754	1.25539948333046	0.494177196290977	2.54038327294906	0.0110731049009165	0.0405777778522961	1.95573058578202	up	78591
Gm47814	75.357887147101	-1.25468231674164	0.378649258169665	-3.31357394652398	0.000921117467399895	0.00494884708286659	3.03568498197414	down	115488362
Slc6a16	52.9073704047475	-1.25418360152943	0.381740985732338	-3.28543082457699	0.00101826542577759	0.00539088837337157	2.99213900203318	down	381884
Ces1d	21407.1769842724	-1.25407201222965	0.102349162397635	-12.2528800710403	1.62133916039656e-34	2.7690602083619e-32	33.7901261276058	down	104158
Rasgrp1	76.5534775529413	1.25345224565048	0.287071888293617	4.36633573945929	1.26348223669565e-05	0.000108625225015431	4.89843085944987	up	19419
S1pr4	28.859394222446	1.25332464132527	0.439949915766646	2.84878936535596	0.00438859246569026	0.01876960736229	2.35767474681953	up	13611
Ctcflos	260.389290917713	-1.25259949365143	0.301522920244626	-4.15424304273518	3.26366139081651e-05	0.000255595915448337	4.48629490620748	down	74161
Slfn2	21.1325836771052	1.25212030813887	0.445323211366549	2.81171130580983	0.00492787108725889	0.0206533379546702	2.30734066180637	up	20556
Tmem132a	107.651405188552	1.25196999688643	0.259889346352432	4.81731942635561	1.45499663139141e-06	1.50955900506858e-05	5.83713801215561	up	98170
G6pc	17352.5948538145	-1.25148903345126	0.192084611655916	-6.5153008492584	7.25441124007406e-11	1.53396252912137e-09	10.1393978286518	down	NA
Gfra2	33.9848797634252	1.25037326686148	0.471715899496114	2.6506913763075	0.00803272048089395	0.0310540539882677	2.09513734516375	up	14586
Rab36	1505.45501049284	1.25032637877832	0.13279968617196	9.41513052342074	4.72494980880459e-21	3.17896054939345e-19	20.3256028004616	up	76877
Slc16a3	27.6253468825226	1.24992036923415	0.433697546862466	2.88200931334878	0.00395148053816117	0.0171394865247421	2.40324015270743	up	80879
Gfpt2	29.4019608889332	1.24943040683504	0.458615389813999	2.72435342246534	0.00644275215305397	0.0258087874926803	2.19092857525483	up	14584
Ggta1	219.703055264638	1.24821593444629	0.209659494462374	5.95353879702454	2.62405613384833e-09	4.43046435830931e-08	8.58102687876291	up	14594
Nin	143.634556785991	1.2481119768181	0.366304571821179	3.40730657718188	0.000656073902384394	0.00369652285058079	3.18304723746884	up	18080
Gm26708	296.425460752231	-1.24716972370843	0.499255179498664	-2.49806066100465	0.0124874823202082	0.0447002541256628	1.90352511364015	down	120623200
Pole	114.673500799286	1.24611763229599	0.269404833599029	4.62544645412955	3.73792367056513e-06	3.60831523024879e-05	5.42736957128004	up	18973
Ifi211	53.9503359301108	1.24543739377093	0.406474025454	3.06400241043663	0.00218397150410968	0.0103859978195438	2.66075303249141	up	381308
Oaf	9903.65241306166	-1.24384512349287	0.158348331607845	-7.85511985420407	3.99390046642804e-15	1.47177718018039e-13	14.3986027625549	down	102644
Gm44877	207.0450616768	1.24256028260929	0.2195266213667	5.66018041399044	1.51213940379164e-08	2.27038208707922e-07	7.82040816947854	up	NA
Adam23	817.282598658517	1.24248965435273	0.163151688802766	7.61554883967385	2.62573331275353e-14	8.75014542235051e-13	13.5807493858936	up	23792
Klhl3	470.979767789861	-1.24200036222062	0.235103963490479	-5.28277083797829	1.27244519521822e-07	1.59612793484929e-06	6.89536091384533	down	100503085
1700030N03Rik	525.774333345327	-1.24179877736824	0.198862548719071	-6.24450800498643	4.25136157959299e-10	7.99076025150589e-09	9.37147195658451	down	70011
Acat3	5431.89389586789	-1.2411777647907	0.125625366733646	-9.87999316588881	5.08363766816105e-23	3.92589444616854e-21	22.2938254109752	down	224530
Ccdc152	503.044042962849	-1.24089512125711	0.211339626158738	-5.87156863959376	4.3169078958618e-09	7.04103930636339e-08	8.36482721721024	down	100039139
Il1rap	4663.00593342022	-1.24055929910832	0.139795165171492	-8.87412163064775	7.04874945153501e-19	3.90030802984937e-17	18.1518879261962	down	16180
Klf6	354.191109190592	1.24036647602419	0.227440927382223	5.45357640905017	4.93667188725745e-08	6.68841846388e-07	7.30656573692649	up	23849
Gm20300	586.592484941008	-1.24004573753236	0.17790339592202	-6.97033202264392	3.16193854241326e-12	8.05772631138369e-11	11.5000465755645	down	100504586
Adamts14	127.645687022991	1.23974209604467	0.195358881914183	6.3459725193824	2.21024689409449e-10	4.35720369954566e-09	9.65555921104163	up	237360
Pacc1	158.773189581556	1.23935451449075	0.22568032935042	5.49163729979484	3.98224560999735e-08	5.49593213090698e-07	7.39987195782517	up	66950
Sdsl	477.045608036687	-1.23893432203623	0.169280861029915	-7.31880919377701	2.50181020029911e-13	7.41855639026924e-12	12.6017456411212	down	257635
Gm30505	44.8063165128211	-1.23855762058603	0.40530605717183	-3.05585766279566	0.00224417764685384	0.0106267884199994	2.64894276773911	down	102632430
Gm47465	43.065847048572	-1.23622581970787	0.478316589996215	-2.58453469012574	0.00975104946986674	0.0364474201775617	2.0109486402559	down	118567729
Cadm4	179.909619477077	-1.23607973828145	0.262435180805981	-4.71003824443524	2.47670312864828e-06	2.46147133890043e-05	5.606126047236	down	260299
Creb5	24.2063678703536	1.23575410761422	0.420552830148029	2.93840397454761	0.00329906838705556	0.0146972793305445	2.48160868178323	up	231991
Ulbp1	37.829146878899	1.23555312115327	0.402580303367829	3.06908487776753	0.00214715578699722	0.0102548483701653	2.66813644416238	up	77777
Tmem8	1931.42048780179	1.23464458992686	0.150688542894564	8.1933540945494	2.54045372947103e-16	1.10868646542665e-14	15.5950887106999	up	NA
Lect2	2490.5140177972	-1.23463336125071	0.121069817960464	-10.1976973456248	2.0302891611985e-24	1.80309980406039e-22	23.6924421038752	down	16841
Fam118a	112.357166594393	1.23426211959882	0.260092938224696	4.74546570938629	2.08027154375008e-06	2.10457075781357e-05	5.68187997164538	up	73225
Ifi207	237.068992933464	1.23421610148419	0.231537242639429	5.33052949674374	9.79268256908276e-08	1.25405643685687e-06	7.00909832297069	up	226691
Ar	61.9925437724634	-1.23413527107386	0.384363326355526	-3.21085594397297	0.00132340258798895	0.00676439619218987	2.87830802040406	down	11835
Fcgr1	164.481285183715	1.23409706879616	0.251336757587377	4.91013364158296	9.10143443960277e-07	9.79755627371057e-06	6.0408901549196	up	14129
Rassf5	160.797121418712	-1.2340275969693	0.274999307209158	-4.48738438468401	7.21029170414094e-06	6.50097468268788e-05	5.14204716483174	down	54354
Abcg3	142.287446025667	1.23311527078589	0.251394802687577	4.9050945270271	9.33823567154448e-07	1.00342251662416e-05	6.02973516986122	up	27405
4933404O12Rik	148.056259408047	-1.23259278297965	0.221782411728692	-5.55766696453588	2.73404409947704e-08	3.89074309074004e-07	7.56319448464564	down	66752
Emp2	190.467348206932	-1.23257560545338	0.215760872172719	-5.71269291341522	1.11202241887661e-08	1.70567721969658e-07	7.95388645709186	down	13731
Snai1	67.3866854394328	1.23254783655154	0.322007645201867	3.82769743177637	0.000129347622004101	0.000871244771345031	3.8882415511762	up	20613
Triap1	881.752714512336	1.23199389531558	0.123496866000141	9.97591222528819	1.94307622009887e-23	1.6052520847161e-21	22.7115101632092	up	69076
Spsb4	327.69836291695	-1.23131978302754	0.185612816080151	-6.63380799360231	3.27135319229931e-11	7.23608660045085e-10	10.4852725646534	down	211949
Gys2	3154.92839010213	-1.23117326030502	0.128952381862968	-9.54750305902322	1.32859768218246e-21	9.18231596534042e-20	20.8766065095463	down	232493
Trpm2	294.675430851001	1.2300757440529	0.208759649280107	5.89230604810235	3.80842977405468e-09	6.27507696166597e-08	8.41925404821599	up	28240
Nusap1	96.8786786066054	1.22948676553115	0.326603988833161	3.7644572864026	0.000166911194729078	0.00109438045063783	3.77751453422536	up	108907
Fam83f	150.139565787514	1.22946698664099	0.255671806057893	4.80877029656762	1.51861586145941e-06	1.5682357518164e-05	5.81855206836675	up	213956
Cebpd	350.965737001744	1.22897739869461	0.244981467758527	5.01661374608951	5.25901461352758e-07	5.92331119628896e-06	6.27909562238571	up	12609
Selenon	138.837685921696	1.22747358047563	0.184194480225852	6.6640084923856	2.6645805789205e-11	6.0061269343637e-10	10.5743711418328	up	74777
Ghr	14444.9670571268	-1.22685796824595	0.1473990894135	-8.32337549117574	8.54930737310368e-17	3.85413191779359e-15	16.0680690684559	down	14600
Tctn2	57.8235441264699	1.22655312020113	0.320858881208431	3.82271831024791	0.000131988532798403	0.000887014876869175	3.87946379878437	up	67978
S100a11	221.664050932048	1.22553529065095	0.202444009154647	6.05369996261417	1.41556160572171e-09	2.48942626146823e-08	8.84907122524427	up	20195
Gdf15	652.768516538945	1.22534798285422	0.266116305797928	4.60455806787228	4.13342675438205e-06	3.95997443426829e-05	5.3836897538024	up	23886
Fam43a	346.148122696177	1.22387613262535	0.159863976955779	7.65573430569599	1.92210753316223e-14	6.5278152971372e-13	13.7162223191895	up	224093
Gm49284	141.958587491206	-1.22300390905732	0.235965532311556	-5.18297692496262	2.18372064378915e-07	2.62253185091162e-06	6.66080292028083	down	NA
Arhgap15	78.2705089470828	1.22234575639186	0.347440939812886	3.51813967879016	0.000434583550418449	0.00256022322472056	3.3619267163443	up	76117
Nid1	764.432252648095	1.22233808655764	0.165810432864639	7.37190094398646	1.68211989231385e-13	5.11606396015044e-12	12.7741430532975	up	18073
Cd300ld	246.313210790895	1.2222124965884	0.213943533005417	5.71278074835499	1.11144839687794e-08	1.70567721969658e-07	7.95411069623212	up	217305
Nat14	26.9167511258589	-1.22115182544042	0.480459351547385	-2.54163400401622	0.0110335642189275	0.040474631899337	1.95728417291159	down	269854
Porcn	128.785732919929	-1.2208903985002	0.231377046413093	-5.2766271219508	1.31583244789379e-07	1.64706243407255e-06	6.88079940828123	down	53627
Vim	1138.04930965399	1.21885808527178	0.168621824912284	7.22835306702332	4.88886378161471e-13	1.38937597582465e-11	12.3107920633124	up	22352
Igfbp2	16620.5182670028	-1.218823328673	0.212391832326066	-5.73856026065002	9.54847887934819e-09	1.48122342231426e-07	8.02006580819868	down	16008
Rps6ka1	971.628867034408	1.21803532735607	0.149671670341956	8.13804860046803	4.0169960396471e-16	1.68278027491066e-14	15.3960985964387	up	20111
Batf2	36.8861971545817	1.21743073148924	0.341429134433546	3.56569082339456	0.000362898996122893	0.00218132384742295	3.44021423317418	up	74481
Sdr9c7	1798.11423914178	-1.21644680197733	0.194277093391657	-6.26140107791818	3.81533815815902e-10	7.24017482534408e-09	9.41846696394394	down	70061
Loxl3	119.97784340916	1.21609928593154	0.196214145201677	6.19781659819472	5.72517961927171e-10	1.06482345965973e-08	9.24221088340994	up	16950
Prickle2	70.6943522202961	1.21600616787624	0.370087278176545	3.28572809599838	0.00101719148152682	0.00538680831689903	2.99259728548157	up	243548
Gm45609	30.3969834257864	-1.21534745320776	0.438774791210212	-2.769866176349	0.00560793285119045	0.0230307753301375	2.2511971952076	down	108168806
Vcpkmt	156.32000588431	1.2136742617544	0.191655313336921	6.33258864898161	2.41081686146753e-10	4.72637186461218e-09	9.61783577969927	up	207965
Glipr2	82.3218114665382	1.2130739934585	0.294872841655556	4.11388850410139	3.89049400558871e-05	0.000299276546241952	4.40999524950219	up	384009
Rasal3	46.4920991218777	1.21298174596356	0.388345806931968	3.12345781597703	0.00178739484903316	0.00876040488645889	2.74777949796207	up	320484
Fpr1	83.1803413274145	1.21272531158877	0.29825667005659	4.06604590388094	4.78175211198531e-05	0.000359126769611345	4.32041294164294	up	14293
Fam81a	93.8463742066189	1.2124083722218	0.295860873420525	4.09790033472433	4.16914708172757e-05	0.000318504905228581	4.37995278329636	up	76886
Vnn1	890.152667421298	-1.21177446914904	0.200043095216629	-6.05756708491634	1.3819571501949e-09	2.43273765131435e-08	8.85950542275228	down	22361
S100a6	69.0690427436984	1.21163465958592	0.44483675673107	2.72377370181759	0.00645407127991824	0.0258483008058417	2.19016624247965	up	20200
Slc22a28	730.563054336109	-1.21020327923184	0.28330958582783	-4.27166371972777	1.94020005045772e-05	0.000159693388768443	4.71215348845602	down	434674
Slc26a10	342.11864295876	1.20907268514729	0.229306181986939	5.27274351991154	1.34399326705562e-07	1.67640508493272e-06	6.87160290694285	up	216441
Mycl	126.117969501086	-1.20907121977199	0.300019435532904	-4.02997631678227	5.57824728624082e-05	0.000413698656777492	4.25350223717119	down	16918
Hip1	403.000924061682	1.20815880483126	0.163653019265457	7.38244127883482	1.55413085037142e-13	4.75118057626687e-12	12.8085124184811	up	215114
Rad18	82.963045695213	1.20785189030378	0.291865668805192	4.13838289117164	3.49762321899275e-05	0.000271880891097371	4.4562269766543	up	58186
Aldh16a1	4646.5482487126	1.20740612184438	0.155319240094036	7.77370608505021	7.6222484208816e-15	2.69157806066996e-13	14.1179169010034	up	69748
Ly75	57.3027824175288	-1.20698133083518	0.36126786186416	-3.340959598806	0.000834893710534269	0.00455587775315198	3.07836881058428	down	17076
Qpct	220.260283889107	-1.20686810328507	0.241307799174022	-5.00136384905952	5.69261618726457e-07	6.35926092567253e-06	6.24468809659812	down	70536
Flt4	1308.98399926092	1.20434704723784	0.156812966937387	7.68014961236411	1.58902897672343e-14	5.4698319156127e-13	13.7988681831473	up	14257
Ugp2	7479.94661512689	-1.2039423355106	0.10778780334855	-11.1695599883176	5.74648357340832e-29	6.94347219257678e-27	28.2405978304105	down	216558
Npdc1	236.662971787957	1.20353485477974	0.205984827539686	5.84283254817812	5.13205992007003e-09	8.27935043599309e-08	8.28970828160267	up	18146
Tagln2	816.519795649805	1.20245075221243	0.146154789617649	8.22724151126438	1.91573954706023e-16	8.40874393137162e-15	15.7176635354262	up	21346
Pdia5	2412.00778302011	-1.20219352216983	0.149345117417421	-8.04976783278215	8.29512400287495e-16	3.3485907395242e-14	15.0811771173718	down	72599
P3h2	50.079560545202	1.20216637198896	0.410874119559425	2.9258751397582	0.00343488766942949	0.0152145822405004	2.46408746103372	up	210530
2200002D01Rik	549.048881950153	1.2020612010378	0.191599005111545	6.27383842801264	3.52254053173989e-10	6.75673487308465e-09	9.45314400102636	up	72275
Ifit1	165.095865688062	-1.20067535075898	0.387156609888033	-3.10126527635991	0.00192695576239422	0.00934897248064631	2.71512825543724	down	15957
Psma8	31.6756268605817	1.19996826968079	0.460619848197959	2.60511628922488	0.00918430820300767	0.0346425318118119	2.03695355083682	up	73677
Mug1	107206.431715624	-1.19995184029228	0.154725787242406	-7.75534486964568	8.81037181146284e-15	3.06730575755323e-13	14.0550057632952	down	17836
Hexa	2338.46423119671	1.19903394691152	0.148650034124773	8.06615318974688	7.25477713608325e-16	2.95548971309887e-14	15.139375924378	up	15211
Gm30117	1087.13959856808	-1.19898663689314	0.219157377478291	-5.47089334016102	4.47772731357055e-08	6.12738001106626e-07	7.34894235779082	down	102631899
Rap2a	852.596186267079	-1.19852696247953	0.153826256873066	-7.79143292466984	6.62534822162512e-15	2.36304086571296e-13	14.178791290711	down	76108
Synpo	413.055763091365	1.19803790999917	0.214072823853423	5.5964035435879	2.18843985319338e-08	3.17314846305477e-07	7.65986538498195	up	104027
Obp2a	31.3581466749283	-1.19652200595703	0.406221540973603	-2.94549127820571	0.00322442238284748	0.0144189804542137	2.49154807278362	down	227627
Adgre4	188.088287460935	1.19649157271642	0.186326704557491	6.42147123010619	1.34963523651209e-10	2.75859851218961e-09	9.86978359163485	up	52614
Gm48633	901.759841636816	-1.19507473953936	0.141807872260102	-8.42742169734674	3.53364581476678e-17	1.66043960216634e-15	16.4517769829563	down	NA
Nfam1	294.646684650404	1.19439735050699	0.182410899583508	6.54783981239126	5.83752837044599e-11	1.25073798450979e-09	10.2337709957452	up	74039
Mfsd4b1	1632.03825394186	-1.19436463035581	0.160131621655311	-7.45864319619973	8.7417979617991e-14	2.73847998937347e-12	13.0583992350335	down	215929
Necab1	1147.8582002293	-1.19408458109096	0.159453089517019	-7.48862618283423	6.95982555599782e-14	2.20750752724345e-12	13.157401645593	down	69352
Il18bp	485.58868454539	1.19364933534005	0.132232504298442	9.02689805107259	1.76606819973287e-19	1.02848863487394e-17	18.7529925294132	up	16068
Sema4g	15453.8761492246	-1.19276803682426	0.13018376833507	-9.1621870535679	5.08559914850476e-20	3.12561979500836e-18	19.2936578742927	down	26456
Tnfaip8l1	1398.0560347475	1.19208618885406	0.182870820439505	6.51873374871422	7.0903379821186e-11	1.50105581928952e-09	10.149333062381	up	66443
Msr1	419.390524758191	1.19143014702553	0.252380608241867	4.72076739700909	2.3495650472777e-06	2.35200000734744e-05	5.62901252711146	up	20288
Zfp532	237.276355232465	1.18999648828881	0.178327078025422	6.6731115737744	2.50435843236207e-11	5.65934026407317e-10	10.6013035132984	up	328977
Atad3aos	36.174046772695	1.18914730629377	0.434672883012608	2.7357292179169	0.00622422204299303	0.025097532787206	2.20591492271397	up	70448
Camk2n1	3104.34420804523	-1.18828777190404	0.120243761840375	-9.8823236541909	4.96676094744329e-23	3.85238462657152e-21	22.3039267423009	down	66259
C8a	17861.9839361238	-1.18778734966015	0.157825600120118	-7.52594857080315	5.23389402480532e-14	1.6810926884013e-12	13.2811750751444	down	230558
Insig2	9024.9814167949	-1.1873308780946	0.0817594224939939	-14.5222512815794	8.7585746651859e-48	2.93527930571759e-45	47.0575665633993	down	72999
Mpeg1	1784.73754309038	1.18714336875196	0.161520243479057	7.34981165940285	1.98486333108915e-13	5.98559295191944e-12	12.7022693914687	up	17476
Tmem88b	103.335809774998	-1.18619065031425	0.354437749470285	-3.34668260389035	0.000817847940631657	0.00447672263659647	3.08732743555039	down	320587
Gm44787	120.372606493483	-1.1829796068214	0.263836008916148	-4.48376857913044	7.33361953493976e-06	6.59543038884051e-05	5.13468162480387	down	NA
Lpl	1960.2805969729	1.18284205157254	0.246168406158088	4.80501161799345	1.54742519261579e-06	1.59705788909016e-05	5.81039033695693	up	16956
Arl4c	139.474017011504	1.18252189262518	0.230553190949075	5.1290632229262	2.91187545093215e-07	3.41390968709286e-06	6.53582720495299	up	320982
Kcna2	97.2718100878009	1.18245758649114	0.295093506632097	4.00706067709362	6.14790729821606e-05	0.000450305688374901	4.21127268967209	up	16490
Prr5l	92.980086709809	1.182414980765	0.23328506483174	5.06854127853332	4.00876052341373e-07	4.6176137754134e-06	6.39698988699378	up	72446
Atp2a3	101.373370864978	1.1812468334896	0.319621194119088	3.69577129184206	0.000219220251729702	0.00138816046745917	3.65911932788752	up	53313
Fgr	151.138232233863	1.18074638012668	0.264026880221578	4.47206882547628	7.74664848943261e-06	6.92132648235926e-05	5.11088615005667	up	14191
Msn	1224.5107042302	1.17986220631904	0.126284001206837	9.34292701406075	9.37070491168377e-21	6.21053957616892e-19	20.0282277380621	up	17698
Zfp354a	144.15319454557	-1.17964169123583	0.187514087700977	-6.29094968649486	3.1552959996036e-10	6.10505093082344e-09	9.50095989316641	down	21408
Olfml3	202.249509187232	1.17907250549808	0.164456840432587	7.16949506263558	7.52748836136586e-13	2.09895209222261e-11	12.1233499072996	up	99543
Cmtm8	1920.31031845202	-1.17875792613777	0.108926041419175	-10.8216355866786	2.71881535655915e-27	2.94460965629291e-25	26.5656202857374	down	70031
Gm30784	232.994284108202	-1.17741937092907	0.230681201434311	-5.10409761874052	3.32376677826044e-07	3.86619158581938e-06	6.47836945735123	down	102632806
Cox7a1	47.372552079844	-1.17640782033077	0.418228395823371	-2.8128358382141	0.00491067141589202	0.0206055624117822	2.30885912452022	down	12865
Sestd1	158.820877800695	1.17622562059807	0.235583264558462	4.99282333489433	5.95029816451027e-07	6.63460112981993e-06	6.22546127158958	up	228071
Zfp189	158.173016148516	-1.17589483774282	0.232829529825211	-5.05045403229386	4.4076117082104e-07	5.02536733329242e-06	6.35579667196237	down	230162
Cotl1	808.714827237706	1.17496926302804	0.14491620770526	8.10792168545954	5.14929064680431e-16	2.127016289966e-14	15.2882525941427	up	72042
Tnfaip8	100.66817873678	1.17496780738295	0.351327997568284	3.34436143864275	0.000824722150705272	0.00450868416153494	3.0836923408317	up	106869
Atoh8	2606.40279788284	1.1738424511021	0.178818133760368	6.56444861836637	5.22257483527431e-11	1.12440453605021e-09	10.2821153282143	up	71093
Gm12909	249.407586441729	-1.17373990745065	0.275657626459207	-4.25796275810402	2.06298305283584e-05	0.000168549700940525	4.6855043396905	down	105243851
Ly86	125.589133236735	1.17348713962113	0.294633328493509	3.98287303619481	6.80871339480128e-05	0.00049221150719764	4.16693494657889	up	17084
Rasl11a	36.431497436492	1.17344421431292	0.367156410556617	3.19603357199715	0.00139330898852375	0.00706507181747826	2.85595256115671	up	68895
Pck1	40874.412413803	-1.17308412314442	0.359831199550905	-3.2600956354216	0.0011137465280709	0.00583722804119069	2.95321363679749	down	18534
Otub2	217.317978983129	1.17291223519469	0.175137745640954	6.69708423448166	2.12619076705822e-11	4.86667530985673e-10	10.6723977720969	up	68149
Fgd2	222.053694511824	1.17270418290976	0.230176356587885	5.09480730468512	3.49096145654961e-07	4.0421419420622e-06	6.457054946173	up	26382
Ikzf1	117.530741600156	1.17078487776627	0.273318549778107	4.28359099196438	1.8390083938729e-05	0.000151857122696283	4.73541628848658	up	22778
Mpp4	158.714175219177	-1.16980420447488	0.29457845472461	-3.97111257022677	7.15377645443753e-05	0.000513395464176644	4.14546463507342	down	227157
Slc35d1	8672.1918036388	1.16830270199009	0.108087113988258	10.8088990341348	3.12396739623004e-27	3.3629035692023e-25	26.5052935073528	up	242585
Hexb	278.459384420078	1.16811352925574	0.17392429686192	6.71621820718422	1.86501448710306e-11	4.296548290522e-10	10.7293177903194	up	15212
Gm30262	599.018347151429	-1.16805712155975	0.244806349218266	-4.77135141833406	1.82993946089779e-06	1.86801061519923e-05	5.73756327760997	down	102632099
Mx2	260.152375171489	-1.1666642578363	0.215750592519753	-5.40746722505289	6.39222353824941e-08	8.47880757445373e-07	7.19434804600153	down	17858
Plekha2	126.823791600774	1.1665736410498	0.214598400811408	5.43607797932751	5.44661255924376e-08	7.30685289103381e-07	7.26387351684492	up	83436
A530013C23Rik	26.9147743667241	1.1661700957295	0.462176781455789	2.52321220476771	0.0116288203479297	0.0422326235849427	1.93446433878566	up	329562
Plpp2	961.841721528414	1.16604268164363	0.160471339497026	7.26636099192801	3.69300868266573e-13	1.0665889466912e-11	12.4326196712742	up	50784
Cdc42bpg	1286.42064129556	1.16518496080199	0.131958129802093	8.8299596436347	1.04713498276483e-18	5.68783228252871e-17	17.9799973312234	up	240505
Sgk1	2038.46399741712	1.16394408135087	0.379639260853015	3.06592126097705	0.00217000452348866	0.0103306406717249	2.66353936084082	up	20393
Kcnk6	187.571272958908	1.16338824510706	0.20923533025879	5.56019025882549	2.69480714673757e-08	3.8458647999582e-07	7.5694723095513	up	52150
Abcc1	125.928952962989	1.16249099763506	0.318059252096613	3.65495105069902	0.000257231051767144	0.00160426191765731	3.58967660652103	up	17250
Cd274	105.715322013119	1.1620496564406	0.30477074020224	3.81286489532914	0.000137365210039657	0.000920015407512967	3.86212324544933	up	60533
Mms22l	90.6926437640501	1.16111221114112	0.26046826962641	4.45778755625974	8.28099101875659e-06	7.32869768187117e-05	5.0819176863766	up	212377
Gm49188	77.9445789113993	-1.15926936349791	0.371500771660383	-3.12050324503144	0.001805423087559	0.00884352750828493	2.74342100812898	down	NA
1110051M20Rik	125.968669585545	1.15909969513371	0.212398446794533	5.45719478003049	4.83715642737582e-08	6.5636037022956e-07	7.31540986786322	up	NA
Sfn	61.3422406179818	1.15861419972036	0.388952066030616	2.97880973237757	0.00289370403650183	0.0131924977146677	2.53854588990222	up	55948
Hapln4	397.972971808063	-1.15838230724869	0.156018288597692	-7.42465718384905	1.13072391644522e-13	3.51732367844133e-12	12.9466434217775	down	330790
Eml1	66.2124012622091	1.15823386944965	0.348815746143349	3.32047472700291	0.000898644951068134	0.00484569873129089	3.04641186138	up	68519
Efnb2	131.91530969034	1.15806592728501	0.211782457950211	5.46818626289277	4.54663963236686e-08	6.21210870385386e-07	7.34230946670466	up	13642
Enc1	407.722974241911	1.15765325036267	0.212080615669917	5.45855285597834	4.80030968358478e-08	6.5185856727701e-07	7.31873074397158	up	13803
Wrnip1	1510.55410046031	-1.15754078012069	0.103203302308946	-11.2161215215335	3.39850711009649e-29	4.16305401996785e-27	28.4687118171431	down	78903
Gm8798	55.8486074460513	-1.15693299809762	0.374450887523164	-3.08967887818412	0.00200373007226908	0.00965814207425873	2.69816078381265	down	667760
Wscd1	23.4668630632022	1.15665530410469	0.46396284726075	2.4929912188737	0.0126671978918989	0.0451978242177397	1.89731944468054	up	216881
Sult1c2	79.9849934106436	-1.15624398781219	0.324835911447339	-3.55947094229954	0.000371602644485455	0.00222610663451961	3.42992120403966	down	69083
Apol9a	1236.58385897107	-1.15503134564511	0.225319965244888	-5.12618286794856	2.95675434128592e-07	3.45739767017251e-06	6.52918475685903	down	223672
Tmprss2	243.829679990612	1.15437923124339	0.182602598047451	6.32181164773691	2.58514370616518e-10	5.04585961636328e-09	9.58751530980028	up	50528
Eml6	53.237152177001	-1.15374529215754	0.347096079802769	-3.3239940157582	0.000887381000533207	0.00479661026520719	3.05188987407779	down	237711
Gm29571	191.241498028361	-1.15334498565053	0.286541638927751	-4.02505196091704	5.6962736355999e-05	0.000421396136257915	4.24440915638372	down	102640597
Cdh5	1231.70666056151	1.15308275559667	0.131011861798309	8.80136149329609	1.35166191417193e-18	7.18959886962553e-17	17.8691319231657	up	12562
Mlkl	267.235866313347	1.15294017961169	0.205679862389005	5.60550831870512	2.07644648768665e-08	3.02806588787276e-07	7.68267925665709	up	74568
Col4a2	1537.60921737	1.15251912832835	0.143532587231009	8.02966873629486	9.7736203285415e-16	3.90988838458455e-14	15.0099445358237	up	12827
Colec12	1515.57471018579	-1.15247125589918	0.129044902872771	-8.93077704150337	4.23026891045014e-19	2.36283133293759e-17	18.3736320244423	down	140792
Zfp579	319.691588211972	-1.15208428698573	0.198957629321898	-5.79060119942295	7.01349248117302e-09	1.10535628616322e-07	8.15406566426015	down	68490
Palld	3874.89650162389	-1.1520477482024	0.126615900658721	-9.09876044168903	9.13686313061966e-20	5.5013207771548e-18	19.0392028807314	down	72333
Dbf4	126.287982989519	1.15159285946317	0.250681714275678	4.59384467985866	4.35153317618232e-06	4.13989996118642e-05	5.36135770105858	up	27214
Klrk1	50.8337317090726	1.15143804423852	0.460444178981454	2.50071147991406	0.0123944107552753	0.0444566889812602	1.90677411527094	up	27007
Gm47719	62.0267598653407	-1.15068858449769	0.379282347478049	-3.03385747359173	0.00241448469428248	0.0112921748205905	2.61717554330142	down	NA
Fmo2	490.751770169009	1.15063098624894	0.244166614246698	4.71248286666407	2.44716662011777e-06	2.43698012092624e-05	5.61133645985369	up	55990
Vsig4	813.904912799053	1.15055277618306	0.190410933350502	6.04247222540084	1.51770482235303e-09	2.65329459199158e-08	8.81881268594294	up	278180
Fzd5	314.821393660216	-1.15052121343974	0.219127764538146	-5.25045840660439	1.51721161764436e-07	1.87926867172937e-06	6.81895384046205	down	14367
Rida	13972.4083595505	-1.15034831607778	0.1148841394208	-10.0131168834739	1.33479596132999e-23	1.11308196549968e-21	22.8745851160529	down	15473
2210039B01Rik	224.761913453743	-1.15023452316649	0.260072709819193	-4.42274210149215	9.74560470182127e-06	8.55244222894018e-05	5.01119120831481	down	73644
Abi3	35.2311417840534	1.14924022185926	0.440431056481362	2.60935328003577	0.00907135371746304	0.0343331312017001	2.04232789836934	up	66610
Mrgpre	44.0455081876778	1.14919332835809	0.416869435497509	2.75672244233159	0.00583838865786209	0.0238120457728924	2.23370699767508	up	244238
Gm26588	157.569143605954	-1.14869018252125	0.270242496722179	-4.25059047505082	2.13207688752254e-05	0.000173635716075999	4.6711971377202	down	102639841
Ufl1	154.842602012684	-1.14862649086262	0.285515443575295	-4.02299250954425	5.74633246720548e-05	0.000424922386688192	4.24060925051676	down	67490
Lrrc27	27.8241963288268	1.14792386883016	0.457393594850235	2.50970691709408	0.012083140158634	0.0435512856123494	1.9178201868783	up	76612
Sh3kbp1	106.301513183281	1.14752341422772	0.217626496204417	5.27290304370772	1.34282513087498e-07	1.67620905822439e-06	6.87198053955822	up	58194
Trmt61a	306.511701860234	1.14733671162242	0.291446116077833	3.93670269847073	8.26088458178553e-05	0.00058365088282289	4.0829734456071	up	328162
Map3k6	57.2399335558062	1.14733054723915	0.312776231240487	3.66821526907199	0.000244249499125796	0.00153407340999731	3.61216631820131	up	53608
Abr	324.383731606895	1.14667384815049	0.223036975460128	5.14118273790652	2.73014355420408e-07	3.21570356828732e-06	6.56381451663706	up	109934
Smc2	136.721278371383	1.14660674877518	0.326934655565327	3.50714348955299	0.000452944835600926	0.00265693730843582	3.3439546877288	up	14211
Tcf7	218.746671729132	1.14518294819239	0.218499261976926	5.24112959389914	1.59596575854983e-07	1.96584908483787e-06	6.79697643067476	up	21414
Ncoa7	75.0421757872994	1.14500702117108	0.306992363861169	3.72975733588242	0.000191664269672668	0.00123659308315508	3.71745884137495	up	211329
Gm20537	35.0935483402983	-1.14397821959422	0.451843541524462	-2.53180164030803	0.0113478166325588	0.0414050778610333	1.94508769051024	down	NA
Klkb1	5015.97410302073	-1.14356810714411	0.15656630986328	-7.30404969078414	2.79233177706966e-13	8.18438894790616e-12	12.5540329813246	down	16621
Gm37336	85.6182530495467	-1.14343105125931	0.281898892429415	-4.05617433046713	4.98830336474082e-05	0.00037321922647231	4.30204714267812	down	105244023
Sparc	3606.63948142163	1.14309306529549	0.123687477253564	9.24178494603875	2.42418946293202e-20	1.54886522448196e-18	19.6154334408216	up	20692
Igsf8	471.877574069058	1.14308778603299	0.162487909764128	7.03490978308678	1.99389971473997e-12	5.20818334311932e-11	11.7002966887677	up	140559
Ssbp4	272.461915858613	1.14251438479112	0.229597722077907	4.97615731746432	6.4858941396141e-07	7.17325353099786e-06	6.18803014400049	up	76900
Hopx	444.447022757921	-1.14211742635116	0.207224493415435	-5.51149821880121	3.5579203053695e-08	4.96042232841233e-07	7.44880378399967	down	74318
Lgmn	2206.35938771458	1.14170536154179	0.115846654856357	9.8553157443988	6.50120326892017e-23	4.97734364062759e-21	22.1870062549434	up	19141
Ppp1r18	259.487839340559	1.14127541838164	0.195874263672451	5.82657158211517	5.65776056380967e-09	9.02903352510218e-08	8.24735543581444	up	76448
Peg3	335.86685504229	-1.14057770405653	0.29612064902387	-3.85173309533232	0.000117284816733438	0.000796639737980622	3.93075820643251	down	18616
Fgg	80017.3354264785	-1.13958624485131	0.166722063560384	-6.83524556087668	8.18646768959864e-12	1.97297203667098e-10	11.0869034479133	down	99571
Gldc	7916.65380473929	-1.1389700156	0.128970880833624	-8.83121839781261	1.03541592177009e-18	5.64142871241727e-17	17.9848851610813	down	104174
Cry1	1000.97483750133	-1.1381636835555	0.160811991051613	-7.07760457483675	1.46667509419478e-12	3.92927345747929e-11	11.8336660827664	down	12952
Tro	40.7668847979527	-1.13791782902344	0.35020722012896	-3.2492700424749	0.00115701583884484	0.00603905828079988	2.9366606957796	down	56191
P3h1	812.888854326196	-1.13556845874713	0.174813090027243	-6.49590061345041	8.25381352369753e-11	1.7308646494441e-09	10.0833453472522	down	56401
Oas3	88.3090107656989	1.13491404538344	0.235132737569003	4.8266951557538	1.38817359224544e-06	1.44504804235499e-05	5.85755622160429	up	246727
Gm38416	162.811387726828	-1.13458543268462	0.32985385612308	-3.43966096385808	0.000582443317878223	0.00333076568324308	3.23474633284357	down	330850
Arhgap27	116.030889267171	1.13423657957216	0.303551516412978	3.73655382445543	0.000186559529139725	0.00120848663624354	3.72918256304178	up	544817
Prelp	325.441470768041	1.13417395543039	0.188802910507128	6.00718470061707	1.8877242867363e-09	3.25531638650585e-08	8.72406143667619	up	116847
Nat8f6	154.464437447071	1.13392041016263	0.32874480978455	3.44924201512343	0.000562162616362569	0.00322497738038507	3.250138038215	up	100504710
Slc16a10	3318.51345701036	-1.13316737286209	0.154662953944911	-7.32668906133595	2.35908305962489e-13	7.00702898077881e-12	12.6272567680157	down	72472
Pfkfb3	439.155961232735	1.13277348460467	0.252768301214212	4.48146970630103	7.4130756731768e-06	6.65341334547581e-05	5.13000156654825	up	170768
Tmtc4	60.9284684402483	-1.13222708667979	0.30388288604189	-3.72586657125439	0.000194645353041588	0.00125218788870869	3.71075596015792	down	70551
Sfxn3	87.6785865582992	1.13163926695909	0.33620553947723	3.36591499568594	0.000762902141411392	0.00421613809450813	3.11753116606957	up	94280
Exph5	356.347688306376	-1.13074629479288	0.30771674280522	-3.67463364029113	0.00023819094629439	0.00149867077154834	3.62307475019629	down	320051
Cxcl12	10343.2249089034	-1.13069262704324	0.0918235148646139	-12.3137589397482	7.638111113813e-35	1.34324880795591e-32	34.1170140281092	down	20315
Fam180a	48.2982413683206	1.13036656079777	0.360436659646226	3.13610319745846	0.00171208947010696	0.00842385960333513	2.76647354377192	up	208164
Ablim3	1259.89835951876	-1.12941840715567	0.187755079238444	-6.0153813773599	1.79463680175204e-09	3.10685564061596e-08	8.74602343062607	down	319713
Tmem51	486.865827051235	1.12915020189126	0.164146515604759	6.8789166661941	6.03094251248959e-12	1.47753932285297e-10	11.2196148112451	up	214359
Ezr	296.081673640607	1.12898864181161	0.245180539044176	4.60472371181217	4.13013820802139e-06	3.95895924721403e-05	5.38403541517732	up	22350
Atp8b2	138.797374458033	1.12878712946894	0.218925825420495	5.15602545885514	2.52246615151171e-07	2.99492271277747e-06	6.5981746527661	up	54667
Lum	363.012908579674	1.12875385734749	0.2418397557969	4.66736270729379	3.05090478936578e-06	2.99227889943208e-05	5.51557134532326	up	17022
Asap3	527.752858263029	-1.12657467335311	0.169754732004183	-6.63648465083934	3.21252372511931e-11	7.11481875381163e-10	10.4931536562987	down	230837
Phf21b	45.9629649991708	1.12623072670167	0.405975340032373	2.7741358049281	0.00553485677070352	0.0227833432123374	2.25689361317694	up	271305
Btk	57.8474301423009	1.12622856017402	0.388602365732114	2.89815157983469	0.0037536912351422	0.0163815881372471	2.42554145371491	up	12229
Spn	31.1948369540524	1.12573040514059	0.407493485999829	2.76257276206143	0.00573477778951861	0.0234648982025869	2.24148340542715	up	20737
Lilra5	141.296130441514	1.12565790465763	0.29234469092291	3.85044756962752	0.000117902168834087	0.000799915325756704	3.92847820589717	up	232801
Igsf23	28.6558192587978	1.12561190176215	0.423848031866	2.65569689401793	0.00791447160538009	0.0306772635068477	2.10157807467754	up	70080
Tulp2	41.9844433351599	1.12533946684477	0.430287835773857	2.61531787163095	0.00891444494554042	0.0338185329181309	2.0499056928244	up	56734
Pxdc1	3681.74061236389	-1.125229313537	0.141426743393775	-7.9562697021455	1.77303689401394e-15	6.81659768646659e-14	14.7512822273433	down	66895
Stk17b	196.637186627889	1.12456078710859	0.236757861475635	4.74983504285588	2.03582644168877e-06	2.06394687541529e-05	5.69125924923789	up	98267
Iffo1	309.79634655795	-1.12445052808311	0.136675703522717	-8.22714278471755	1.91731859712054e-16	8.40874393137162e-15	15.7173057152519	down	320678
Dpf3	392.49518150366	1.12382474201093	0.249483611381925	4.50460347189104	6.64969915444542e-06	6.05081743756453e-05	5.17719800259461	up	70127
Btbd11	57.8276041411892	1.12374370663231	0.446824205641898	2.51495709597461	0.0119046870053838	0.0430741598267726	1.92428201845495	up	NA
Snhg11	671.68772027732	1.12298040749154	0.204488416397955	5.49165780278773	3.98178324073171e-08	5.49593213090698e-07	7.39992238567385	up	319317
Por	12389.7287682502	1.12237679031393	0.200862244711986	5.58779372362036	2.29972577190917e-08	3.32176940774985e-07	7.63832394782896	up	18984
Ddr1	118.688672153582	1.12186909600556	0.232439670442894	4.8264958123023	1.38956314398284e-06	1.44504804235499e-05	5.85712171339886	up	12305
Mustn1	156.639898762199	1.12150328301783	0.18141668214044	6.18191926886657	6.33269110504903e-10	1.17046055575318e-08	9.19841169539988	up	66175
Hells	86.3265726070783	1.12099804766027	0.273967407979879	4.09172045655373	4.28184620845758e-05	0.000326132728793411	4.36836893536425	up	15201
Tfec	108.143139837684	1.12062539458427	0.336889909082589	3.32638456769433	0.000879804520751645	0.00477017335091292	3.05561381079238	up	21426
Cmpk2	228.195933720012	-1.12055208786006	0.24891396483767	-4.50176465025106	6.73915824083762e-06	6.1165523083167e-05	5.17139434592601	down	22169
Gm34777	46.4402173121415	1.12040384330254	0.42392753907897	2.64291356427738	0.00821960156002027	0.0316764076608983	2.08514923409967	up	102638142
Dagla	86.3249881172756	1.12019285573955	0.274348010277311	4.08310909420213	4.44371489104292e-05	0.000336872658534803	4.35225381319177	up	269060
Fign	251.849868274366	-1.11997401130686	0.264932894120412	-4.22738752401895	2.36420288794248e-05	0.000190444316079974	4.62631525649934	down	60344
Agpat5	677.892755183491	1.11996719033259	0.132968290997358	8.42281405538136	3.67547561382292e-17	1.72252764782909e-15	16.4346864543774	up	52123
Cystm1	421.888332555154	1.11986261554331	0.161018696671586	6.9548607627062	3.52910417656954e-12	8.91663561653317e-11	11.4523355213959	up	66060
Wsb1	1060.36689465572	-1.11921578286625	0.168876122213765	-6.62743653865719	3.41566400209238e-11	7.53652472113848e-10	10.466524857308	down	78889
Zfp30	102.799493999317	-1.11835088934267	0.28675953549425	-3.89996059735247	9.6208344341163e-05	0.000667037906794742	4.01678725910394	down	22693
Dixdc1	727.034430114353	-1.1180463039973	0.269614600449435	-4.14683144805056	3.37108040026392e-05	0.000263311917631872	4.47223088943258	down	330938
Mbp	49.597363610325	1.11802634379983	0.314420831443672	3.55582783324621	0.000376790774060957	0.00225035565866534	3.42389973969941	up	17196
Hdac9	97.070260153386	1.11762919139558	0.344225809034207	3.24679080435981	0.00116714143871525	0.00607584004526974	2.93287651127983	up	79221
Sik1	676.541650848789	-1.11608770432591	0.209625485354439	-5.32419854598691	1.01399106414724e-07	1.29478858960339e-06	6.99396587223015	down	17691
4430402I18Rik	52.6143212338738	-1.11578234063403	0.356961891048396	-3.12577439949396	0.00177337538778089	0.00870129658501772	2.75119932329043	down	NA
Rnf152	653.103092211367	-1.1149199812318	0.264257496813468	-4.21906660993915	2.45315795390133e-05	0.000197073684202602	4.61027448754607	down	320311
Slc36a1	1335.62911054746	-1.11441352318174	0.114246323238301	-9.75448042084676	1.7650215700691e-22	1.30084286836379e-20	21.7532499827947	down	215335
Hcls1	294.500705110149	1.11356342030446	0.184028895979024	6.05102483705266	1.43927253558241e-09	2.526759669043e-08	8.84185696180163	up	15163
Akr1c6	32530.310425929	-1.11351019524329	0.110079517271352	-10.1155076152671	4.71566122142256e-24	4.0269026257167e-22	23.3264574026761	down	83702
Atp11a	137.636515621048	-1.11206647147363	0.367415153111959	-3.02673001386732	0.00247214656011374	0.0115219803727998	2.60692578586401	down	50770
Flvcr2	118.949903794816	-1.11140168586544	0.329769501244645	-3.37023794399025	0.000751033021348057	0.00415571605145925	3.12434096755779	down	217721
Trim7	146.592252202623	-1.11061940926449	0.25608640813263	-4.33689322820009	1.44510778432439e-05	0.000122696006047657	4.84009975955685	down	94089
Prex1	395.746364410352	1.11024600103306	0.18493623377061	6.00339900081548	1.93228983384127e-09	3.31607072740952e-08	8.71392773102752	up	277360
Gstm2	5974.44157069923	1.10983906599229	0.130834068021362	8.48279872954102	2.19840758340845e-17	1.04784430281628e-15	16.6578917865188	up	14863
Cd79b	61.2745676658312	1.10892280775186	0.291124267285279	3.80910467578851	0.000139470907442098	0.000931659367426302	3.85551637342998	up	15985
Grap2	35.0136052473416	1.10879728577199	0.417988987841606	2.65269497050042	0.00798519959789848	0.0309206704290108	2.09771422377315	up	17444
E330011O21Rik	38.05423336141	-1.10856819987322	0.436060967477834	-2.54223212475346	0.0110146995743645	0.0404137768725185	1.95802734372202	down	100503619
Cyp3a25	35233.2014983444	-1.10775290485839	0.176951529895152	-6.26020529754534	3.84470988616485e-10	7.28812561345358e-09	9.4151364255872	down	56388
Ces2a	16500.0364552598	-1.10751118051321	0.186259329165323	-5.94607091884342	2.74655189282105e-09	4.60663406235009e-08	8.56121219108903	down	102022
Pgm2	214.264088486451	1.10571858268	0.180837254610146	6.11444021898994	9.68964841602341e-10	1.74551252703253e-08	9.01369198081828	up	66681
Gm14221	86.085699701549	1.10545018899605	0.289939017604886	3.81269895348305	0.000137457501197836	0.000920286519516004	3.86183155527532	up	105244348
Lipo3	90.857233624376	1.10540601819329	0.341242715533459	3.23935418362038	0.00119800705432197	0.00621829377523868	2.92154062464781	up	381236
Grid1	40.9647236922029	-1.10492190316955	0.381437662917574	-2.89672995245967	0.00377074183365613	0.0164438783327769	2.42357320083667	down	14803
Mup10	404.354751958042	-1.10346696538499	0.238028252305183	-4.63586551049498	3.55447026222957e-06	3.4447066309491e-05	5.44922511485919	down	100039008
Oasl1	381.265691460881	-1.10264451697184	0.199347893594695	-5.53125742684639	3.179433170554e-08	4.46780790944463e-07	7.49765029914857	down	231655
Pcsk5	544.371875123195	-1.10230360478398	0.193863345202554	-5.68598258547672	1.30062649196522e-08	1.96945675620513e-07	7.88584740425928	down	18552
Dok2	134.693067971736	1.10189272674469	0.22492551884405	4.89892268519639	9.63635503941978e-07	1.03295677857679e-05	6.01608720734323	up	13449
Arl4a	978.38751079604	-1.10166813258447	0.151881461014984	-7.25347336812741	4.06217282836905e-13	1.16940540968381e-11	12.3912416031345	down	11861
Akap17b	187.802427570896	-1.1010944667288	0.205618700152742	-5.35503077254577	8.55418575975926e-08	1.10581839494064e-06	7.06782132298703	down	338351
Erbb2	60.0960585563954	1.10015568680778	0.412487481895146	2.66712502826314	0.00765032055289982	0.0298255034373588	2.11632036727267	up	13866
Cxcl16	305.788669305933	1.10005765396785	0.244554054597078	4.49821883256152	6.85251446049229e-06	6.2035862307474e-05	5.16415003931924	up	66102
Helb	394.175527534334	-1.09984543987295	0.196947359319636	-5.58446400943086	2.3442205554833e-08	3.37971148591675e-07	7.63000153022937	down	117599
Ntn3	152.569808506577	-1.09922422305951	0.319475721794578	-3.44071285569021	0.00058018388978168	0.00331891344615208	3.23643433460963	down	18209
Tubb6	740.431444401429	1.09885297782622	0.113299868332477	9.69862537352338	3.0558784324737e-22	2.20644360640642e-20	21.5148639266526	up	67951
Krt23	81.9628843659636	1.09877948024864	0.382486905677701	2.87272443562948	0.00406948908270247	0.0175740980031513	2.39046011227142	up	94179
Ptgis	78.0611838746545	1.09803288514424	0.348969268046695	3.14650310409946	0.00165235507565612	0.00817069344482294	2.7818966211633	up	19223
Gls2	14359.822283101	-1.09798021669581	0.15493558383093	-7.08668847754143	1.37359103258881e-12	3.70223428237367e-11	11.8621425531048	down	216456
Gbp8	274.854634576475	1.09796068226506	0.291186836585112	3.77063982404344	0.000162829539126311	0.00107117713850428	3.7882668063519	up	76074
Emilin1	1085.13025452159	1.09791721544805	0.134300253570491	8.17509413615352	2.9563496460827e-16	1.27144509476322e-14	15.5292442034354	up	100952
Kcnk5	1265.69062135114	-1.09763963217758	0.213243718946785	-5.14734800911767	2.64194913934218e-07	3.12217568948741e-06	6.57807554732545	down	16529
Dapk1	4666.32302853451	-1.09721878393459	0.118363836482646	-9.26988188740784	1.86352168317213e-20	1.19927072958346e-18	19.7296655496087	down	69635
Cd300e	61.0380004754519	1.09704267493943	0.401678628781767	2.73114523983167	0.00631146503605431	0.0253859243592384	2.19986981932583	up	217306
Dpp7	1130.0144486636	1.09645278445108	0.155471424249962	7.05243931314498	1.758080984217e-12	4.63309116345138e-11	11.7549611234667	up	83768
Mpdz	439.921252425056	-1.09588344635592	0.187784531916155	-5.83585578201523	5.35151706635077e-09	8.57884892892801e-08	8.27152308524065	down	17475
Elmo1	196.461287515734	1.09555146121892	0.19976159981282	5.48429459037906	4.1512251428326e-08	5.70697066462791e-07	7.38182371190255	up	140580
Il3ra	105.647228406217	1.09537086534929	0.26415940593133	4.14662828865554	3.3740716325214e-05	0.000263429715766352	4.47184570145094	up	16188
Acly	13348.4400459099	-1.09490578265546	0.199415944988692	-5.49056286706436	4.00654845836206e-08	5.52517963644618e-07	7.39722960019064	down	104112
Cmtm3	427.275322074124	1.0931764946371	0.136868371957974	7.98706435240397	1.38189964322682e-15	5.4303764298661e-14	14.8595234952942	up	68119
Gpx7	85.2182174244335	1.09299204297665	0.30011204834074	3.641946563024	0.000270584248751587	0.00167752789749588	3.56769748814996	up	67305
Gm49602	40.356927914811	-1.09295394060994	0.392381105977253	-2.78543977770759	0.00534551685460443	0.0221360316482331	2.27201029676942	down	NA
Adam19	94.508239375634	1.09280927220521	0.278205200088747	3.928069180075	8.56305814349845e-05	0.000601812544134887	4.06737110709175	up	11492
Hsp90b1	6893.32912979183	-1.09274153238496	0.165053140665875	-6.6205437108104	3.57880068451165e-11	7.83805890977755e-10	10.4462624882619	down	22027
Txndc5	5755.77327999502	-1.09165208509379	0.140575033746675	-7.76561851701933	8.12477511974921e-15	2.85202086318153e-13	14.0901886507311	down	105245
Gm21974	158.625958177166	-1.09134623532873	0.200882980418442	-5.43274613436859	5.54933304610204e-08	7.43342787065342e-07	7.255759209995	down	NA
Tbc1d2	129.133943808556	1.09086037024479	0.240153210673987	4.5423518060962	5.56301017085392e-06	5.1706010808324e-05	5.25469014603766	up	381605
Ces1e	6473.50335526715	-1.090396544605	0.163386342597054	-6.67373127565598	2.49380077029882e-11	5.64266105503792e-10	10.6031382452504	down	13897
Plk4	64.3975982534283	1.09024231137057	0.387625595808894	2.81261692509097	0.00491401541947009	0.0206147241097373	2.30856348510049	up	20873
Sp110	146.172093257892	1.08983082116417	0.248920305359952	4.3782318987124	1.19646005489875e-05	0.000103162735413163	4.92210179619525	up	109032
A630001G21Rik	125.88441382832	1.08938619722078	0.306729685106388	3.55161645617355	0.00038287251910675	0.00228437409619553	3.41694580426762	up	319997
9230112E08Rik	76.7367163876677	-1.08780942745779	0.320884432365055	-3.39003490895515	0.000698837240077716	0.00390829567325579	3.15562396011537	down	320800
Rnf150	61.3620217899653	1.08747431390669	0.30897644236092	3.51960267778731	0.000432193710955653	0.0025503736524898	3.3643215570204	up	330812
Tceal8	1027.47787215439	1.08738535219148	0.156022760359663	6.96940209034149	3.18290795005237e-12	8.09954312447424e-11	11.4971759210279	up	66684
Pecr	7366.5559512114	-1.08706965426782	0.127443104169961	-8.52984287653634	1.46546620563736e-17	7.1509919627832e-16	16.8340241921518	down	111175
Mcc	2323.5823608888	-1.08684591829381	0.343549939977376	-3.16357475820075	0.00155844320820565	0.00778213895534124	2.80730901938156	down	328949
Arsa	1038.5081456007	-1.0867448430043	0.142486052080848	-7.6270261343733	2.40230905318368e-14	8.03574640351197e-13	13.6193711220545	down	11883
Tmem86a	264.372042522778	1.08643729593843	0.139013420060752	7.81534110493528	5.48143848796359e-15	1.98291874589021e-13	14.261105455128	up	67893
Kctd1	56.6499559747744	1.08598901694228	0.313807615318739	3.46068407498406	0.000538804727221216	0.00310218786544675	3.26856860263524	up	106931
Enpep	2444.63683143282	-1.08542723041859	0.123162018523838	-8.81300293246252	1.21837361501597e-18	6.557803681792e-17	17.9142195146105	down	13809
Hes1	798.857870137623	1.08539536330065	0.442806879485479	2.45117095868481	0.0142392306123305	0.0498653813360043	1.84651347627827	up	15205
Ctps	320.392172353592	1.08513240814643	0.227393895981867	4.77203842020881	1.82370703794449e-06	1.86330435373241e-05	5.73904492588857	up	NA
Entpd8	3278.8542353841	-1.08488879909013	0.0965405720552774	-11.237646266162	2.66390334940732e-29	3.28585078417866e-27	28.574481536101	down	72090
Gm45692	46.1603477345481	-1.08413313022078	0.37733696935006	-2.87311665243967	0.00406444009765797	0.0175565625035508	2.3909992727625	down	NA
Plac8	216.541211144054	1.08400028047193	0.21755825303845	4.98257485217237	6.27437068939813e-07	6.96098514585194e-06	6.20242982679154	up	231507
Ptpn22	69.3194525383253	1.08236676140904	0.30045779715399	3.60239198869687	0.0003153024258186	0.00192746240748853	3.50127268794039	up	19260
Alox12	63.3209257218113	1.08205868313747	0.346012855948821	3.12722103972206	0.00176467198146215	0.00866098472913258	2.75333600975497	up	11684
Csrp1	525.894742521017	1.08193136046148	0.206942063713906	5.22818484093804	1.7118232671633e-07	2.09735195916071e-06	6.76654107497297	up	13007
Rab11fip5	76.26067903531	1.08184145882745	0.322065333787697	3.35907452722182	0.000782039736467758	0.00430849559526685	3.10677117930558	up	52055
P2ry1	125.474904924157	-1.08111924162204	0.251485974292091	-4.29892460072689	1.71628842976952e-05	0.000143053566821052	4.76540972526867	down	18441
Gja1	144.052026920087	1.08109004551406	0.275522189278435	3.92378576965189	8.71682559130286e-05	0.000611244595944419	4.0596416434135	up	14609
Dock10	261.226786589832	1.08102741494174	0.265136831083121	4.07724347660636	4.55727645036999e-05	0.000344306015786779	4.34129462574526	up	210293
Nid2	481.738663478129	-1.08094000129629	0.126456925863637	-8.5478908641343	1.25358166770993e-17	6.13391668921868e-16	16.901847367585	down	18074
Mug4-ps	61.4030752707715	-1.07937374990395	0.278638809421746	-3.87373801999784	0.000107178627350233	0.00073473823967381	3.96989180931925	down	434083
Pgpep1l	35.1705831441172	-1.07921746986037	0.413090272103957	-2.61254631914639	0.00898705133452019	0.0340648753315723	2.04638277758885	down	78444
Gimap3	150.56002749357	1.07872971724995	0.209084544292873	5.15929917679105	2.4787594361106e-07	2.94499833472886e-06	6.60576561951666	up	83408
Fbxl21	162.575732605612	-1.07864107090526	0.2133853518005	-5.05489745103829	4.30622089675514e-07	4.91878428091092e-06	6.36590369588243	down	213311
5033403H07Rik	847.746331140177	-1.07857743725482	0.271108278742916	-3.9784009630986	6.93802992258676e-05	0.000499526905087093	4.15876383144895	down	75954
Enpp3	2237.04869234784	-1.07857114250316	0.193435393395217	-5.57587276853454	2.46291893331298e-08	3.53935000756513e-07	7.60854988267744	down	209558
1700066M21Rik	1050.57812666176	-1.07826262982493	0.129964410425145	-8.2965992481917	1.07134020761475e-16	4.7572861919133e-15	15.9700725956219	down	73467
Bdnf	35.2108507766939	-1.07794764719467	0.427797042046814	-2.51976414338253	0.0117433492751199	0.0425858247906656	1.93020802197624	down	12064
C9	10378.7179190389	-1.07736527134921	0.153682818127784	-7.01031699232248	2.37778776582601e-12	6.15659858551043e-11	11.6238269118048	down	12279
Wnt2	172.949277350261	1.07683862402969	0.195472162766436	5.50891036754102	3.61061684598632e-08	5.02994324850267e-07	7.4424185958996	up	22413
Cenpt	135.534343418062	1.07534333943822	0.182477101210332	5.89303168619897	3.791736629035e-09	6.25719717818816e-08	8.42116183603046	up	320394
H3c15	83.0016852547921	1.07512807836907	0.270856547012616	3.96936345171303	7.20648897541047e-05	0.000516552288866993	4.14227627342107	up	97114
Ces2h	43.0008260574858	1.07466038526319	0.391268822152501	2.74660367608929	0.00602158507777137	0.0243967596148209	2.22028917320761	up	436059
Reep5	1035.79478835608	1.07439849354351	0.154905490775772	6.93583221719827	4.0383666941519e-12	1.01312809634924e-10	11.3937942485384	up	13476
Phf19	175.310987216291	-1.07407540334307	0.293296505401748	-3.66208046656347	0.000250175246770561	0.00156713666891962	3.60175566315886	down	74016
Apobec3	213.449223147814	1.07388732024082	0.178293077933754	6.0231576721101	1.71046664560232e-09	2.97564236622805e-08	8.76688539021443	up	80287
Clip2	212.413096009625	1.07370953043202	0.209360560394575	5.12851861118652	2.92031032117876e-07	3.42154036443121e-06	6.53457099662873	up	269713
Prdm16	39.9687039378891	1.07248238986743	0.414105094265903	2.58987973033429	0.00960094684938048	0.0359544629851773	2.01768593454548	up	70673
Rab8b	199.203288429519	1.07215868107599	0.220529497888194	4.8617472553244	1.16354126118516e-06	1.22797503750272e-05	5.93421821127085	up	235442
Abhd6	2868.2864893525	1.07184503193153	0.124938895930286	8.57895392744309	9.57398115910357e-18	4.72369592633326e-16	17.0189074315131	up	66082
Zfp862-ps	215.57625760664	-1.07127608868416	0.249691914078485	-4.29039159172544	1.78358336699854e-05	0.00014796827540695	4.74870658636416	down	58894
Serpina1c	28019.2261355852	-1.07119478934629	0.215247033899273	-4.97658327708976	6.47164405140222e-07	7.16195275021846e-06	6.18898537748401	down	20702
Hacd4	83.7817567561452	1.07096462118874	0.255812547695036	4.18652107114573	2.83262647931214e-05	0.000224612105024742	4.5478106893936	up	66775
Art2a	48.6832334504534	1.07075440612964	0.33250254204248	3.22028938351047	0.0012806125399174	0.00657025994627754	2.8925822498254	up	11871
Mcam	310.457355610308	1.07020754441529	0.140066780178374	7.64069498172501	2.16052339851686e-14	7.26803344781371e-13	13.6654410259083	up	84004
Gm7298	261.5414516631	-1.06980478530013	0.247401492917669	-4.32416463087449	1.53110928728307e-05	0.000129687950218035	4.81499380919067	down	640530
Fam129a	207.140083646424	1.06975459311724	0.243986855719526	4.38447632747468	1.16265124516117e-05	0.000100638457195676	4.93455053894006	up	NA
Dbn1	147.949921302717	1.06961923339611	0.245671962497482	4.35385146323758	1.33766359724811e-05	0.000114633135393631	4.87365309152188	up	56320
Pdlim2	75.2938067074425	1.06938863450974	0.286785248751092	3.72888298532357	0.000192330430617112	0.0012404404896954	3.71595199603438	up	213019
Ntn4	421.810145114089	1.06927769979325	0.19684060732332	5.43220077571144	5.56632422312237e-08	7.4505690166616e-07	7.25443150080255	up	57764
Mid1ip1	1003.59521447733	-1.06775912509966	0.229961833992536	-4.64320146765886	3.43051538238875e-06	3.33148246156309e-05	5.46464062896209	down	68041
Cd84	219.026913175276	1.06757118170088	0.194075825879149	5.50079422238636	3.78084263554759e-08	5.24241427732992e-07	7.42241139826179	up	12523
Ifi206	40.4275167546778	1.06711666140318	0.410152291046602	2.60175716361397	0.0092747499491	0.0349169369639496	2.03269779030482	up	102639543
Dlg4	99.1757485936166	1.06661431602333	0.251442032966512	4.24198891267072	2.21547639394958e-05	0.000179604252438761	4.65453287304472	up	13385
Gngt2	174.829849015443	1.06553676541429	0.234858182453359	4.53693694758069	5.70771621144797e-06	5.2802320493614e-05	5.24353762821087	up	14710
Anks4b	1808.64267142702	-1.06438718724296	0.180437882844173	-5.89891197161837	3.65906375237655e-09	6.0457944529965e-08	8.43663002367433	down	72074
Zfp467	1082.03861436794	-1.06438139669986	0.12835924920037	-8.29220646997047	1.11166744594294e-16	4.91180029224837e-15	15.9540251120276	down	68910
Tmem237	125.905310802165	1.06409377346031	0.215649785702451	4.93436044925417	8.04138155738904e-07	8.74654128734502e-06	6.09466933045484	up	381259
Sftpd	92.3866864778192	-1.06383583112733	0.244862849276051	-4.34461917874685	1.39517483253501e-05	0.000118798843513866	4.8553713665498	down	20390
Pfkfb4	69.9771827510441	1.06348796703637	0.253019289632203	4.20318928482603	2.63180330688404e-05	0.000209811895587407	4.57974657171725	up	270198
Map3k21	343.015505759773	-1.06283356894633	0.186284012002821	-5.70544706182427	1.1603811870302e-08	1.77372552874617e-07	7.93539932092005	down	234878
Col14a1	2740.25448605777	1.06212512050708	0.113863512534265	9.3280551149997	1.0783133851634e-20	7.12007522203429e-19	19.9672550038357	up	12818
C1qtnf4	41.0847983908041	1.06197534554463	0.349761811054468	3.03628158358103	0.00239515568850839	0.0112220404482422	2.62066625157613	up	67445
Gm49539	117.253704008582	1.0612108472024	0.281129007484733	3.77481803353226	0.000160124504886988	0.00105416288206178	3.79554220010553	up	NA
Pgap1	739.900566813956	1.05961879233058	0.207957702547248	5.095357273866	3.48084179915963e-07	4.03305362274451e-06	6.45831571452476	up	241062
Samd4	285.213946084112	1.05920905548297	0.3040262762233	3.4839391799971	0.000494091752759465	0.0028670557701776	3.3061923951714	up	74480
Il15ra	1226.11927412679	-1.05918909362804	0.193640012763314	-5.46988754293608	4.50321219279609e-08	6.15751000526899e-07	7.34647758846029	down	16169
Gm5834	287.18522242925	-1.05905910455925	0.208823046276933	-5.07156237513538	3.94562896303833e-07	4.54784306563834e-06	6.40388375711763	down	545367
Anxa3	246.185881726062	1.0576609907663	0.213539099559749	4.95300857288836	7.30747540192892e-07	8.00711771061453e-06	6.13623263786919	up	11745
Adamts15	60.0541086581319	1.05753353022572	0.342597765833055	3.08680801713414	0.00202318217287028	0.00973341325962132	2.69396501040257	up	235130
AU020206	435.16567064126	1.05729126200112	0.181388220182203	5.82888602655164	5.57985946895751e-09	8.91272157262799e-08	8.25337673880881	up	108167440
Adra1a	263.419756997544	-1.05727717885724	0.202475427780345	-5.22175550113777	1.77234876996349e-07	2.16211942665464e-06	6.75145081181336	down	11549
Sema5b	99.8241923285821	1.0572452961368	0.339985262074624	3.10967978342761	0.00187290266446892	0.00912911556704086	2.72748479250329	up	20357
Srebf1	10255.2484695906	-1.05681713650917	0.164012146971825	-6.44352967765689	1.16726431944428e-10	2.39964685670941e-09	9.93283078964604	down	20787
Caln1	176.529978304919	-1.0563126733315	0.208521148786755	-5.06573400097531	4.06829678968777e-07	4.68012225248926e-06	6.39058737201723	down	140904
2510009E07Rik	388.144491005097	1.05461436181788	0.140776486140504	7.49140989898912	6.81376527869656e-14	2.16504649159586e-12	13.1666128311325	up	72190
Casp4	77.5498006211426	1.05398648727152	0.427746812309185	2.46404287990269	0.0137379675072301	0.0483901557469705	1.86207751514312	up	12363
Adgrg3	444.22110021117	1.05353121644715	0.156089542598554	6.74953106344042	1.48323753136437e-11	3.47104941134308e-10	10.828789293813	up	54672
Mtbp	122.055389665429	1.05259512752637	0.22231167750696	4.73477209713112	2.19301381905716e-06	2.20193959604824e-05	5.65895863165063	up	105837
Btg1	2430.66913818731	-1.05231340491139	0.210333722450693	-5.00306556956444	5.64257376961374e-07	6.31129693298988e-06	6.24852275435445	down	12226
Siglece	144.231128062267	1.05198707499836	0.244281819655192	4.30644849658994	1.65896532753083e-05	0.000138746039636952	4.78016269066002	up	83382
Spsb1	68.7863939717604	1.0514002128236	0.309102901652966	3.40145694912959	0.000670276849813851	0.00376754981214988	3.17374578011652	up	74646
Sod3	1950.83423595431	1.05122258059934	0.140044978481782	7.50632112622368	6.08121349243421e-14	1.94972047026384e-12	13.2160097495953	up	20657
Fstl1	343.153138478242	1.05102977663218	0.219900735706702	4.77956462153005	1.75675201905347e-06	1.80158368143347e-05	5.75528953865127	up	14314
C330013E15Rik	66.769099498021	-1.05096114054606	0.281642347016079	-3.73154517309167	0.000190308874730939	0.00122996448222655	3.72054095865567	down	78445
Cd19	55.4857250191172	1.05059000836881	0.299804165201244	3.50425421095667	0.000457888033596564	0.00268239025486219	3.33924070613574	up	12478
Fchsd1	50.6399537140473	1.04929715135683	0.381498057250257	2.75046525510484	0.00595107022849338	0.0241717149321974	2.22540492460209	up	319262
Bank1	33.3811517415255	1.04904194007888	0.39836027871074	2.63339995512106	0.00845347361070678	0.0324089355219887	2.07296479874533	up	242248
Fam20c	2255.67124317304	-1.0464692245109	0.13108302400288	-7.98325513521808	1.42523889039341e-15	5.58832078833725e-14	14.8461123355963	down	80752
Dnajc3	6576.72653891164	-1.04599351873706	0.124458713501011	-8.40434140216759	4.30269326980739e-17	1.99541613207099e-15	16.3662596127783	down	100037258
Shld2	867.403041373221	-1.04577613114587	0.17770671554931	-5.88484305679312	3.98431889750681e-09	6.54061665965952e-08	8.39964590873105	down	75698
Galnt6	56.2386549853611	1.04568040210101	0.41861953469352	2.49792547991478	0.0124922451369577	0.0447082929926744	1.90335950214089	up	207839
Tiam2	496.992425035135	-1.04500832955838	0.177332533253484	-5.89293070135428	3.79405548975828e-09	6.25719717818816e-08	8.42089632164989	down	24001
Ripk4	369.402830336992	1.04474303529699	0.197696468144842	5.28458118195395	1.25992668014958e-07	1.58266037431519e-06	6.89965472736891	up	72388
Thrb	1232.59115217243	-1.04387768055642	0.170844175530983	-6.11011570814197	9.9558931645487e-10	1.79165728863945e-08	9.00191977239851	down	21834
Dlec1	73.6514261530588	-1.04339528736686	0.264569187700968	-3.94375209159339	8.02165833174852e-05	0.000568785210732604	4.09573583996049	down	320256
Neb	601.756566415564	-1.04329781465131	0.293287117901339	-3.55725755061043	0.000374746702389441	0.00224116192856608	3.4262621800684	down	17996
Pus7l	95.1884106447518	1.04261734537954	0.311305649535344	3.34917579213789	0.000810523520967408	0.0044433699936491	3.09123437763455	up	78895
Gm15638	109.022989142351	-1.04229305081546	0.295166779703185	-3.53120040088377	0.000413678200890428	0.00245170243717577	3.38333736400281	down	100503378
Skap1	39.7349967275899	1.04191124815138	0.424103827707366	2.4567362520253	0.0140205579424618	0.0492063130160061	1.85323470345132	up	78473
Gm40787	41.1450423650039	-1.04185049836264	0.352427638562012	-2.95621110368539	0.003114438445569	0.0140047229544801	2.50662024819453	down	105245312
Hectd2os	1518.20546627179	1.04067335927365	0.212608196800624	4.89479415626462	9.84086784129333e-07	1.05424303134531e-05	6.00696660054574	up	668215
Plekho1	339.67767361362	1.04055458342675	0.15104824894203	6.88888875385834	5.6229888248142e-12	1.38331755548961e-10	11.2500327796111	up	67220
Ttc6	115.777790118224	-1.04039054150423	0.26046950235019	-3.99428928191936	6.48886003341658e-05	0.000472744593574837	4.18783159359751	down	70846
Jam2	578.121370190539	1.03951257735845	0.137619677062779	7.55351705181119	4.23659015592838e-14	1.38073971283669e-12	13.37298354724	up	67374
2810408I11Rik	42.0022797290401	-1.03925197498893	0.423422382288581	-2.45440963553181	0.0141116126841956	0.0494965372228836	1.85042335195609	down	69941
Hic1	209.284029541361	1.03841451122521	0.218209132601157	4.75880408325177	1.94743341769281e-06	1.97998353549282e-05	5.71053738183148	up	15248
Fbln5	306.358594552305	1.03826529358656	0.19253775919298	5.39252818739784	6.94731971096202e-08	9.14061427452647e-07	7.15818271472695	up	23876
Nt5c3b	103.719026324189	1.03698828934312	0.232137674599217	4.46712620488452	7.92773651153024e-06	7.07244881556003e-05	5.10085079261588	up	68106
Atg16l2	626.57610903084	-1.03696519051676	0.258507313037999	-4.01135727392106	6.03706697054853e-05	0.000443381898917369	4.21917400639295	down	73683
Acsl1	32327.7476158081	-1.03686633095472	0.104097540060965	-9.96052673624633	2.26857566506613e-23	1.81506490823894e-21	22.6442467308909	down	14081
Rbl1	135.173764527038	1.03663972802501	0.244019004696329	4.24819259186418	2.1550209764244e-05	0.000175182986651031	4.66654849817098	up	19650
Pde3b	2381.31218665804	-1.03624147410917	0.185418766601713	-5.58865476834425	2.28835374702902e-08	3.30991362009198e-07	7.64047683892292	down	18576
Them4	660.037753417542	-1.0360986111414	0.160109898227917	-6.47117150537757	9.72459791237863e-11	2.02257972037083e-09	10.0121283466136	down	75778
Dnajb11	3236.08010909268	-1.03529257318438	0.14561153375513	-7.10996269653612	1.16074323438445e-12	3.15729269971464e-11	11.9352638390235	down	67838
Mgll	8765.7424294746	1.03497950138568	0.167689549510574	6.17199762541206	6.74325136581543e-10	1.24246504937359e-08	9.17113065097858	up	23945
Cyp2u1	1220.75968278531	-1.03462106089612	0.182811232342778	-5.65950487635336	1.5181033608193e-08	2.27741147760747e-07	7.81869865827895	down	71519
Acot4	462.864989099028	1.03443604453228	0.204421186620563	5.06031718939364	4.18559596204659e-07	4.79816500419634e-06	6.37824269666684	up	171282
Agt	19733.352148331	-1.03430173419896	0.165088231767462	-6.26514514769195	3.72478291756827e-10	7.0910604696514e-09	9.42889903310346	down	11606
Chadl	50.5929954145121	1.03362610893106	0.357979080079513	2.8873924942806	0.00388449327058948	0.0168695279883155	2.41066562657739	up	214685
Slc37a1	91.5331297072574	1.03352553194725	0.264393757257627	3.90903908877157	9.26639710116601e-05	0.000645196963194475	4.03308909252593	up	224674
Eln	321.466003823638	1.03341450369038	0.256673944944368	4.02617610414006	5.66912377506619e-05	0.000419562402053023	4.24648406087084	up	13717
Gbp5	104.545458072392	1.0333395876725	0.31612485990894	3.26877040916728	0.00108015909538759	0.00568696759955149	2.96651227306836	up	229898
Caprin2	115.520766526848	1.03265382782478	0.260683658839668	3.96132934615555	7.45336427624453e-05	0.000532100708499419	4.12764765251229	up	232560
Klb	712.013641748633	-1.03194704510675	0.176424638352673	-5.84922295855236	4.93874720257722e-09	7.98925572059896e-08	8.30638320330505	down	83379
Cyp2c55	1119.8229092344	1.03138079311043	0.234774471442805	4.39307045085475	1.11760890134608e-05	9.72133658457842e-05	4.95171014788341	up	72082
Zcwpw2	49.3015963234864	-1.03118007664198	0.319256446963025	-3.22994284516801	0.00123814967077146	0.0063781944467061	2.90722685348938	down	100039681
Ormdl3	3449.22836464089	-1.03044713736956	0.132679928367263	-7.76641312706504	8.07399108973615e-15	2.83980652942363e-13	14.0929117342025	down	66612
Tbxas1	225.679381754432	1.03041787536393	0.18951014641719	5.43727021927131	5.41030549624946e-08	7.26912603815302e-07	7.26677821149426	up	21391
Dysf	421.413073817272	1.0295874820647	0.163486295468321	6.29769901578202	3.0209637114516e-10	5.86430135986921e-09	9.51985449154598	up	26903
Adrb2	38.098946822271	1.02956040918509	0.346607581949431	2.97039205950002	0.00297419905188874	0.0135040193148384	2.52662996915501	up	11555
Rhobtb1	2556.6285309839	-1.02922303729511	0.128439409456131	-8.01329624336718	1.11674209045387e-15	4.44743789476269e-14	14.9520471148216	down	69288
Gm12353	69.3842426387024	-1.02869362977452	0.405293306844221	-2.53814610901017	0.0111441447832238	0.040804432001571	1.95295325425219	down	108168933
Dusp4	112.806197837032	1.02836241090419	0.24855884762223	4.13729956001058	3.51417196946947e-05	0.000272949078591408	4.45417698969211	up	319520
Rtn1	70.206709187489	1.0282339979092	0.300379489651357	3.42311653536213	0.000619075305079574	0.00350974004750188	3.20825651965302	up	104001
Gm10644	43.1594162023843	-1.02822540429584	0.372880513387052	-2.75751981500986	0.0058241683292394	0.0237649616043993	2.23476608159966	down	100126034
Trdmt1	94.942586914728	1.0281908359049	0.263455249510423	3.90271531053407	9.51195588616279e-05	0.000660482253518466	4.02173017252314	up	13434
Pold4	153.570499574423	1.02751808911011	0.229837562369199	4.47062733575098	7.79904925131648e-06	6.96464116650997e-05	5.10795833706255	up	69745
Mmp23	60.9698543824174	1.02734665483714	0.297359591122729	3.45489664872831	0.000550503802479451	0.00316544141781807	3.25923967689179	up	26561
Tshz2	777.365309933177	-1.02724340540948	0.119391710520607	-8.6039759454839	7.70011256019485e-18	3.80973257086855e-16	17.1135029262672	down	228911
Fam20a	1562.94138881597	-1.02702303754644	0.168459765021907	-6.0965479645118	1.08383439665974e-09	1.94258996503231e-08	8.96503707029865	down	208659
Apoc1	77988.9670258614	-1.02620105673598	0.145030163193578	-7.07577674973905	1.48613951100065e-12	3.96944511193887e-11	11.8279404193683	down	11812
Rab31	213.295523410752	1.02605710836635	0.188993726726922	5.42905378996471	5.66536086430767e-08	7.56602553923555e-07	7.24677242183128	up	106572
Tnfaip8l2	71.9582628769202	1.0258710091088	0.363760417119639	2.82018317779584	0.00479962426412891	0.0202160128478676	2.31879275979161	up	69769
Ppp1r9b	634.165924371292	1.02582758256252	0.140618305349614	7.29512121492316	2.98390312756014e-13	8.71711963021763e-12	12.5252152803445	up	217124
Fgb	105450.207014247	-1.0246043216041	0.136530437054045	-7.50458537826632	6.16233361528902e-14	1.96862175674035e-12	13.2102547936275	down	110135
Stxbp1	190.694478904283	1.02438085892171	0.192696283249178	5.31603849150049	1.06050725157164e-07	1.34740556526577e-06	6.97448635750406	up	20910
Acvrl1	250.086047926413	1.0243741413027	0.199198784808012	5.14247183932368	2.71147094826954e-07	3.19582926232008e-06	6.56679504439977	up	11482
Slco1b2	19856.2313180353	-1.02415001785665	0.1833425586475	-5.58599173815233	2.32370282809153e-08	3.3528521228726e-07	7.63381941344704	down	28253
Pls3	2414.66380493293	-1.02410558186708	0.118592527016456	-8.63549843848908	5.84715212192976e-18	2.93381683586769e-16	17.2330556072307	down	102866
Ssbp2	111.714471266024	1.02408132892538	0.23303949964978	4.39445386067343	1.11051586174045e-05	9.66910918442838e-05	4.95447523394833	up	66970
Bicc1	90.3712435934095	1.02382654687385	0.413188918109721	2.47786545572835	0.0132170974989016	0.0468400011523325	1.87886390631855	up	83675
Fdps	159.838379841585	-1.02299638094133	0.359543481892233	-2.84526471056415	0.00443745293285303	0.0189375394025314	2.35286624038431	down	110196
Hook2	1628.33767621035	1.02297314646395	0.0992087574898295	10.3113190039581	6.26356927352634e-25	5.79445403314453e-23	24.2031781150246	up	170833
Ncapd2	273.438997778596	1.02293397400216	0.185697244086755	5.50861149842516	3.61675127161131e-08	5.03454044563951e-07	7.44168135717175	up	68298
Zfp354b	94.0633190811808	-1.02199832709762	0.255502761369447	-3.99995022214202	6.33558085567026e-05	0.000462716230092167	4.19821356217784	down	27274
Ltb	59.3938940258993	1.02120067655496	0.36562384761283	2.79303629460279	0.00522158328960139	0.021689841531782	2.28219779016299	up	16994
Fabp7	78.8316791393373	1.02111314057403	0.360051233706784	2.83602177962705	0.00456793308229063	0.0194150819353066	2.3402802668911	up	12140
Klhdc8a	194.750527475295	1.02051766198009	0.18906669932493	5.39765948008763	6.75158521991981e-08	8.91610830306436e-07	7.17059424621552	up	213417
Mup22	11453.6984473527	-1.02046039209041	0.198991893073664	-5.12815058105232	2.92602367447437e-07	3.42597445655991e-06	6.53372216431734	down	100861909
Lfng	146.562622951254	1.020456074946	0.262517153233571	3.88719770261284	0.000101408158277347	0.000699228147252421	3.99392710464461	up	16848
Lama2	114.703727318165	1.02035332227377	0.284040208559026	3.59228479464283	0.000327791328346566	0.00199658591911737	3.48440253978642	up	16773
Bcl6b	109.380313494113	1.0200614646825	0.280649753025014	3.63464230304018	0.000278366577949499	0.00172097012096728	3.55538290944741	up	12029
Ethe1	3905.73339001095	-1.01962009633837	0.190233505203389	-5.35983445843696	8.32982452043114e-08	1.07995870899196e-06	7.07936414752613	down	66071
Ifitm3	8625.70214348387	-1.0195009995913	0.185802686488461	-5.48700892790706	4.08796480045501e-08	5.62871556478155e-07	7.38849285236306	down	66141
Rfx4	190.323589512969	-1.01815274792385	0.269137866578704	-3.78301560039347	0.000154939699320145	0.00102420503882561	3.80983729117121	down	71137
Slc18a2	140.301027738687	1.01805751730945	0.288300890088459	3.53123265417973	0.000413627758137743	0.00245170243717577	3.38339032387559	up	214084
Spag4	42.1233114332399	-1.01781120866855	0.39454972938017	-2.57967787803965	0.0098892513255309	0.0368786231459332	2.00483658580404	down	245865
Sox17	289.531022589379	1.01757792158981	0.184852185948725	5.50481952034943	3.69546652173426e-08	5.13204662697763e-07	7.43233072776291	up	20671
Hmcn2	275.28261139159	-1.01711433715367	0.183752114819617	-5.53525241411308	3.10780456803212e-08	4.38101783630051e-07	7.50754629929642	down	665700
Tlr4	129.105772767062	1.01685007490399	0.260265640588361	3.9069700964187	9.34607150779275e-05	0.000649980117938195	4.02937090046546	up	21898
Urad	1846.73000462897	1.01619190637298	0.14411314264387	7.05134790436273	1.77192841579407e-12	4.65805478816077e-11	11.7515538271745	up	231903
She	231.194236692542	1.01565506171411	0.180086733056825	5.63981057612735	1.70237335888622e-08	2.52611157899223e-07	7.76894518577793	up	214547
Gm20632	55.2364499627187	1.01554439197268	0.291916341956421	3.47888845539279	0.000503498115805674	0.00291592224745366	3.2980021503273	up	NA
Gm15962	103.787141929026	-1.01534530649744	0.315237749132829	-3.22088743905354	0.0012779432898466	0.00655845961116882	2.89348841805019	down	NA
Apon	10402.3267589908	-1.0150111151812	0.153910281923942	-6.59482331195252	4.25762611356825e-11	9.2904121657493e-10	10.3708324790986	down	28194
Siglec1	381.42456831053	1.01486221942644	0.246242961075578	4.12138570375197	3.76600300990331e-05	0.000290454821805916	4.42411933721795	up	20612
Uroc1	16304.5962724048	-1.01336264893388	0.114006898643873	-8.88860815431316	6.18791351678644e-19	3.43467874641128e-17	18.2084557646955	down	243537
Gnai1	47.2154333850566	1.01322305359738	0.37165127507269	2.7262735837492	0.00640538816877892	0.0256880796238092	2.19345454672325	up	14677
Pepd	2978.74850475654	1.01316221948212	0.12771251462714	7.93314752622386	2.13660370223352e-15	8.126414338131e-14	14.6702760234109	up	18624
Spaca6	168.172412573306	-1.01283748306609	0.245333246874043	-4.12841510871982	3.6527224623107e-05	0.00028270002778023	4.43738332468542	down	75202
Rnase4	17562.7791465914	-1.01256532602896	0.151250995569568	-6.69460271792545	2.16258338230581e-11	4.93725013322825e-10	10.6650271385327	down	58809
Lag3	70.8069909334365	-1.0111621973169	0.280837304753792	-3.60052664016052	0.000317573286656794	0.00193906384241938	3.49815603629996	down	16768
Rcn1	314.737049444554	1.0106088966727	0.169529952903628	5.96124094511605	2.50329530590254e-09	4.2386588392222e-08	8.60148791501062	up	19672
Slc16a13	53.2908819296814	-1.0099390490503	0.395293270574578	-2.55491080731605	0.0106215010961395	0.039214114003249	1.9738141017384	down	69309
Gm16277	71.3996305531357	-1.00979867823993	0.279613410848668	-3.61141003636071	0.000304536727159246	0.00186910205521857	3.51636032391535	down	105246607
Lbh	547.052528372191	1.00917754223232	0.165635244791467	6.0927705543761	1.10973066437668e-09	1.98499859623953e-08	8.95478241325702	up	77889
Pcdh7	45.6193401662149	1.00878885625905	0.393365532615048	2.56450749396556	0.0103322348121373	0.0382974029075923	1.98580573253582	up	54216
Arap2	632.657267099707	1.00857937333296	0.208411390572542	4.83936780308516	1.30252797214406e-06	1.36251483163856e-05	5.88521294133564	up	212285
Rab11fip4	687.547592264299	1.00853246102072	0.222091405813518	4.54106928328216	5.59696334353586e-06	5.19400537658746e-05	5.25204753742992	up	268451
E430024P14Rik	41.3784620919622	-1.00792393695412	0.393638311457648	-2.56053312804274	0.0104511698729714	0.0386575758608326	1.98083509319512	down	NA
AI413582	88.1112281059828	1.00784223142388	0.376242020706137	2.67870725745185	0.0073906977358626	0.0290107344053904	2.13131455909763	up	NA
Me2	140.464631191111	1.00776468654412	0.191966847884443	5.24968085713818	1.5236294561709e-07	1.88590288505279e-06	6.81712063975957	up	107029
Ephx2	25181.6312657217	-1.00770570595016	0.131460141423076	-7.66548472443123	1.78157070115368e-14	6.09715969053791e-13	13.7491969381114	down	13850
4930503L19Rik	212.314839356489	1.00745316950648	0.22161141255113	4.54603469157545	5.46660298783107e-06	5.09432330901655e-05	5.26228246561001	up	269033
Pip4k2a	300.935334281947	1.00733807996221	0.202667634686702	4.97039441704358	6.68168393429108e-07	7.36685723407065e-06	6.17511407177478	up	18718
Gadd45a	81.1691937256919	1.00717987395719	0.326153402946937	3.08805569666569	0.00201470707504836	0.00970199787906504	2.69578808844983	up	13197
Robo1	542.117108590193	1.0064277588732	0.19928733207934	5.05013413733955	4.41499933559893e-07	5.02687296146848e-06	6.35506935744219	up	19876
Ifi209	83.5914272018968	1.00522927370099	0.333033938688533	3.01839889850121	0.00254114175437536	0.0117940318372655	2.59497110770608	up	236312
Hsd17b10	3800.15377487431	-1.00353918335822	0.165341359009633	-6.06949881971	1.2831003494647e-09	2.27222616223249e-08	8.89173937673924	down	15108
Ppil6	56.259825534702	1.00340284702721	0.405510428875208	2.47441933814234	0.0133452952677223	0.0472095468124444	1.87467181290503	up	73075
Snrnp25	140.60396940215	1.00203044283868	0.228599349076942	4.38334775179701	1.16869332966538e-05	0.000101062954827247	4.9322994346951	up	78372
D930048N14Rik	423.630102445244	-1.00160883476824	0.183806270147626	-5.44926369467042	5.05787755650199e-08	6.83178868126147e-07	7.29603168847109	down	97775
Dnajb9	2861.10632631023	-1.00160268071826	0.200385259135175	-4.99838503610989	5.78124578237794e-07	6.4501562554395e-06	6.23797856674987	down	27362
Azgp1	33058.7539964691	-1.00159335492018	0.136450107085425	-7.34036327500373	2.13014880877304e-13	6.38430613365364e-12	12.6715900563868	down	12007
St6gal1	2429.93736916605	-1.00155230142794	0.187740073547418	-5.33478166117253	9.56595924660727e-08	1.22945418334471e-06	7.01927147366385	down	20440
Cdk14	79.6336235687794	1.00105668015144	0.259303048592584	3.86056656713009	0.000113124416085105	0.000771626681453012	3.94644364948107	up	18647
Gramd1c	3301.80919295912	1.00083748648242	0.195373763599183	5.12268110131551	3.01221551566504e-07	3.51530696381357e-06	6.52111395879415	up	207798
Axin2	705.304990625141	1.00066548827564	0.20007155601221	5.00153799081053	5.68747562210851e-07	6.35751680301393e-06	6.24508045182168	up	12006
Uaca	492.83277745741	1.0004248140666	0.180011671287087	5.5575552791302	2.73579354602264e-08	3.89074309074004e-07	7.5629166793226	up	72565
Gm9725	109.916515252282	1.00009684821167	0.29657095830528	3.37220088550345	0.000745700364740192	0.00413350630202087	3.1274356444853	up	105243233
