geneID	baseMean	log2FoldChange	lfcSE	stat	pvalue	padj	-log10(P.Value)	trend	ENTREZID
Muc3	198.080125873875	10.6671305350643	1.29851428208212	8.21487347675525	2.12388073018754e-16	2.33453108260886e-14	15.6728698753852	up	NA
Psg22	107.462354646972	9.78572656962619	1.30850780714422	7.47853892517714	7.51534423025221e-14	5.06228563164231e-12	13.1240511223458	up	243862
Tac1	98.327384011949	9.65549925107356	1.33493090601633	7.23295805614937	4.72585394421458e-13	2.78733170924383e-11	12.3255197046676	up	21333
Gml	72.4613500421472	9.21832304127549	1.23435724821588	7.46811594017821	8.13511533775578e-14	5.44940052901968e-12	13.0896362853582	up	625599
Krt5	58.9337701577571	8.92047041099077	1.24815629905748	7.146917751989	8.87480148324454e-13	4.91099426699815e-11	12.0518413527175	up	110308
Npy	51.6568474152469	8.73049515426385	1.27950607917493	6.82333229701696	8.89525705080108e-12	4.08169081598618e-10	11.0508414973685	up	109648
1700017M07Rik	93.1117397431423	8.6144853324075	1.24565117713607	6.91564820916673	4.65728835878264e-12	2.21697927346618e-10	11.3318668716333	up	76398
AC140982.1	37.0123965458635	8.24492420403292	1.45434813316044	5.66915445899179	1.43503952973197e-08	3.34639594098153e-07	7.84313613564914	up	NA
Mmp10	34.825241508724	8.15879656115965	1.21650524514073	6.70675000683275	1.99006760298166e-11	8.51748934076152e-10	10.7011321702721	up	17384
4930430F21Rik	18.1062822730559	-8.09960576676415	0.996196731847945	-8.13052834628295	4.27423337562576e-16	4.47443772681308e-14	15.3691417687935	down	73784
Sprr1a	972.192085541048	8.09190123248132	1.01400702776835	7.98012342211296	1.46187040664833e-15	1.40840438938525e-13	14.8350911254439	up	20753
5730419F03Rik	31.2277426574648	8.00567871121499	1.35782178777644	5.89597160929715	3.72483018919291e-09	9.85490630580558e-08	8.42889352145998	up	70537
Wincr1	110.68368459285	8.00241639227942	1.12627175322978	7.10522693065071	1.20124993802805e-12	6.46962717180273e-11	11.9203666217285	up	100040617
Gm13026	296.040385492641	7.80419073898789	0.762402738377644	10.2363099529192	1.36337465362602e-24	4.84840086382123e-22	23.8653847841917	up	NA
Skor2	24.7892956333754	7.66928922692322	1.4286042836062	5.36837899405129	7.9447467318394e-08	1.52476083705826e-06	7.09991994297741	up	664805
Mup-ps7	13.4678914691509	-7.66580205747535	1.09808308589656	-6.98107652866391	2.92926683189682e-12	1.44562307201896e-10	11.5332410658936	down	620982
1700026F02Rik	1371.31618875613	7.57708640414301	0.721180702302229	10.5065018794245	8.06290067241774e-26	3.19634531246567e-23	25.0935086902796	up	69419
Slc1a2	12105.8325799342	-7.53393247446867	0.429966538405423	-17.5221367281488	9.71087421128791e-69	3.91380600295607e-65	68.0127416714258	down	20511
Gm14385	21.5196492523542	7.46149900848154	1.39395064515473	5.3527713010623	8.66172954283501e-08	1.63277771017341e-06	7.06239538097192	up	NA
Gm6093	20.0882953375017	7.36937599703756	1.48741746166564	4.95447726476544	7.25249954707715e-07	1.07727238358366e-05	6.13951228964724	up	619715
Sstr5	19.1614895294303	7.30225272030465	1.27367788356907	5.73320210275025	9.85520843092527e-09	2.37132985349885e-07	8.00633418625582	up	20609
Gm48911	17.8751314006404	7.19604889187359	1.49293577200375	4.82006595783781	1.43510765963197e-06	1.97404854523437e-05	5.84311551758486	up	NA
Cyp11b1	15.9363807685552	7.02646381873738	1.2344257881691	5.6920909187737	1.25492995477579e-08	2.95776960686044e-07	7.9013805141059	up	110115
Gm807	30.4270723543193	6.99995545050441	1.26519798037791	5.5326957196166	3.15346253823253e-08	6.76037509747687e-07	7.50121232387013	up	328320
Gm48912	15.5415420407668	6.99613584229411	1.43950729521783	4.8600905778914	1.17332057663169e-06	1.65152725169427e-05	5.93058331299884	up	NA
Gml2	80.816782409118	6.9490276663829	0.926461266901193	7.50061326322454	6.35199432193724e-14	4.32687117445314e-12	13.1970898987977	up	15202
Crct1	14.3715419039752	6.88516555290168	1.45148986618163	4.7435161025369	2.10040239185468e-06	2.74550976431513e-05	5.67769749582742	up	74175
Ivl	13.7637356039278	6.82517345164128	1.51060375878012	4.51817586972835	6.23746665151294e-06	7.04784731326869e-05	5.20499176330885	up	16447
Gm11384	26.3903887746882	6.79350175620414	1.38717410289893	4.89736777957935	9.71289462786932e-07	1.39062888035012e-05	6.01265132276252	up	NA
Gm11938	11.845929646079	6.59619433400574	1.40497060611088	4.69489845930996	2.66739189295172e-06	3.37005594333116e-05	5.57391317312034	up	NA
Lrrc36	21.6669585295976	6.49800022665582	1.38108334690969	4.70500222973198	2.53863179691378e-06	3.2307785682837e-05	5.59540028461843	up	270091
Gm47507	72.7961898287721	6.4061733760709	0.946623931711718	6.76739004948569	1.31126228178778e-11	5.78630374054598e-10	10.8823104310099	up	NA
Mup-ps15	8.38178109532206	-6.39252853943855	1.27278530669316	-5.02247198001291	5.10106409662402e-07	7.90223779529545e-06	6.29233921937506	down	102631971
Serpinb9c	9.20421193507249	6.24623989681961	1.56032323545662	4.00317046806759	6.24992344598575e-05	0.000512150622740859	4.20412530220626	up	20707
Serpinb9e	9.21757894328082	6.24594138838367	1.53757366639955	4.0622062700966	4.86110939388387e-05	0.000414058990358929	4.3132646054991	up	20710
Hcrtr2	487.467365413011	-6.23664168644317	0.546281810554899	-11.4165281837009	3.45772505811337e-30	1.94452807803018e-27	29.4612095427253	down	387285
Dspp	9.14612214802829	6.22423445807796	1.55534131981455	4.00184472615958	6.2850540940293e-05	0.000514332243999379	4.20169098008823	up	666279
Gm1968	9.00924967746428	6.21638413415685	1.32846917430331	4.67935896022346	2.8777323653233e-06	3.60193188707288e-05	5.54094959874827	up	328657
Mup-ps23	4.75839880549741	-6.16531474499286	1.31385778505148	-4.69252822880773	2.69849285830326e-06	3.40153288864314e-05	5.56887872697938	down	435785
Mup-ps12	7.18162586508051	-6.15536501813783	1.36606691090177	-4.50590301910948	6.60912695576568e-06	7.41977288970871e-05	5.17985590561801	down	100039019
Rbm3-ps	8.55295263305494	6.13447159729056	1.27567411693452	4.80880776356257	1.51833129874984e-06	2.06968925966002e-05	5.81863345537045	up	100043257
Gm7920	7.06084383486484	-6.12951816997181	1.22804338698906	-4.99128795848187	5.99780019365216e-07	9.13342596239903e-06	6.22200800610561	down	666079
Mepe	29.4080474887486	6.09944416093286	1.21989685099162	4.99996713326604	5.73400879018262e-07	8.77038586743809e-06	6.24154164561959	up	94111
Gm30034	8.21663597085701	6.08484369766517	1.43843843424636	4.23017318836673	2.33511463800484e-05	0.000219377397732063	4.63169179371423	up	102631786
Gm45752	29.2182853628612	6.02144706449751	1.18299500084264	5.09000212190963	3.58059507750399e-07	5.79557899358779e-06	6.44604478972499	up	102636793
Gm3776	278.113315780591	5.96052143375837	0.488740118063234	12.1956868557845	3.27728903876566e-34	2.47660636048223e-31	33.4844852545574	up	NA
Gm14445	7.53518395629863	5.95017795279146	1.33079719321133	4.47113803902243	7.78044561858218e-06	8.52113840346713e-05	5.10899552844103	up	102632857
Gm42654	7.55583111229909	5.9448902989909	1.42974347378932	4.15801184476462	3.21029382040129e-05	0.000289757034033597	4.49345521720905	up	NA
Gm14902	7.50320388108421	5.94479964347372	1.371180652614	4.33553349235246	1.45407031637561e-05	0.000145730071988644	4.83741459122422	up	102633371
Dsc1	7.48346790262263	5.94457959194721	1.42462004336889	4.17274740701365	3.00948524497765e-05	0.000274210143911264	4.52150778161	up	13505
Gm50043	7.46901054172402	5.94144157369371	1.41746337566574	4.19160147323256	2.76992248522544e-05	0.000254813772283073	4.55753238426042	up	NA
Prss22	27.5053662852578	5.93231807146999	1.18520600985591	5.00530542550253	5.57735256582158e-07	8.56327236486968e-06	6.25357190122277	up	70835
Krt14	7.40755582123475	5.93190380417244	1.8296737853362	3.24205541540425	0.00118670944768002	0.00624897774954456	2.92565560009808	up	16664
Gm5152	7.22052914079442	5.87736596363395	1.35403428414136	4.34063304930346	1.42072811672531e-05	0.000142971482807539	4.84748902460833	up	NA
Cyp2c71-ps	3.87652101253732	-5.87713827857416	1.29316805920036	-4.54475985295239	5.4997921026673e-06	6.34220184199813e-05	5.25965372693682	down	100125394
Saa3	8622.80407587058	-5.86396062261848	0.308200074241049	-19.0264737510484	1.02951669570809e-80	8.29859091187102e-77	79.9873666060201	down	20210
Lce3d	6.9705484019681	5.8350553021829	1.72611066518979	3.38046419610142	0.000723635023519189	0.00412905666322346	3.14048042170025	up	630994
Gm13775	412.97473802055	-5.82814129784814	0.770089387013527	-7.56813611008221	3.78617181809078e-14	2.6849620793276e-12	13.4217996814563	down	102632173
Sstr3	24.725324227633	5.82104746001997	1.08063354143298	5.3866988547301	7.17635238592444e-08	1.39500444852432e-06	7.14409624394598	up	20607
Trim67	6.81728228634735	5.81762083264969	1.38227869773209	4.20871770808209	2.56824004826004e-05	0.00023870436103618	4.59036438606951	up	330863
Cdh17	290.423009442569	5.76692459573359	0.62402622832889	9.24147789617291	2.43115719691523e-20	4.98222401150883e-18	19.6141869590729	up	12557
Gm29323	6.44838001155314	5.72823212945382	1.59692852390463	3.58703100590112	0.000334464566062482	0.00216895203446579	3.47564988560518	up	NA
Gdnf	23.4100387750617	5.72617303194844	1.18403229319573	4.83616288580556	1.32369465347455e-06	1.8404172069051e-05	5.87821218529285	up	14573
Irx5	6.28791718745522	5.69933814163739	1.40074371826204	4.06879436069062	4.72570316666568e-05	0.000404377048748441	4.32553356097867	up	54352
Lce3c	6.2542504891494	5.6802714551026	1.44556446764685	3.92944872555507	8.51408285350906e-05	0.000668466076505052	4.06986212786728	up	94060
Gm37199	22.8042635980525	5.65735532977098	1.22568660872714	4.61566218435402	3.91843891610064e-06	4.71186921278695e-05	5.40688691898849	up	NA
Olfr45	51.3299483754698	-5.64248676941574	0.631974997133993	-8.92833861308504	4.32454213086915e-19	7.11401889854952e-17	18.3640598675202	down	NA
1700057H21Rik	6.0801215741856	5.63355975007588	1.46027119282299	3.85788597197833	0.000114371980556385	0.000861333925199162	3.94168035823706	up	73375
Ibsp	6.01618502390231	5.62844463530812	1.40052300589122	4.01881626480421	5.84912590790638e-05	0.000483402469941873	4.2329090299411	up	15891
Chil3	2362.83897500118	5.6083478383686	0.419288097307592	13.3758813435963	8.36561768029132e-41	1.01148683372402e-37	40.0775019871297	up	12655
S100a4	32.2332083744529	5.59687530315979	0.946535493462638	5.91301154770771	3.35908618857699e-09	8.97562676377556e-08	8.47377885273971	up	20198
Pitx3	1088.84766565982	-5.59331899948359	0.721592509633706	-7.75135401879777	9.09178244237632e-15	7.50366836251004e-13	14.0413509650727	down	18742
Serpinb9d	5.84666665313481	5.5895198107968	1.82221732189364	3.06742765730501	0.00215909715179792	0.0102094812915091	2.66572781549788	up	20726
Gm14266	5.66125573802351	5.5301483500685	1.41701737817376	3.902667980823	9.51381670389747e-05	0.000735966460440335	4.02164522008584	up	NA
2210011K15Rik	5.57047208977194	5.51563463404844	1.72781764468635	3.19225506870529	0.00141166612500221	0.00722474290683669	2.85026800669421	up	72365
Olfr764-ps1	5.52884820474309	5.50178137838618	1.38692878646847	3.96688094735949	7.28193434964122e-05	0.000581544704237199	4.13775324077108	up	NA
2310034O05Rik	39.4366127737085	5.48886854798858	0.975296180599974	5.62789915224726	1.82417681457346e-08	4.18522236527661e-07	7.73893306849011	up	69571
n-R5s175	2.9668217857965	-5.48227219305855	1.77366495216455	-3.09092886250476	0.0019953143093513	0.00956785457638969	2.69998868290199	down	NA
Gm36551	10.6556849285775	5.47762424692898	1.38687098186833	3.94962784465341	7.82727960405655e-05	0.000620181112009487	4.10638915214792	up	102640510
Muc5ac	19.0567084236959	5.45917012722357	1.18674572556256	4.60011779240723	4.22252102138428e-06	5.04740500934823e-05	5.3744281796614	up	17833
A530046M15Rik	29.5863801139998	5.4538150307504	0.924682829362036	5.89803861126429	3.67847908596072e-09	9.75361636586647e-08	8.43433170880122	up	328190
Mup-ps2	2.88619459438131	-5.44872276065748	1.55080097887676	-3.51348937411942	0.000442262102581734	0.00273384002163382	3.35432027370926	down	620882
Gm28231	5.3039206299985	5.44744855741604	1.77501939041159	3.06895157700384	0.00214811406262554	0.0101694781249826	2.66794266177431	up	102640900
Scube2	5.18908967793774	5.4083236095301	1.36150660978655	3.97230800838933	7.11796003390367e-05	0.00057090052915376	4.14764445481262	up	56788
Gm20560	5.07677804565614	5.39193045428808	1.50386319755673	3.58538626588385	0.000336579664598787	0.00218208296228629	3.4729121266826	up	330354
Gm48544	5.00198854195075	5.37320136367615	1.40034943224701	3.83704326930334	0.000124524538060278	0.000927680954828604	3.90474506066359	up	NA
Fbxw20	5.04768909485088	5.37115969593748	1.45978370554281	3.67942159892807	0.000233763539774875	0.00159011812062898	3.63122322503634	up	434440
Gm7530	18.9510405141395	-5.37012071398902	0.818219843641523	-6.56317584536824	5.26736685473497e-11	2.03800744449922e-09	10.2784064334104	down	665182
4931406B18Rik	4.92477619904438	5.34525192125678	1.68441745733169	3.17335343325417	0.00150688963222769	0.00760774505440142	2.82191855516365	up	NA
Saa2	253361.451576707	-5.33507182465731	0.871340734104668	-6.12283073181386	9.1927338753078e-10	2.78569787685079e-08	9.03655531229254	down	20209
Guca2a	4.84503938542579	5.32393540234208	1.39245825336283	3.82340755242363	0.000131619955002159	0.000973641404668773	3.88067826201131	up	14915
Gm42468	6.05642258919079	-5.30629485002642	1.35060802552376	-3.92881927972304	8.53639590703076e-05	0.000670000408386296	4.06872545109863	down	NA
Gm9321	5.90299942571048	-5.27515700575398	1.34297822322513	-3.92795423970897	8.56715063634528e-05	0.000672196095678461	4.06716359682527	down	668726
Gm15348	1531.04110453625	-5.26482157083702	0.682282114417733	-7.71648773957688	1.19579073817971e-14	9.63887054355388e-13	13.9223448146665	down	100038554
Gm9114	4.70005299291483	5.26108715324806	1.67372114230565	3.14334749096889	0.00167027427746903	0.00829204938980828	2.77721220704966	up	668342
Kcnq2	4.61755681108188	5.23826438111925	1.42068600103356	3.68713732472086	0.000226790983875761	0.00154966362590665	3.64437421490628	up	16536
S100a3	4.56674121083708	5.2356161247974	1.34251357060629	3.89986085759487	9.62479858376574e-05	0.000743837901414583	4.0166083501181	up	20197
Gm37565	4.54319033760206	5.22777531837187	1.66796425780898	3.13422502544451	0.00172308663158459	0.00848456137751547	2.76369288698997	up	NA
Gm15473	4.51810621934605	5.2223220901536	1.39568681247208	3.74175785246812	0.0001827375502367	0.00128580357169043	3.73817220149831	up	100504308
Ly6d	1508.72106684123	5.21597066968467	0.335870605511938	15.5297027607832	2.18389713309998e-54	6.60137505907797e-51	53.6607678218186	up	17068
Gm15221	4.51237938530174	5.20734845011998	2.09103109042642	2.49032569336789	0.0127626081178865	0.0440264464346263	1.8940605657824	up	NA
Kbtbd13	4.4624318783524	5.20632803555805	1.43266846074563	3.6340075727279	0.00027905266564655	0.00184763469113862	3.55431382453575	up	74492
Gm10715	4.49599133961588	5.20283873974237	1.7147913245351	3.03409439113703	0.00241258932089394	0.0112022340548881	2.61751659887401	up	NA
Gm31630	4.4748480925318	5.20200659031384	1.45422745555975	3.5771615852979	0.000347345473321763	0.00223867490294959	3.45923835656849	up	102633924
Tmprss11g	8.78501092298068	5.19188890625063	1.75531050119087	2.95781794886333	0.00309825044851603	0.0138003117233403	2.50888347876138	up	320454
Serpinb9g	4.41324000013235	5.18890417083074	1.72886259489796	3.00133983240987	0.00268794403409027	0.0122502568097194	2.57057977800616	up	93806
Rhox13	2.40263305901326	-5.18138833153601	1.49284288506836	-3.47081959083641	0.000518872480636778	0.00313605956679794	3.28493936230666	down	73614
Dbh	4.43914967460028	5.17786525674039	1.4500813607233	3.57074119907154	0.000355972484761561	0.00228332271260055	3.44858356994298	up	13166
Gm33981	31.0872790502189	5.16999890984894	0.869601334709853	5.94525181078976	2.76032188358346e-09	7.45811215517489e-08	8.55904027151698	up	102637079
Rph3a	4.3285766124307	5.1587536331834	1.34489939746049	3.83579146732047	0.00012516057401135	0.000931845135696571	3.90253245376018	up	19894
Gm7237	4.29371726765601	5.1464897064389	1.72429949506419	2.9846843435092	0.00283871095198284	0.0128381724781838	2.54687882668855	up	638381
Gsta1	1261.74857166644	5.14613739476021	0.771325560388711	6.67180975069309	2.52667987458873e-11	1.05709641396721e-09	10.5974497788583	up	14857
Mt3	48.9779677757689	5.12126774850993	0.990615073923071	5.16978580613405	2.34362455425387e-07	3.98548023705816e-06	6.63011196051898	up	17751
Gm34552	4.21557898364617	5.11993787205117	1.35728940281976	3.77217847676003	0.000161828429596194	0.00115950669170227	3.79094518030003	up	102637845
Gm14162	4.1914116746564	5.11246167940288	1.6712767139973	3.05901568339038	0.0022206552428809	0.0104454162776397	2.65351886051336	up	629170
Gm41290	4.17895499645821	5.10806449110879	1.42103371696629	3.59461174645019	0.000324875684842975	0.00211470896658757	3.48828279199047	up	105245910
Vmn2r3	30.0409747180051	5.0857650519293	0.858025431838369	5.92728940566803	3.07975928840201e-09	8.28417565207313e-08	8.51148322629306	up	637004
Gm29686	4.11934063182137	5.08242307304332	1.43951731507398	3.5306439317002	0.000414549399691837	0.00258900660726963	3.38242370941952	up	629091
Igfbpl1	4.10918416230636	5.07173835011832	1.45568407074751	3.48409277262608	0.000493808289049764	0.00300787708962251	3.30644162428995	up	75426
Sult1e1	144.463153639132	5.06271895209102	0.603893281088494	8.38346626901639	5.1391408748519e-17	6.21373523178343e-15	16.2891094772103	up	20860
Tnni1	3.96206628121594	5.0324385468196	1.63860363216726	3.07117502245712	0.0021321812713734	0.0101138500400847	2.67117587571928	up	21952
9430037O13Rik	3.98613225395075	5.02757124218897	1.48126600751059	3.39410424373288	0.000688534779983949	0.00396999238187217	3.16207411731903	up	77285
Gm37389	7.86077919785974	5.02712081718252	1.41295339685482	3.55788154681724	0.000373857826287405	0.00237911314612685	3.42729352346225	up	NA
Gm36669	3.98150273369476	5.02618370809206	1.42276492478796	3.53268738954971	0.000411358579011043	0.00257506423961818	3.38577944091691	up	102640655
Srrm3	7.80257264977943	5.01972111228574	1.501615075822	3.34288140357001	0.000829133270314634	0.00462943910014973	3.08137565773627	up	58212
5830416I19Rik	3.8866024939478	5.00548761900801	1.50398639135325	3.32814688203675	0.000874257591203301	0.0048455872267885	3.05836058801112	up	74757
Pgf	181.481384346939	4.9897685930161	1.13321662294271	4.40319043331609	1.06670453894387e-05	0.0001119588138894	4.97195585693505	up	18654
Mmp12	1447.56751918304	4.98510200310193	0.443080818589679	11.2509993526	2.2898277572273e-29	1.23050255167268e-26	28.6401971844283	up	17381
H2-T-ps	21.4987889607414	4.97957314736549	0.95429779873765	5.2180494956108	1.80817151012508e-07	3.15020006490558e-06	6.74276037786054	up	667803
A730004F24Rik	3.84502729253325	4.97607251148305	1.36477193396038	3.64608355994188	0.000266267424776817	0.00177526299033719	3.57468196200653	up	320449
Serpinb9f	3.79374167350607	4.97373515604628	1.39986310020362	3.55301540223671	0.000380842165873526	0.00241394268133192	3.41925497364784	up	20709
S100a2	3.81214038741856	4.9580587390449	1.45861800452433	3.39914818250291	0.000675960825636947	0.00391616786908305	3.1700784722576	up	628324
Gjb4	27.5422230487462	4.95616790800953	0.876108178543473	5.65702732766306	1.5401724803131e-08	3.57089654064539e-07	7.81243064081697	up	14621
Gm40603	3.74776946581657	4.93766893958174	1.40134037167437	3.52353292561038	0.000425834184889225	0.00264922105968388	3.37075947743779	up	105245109
Pcdh20	3.73492193710312	4.93160569128532	1.76202622418638	2.79882650075909	0.00512886876392766	0.0209150597722257	2.2899784133989	up	219257
Gm19589	126.199986617003	4.92928352936971	0.497278228792041	9.91252631619052	3.67240623725013e-23	1.06995334492991e-20	22.4350492836697	up	100503197
Bpifb4	13.3229977210637	4.92284710243497	1.14325542084289	4.30599060602354	1.66240111377719e-05	0.000163948547036541	4.77926417881774	up	381399
Apln	184.674884705222	4.91842758292153	0.935409011960561	5.2580502432971	1.45590747077281e-07	2.62150070426121e-06	6.83686622544175	up	30878
Gm19253	3.66489071777685	4.91270401561461	1.44636938183111	3.39657633611901	0.00068234522199453	0.00394465028885291	3.16599584517639	up	100462958
Gm4065	3.59094164279523	4.89105968889457	1.72626437181438	2.83332018476048	0.00460672176677713	0.019152289327827	2.33660801713789	up	100042850
Mup-ps1	9.10845367842201	-4.88290944697687	0.934018097553452	-5.22785314306764	1.71489635349178e-07	3.02697982628746e-06	6.76576212312374	down	100417331
Saa1	221727.840766684	-4.87440984584155	0.620111523362558	-7.86053743915294	3.82488775244604e-15	3.35121143585689e-13	14.4173813054015	down	20208
Efcab6	50.4215222499787	4.87161921756749	1.04803967085064	4.64831566310218	3.34656504470197e-06	4.10795106147122e-05	5.4754007295188	up	77627
Gm29680	13.2350557024835	4.86285474000821	1.16656442107985	4.16852653152822	3.06575079709293e-05	0.000278811529805571	4.51346315014896	up	544960
Psg17	3.48353953518541	4.84706741801808	1.43197145839099	3.38489108118425	0.000712065033889798	0.00407843596625369	3.14748033983272	up	26437
Tbx3os2	4.46204791238025	-4.83524592146729	1.30973676689533	-3.69176924988449	0.000222699470152863	0.00152429057096987	3.65228081623925	down	433944
Gm3739	3.48257485747712	4.83452289347548	1.40925688835304	3.43054764069696	0.000602364188200183	0.00355884945005053	3.2201408557472	up	100042235
Gm6556	6.89521123479541	4.83390723101399	1.44555453045706	3.34398123983991	0.000825853218363427	0.00461752197143685	3.08309713442224	up	625121
AL671885.1	1.88915570249666	-4.8326226177981	1.6038139112876	-3.01320657202574	0.00258502891500579	0.0118729666139924	2.58753459471425	down	NA
Mup-ps9	2.94086257744915	-4.82607618996945	1.471127015926	-3.28052991871111	0.00103612274938615	0.00556913099036583	2.98458879070743	down	667234
Lipn	12.9148406877331	4.82557367227009	1.16937706106445	4.1266190632109	3.68135446103392e-05	0.000325970390247976	4.4339923642812	up	70166
1700012B09Rik	3.41849433002067	4.82365389759524	1.48723600206247	3.24336816141209	0.00118125464813991	0.00622556662930211	2.92765646956624	up	69325
Gm9237	3.42208308728216	4.82213824953679	1.84631349865126	2.61176569042006	0.00900759656771957	0.0332400823387918	2.04539107324059	up	668553
Dmp1	3.43956974377053	4.82116447329311	1.43135266130117	3.36825759551837	0.000756448835259745	0.00429058932267782	3.12122044148854	up	13406
Gm33682	3.42044022169773	4.81417131788667	1.44104585229741	3.34074818661155	0.000835529661418965	0.00465762523569235	3.07803812798253	up	102636679
Mup-ps4	1.86035862696954	-4.81350859762256	1.81028020463402	-2.65898537988803	0.0078376364002324	0.0297068532022602	2.10581488796629	down	620997
Gm41279	3.32331027921895	4.77104482953036	1.67386016457091	2.85032461523057	0.00436746296380215	0.0183262171422286	2.35977076915775	up	105245898
Gm8488	3.29547810148522	4.76042005643128	1.53216711066368	3.10698488650448	0.00189006061323749	0.00917843344457001	2.72352426801064	up	667159
Gm50260	3.23747224582309	4.74187253692134	1.47151357697633	3.22244565807198	0.00127101272917875	0.00663120384401305	2.89585009996967	up	NA
Gm33180	3.24618709010589	4.74065750292019	1.70060799574446	2.78762508160789	0.00530959525821666	0.0215069736238183	2.27493858321656	up	102635981
Elovl3	12054.9809856689	-4.73806837686914	0.6220653630071	-7.61667287496132	2.60297897494117e-14	1.9190621210984e-12	13.5845293398062	down	12686
Tmem182	11.7725239040173	4.73715591218852	1.1045052975966	4.28893905941109	1.79528618650556e-05	0.00017449200386687	4.7458663106995	up	381339
Fibcd1	3.24983281529016	4.73474515383978	1.46407318351136	3.23395388096939	0.001220891690518	0.00640643325653979	2.9133228620967	up	98970
Cyp2b9	249.94763101832	4.73085293227628	1.3576773737986	3.48451924115077	0.000493022012636783	0.00300611656822559	3.30713368974252	up	13094
Gm44127	69.2248005627595	4.72995255360766	0.622959329003898	7.59271485856192	3.132714198728e-14	2.2749337763856e-12	13.5040792245173	up	NA
Tmem121	3.20956833044177	4.72072117362848	1.37424670246542	3.4351337100969	0.000592261524285089	0.00350945066901789	3.2274864799767	up	69195
Gm38339	3.1837842281688	4.71633045391602	1.71847214635565	2.74449048471218	0.00606049113935672	0.0240175019226359	2.21749217938662	up	NA
Slc5a9	3.16831872731122	4.71005725459736	1.73407913064716	2.71617204275998	0.00660415895726166	0.0258057093946131	2.18018248213384	up	230612
Olfr541	55.498621351352	-4.70134453738179	0.639057484918285	-7.35668488098991	1.88533700562715e-13	1.18727134036656e-11	12.7246110080033	down	NA
4930529I22Rik	1.69847331939092	-4.69504099953206	1.80626971706339	-2.59930228314141	0.00934134738155011	0.0342365053623287	2.02959047728501	down	102637001
4933401D09Rik	11.3543862949126	4.69394791045098	1.15584933385723	4.06103786449973	4.88550463718816e-05	0.000415259308036851	4.31109057015874	up	71008
Gm30246	3.13014930648039	4.68098656290102	1.51412725463709	3.09154105017611	0.00199120448253144	0.00955791656935207	2.70088413872948	up	102632077
Prss56	11.2805431728845	4.67515987977379	1.12266398112188	4.16434477135528	3.1224797812858e-05	0.000282731589832752	4.50550036509296	up	69453
Gm12589	3.0975727604034	4.67422660798116	1.74317554879171	2.68144342158834	0.00733053092223754	0.0280618804434935	2.13486456993623	up	102631997
Fam90a1a	3.10455948962184	4.67037765214865	1.44244094987009	3.23782935625148	0.00120442827169924	0.00633025091637275	2.91921905878958	up	97476
Gm29808	1.67816559114604	-4.66879945177644	1.82160784853826	-2.563010175611	0.0103769007194187	0.0372582350700791	1.98393233834113	down	101056241
Lce1d	3.09243886475532	4.66613805302208	1.72157541004611	2.71038841853411	0.0067204456351175	0.0261509975746382	2.17260192777124	up	69611
Atcayos	11.554833155054	4.66462765857914	1.12690569932142	4.13932386834852	3.48330912473877e-05	0.000310480579633001	4.4580079825584	up	69678
Krt20	3.07375804100579	4.65976411792128	1.50498555585667	3.09621849843524	0.00196005871291343	0.00945105465315197	2.70773091930046	up	66809
Gm36990	3.06366638039683	4.65671965234153	1.46181510333858	3.18557363493252	0.00144467334122705	0.00736716379956825	2.84023034123975	up	NA
Pdyn	3.04832656068146	4.65032512267915	1.51911618266979	3.06120438695241	0.0022044855566354	0.0103794528291583	2.6566927422421	up	18610
Apol10b	470.766500943966	-4.64580666472687	0.374859849728827	-12.3934496268076	2.83577195179813e-35	2.44909419065651e-32	34.5473286973458	down	328561
Ghrhr	3.05196315402851	4.64073929428105	1.53302600223235	3.02717585189249	0.00246850306870626	0.0114201915453328	2.60756632855328	up	14602
Il9	3.01402189954011	4.6384000605518	1.45725062599121	3.18298031774513	0.00145767522665654	0.00741158585597318	2.83633922703491	up	16198
Platr6	3.03421570816219	4.63319711229621	1.52436539192207	3.03942685713575	0.0023702875090392	0.0110439870026177	2.62519897212655	up	628133
Elfn2	2.98459339529332	4.62854862375952	1.45250384084742	3.18659992049256	0.00143955753052412	0.00734727315389074	2.84177097428023	up	207393
Gpr3	3.0134106913092	4.62513934846338	1.4650566454964	3.15696963846491	0.00159417944269149	0.00796167849714285	2.79746279549664	up	14748
Vmn2r93	2.52655231904143	-4.6238179703346	1.39136294046773	-3.32322921349352	0.000889817662686063	0.0049126873787841	3.0506989778519	down	627132
Gm7527	11.3071118091608	4.61934953311082	1.20849249895374	3.82240645855068	0.000132155617375783	0.000976792887734896	3.87891437212019	up	665176
Gm28548	160.595570696741	-4.612054012918	0.534871079579911	-8.62273955163237	6.53710221860808e-18	9.08506930174601e-16	17.184614724055	down	102636046
Tex19.1	10.7208892850769	4.60122382874477	1.13330407267589	4.06000820051818	4.90709924543341e-05	0.000416509210084488	4.30917515838179	up	73679
Gm38324	2.91011254940792	4.59520276639317	1.56305003668034	2.93989485848619	0.00328323637168912	0.0144987622242853	2.48369784976383	up	NA
Ido1	2.92015769714177	4.59429541261946	1.74121527755701	2.63855680100937	0.00832597510517439	0.0311862964673679	2.07956489199615	up	15930
Gm32468	119.36902008255	-4.58043263982182	0.635975014585358	-7.20222105393269	5.92395482020377e-13	3.38659752865644e-11	12.2273882623404	down	102635028
Gpnmb	1707.47341229962	4.57468759516186	0.635929505034421	7.19370238201834	6.30575694953441e-13	3.59636355079342e-11	12.2002627728064	up	93695
Prss46	2.89099738669618	4.57429539489362	1.72706908832327	2.64858853986819	0.00808286735595486	0.0304786992673788	2.09243454814065	up	74306
Olfr1444	2.87587924790691	4.55861659762847	1.40667474662866	3.24070408497344	0.00119234887724066	0.00627358149465485	2.92359665290798	up	NA
Rimbp3	2.82959403475881	4.54170853432318	1.45427637381146	3.12300235093553	0.00179016318003484	0.00877198095635308	2.74710737965774	up	239731
Serpina3d-ps	9.85280170800089	4.54025924846254	1.41704147201487	3.20404119295592	0.00135513086392169	0.00700208857934924	2.86801876328788	up	435318
Nts	21.5392806045698	4.53533623625234	0.967809172093669	4.68618852458384	2.78339891913795e-06	3.49834473298306e-05	5.55542454574476	up	67405
Olfr372	10.6238338155441	4.53201042949848	1.27459465018373	3.55564840072504	0.00037704804412713	0.00239383767187414	3.42360330769899	up	NA
Ctsj	20.4721373908377	4.53195303833526	1.21025650509239	3.74462192044926	0.000180665629445079	0.00127297676318208	3.74312446150732	up	26898
Gm21286	2.40882716305736	-4.5299941201678	1.43383851830073	-3.15934748742583	0.00158122835770675	0.00790679572912836	2.80100540563369	down	102640145
F730016J06Rik	2.77909011676216	4.52354906673599	1.81160843585542	2.49697946708888	0.0125256209187502	0.0434070743848117	1.90220073612715	up	100504177
Gm9110	2.77328193755132	4.5212879879661	1.44423460964514	3.13057723293102	0.00174463117521531	0.00858191030900256	2.75829637128297	up	668332
Pla2g2c	2.77459397732792	4.52060434593511	1.47534485501516	3.06410011907938	0.00218325831339227	0.0102966147579582	2.66089487746354	up	18781
Meltf	50.5293848690243	4.51940015354852	0.620110781589173	7.28805285721133	3.14466606844706e-13	1.89636695429393e-11	12.5024254654272	up	30060
Gm44811	2.78300406810412	4.5193117066339	1.668745562007	2.70820897417011	0.00676474123884943	0.0262913810089773	2.16974881114162	up	NA
Gm40634	20.3638548037287	4.51400207932271	0.905942510637317	4.98265842072824	6.27166059876911e-07	9.4800867274954e-06	6.20261745224805	up	105245141
Clca1	9.95622372087943	4.50785852011989	1.18206388290515	3.8135489843755	0.000136985359179969	0.00100808884835363	3.86332584720219	up	23844
Glns-ps1	260.161643018108	-4.50314596529982	0.290580269362986	-15.4970809792822	3.63013968685907e-54	9.75378198973622e-51	53.4400766631003	down	14646
Gm46401	20.0074754479995	4.49708553163345	1.0473627677638	4.29372292967323	1.75701720201172e-05	0.00017139245655122	4.75522398653988	up	108168063
Mup-ps10	6.66752843527268	-4.49563286721328	1.15419213117008	-3.89504723330228	9.8179595929574e-05	0.000756589862577743	4.00797875962582	down	108168721
Gm42655	2.70753419962317	4.48457884771226	1.77062875678025	2.53276065382961	0.0113168196418671	0.0399450200816858	1.94627560548432	up	NA
Rhox7-ps1	10.1434637283547	4.47073892865521	1.18211606403455	3.78197967583371	0.000155586067921636	0.00112142542309419	3.80802929485051	up	665331
4930471E19Rik	40.3158245531836	4.46541062835411	0.740377492006549	6.03126199346239	1.62684190666985e-09	4.64466245420193e-08	8.78865464890511	up	74912
Fezf2	2.66631416890371	4.46367676211869	1.44260911551528	3.09416924800473	0.00197364861405648	0.00949786483285844	2.70473016603329	up	54713
Plaat1	2.61505509785948	4.43412810560929	1.72600835409601	2.56900732553618	0.0101990301433931	0.0367286592594985	1.99144112464972	up	27281
Gm49766	2.63382724614151	4.4331049008327	1.49774144477198	2.95985993864756	0.00307778933786652	0.0137218107979882	2.51176110917416	up	NA
Pla2g4c-ps	5.22088883517808	4.4322669938852	1.4467556765393	3.06359053277562	0.00218698021184532	0.0103110851009638	2.6601551465121	up	666225
Gm5609	2.63883678385781	4.42812810966986	1.80850158375882	2.44850662528388	0.0143449791772912	0.0482932321405063	1.84330007782538	up	434304
Gm3619	3.43173696248273	-4.42724637932449	1.3718102777837	-3.22730223779717	0.00124963389011555	0.0065422486968552	2.90321720522526	down	100042004
Gm32486	9.2600612931931	4.42292743624553	1.24787839913224	3.54435771892612	0.00039357086415242	0.00248105595331956	3.40497705964666	up	102635051
Gm15127	2.62537672370301	4.42091513581604	1.81207116737952	2.43970281929337	0.0146993486824205	0.0492106897282363	1.83270190810199	up	434866
Tekt4	9.72192506431209	4.41339780890657	1.13947524186962	3.87318446837439	0.000107422456583136	0.00081585150911551	3.96890492021316	up	71840
Hmga2	2006.10736782031	4.40829440182064	0.331751396820317	13.2879452628447	2.7194373466401e-40	2.98915608711141e-37	39.5655209424829	up	15364
Dlx2	2.57410936835029	4.40607955871667	1.67106508282947	2.63668938091641	0.00837194537391433	0.0313219452631335	2.0771736140511	up	13392
Sult6b2	5.08933961928715	4.39191294391162	1.37040027727668	3.2048395032723	0.00135137811990317	0.00698419014650535	2.86922311699477	up	330440
Gm46519	2.54798921274566	4.39123366559961	1.80515231852165	2.43261115449574	0.0149903896260606	0.0498964352288226	1.82418707894298	up	108168244
Olfr766-ps1	2.53725979592285	4.38835429595469	1.68659694715416	2.60189863580583	0.00927092495235575	0.0340248151764861	2.03287693450008	up	NA
Gm15895	28.1188242111639	4.37338596276156	0.716654619183827	6.10250160355103	1.04421062255581e-09	3.12900883205012e-08	8.98121189310777	up	102639642
Gm34531	2.50464196449459	4.37317423806428	1.66594924554423	2.62503449595528	0.00866401890017153	0.03220804074465	2.06228060898762	up	102637817
4732414G09Rik	2.50564011892737	4.37097625687632	1.76229077704179	2.4802809580684	0.0131278895214827	0.0450104387364945	1.88180508677004	up	100043309
Gprin1	2.49359866232796	4.36591795692255	1.76079584680369	2.4795140020621	0.013156156448351	0.0450881767621915	1.88087097068258	up	26913
Gm26810	2.48224147481751	4.36587711413452	1.55940612044861	2.79970500107986	0.00511493268940195	0.0208652669188796	2.2911600770669	up	NA
Cyp2c53-ps	161.619144150235	-4.36160233653747	0.604632580360846	-7.21364094196588	5.44752830938143e-13	3.12902920611548e-11	12.2638005041609	down	638988
Mup-ps13	447.206908719936	-4.35256463151454	0.407116942551415	-10.6911901141645	1.11925442673295e-26	4.92105646313748e-24	25.9510711792747	down	621093
3830432H09Rik	82.0946973118065	4.35155894665514	0.66206960376009	6.57266082288227	4.94239576314441e-11	1.92149540746556e-09	10.3060624813403	up	320069
Gm36569	9.35231808601529	4.35049557508507	1.15207375995168	3.7762300699111	0.000159219932549552	0.00114352729697453	3.79800256439732	up	102640530
Gm20442	28.7235169060253	4.34553324312778	0.896947629191237	4.84480152653514	1.2673830732069e-06	1.77257706629782e-05	5.89709209748057	up	NA
Gm14534	2.48523946442196	4.34099068104191	1.71377349247549	2.53300141477361	0.011309049643136	0.0399320073488762	1.94657388951163	up	606727
Aloxe3	190.056591825779	4.33592043837727	0.390991148050201	11.08956164353	1.40976887971418e-28	7.25341086154219e-26	27.8508520806014	up	23801
9230116L04Rik	27.1957007406905	4.33431162063472	0.696496809940632	6.22301718941709	4.87683924883117e-10	1.5517332462531e-08	9.31186155945788	up	321017
Olfr373	8.8328384298642	4.32975224616407	1.14153455381908	3.79292263355376	0.000148884553705912	0.00108215397586906	3.82715035656787	up	NA
Gm48864	2.42962687554972	4.32759291064382	1.55080263943168	2.79055039023517	0.00526185088923715	0.0213745728952366	2.27886146314865	up	NA
Gm34780	2.46878273787315	4.32668816058446	1.48389840204586	2.91575767897534	0.00354825967771559	0.0154908856339625	2.44998460403983	up	102638146
Gm9146	2.45607612954821	4.32440877909325	1.57004654748796	2.7543188359684	0.0058814441060534	0.0234568713382897	2.23051602591571	up	668393
Gm48545	3.19015016694091	-4.32357809368548	1.26164439408243	-3.42693877447926	0.000610426686147043	0.00360120471442005	3.21436648849835	down	NA
4930488L21Rik	2.45533180955557	4.32194397957574	1.54026692182378	2.80597078229679	0.00501652408002744	0.0205400584665126	2.29959709873744	up	75809
Prl7b1	2.43927506535924	4.31821137150197	1.76094869246358	2.45220737548052	0.0141982809469029	0.0478726756634141	1.84776423452314	up	75596
Glul	47034.2148074585	-4.30892003939596	0.244429207910929	-17.6284989679553	1.48866968041278e-69	7.19980204234838e-66	68.8272016567733	down	14645
Trim29	2.37623057525141	4.28722378623731	1.56669253468583	2.73648063759813	0.00621002493846064	0.0245016842979043	2.20690665576318	up	72169
Gm5260	2.37288043938002	4.28559254733821	1.51092869489887	2.83639629176879	0.00456257936004909	0.0190031508929912	2.34078956849017	up	383546
Nutm1	2.35275276287443	4.27657239872231	1.50216981908498	2.84693005037694	0.00441430608078196	0.0184897653229267	2.35513755685946	up	213765
AA414992	2.3467229027375	4.27478728027904	1.46028540049922	2.92736425278076	0.00341848254325107	0.0149919740407866	2.46616663351708	up	102402
Hsd17b3	27.5999852482167	-4.25928214943236	0.666573466742605	-6.38981651977015	1.66084916641554e-10	5.86316124704534e-09	9.77966980714395	down	15487
Gpr83	2.30253143039653	4.25126647007599	1.5827711429226	2.68596410105506	0.00723208586721878	0.0277465176013144	2.14073642608387	up	14608
Gm45042	4.69864321569727	-4.25072048745493	1.25832428748701	-3.37808030070214	0.000729937620711885	0.00415913090104967	3.13671425239757	down	NA
Gm47729	2.30748006352018	4.23797954842577	1.5946407023418	2.65763914228586	0.00786900997861853	0.0298070800913147	2.10407990396483	up	NA
Gm18697	2.2683059375223	4.23470219722793	1.57681921684396	2.68559778571433	0.00724001856830097	0.0277681410021656	2.14026031997684	up	100417583
Tnc	1563.9506206999	4.23081783061053	0.388620241249527	10.8867665178922	1.33288968645325e-27	6.33984973049794e-25	26.8752057924819	up	21923
Gm13773	52.8393826244605	-4.22090896484982	0.63510087947071	-6.64604490607462	3.01073437721534e-11	1.2339928594885e-09	10.5213275585352	down	102639616
Gm49439	42.2488146525783	-4.2207450636243	0.691530053666477	-6.10348753643605	1.03778664426616e-09	3.11361744809482e-08	8.98389192273228	down	NA
Gm19439	8.28117245013597	4.21954882332277	1.13700500991266	3.7111083825804	0.000206353721816024	0.00142491310706885	3.68538769373793	up	105244487
Prss47	2.26851848661116	4.21744259201376	1.63182910275107	2.58448791292155	0.00975237227595979	0.0355058282837736	2.01088972880998	up	218304
Gm9945	1.95418201410985	-4.21341405963212	1.49701102050755	-2.81455113016041	0.00488454067168597	0.0201051851102485	2.31117626984312	down	791266
Cyp4f37	4.43245920458794	4.19256384421861	1.43566030627184	2.92030351880798	0.00349690625437072	0.0152832436369407	2.45631601017152	up	677156
Gm48061	2.16225935813603	4.16443309547408	1.59919231984368	2.60408522714838	0.00921198463003339	0.0338705926736066	2.03564679531671	up	NA
4921536K21Rik	7.91663540610995	4.15506142478508	1.14431505827153	3.63104670759226	0.00028227408859114	0.00186501421046747	3.54932898617602	up	67430
Gm29793	2.17905431491594	4.15436150943261	1.56486801645845	2.65476798409785	0.00793629736665286	0.0300337312864475	2.10038206788551	up	101056188
Gsdma	19.941405430489	4.13782477696576	1.02813083419252	4.02460916388675	5.70700166539878e-05	0.000473274054433036	4.24359200071661	up	57911
Gm35890	6.84912137600435	-4.12800655014997	0.956130629328647	-4.31740854599384	1.57871786302258e-05	0.000156653899727584	4.80169547700923	down	102639625
Gm36548	8.17943701080215	4.11924817920467	1.48857557630759	2.76724154605738	0.00565328513990087	0.0226938481495821	2.24769910908039	up	102640506
Gm23802	4.22073703373345	4.11223480667886	1.36632280856476	3.00970955099441	0.00261497623032736	0.0119877450619481	2.582532254439	up	NA
Cldn23	7.44891374505948	4.10308768880572	1.27761224598454	3.21152814690175	0.00132031035982837	0.00684263718846327	2.87932396900805	up	71908
4930430E12Rik	104.578249532112	4.10042513391622	0.494500902671962	8.29204782389715	1.11315153979299e-16	1.28795361412794e-14	15.953445708607	up	71639
Reg3b	2.71477820385247	-4.09599626190229	1.48693242567772	-2.75466200828554	0.00587527944817903	0.023437150711954	2.23097147204927	down	18489
Gm2453	2.05830651955689	4.0936157224316	1.5617703877433	2.621138007583	0.0087636777283393	0.0324935993294543	2.05731360137346	up	118567864
Plat	1290.14963872505	4.08594046311015	0.338541299380045	12.0692526158331	1.53522244514329e-33	1.06070711909872e-30	32.8138286887868	up	18791
Gm29685	126.010823715858	-4.08499987359202	0.674340447206111	-6.05777080481641	1.38020859690297e-09	4.01620491072345e-08	8.86005527183228	down	628877
Bex2	44.4833942831546	4.07815824787431	0.667698630798306	6.10778285256993	1.01024671384905e-09	3.03853060128081e-08	8.99557255356489	up	12069
Gm40650	4.12632216338918	4.07634098551639	1.35228286312894	3.0144144369947	0.00257475824920259	0.011848297617929	2.58926354175526	up	105245158
4930546K05Rik	23.7056695091575	4.07590854052045	0.754027555020282	5.40551669946707	6.46218293762702e-08	1.27462078138415e-06	7.18962075172268	up	78194
Teddm2	166.542807251521	-4.07020522642156	0.417821317303112	-9.7414972809269	2.00576920643211e-22	5.33005614834519e-20	21.6977190404778	down	240817
Gm10131	2.05327090953935	4.06927076116933	1.58517987478493	2.56707193038357	0.0102561334802069	0.036873895304544	1.98901633558851	up	NA
Duoxa1	2.04725931307687	4.06692090418639	1.52101904548553	2.67381326766239	0.00749941965897442	0.0286449164734354	2.12497234309587	up	213696
Pxt1	19.3978338854351	4.06224441073948	1.06514341437282	3.81380042905436	0.000136845989554716	0.00100737089517666	3.86376792561797	up	69307
Olfr539	41.7841097114485	-4.05389378121602	0.482733101963622	-8.39779531324023	4.54939312580364e-17	5.58443779533927e-15	16.3420465329458	down	NA
Tbx3os1	544.469192330795	-4.03868369570209	0.92023969378876	-4.3887301568945	1.14014431022115e-05	0.000118584815955991	4.94304017571069	down	100039542
Cyp2c29	38464.4309724688	-4.03083148096951	0.824137343818153	-4.89097055388249	1.00339976240805e-06	1.43236204572323e-05	5.99852600614351	down	13095
Olfr1424	1.97281805132503	4.02750573625679	1.57994537879178	2.54914238828732	0.010798819983677	0.0384817366409192	1.96662369845531	up	NA
Dynlrb2	2.67312353139054	-4.02445556638756	1.40175538463895	-2.87101131230835	0.00409160882392757	0.0174073336699888	2.38810589346681	down	75465
Gm34922	1.98722364562844	4.01280630426281	1.58067315215197	2.53866923645769	0.0111274969999172	0.0394321706406795	1.9536025141355	up	102638332
Cyp4a14	31442.4775521763	4.0099903771869	0.9675596248387	4.14443748400043	3.40648869137643e-05	0.000305208260596017	4.46769304846272	up	13119
Adam30	1.97516392535458	4.00624379019715	1.57834492547733	2.53825619833102	0.011140639511136	0.0394613951454946	1.95308987844543	up	71078
Gm36677	1.97516392535458	4.00624379019715	1.57834492547733	2.53825619833102	0.011140639511136	0.0394613951454946	1.95308987844543	up	102640663
Cyp2c38	5257.26241586702	-3.9953193501344	0.940828877044026	-4.24659515414453	2.17043626047873e-05	0.000205906197139649	4.66345296362801	down	13097
Gm3045	3.91520399980234	3.99478052819621	1.39333026759798	2.86707367312344	0.00414286558525666	0.0175867063966437	2.38269915710197	up	100040926
Cpe	1080.67523862046	3.97704845567169	0.339423554603508	11.7170667790496	1.0421827725279e-31	6.46206764237685e-29	30.9820561100772	up	12876
Rhbg	28.89119854762	-3.97637342870968	0.536741146148089	-7.40836333723628	1.27867585552192e-13	8.24558387686162e-12	12.893239535271	down	58176
Sp6	3.85141761311881	3.97077874367258	1.62836351991396	2.43850878204543	0.0147480003398912	0.0492902396462023	1.83126686105691	up	83395
Gm15486	10.8464309821863	3.96449935034034	0.942036231357107	4.20843617089869	2.57144143313568e-05	0.000238888193377207	4.58982336267311	up	102632813
Gm31084	24.226859636084	3.96045273574929	0.670400996970831	5.90758777753071	3.47153366111723e-09	9.2556369341937e-08	8.45947861932674	up	NA
Gm29387	1.88165098933794	3.95425930440067	1.61830234067796	2.44346140088019	0.0145471256300175	0.048810682945065	1.83722281055041	up	108167716
Mup-ps8	6.96812252268336	-3.93921276968325	1.00641478580659	-3.91410462687725	9.07402864526312e-05	0.000706465424017233	4.04219985406933	down	100039063
Gm29507	6.49041424777111	3.93345640537164	1.54727963864615	2.54217551057116	0.0110164839490672	0.0391362736677454	1.95795699397546	up	102637265
F13a1	2254.90237146461	3.93084130364929	0.401881666652803	9.78109137545022	1.35738868711901e-22	3.77291646343815e-20	21.8672957746688	up	74145
Sp5	57.726484487478	-3.92761768167421	0.447716275950222	-8.77255952631683	1.74650135683256e-18	2.70730101352084e-16	17.7578310726289	down	64406
Cthrc1	53.1061040337167	3.91347094218102	0.624578665574494	6.26577748790278	3.70969748223533e-10	1.21555426172649e-08	9.43066150471182	up	68588
Gm36503	7.13369611580883	3.91192743363625	1.54630338161402	2.52985764640379	0.0114108812582953	0.0402300525715259	1.94268081387841	up	102640443
Slc6a19	20.1389027420157	3.90949266597209	0.729586408149448	5.35850534262047	8.39132557621518e-08	1.5902745696241e-06	7.07616942832954	up	74338
Dppa3	34.0606050002748	3.90310386179244	0.554048980984131	7.04469098537018	1.85873542350036e-12	9.60426068612943e-11	11.7307824242632	up	73708
Mmp3	247.099991431996	3.8927639411221	0.544049137215012	7.15516977207089	8.35694316210171e-13	4.65639630290192e-11	12.0779525515805	up	17392
Bpifc	6.27953883020903	3.86413614228587	1.35133414837612	2.85949714726691	0.0042431323456045	0.0179164355476529	2.37231342214115	up	270757
Serpinb2	21.2636884981946	3.86377480754147	1.28540101488609	3.00589058417997	0.00264804264522572	0.0121140687186622	2.57707502510957	up	18788
Cnga3	10.2079401495624	3.85548972919863	1.02660718998326	3.75556470558277	0.000172951068915673	0.00122612217781261	3.76207674950539	up	12790
Mup9	4882.85062775351	-3.85498895671476	0.699124694792306	-5.51402201271119	3.50724704139524e-08	7.42014417804197e-07	7.45503364246292	down	100038948
Cyp2b23	6.65277255656657	3.83486737592285	1.20430471364098	3.18429989726509	0.00145104595088966	0.00738719856513975	2.83831883435631	up	243881
Ch25h	52.6946699000703	3.82095378735439	0.715193782031796	5.34254335447302	9.16514413370585e-08	1.720741579513e-06	7.0378607008075	up	12642
Gm14119	3.45790832527852	3.81847118286631	1.45399391733658	2.62619474355227	0.00863454009255758	0.0321280887087594	2.06376078960592	up	NA
Gm42711	25.752727754402	3.80142359781217	0.690998700279023	5.50134695807268	3.76900687398202e-08	7.91635681653291e-07	7.42377307047564	up	NA
1700029J03Rik	8.93556107622648	3.79852551978841	1.28986025722571	2.94491244187836	0.00323046067679063	0.0143022702464575	2.49073554109859	up	72264
Gm16835	11.805691914356	3.79812554457844	1.13413664149356	3.34891353089222	0.000811291110410612	0.00455188900973304	3.09082328270669	up	102635192
Mb	9.59567886694086	3.7973550610215	1.07535705555811	3.53125042644621	0.000413599965540541	0.00258507996037771	3.38341950609775	up	17189
4932435O22Rik	3.38189668082364	3.79324935825574	1.40199097936728	2.70561609459688	0.00681778127496811	0.0264253224541239	2.16635693572639	up	319819
AI314278	12.8676202809653	3.78065963182645	0.904824724682499	4.17833369126057	2.93652604390782e-05	0.000268777716857604	4.53216614306713	up	101521
Kctd19	42.3063080294232	3.77271234671845	0.830161475248485	4.54455242648932	5.50521045152069e-06	6.34542417248205e-05	5.25922607429674	up	279499
Cntnap5b	781.171939362664	3.76633167049111	0.264423556528174	14.2435557555547	4.91606458804007e-46	8.4914481334275e-43	45.308382419918	up	241175
Gm47571	5.29083695477633	-3.74526435070589	1.17060443331447	-3.19942778629455	0.00137700679107488	0.00708786254188436	2.86106391789916	down	NA
Gabrb3	379.202836635256	-3.74518384201057	0.344021539756905	-10.8864806682076	1.33707855535272e-27	6.33984973049794e-25	26.8738430765421	down	14402
Fosl1	210.520994812816	3.74215859216066	0.382709263359926	9.77807163408345	1.39849577803695e-22	3.84300283005563e-20	21.8543388403958	up	14283
Cacna1b	121.328758319016	3.74200219006581	0.446859239194192	8.3740065368541	5.56916678385609e-17	6.60164662584353e-15	16.2542097757853	up	12287
Snhg7os	6.30024176500149	3.7417143363529	1.1868905806081	3.15253520205362	0.00161859304320427	0.0080669449651207	2.79086233055936	up	329369
1700016G22Rik	11.5949609172923	3.72939491920333	0.928577635368133	4.01624460589643	5.91328809589467e-05	0.000487995534097849	4.22817096162167	up	71867
Tceal5	12.6905483175671	3.72890893981682	1.11880739122569	3.33293198548829	0.000859359475534523	0.00477615050272945	3.0658251300176	up	331532
Cbr2	42.7530985460015	3.71838596709717	0.631132199608867	5.89161188321809	3.82446582181996e-09	1.00744261986111e-07	8.41742921589251	up	12409
Gm42906	1116.32103030618	-3.71743595276977	0.278006789605167	-13.3717451938831	8.84411418162076e-41	1.01842080542835e-37	40.0533456591137	down	NA
Tifa	6995.83996692881	-3.71122099524671	0.198269130445947	-18.7180979051022	3.52516197642691e-78	2.13113667284889e-74	77.4528209229698	down	211550
Gm36640	11.8078355532835	3.70628039251639	1.05557721136516	3.51114096876261	0.000446187721895843	0.00275528894047122	3.35048238471612	up	102640621
Arpp21	52.0594556016334	-3.70024387615166	0.621236566963594	-5.9562557533232	2.58082345990721e-09	7.05989512528011e-08	8.58824170216298	down	74100
Adam8	1758.68747592541	3.69995639896007	0.466515731119181	7.93104316136093	2.17312669091842e-15	2.02897875057101e-13	14.6629149540463	up	11501
Bmp8a	16.681209837309	3.69372900791058	0.871879236658558	4.23651447655372	2.27016290703976e-05	0.000213856951375284	4.64394297668799	up	12163
Gm4949	8.83314594914154	-3.67258997078763	1.13976608524069	-3.22223131425434	0.00127196401316342	0.00663330467248607	2.89552517572034	down	240219
Dctd	193.794528013251	3.66759704895136	0.43784747862959	8.37642610260199	5.45591245648539e-17	6.53142945657077e-15	16.2631326068212	up	320685
Scd1	401448.572079614	-3.66620271864891	1.12055673606846	-3.27176893471007	0.001068768860759	0.00571412084697637	2.97111620812222	down	20249
S100a6	1051.54718888834	3.65767547082599	0.398475809323515	9.17916567391019	4.34444332015821e-20	8.68242383207156e-18	19.3620658644333	up	20200
Gm23726	39.4421446283996	-3.65165090321413	0.788418059578765	-4.63161752682978	3.6281994536647e-06	4.41164081406966e-05	5.4403088464066	down	NA
Mep1a	17.2442679184925	3.64752704400297	0.744191779322988	4.90132670817895	9.51915966666562e-07	1.36545252638401e-05	6.02140138861534	up	17287
Gm12426	11.2344305734694	3.63321408631237	1.07039180941954	3.39428427454298	0.000688082267835752	0.00396978992144035	3.16235963395758	up	102634926
Gdf3	94.1361414020825	3.62322480217965	0.387849532923018	9.34183103141394	9.46823182475585e-21	2.16000737722874e-18	20.0237311171372	up	14562
Slc6a15	3.05793495636541	3.62292740379793	1.44143736607746	2.51341299251656	0.0119569268072639	0.0417775471829586	1.92238042922321	up	103098
Eef1a2	5.39093632389644	3.60529259839569	1.22642267497326	2.93968194812958	0.00328549306803464	0.0145034062224303	2.48339944477768	up	13628
Gm30198	16.2325134918436	3.60425292894357	0.847054325795306	4.25504341242755	2.09008458981332e-05	0.000199535829257267	4.67983613678572	up	102632020
Gm10701	340.476591743024	3.60362209125494	0.454793580010828	7.92364327387635	2.30650715659335e-15	2.13700981075634e-13	14.6370451935317	up	100038418
Gm3772	2.99493697913268	3.60026405170853	1.4393552296339	2.50130334582121	0.0123737141480333	0.0429853692756417	1.90749992107549	up	100042291
Ppp1r1c	10.5034892237242	3.58920056268375	0.961502902749952	3.73290663233406	0.000189282772966604	0.001325198614904	3.72288891031508	up	75276
Gm36862	5.20165837452182	3.58260802493715	1.36522411817796	2.62419040012165	0.0086855216237695	0.0322681339539091	2.06120409414008	up	102640910
1700027J07Rik	285.703518191091	3.57676627206961	0.865450503690617	4.13283747229552	3.58312105939721e-05	0.000318087494340467	4.44573851850427	up	69443
Cxcl9	952.609673322683	-3.57520476071557	0.837706816921254	-4.26784728081262	1.97368366898384e-05	0.00018969641686553	4.70472245238751	down	17329
Mfsd2a	9446.22301098106	3.56551038477104	0.433496536124627	8.22500317221906	1.95185691136571e-16	2.17510616731085e-14	15.7095520231868	up	76574
Gm8221	17.5055923958911	-3.56064525041893	0.752128910289974	-4.73408906599025	2.200410921262e-06	2.85769800740912e-05	5.65749620819053	down	666661
Tspy-ps	5.57444970434608	3.55412607235916	1.33540223016675	2.66146483214676	0.00778014678378602	0.0295259745018069	2.1090122093359	up	22109
Rcan2	2145.76933683222	-3.53715851058533	0.282913765170014	-12.5026030757454	7.22462393174406e-36	6.71945599682442e-33	35.1411847546087	down	53901
Odaph	5.05916352827105	3.53541008069853	1.38907598803267	2.54515239710225	0.0109230055150676	0.0388784397064122	1.96165784706938	up	381651
Anxa2	12306.8662461295	3.53078926365799	0.262841162002441	13.4331671522027	3.86520157895966e-41	4.91938445170539e-38	40.4128278517206	up	12306
Gm12841	5.39115461259608	3.51916967019582	1.17681683448712	2.99041411294014	0.00278599464367714	0.012623369397302	2.55501972288108	up	108168974
Gm32815	8.75744882142943	-3.5098362396403	1.25016654935704	-2.80749492253284	0.00499284669413011	0.0204535013988573	2.30165176879678	down	102635491
Sprr2b	8.25716643965966	3.50497030196724	1.36070380307211	2.57585103683398	0.00999937150215753	0.0361769317953851	2.00002729617228	up	20756
Shc2	232.847883182316	3.49767798147586	0.407986450637197	8.57302485416648	1.00801738914265e-17	1.36943126428357e-15	16.996531975883	up	216148
Hspb7	59.326636229595	3.49564544741217	0.613194385614206	5.70071339435171	1.19307078906602e-08	2.82297826039086e-07	7.9233337873534	up	29818
Mup-ps20	54.0567409889365	-3.49533726809287	0.609350502454285	-5.73616868126748	9.68422149106726e-09	2.3371641127444e-07	8.01393528622243	down	NA
Gm44289	4.95357393151654	3.49258541202846	1.35961476726499	2.56880514695656	0.0102049821023151	0.0367446213815045	1.99118775262087	up	NA
B930018H19Rik	10.2577744837686	3.49150139063902	0.949553938026114	3.67699111216049	0.00023600125994506	0.00160263478460866	3.62708567844631	up	330734
Dmkn	15.5766330869903	3.48664044283065	1.05836946690244	3.29435093496706	0.000986492522905084	0.0053367700646288	3.00590620212326	up	73712
Gm11892	25.4918121570616	-3.47609311116318	0.829589276455944	-4.19013746900546	2.78785503406313e-05	0.0002562368317511	4.55472981290663	down	664973
Scg2	32.3137860902076	3.47568366785165	0.649164787850168	5.35408533072478	8.59902759528693e-08	1.62452934382512e-06	7.06555065734692	up	20254
Nrk	7.12280277074055	3.47449330841145	1.31428204021996	2.64364360318729	0.00820189658315891	0.0308361727571438	2.08608571098691	up	27206
Baalc	10.4756064151991	3.47314079174249	0.891091324781337	3.8976260851768	9.71402491024578e-05	0.000749535897828856	4.01260078717466	up	118452
Zbtb7c	22988.8215109788	-3.46589111286383	0.242638906266752	-14.2841523900273	2.7473176961339e-46	5.11043357907e-43	45.561091116444	down	207259
Gm16191	16.1274300836311	3.45653701436075	1.0821666793263	3.19408930287211	0.00140272717656244	0.00718812218343569	2.8530267888684	up	105246246
Gm36245	33.3621679044319	-3.45585668446799	0.490414195666668	-7.04681209272523	1.83063260717198e-12	9.52007692615759e-11	11.737398806265	down	102640092
3110009F21Rik	30.2680925429136	-3.44413455717811	1.15904929758735	-2.97151688400773	0.00296332579658067	0.0132948319875536	2.52822059830769	down	67280
Tmc5	166.791068094857	-3.42923062962463	1.08198516375232	-3.16938784791844	0.00152760399806003	0.00768633372473731	2.81598921365749	down	74424
Ang4	24.917547002339	-3.4220471267314	0.406057814558241	-8.4274874267703	3.53166213926775e-17	4.37962327444988e-15	16.4520208504144	down	219033
Prelid3a	14.8752601451032	3.41656346229979	0.825930731563107	4.13662227561602	3.52455577662911e-05	0.000313579130943507	4.45289561226576	up	225655
Gm2539	12.3464313967694	3.41609155619653	0.810164657025699	4.21653984356438	2.4807947180722e-05	0.000231355873013583	4.60540917143799	up	100039992
Vmn2r2	16.7275028123663	3.4107551207389	0.670679158755893	5.08552424241993	3.66611998049354e-07	5.91816511136814e-06	6.43579332605858	up	100125586
Myoz1	5.05248740996014	3.40344332466115	1.31654860804748	2.58512545898982	0.00973435695644517	0.0354512379398731	2.01169273233003	up	59011
Hcar2	227.675695445204	-3.40028733336119	0.561678474634664	-6.05379676615321	1.41471076629543e-09	4.09707014976719e-08	8.84933234137049	down	80885
Il12b	35.8444433663933	-3.40026306478281	0.963741362116106	-3.52819044449518	0.000418411010165478	0.00261042699892198	3.37839689586354	down	16160
Gm20627	31.4116805397339	-3.39330401743301	0.609005481282922	-5.57187762954895	2.52008413717335e-08	5.56535841142703e-07	7.59858495933745	down	102631874
4930527F14Rik	530.252687222615	-3.39312825309687	0.160176964532803	-21.1836218959062	1.35225024896853e-99	3.27001155205571e-95	98.8689429299261	down	67651
Zfp541	4.63092682793786	3.38630274153638	1.26153363978903	2.68427462790662	0.00726873714887833	0.0278606120992512	2.13854103575911	up	666528
Dclk1	713.449246338466	3.38424044017208	0.356829662818874	9.48419033730925	2.44271993559571e-21	5.96665186692681e-19	20.6121263232016	up	13175
Gm13749	15.139416378018	3.3800191059398	0.887280913670436	3.80941261540001	0.000139297326856409	0.00102168272916035	3.85605721769413	up	433315
Gm26524	2.63533972345805	-3.36558310177874	1.2629231654976	-2.6649151696039	0.00770077455862445	0.0292798947133108	2.11346559046145	down	119407409
Nkain1	160.477723843573	3.3506472780329	0.529563891663409	6.32718229241086	2.49678334754153e-10	8.5038330859506e-09	9.60261914088828	up	67149
2900045O20Rik	4.71063206601906	3.34601357212805	1.17508778607978	2.84745838716502	0.0044069855326478	0.018469622903031	2.35585837519953	up	NA
Steap4	99028.4690132902	-3.34410241573174	0.246364314735154	-13.5738100679342	5.72661584652215e-42	7.6933902444777e-39	41.2421019493	down	117167
Fstl3	52.3774016336298	3.3426465457946	0.478035236388831	6.99246894652701	2.70090309087188e-12	1.34343222118978e-10	11.5684909981356	up	83554
Gm15114	4.50320713840315	3.33865542572368	1.32523430847284	2.51929444052128	0.0117590278489283	0.0412051603307904	1.92962858109132	up	100034729
Gm29904	15.902461190215	3.3345596715918	0.955658117241999	3.48928095877555	0.00048432180611616	0.0029597851694468	3.31486597682849	up	102631607
Nell2	298.15029825731	3.33222487811621	0.507891776087028	6.56089551949199	5.34855879588576e-11	2.06611579556085e-09	10.271763225701	up	54003
Gm33782	121.952812984611	3.32379932330643	0.529114235613603	6.28181798860863	3.34636491462012e-10	1.10851775842937e-08	9.47542670181816	up	102636813
Dlgap2	1530.09142325565	3.30437639052978	0.813868264446931	4.06008752875416	4.90543232372608e-05	0.000416509210084488	4.30932271151853	up	244310
Hormad2	600.54360678795	3.29799310480518	0.408394433850234	8.07550943756159	6.71955099295909e-16	6.82740260973683e-14	15.1726597459633	up	75828
Vipr2	6.62655645003709	3.29757282145304	1.02304171983763	3.22330239081199	0.00126721700028077	0.00661282725524158	2.89714900946149	up	22355
Chil4	6.99634020844215	3.2911595435037	1.06540952085751	3.08910280889433	0.00200761952640047	0.00961351591830022	2.69731858895793	up	104183
Lgals3	3518.6610871774	3.28239256216706	0.23622251224713	13.8953418577358	6.75999819119744e-44	1.0216892266221e-40	43.1700534202644	up	16854
Lgr5	2364.65809400302	-3.27484886087347	0.315225433376208	-10.3889106465755	2.78515882958907e-25	1.00523448980781e-22	24.5551500332202	down	14160
Gjb3	30.4723230622966	3.26953707116914	0.738225619604767	4.42891303734431	9.47091987244032e-06	0.000100803602269081	5.02360783766794	up	14620
Atf7ip2	10.5623116913203	3.25705524347693	1.05692384050219	3.08163665030905	0.00205865960357609	0.00981930615657259	2.68641545741782	up	75329
Gm13589	26.9152283914995	3.25620369375274	0.764146271406797	4.26123088680136	2.03304061635976e-05	0.000194627823376135	4.69185394488153	up	NA
T2	9.04085078195605	3.24737290465618	0.865468491575814	3.75215612846111	0.000175320218786498	0.0012400098071644	3.75616799605076	up	21331
Gm5340	116.401791114989	3.24613701686262	0.42758185498525	7.59184932432317	3.15371624120256e-14	2.28332832768744e-12	13.501177385333	up	384710
Tnfaip3	6549.68806657949	-3.23714335542666	0.787719056676792	-4.10951509676995	3.96490795048813e-05	0.000347929506650233	4.40176689083291	down	21929
Sema3e	411.076226417034	3.23216390786713	0.360924406251195	8.95523786113156	3.39003944611943e-19	5.61492697849727e-17	18.4697952483655	up	20349
Miox	34.9254966350425	3.22970271948297	0.466959458567159	6.91645208214252	4.63094958338689e-12	2.20878940484145e-10	11.3343299470942	up	56727
Gm24714	8.57764665841588	-3.22837494278381	0.933567300507228	-3.45810627796171	0.000543986745639047	0.00326824533740209	3.26441168185687	down	NA
Gadl1	19.8294793679661	3.22339769358808	0.879854423242668	3.66355798008991	0.000248735879891564	0.00167593509265473	3.60426156368467	up	73748
Hpdl	28.109702748678	3.21497657527815	0.503133948139585	6.38990190816187	1.65992201270627e-10	5.86316124704534e-09	9.77991231572317	up	242642
Gm7665	213.119071139485	3.21481881813243	0.37526388865386	8.56682168290846	1.063804319264e-17	1.42916200269122e-15	16.9731382506871	up	665509
Toporsl	69.8013429185923	3.21404709725452	0.624114782473487	5.14976922116255	2.60807164596074e-07	4.37367465621516e-06	6.58368048233505	up	68274
Slc12a3	161.725458493032	3.21337056561156	0.408389487070405	7.86839687931925	3.59214467341542e-15	3.19357509163719e-13	14.4446461804678	up	20497
Gm18103	10.3738156952009	-3.21267912650427	0.682811875446591	-4.70507213191486	2.53776211402421e-06	3.2307785682837e-05	5.59554909044015	down	100416414
Gm44066	12.9950392624382	3.21163938019405	0.72667279907088	4.41964992263427	9.8860917752219e-06	0.000104853276889656	5.00497536218523	up	115490435
Fabp12	238.291652782384	-3.20944115408739	0.426007199336987	-7.53377210310618	4.92951314806813e-14	3.43531662670269e-12	13.307195970692	down	75497
Gm7769	3.09534485248171	-3.20819089559118	1.18682542961787	-2.70316999916672	0.00686816094270051	0.0265863880602547	2.16315953650067	down	665751
Olfr16	706.166421081704	-3.19591025310453	0.477178304956511	-6.69751792968836	2.11989227126678e-11	9.05710864024265e-10	10.6736862084973	down	NA
Gm50397	204.419754808132	3.19279377958147	0.326707676287552	9.7726316561088	1.47568211079384e-22	3.96499386702406e-20	21.8310071874975	up	NA
Rnf183	25.2519826653702	3.18930644106609	0.591449537735207	5.3923559620634	6.95398372549537e-08	1.3539551888078e-06	7.15776633003698	up	76072
Gm26912	12.4264241559581	3.18926564965195	0.852348712169065	3.74173809864261	0.000182751917785957	0.00128580357169043	3.73813805689	up	NA
Gbp11	1726.43682667891	-3.18680323958151	0.745732362565769	-4.27338734317093	1.92525578316373e-05	0.000185410335915832	4.71551156338299	down	634650
Etv4	316.616605095215	3.18305587847288	0.281539826818706	11.3058813541239	1.22715781523451e-29	6.74434779272747e-27	28.9110995824415	up	18612
Fitm1	377.919917328569	-3.17902989593058	0.549012963905786	-5.79044595470813	7.01997844393722e-09	1.73753448036121e-07	8.15366422144477	down	68680
Adgra1	10.3607559693468	3.17690218351258	0.83186018305256	3.81903383313137	0.000133975388344406	0.000988344368805501	3.8729749754257	up	52389
3930402G23Rik	112.057483116966	-3.171913217767	0.316244041286717	-10.0299540976686	1.1256892372212e-23	3.5352489785043e-21	22.9485814862053	down	665306
Slc7a14	4.29290347901809	3.16790089389363	1.21537747093998	2.60651605747106	0.00914685350614893	0.0336767983382603	2.03872827641738	up	241919
Cyp2c37	4285.14920487196	-3.16476019742904	0.638807831708914	-4.95416624583765	7.26410820111974e-07	1.07833434327488e-05	6.13881769548928	down	13096
Olfr542-ps1	47.4978127799674	-3.16236796883152	0.663041135309187	-4.76948985579433	1.8469304309539e-06	2.45398196051249e-05	5.73354946299065	down	NA
Tnfsf4	3.99955621430135	3.15949711357738	1.27366182318304	2.48064050917488	0.0131146564081187	0.0449733248844564	1.88224308303877	up	22164
Gm6951	7.84041956736455	-3.14819530620248	0.859616107588297	-3.66232702995169	0.000249934507393747	0.00168307331044155	3.60217377854306	down	629152
Cyp3a41b	14.9728363497008	-3.14310064197689	0.740306913005343	-4.24567241877722	2.17938842953271e-05	0.000206593379078636	4.66166535912097	down	100041375
Gm6236	4.22710702511916	3.14275383104162	1.25881001109201	2.49660695684753	0.0125387849082963	0.0434464674956902	1.90174454749177	up	100534370
4930483O08Rik	3.99150567421534	3.14103180730731	1.25791015963896	2.49702395933333	0.0125240494436038	0.0434070743848117	1.90225522650371	up	74970
Serpina7	5578.60885639807	-3.1318027828109	0.469712759334105	-6.66748501201191	2.6022402627534e-11	1.07752352797779e-09	10.5846526078625	down	331535
Gm45925	4.3768777624838	-3.13168712980898	1.13792884178511	-2.7520939928864	0.00592155222941676	0.023582835311554	2.22756443579267	down	105661729
Gm44955	19.7964586271893	-3.12598980350734	0.741789385051402	-4.21412043162458	2.50753466610782e-05	0.000233579365546299	4.60075305424164	down	NA
Gm47448	48.1774945454745	3.11915748077789	0.471299246174699	6.6182102052879	3.63573796850530e-11	1.44604301898676e-09	10.4394074243865	up	NA
Duox2	7.60151636819565	3.11620381440102	1.05666375909562	2.94909689821114	0.00318704033408238	0.0141411026346386	2.49661244021043	up	214593
Gm2788	3754.31113602401	-3.1157318853609	0.679049875444725	-4.58836971779184	4.46720961508937e-06	5.27986622248734e-05	5.3499636686294	down	108167326
Gm34350	10.6282747666201	3.10878348767317	1.03138522646702	3.01418268159823	0.00257672600411217	0.0118499358512179	2.58893175965188	up	102637575
Lif	271.425928229623	3.1074433012607	0.800442155751433	3.88215847820199	0.000103533365014604	0.000790790850531631	3.98491967043274	up	16878
Pf4	334.103512727753	3.10663247984177	0.450428657403965	6.89705778878896	5.3090589569933e-12	2.50260553017567e-10	11.2749824518005	up	56744
Gm15889	479.440047336612	3.10630460573194	0.404510525230818	7.6791688027387	1.60124126402885e-14	1.25311379439306e-12	13.7955432266427	up	115486954
St18	354.882738642041	3.10509552734371	0.336427836303858	9.22960347591222	2.71635595739148e-20	5.51990922366728e-18	19.5660133197371	up	240690
4921507G05Rik	4.16072370787658	3.10271348467005	1.25015806969875	2.48185694263263	0.0130699735560069	0.0448754934731449	1.8837252911105	up	66709
Gm47141	4.29114466383461	-3.10203058826364	1.25477941432562	-2.47217204302862	0.0134294869842572	0.0458106720628168	1.87194057736566	down	NA
Gm49990	3.85399639880089	3.10053218680792	1.24441874181991	2.49155053890745	0.0127186871142518	0.0439187907749304	1.89555771639697	up	NA
Spdye4c	20.0225100397285	3.09876370564866	1.01030355093661	3.06716105548271	0.00216102386891865	0.0102145971849474	2.66534043622532	up	241634
Gm18878	12.1301703704581	3.09792737120653	0.936673453005579	3.30737180739559	0.000941758042577169	0.0051407659109709	3.02606066225082	up	100417883
Klhl30	7.87761559781412	3.0977710091389	1.08924573403944	2.84395973500936	0.0044556678228112	0.0186291479194189	2.35108719397829	up	70788
Vwa5b1	14.8361613826345	3.09487319806852	1.00888286299129	3.06762391512168	0.002157679813574	0.0102047747412178	2.66601300150434	up	75718
Cd300ld2	7.58489960389489	3.09327972569755	0.977717777067809	3.16377568072286	0.00155736779218032	0.00781495495963985	2.80760881116228	up	629970
Bnip5	73.9455182954611	3.08959393456799	0.490490726521136	6.29898541911548	2.99600170042372e-10	1.00484484215876e-08	9.52345794448244	up	207819
Gm38563	19.8129083533081	3.08640519883824	0.703532874575626	4.38700920792077	1.14919926464021e-05	0.000119270114238324	4.9396046605802	up	102641552
Cd63	2031.57472648513	3.07917363609246	0.339275880835445	9.07572217780467	1.12926112134064e-19	2.02618593522044e-17	18.9472056236684	up	12512
Vmn2r26	8.10164474880583	3.07554978934746	0.906028844657614	3.3945384934292	0.000687443752760577	0.00396843275943096	3.16276283039229	up	56552
Rnf138rt1	32.0374354654135	-3.07547887699221	0.882924961673411	-3.48328454907792	0.000495301612734088	0.00301469509165258	3.30513025792432	down	74264
Gm21188	309.117355082451	3.07228564912521	0.335678408026276	9.15246728912249	5.56477974987285e-20	1.0765400312914e-17	19.2545520200638	up	NA
Ifitm2	33.0527526980969	-3.07197491990561	0.366014103636787	-8.39305067586704	4.73687305188273e-17	5.78520525962768e-15	16.3245082542008	down	80876
Cyp3a57	17.2828380976612	3.0664767685118	0.752376078925155	4.07572337080754	4.58715249573815e-05	0.000394055139083268	4.33845682190056	up	622127
Nos1ap	68685.9333229398	-3.05699614788635	0.148209340384703	-20.626204394078	1.59704390165622e-94	1.93098578149254e-90	93.796683145236	down	70729
Gm49390	37.9861172938832	3.0559853597356	0.835158026575441	3.65917019592885	0.00025303325646907	0.00170157124803533	3.59682239522013	up	NA
3300005D01Rik	48.0589197627741	3.05474678881019	0.538122068375932	5.67668001059594	1.37334025932262e-08	3.2180343169515e-07	7.86222184845982	up	78512
Gjb5	11.2206162336052	3.05143714213366	0.962298655862361	3.17098763834303	0.00151921607983362	0.00765687437318393	2.8183804515451	up	14622
Mpig6b	18.565219678006	3.04717178964118	0.668807252519542	4.55612850811922	5.21050656241677e-06	6.0548039256301e-05	5.28312005279107	up	106722
Bean1	28.1364091814422	3.04606289665789	0.56446990869044	5.39632467517125	6.80198137517535e-08	1.33402687440787e-06	7.16736456156379	up	65115
Tbx3	3718.16574378977	-3.04420407786617	0.425981819321445	-7.1463239504337	8.91325732820744e-13	4.92101344088384e-11	12.0499635550937	down	21386
G930009F23Rik	189.917600594285	3.04413632808176	0.479250793294601	6.35186497481809	2.12720006877476e-10	7.31720512988781e-09	9.67219166163526	up	100038726
Plau	793.842605247295	3.03925451316103	0.304020217287642	9.99688290560461	1.57269556338326e-23	4.75386551421676e-21	22.8033553383677	up	18792
Psat1	1043.18389224196	3.03743654729802	0.338521716840334	8.97264900948922	2.89467325661699e-19	4.89503417423161e-17	18.5384004512308	up	107272
Gm49503	15.6202779879028	3.03522980046594	0.632949809517632	4.79537201026899	1.62373215872595e-06	2.19480665524376e-05	5.78948560784159	up	NA
Cdhr1	5.67123279380206	3.03330593682907	1.06880673816874	2.83803032719107	0.00453928694662658	0.0189126528158725	2.34301236288447	up	170677
Gm15441	251.532421267646	3.03030752899211	1.19316934721208	2.53971285473653	0.0110943513203005	0.0393320046367844	1.95489808561312	up	100038464
Cdsn	16.4561201675283	3.03008060310692	1.0933134848184	2.77146549931214	0.00558045856726728	0.0224611599656553	2.25333011198519	up	386463
Gm33103	15.4799866607086	3.02527445385269	0.634820533435068	4.76555860202359	1.88331147830318e-06	2.49820286167457e-05	5.72507784667407	up	102635877
Gm10639	13.3590151110489	3.02483926583276	0.650769109687074	4.64809902745271	3.35008083772865e-06	4.11018035606059e-05	5.47494471327482	up	NA
Crnde	48.9575774672929	3.02363990511843	0.392621173030131	7.70116364785653	1.34832678945986e-14	1.0796436563814e-12	13.8702048365402	up	71296
Nudt7	33200.513841509	-3.01900338433263	0.61148107824198	-4.93719837253562	7.92528462255878e-07	1.16645911590211e-05	6.10098513191311	down	67528
Cox4i2	132.804937527495	3.0139628712524	0.482920208749745	6.2411197888268	4.34449365407855e-10	1.39519980800701e-08	9.36206083280654	up	84682
Klrb1a	22.9452740231119	3.01094007309223	0.637874073289346	4.72027348213985	2.35527762696238e-06	3.03599805837977e-05	5.62795789331158	up	17057
Rpp25	33.8030215431494	3.00836826027052	0.537365478883806	5.59836531836653	2.16382407607139e-08	4.85395118808518e-07	7.66477805128137	up	102614
Gm31518	3.87909063666277	3.00251341046086	1.22502756873738	2.4509761960341	0.0142469374616524	0.0480233400749482	1.84627848207292	up	102633771
Bcat1	110.961543996355	3.00170223712031	0.48968898045997	6.12981373258752	8.79820178221927e-10	2.67284064695511e-08	9.05560608192503	up	12035
Scel	34.1245475855731	3.0000226369964	0.502794628356664	5.96669587899474	2.42106053370995e-09	6.6681191145984e-08	8.61599435176953	up	64929
Adh6-ps1	8829.54584097972	-2.99904030313618	0.29477621328043	-10.1739562692703	2.59163411220724e-24	8.70429112519382e-22	23.5864263123176	down	639769
Gm46606	7.85443886030392	2.99857962688241	0.959962190068624	3.12364347044549	0.00178626756458291	0.00875821618952633	2.74805348771032	up	108168356
Gm12503	59.1875988485347	-2.99564255347457	0.584797040204505	-5.12253371259709	3.01457176044999e-07	4.97904266786561e-06	6.52077437350156	down	NA
4930572G02Rik	10.1860311390141	-2.99393185672143	0.91606008147697	-3.26827019019789	0.00108207012510325	0.00577374663840399	2.9657445932419	down	75943
Gm35986	109.800655107505	-2.99389218994783	0.470130326786096	-6.36821753324161	1.9123756430199e-10	6.68281326582475e-09	9.71842679633444	down	102639747
Lox	430.779056703996	2.98778391416863	0.744505656601828	4.01311109952592	5.9923691865829e-05	0.000493406807326695	4.22240143783921	up	16948
Serpina6	6591.86391503961	-2.98732343431389	0.880086880887085	-3.3943506024119	0.000687915620695203	0.00396978992144035	3.16246482879039	down	12401
Gm47923	12.3063091920664	-2.9812216398977	0.768899192375107	-3.87725942420201	0.000105639699721176	0.000804591879892117	3.97617284193711	down	NA
Mpl	16.235512903929	2.97952035530654	0.69084689580147	4.31285191178274	1.61162070871555e-05	0.000159395550012922	4.79273716072824	up	17480
Gm37795	172.149388387685	2.96975881402874	0.255316611804843	11.6316709399964	2.84473836010744e-31	1.67784056156386e-28	30.5459576709163	up	NA
Gm5640	15.5597382735229	2.96764678678421	0.796148039366228	3.72750624261613	0.00019338377239668	0.0013511720266098	3.71357997210546	up	NA
Retn	7.49267242175072	2.95899352126092	0.866101675576489	3.41645052157574	0.000634431916381178	0.00371833073241145	3.19761497707827	up	57264
Gm23143	7.36855293019596	2.95488517283499	0.952392038852214	3.10259331482454	0.00191833059045692	0.00928710116885472	2.71707654771837	up	115490088
Serpinb1b	20.6466581509318	2.95411623793514	0.68696246887497	4.30025856110169	1.7059894610026e-05	0.00016756392017045	4.76802365607738	up	282663
Cfap44	129.249545079072	2.95329673666934	0.41594273548342	7.10024838692505	1.24532865817942e-12	6.67728106698332e-11	11.9047160175663	up	212517
Slc13a3	2211.17130818713	-2.9476456074713	0.337101362221247	-8.74409283916418	2.24814547848771e-18	3.41916062646476e-16	17.6481755888057	down	114644
Ankrd66	35.1053594903723	2.94593315819621	0.634076574990264	4.64602111857143	3.38398376266122e-06	4.14749431954242e-05	5.47057172949931	up	100043332
Gm49774	96.0980180819077	2.94481320787629	0.53621310241661	5.49187103896674	3.9769775714878e-08	8.2763572834525e-07	7.40044685824876	up	NA
Reg4	18.1191991514289	2.93854864415681	0.552353309801971	5.32005256782174	1.03737273443967e-07	1.92818965904844e-06	6.98406517087686	up	67709
Gm19689	21.7801456754605	2.93614842179621	0.517801499980979	5.6704131253078	1.42453590927196e-08	3.32832148386614e-07	7.84632659872208	up	100503434
Psrc1	92.8569275417671	2.93422637685368	0.391167575237138	7.50120041282783	6.3236018676461e-14	4.31969888032254e-12	13.1990354809485	up	56742
Areg	21.1432146246636	2.93072789919442	0.879704499589738	3.33149131391416	0.000863819958001785	0.00479763303270537	3.06357676607931	up	11839
Olfr53	4.12559806326539	-2.92856464280277	1.15843246344479	-2.52804089596575	0.0114700990416845	0.040374080789813	1.94043283204892	down	NA
Gm31816	39.636368354758	2.92819269131867	0.54692236577075	5.35394577837774	8.60566574079887e-08	1.62452934382512e-06	7.06521552668779	up	102634165
Gm26077	10.1577583014763	-2.92452774078563	1.17044539031631	-2.49864518667998	0.0124669063116724	0.0432780259013583	1.90424130421678	down	115485788
Gm33424	24.3408473100936	2.91964198806633	0.672929630093216	4.33870327223056	1.43325881501262e-05	0.000144112534988088	4.84367537849132	up	102636324
Rhov	13.4620197001274	2.91963106747498	1.02336617601775	2.85296811238788	0.00433129675471895	0.0182067951545082	2.36338205997327	up	228543
Gm49497	19.8211765880139	2.91676759020547	0.656269031855187	4.44446933898458	8.81090718965387e-06	9.45696216867332e-05	5.05497937340667	up	NA
Mthfd1l	2946.43572258434	2.91623256045869	0.224623303556331	12.9827694379331	1.53237779064358e-38	1.61112868405839e-35	37.8146341510448	up	270685
Gm10440	13.5598329571308	2.90908808705997	0.793154268357483	3.66774561156218	0.000244698456304164	0.00165287655596293	3.61136877041404	up	330086
S100a11	2504.35385651383	2.90851743921932	0.313603020509957	9.27451985152987	1.78420823601802e-20	3.75180204899023e-18	19.7485544602312	up	20195
B9d1os	5.55705858787759	2.90805177505885	1.1691228486854	2.48737913071218	0.0128688174449615	0.0443043484416371	1.89046135991178	up	73216
Prdx6b	5.30439482205532	2.90618442001691	1.12761165706107	2.5772919265409	0.00995778128858934	0.0360586335939072	2.00183741674322	up	320769
Flnc	470.781000059867	2.90208454985732	0.462399544067296	6.27614059549108	3.47080357138219e-10	1.14816651112399e-08	9.45956996434033	up	68794
Eda2r	569.819249071823	2.89863064812588	0.289873033380142	9.99965610572885	1.52927197182481e-23	4.68112086362879e-21	22.8155152710566	up	245527
Gm25698	9.10731384550503	-2.89787538875164	0.796199335652474	-3.63963552717219	0.000273024211522318	0.00181480799423658	3.563798838438	down	115487936
Wfikkn2	10.2961227251644	2.89537125200072	0.749324799680211	3.86397361095799	0.000111557278846754	0.000842761048757327	3.95250208777505	up	278507
Gm26834	10.566003512437	2.89315479195816	0.798468061304823	3.62338198879275	0.000290775902527832	0.00191647393702045	3.53644158760952	up	NA
Serpina5	71.1464290454006	2.89103881376189	0.629297090238252	4.59407624571622	4.34670440549394e-06	5.16013774833846e-05	5.3618398926888	up	268591
Gm8134	5.45013123111216	2.88958337736831	1.1041028336451	2.61713247110199	0.00886719212147098	0.0328076424252238	2.05221388176975	up	666493
Id1	1532.2562749948	2.88661413876168	0.303160835000822	9.52172512242174	1.70327668402862e-21	4.20292211971225e-19	20.7687147985514	up	15901
Acta2	2903.74083390809	2.88558864425336	0.365364691451405	7.89783115820636	2.83798220478665e-15	2.609432915443e-13	14.5469903320594	up	11475
Ugt2b1	19262.4382249888	-2.8849241101526	0.362060930235284	-7.96806247025284	1.61181386971147e-15	1.54058826076533e-13	14.7926851114295	down	71773
Asb11	99.296974982875	2.88291315277185	0.42287859947478	6.81735409725738	9.27325030837226e-12	4.23105167843506e-10	11.0327680173574	up	68854
Vcan	1637.94544478089	2.88258567895204	0.466018637409153	6.18555879004729	6.18828665160398e-10	1.93590100658587e-08	9.20842957727285	up	13003
Gm11212	411.871540164369	-2.87910550738986	0.362062688045718	-7.95195308008736	1.83593792408044e-15	1.74104513255346e-13	14.7361420070591	down	435786
5430425K12Rik	58.7534540178667	2.87525768640874	0.577884606056835	4.97548759090142	6.50836039515206e-07	9.8059296620291e-06	6.18652840636636	up	71416
Ms4a4a	310.209295852417	2.8742030232747	0.345699528992884	8.31416528581344	9.24002979252509e-17	1.08467184680991e-14	16.0343266284868	up	666907
B430319H21Rik	16.8176953654515	2.86930001725536	0.778591473775844	3.68524459090266	0.000228483110618113	0.00155990360840407	3.64114589728537	up	77849
Tlr2	2085.27209157293	-2.86722540185549	0.684096709376228	-4.19125740930675	2.7741270298991e-05	0.00025507201458943	4.55687365605254	down	24088
Cyp2c40	759.129551433637	-2.86365654434446	0.3395937421229	-8.43259515455999	3.38082692336935e-17	4.23601847984029e-15	16.4709770617541	down	13099
Gm28856	96.9095744591479	2.86197883575188	0.303273382160648	9.43696019532585	3.83750719882258e-21	9.19518740770369e-19	20.4159507968161	up	433347
Gm38388	56.8066002951693	-2.85994928894638	0.329935833478996	-8.66819847601806	4.3901098113304e-18	6.24480208574068e-16	17.3575246164644	down	105243936
Sult2a8	25531.9539220156	-2.85602731258068	0.695640185497644	-4.10561001523733	4.03249306665863e-05	0.000353054841918678	4.39442637065059	down	76971
Gm12724	20.0363842170009	2.85033603056545	0.623273301466389	4.57317203201133	4.80395387581157e-06	5.62562773001817e-05	5.31840117103946	up	105244641
Slc13a5	1272.69885964679	-2.84846672880092	0.203921187880001	-13.9684686932931	2.427908851242e-44	3.91411278938227e-41	43.6147676216107	down	237831
Prdm8	6.72082971082852	2.84331161266893	0.981825960835961	2.89594258665562	0.00378021553702188	0.0163500576133541	2.42248343723404	up	77630
Mgarp	7.1230296458436	2.83825128990202	1.15053599260218	2.46689482828148	0.0136290381346114	0.0463214898343181	1.86553479329012	up	67749
Grk1	6.95243319028113	2.83746073116226	0.907671042752869	3.12608929613591	0.00177147752540176	0.00869158937240041	2.75166435315633	up	24013
Vmn2r20	34.2361345078056	-2.82715226900464	0.70954534694894	-3.98445607622043	6.76348653824379e-05	0.000546274654201107	4.16982937003817	down	667180
Gm15962	214.795331654582	-2.82454398781758	0.407134985312662	-6.93761059528807	3.9878711144488e-12	1.92484429719762e-10	11.3992588862651	down	NA
Itgb6	103.467058011023	2.82370728400076	0.534584219846212	5.28206254350921	1.27737572507552e-07	2.33304379031542e-06	6.89368134132186	up	16420
Cldn4	151.28745679186	2.82311355111142	0.376887246924953	7.49060514555847	6.85567782603858e-14	4.63083802204651e-12	13.1639495997286	up	12740
Gm8495	5.12244657001686	2.82280105552957	1.13254986282307	2.49242982423154	0.0126872398897389	0.0438378098598524	1.89663284843604	up	667174
Draxin	8.35176142048232	2.81880858255013	0.88805040199945	3.17415382753452	0.00150274025900148	0.00759441273629546	2.8231160785153	up	70433
Cyp7b1	62771.7629288984	-2.8172469987741	0.406427768771673	-6.93172862496213	4.15728896290978e-12	1.99863939763587e-10	11.3811897877056	down	13123
Gm47849	13.3195954616308	2.81712943199243	0.632950303976314	4.45079086666787	8.55546283072417e-06	9.22372724799696e-05	5.06775649116175	up	NA
Nwd1	21.2724664294729	2.81042759445612	0.751477115630996	3.73987116307098	0.000184114599388809	0.00129426140768029	3.73491177269854	up	319555
Fam107a	151.879835523158	2.80117476886587	0.545585987978521	5.13424983519949	2.83271600899311e-07	4.72085747876171e-06	6.54779696304026	up	268709
Gm379	4442.91943303219	-2.80079796843698	0.476073482022287	-5.88312114453344	4.02601015313188e-09	1.05023708223339e-07	8.39512513420554	down	236954
Dnah12	228.320996102206	2.80047851579177	0.321698748204802	8.70528260187358	3.16784425696923e-18	4.61474757964035e-16	17.4992361780931	up	110083
Gm43904	12.0351006424255	2.79904902037789	1.03515802152698	2.70398235068396	0.00685139281534067	0.0265385841839769	2.16422113208005	up	NA
Arhgap22	2368.28858374967	2.79697656213581	0.205308100690392	13.6233132191588	2.91057635396676e-42	4.14020925833083e-39	41.5360210032606	up	239027
Ankrd1	220.723372124625	2.79406836923058	0.44126624686254	6.33193313355999	2.42108414855607e-10	8.27803634918699e-09	9.6159901157138	up	107765
Gm12287	9.23419115334871	-2.79071730725277	0.927851049114403	-3.00772123921873	0.00263214457072494	0.012057306309769	2.57969026074813	down	118567928
Ttc22	16.7302863712059	2.78907337480144	0.643856735398823	4.33182293740207	1.47879846772528e-05	0.000147892078356215	4.83009100809812	up	230576
Rbm44	20.3186793237594	2.78415252506776	1.02256203286446	2.72272237339834	0.0064746442649799	0.0253801017370309	2.18878408794174	up	329207
Gm50419	6.80423323464869	2.78313855244397	1.02388549653371	2.71821269259706	0.0065635630945765	0.0256703999277129	2.18286033559116	up	NA
Gm15406	6.46759739082137	2.78285114279028	0.926831408832878	3.00254298275737	0.00267734162011605	0.0122157500108767	2.57229621070864	up	NA
Cd109	54.3150943399524	2.78204457435402	0.529879436071524	5.25033504787398	1.51822806418134e-07	2.71954007763209e-06	6.81866298497821	up	235505
Rgs20	421.473723728396	2.78081475306791	0.266489186514059	10.4350003444557	1.71613133679032e-25	6.38453661327131e-23	24.7654494783401	up	58175
Gm47163	22.6095592856127	2.77468469322411	0.780338715558413	3.55574398386544	0.000376910976741105	0.00239383767187414	3.42376121445097	up	NA
Cpxm1	366.998941928244	2.77452530031313	0.391926594440167	7.0791963078604	1.44992871750864e-12	7.6554969971166e-11	11.8386533483537	up	56264
Elovl7	559.152014478326	2.77312851514062	0.299391495600144	9.2625493906624	1.99608237008446e-20	4.16114343736055e-18	19.6998215411373	up	74559
Trem2	623.309089354115	2.76934473601916	0.321474026778786	8.61452094207539	7.02346457162418e-18	9.70522401548663e-16	17.1534486039431	up	83433
Stfa2l1	19.0706218216366	2.76909096406173	0.845988214290082	3.2732027672341	0.00106336164733397	0.0056927631958889	2.97331900760242	up	268885
Gm28578	27.1721319173604	2.76619051309739	0.501085028462655	5.52040144081765	3.38226061435489e-08	7.18084514278577e-07	7.47079293162428	up	102639970
Lcn5	5.7747690255487	-2.7647304536823	0.914557047183399	-3.02302678897611	0.00250260088278813	0.0115580394475903	2.60160840657387	down	13863
Gm49528	9.70417329741972	2.76047418993189	0.848446064728778	3.25356472814135	0.00113966758007268	0.00604055979534735	2.94322180585021	up	NA
Gm36037	72.4267907404648	2.75393891514115	0.296315293426094	9.29394795421866	1.48669132835679e-20	3.29827244975448e-18	19.8277791917382	up	102639815
Gm48065	6.31185068586606	2.74966210607737	1.10150886889463	2.49626869444697	0.0125507492379109	0.0434726238382148	1.90133034747555	up	NA
Col12a1	2560.40136249399	2.74922650989898	0.464581662113974	5.91763888697036	3.26596044826371e-09	8.75581547227418e-08	8.48598907900071	up	12816
Gm14024	6.3269783143841	2.74854826957363	0.914895140478719	3.00422217581727	0.00266260810606316	0.0121567147736809	2.57469275015844	up	671466
Cyp4a31	1585.44815693105	2.74649105315586	0.941242898687154	2.91794079613951	0.00352351242634083	0.0153911809056672	2.45302419254142	up	666168
Phlda3	354.195905541421	2.742106067997	0.299027385339541	9.17008341855839	4.72653138641542e-20	9.21749854728208e-18	19.3254574538389	up	27280
Siglecf	46.8870456515312	2.73922495178869	0.736832858973549	3.71756622744076	0.000201151264871877	0.00139536428202287	3.69647723216978	up	233186
1700061I17Rik	35.1500403002115	2.73840987014574	0.61976829644001	4.41844135280128	9.9415248183973e-06	0.000105348796300825	5.00254699896003	up	433646
Gm5652	4.77487719878176	2.73192853743034	1.07548682908923	2.54017851594135	0.0110795900778013	0.0392911933218055	1.95547630731898	up	435292
Gm15569	9.23413518055541	2.73132194162237	0.796082935524042	3.43095149982634	0.000601468126905309	0.00355529265334251	3.22078738191667	up	102638208
Uchl1	22.7661180694609	2.72634903250205	0.893304044354033	3.05198330818432	0.00227334742170106	0.0106580239146132	2.64333418864908	up	22223
Lrp8	408.448614543127	2.72248284061642	0.306890784071697	8.87117822339162	7.23760132103581e-19	1.14391944539404e-16	18.1404053434222	up	16975
Cyp2c69	426.639662395426	-2.72170664093233	0.336950631372164	-8.07746413724978	6.61274676465296e-16	6.74723385075265e-14	15.1796181082985	down	100043108
Gm7694	2682.71657626014	-2.71906338276102	0.442679809527681	-6.14228009554385	8.13452511541629e-10	2.48056855411093e-08	9.08966779561884	down	665574
Gm2544	43.1401040556445	2.71658542148664	0.43215531476291	6.28613215824273	3.25472903149552e-10	1.08410271955406e-08	9.48748516224933	up	100039999
Oacyl	51.201049377717	2.71601778419181	0.423387101749274	6.41497526252043	1.40845730147922e-10	5.0533107513903e-09	9.85125631446666	up	319888
Scn5a	53.9126827914396	2.71195582270528	0.596664502219594	4.54519384447507	5.48847198119093e-06	6.33518994984053e-05	5.26054854853801	up	20271
Sorcs2	607.468993453223	2.70953322872287	0.372839128257078	7.26729847639436	3.66747867656326e-13	2.17370022932972e-11	12.4356324025502	up	81840
Ikzf4	469.094398195958	-2.70635859332205	0.482504146644817	-5.60898514995408	2.03516483846561e-08	4.60016620924185e-07	7.69140040927081	down	22781
Acot2	697.295522761473	2.70578599378564	0.797281117077533	3.39376655965943	0.000689384303807857	0.00397299600445224	3.16153860901516	up	171210
Clec2e	9.30476508404891	2.69537435802199	0.765703456092809	3.52012823838592	0.000431338196375808	0.00267795128748647	3.36518208198681	up	232409
Gm14812	6.14545491157908	2.69190661926474	0.972649439347944	2.76760208803428	0.00564703561579742	0.022679878755612	2.24817947316351	up	100038584
Cxcl1	13154.7124752328	-2.6829078849337	0.324689801474099	-8.26298785102964	1.42070704347728e-16	1.62054423232866e-14	15.8474954664202	down	14825
Emp1	1676.40920821631	2.67854248428742	0.340467796961997	7.86724180139246	3.62545493990605e-15	3.19966245827767e-13	14.4406374882671	up	13730
Ccn2	1698.75747077932	2.67848809118039	0.415865368304679	6.44075774354459	1.18878490751803e-10	4.34166695171092e-09	9.92489671723024	up	14219
Gm50028	9.32607604844873	2.67496951175417	0.980022469306767	2.72949814471739	0.00634308060172591	0.0249574316809203	2.19769976997375	up	NA
Nyx	56.8577715616132	2.6734553420871	0.486306199869074	5.4974732849527	3.85271658698083e-08	8.06761671984778e-07	7.41423293732424	up	236690
1810046K07Rik	265.878904954842	2.67104702842785	0.333903534542153	7.9994571848135	1.24968893992807e-15	1.2136537327446e-13	14.9031980737793	up	NA
Gm9959	10.5487725922419	-2.66740036039283	0.605156799695448	-4.40778383674319	1.04433694787361e-05	0.000110087864313337	4.98115935670469	down	100043697
Ryr1	60.3526818989101	2.66506260582865	0.444913434608915	5.99006997433395	2.09750771794575e-09	5.82341350578233e-08	8.67829643247538	up	20190
Ifitm7	11.7085676192534	-2.66344666643953	1.07942993437253	-2.46745673955001	0.0136076662876757	0.0462553536925182	1.86621634983626	down	74482
Slc34a2	357.743127340881	-2.66333139430821	0.459177813442427	-5.8002179468154	6.62287839166092e-09	1.64461049907134e-07	8.17895321933262	down	20531
E230014E18Rik	39.9005971450778	2.66272110092331	0.466927164801162	5.70264765395951	1.17960653232877e-08	2.80208695135307e-07	7.92826283111305	up	442848
Aplnr	17.840021664577	2.65999713366872	0.698261034599496	3.8094595027695	0.000139270915060752	0.00102168272916035	3.85613957092339	up	23796
Ccr1	468.1967879661	2.65900995139858	0.535335022196399	4.96700167399672	6.7996001431855e-07	1.01687031949605e-05	6.16751662563405	up	12768
Slc22a26	92.2175014690094	-2.65851435625383	0.515195739399007	-5.16020252682034	2.46682837028767e-07	4.18029738264165e-06	6.60786106552037	down	236149
Tmem179	19.2544310030835	2.65313288238244	0.839260197982291	3.16127571492247	0.00157079736131441	0.0078644650265234	2.80387983694552	up	104885
Tmbim7	7.37435455214049	2.65283871819106	0.834787899123703	3.17785957484028	0.00148366590361052	0.00751529302076027	2.82866388379672	up	75010
Gm34086	5.96749124589692	2.65063347371848	1.01182473953083	2.6196567153987	0.00880183201447516	0.0325955851231634	2.05542692433052	up	102637216
Ckmt2	11.9226303182652	2.64909345057181	0.735987836714317	3.59937123743539	0.000318987533854198	0.00208086229934238	3.49622628899336	up	76722
Gpr176	286.381674934859	2.648934004137	0.269274143687492	9.83731288812953	7.77599587689911e-23	2.21222508582558e-20	22.1092439783596	up	381413
Tent5b	22.5314402060855	2.64646187569535	0.458088370714494	5.77718633539548	7.59601486190377e-09	1.86484092782291e-07	8.11941419421984	up	100342
Nptx1	47.7148389364604	2.645875365094	0.526259552025798	5.02770040925413	4.96396593383236e-07	7.72354729516863e-06	6.3041712075922	up	18164
Gm26569	377.739497771134	2.64035109260065	0.284529963941264	9.27969432824201	1.69965463681411e-20	3.63726092278219e-18	19.7696393166002	up	102635673
Smpd3	2433.71581699808	2.63746478833521	0.41654461066169	6.33177028540962	2.42364144207443e-10	8.27803634918699e-09	9.61553163006956	up	58994
Obp2a	191.807452369988	2.63687224332065	0.58199851654841	4.53071987014475	5.87830409493785e-06	6.68912765990722e-05	5.23074795087018	up	227627
Gm13481	860.232193258465	-2.63290557539968	0.21724697433591	-12.1194119432414	8.33550681419667e-34	5.92850664061482e-31	33.0790679891272	down	102633236
Myo5a	1894.31499794054	2.63162113462035	0.283319098130119	9.28854126668061	1.56417272383197e-20	3.407641874568e-18	19.8057152916436	up	17918
Cd248	482.693633002416	2.62940404605317	0.40576580268382	6.48010263226162	9.16602477356092e-11	3.43115806616486e-09	10.0378189732961	up	70445
Gcnt1	744.004494113721	2.62836238720098	0.369143830026148	7.12015798019651	1.07803426175631e-12	5.89796934791653e-11	11.9673674363151	up	14537
Gm829	3.4250375409712	-2.62597060501274	1.01375271508656	-2.59034631023259	0.00958794235203025	0.0349970750123465	2.01827458584723	down	329839
Sec14l5	23.8813704869339	2.62179063839562	0.53058099086205	4.9413580274256	7.75802977054242e-07	1.14462889512664e-05	6.11024855817789	up	665119
Cyp3a44	322.767857297992	-2.62115095764657	0.55736328684456	-4.70276930596897	2.56656356737087e-06	3.25627702970422e-05	5.59064797488012	down	337924
Gm10717	11.8722481704451	2.6165981691279	0.718843078356899	3.64001302636009	0.000272624248525999	0.00181314619853017	3.56443551852085	up	NA
Orm2	19732.9263029999	-2.61518487286574	0.427844543422727	-6.11246517705811	9.81037196026925e-10	2.96172802426006e-08	9.00831452603188	down	18406
Gm14936	27.8172064830801	2.61509219736305	0.771583979501838	3.38925154855009	0.000700836868119131	0.00402461105316002	3.15438305980867	up	102631947
Hba-a2	842.515409886385	2.61360494757353	0.918858193247747	2.84440511798194	0.00444944355140116	0.0186217452336419	2.35169429860705	up	110257
Gm12618	5.83645095302176	-2.61335590345451	0.890424229519527	-2.93495596460204	0.00333595026502369	0.0146993347865894	2.47678043279053	down	637900
Gprc5b	508.410951380628	2.60532669345621	0.392763137573824	6.63332793792674	3.28201512721413e-11	1.32496977973776e-09	10.4838594215613	up	64297
Sh3pxd2b	4183.50330432795	2.60452574894457	0.436288457433921	5.96973333712145	2.37641670816759e-09	6.56010374850555e-08	8.62407740283656	up	268396
Dusp18	67.6017888965316	2.60439749539248	0.352731656258353	7.38350938789832	1.54170790907297e-13	9.86285202571494e-12	12.8119978996274	up	75219
Gm47990	253.331665872453	2.60272982380546	0.494138459494731	5.26720754840014	1.38514575939606e-07	2.50903331488506e-06	6.85850452322725	up	115488178
Sgcz	405.888526338128	-2.59514109733139	0.390152781106684	-6.65160220047687	2.89919426032026e-11	1.1902939830741e-09	10.5377226837969	down	244431
Gm15983	37.4822616994261	2.5950497001305	0.460713516251149	5.63267542321431	1.77435209633821e-08	4.08154857860845e-07	7.75096019604659	up	115488672
Slc25a24	1230.68376214266	2.59455732198775	0.288591340804855	8.99041986066443	2.4628775296006e-19	4.19417636766209e-17	18.6085571835897	up	229731
Gm15890	1440.6606883822	2.5941513674352	0.414875768731279	6.25283895313604	4.03057716026469e-10	1.30261685955991e-08	9.39463276041701	up	NA
Olfr457	20.2250997228711	2.5939537160945	0.657238564256802	3.94674606324679	7.92205005819302e-05	0.000625844542656726	4.10116241768427	up	NA
Gm5546	15.2878629058365	2.59385504715701	0.701058727509187	3.69991121339121	0.000215674908945145	0.00148208316229369	3.66620037664295	up	433634
Gm39463	18.7314050782554	2.59383600006451	0.998715158169807	2.59717295651929	0.00939945817603681	0.034407765306225	2.02689718022364	up	105243578
Gm49957	12.7757678705712	2.59135109890762	0.624882257818553	4.14694299043463	3.36943916908006e-05	0.000302561373883008	4.47244237985359	up	NA
Acacb	17088.2366952191	-2.59134515874251	0.608186396091307	-4.26077461678947	2.03719594500856e-05	0.000194794275769858	4.69096719694813	down	100705
Ccr2	1420.11998764909	2.58665845254106	0.350127004211113	7.38777192684459	1.49309561740594e-13	9.5771984668728e-12	12.825912379293	up	12772
Irs2	9480.73923071753	-2.58309493256069	0.665607762509039	-3.88080650205099	0.000104110649076498	0.000794698142666629	3.98250484591094	down	384783
Ret	19.4908872944832	2.58052095748211	0.800923474129405	3.22193198331102	0.00127329358026513	0.00663880667485365	2.89507145055743	up	19713
Wnt11	14.0011361898828	2.58051717610719	0.810704950382295	3.1830534337928	0.00145730717857511	0.00741127280595233	2.83644889579408	up	22411
Defb42	9.9911943582512	2.57457921376958	0.782780453676981	3.28901827029013	0.0010053749719928	0.00542678070819865	2.99767193038774	up	619548
Rdh16f1	11.5955878801983	2.57321199717902	0.712527772672033	3.6113848412242	0.000304566319606735	0.00199919184058905	3.5163181246956	up	NA
1700060C16Rik	31.6129945573018	2.57291750765055	0.638277673921157	4.0310316540515	5.55325632938009e-05	0.000463064981231274	4.25545227973002	up	73425
2010106E10Rik	4.42116725049716	-2.56587369151426	1.03814063722474	-2.47160509810464	0.0134508007752217	0.0458704363765916	1.87125185975765	down	67715
Gm5547	8.33696336704716	2.56546698599505	0.91818212432281	2.79407202344216	0.00520488849146148	0.0211928966998689	2.28358857029594	up	433637
Apol11b	28.0592269545165	2.56531130730492	1.02790027179392	2.49568112559002	0.0125715555579658	0.0435225993561529	1.90061098099003	up	328563
Gm6209	125.294497960564	2.56183630743465	0.513749694819848	4.9865456530013	6.1468386907515e-07	9.32514762984647e-06	6.21134818376148	up	621304
1700017G19Rik	6.80234386452777	2.56136394313957	0.921666667669311	2.77905671647721	0.00545170054416045	0.022008851846225	2.26346800749445	up	100040882
4732465J04Rik	7627.58801917147	-2.55709682640561	0.318114270884839	-8.03829648790359	9.10959994299836e-16	9.02821089432731e-14	15.0405006950757	down	414105
Gm49708	92.0440253516587	2.55553870421789	0.362175470460315	7.05607892486443	1.71266574001708e-12	9.00340933154197e-11	11.7663273897673	up	NA
Rps12-ps10	4.17269368692961	2.55466587861858	1.03177433319279	2.47599285660969	0.0132866236546284	0.0454451390687728	1.87658536626998	up	670832
Dppa2	11.1305381642176	2.55263693211455	0.811573290831075	3.14529440649849	0.00165919767989389	0.00824721856016319	2.78010186824167	up	73703
Tnfrsf12a	2047.85655389646	2.55216238627897	0.238792595213556	10.6877785887646	1.1611884565e-26	5.01426058126483e-24	25.9350972901873	up	27279
2010204K13Rik	55.8233662303	2.55123112620707	0.590527497674401	4.32025796640166	1.55846906682819e-05	0.000154771659030963	4.80730181336734	up	68355
Nat8f7	24.2688774628915	-2.54955756627473	0.505278722787088	-5.04584391009287	4.51523922277911e-07	7.0993182630198e-06	6.34531923529939	down	100043497
Gm44427	13.0249138176607	2.54668260581284	0.745537542375723	3.41590122704969	0.000635713010834643	0.00372403392151244	3.1967388999808	up	NA
Capg	1219.04048247189	2.54576144353832	0.384619571497438	6.61890770047638	3.6186269165477e-11	1.44398739432271e-09	10.4414561907069	up	12332
Kcnn4	234.9390365916	2.54488855156842	0.333107146535181	7.63984975416805	2.17475366785237e-14	1.63322649677037e-12	13.6625899280201	up	16534
AA414768	42.3475504804529	2.54301431141623	0.612132171698562	4.15435493997938	3.26206481730946e-05	0.000294011373135212	4.4865074137678	up	245350
Ubd	84.3340635863887	2.54257991805703	0.443137027810343	5.7376832864105	9.59803853472088e-09	2.3209976784662e-07	8.01781751077127	up	24108
AU022793	13.5994491372825	2.54202576784189	0.882377618244734	2.88088196627041	0.00396564118799912	0.0169950431437334	2.40168658340393	up	105976
Gm12514	19.9164233357853	2.5420254994125	0.541725080941569	4.69246410927518	2.69933901799115e-06	3.40153288864314e-05	5.56874256768628	up	105247135
Pkm	10206.4362879519	2.54089513897488	0.328520528353211	7.73435727658094	1.03926796149976e-14	8.43341538422386e-13	13.9832724609157	up	18746
Gm36757	18.7569158260468	2.53871478083051	0.620961657923795	4.088359963027	4.3443367306569e-05	0.000376405413187908	4.36207651983761	up	102640765
Fut4	99.8859139268131	2.53767483225579	0.411959800655208	6.16000597198975	7.27422010253838e-10	2.24083045247877e-08	9.13821356224863	up	14345
Olfr1392	16.5207902787714	2.53624198425467	0.716809837832679	3.53823545715159	0.000402810687683642	0.00253006962326385	3.39489901492961	up	NA
Gm45304	12.8055503730075	2.53509650714155	0.762807796144167	3.32337519353621	0.000889352091464228	0.00491236004472087	3.05092626928007	up	NA
Best3	18.4727018346944	2.53197418502414	0.58495843964222	4.32846850892994	1.50149796657693e-05	0.000149543755468547	4.82347525161353	up	382427
Fbxw15	11.9206447923623	2.53180964449751	0.965226311292153	2.6230217876139	0.00871536989573295	0.0323492056513606	2.0597141759359	up	382105
Gm23144	9.43567652217458	-2.53068203204483	0.951259255570217	-2.66034944440867	0.00780596171190568	0.0296100025282044	2.10757358325575	down	115488584
Gm12664	37.0125749173822	-2.52467672128407	0.718749760559543	-3.51259486934455	0.000443753549585109	0.00274235837875469	3.35285816000094	down	627583
Armc12	11.042292484555	2.52374212385614	0.676026025071207	3.73320261389391	0.000189060387387407	0.00132402498922742	3.72339945656591	up	67645
Gm47731	11.0318495252079	2.52081687084402	0.709498477954748	3.55295599521328	0.000380928180959499	0.00241394268133192	3.41915689716714	up	NA
Fndc10	93.5586397919046	2.51910267666035	0.335894866901193	7.49967601440413	6.39757622103407e-14	4.34567944317545e-12	13.1939845312044	up	230991
Slc22a27	93.7852394580199	-2.51775053794717	0.39784143331172	-6.32852771766093	2.47511401153965e-10	8.44191918576191e-09	9.60640479129925	down	171405
Sec1	11.2554889200662	2.51605020381571	0.877216159037832	2.86822145020153	0.00412786498601006	0.0175338189165107	2.38427451602952	up	56546
Cyp4a10	10631.9786727893	2.5151459774179	0.746857686271732	3.36763753476697	0.000758152004665514	0.00429761645026288	3.12024371235048	up	13117
C2cd4c	36.7753392942185	2.5141096060413	0.50440861604557	4.98427173142135	6.2195622528679e-07	9.42955826952047e-06	6.20624018088057	up	237397
Hbegf	574.034005722481	2.51397214467584	0.318838488934116	7.88478252133268	3.15083774521839e-15	2.85369132415248e-13	14.5015739605742	up	15200
Gm5148	78.5190155829405	2.51359428937845	0.416527038666114	6.03464854869441	1.59309023332786e-09	4.56446777515809e-08	8.79775962487273	up	381438
Gm45889	10.9332482277354	2.51113278999667	0.697573016261159	3.59981354132045	0.000318445445768714	0.00207788660808933	3.49696495777427	up	115485609
Gm13986	139.314798439559	2.50894452929286	0.641458936895922	3.91130964896034	9.17969900153715e-05	0.000712856394525277	4.03717155889839	up	329496
Frmd7	11.384491956024	2.50878617557759	0.812304968539094	3.08847818583403	0.0020118446300045	0.00962993405438814	2.69640556185525	up	385354
Ahnak2	692.781082041457	2.50846581918803	0.321102688360767	7.81203618068032	5.62714010684758e-15	4.74130669211806e-13	14.2497122714688	up	100041194
Gm14276	24.3085625797192	2.50724510700605	0.499555058418613	5.01895649889517	5.19529115819391e-07	8.02763774999649e-06	6.28439010838521	up	668943
Sdcbp2	131.473868964304	2.50463975329236	0.330547726278256	7.57724090706329	3.52980985780522e-14	2.51052535239547e-12	13.4522486883601	up	228765
Gm30239	16.806225866607	-2.50238146878326	0.461216155981323	-5.42561537866987	5.77552072565141e-08	1.15807331830599e-06	7.23840885332641	down	102632068
Nat8f6	300.862914818823	-2.50159390358745	0.314673371321066	-7.94981123787254	1.8679591722711e-15	1.75762601960544e-13	14.7286326203175	down	100504710
Creg2	18.5990755849285	2.50079568140618	0.76776851376566	3.25722615159167	0.00112506757983347	0.0059689500901934	2.94882138984838	up	263764
Hba-a1	3830.11063329614	2.50059862519953	0.865589148742075	2.888897843548	0.00386594645136846	0.0166642276447401	2.41274416583676	up	15122
Irx3	71.1688172582253	2.49605490645918	0.286010080173012	8.72715711610331	2.61154159881884e-18	3.89829005818749e-16	17.5831030519661	up	16373
Cidea	15.5207217754606	2.4958410014986	0.618727357638603	4.03383003949279	5.48750154415975e-05	0.000458530623154358	4.26062534454117	up	12683
Wfdc3	84.0376139113427	2.49036966105835	0.392560155891177	6.34391856556303	2.23993261455579e-10	7.69404126210059e-09	9.64976504665101	up	71856
Zic5	9.57440412129685	2.48882534810757	0.807714157481345	3.08131945571977	0.00206085413954224	0.00982756355795905	2.68595274506388	up	65100
Mroh6	448.578189491095	-2.48632081082485	0.273202872306489	-9.10063935212073	8.98016119766212e-20	1.65769662657913e-17	19.0467158674945	down	223645
Gm26885	291.45404843161	-2.48409295130774	0.346003222257199	-7.1793925360071	7.00218367249838e-13	3.95623377496159e-11	12.1547665015535	down	102640282
Dbp	891.990124942029	2.48383114951317	0.352075729698086	7.05482071042818	1.72823409797012e-12	9.0459214192886e-11	11.7623974305084	up	13170
Tcam1	10.96396529685	2.48352922555455	0.674882728401961	3.6799418936609	0.000233287105092547	0.00158732379722791	3.6321092661009	up	75870
Gm7115	106.714836099662	-2.48343003003028	0.723941560391392	-3.43042887147913	0.000602627943389391	0.00355953808672258	3.21995073429815	down	633522
C1ql1	5.31602389768835	2.48285203357581	1.0144817927151	2.44740916141122	0.0143887390478732	0.0484135922715555	1.84197726364125	up	23829
Cyp3a11	65732.2618445896	-2.48198492812928	0.718270003589605	-3.45550408025587	0.000549264878191815	0.00329504422833899	3.26021817031261	down	13112
Gm43403	8.226068928613	2.48081817310428	0.811793025346627	3.0559737465655	0.00224330897484553	0.0105437701904207	2.64911090616327	up	108168904
Slc5a5	10.1558098778483	2.4773458496769	1.00755854445743	2.45876119388273	0.0139417320614099	0.0471588984066324	1.85568326798951	up	114479
4930477G07Rik	50.0501553923608	2.47664688532506	0.451422942896262	5.48631150520456	4.10412911849673e-08	8.50437449387214e-07	7.38677898450235	up	78168
4930444E06Rik	6.71641243758341	2.47594506290483	0.88727195394074	2.79051428584904	0.00526243778247128	0.0213745728952366	2.27881302576704	up	74874
Gm43913	12.9504287011767	2.47576211773569	0.644540632245281	3.84112652310418	0.000122470965022492	0.000914013479785561	3.91196686007603	up	NA
Add2	11.9869238856979	2.47374782720093	0.855852235077412	2.89039126827446	0.00384762607805772	0.0165970912985358	2.41480714040938	up	11519
Gm40999	79.0411752507852	2.47239728373938	0.502043891004009	4.9246636161531	8.45055964778795e-07	1.23029159182907e-05	6.07311452845886	up	105245555
Hbb-bs	3833.87069790648	2.47222092088042	0.853494417367605	2.89658710188801	0.00377245902921762	0.0163244258997239	2.42337546818096	up	100503605
Csrp3	1222.52951526085	-2.47142253119802	0.476706637644771	-5.18436777681216	2.16748850320041e-07	3.7221669736478e-06	6.66404319743185	down	13009
Cwh43	8.29340421644561	2.47041902170548	0.976431877121059	2.53004749188375	0.0114047088497087	0.0402141541854265	1.94291579732981	up	231293
Osbpl3	3027.59787222667	2.46688108494674	0.242347108659689	10.1791232360474	2.4576568478086e-24	8.37057153432502e-22	23.6094787559113	up	71720
Abca17	142.223041075315	2.465047409302	0.543470007251128	4.53575611609224	5.73974769422393e-06	6.57501557279598e-05	5.24110719774394	up	381072
Sirpb1c	732.511482772667	2.46480701945462	0.409480904893706	6.01934544443395	1.75123778156485e-09	4.97047324340391e-08	8.75665488178039	up	100038947
Ppbp	150.785226696615	2.46159495925472	0.609195096028214	4.04073337967369	5.32843095359414e-05	0.000447247890731738	4.27340065748658	up	57349
Tnfrsf23	313.282595429525	2.46115973834279	0.394997512457073	6.23082338679351	4.63989963794339e-10	1.48415414080353e-08	9.33349141322934	up	79201
Gm33447	23.3677047606257	2.46030972435067	0.703774615549749	3.49587733059797	0.000472505866185469	0.00289562515359782	3.32559279533215	up	102636359
Tbr1	9.30528338207264	2.45778766961218	0.76513276706998	3.21223685011439	0.00131705744622147	0.00682870565277179	2.88039528196085	up	21375
Cd177	91.4267791350057	2.45655562821822	0.514035886028815	4.77895745216612	1.76206473935978e-06	2.35937151313389e-05	5.75397813938015	up	68891
Angpt4	150.432691444664	2.45181549179961	0.297764648428229	8.2340717903945	1.80955156264688e-16	2.02585999481142e-14	15.7424290372842	up	11602
AA467197	23.1960474450407	2.45089005155113	0.862955224136338	2.84011265358991	0.00450976046721719	0.0188058333537241	2.34584652475806	up	433470
Catsperg2	16.3776320497107	2.45076943528572	0.641457427507347	3.82062679484314	0.000133112949860095	0.00098288163466162	3.87577969223979	up	76718
Rgs1	411.079746608672	2.44579145794868	0.346801727039971	7.05242006383316	1.75832429092468e-12	9.18354168534357e-11	11.7549010241594	up	50778
Gpr141	552.874658497569	2.44413223089801	0.281034424505473	8.6969140353495	3.41031594330788e-18	4.90882500839709e-16	17.4672053846207	up	353346
Ly6m	144.527698718601	2.44333211196761	0.302366072400283	8.08070856816583	6.43915260842031e-16	6.59794866003474e-14	15.1911712819727	up	67038
Gm527	297.990631014417	-2.4401891831386	0.251044762879325	-9.72013578435642	2.47451294010176e-22	6.43426579758504e-20	21.6065102707677	down	217648
Cfap157	191.077425275879	2.43825640213559	0.272265680781185	8.95543057479644	3.38412279697527e-19	5.61492697849727e-17	18.4705538864483	up	227736
Gm30624	20.7649293420899	2.4368798282693	0.552413470610115	4.41133310087077	1.02736127787326e-05	0.000108531540169161	4.98827680723431	up	102632586
Apol10c-ps	4.84530715932532	-2.43530852266582	0.976628825018217	-2.49358657074288	0.0126459742323589	0.0437176481611011	1.89804770744734	down	545115
Gm29291	10.4467100464066	-2.43395537465582	0.71832500182377	-3.38837624818321	0.000703077473899652	0.00403460357708623	3.15299681632691	down	NA
Gm10032	101.357688327163	2.43266310021134	0.535812202797667	4.54014127992893	5.62165466476784e-06	6.45552137212987e-05	5.25013583638638	up	118568160
Sh2d6	10.6297362680501	2.4272170648167	0.841598808439952	2.88405477820954	0.00392590456424357	0.0168715521898948	2.4060602619765	up	71130
Elovl6	24052.0355899425	-2.42667537588431	0.313446933898899	-7.7419017812662	9.79406391904372e-15	8.02847639628187e-13	14.0090370659705	down	170439
Gm26544	13.43024806952	2.42494910337869	0.710399933077654	3.41349849636545	0.000641345124459376	0.0037506669406715	3.19290820244318	up	102633872
Wdr95	8.25791465721443	2.42475927236688	0.924455712823584	2.62290474138657	0.00871836449214755	0.0323553545348545	2.05956497821586	up	381693
Mcub	276.539266039059	2.42315951557818	0.307482240517743	7.88064868884143	3.25685807417297e-15	2.92778222861155e-13	14.4872011665031	up	66815
Cyp2c67	21227.614056711	-2.4160776326605	0.334166140032628	-7.23016889869393	4.82393712303681e-13	2.82451446753695e-11	12.3165983615843	down	545288
Ckap4	1576.37778615137	2.41365318708481	0.348847048347869	6.91894398566882	4.55022721400464e-12	2.17457696618696e-10	11.3419669164583	up	216197
Ncam1	997.97447116427	2.41328415897021	0.372667099527278	6.47571025730853	9.43669784604401e-11	3.5107419586621e-09	10.0251799504189	up	17967
Gm12708	38.5154576481508	2.4107237063455	0.456932335980371	5.27588773329681	1.32114954294338e-07	2.40391559424054e-06	6.8790480211445	up	105244624
Rmi2	129.35763567753	2.41042720428654	0.335598213117779	7.18247925664787	6.8458450982859e-13	3.87696080015807e-11	12.1645729319175	up	223970
Arhgap20	14.4183773281527	2.40732805570513	0.686771273215195	3.50528356323781	0.000456121195258471	0.00280588215307564	3.34091974628587	up	244867
Il23r	21.4829371860188	-2.40710476534864	0.868773118213534	-2.77069434456995	0.0055936908023269	0.0225069269520581	2.2523015434265	down	209590
Ano4	489.306611078807	2.40680118745157	0.314569702101307	7.65109027148602	1.99282377585754e-14	1.52020392895228e-12	13.7005311039871	up	320091
Slc7a11	734.46370719066	2.40266984880193	0.889804038967198	2.70022358135251	0.00692928915894285	0.0267917742412614	2.15931131519812	up	26570
Galnt14	126.529657707951	-2.40217018876625	0.316821994649799	-7.5820815136951	3.40054504914871e-14	2.44011811212208e-12	13.4684514674089	down	71685
A230028O05Rik	61.894659119105	2.40197125088587	0.522634306155536	4.5958928118489	4.30900182502e-06	5.12544427607642e-05	5.36562332197198	up	319487
Mboat1	884.939205181067	-2.39893896670794	0.204001326002698	-11.7594283023249	6.31605060564058e-32	4.01933515120001e-29	31.1995543989832	down	218121
Ms4a14	69.9189720496077	2.39710938221266	0.566916301468591	4.22833031261048	2.35431979007367e-05	0.000220924179912928	4.62813454674679	up	383435
A230020J21Rik	15.1358952218958	2.39674531980034	0.732543261969498	3.27181402686922	0.00106859842429931	0.00571412084697637	2.97118547054111	up	100125339
Col1a1	14657.9001326901	2.39657201813332	0.45116689373247	5.31194121604681	1.08463593936605e-07	2.00678395453328e-06	6.96471600933283	up	12842
Txndc2	14.491596883165	2.39467902120693	0.705937015809035	3.39219925797845	0.000693339989496245	0.00399285108992083	3.15905375044784	up	213272
Atp1a3	278.94032734637	2.39029028057751	0.431173502996322	5.54368546296756	2.96170656256167e-08	6.41756165733568e-07	7.52845797234187	up	232975
Vim	9794.72972045983	2.38841145412006	0.348096417084497	6.86135029519794	6.82126651629642e-12	3.17215128648231e-10	11.1661349816526	up	22352
Neurl1a	420.9097858302	2.38652038476464	0.294512302720466	8.10329606851702	5.34898539427329e-16	5.55146630061445e-14	15.2717285879706	up	18011
Gm12663	41.4644372637412	-2.38577149458322	0.551945951663657	-4.32247303815185	1.54289943064064e-05	0.000153288389612786	4.81166238122218	down	105274305
Gm48709	15.4063036094612	2.38286682585731	0.748805357358739	3.18222459607179	0.00146148436427505	0.00742828265908563	2.83520582659145	up	NA
Fabp5	3415.70032902445	-2.38197359585007	0.254203257910222	-9.37035038587634	7.22921362437553e-21	1.66492232252047e-18	20.1409089415946	down	16592
Adam22	4932.65848296335	-2.38049977055784	0.72582666735314	-3.27970833482706	0.00103914454800129	0.00558289123745104	2.98332403662671	down	11496
Gm32591	12.2490899033602	2.37945777293712	0.977514942845648	2.43419068972007	0.0149251299024445	0.0497304653097073	1.82608188025425	up	102635189
A530058N18Rik	7.04256180544279	2.3773439077408	0.935752407801229	2.5405693727542	0.0110672135708006	0.0392588174518264	1.95596170912598	up	NA
Rab7b	1105.09575953199	2.37634940991871	0.287101602520617	8.27703290074134	1.26282342269686e-16	1.44727943164244e-14	15.8986573714633	up	226421
Clec2h	755.122619807035	2.37517865084623	0.956736763893701	2.48258323551799	0.0130433591184904	0.0447968342853763	1.88461054827002	up	94071
Gm29243	12.5752508226267	2.37441288287542	0.661662832544228	3.58855411863671	0.000332516974657433	0.00215747933489832	3.47818617949806	up	102636691
Gm13074	12.6143768172828	2.37348558391238	0.730594521150113	3.24870432942203	0.00115931912503948	0.00612913316171943	2.93579699961314	up	NA
Vill	922.072503624362	2.36790094251712	0.31052110663824	7.62557163393001	2.42955351205897e-14	1.796680826563e-12	13.6144735309554	up	22351
Tnfrsf10b	362.637750844753	2.36464625324251	0.191188835588199	12.3681189122136	3.88820811645179e-35	3.242229264553e-32	34.4102504974989	up	21933
Gm5627	19.156447232492	-2.36458761903611	0.514354770959809	-4.59719196270636	4.28223052212568e-06	5.10112800423858e-05	5.36832995736096	down	434510
Gm17597	20.827752718614	2.36455742749164	0.598302722329765	3.95210875572177	7.7465517593707e-05	0.000614388700049532	4.11089157299466	up	100504312
Ttc9	33.9507763162785	2.36078895759239	0.679151203845472	3.47608742239607	0.000508786404242801	0.0030851235775826	3.29346450239348	up	69480
Gad1os	4.9584878306119	2.36018485527901	0.955815841919408	2.46928827894235	0.0135382105260021	0.0460741396967719	1.86843873668801	up	68986
Gm17749	30.6537979234444	2.35742248367315	0.530446251761177	4.44422498197712	8.82092619108226e-06	9.46351540163049e-05	5.05448581185707	up	434410
Mpped1	22.7330508694865	2.3562831779283	0.902759018533019	2.61009098724624	0.00905181435568381	0.0333689997981326	2.04326436160296	up	223726
AI427809	53.3237583684552	2.35536800055807	0.377322042587273	6.24232813012319	4.31105369771822e-10	1.38630186859338e-08	9.36541656761759	up	NA
Cyp2e1	207026.238507583	-2.35474185331144	0.454907897821686	-5.17630462031338	2.26323823479138e-07	3.87329278087228e-06	6.6452697285863	down	13106
Zc3h13	17994.9385287042	-2.35146919102935	0.408056147395943	-5.76261185142171	8.28221190435449e-09	2.02099342352271e-07	8.08185366205937	down	67302
Gm16287	9.14698089795015	2.35074782459329	0.911579590174166	2.57876311616867	0.0099154755462644	0.0359646062186539	2.00368645219333	up	100038595
9430093N23Rik	38.2852596737457	-2.34282186105235	0.506405233417536	-4.62637766446753	3.72116495170347e-06	4.50601957246336e-05	5.42932107815724	down	77362
8430419K02Rik	40.0941091485728	2.34091059636232	0.431973667075447	5.41910485472594	5.98981814719436e-08	1.19509721481398e-06	7.2225863627307	up	74518
Cdhr2	126.730845763048	2.34078918001043	0.503962163694144	4.64477166867444	3.40452778652437e-06	4.16641148450063e-05	5.4679431169167	up	268663
Gm15428	7.7319604809962	2.33820064920112	0.818374674947254	2.85712732905845	0.00427494310014202	0.0180255752480618	2.36906966139401	up	433368
Susd3	154.67894507069	2.33647156256484	0.361758080876786	6.45865755618224	1.05635846113723e-10	3.88810659166218e-09	9.9761886847593	up	66329
Gm12249	18.2258385361115	-2.33573859318551	0.693456267198301	-3.36825651979807	0.000756451786945974	0.00429058932267782	3.12121874686165	down	NA
Gm44577	6.05802034167814	2.33415791727264	0.852397109389751	2.73834565082431	0.00617491382682385	0.0243910104802768	2.20936909876401	up	108168386
Steap1	87.6297360740325	2.33350714707546	0.427530270493604	5.45810977169246	4.81230125469598e-08	9.84526809992032e-07	7.3176471932281	up	70358
Gm10719	10.5206020071032	2.33117343507745	0.820842420428497	2.83997680560969	0.00451168141382184	0.0188105999912137	2.34566157504957	up	NA
B3galt1	122998.987414911	-2.32825740194784	0.256651322245746	-9.0716750709685	1.17201157558124e-19	2.08393999416953e-17	18.9310680989099	down	26877
Gpr156	37.5528507790656	2.31963846272288	0.456788436508822	5.07814619925932	3.81135372093138e-07	6.13622874031709e-06	6.41892074371801	up	239845
Sebox	167.579759270941	-2.31357860844138	0.236412536540777	-9.78619256953968	1.29064678882739e-22	3.62911867993301e-20	21.889192594799	down	18292
Rnase4	68321.3925211306	-2.3118972970182	0.357346730445467	-6.46961928023295	9.82501475836884e-11	3.64399550439993e-09	10.0076667885888	down	58809
Rin1	311.873975364998	2.30993817996684	0.307263317271716	7.51778051632547	5.57139287045093e-14	3.83838810237163e-12	13.2540362158983	up	225870
Slc22a28	3020.7242530307	-2.30900151212282	0.411524894368648	-5.61084285232667	2.01343542801234e-08	4.55888534833281e-07	7.69606229389743	down	434674
Ptrh1	259.580013292859	2.30647447060469	0.250235577514342	9.21721241046348	3.04924090486321e-20	6.14472863011685e-18	19.5158082629027	up	329384
Tg	188.199748483611	2.30580100739324	0.417317540594503	5.52529137430562	3.28939241608153e-08	7.00828963926727e-07	7.48288431320849	up	21819
Pls1	328.005797036151	2.30567875046707	0.493091959765803	4.67596095373804	2.92580277701166e-06	3.65642184773622e-05	5.53375495221697	up	102502
Gm22383	13.6425870763397	-2.30422284911867	0.502785501507252	-4.58291426902937	4.58540069994821e-06	5.39569110177833e-05	5.33862270706645	down	NA
Gm17040	28.1697282896441	-2.30359580336756	0.654818548425652	-3.51791470920606	0.000434952135471117	0.00269497305543587	3.36155853257296	down	100416276
Tbc1d21	7.56926878999133	-2.29921063036651	0.728969032679256	-3.15405802893434	0.00161017065506211	0.00803158968249009	2.79312809252461	down	74286
Gprc5a	112.320509419018	2.29747332673243	0.347981162920955	6.60229222595679	4.04848465858216e-11	1.60229878909712e-09	10.3927075021099	up	232431
A730020M07Rik	31.0585189179707	2.29725871552925	0.412487561101106	5.56927997876319	2.5579417170521e-08	5.628402784509e-07	7.59210935518615	up	100503044
Cd93	7301.64883953377	2.29725653589378	0.311349421489723	7.37838703827368	1.60218643172533e-13	1.01690478456646e-11	12.7952869504498	up	17064
Gm12681	7.31253944269769	2.29521382214361	0.764613871424249	3.00179464161212	0.00268393165733597	0.0122388903144821	2.5712285470797	up	NA
Gm34081	14.2554532341242	2.2920200436922	0.657259028151217	3.48724010705392	0.000488032995162952	0.00298020552753296	3.31155081502027	up	102637209
Igsf21	36.2280298292846	-2.28901779027914	0.425537022162105	-5.37912724643535	7.48477940940283e-08	1.44450866463032e-06	7.12582099461162	down	230868
Map2k6	4180.60579076082	2.28817825098114	0.151217588752199	15.1316938053469	1.00085784654725e-51	2.42027444452056e-48	50.9996276016857	up	26399
Rpl26-ps6	72.618736333224	-2.2845380234642	0.458472020797607	-4.98293880505462	6.26257610166948e-07	9.4769471395852e-06	6.20324698362621	down	628726
Lcn8	11.8934783061749	-2.28221411102743	0.872241212156146	-2.61649424404734	0.00888378621428553	0.0328482749593047	2.05140190116738	down	78076
9930022D16Rik	7.17636217836815	2.28129938153449	0.93351110599807	2.44378386810451	0.0145341306337607	0.0487873885321489	1.8376109406567	up	320509
9130409I23Rik	194.835591473791	-2.27786142526182	0.479128183931619	-4.75417957376291	1.99253879751101e-06	2.61867245659844e-05	5.70059321352989	down	NA
Gm50277	17.6333292853083	2.27780758419046	0.681190931327803	3.34386069959926	0.00082621211838243	0.00461846080599259	3.08290843934246	up	NA
Gm36495	5.67205417455965	2.27556108590312	0.917290993271885	2.48074068381116	0.0131109716283578	0.0449733248844564	1.88236512240617	up	102640432
Slc16a10	32059.6885888292	-2.27298479164086	0.19624506413163	-11.5823794177889	5.06211771899029e-31	2.91457454001484e-28	30.29566775959	down	72472
Olfr111	25.1109961058976	2.27171631973632	0.523852572172641	4.33655658177747	1.4473218282083e-05	0.000145284916769337	4.83943488790355	up	NA
Slc22a3	549.029934343292	-2.27110968968096	0.244499497804537	-9.28881126576618	1.56021043965972e-20	3.407641874568e-18	19.8068168204794	down	20519
Akr1c18	156.734268298023	2.27017757333435	0.385810845825042	5.88417251070187	4.00050408301098e-09	1.04471047230423e-07	8.39788528200279	up	105349
Hbb-bt	547.313062925076	2.27017025456778	0.865362529626862	2.62337480171075	0.00870634369065543	0.0323305901608461	2.06016419267954	up	101488143
Snca	86.4104721420217	2.26992605551394	0.739486290837349	3.06959856273146	0.00214346666086668	0.0101594101907248	2.66888326704686	up	20617
Gm14164	12.1379951543812	2.2688304707704	0.775112036902815	2.92710003554606	0.00342138813270538	0.0149992762554535	2.46579765532951	up	791417
Apoa4	41248.6410462256	2.26828940750931	0.350915444237344	6.46392014018949	1.0202473007115e-10	3.76665957645886e-09	9.99129454557469	up	11808
Mns1	29.4953815944512	2.26743364658107	0.568020745749659	3.99181484751682	6.55695595854805e-05	0.000532081573790634	4.18329773337234	up	17427
Npas2	5553.53810659554	-2.26674235162562	0.455933065197303	-4.97165598341656	6.63834227841218e-07	9.95833703328557e-06	6.17794035876782	down	18143
Shisa7	55.5729023656413	-2.26474860191004	0.361946237915504	-6.2571408807922	3.92099191310919e-10	1.27271713346049e-08	9.40660405341407	down	232813
H2-K2	1283.96447942497	-2.26284028556597	0.379999850811866	-5.95484519462686	2.60318119794946e-09	7.10498055629952e-08	8.5844956011836	down	630499
Gm15601	211.127212126862	-2.2606708848178	0.283830411025172	-7.96486492286872	1.65404357169671e-15	1.57472762404606e-13	14.7814530542162	down	115488342
Gm18129	7.97102004986372	-2.26039335925763	0.897971802782753	-2.51722086623748	0.01182846540704	0.0414004849432683	1.92707159590337	down	100416479
Serpinb10	20.0828543875409	2.25917823518578	0.581016934778281	3.88831736212284	0.000100941584920413	0.000773055321803515	3.99592988053372	up	241197
Cdc6	274.288219439773	2.25567814681375	0.338120373882113	6.67122812185285	2.53671548751087e-11	1.05763541239634e-09	10.595728239571	up	23834
Grip1os3	9.25792233745035	2.25485802190994	0.817866027979349	2.75700169070585	0.00583340499040081	0.0232931637182748	2.23407787116288	up	NA
Mup-ps11	17.5053542681169	-2.25357324319655	0.564776156208497	-3.99020606380664	6.60159156661226e-05	0.000535164891933683	4.18035134850822	down	102640754
Gm38416	575.979529675265	-2.25158298538626	0.32599723798625	-6.90675479122074	4.95865940916467e-12	2.34199808266445e-10	11.3046357206664	down	330850
Lgals1	2667.01508382817	2.25030746666589	0.330778793403102	6.80305845339839	1.02421065568266e-11	4.63810151230677e-10	10.9896107101653	up	16852
Htr2a	110.334829054838	2.24664918915336	0.494331444643543	4.54482354601859	5.49812935103544e-06	6.34220184199813e-05	5.2597850469989	up	15558
Fkbp10	229.654772504413	2.24541250629628	0.356214965676604	6.30353220008958	2.90937733523477e-10	9.78505740203716e-09	9.53619994874852	up	14230
Gm15850	22.7135509752205	2.2445608617107	0.543806779628537	4.12749701878287	3.66733184717165e-05	0.000324966723079167	4.43564979010081	up	329253
Fjx1	40.8014230653087	2.24419777423118	0.556173957255544	4.03506447030572	5.45873069364667e-05	0.000456530109591469	4.26290833107382	up	14221
Ren1	35.17233378519	2.24334837656408	0.522315632429518	4.29500523683217	1.74689212933525e-05	0.000170611249885238	4.7577339118922	up	19701
Sphk1	193.407059532231	2.24258619658987	0.41522326126076	5.40091658107162	6.63012537084579e-08	1.30455404164193e-06	7.17847825932498	up	20698
Gm5784	32.483982397567	2.24137560070975	0.461718918891607	4.85441576899285	1.20742176433085e-06	1.69459507284089e-05	5.91814100005485	up	544848
Gm16630	5.59752409712592	2.24094980953424	0.90560410469522	2.47453583515771	0.0133409436196506	0.045592241182927	1.87481345120554	up	100503622
Gm35164	244.284355050738	-2.24013384569282	0.482677022669735	-4.64106170478639	3.4662359022378e-06	4.23478942638345e-05	5.46014188375892	down	102638651
Gng13	6.8449408851771	2.24003909833518	0.782456451141312	2.8628291006711	0.00419876965655484	0.017774776471291	2.37687794999438	up	64337
Kcne2	8.3724369373303	2.23855482261707	0.746476832624722	2.99882692239219	0.00271021218276436	0.0123340256376636	2.56699670683909	up	246133
Gm35330	35.4625202547359	2.23808760274052	0.530672425612463	4.2174559949247	2.47074016789109e-05	0.000230596058432815	4.60717292419907	up	102638869
Entpd3	76.9690059173617	2.2339562244055	0.601701013894554	3.71273468519865	0.000205031790608298	0.00141711365465566	3.68817879545477	up	215446
Atp11a	10381.7690762211	-2.23392407458334	0.287729937104147	-7.76396122373163	8.23170750104951e-15	6.8405206457175e-13	14.0845100698463	down	50770
Gm3734	1988.34689018146	-2.23200548450196	0.442398241417062	-5.045240409077	4.52951478689127e-07	7.11713622979887e-06	6.3439483182216	down	100042226
Mme	1818.38816437822	-2.23198081477451	0.395135733151878	-5.64864330788479	1.6171900806443e-08	3.74228617513306e-07	7.79123893116143	down	17380
Thbs1	4107.20033744432	2.23147256457778	0.859873555393204	2.59511709667285	0.00945586976496336	0.0345671719813067	2.02429851792932	up	21825
Gm33432	9.27777782620844	-2.23007878346729	0.847886584312308	-2.63016165691078	0.00853442747035368	0.0318094212527886	2.06882560809419	down	102636334
Plaur	948.675494261631	2.22940952637303	0.432460189855948	5.15517862376105	2.53389270112455e-07	4.27000650164417e-06	6.59621177946684	up	18793
Prtn3	1166.86936005713	-2.22783269225068	0.676949631418833	-3.29098737757094	0.000998363928793469	0.00539375257508572	3.00071111857606	down	19152
Gm45012	69.0262282554823	2.22767970709654	0.656768375252531	3.39188028997282	0.000694147606433585	0.00399568612682146	3.15854816954028	up	NA
Chst11	2255.3786599613	2.22505091888004	0.414552217274817	5.36735983106561	7.98975567775188e-08	1.53010339647362e-06	7.09746650096467	up	58250
2700038G22Rik	137.402365150763	2.22471207183708	0.242549931212575	9.17218182959332	4.63540299930428e-20	9.11327766903871e-18	19.3339125025625	up	67194
Prrg4	422.987374554713	2.22298314091026	0.283430740820856	7.84312645294642	4.39465044145269e-15	3.80901207796447e-13	14.3570756637952	up	228413
Dct	171.823185698462	-2.21983452747752	0.47587290808545	-4.66476340586069	3.08972323584453e-06	3.82960980467414e-05	5.5100804210699	down	13190
Gm13261	14.5932796655521	-2.21975217336326	0.8245024318356	-2.69223241515662	0.00709754650096521	0.0273083324560606	2.14889175342748	down	102633824
Itga6	3308.4204243243	2.21711564705366	0.272536450169829	8.13511603923833	4.11543963585319e-16	4.34583237005249e-14	15.3855837640419	up	16403
Tas2r126	6.89871735713112	2.21579613525683	0.879685420288149	2.5188505847136	0.0117738607132543	0.0412332367513275	1.92908110626997	up	387353
Gm29483	39.412232065714	2.21541463125939	0.518966250785529	4.26889923555925	1.96439978615518e-05	0.000188879187390873	4.70677012181779	up	102641120
Slc6a4	71.8715712012995	2.21529329063124	0.534814837587942	4.14216871884555	3.44037099914348e-05	0.000307674007031389	4.46339472190725	up	15567
Gm36011	76.2383602207856	-2.21279069161234	0.393257627175433	-5.62682205938554	1.83559905988144e-08	4.20743663185337e-07	7.73622217340514	down	102639780
Cyp11b2	9.01403263241364	2.21217356999216	0.8254377949506	2.68000033863794	0.00736220857039346	0.0281742249801004	2.13299188320993	up	13072
Bc1	18.5096288356353	2.20969437939714	0.485476223371836	4.55160165012796	5.3239064701389e-06	6.16879282515089e-05	5.27376958277275	up	100568459
Gm41639	13.6949067926699	-2.20755151592081	0.777460698072374	-2.83943808528737	0.00451930644261487	0.0188391429745411	2.34492820927193	down	105246338
Fam83f	757.103832146537	2.20658846094973	0.322763065701169	6.83655813020659	8.11184515291467e-12	3.73639313310062e-10	11.0908803481829	up	213956
Creb3l1	1356.69111614598	2.20594492465147	0.307685383172223	7.16948235209704	7.52818722955219e-13	4.23364240895421e-11	12.1233095883387	up	26427
8030451A03Rik	61.347966245378	2.2059027865392	0.474364315044054	4.65022919427306	3.315663517452e-06	4.07829985651191e-05	5.47942954927031	up	100504061
Gm29684	22.0369540438502	-2.20205425167766	0.668005026181585	-3.29646359738478	0.000979103021998083	0.00530510178757733	3.00917160898204	down	628062
Xylt1	2985.25273971315	2.20176734615337	0.314378129910821	7.00356397812387	2.49531882404788e-12	1.24673140089103e-10	11.6028739571834	up	233781
Cd68	3540.14283271131	2.1938152709214	0.175935028833597	12.469462650308	1.09562362789184e-35	9.8127298406224e-33	34.960338610452	up	12514
Slc6a21	16.1763685446879	2.19129323155999	0.887330611739547	2.46953413143735	0.0135289111755644	0.0460588666827394	1.86873715458288	up	76713
Trpv1	64.5315957846262	-2.18408455891497	0.508925444983319	-4.29156093578021	1.77421499428824e-05	0.000172721686762795	4.75099375475481	down	193034
Pmm1	760.680410654038	2.18065500428607	0.301527084388416	7.23203691207067	4.75802824184993e-13	2.79268541127221e-11	12.3225729844839	up	29858
Uhrf1	1161.13788650534	2.17494540739147	0.345645524108528	6.29241594550074	3.12562586508021e-10	1.04397630758798e-08	9.50506300790845	up	18140
Fbln2	1162.23397308645	2.17308507567235	0.393309771873656	5.52512353130758	3.29253864465003e-08	7.00881773810978e-07	7.48246911900558	up	14115
Il7r	240.540741524324	2.17160803971927	0.356008505790026	6.09987684114516	1.06150221330112e-09	3.17296001508625e-08	8.97407909596481	up	16197
Gm34015	9.91209431309475	2.17073641329604	0.754558166320166	2.87683111811287	0.00401690513382752	0.0171775252212816	2.39610842476365	up	102637123
Tmeff2	265.57155117273	-2.17050695070519	0.822313187668722	-2.63951373181625	0.00830250596455693	0.0311321443998939	2.08079080373039	down	56363
C3ar1	1727.5532909339	2.1684878199168	0.348273171374585	6.22639926974016	4.7727683593865e-10	1.52262644415151e-08	9.3212296430864	up	12267
Saa4	51523.2897757873	-2.16760673447893	0.305913985643404	-7.08567386979702	1.38369322166178e-12	7.3539493376319e-11	11.8589601865467	down	20211
Gm15264	728.886692095701	2.16405175587465	0.214316837250272	10.0974416365969	5.67021288070461e-24	1.8529336200162e-21	23.2464006357844	up	100042801
Tlr13	1261.6271130322	2.16293239317338	0.290799382274978	7.43788510227345	1.02309984009391e-13	6.68664873868947e-12	12.9900819832124	up	279572
Gm37168	214.05468846343	2.16235621448961	0.359864920641194	6.00879966470976	1.86901900391924e-09	5.24322709428944e-08	8.72838628275423	up	102634085
Cerkl	2267.03828316118	-2.16138728035342	0.49061947074637	-4.40542499682156	1.05576678329539e-05	0.000111002401537604	4.97643200596307	down	228094
Kif17	40.9622639288501	2.16064729633555	0.445018377588057	4.85518667351669	1.20273387911195e-06	1.68899597355896e-05	5.91983045546854	up	16559
Medag	63.3909250268612	2.16006906809302	0.545231170073959	3.9617490463724	7.44027198992184e-05	0.000592461740035147	4.12841118789995	up	70717
Rgn	34135.244672203	-2.15996521295286	0.421337433480004	-5.12644982695411	2.95256692227342e-07	4.89034063797369e-06	6.52980024997366	down	19733
Cyp4a12b	2396.43762872679	-2.15987521370072	0.336226275211126	-6.42387395912016	1.32849215342624e-10	4.8020324744624e-09	9.8766410063525	down	13118
Grip1	3101.96813698226	2.15753848063619	0.262687291323211	8.21333407401712	2.1512993075905e-16	2.35396922426033e-14	15.6672991625591	up	74053
Dmrt2	31.9879691189991	-2.15555994607317	0.597295568488865	-3.60886646376208	0.000307537853621293	0.00201596106702903	3.51210142100381	down	226049
Cib2	214.044306789203	-2.15265003484449	0.199816452953645	-10.7731370616607	4.61020036345879e-27	2.14392048440693e-24	26.336280199371	down	56506
Gm15611	326.636513761417	-2.15201214038384	0.827052345717275	-2.60202652411011	0.00926746843589817	0.0340201767536262	2.03303888446091	down	NA
Cd101	246.677719710843	2.15173356626335	0.553804479335091	3.88536685157688	0.00010217548072349	0.000781653740859046	3.99065331030765	up	630146
Alpk1	5613.34915345354	-2.1505823552167	0.20550958806535	-10.4646326989514	1.25562554441958e-25	4.74430264299285e-23	24.9011398576043	down	71481
Hcn3	458.942602726733	-2.14700131594572	0.511476302723221	-4.19765550136845	2.69692468990035e-05	0.000248825001339833	4.56913118080605	down	15168
Keg1	2583.54326390636	-2.14651546243178	0.843771816120566	-2.54395254904445	0.0109605973000082	0.0389835510970435	1.96016577823948	down	64697
Crisp1	11.2923746223082	2.14461609859095	0.797774985421825	2.6882468588019	0.00718282738419182	0.0275837909805505	2.14370457029143	up	11571
Efna3	753.743596310267	-2.14380177875982	0.382650711151469	-5.60250305640021	2.11278309916787e-08	4.75268101433279e-07	7.6751450858486	down	13638
Rad51ap1	137.107612627968	2.14076673022731	0.415009095250229	5.15836099673078	2.49120952694908e-07	4.2127572573904e-06	6.60358974393238	up	19362
Pnrc1	15781.5296626691	-2.13926090028615	0.234532223207258	-9.12139436974369	7.41638948980246e-20	1.39025682668529e-17	19.1298074702295	down	108767
Syngr1	129.135907102291	2.13908772539144	0.392735950768049	5.44663079916203	5.13328585035302e-08	1.04225960061492e-06	7.28960455109587	up	20972
Lilra6	70.6595407872066	2.13897421870792	0.589990152346469	3.62544054371235	0.000288469262811854	0.0019027111731466	3.53990045530673	up	18726
Vmn2r18	13.2374329372534	2.13847844679296	0.735555931014916	2.90729549803547	0.00364568631260278	0.0158589649957475	2.43822070226537	up	632671
Gm40841	11.870958098588	2.13692282728332	0.680213364642314	3.14154784125274	0.00168057350093458	0.00832438107324866	2.77454248863797	up	105245375
Dscc1	44.1853292551535	2.13628269935134	0.465703698189224	4.58721437613178	4.49199362037765e-06	5.30138554065262e-05	5.34756086920416	up	72107
Gm12679	27.6804838109933	-2.13503058287115	0.414545445538821	-5.1502931846135	2.60079579666657e-07	4.36753083020771e-06	6.58489374540596	down	115489982
Kcnt2	2999.13112484197	-2.13262928572126	0.287339730839044	-7.42197843470478	1.15383604054662e-13	7.48044588002637e-12	12.937855899798	down	240776
Tmsb10	2020.72438261421	2.13252842157519	0.384583055800349	5.54503998398273	2.93887005286782e-08	6.37378974156499e-07	7.53181961657118	up	19240
Serpina10	56808.5702528969	-2.13249562193276	0.136889802529886	-15.5781919655205	1.02410615254987e-54	3.537847854423e-51	53.98965502473	down	217847
Ppp4r4	19395.3125707174	-2.13123043985373	0.169789788696179	-12.5521708709311	3.86759304284722e-36	3.74104539848526e-33	35.4125592296624	down	74521
Nol3	225.546318091777	2.1294720562778	0.220238042725295	9.66895650690974	4.08522110026942e-22	1.01844140872902e-19	21.3887844336166	up	78688
Obox4-ps1	34.1593772457426	-2.12552603312751	0.491033736387204	-4.32867616951563	1.50008312924521e-05	0.00014946440144791	4.82388467322957	down	106780807
Gm49312	20.5177726786213	2.12285544810402	0.46666667322042	4.54897589633818	5.3907616589342e-06	6.23729179121276e-05	5.26834986915409	up	NA
Ace	200.036677548224	2.12100683175173	0.338352719136617	6.26862653021958	3.64246577832656e-10	1.19676776428659e-08	9.43860451981981	up	11421
Mup-ps18	23.7046692595082	-2.12002663127083	0.615189269639968	-3.44613720670316	0.000568661552455616	0.00338954243566224	3.24514613366241	down	667295
Clspn	352.660494739414	2.11801877215312	0.399923341527653	5.29606190041964	1.1832674148882e-07	2.16771004748685e-06	6.92691709502883	up	269582
Slfn10-ps	146.157270653862	2.11552024120875	0.497943600292935	4.24851376735078	2.15193424049749e-05	0.000204508601291264	4.66717100411412	up	NA
Col1a2	10813.929122947	2.11500517268883	0.420402899354244	5.03090053835872	4.88181368730446e-07	7.60644449654617e-06	6.3114187992981	up	12843
Dusp4	1017.48174852344	2.11477230994462	0.21639708622612	9.77264688182923	1.47546029934639e-22	3.96499386702406e-20	21.8310724716989	up	319520
Gm41750	6.4583721881968	2.112834219371	0.798335514527832	2.6465492025876	0.0081317674537512	0.0306278091010425	2.0898150494876	up	105246464
Gm41506	10.9342859858626	2.10900996027049	0.67052630447222	3.14530533135537	0.00165913571618122	0.00824721856016319	2.78011808752725	up	105246172
E2f8	992.16978783281	-2.10877133523347	0.20643211224394	-10.2153260571279	1.69308963505891e-24	5.90162364340808e-22	23.7713200489903	down	108961
Ccn1	2483.20487434972	2.1055301715124	0.463019943620767	4.54738548635157	5.43164568048977e-06	6.27858775552599e-05	5.26506856789305	up	16007
Gm11340	203.255135668679	-2.10542059223398	0.361138766046848	-5.82994901179027	5.54443145211105e-09	1.40204800157494e-07	8.25614298150226	down	NA
Col5a2	4186.86705472745	2.10514310503469	0.358719687502478	5.86849057460819	4.397803949827e-09	1.13984667861432e-07	8.3567641350039	up	12832
Zan	19.1163841364264	2.10510844880798	0.614844241292299	3.42380770190414	0.00061750299923524	0.00363585525383652	3.20936092867858	up	22635
Hspa1a	65.6869750206633	2.10484947114678	0.547985693969019	3.84106646270547	0.000122500938217889	0.000914013479785561	3.91186058508482	up	193740
Gm50306	21.9657209892186	-2.10458475617933	0.597619942062292	-3.52161065595759	0.000428933608837041	0.00266576009480785	3.36760992354265	down	NA
Inava	136.066633623323	2.10261453380682	0.335733645954138	6.26274595693648	3.78256584171628e-10	1.23441305242083e-08	9.42221350363652	up	67313
Gm13165	67.1615226915991	-2.10069045629004	0.464857830158006	-4.51899552939877	6.21337066418358e-06	7.02439127635752e-05	5.20667273738836	down	105247209
AL590864.1	2892.24190700886	-2.0982384012104	0.319984514940411	-6.55731231744493	5.47861957479508e-11	2.10961749295692e-09	10.2613288551235	down	NA
Gm32281	556.945866493505	-2.09815804427639	0.298170565492944	-7.03677118768467	1.96745536644169e-12	1.01012750894465e-10	11.7060951112322	down	102634779
Socs3	6656.75219241452	-2.09534427150813	0.387285979305777	-5.41032824184368	6.29093342925479e-08	1.24490468237512e-06	7.20128491050094	down	12702
Zfp365	36.4720286823855	2.09427059783775	0.47654729590018	4.3946752313047	1.1093848433496e-05	0.000115783963236427	4.95491777183973	up	216049
Procr	271.562628274233	2.09232914191753	0.4681650791987	4.46921232463281	7.85081695806646e-06	8.58654254545288e-05	5.1050851481058	up	19124
Car12	15.0622168817032	2.09104764162056	0.652814141248733	3.20312859280392	0.00135943264319198	0.00701981639497511	2.8666423058512	up	76459
Gm5224	19.0308111893967	2.08951801852502	0.465136587426151	4.49226759410056	7.04688009878297e-06	7.8312341244839e-05	5.15200311787125	up	383218
Rab11fip5	853.525208778517	2.08598559387356	0.245758484738594	8.48794944391183	2.10315020879134e-17	2.70523289090384e-15	16.6771297085217	up	52055
Col25a1	767.30172989492	-2.08514848319188	0.38386193809525	-5.4320271854473	5.57174316579547e-08	1.12467356623761e-06	7.25400891095743	down	77018
A330102I10Rik	8.32010506914677	2.08442106049966	0.810011201663811	2.57332374690391	0.0100726936604989	0.0363766245666345	1.99685437398897	up	77920
Gm11963	1362.99321677562	-2.08421914858498	0.296599604485779	-7.02704628415953	2.10951407332613e-12	1.07168633027673e-10	11.6758175729379	down	102639290
Gm13067	241.338748019169	2.08378100202717	0.214562345222786	9.71177398281847	2.68620592275206e-22	6.91040761957344e-20	21.5708606976662	up	102636131
Havcr2	431.701423131726	2.08275475239459	0.301362190612636	6.91113489771421	4.80791575691144e-12	2.27970625163985e-10	11.3180431505371	up	171285
B3gnt7	27.8117344378794	2.08144053144304	0.676911528239634	3.0749077901746	0.00210567643927202	0.0100077570075621	2.67660836222672	up	227327
Rnf186	498.545563861941	-2.07938377749536	0.39381891798391	-5.28005050681774	1.29148281230382e-07	2.35534725067062e-06	6.88891136925936	down	66825
Btnl2	14.2994069229835	2.07922479049009	0.850293945499814	2.44530118260209	0.0144731221874393	0.048629851429298	1.83943777140266	up	547431
Gm43549	12.3654447564917	2.07825601892006	0.763979177795516	2.72030453096501	0.00652218197720868	0.0255416039794106	2.1856070879902	up	108168870
Gm22816	76.6140340691395	-2.07769643478318	0.382704968990216	-5.42897689639431	5.66780197364922e-08	1.14025613416627e-06	7.24658533189914	down	NA
Fhl3	790.066616165892	2.0749968419431	0.373303946312496	5.55846479106359	2.72157843598272e-08	5.96582140938714e-07	7.56517914478486	up	14201
Adcy1	1173.18192237953	-2.07330462592287	0.39554952331912	-5.24158039308312	1.59207085026715e-07	2.83501158329604e-06	6.79803760921431	down	432530
Nes	1526.57011137311	2.0723455668401	0.263234172834977	7.87263121851305	3.47259139025658e-15	3.11015574071054e-13	14.4593463158533	up	18008
Arnt2	96.40426493136	2.07208725619132	0.33985827425945	6.09691572378631	1.08134490534537e-09	3.21636931132371e-08	8.96603576155347	up	11864
Tas2r135	10.2411508379973	2.06837175932379	0.728203373658483	2.84037651313303	0.00450603150134519	0.0187967662179626	2.34620577647979	up	387512
Gm48623	17.6000631122202	2.06672250043225	0.726622973349303	2.84428455503668	0.00445112765235192	0.0186223280172962	2.3515299505575	up	NA
Bmp8b	296.30515313205	2.06528573237497	0.294035146216089	7.02394172585469	2.156947995412e-12	1.09119908839023e-10	11.6661603257263	up	12164
Gm5318	42.0104152576497	-2.06509045245502	0.361605427563735	-5.71089451385801	1.12383892140686e-08	2.67750470910943e-07	7.9492959312556	down	102636284
Egfr	424652.441825748	-2.0646864387613	0.318640878523747	-6.47966591206666	9.19259343369249e-11	3.43578507594361e-09	10.0365619472594	down	13649
Orc1	68.028879114211	2.06250250426501	0.398719915269633	5.17281034951626	2.30599038714593e-07	3.9353182457278e-06	6.63714250745683	up	18392
Anxa3	3164.74306645841	2.06183492502541	0.273617818891315	7.53545559781107	4.86632761222426e-14	3.40108480690194e-12	13.3127986567304	up	11745
Gm34907	140.52919952144	-2.06055211044957	0.52671556561905	-3.91207749485777	9.15055366428257e-05	0.000711122994671307	4.03855262767474	down	102638313
Tagln2	4811.59667051931	2.05791085636353	0.275638289545862	7.46598326289903	8.26798565303963e-14	5.52310577518797e-12	13.0826002856504	up	21346
D6Ertd474e	21.0911827045434	2.0578277099976	0.526071518967333	3.91168811806629	9.16532240551656e-05	0.00071196860395182	4.03785225339963	up	52285
Nid1	12865.4279848946	2.05597712936822	0.237731521994949	8.64831517551932	5.22653157753239e-18	7.34813875627257e-16	17.2817864213503	up	18073
Mrgprb11-ps	48.5077842369334	2.05353751284095	0.803269546394645	2.55647375411895	0.0105739047504003	0.0378251722890797	1.97576460603247	up	639116
Emb	493.684524419387	2.05302264497163	0.357703744550925	5.73944968775507	9.49846959054184e-09	2.30027431357274e-07	8.02234636333478	up	13723
Trank1	36.6977600943233	2.0527866582553	0.522307723346283	3.93022459079038	8.48665524941564e-05	0.000666529058919679	4.07126343966587	up	320429
Ptpro	450.803623708559	2.05277260887229	0.242698670214354	8.4581123046915	2.71740357963327e-17	3.45853965066799e-15	16.5658458568373	up	19277
Cyp4f18	293.71261759237	2.0487071733198	0.330444506424478	6.1998524214777	5.65161297656494e-10	1.77720812742904e-08	9.24782758636651	up	72054
Adgrv1	1202.35167045423	-2.04859042738368	0.321835937619493	-6.36532527267272	1.94876304840174e-10	6.76647694764355e-09	9.71024096387243	down	110789
Tfap2a	14.0513617135037	2.04857778624913	0.842072920086968	2.43277955790047	0.0149834199578245	0.0498801020677466	1.82438904783197	up	21418
Fignl1	277.574108873779	2.04795442756232	0.41145303737609	4.97737102786382	6.4453700316438e-07	9.71707843548693e-06	6.19075214454984	up	60530
Bcl3	8935.73286521631	-2.04730220496628	0.26813748659916	-7.63527036421728	2.25347026359108e-14	1.68189561463455e-12	13.647148168431	down	12051
Cym	25.1465797165948	2.04667080982334	0.722524840566489	2.83266497553035	0.00461617389489109	0.0191867165909688	2.33571783933042	up	229697
Smim3	550.878602046532	2.04538512388561	0.280458662041517	7.29300036232373	3.03127276311758e-13	1.84176477280676e-11	12.5183749827393	up	106878
Gm6610	7.41210773977832	2.04443914330674	0.773710474771093	2.64238266117775	0.00823249854693757	0.0309347351832498	2.08446833727042	up	625653
Ccdc120	890.200373639016	2.04372822980135	0.217881331502318	9.38000615155782	6.59688795044052e-21	1.53390331170724e-18	20.180660892442	up	54648
Cd300lb	644.10192375985	2.04243021029659	0.301879998977754	6.76570232281966	1.32664060288017e-11	5.84350146791409e-10	10.8772467149097	up	217304
Bhlhe41	158.865418833685	2.04037784582474	0.276865382775937	7.36956648522574	1.71183778434515e-13	1.0836560550009e-11	12.7665373919378	up	79362
Fhl2	643.513805142273	2.03932010333677	0.33796493264338	6.03411746711799	1.59833770364332e-09	4.57408311828435e-08	8.79633145572669	up	14200
Bcl2l14	72.3797496037474	2.03900873127585	0.509951256697462	3.99843848700529	6.37617467758811e-05	0.000519846431476971	4.19543979379615	up	66813
Mup19	18089.7685840178	-2.0363800295539	0.396729702190481	-5.13291547950744	2.85288042116465e-07	4.74472863442941e-06	6.5447164314683	down	100189605
Tspan32os	21.221792584461	2.03506093151648	0.521735449242383	3.90056097294445	9.5970050988308e-05	0.000741927037403857	4.01786427445814	up	NA
Gm48521	9.78871231053158	2.03394129464629	0.774862797308517	2.62490508217865	0.00866731253016034	0.0322153322478232	2.06211554315266	up	NA
Scg3	31.7852724833035	2.03365157521353	0.549770731248586	3.69909029277513	0.000216373620347336	0.00148561808269145	3.66479568827865	up	20255
5730420D15Rik	82.8890749244253	-2.03338908730407	0.626819108287648	-3.24398069621538	0.00117871734272251	0.00621538220272914	2.92859032655313	down	70523
Gm11836	16.0912943890184	2.03279809821149	0.569924718304948	3.56678352933589	0.000361389768751732	0.00231255024820174	3.44202414684305	up	433688
C5ar1	1558.03527815032	2.0312646946474	0.648650943622187	3.13152199132625	0.00173902761377916	0.00855782778925676	2.75969352184047	up	12273
Ncs1	247.857357371514	2.03082245681116	0.215890135322159	9.40674039497312	5.11761414712878e-21	1.21327593437126e-18	20.2909324617255	up	14299
Gm16348	1583.52357403362	-2.02987366721409	0.259596790470434	-7.81933267948192	5.31040956535807e-15	4.52170155315101e-13	14.2748719826632	down	102640962
Gm23340	116.319976969359	-2.02724998586777	0.282662694627474	-7.17197573078938	7.39230492284723e-13	4.16691649520493e-11	12.1312201273428	down	115485916
Slco4a1	123.086203601906	2.0265092900985	0.453536500962861	4.46823857792308	7.8866317974179e-06	8.61497489020638e-05	5.1031084345743	up	108115
Gm47683	10.1285665253203	-2.02280718451874	0.674427478436855	-2.99929532706329	0.00270604867675666	0.0123211578048069	2.56766439552233	down	NA
Enthd1	13.1953984770043	2.01970438257922	0.681548562563927	2.96340494796331	0.00304256013312356	0.01359396954344	2.51676082962192	up	383075
Creb5	2271.97720224685	2.01844294507274	0.419158239207953	4.81546765938996	1.46855547903354e-06	2.01432833771918e-05	5.8331096420707	up	231991
Gm16556	48.7931819364333	2.01837668213151	0.583464942015968	3.45929384404431	0.000541593698713056	0.00325629508261539	3.26632639718493	up	NA
Fam222a	3249.71783624019	-2.01775123875014	0.253805689874021	-7.9499842566637	1.86535219099476e-15	1.75762601960544e-13	14.7292391584047	down	433940
Slc15a5	618.958743380637	-2.01695877806406	0.276206433703069	-7.30235987273331	2.82763738802828e-13	1.72671533629545e-11	12.5485762845765	down	277898
Lbp	39884.6904616655	-2.0163966486276	0.240766967799791	-8.37488907657934	5.52759099657456e-17	6.58464066399833e-15	16.2574640992269	down	16803
Acsbg1	109.114464367184	2.0162549081415	0.401037215778503	5.02760050392704	4.96655199900224e-07	7.72354729516863e-06	6.30394501317493	up	94180
Plp2	345.484132916587	2.01545052250069	0.361111335886842	5.58124412669297	2.38804174997979e-08	5.3028122679533e-07	7.6219580847339	up	18824
1700095A21Rik	54.0741452417812	-2.01527757035803	0.516133760707446	-3.90456452140577	9.43952065230381e-05	0.000730686582631276	4.02505005902238	down	67524
Hmga1b	112.386907554959	2.01110240577777	0.413869943191753	4.85926180158966	1.17824244651888e-06	1.65556413955373e-05	5.9287653357361	up	111241
Mpp4	976.47335033134	-2.00899286531569	0.26254488744963	-7.65199766345144	1.97880834938142e-14	1.51909661919814e-12	13.7035962658424	down	227157
Cyp2c70	73396.1715430289	-2.00891759798936	0.437023905095136	-4.5968139833267	4.29000297284222e-06	5.10787060016103e-05	5.36754240686224	down	226105
Gm48341	176.690766124897	-2.00574662632997	0.481299311718952	-4.16735818542204	3.08150098752306e-05	0.000279928087454105	4.51123768875571	down	NA
Spock1	30.8021993228957	-2.00504185887653	0.588065513025885	-3.40955525271259	0.000650688958433394	0.00379613037221624	3.18662656276381	down	20745
Gm7049	6.56335549479507	-2.00362086956879	0.631225409300076	-3.17417651452034	0.00150262279955848	0.00759441273629546	2.82315002582015	down	630951
Smkr-ps	7.99410376769731	2.00349797718774	0.756670050145662	2.64778284379309	0.00810215513478568	0.0305466659603036	2.09139944548514	up	76419
Gp9	36.0084259535691	2.00315018126188	0.718078727664612	2.78959688414203	0.00527737041983339	0.0214087185862122	2.27758242152428	up	54368
Dok7	57.6688578205295	2.00234072936534	0.60591871784459	3.30463587011832	0.000950998675734977	0.00518535512437953	3.02182008781694	up	231134
Cxcr4	318.552497553895	2.00177900858161	0.475274504943387	4.21183755442564	2.53301681919715e-05	0.000235680695351387	4.59636192649044	up	12767
Dsn1	193.38772747583	2.00042095824749	0.261656744182658	7.64521076839139	2.08603347857806e-14	1.58133108398039e-12	13.6806787258975	up	66934
Gm35611	50.7650555402996	-1.99910258325011	0.324095838332591	-6.16824515098712	6.90520301409455e-10	2.13531482463983e-08	9.16082354856907	down	102639258
A530001N23Rik	91.2893959529759	-1.99624226028249	0.725772978578423	-2.75050507417973	0.00595034699966369	0.0236771819878294	2.22545770727229	down	328265
Pde6c	354.899168754907	1.99523527513528	0.263854362421562	7.56188094380444	3.9728194164663e-14	2.80089560142822e-12	13.4009011752453	up	110855
Gm18262	17.0660205053268	1.99077972037778	0.504302137742637	3.94759326083553	7.89407707811537e-05	0.000624450676817095	4.1026986374494	up	100416801
Gm30173	22.4017121800661	1.98800974062978	0.677263965946384	2.93535436785243	0.00333166961249869	0.0146831482721785	2.47733807226612	up	102631981
Cpne8	8894.13677191168	-1.9869375070478	0.37062967498629	-5.36097792795814	8.27726318905963e-08	1.57543579284464e-06	7.08211323548146	down	66871
Cphx1	109.62449373671	-1.98650098069251	0.30831522306242	-6.44308432441668	1.17069606775823e-10	4.28287024365044e-09	9.9315558403915	down	105594
Gm34474	46.0159727735225	-1.98642823740856	0.782927919190755	-2.53717895187817	0.0111749814442967	0.0395540692748805	1.95175318932768	down	102637740
Lrr1	38.3953941790732	1.98603291819852	0.434503853021503	4.57080622965208	4.85851375335166e-06	5.67577679147584e-05	5.31349656354312	up	69706
Gm45308	13.7771579818809	-1.98510311161752	0.638862164853887	-3.10724788667291	0.00188837980087609	0.00917594375075246	2.72391065366282	down	NA
2810032G03Rik	23.6512356704618	1.9839606733292	0.417946690352244	4.74692279930994	2.06534736842323e-06	2.70260985190533e-05	5.68500689436972	up	72669
Gm16581	6.50842486483832	-1.98027562671503	0.754074404301726	-2.62610110543238	0.00863691585818079	0.0321319845050043	2.06364131132801	down	100417585
Gm42513	36.6099427118912	-1.97978757941381	0.409378757991535	-4.83607793703537	1.32426016872669e-06	1.8404172069051e-05	5.87802668351985	down	NA
Sfxn3	685.049094436822	1.97977724931389	0.245797998192703	8.05448890499818	7.98115956552957e-16	8.0416833589015e-14	15.0979340063528	up	94280
Slc22a1	21703.4766752847	-1.97949664629785	0.302708000415675	-6.53929411703565	6.18098652805335e-11	2.36127355799978e-09	10.2089422029861	down	20517
Kcnj6	17.0510218377396	1.978350076822	0.570278001071202	3.4690976560658	0.000522209598073239	0.00315241958819611	3.28215515022288	up	16522
Hmga1	2592.9617918517	1.9782472833954	0.272258603820169	7.26605975215409	3.70124917199281e-13	2.18835226105452e-11	12.4316516767587	up	15361
Hoxb8	9.00079220091431	1.97562422973735	0.768140936296217	2.57195540087124	0.0101125918086741	0.036493462933496	1.9951375225545	up	15416
Cbr3	142.125117637851	1.97497505706452	0.251700018781183	7.84654314539991	4.27661665126546e-15	3.72004114607559e-13	14.3688996774265	up	109857
C730002L08Rik	239.57235591242	-1.97463332954148	0.244108673198327	-8.08915678279558	6.00791963252136e-16	6.18227712994176e-14	15.2212758854889	down	320155
BB123696	71.971223028945	-1.97456460350053	0.474889828036334	-4.15794250987717	3.21126809697312e-05	0.000289757034033597	4.49332343526949	down	105404
Zkscan2	51.9341430094375	1.9739587285012	0.376915485794481	5.23713883588622	1.63085014604497e-07	2.89979545821025e-06	6.78758594315084	up	210162
Crybb1	8.85936969319543	1.97213306757175	0.681339853409429	2.89449245879745	0.00379772031816534	0.0164140255109695	2.42047702189231	up	12960
Nfil3	7804.62589369323	-1.97052972717779	0.249908147299736	-7.88501594873719	3.14495347305681e-15	2.85369132415248e-13	14.502385775193	down	18030
Gm40323	6.96120392253313	1.97044921982806	0.779086070581389	2.52918040025748	0.0114329245934703	0.0402725393327457	1.94184266091364	up	105244771
Gm26153	13.7703906373693	1.96836501683383	0.547009862304179	3.59840864393642	0.000320170276372037	0.00208688884723143	3.49461898911502	up	115486005
Cdc7	225.212663458928	1.96374694015754	0.417502683587485	4.70355525210904	2.55669864742547e-06	3.24716841869972e-05	5.59232045831428	up	12545
Slc30a10	6269.26478048481	-1.96296905125054	0.242148199334009	-8.10647800251823	5.21081472094932e-16	5.43137593025847e-14	15.2830943686102	down	226781
Fabp4	1048.21374768309	1.96228407100028	0.388048100749639	5.05680627532902	4.26335928931016e-07	6.75599962870893e-06	6.3702480661824	up	11770
4930445E18Rik	12.1973416339076	1.96212753859441	0.721588482541904	2.71917801637094	0.00654443763819896	0.0256121687921876	2.18412766632026	up	78115
Myom3	545.026562600937	1.96129427932026	0.506001091777603	3.87606728758263	0.000106158338592286	0.000807778774020976	3.97404588692064	up	242702
1700052H01Rik	10.1226897352703	1.96041881277053	0.708515541168966	2.76693833636461	0.00565854571272627	0.0227074265557827	2.24729517130159	up	73462
Cyp3a16	22.5185717496306	-1.95951893540426	0.793651878485982	-2.4689904837652	0.0135494821672708	0.0460964515713199	1.86807730229469	down	13114
Krt8	51324.8661121656	1.95735733695714	0.208574874635079	9.38443491998597	6.32547073742238e-21	1.48507313953736e-18	20.1989071490363	up	16691
C6	50294.4997073142	-1.95645374174416	0.211690434002848	-9.24205078495821	2.41817285809356e-20	4.98222401150883e-18	19.6165126577213	down	12274
Cenpi	243.693097434345	1.95330440043075	0.396268141105062	4.92924915685532	8.2546246226025e-07	1.20758216953281e-05	6.08330267140652	up	102920
Fcamr	29.8464319241005	1.95199286307777	0.421101742482141	4.63544237925008	3.56174932951174e-06	4.34124104265387e-05	5.44833664878086	up	64435
Emilin3	17.0884578768532	1.9494866688612	0.598437768379263	3.25762639303491	0.00112348213705339	0.00596444457480241	2.94943382831011	up	280635
Kcnab2	668.939989838096	1.94895309982414	0.276563402802759	7.04703905170746	1.82765039941375e-12	9.52007692615759e-11	11.7381068743165	up	16498
Alox5ap	467.762091919365	1.94820456749359	0.320467298101898	6.07926168764379	1.20737177833165e-09	3.55190563790948e-08	8.9181589797647	up	11690
Gm45589	133.2521448621	-1.94701348415685	0.599884201480815	-3.24564887581745	0.00117183274634727	0.00618447391361187	2.93113436999192	down	NA
Gm44340	38.7786500227778	-1.94497011906631	0.478325090327247	-4.06620969377888	4.77839438011013e-05	0.000408163662662745	4.32071800903626	down	NA
Ankdd1a	42.8037040968915	1.94416522859108	0.578007447485729	3.36356432265361	0.000769429037502072	0.00435134073547126	3.1138314278694	up	330963
2310016G11Rik	11.98423140388	1.9432746473845	0.608078392384188	3.19576336163697	0.00139461440997228	0.00716020502376853	2.85554585172316	up	69578
Wscd2	87.1137929211431	1.93963585825084	0.528761861593472	3.66825975762619	0.000244207011509712	0.00165094043956607	3.61224187103707	up	320916
Slc16a3	583.491702101895	1.93911818011386	0.52211949423176	3.71393560580812	0.000204060739152331	0.00141311477496611	3.69024054457182	up	80879
Fam50b	28.9922610517026	-1.93603339334568	0.439891113346589	-4.4011650488158	1.07671181446955e-05	0.000112909996086308	4.96790052152425	down	108161
Col22a1	60.1979000870015	1.93583177060037	0.407073538350781	4.7554841772403	1.97971366399728e-06	2.60464830374224e-05	5.70339761940438	up	69700
Pdgfc	6181.60110504725	-1.92932540298582	0.236472192012995	-8.15878343479725	3.38415792266705e-16	3.6050972196447e-14	15.4705493786878	down	54635
Spp1	8269.33214425572	1.92871236625873	0.69524604409369	2.77414360375536	0.00553472408121197	0.0222993498386984	2.25690402482933	up	20750
Gm49236	13.9582082253538	-1.92793373167256	0.724096764411408	-2.6625360399721	0.00775542640693828	0.0294460231390456	2.11039431892203	down	NA
Dbn1	1148.56301977757	1.92735063817751	0.364053099431087	5.29414703841119	1.19573196120744e-07	2.18888647130344e-06	6.92236616216594	up	56320
Lrrc75a	878.633557180997	-1.92414964509349	0.181456286052844	-10.6039293923008	2.85717493829762e-26	1.17105431115107e-23	25.5440631679437	down	192976
Tmem40	14.015104248453	1.92382815503946	0.749866146094543	2.56556208739274	0.01030087843193	0.0370237577647043	1.98712573821979	up	94346
Gm11341	350.32141779701	-1.92262594378967	0.323227671751263	-5.94820961142588	2.71091301672072e-09	7.34924871864802e-08	8.56688441711677	down	108168051
Xkr5	16.0859044126142	1.9224627460598	0.773899001074217	2.48412615004194	0.0129869792389214	0.0446475877104917	1.88649185373291	up	319581
Hs6st2	262.034344634642	1.92159955453303	0.373667462928745	5.14253914288346	2.71049945332055e-07	4.53914804572005e-06	6.56695067597604	up	50786
Mipepos	11.0356383330314	-1.92033790957333	0.788273885907183	-2.43613031448241	0.0148453352973738	0.0495231448691662	1.82840998896354	down	102638504
Gm12473	229.903483423423	-1.91987910295307	0.300298386569312	-6.39323815517717	1.62409003051838e-10	5.75861365366502e-09	9.78938989955693	down	NA
Gm11662	9.80771420846771	1.91841052243142	0.677447120535611	2.83182327340128	0.00462834216374704	0.0192273784923091	2.33457454204218	up	666739
Gm43614	13.2819740632503	1.91805847076505	0.718071548611182	2.6711244505854	0.00755976128756796	0.0288389568474473	2.12149191787562	up	NA
Gm13056	34.6767350732814	1.91727681347487	0.351473848722342	5.45496292382619	4.89830648233295e-08	9.98742389171799e-07	7.30995404497247	up	100503810
Mapk13	84.7270911388052	1.91617340563325	0.414237977416929	4.62577916583594	3.73192766532066e-06	4.51679053066988e-05	5.42806678262557	up	26415
Clstn3	659.614910666144	-1.91612807653028	0.252058034204488	-7.60193216049514	2.91741669021634e-14	2.1249689880365e-12	13.5350015368236	down	232370
Kif5c	154.574106825545	1.91458678542685	0.410979864291037	4.65859024195654	3.1838223104418e-06	3.93414364389901e-05	5.49705117829241	up	16574
Galnt9	19.6021571025001	1.91361299914381	0.526565031807307	3.63414371170034	0.000278905378027213	0.00184729932934924	3.55454311131651	up	231605
Flna	25883.377619081	1.91357008285362	0.234349223285217	8.16546372984854	3.20202739450522e-16	3.44139673128556e-14	15.4945749568541	up	192176
5430427N15Rik	13.8319956934563	1.91317375053104	0.598555498111249	3.196318063351	0.00139193579150426	0.00715404703722761	2.85638079779912	up	319220
Npr2	2179.56406811927	-1.91295752686327	0.283752781000053	-6.74163446124221	1.56614701527665e-11	6.79938368463556e-10	10.8051674728486	down	230103
Hfm1	13.9416625100648	1.91118535951361	0.778998767056152	2.45338688626685	0.0141518039686262	0.0477692523128585	1.84918819592179	up	330149
Gm47175	13.5360419354605	1.91095532245658	0.725379506778867	2.63442143677645	0.00842808055894371	0.0315004395790381	2.07427132188483	up	NA
Gm49760	42.9318636206734	1.91023693451494	0.306523967708005	6.23193334210863	4.60713521970905e-10	1.47562574679476e-08	9.33656904098985	up	115488002
Slc4a11	249.003200803368	1.90987537090061	0.330610251647206	5.77681835752219	7.61263913965249e-09	1.8670267715525e-07	8.11846475648963	up	269356
Gm30117	4897.22717759595	-1.90702973947693	0.271624289037428	-7.02083656154237	2.20543719883175e-12	1.11340046643318e-10	11.6565053045095	down	102631899
Pstpip1	564.910682099602	1.9054009476521	0.377846496795727	5.0427910905899	4.58790059117885e-07	7.19485162748942e-06	6.33838600079043	up	19200
Shisa4	63.4841649570181	1.9049979230826	0.447099156418646	4.26079516307304	2.0370086527551e-05	0.000194794275769858	4.69100712621053	up	77552
Tdrd6	12.925293263431	1.90394788471692	0.705654485934199	2.69813049115153	0.00697301014759147	0.0269148174603443	2.1565797027802	up	210510
Egflam	782.968269705617	1.9019515193078	0.473782234137122	4.0144002503001	5.95971407054808e-05	0.000491366538199774	4.22477457592452	up	268780
Mroh3	33.1850074164652	1.90131205148734	0.485071191427101	3.91965568166108	8.86755652021914e-05	0.000691726618619159	4.05219603473185	up	76422
Serpina9	105.99627701068	-1.90081050025449	0.603562612374784	-3.14931783593344	0.00163652100961443	0.00814790015534203	2.78607841485885	down	71907
Loxl2	1252.07790756552	1.9007107982592	0.353087452280682	5.383116239283	7.3207228733239e-08	1.42078427385809e-06	7.13544603309524	up	94352
Orm3	626.754809367736	-1.90032419508301	0.457208317312229	-4.15636400985522	3.23352493375735e-05	0.000291656471272362	4.49032378585295	down	18407
Erich6	31.7872276540823	1.90008923916215	0.462369962032678	4.10945648547096	3.96591434041244e-05	0.000347929506650233	4.40165667033444	up	545527
M1ap	42.1566075078208	1.89994661340956	0.430673086335873	4.41157498271864	1.02621403120299e-05	0.000108461135063596	4.98876205162531	up	110958
Ereg	203.147408886704	1.89967545282249	0.333234447279861	5.70071752284085	1.19304189250661e-08	2.82297826039086e-07	7.92334430623324	up	13874
Cyp27a1	31957.4138215833	-1.89949308665513	0.287356905362666	-6.61022251843166	3.83742768979182e-11	1.52125699007452e-09	10.4159597950249	down	104086
Gm43700	88.5573192158841	1.89878729704184	0.286194954531531	6.63459389125129	3.25397169977107e-11	1.32026079939369e-09	10.4875862285002	up	108169042
Gm34653	11.1600744966325	1.89778864327317	0.676888564919498	2.80369434738327	0.0050520773855935	0.0206541564392937	2.2965300057258	up	NA
Pdilt	1095.61810551635	-1.89706389376952	0.181957874040723	-10.425841166648	1.88979675690358e-25	6.92410078415794e-23	24.7235849006424	down	71830
Klf6	5203.98570202456	1.89622775573539	0.281615861241546	6.73338407636409	1.65761736332163e-11	7.17075189263751e-10	10.780515712734	up	23849
Slc25a31	20.8859652238319	1.8960938383333	0.62455162026555	3.03592813917785	0.00239796508172578	0.0111450300992298	2.62015714522559	up	73333
Gm44652	14.1398680924402	1.89584984411977	0.559880987163336	3.38616578806361	0.000708765505660452	0.00406338725886227	3.14949742693627	up	NA
Gm8724	37.7270108540915	-1.89246887416215	0.36104868620155	-5.241589144312	1.59199533060956e-07	2.83501158329604e-06	6.79805821040078	down	667610
Gm15853	20.4663142044293	-1.89243019481099	0.45496605328189	-4.1594975738519	3.18948408626396e-05	0.000288221615000131	4.49627956039391	down	100503318
Igdcc4	194.328548544228	1.89142415934861	0.407136787840342	4.64567245171255	3.3897047120137e-06	4.1503716124514e-05	5.46983813292631	up	56741
Dtl	637.413592404068	1.8890594030218	0.36203318046054	5.21791787321466	1.80945657520215e-07	3.15020006490558e-06	6.74245183497987	up	76843
R3hdml	81.4945179637789	1.88812171668329	0.376770443179017	5.01133183577826	5.40546088578054e-07	8.32578695158885e-06	6.26716727088405	up	100043899
Atp1a4	20.7378705613958	1.88795597464419	0.519079219902529	3.63712493634152	0.000275698223347772	0.00182956488391762	3.55956603256214	up	27222
4933440J02Rik	298.558102220613	-1.88688206243336	0.286830762886764	-6.57838107545762	4.75598039611103e-11	1.85199867856291e-09	10.3227599441876	down	71321
Zbtb8b	20.1583122841555	1.88605304005503	0.620637125712268	3.03889819335336	0.00237445080464508	0.01105060996111	2.6244368239731	up	215627
Bcan	12.2650940904595	1.88574689642642	0.614427228219797	3.06911349272406	0.00214695013023858	0.0101694781249826	2.6681780433205	up	12032
Slc41a2	36265.7394173369	-1.88402584772349	0.251398369576702	-7.49418483061672	6.67116612482895e-14	4.51882742942896e-12	13.1757982444474	down	338365
Fasn	69619.7080111049	-1.88275770972546	0.407352167005904	-4.62194106775962	3.80166023384374e-06	4.59199539334711e-05	5.42002669997991	down	14104
Tpm2	711.834658922862	1.88225293274271	0.29384787288509	6.40553533453268	1.49842676220078e-10	5.3522830079083e-09	9.8243644789775	up	22004
Tedc1	140.042068429262	1.88107329188962	0.38954281578793	4.82892564219098	1.37271651611706e-06	1.8979434415519e-05	5.86241914098442	up	104732
Gas6	8978.25816430213	-1.8792560987956	0.219765693302318	-8.55118044384855	1.21835978365898e-17	1.62775559604649e-15	16.9142244448848	down	14456
Map3k6	1141.65603341628	1.87854405079094	0.322116037272326	5.83188613239636	5.48043149428331e-09	1.38772559575664e-07	8.26118524658701	up	53608
Fmo3	53.5210551786881	1.87822464295576	0.450484936159429	4.16933950992548	3.05483640213472e-05	0.000277923453259675	4.51501204288545	up	14262
Cers3	24.6279417175571	1.87805443785029	0.478879841035863	3.92176549713991	8.79025207129997e-05	0.00068702610080212	4.05599867081872	up	545975
Treml1	33.0500252080315	1.87784114739512	0.409844197160168	4.58184149100264	4.60899200507357e-06	5.41567758341541e-05	5.33639404521795	up	71326
Prokr2	6.61321982516106	1.87619717279475	0.769276208612191	2.43891225516969	0.0147315447692104	0.0492722289915694	1.83175171007741	up	246313
Exo1	223.042464171791	1.87547943830866	0.369553585821269	5.07498644382176	3.87523628275448e-07	6.23078216685962e-06	6.41170181234013	up	26909
Myof	4291.8699276229	1.8750874554113	0.216149104349827	8.67497212653985	4.13651785447863e-18	5.91889199745576e-16	17.3833650967845	up	226101
Gm50321	55.6968814565596	1.87479551861407	0.481276666910352	3.89546314524176	9.80112651301417e-05	0.00075553344385626	4.00872400489231	up	NA
Axin2	1474.05437905086	-1.87419932674726	0.312201014482242	-6.00318141135915	1.93488223020427e-09	5.41543079754625e-08	8.71334546389001	down	12006
Gpat3	1401.22896015658	1.87349393178204	0.333084205129206	5.62468559881215	1.8584614377023e-08	4.25580629607169e-07	7.73084644590366	up	231510
Gm6967	35.5595376434537	1.87084035084893	0.404566483766695	4.62430879946004	3.75849591087512e-06	4.54212634266777e-05	5.42498591791631	up	629359
Socs2	2181.20768593353	-1.87070368665718	0.397068354280813	-4.71128879068057	2.46155123298519e-06	3.15429926390821e-05	5.60879112069919	down	216233
Fbn1	7192.48114317956	1.87019283236173	0.318739087630432	5.86747250318467	4.42488359470211e-09	1.14560765682204e-07	8.35409814978954	up	14118
Tmem255b	63.6371129732795	-1.86881843660804	0.347070834462609	-5.3845447414262	7.26282371548531e-08	1.41067954287442e-06	7.13889449698153	down	272465
Emilin2	1832.9871893083	1.86854513513703	0.283166070010603	6.59876070274613	4.14608893119195e-11	1.63824710023012e-09	10.3823613867786	up	246707
Arl4c	698.409804093514	1.86732804597877	0.276293832543979	6.75848616954393	1.39440957396738e-11	6.11971185438822e-10	10.8556096440371	up	320982
Cyp2c50	16949.1279021274	-1.86706608862721	0.419370502168097	-4.45206822839159	8.50471317806926e-06	9.17719652262699e-05	5.07034032841029	down	107141
4933427D06Rik	48.760965624887	1.86634663954209	0.369342885400358	5.05315443539415	4.34572225391254e-07	6.87300559477522e-06	6.36193803398598	up	232217
C330011F03Rik	133.520036722792	-1.86600368107063	0.436849362120117	-4.27150373303635	1.94159276634859e-05	0.000186909220843318	4.71184185469257	down	328837
Skint3	47.0786732673042	1.86599211836049	0.535019331120936	3.48770971406022	0.000487176696182703	0.00297572792803489	3.3123134941053	up	195564
Gm26271	15.1027424335725	-1.86575307460863	0.603595793782002	-3.09106374469281	0.00199440813060826	0.00956634074428336	2.70018596401135	down	115487613
Gm5469	32.7868190829557	-1.86481191066003	0.404576772942899	-4.60929058555526	4.04045278614635e-06	4.85376201066026e-05	5.39356996372449	down	432946
Chst1	61.3151010230337	1.86444428728964	0.54679486855027	3.40976917401014	0.000650178824186184	0.00379406957685094	3.18696717923985	up	76969
Lancl3	98.9153153598386	1.86439570879104	0.410747553890902	4.53903058248338	5.65134400738969e-06	6.48603705679627e-05	5.24784825561772	up	236285
Gm38279	26.1980178399413	-1.8623671232358	0.395935019450069	-4.70371912497793	2.55464636308171e-06	3.246266860328e-05	5.59266921028146	down	NA
Flrt2	789.773218419514	1.86233859247774	0.410128512559878	4.54086593700516	5.60236486607669e-06	6.43899178666666e-05	5.25162861022798	up	399558
Gm45717	760.887584604593	-1.86009980510345	0.446917451892711	-4.16206571756342	3.1538155133675e-05	0.000285318244460355	4.50116371489736	down	NA
Cenph	131.409931720618	1.85854828809202	0.421577559114473	4.40855602465157	1.04062102841173e-05	0.000109743993497831	4.98270740231957	up	26886
Gm8113	87.9437169688217	1.85825809854699	0.512077834311995	3.6288586891164	0.000284677007926346	0.00187935009709934	3.54564760743661	up	666451
Gm5434	8.25404479895845	1.85777461945221	0.760711301128587	2.44215462120258	0.0145998920308207	0.0489537699791053	1.83565035589996	up	NA
Afp	462.995477019634	1.85674764401292	0.460702316884091	4.03025462639481	5.57164644082918e-05	0.000464438311727443	4.25401645033649	up	11576
Actg2	94.636659022071	1.85645773746666	0.405108977644685	4.58261317302856	4.59201035518032e-06	5.39834683563299e-05	5.33799714125629	up	11468
Cct8l1	14.322134631677	-1.85434165542531	0.427883750471933	-4.33375105593534	1.46589933652407e-05	0.000146844978275994	4.83389585172295	down	242891
Crybb3	294.517520224895	-1.85280235882872	0.345932636827551	-5.35596287132733	8.51019846629178e-08	1.61027871136047e-06	7.07006031161808	down	12962
Sybu	1278.77158229664	-1.85245765904855	0.308931743190702	-5.99633317028555	2.01822742347838e-09	5.62915519660371e-08	8.69502989697094	down	319613
Slc37a2	1547.77605651311	1.85183616830786	0.272147363613066	6.80453465990862	1.01376380441349e-11	4.59940643871053e-10	10.9940632189561	up	56857
Tnfrsf13b	132.835303541236	1.85059514031749	0.318698877296521	5.80671998601261	6.37085500718067e-09	1.58988664379405e-07	8.19580227881341	up	57916
Gm28981	124.744309517473	1.84694194085678	0.477571992143018	3.86735816011522	0.000110020782198355	0.000832193479862567	3.95852527173654	up	NA
Coro1a	1662.04224417134	1.84479499748726	0.287190294438927	6.42359798784765	1.33090404005019e-10	4.80357037261099e-09	9.87585325660576	up	12721
9030616G12Rik	977.628612015674	-1.84241243547185	0.419319802746421	-4.3938121295598	1.1138007943855e-05	0.000116094529352716	4.95319247669844	down	77699
Gm47725	24.6221754299081	1.84180154223318	0.697328303214052	2.64122585264952	0.00826066310379606	0.0309944693833974	2.08298508939139	up	NA
Gipc2	139.178632532042	1.84178191754196	0.327468512075878	5.62430233632722	1.86259189529421e-08	4.26122963216695e-07	7.72988229112482	up	54120
Gm19786	18.0330146460576	1.84084529034619	0.754092080706861	2.44114125773691	0.0146409266783136	0.0490709478773361	1.83443143430621	up	100503590
Mup10	1661.12941621466	-1.83912311795009	0.382416493954272	-4.80921494502798	1.51524205004625e-06	2.06780943872564e-05	5.81951798590571	down	100039008
Dnajc12	5917.33641264308	-1.83521053973555	0.256486067264743	-7.15520558019733	8.35476195355436e-13	4.65639630290192e-11	12.0780659196462	down	30045
Gm47903	12.9132991892129	1.83515575450971	0.590300530523016	3.10884991562472	0.00187817098358461	0.00913106769703318	2.72626487328018	up	118567807
Gm48691	8.29181008335142	1.83423484780142	0.652990808866363	2.80897498539953	0.0049699508059062	0.0203935413837423	2.30364791002506	up	NA
Bcl6	9091.27660608666	-1.83366751848473	0.250553625878266	-7.31846331122597	2.50826575407383e-13	1.54731843022993e-11	12.6006264513288	down	12053
Rgs18	59.7762512965923	1.83326418763862	0.302639463004774	6.05758472288096	1.38180567600774e-09	4.01620491072345e-08	8.85955302770816	up	64214
1700028E10Rik	554.004050339764	-1.83247966229355	0.36911741392023	-4.96448987012456	6.88818812035534e-07	1.02884598595697e-05	6.16189500056186	down	625175
Gm9386	6.15318521053457	-1.83246800467072	0.752896395241797	-2.43389132455896	0.0149374791477999	0.0497545620870657	1.82572268796732	down	108168317
Srxn1	7411.71559990259	1.83215674110618	0.196428772245249	9.32733387356645	1.0856743332692e-20	2.43090525251072e-18	19.9643004293282	up	76650
Ddias	232.30596415512	1.83208236794838	0.241776300438065	7.57759286013104	3.52025051018653e-14	2.51052535239547e-12	13.4534264298967	up	74041
Gm45774	94.7439047778323	-1.83203929251908	0.341124971691779	-5.37058100271358	7.84833698933731e-08	1.50913910963919e-06	7.10522235763275	down	NA
Gm11338	16.4648537157435	-1.82986077721886	0.555606192378319	-3.29344921334658	0.000989662188144077	0.00535032663395933	3.00451302243387	down	100504088
Gm49018	68.5891921413164	1.82940017680089	0.548193921416322	3.33714057258137	0.000846451248153209	0.00471307485213928	3.07239805027537	up	118568132
Tph2	8.33219103183498	1.82893863984879	0.74555168605842	2.45313460360879	0.0141617335134374	0.0477894278289065	1.84888358215187	up	216343
1700109G14Rik	23.489659151073	1.82844028869588	0.472202665796867	3.87215155935277	0.000107878834015185	0.000818104588343414	3.96706375617083	up	67355
Samd13	28.2492864684877	1.82795864894915	0.71152748021951	2.56906261496073	0.0101974030097572	0.036728269225789	1.99151041668285	up	75015
Gm48743	22.7349744216701	1.82794513389161	0.455593624920398	4.01222719964747	6.01485683657963e-05	0.000494900537673251	4.22077470511938	up	NA
Gulo	26297.8238987171	-1.82682340385412	0.301759367918072	-6.05390784205946	1.41373509626038e-09	4.09707014976719e-08	8.84963196041909	down	268756
A230083G16Rik	308.322271910873	-1.82672666781547	0.14237129237727	-12.8307233664413	1.10329234391127e-37	1.11165897751927e-34	36.9573093955154	down	442825
Sycp2l	15.4932032059841	1.82550699626823	0.630794891805794	2.89397872427644	0.0038039393580456	0.0164379666826767	2.41976641515105	up	637277
Gm15283	757.458390658779	-1.82540206825913	0.377313692562068	-4.83788980957495	1.31224852324152e-06	1.82792590950614e-05	5.88198390729933	down	102637576
Ggt1	16.7126085617626	1.82501255169736	0.58355311662271	3.12741462552637	0.00176351029697576	0.00866068359087489	2.75362200018322	up	14598
Atp8b4	2335.71920392078	1.82475729461328	0.232206891123356	7.85832533128359	3.89303102455333e-15	3.39860203017143e-13	14.409712135265	up	241633
Ckap2	171.881736924731	1.82362941952551	0.380063482376609	4.79822320240296	1.60079334905244e-06	2.16986461697231e-05	5.79566472876704	up	80986
4930579C12Rik	12.9793554992912	1.82150371669696	0.737822522195944	2.46875591609173	0.0135583664644173	0.0461105073772629	1.86779263187197	up	319213
4930513O06Rik	10.2383951642218	-1.82112040648343	0.580054495324667	-3.13956778399608	0.00169197265843028	0.00836567799936208	2.77160665925728	down	75125
Gm29264	12.3327331634384	1.81889163325716	0.654074217112242	2.78086428981657	0.00542143954000615	0.0219049709200382	2.26588538112359	up	NA
Gm13836	22.3782326228999	-1.81870374205554	0.591794978936529	-3.07319900774387	0.00211777206518721	0.0100553630630978	2.67412078462438	down	102639758
Gad1-ps	41.6503623068208	1.81834296564706	0.629374226235975	2.88912842288095	0.0038631126892408	0.0166549814675024	2.41306262304813	up	382407
Ahnak	36846.6424872907	1.81680996908901	0.241387861910795	7.52651750882328	5.2111494866277e-14	3.61077412279745e-12	13.2830664685169	up	66395
1700120G07Rik	23.4825349799205	1.81657524204368	0.57814384834701	3.14208176258816	0.00167751184126653	0.00831647473568443	2.77533440553837	up	74314
Fam102b	2044.66191375692	1.81586353623949	0.200083249179247	9.07554002490599	1.13115168825887e-19	2.02618593522044e-17	18.9464791519654	up	NA
CR974586.2	9.99087804415668	-1.81492980751973	0.743956734735924	-2.43956365038345	0.0147050118980638	0.049210711004564	1.83253461976205	down	NA
A630031M04Rik	135.615576914833	-1.81041043387141	0.451108862259797	-4.01324510629716	5.98896682446098e-05	0.000493406807326695	4.22264809265856	down	115486416
Gadd45g	3439.39770283174	-1.81013702462938	0.657304572606284	-2.75387864327794	0.00588936014803124	0.0234778284041694	2.2299318867535	down	23882
LOC102637012	15.1300028223343	1.80867242733777	0.682198769251514	2.65123965163729	0.00801969148623719	0.0302782481686476	2.09584233849912	up	102637012
Dntt	187.08450762555	-1.80770510522267	0.551232687702428	-3.27938662846228	0.00104033000940156	0.00558801872220093	2.98282887365529	down	21673
Mup5	11.7805200537169	-1.80688829827909	0.693482907618904	-2.60552679587028	0.00917330979390532	0.0337587851828061	2.03747393958825	down	17844
Fstl1	4043.61874453641	1.80662609695223	0.250009204832442	7.22623832255714	4.96556034171345e-13	2.88647067748353e-11	12.3040317361751	up	14314
Gm12602	280.359393902647	1.80597479102113	0.40996731107152	4.40516778350182	1.05702031699166e-05	0.000111085898763548	4.97591666503641	up	102637941
Gm17830	6.66178354545333	-1.80545382912811	0.695367070730092	-2.5964039787396	0.00942052323490589	0.0344587948671145	2.02592497494368	down	100415784
Gm12493	28.0032258513218	-1.80526953839393	0.440116627587743	-4.10179808085988	4.09951949649796e-05	0.000357588856918036	4.38726704382872	down	NA
Gm44812	21.9953553812382	1.80446510826095	0.470362951088441	3.8363249148032	0.000124889157795873	0.000930110752639297	3.90347526309753	up	108167437
Gm31600	31.0801018722309	1.8028980978861	0.666208360070569	2.70620755598913	0.00680564952783376	0.0263909905198967	2.16713041963147	up	102633878
Xpnpep2	25.7098449105296	1.80014583125825	0.418670971606742	4.29966716906546	1.71054807171617e-05	0.000167875298174677	4.76686471628295	up	170745
Gm16126	15.4277263790174	1.79941911259175	0.559483363152575	3.21621558584404	0.00129893213984753	0.00674775016236156	2.88641353719455	up	118567723
Diaph3	1918.42443669579	1.79880898228711	0.37660862476842	4.77633507037501	1.7851884042142e-06	2.381285000156e-05	5.74831594280515	up	56419
Fam129b	4479.92622200699	1.79848100363742	0.245825405114549	7.31609087677234	2.55298803207847e-13	1.57089965882243e-11	12.5929512210808	up	NA
Ms4a7	263.127813943326	1.79836345223718	0.3902966892726	4.60768308229519	4.07180635627457e-06	4.88414788231308e-05	5.39021288401145	up	109225
Rbfox1	1649.6562944981	1.7976415849265	0.379956234923017	4.73118064582022	2.2321776807598e-06	2.891190180832e-05	5.6512712386313	up	268859
Rsad2	2600.01401318738	1.79730915188016	0.210849952138669	8.52411458314266	1.5398313831871e-17	2.03476516438417e-15	16.8125268332939	up	58185
Wif1	13.7487840850922	-1.79670409625084	0.638417511079455	-2.8143089202126	0.00488822285321712	0.020113494135868	2.31084900290538	down	24117
Gm49041	17.5496561492003	1.79667981390654	0.482877791223997	3.72077541473242	0.000198612008275486	0.00138211095945836	3.7019944971794	up	NA
Emp3	540.323873808592	1.79639742479651	0.28130515344005	6.38593855401709	1.70349397443103e-10	5.99619960548635e-09	9.7686593982722	up	13732
2610028E06Rik	20.1249536441714	-1.794476217113	0.574036045709352	-3.12606887760074	0.0017716005300042	0.00869158937240041	2.75163419846073	down	72395
Gm28050	36.6338140175581	1.7942328915004	0.451531086579091	3.97366415033336	7.07753416439564e-05	0.000568223543039228	4.15011802554849	up	102636013
Dio1	4312.14720922838	-1.79403356752576	0.306771410430982	-5.84811200302312	4.97183753023003e-09	1.26872558826183e-07	8.30348307167911	down	13370
Gstm2	2378.60154319747	-1.79358295433394	0.250496314801925	-7.16011712887743	8.06081579443205e-13	4.52266003575304e-11	12.0936210032208	down	14863
Ostn	8.25129270327168	-1.79003410860865	0.671919244565554	-2.66406137803962	0.0077203474799509	0.029335864670046	2.11236315235479	down	239790
Pde4b	7871.71001638944	-1.78959608129804	0.650934284916096	-2.74927304148485	0.00597276097871423	0.0237320581641912	2.22382486474439	down	18578
Garnl3	498.96343692984	1.78952016935838	0.211484140045132	8.4617227985819	2.63456154122277e-17	3.37084482485974e-15	16.5792916522055	up	99326
Mfap3l	170.256023874452	1.78873458672601	0.227290786028286	7.86980685835369	3.55189174274802e-15	3.16944081635176e-13	14.4495402794485	up	71306
Slc7a10	9.53827781080966	-1.78847725029715	0.682620958671825	-2.62001514541393	0.00879258619081794	0.0325708209660477	2.05588336574481	down	53896
Tspan6	66.5480594754025	1.78750263319269	0.439619332107822	4.06602372243786	4.78220700879607e-05	0.000408345091407862	4.32037162838085	up	56496
Stil	308.830515318796	1.78510186095042	0.312861043862659	5.70573389039146	1.1584286343361e-08	2.75448586386585e-07	7.93613071601186	up	20460
Mcm6	2440.62941062745	1.78391368899203	0.243958248105666	7.3123729279256	2.62465450695422e-13	1.61089835754231e-11	12.5809278562955	up	17219
Nrip3	160.227160206041	1.78391129183093	0.18903617174384	9.43687800792052	3.84051744346238e-21	9.19518740770369e-19	20.415610258002	up	78593
Atg16l2	4247.87144678613	-1.78375021505127	0.217364962899428	-8.20624534542204	2.28212837202165e-16	2.48587514829853e-14	15.6416599297282	down	73683
Rnf125	13076.3512172574	-1.78374546127373	0.259269685724796	-6.8798843809573	5.99011574681399e-12	2.80722827498946e-10	11.2225647856713	down	67664
Coro6	57.0499091340017	1.78339443254667	0.331505338162967	5.37968541450744	7.46161103069272e-08	1.44118752351607e-06	7.12716739421595	up	216961
AC117663.1	8.96423280598808	1.78306655439695	0.700402514268878	2.54577406287329	0.010903573541903	0.038832137759985	1.96243114286856	up	NA
Slc22a8	28.5004624747985	1.78259183960966	0.47694047018774	3.73755625918676	0.000185817520173052	0.00130357971361321	3.73091334009611	up	19879
Il1r1	76561.16722278	-1.78205575746779	0.256781178844178	-6.93997809920951	3.92160733201957e-12	1.89664617005794e-10	11.4065358941141	down	16177
Ttk	200.456766959885	1.7815711447532	0.426748574032334	4.17475594099634	2.98305681170711e-05	0.000272109693778579	4.52533847550956	up	22137
Ces3a	103287.368059508	-1.77980163240753	0.292477902862609	-6.08525162067912	1.16308502889701e-09	3.43415411096308e-08	8.93438853442811	down	382053
Abcb1a	885.140005040515	1.77725964957288	0.169575373581571	10.4806471130548	1.06015828632482e-25	4.06932502855663e-23	24.9746292878056	up	18671
Fkbp5	21461.2042540405	1.7769575856155	0.221432352660083	8.02483270519765	1.01664394470403e-15	9.99369263041988e-14	14.9928311217335	up	14229
Postn	2185.30461273635	1.77616196299415	0.32017284104653	5.54750976750092	2.89766977671459e-08	6.30138943709641e-07	7.53795110896912	up	50706
Fbn2	144.085171356143	1.77507479153167	0.442867364362218	4.00814088906277	6.11986090285953e-05	0.0005025143509438	4.21325844873795	up	14119
AC106834.1	113.052112803773	1.77225831176147	0.310218030839165	5.71294423785543	1.11038072123877e-08	2.65066402773898e-07	7.95452808717408	up	NA
Gm35060	8.77163526512437	1.77124802843334	0.709978395827683	2.49479144554596	0.0126031180248034	0.0435944214097836	1.89952199667253	up	NA
Gm50322	26.492881078655	1.77050546703637	0.448139850985283	3.95078782470187	7.78943581896993e-05	0.000617384913059098	4.10849399670243	up	NA
Tectb	17.181035110069	1.77030521873516	0.663188626243478	2.66938416716034	0.00759904789373616	0.0289751145011554	2.11924081829808	up	21684
Ncapg2	1002.6881367588	1.76935415236162	0.314247647502041	5.63044518050094	1.79745066053816e-08	4.12782069070596e-07	7.74534302202998	up	76044
Cd200r4	158.170424432141	1.76696816521414	0.290836442690596	6.07547028449222	1.23624872310276e-09	3.62363231782679e-08	8.90789414396885	up	239849
Gm17501	211.556280363262	1.76550844447753	0.559395139885703	3.15610258043763	0.0015989261668361	0.00798373581797039	2.7961715900849	up	100216343
Gadd45a	445.483284136334	-1.76506506912649	0.462810057522987	-3.8138001550211	0.000136846141371902	0.00100737089517666	3.86376744381116	down	13197
Map3k9	190.422512477136	1.76461325746511	0.292898622206682	6.02465537109944	1.69470337142778e-09	4.82133140327842e-08	8.77090630656158	up	338372
Tdrd9	148.408780898159	1.76437646334221	0.355763620740547	4.9594066410431	7.07088185858989e-07	1.05483075326601e-05	6.15052641895614	up	74691
Ccdc146	96.6490075951284	1.76037855997039	0.284501776281398	6.1875837226029	6.10934015342817e-10	1.91367958018394e-08	9.21400569371817	up	75172
Slc37a1	3928.11716666361	-1.75805157916884	0.215465871680044	-8.1593041415833	3.36960189877866e-16	3.6050972196447e-14	15.4724214057686	down	224674
Vwc2l	75.9591234099668	1.75756175048959	0.647634046627934	2.71381926203659	0.00665124434033678	0.0259419984900039	2.17709709761604	up	320460
Pla2g7	1156.0908530128	1.75755058062367	0.241052978510098	7.29113820325622	3.07347282914494e-13	1.86272481088679e-11	12.5123706218809	up	27226
Gm15723	50.280623711349	-1.75637537271637	0.546592108792604	-3.21332003236585	0.00131209997902933	0.00680738075367675	2.88203307144935	down	102633245
Tgfb3	278.625262260598	1.75518220586753	0.249282761563185	7.04092892288762	1.90962406464691e-12	9.84616825827113e-11	11.7190521210868	up	21809
Gpr55	43.0449492938176	1.75513018003368	0.388566111066273	4.516940953027	6.27393909337627e-06	7.076324400934e-05	5.20245970169486	up	227326
Mad1l1	34057.1248513863	-1.75502826520579	0.364080349583654	-4.82044215572954	1.43240386884309e-06	1.97257348270863e-05	5.84393451465334	down	17120
A330049N07Rik	10.2521916712796	1.75501547235661	0.680885802706159	2.57754746152932	0.0099504215687672	0.0360500070303394	2.00215851914263	up	327768
Gm34294	159.781134454997	-1.7492303140207	0.250326600297534	-6.98779239578055	2.79245176564719e-12	1.38092164819796e-10	11.554014319768	down	108168820
Hectd2os	628.040048017303	-1.74785283161877	0.369360792605063	-4.73210169192931	2.2220703527527e-06	2.88118526918316e-05	5.65324219502224	down	668215
Gm44620	132.903725691633	1.74535210095346	0.353671730240635	4.93494942263532	8.01715327419486e-07	1.17711475699199e-05	6.09597981335899	up	NA
Golga7b	91.1105674546023	1.74437997979414	0.365654103015649	4.77057406277617	1.83701624504159e-06	2.44349432550032e-05	5.73588700313854	up	71146
Mrgprf	76.5050459742892	1.74419207313045	0.490024884460288	3.55939489695815	0.000371710254351371	0.00236731560988276	3.42979545787983	up	211577
Cgref1	370.936389714608	1.743948776205	0.366169858897021	4.76267703043098	1.91041471797028e-06	2.52999171467455e-05	5.71887234470239	up	68567
Amer2	69.5229668871063	1.74338397195216	0.537803242854683	3.241676198712	0.00118828951829317	0.00625494495676219	2.9250777336995	up	72125
C430002N11Rik	35.6703703185502	1.74307300408155	0.60729773475337	2.87021160187503	0.00410197194522811	0.0174391500667205	2.38700731424417	up	319707
Fam83a	783.333623864023	1.74254271624789	0.415725201140237	4.19157345156969	2.77026468998511e-05	0.000254813772283073	4.55747873349582	up	239463
Mab21l3	66.8142337545102	-1.74101983886523	0.312766363547872	-5.56651878774921	2.59878773204708e-08	5.71308044876022e-07	7.58522919205167	down	242125
Cytip	648.746174865155	1.74029919447245	0.292152575413416	5.95681620129415	2.57199221806089e-09	7.04370507555474e-08	8.58973034976738	up	227929
Syt14	120.082580951724	1.73998382717424	0.53686463571624	3.24101032442359	0.00119106870032128	0.00626820964334476	2.92406318787914	up	329324
Pgr	206.963845690156	-1.73985776292845	0.296006037721996	-5.87777795452434	4.1581015167295e-09	1.08352597928397e-07	8.381104911922	down	18667
Gm2058	10.2166041852847	-1.73947439493684	0.526538427935861	-3.30360388273261	0.000954505976508886	0.00520096068588055	3.02022134798618	down	100039133
Obox4-ps2	118.514964522329	-1.73877610348585	0.644705959427034	-2.69700640743439	0.00699659240719471	0.0269843058358505	2.15511342556795	down	106780808
Fxyd5	1219.74159486806	1.73868063276897	0.295067278976548	5.89248878696294	3.80421918004964e-09	1.00429725122227e-07	8.41973446914159	up	18301
Tmem156	296.527692916475	1.73742493806767	0.257569227528833	6.74546782912247	1.52534731902353e-11	6.65662754667669e-10	10.8166312569328	up	243025
Sulf2	2235.33939314317	1.7372841376768	0.198477791931144	8.75304043224894	2.07680241545614e-18	3.17855924117471e-16	17.6826048197667	up	72043
Ercc6l	200.130526131282	1.7352891864691	0.399546949531371	4.34314212260767	1.40459202679345e-05	0.0001418198095696	4.8524498011977	up	236930
Gm15347	14.1883292520481	-1.73517138754053	0.684293788613157	-2.53571114689958	0.0112219254602976	0.0396767106934683	1.94993262034909	down	NA
Fmnl1	1188.45781321553	1.73482729303658	0.308862293359451	5.61683096426925	1.94491521880127e-08	4.43279357408599e-07	7.71109932534562	up	57778
Slc22a29	47.4205407976638	-1.73323416739053	0.372114221709198	-4.65780146598383	3.19604204825815e-06	3.94521127161708e-05	5.49538751558885	down	236293
Slc4a4	73192.395422959	-1.73221435106167	0.355328511275037	-4.8749658304815	1.08827290530019e-06	1.54168807240593e-05	5.96326218331066	down	54403
Usp13	98.2832860859128	1.7302648809328	0.416125973187242	4.15803144341158	3.21001847600968e-05	0.000289757034033597	4.4934924679048	up	72607
Gm12446	15.6163213221494	1.729671515625	0.626262015238729	2.76189753415854	0.00574665103433878	0.0230075356477451	2.24058517461896	up	115489985
Mycn	333.354160584958	1.72950162860873	0.305706822828948	5.65738642207678	1.53695459370509e-08	3.5668556607463e-07	7.81333896268543	up	18109
Tlcd2	4146.60955122403	-1.72785742700293	0.302553632725695	-5.7109128435733	1.12371787154924e-08	2.67750470910943e-07	7.94934271208483	down	380712
Gm15729	28.664256580477	1.7269873122279	0.620225978715982	2.7844485260085	0.00536188309083935	0.0216860774214212	2.2706826594984	up	NA
Gm45546	13.3356512997003	1.7266597247761	0.673879345972838	2.56226835722859	0.0103990931932696	0.0373179123269533	1.98300452977135	up	NA
C230037L18Rik	197.391237176874	1.72462987374714	0.290288575944011	5.94108765093041	2.83137165217239e-09	7.64154344786079e-08	8.54800312042864	up	100532730
Lig1	1208.49016285331	1.7233891422763	0.272115847112498	6.33329209071686	2.39984621401936e-10	8.2199831653564e-09	9.61981658768118	up	16881
Gm47918	13.6358646940531	1.72327953885061	0.552180173127588	3.12086457050755	0.00180320941303181	0.00882160834026609	2.74395383420774	up	118568059
Mcm5	1610.39884220303	1.72312322060724	0.298481335107133	5.77296808186939	7.78872000656545e-09	1.90634440484581e-07	8.10853390815037	up	17218
Pbk	111.137008254893	1.72236054031645	0.51441137910752	3.34821625311762	0.000813335193448015	0.00455806990682732	3.08973043513919	up	52033
1600022D10Rik	56.8944070213896	1.7218602044997	0.543154382755506	3.17011195926366	0.00152380211383832	0.00767518906828539	2.81707142830358	up	73252
Gm33037	1687.27772615596	-1.72171867078347	0.246650686629808	-6.98039277452958	2.94355948557359e-12	1.44971803421875e-10	11.5311271832269	down	102635789
Kcnh1	77.7297784035384	1.72142937766572	0.309991274344131	5.5531542986423	2.80560216125957e-08	6.12873274287073e-07	7.55197391257325	up	16510
Psd	571.415188279637	-1.72013006452156	0.419365923563233	-4.1017401936383	4.10054544799319e-05	0.000357588856918036	4.38715837028078	down	73728
Akr1b8	812.009699762303	1.71990276135	0.342486205828483	5.02181615516311	5.11851650564054e-07	7.92419757614594e-06	6.29085589190889	up	14187
Gm37125	9.3788907302913	1.71986007636961	0.674621664904107	2.54936976655512	0.0107917809535569	0.0384660771070851	1.96690687834977	up	105244012
Adamts7	2743.22550623677	1.71805058923327	0.199531097796352	8.61044021812965	7.27805462858619e-18	9.99988164934495e-16	17.1379846889525	up	108153
Apol7c	21.5442271248046	-1.71803788024454	0.503834907372037	-3.40992228824653	0.000649813923848978	0.00379377119906228	3.18721098707231	down	108956
Junb	9709.15158922131	-1.71802793503285	0.453232444144451	-3.79061110304207	0.000150277092813888	0.00108998220108741	3.82310721517306	down	16477
Gm10797	11.848972577477	1.71750403800745	0.550543869519275	3.11964973746259	0.00181066205626473	0.00884911678346681	2.74216259926901	up	100038508
Gm30275	26.875632154001	1.71712332598352	0.485063695394522	3.5399955558144	0.00040013377005024	0.00251521570765659	3.39779479396575	up	102632118
Gm45663	13.6547129599778	1.71612749520821	0.573121328525506	2.99435287048794	0.00275027663816453	0.0124849239091599	2.56062362021125	up	NA
Tnfaip8l3	117.989435156502	1.71539061181623	0.344512781609636	4.97917843222409	6.38547523388638e-07	9.64469686276342e-06	6.19480677517832	up	244882
Ddr1	974.559861755925	1.7150191548776	0.315069151645125	5.44331028894031	5.22994287572567e-08	1.06099394816106e-06	7.28150305470684	up	12305
Slfn1	311.74016811616	1.71448523406628	0.463083500742786	3.70232416252413	0.00021363341749687	0.00147014322763498	3.67033081203986	up	20555
Slco1a4	6878.6943872212	1.71418395223605	0.37943319542002	4.51774903442095	6.25004994419413e-06	7.05596207985539e-05	5.20411651219172	up	28250
Gm49699	12.3102305422001	1.71230148863201	0.700107209277477	2.44577039907807	0.0144543016202342	0.0485801142154974	1.84000288703073	up	NA
Gan	8250.76617030605	-1.71182085245635	0.14448335854283	-11.8478755596542	2.20715448119661e-32	1.45218734291009e-29	31.6561672690208	down	209239
Fancd2	297.878248294305	1.71077412726517	0.382302477049451	4.4749229470566	7.64388737119049e-06	8.38677333984249e-05	5.11668572067914	up	211651
E230001N04Rik	204.402765552637	1.7103170650112	0.337609854269212	5.06595717922197	4.06353261621692e-07	6.49037950629838e-06	6.39109625000339	up	320187
Gucy2c	258.444358338983	-1.70963832879507	0.388737288750415	-4.39792728474969	1.09289579475706e-05	0.000114360881657561	4.96142124511292	down	14917
Tef	11191.0353852286	1.70936756786824	0.17552318549602	9.73869955150171	2.06175852301437e-22	5.41928745690581e-20	21.68576220145	up	21685
Gm13912	79.7614990425857	-1.70882345720017	0.342499030534043	-4.98927969091088	6.06048470787614e-07	9.21727303181515e-06	6.21749264026643	down	102631868
Gm15448	36.4908738190156	1.70868199662387	0.455810606312184	3.74866660178941	0.000177777225815631	0.00125445254586332	3.75012387517739	up	NA
Lct	81.6707246698456	1.70844657633901	0.309797732357273	5.51471620963562	3.49343201279302e-08	7.39738817279867e-07	7.45674770432209	up	226413
Comt	53297.0963792364	-1.70753063871626	0.167168049452495	-10.2144557187138	1.7083518941302e-24	5.90162364340808e-22	23.7674226664702	down	12846
Golm1	1175.57886056855	1.70680410090164	0.300897001846102	5.67238653236765	1.40821792286671e-08	3.29656590617259e-07	7.85133013256955	up	105348
Sox4	847.854034021589	1.70661240750949	0.362206430355705	4.71171206384578	2.45644294815713e-06	3.14961311624262e-05	5.60969331807028	up	20677
Adgrf1	1057.5592386173	-1.70587642961098	0.513836429833831	-3.31988222431531	0.000900554317828257	0.00495386817873587	3.04549008715134	down	77596
Slc22a7	2595.85004327633	-1.70463589537071	0.379144885302393	-4.49600129515436	6.92433144385093e-06	7.73771640366004e-05	5.15962215212096	down	108114
Chaf1b	442.486562921489	1.70463266251405	0.271133844570959	6.28705230515007	3.23550390581661e-10	1.0791855924201e-08	9.49005807157239	up	110749
Raph1	64491.9381635974	-1.70386874417975	0.176204388470458	-9.66984283972824	4.04999539982476e-22	1.01844140872902e-19	21.3925454700771	down	77300
Gm14548	83.1118332767613	1.70337065422102	0.43393445156545	3.9254100430975	8.65821227346608e-05	0.00067824065175561	4.06257177079072	up	NA
Gm20125	39.0751135474495	1.70193203495405	0.326615670011134	5.21080949636013	1.88018439916215e-07	3.25692114187243e-06	6.72579955519836	up	100504235
Gm36435	186.137366674642	-1.70182773516992	0.336446741755875	-5.05823812199306	4.23147842427802e-07	6.70994119629378e-06	6.37350786919067	down	102640351
Pabpc1l	67.7046913409939	1.70151931212575	0.422465296629748	4.02759546334281	5.63501903648385e-05	0.000468570800852045	4.24910461246154	up	381404
Abcd2	3178.79252502079	1.70151155971134	0.459744114746943	3.70099693532326	0.000214754070331473	0.00147659452054469	3.66805859603807	up	26874
Mir23a	7.52232922136771	1.70101602458854	0.694478206443689	2.44934399496734	0.0143116692038186	0.0482012234939751	1.84430971049382	up	387216
Gm40847	35.2324719469192	1.7001386906898	0.578352056916954	2.93962590840049	0.00328608728362813	0.0145034062224303	2.4833209052057	up	105245381
Spred3	340.358990608903	1.6998656577496	0.327508641739901	5.19029253310387	2.09963950117399e-07	3.61377099056152e-06	6.67785526530925	up	101809
Gm50044	216.08559913303	1.69693008906622	0.505001064293265	3.360250520345	0.00077871825342075	0.00439335441235232	3.10861964517415	up	NA
Gm46332	21.8081333680379	1.69423510030489	0.555765547977442	3.04847090013154	0.00230009188195484	0.0107646258737046	2.63825481483939	up	108167978
Ptpn7	173.55373515991	1.69347465310289	0.380572915930289	4.44980339434634	8.59489338019042e-06	9.24562774554114e-05	5.0657595063745	up	320139
Gm4221	196.445015015256	1.69258015218013	0.305345664401944	5.54316091402592	2.97059634755762e-08	6.4310618510867e-07	7.52715635726338	up	100043089
Gm12910	492.994942645736	-1.69228078127377	0.312311737832543	-5.41856285331532	6.00800179821528e-08	1.19576542785549e-06	7.22126994601806	down	NA
Vmn2r-ps3	15.7911137305552	1.69217718753401	0.582954696098785	2.90275933766088	0.00369890763308147	0.0160542853164642	2.43192651349236	up	100124546
5430437J10Rik	940.601010747448	1.69188685696998	0.315215705379606	5.3673939086648	7.98824673817799e-08	1.53010339647362e-06	7.09754852925774	up	71432
Ccn5	139.567926739872	1.69035611454718	0.586568731596337	2.88176989923568	0.00395448398194044	0.0169582074217563	2.40291017927548	up	22403
Prrx2	14.9653226548652	1.68949256051354	0.489900865731854	3.44864171241999	0.000563413740997582	0.0033610337423896	3.24917256529016	up	20204
Sema4f	55.3885407271164	1.68815518354578	0.434739499286725	3.88314194204926	0.000103115332571596	0.000788095756082909	3.98667675318254	up	20355
Col9a2	11.8823654665438	1.68743111495202	0.640404587540717	2.63494538887064	0.00841508210231865	0.0314567190289488	2.07494164244395	up	12840
Ehd2	1988.75236013598	1.68710477869483	0.27311693577806	6.17722505522615	6.52380475506907e-10	2.027746100091e-08	9.18549904503596	up	259300
Mbl1	19925.603993919	-1.68620047830428	0.186547747250701	-9.03897529268047	1.58147295992134e-19	2.79147292823488e-17	18.8009382292667	down	17194
Prg4	21939.58792226	-1.68571548529041	0.157836564133947	-10.6801329244587	1.26090983311605e-26	5.34935466393199e-24	25.8993159684469	down	96875
Vash2	85.3255901097061	1.68445203372474	0.404437061487659	4.16492995851751	3.11448164454361e-05	0.00028218207241796	4.50661422433292	up	226841
Mex3a	77.3277829327205	1.68417159719789	0.310317548386486	5.42725220006034	5.72282381058222e-08	1.15023770029386e-06	7.24238962457384	up	72640
Gm16242	27.0075666621584	-1.68396729088314	0.441430484193217	-3.81479610308486	0.000136295422486534	0.00100423397518872	3.86551872980159	down	NA
Gm2061	411.051810467552	-1.68377333022758	0.340463817515505	-4.94552796392497	7.59377679696972e-07	1.12176365610459e-05	6.11954217217765	down	100039138
Gm41556	17.9756761864598	1.68184531128548	0.55694144975675	3.01978836737693	0.002529513673159	0.0116689621603073	2.59696296869208	up	105246248
Vmn2r1	37.0764050529134	1.68183876568198	0.388500050917128	4.32905674455301	1.4974934865669e-05	0.000149329432957364	4.8246350579231	up	56544
Gm12746	9.70010209050391	-1.68174298181907	0.606009341836372	-2.77511065542808	0.00551829286448728	0.0222368535325831	2.25819525455353	down	NA
Cyp1a1	171.053271691595	1.68151059908892	0.435499806586101	3.86110527182628	0.000112875253747273	0.000851919284056355	3.9474012603691	up	13076
Olig1	125.168586543011	-1.68031780294219	0.3569057476695	-4.70801553047049	2.50140047637237e-06	3.19034105061375e-05	5.60181677178203	down	50914
Pif1	78.2482540923467	1.67929504535089	0.279768369938112	6.00244783111962	1.9436472194083e-09	5.43367364852388e-08	8.71138255863179	up	208084
Adora2b	117.099467813597	1.678457599779	0.363289603468758	4.62016414384768	3.83436569331616e-06	4.62457013445244e-05	5.41630646970116	up	11541
9030625G05Rik	27.4555740637495	1.67701875411013	0.44445078086673	3.77323840187602	0.000161142171629996	0.00115622939110523	3.79279078788963	up	71545
Btc	793.147737507813	1.67570359659815	0.222556096821401	7.52935381475031	5.09920384387763e-14	3.5433605561106e-12	13.2924976264907	up	12223
Galnt6	424.07180867235	1.67549341389185	0.236180286043823	7.09412898916114	1.30168680717642e-12	6.94865129605741e-11	11.8854934967794	up	207839
F730043M19Rik	122.391020627968	1.67532135208538	0.306475990068844	5.46640326281039	4.59258874749951e-08	9.43568233577173e-07	7.33794244260475	up	320046
Tyro3	144.682433491083	1.67518113112747	0.260295181666491	6.43569781200879	1.22907345402313e-10	4.47334930631487e-09	9.91042216127657	up	22174
Tubb1	52.5258254348885	1.6748637259754	0.673027620893862	2.48855124809138	0.0128264749720246	0.0441963262715158	1.8918926819371	up	545486
Ranbp17	553.740779439165	1.6727878043953	0.267455910385012	6.25444321640626	3.98936576159644e-10	1.29144367934304e-08	9.39909614394564	up	66011
Gm29675	36.8053451931672	1.67175443147722	0.322465890022406	5.1842829992377	2.16847456644713e-07	3.7221669736478e-06	6.66384566722813	up	NA
Bnc2	424.790518974359	1.67157164007729	0.433339933377595	3.85741426378249	0.000114592854556632	0.000862460866152214	3.94084246197923	up	242509
Tmem151a	61.7058959453134	1.67083430372185	0.312837536018361	5.3409009832624	9.24857644658417e-08	1.73371376458371e-06	7.03392510931189	up	381199
Ptk6	220.000655320325	-1.66833769904396	0.285265655690211	-5.84836507923589	4.96428061584627e-09	1.26872558826183e-07	8.30414367711911	down	20459
Gm9694	20.5088136635377	-1.66783044222826	0.533583387599794	-3.12571658148996	0.00177372405631328	0.00870024241983118	2.7511139437726	down	676894
F2rl1	103.737936343798	1.66769812185201	0.445060109123606	3.74713007898185	0.000178869340802537	0.00126142268862262	3.74746409353746	up	14063
Adamts12	3063.16393407703	1.66653507025764	0.227594054060447	7.32240162045282	2.43571875611061e-13	1.506407952948e-11	12.6133728596026	up	239337
Gm19142	27.370264352556	1.66590211701053	0.394342008485342	4.22451090972838	2.39460252113243e-05	0.000224355978946239	4.62076656458965	up	100418330
4930480G23Rik	533.097737850412	-1.66559906503875	0.194939560705712	-8.54418189416769	1.29450014879748e-17	1.7199781647374e-15	16.8878978953087	down	74988
Gm9733	88.0051290655217	1.66551818861859	0.382449247434461	4.35487375067723	1.33143631038585e-05	0.000135451379292178	4.87567960332157	up	NA
Slco1a1	27032.3762287217	-1.66533486436569	0.326275241439213	-5.10407978558176	3.32408018540761e-07	5.41663794093847e-06	6.47832850845591	down	28248
Gm5526	24.7576003315581	1.66382705914962	0.533122045155256	3.12091213310281	0.00180291820482072	0.00882160834026609	2.74402397599574	up	433297
Ndrg4	77.033576991828	1.66314005870695	0.385301661972629	4.31646219793649	1.58549818381454e-05	0.000157197692009033	4.79983425112019	up	234593
Unc5b	3001.18503692328	1.66284568209011	0.211539823988764	7.86067441456521	3.8207070951611e-15	3.35121143585689e-13	14.4178562551227	up	107449
1810008I18Rik	4176.18332538314	-1.66122849551283	0.377711361880131	-4.39814277029886	1.09181151422033e-05	0.000114344677509208	4.96185232994581	down	100503969
Hrob	70.1717284292439	1.66078479187739	0.359670517631202	4.61751717326001	3.88358551580597e-06	4.67228183797114e-05	5.41076712732321	up	217216
Mlxipl	36974.6336994504	-1.6605098394169	0.274785003361384	-6.0429420059474	1.51329060498209e-09	4.34612748333455e-08	8.82007766416375	down	58805
H2-Q5	1101.68590304079	-1.65982179539714	0.42351897833064	-3.9191202291325	8.88727764272263e-05	0.00069281801404358	4.05123125205645	down	15016
Apcdd1	50.1810070798933	1.65856796948942	0.381895241100921	4.34299198049216	1.40555266773034e-05	0.000141857573501899	4.85215287622082	up	494504
Lrrn2	35.0186913764949	1.65787917148003	0.406391020510964	4.07951723292396	4.51293244424582e-05	0.000388922781064691	4.34554116754585	up	16980
Mmp24	294.400659390319	1.65725979323125	0.307150958376136	5.39558724476379	6.82997946002005e-08	1.33843244167103e-06	7.16558060238192	up	17391
Sirpb1b	1400.4685801366	1.65638891561874	0.386877463268607	4.28143035684845	1.85695840725773e-05	0.000179332940113045	4.73119782361657	up	668101
Rab38	183.32966741945	1.65622579240796	0.434924479302042	3.80807673797951	0.00014005181572391	0.00102628272964715	3.85371125632443	up	72433
Efna1	9353.03942080156	-1.65585196672746	0.281792743759021	-5.87613415675275	4.19958026886616e-09	1.09315662068592e-07	8.37679411341744	down	13636
Me1	16059.2311333821	-1.65451735333407	0.207175680174484	-7.98605971483055	1.39320218885563e-15	1.34761661323628e-13	14.8559858518946	down	17436
Gm44787	648.354259254327	-1.65429050768466	0.31388964771292	-5.27029330128673	1.36205932774547e-07	2.4709166289228e-06	6.86580397527835	down	NA
Chaf1a	615.936712010124	1.65293805878187	0.268800254805165	6.14931730619071	7.78171623644681e-10	2.3789818208566e-08	9.10892460997435	up	27221
Traip	142.39287845289	1.65147668841555	0.367334130145885	4.49584330146419	6.92947559508557e-06	7.73988816814592e-05	5.15929963043553	up	22036
Gm28818	194.568413267131	-1.65088026238036	0.165884265239724	-9.95200032983613	2.4716433250922e-23	7.28893644968043e-21	22.6070142007031	down	102632274
Treh	552.92028284865	1.65074819309909	0.147337953272585	11.203821937482	3.90514390479622e-29	2.05291717186483e-26	28.4083629577131	up	58866
Shisa9	1669.01313915003	1.65060883849133	0.339662180015266	4.85956027962002	1.17646758480986e-06	1.65403134510884e-05	5.92942003443114	up	72555
Chtf18	148.507272260477	1.65049524130245	0.327612988093921	5.03794202697874	4.70563911920927e-07	7.36039878271142e-06	6.32738138241833	up	214901
Lrrc75b	28.534333621199	1.65029748151863	0.47642451435557	3.46392226216757	0.000532360332140475	0.00320715933029919	3.27379431265327	up	192734
AC163703.1	189.243403975803	-1.65020509114111	0.54651470025442	-3.019507234431	0.00253186246228065	0.0116775697239883	2.59655989008238	down	NA
Mab21l4	37.9554469306937	1.64849048236439	0.487512177990953	3.38143446827904	0.000721084301431534	0.00412033567514588	3.14201395926625	up	71874
Gm49549	9.05335581878698	1.64692053054524	0.659203704902513	2.49834841384697	0.0124773493180714	0.0433018457533872	1.90387766616032	up	NA
Gm12089	17.8249671562198	1.64565641429367	0.517143115568484	3.18220694572069	0.00146157343858777	0.00742828265908563	2.83517935808818	up	100042990
Hid1	700.410549499375	1.64478556953691	0.188483823620716	8.72640175661274	2.62903530109051e-18	3.90032709515158e-16	17.5802035824117	up	217310
Gabra2	6.46186425831695	-1.64465374650162	0.673964429736721	-2.44026787458811	0.0146763745694331	0.0491693114211736	1.83338121274043	down	14395
Arhgap27	1009.42360327347	1.64439779748144	0.213478587250234	7.70286996303718	1.33043732845082e-14	1.06885832148166e-12	13.8760055784963	up	544817
Gm7135	573.134641452895	1.64425695431172	0.21681833716963	7.58356961766257	3.36175025030529e-14	2.41945965931198e-12	13.4734345541158	up	634346
Paqr9	36900.8526754755	-1.64397097468431	0.640211332575671	-2.56785672329535	0.0102329441531449	0.0368124152798793	1.98999939605248	down	75552
Serpina3f	492.538905021802	-1.64335893527029	0.496638772636746	-3.30896221925122	0.000936424724933678	0.0051151169411218	3.02852712790952	down	238393
Tmem86a	1130.2421701237	1.64129476561097	0.300305811724305	5.46541126256241	4.61834783690496e-08	9.46448198237591e-07	7.33551336073034	up	67893
Lrch2	74.042167872466	1.64085736208464	0.285894932081408	5.73937197885483	9.50282871251e-09	2.30027431357274e-07	8.0221470987772	up	210297
Arhgap36	36.7141348355388	1.64084129556225	0.547873006956182	2.99492998327892	0.0027450784618994	0.0124660070170237	2.56144523770462	up	75404
Nyap1	56.277112641807	1.64027496674893	0.312766895509833	5.2444008310891	1.56791008631549e-07	2.80023646287157e-06	6.80467884607548	up	243300
Caprin2	557.169777448308	1.64025662891685	0.180519011138659	9.08633732575096	1.02431582551018e-19	1.86323721721113e-17	18.9895661174532	up	232560
9030619P08Rik	147.700463177031	-1.63907235574173	0.292232407737887	-5.6087973556029	2.03737408406998e-08	4.60016620924185e-07	7.69092922248168	down	105892
Lin7a	12410.6062429161	-1.63900033719445	0.175523240499943	-9.3377967072969	9.83595532728786e-21	2.22292590396706e-18	20.0071834523974	down	108030
Mms22l	1348.26963983603	1.63753145531599	0.263386411637247	6.21722071817168	5.06037725567127e-10	1.60380134726924e-08	9.29581710490942	up	212377
Fanci	243.308520837479	1.6366967546029	0.333468798327775	4.90809563836357	9.19650083402905e-07	1.32532647895406e-05	6.03637738543099	up	208836
Aebp1	875.657082467667	1.63589517344802	0.354059562361551	4.62039540052731	3.83009404555269e-06	4.62172326394985e-05	5.41679056207234	up	11568
Dusp9	24.2214941514898	1.6347698580413	0.410176947747379	3.98552348448437	6.73315170782833e-05	0.000544734274334911	4.17178160012726	up	75590
Mcm2	1370.08876426417	1.63373167649768	0.260920802842974	6.26140828441678	3.81516181206835e-10	1.2433725463536e-08	9.41848703763096	up	17216
Mup17	63960.9183087578	-1.63179966589723	0.463975566228227	-3.51699482617702	0.0004364622893415	0.00270213289320434	3.36005327369585	down	100039206
Ak1	193.540882661039	1.63082823304639	0.34546754018778	4.72064099614091	2.35102572166018e-06	3.03213354672995e-05	5.62874261940166	up	11636
F730035M05Rik	17.5149730712001	-1.63046560715984	0.42589303375546	-3.82834533071049	0.000129007662999428	0.000956951934555881	3.88938449203002	down	414124
Popdc3	121.038208369498	-1.63030019249072	0.296555943844697	-5.49744568041602	3.85331953991572e-08	8.06761671984778e-07	7.41416497524135	down	78977
Cldn14	5144.29161377755	-1.62956083996337	0.38772382209253	-4.20289068432445	2.63527871843583e-05	0.000244162107161744	4.57917344516593	down	56173
Inmt	11410.7713655432	-1.62889366068817	0.639922373312741	-2.54545508739715	0.0109135402077606	0.0388561880600805	1.96203434718461	down	21743
Lipc	26467.250948586	-1.6278781195741	0.161981744902586	-10.0497628331704	9.20887802631728e-24	2.96918784576539e-21	23.0357932793212	down	15450
Rgs7	1758.94892862415	-1.62731563996092	0.293427898590501	-5.54587906527577	2.92480937763918e-08	6.35058940807939e-07	7.53390243349193	down	24012
Fas	4486.06800761465	-1.62670786496683	0.257403141938572	-6.31968923423257	2.62089826233313e-10	8.87654926887111e-09	9.58154983710944	down	14102
Gm12946	27.4715789868792	-1.62559305091349	0.465739394418698	-3.4903490458273	0.000482390050318817	0.00294947059337791	3.31660165844709	down	NA
1810020O05Rik	15.9522227323205	1.62496146880836	0.57733303106074	2.81459986071263	0.00488380015178662	0.0201051851102485	2.31124211597041	up	NA
Clcn1	45.3676047799753	1.62415469138175	0.335643841690626	4.83892295833864	1.30544634272529e-06	1.82159858394593e-05	5.88424097411849	up	12723
Adam12	5889.33640591431	1.62403670747925	0.267134836965122	6.07946431071919	1.20584716700376e-09	3.55174131455357e-08	8.91870773260466	up	11489
Slc35e4	215.997080613143	1.62072989685887	0.278119254259301	5.82746383804049	5.6276039095212e-09	1.4190481516167e-07	8.24967647732877	up	103710
Eldr	81.9583899916602	1.62020641818265	0.434058113736583	3.73269469434663	0.000189442163483837	0.00132554698997863	3.72252335516132	up	72735
0610043K17Rik	3572.4685206622	-1.61667832302708	0.389403629691155	-4.15167759044594	3.30047007005905e-05	0.000296809100908025	4.48142420124511	down	68400
Gm49519	86.0967815186951	-1.61569681735801	0.322463349797942	-5.01048202336923	5.42938701767279e-07	8.3573161592211e-06	6.26524919985307	down	NA
Gm47863	23.1547902482983	1.61550422703435	0.516466232770675	3.12799583889093	0.00176002673025948	0.0086453313815021	2.75448073632446	up	NA
Heyl	1172.09102836812	1.61525601203963	0.288899319948558	5.59106893130537	2.25675960851234e-08	5.04307796343361e-07	7.64651469978657	up	56198
2010310C07Rik	122.652788949851	1.61523486629527	0.397039184820446	4.0682001375399	4.73776805028091e-05	0.000405266031099727	4.32442620510521	up	72131
Slpi	514.51099236011	1.61475948210494	0.469058433119765	3.44255505943039	0.000576246547882395	0.00343052536211031	3.2393916633205	up	20568
Fbf1	5046.01449791475	-1.61373610696566	0.422978830900017	-3.81516990704226	0.000136089263464481	0.0010030205940561	3.86617613638416	down	217335
Slc17a2	25780.4297371629	-1.61349231560308	0.28231779548408	-5.7151633422062	1.09598696962561e-08	2.61971886036836e-07	7.96019460922148	down	218103
1700016D06Rik	13.3486199459584	1.61318909568435	0.561321514666526	2.87391281740328	0.0040542085917091	0.017296907580224	2.3920939103303	up	NA
Gspt2	96.8042583035886	1.61261795694159	0.351046035286589	4.5937506618614	4.35349517083834e-06	5.16566340634018e-05	5.36116193295006	up	14853
Gm43143	35.2945856138796	1.61177404102111	0.364230569375874	4.42514763047748	9.63763513205068e-06	0.00010244276604978	5.01602951953061	up	NA
Adam15	111.81797177605	1.61136899071627	0.30199596633969	5.33573017628909	9.51608249426352e-08	1.77972085751184e-06	7.02154180174951	up	11490
Rhebl1	76.6668543535293	1.61103957998266	0.388855350936507	4.14303050248038	3.42746337956771e-05	0.000306746556049986	4.46502717669502	up	69159
Kcnh2	15.4529423530082	1.61056053315853	0.542297328074006	2.96988469199823	0.00297911548525628	0.0133532846458698	2.52591266105571	up	16511
Src	2158.24787485448	1.61010964671326	0.249467405439219	6.45418844950287	1.08800355044609e-10	3.99242820286606e-09	9.96336968741667	up	20779
Gm44523	19.3510307924738	1.60952758534533	0.480877513152896	3.34706352724291	0.000816724914178774	0.00457282747734918	3.08792419606409	up	NA
Eid2	58.0534843936358	1.60676572414798	0.412888870870416	3.89152103024897	9.96177526892126e-05	0.000765477119647455	4.00166325989015	up	386655
1700029N11Rik	26.252798686047	1.60558455928276	0.545698473096679	2.9422559131814	0.00325830537404393	0.0144044498272633	2.48700821528619	up	69491
Itgax	584.958495409457	1.60469226374522	0.209811528664085	7.64825590835086	2.03723477997438e-14	1.54919532859562e-12	13.6909589180927	up	16411
Dpf1	55.7609651943801	1.60413649872833	0.36325377980891	4.41602149211548	1.00534093053861e-05	0.000106441131270948	4.99768663561357	up	29861
Cyp4a12a	8661.62562028286	-1.60407198577647	0.320272953273871	-5.00845285054338	5.4869312935188e-07	8.44051988167122e-06	6.26067047793632	down	277753
Itpr3	1473.12974442954	1.6033098350097	0.226348363914677	7.08337275905414	1.40687571178996e-12	7.46076062774228e-11	11.8517442679299	up	16440
Slc2a4	31.9539950780415	-1.60187638754448	0.556821074967005	-2.87682427903686	0.00401699218949414	0.0171775252212816	2.39609901269524	down	20528
Gask1a	812.97611725001	-1.60016804837509	0.323953498496701	-4.93949920528915	7.83234628830641e-07	1.1548890118526e-05	6.10610811949706	down	245050
Fermt2	29221.6387181914	-1.59952242951248	0.130659695477808	-12.2418961996138	1.85644142458391e-34	1.44814408158994e-31	33.7313187493095	down	218952
Tuba8	168.514889426989	-1.59930797698701	0.425801858140519	-3.75599107052092	0.000172656849472203	0.00122575798231189	3.76281618807053	down	53857
Gm31717	134.672239744765	-1.59879854224553	0.358456978073861	-4.46022435059444	8.18739009907405e-06	8.88402299903382e-05	5.08685451658013	down	105243300
Impa2	767.19880678465	1.59776793151813	0.272037504177635	5.87333697369468	4.27109041110344e-09	1.11057535829359e-07	8.369461235263	up	114663
Pole	995.051808508647	1.59683946327897	0.295745302370755	5.39937388853984	6.68738736883825e-08	1.3147512305142e-06	7.1747435194386	up	18973
Mcm3	1586.53941961313	1.59672858920137	0.246673103993713	6.47305508119792	9.60409216155401e-11	3.56752928802917e-09	10.0175436810742	up	17215
Cyp2f2	30452.346337183	-1.59658359321492	0.428495108513628	-3.72602524858027	0.000194522927842812	0.00135834635896473	3.71102920231377	down	13107
Bsn	111.942083132179	1.59618592019498	0.260677926014505	6.12321090856832	9.1708171770518e-10	2.78254329956671e-08	9.03759196425668	up	12217
Lad1	571.166862939901	-1.59563059621385	0.252924974153163	-6.30871111702708	2.8136873482479e-10	9.48962168135715e-09	9.55072416222266	down	16763
2310030A07Rik	15.090962554064	-1.59541860462181	0.502888737793475	-3.172508121025	0.00151128332530078	0.00762643016953744	2.82065410940021	down	75584
Ypel2	16137.0906883452	-1.5945863555814	0.345087733818834	-4.62081435910596	3.82236688547904e-06	4.61470174860979e-05	5.41766763002514	down	77864
Gm49891	14.8633760580362	1.59270501029623	0.622933773659908	2.55678063646903	0.0105645815886865	0.0377974126316934	1.97614769854759	up	NA
Samd11	104.199800393281	1.59239690351128	0.466413655614002	3.41413010606432	0.000639860122010748	0.00374291678362129	3.19391495551359	up	231004
4930458D05Rik	81.0749131021169	1.59023633239679	0.464302555241382	3.42500017379844	0.000614799027319672	0.00362169794851262	3.21126682827384	up	75802
Gm16485	52.3454065611038	-1.58972176174117	0.392953542614962	-4.04557177716773	5.21955695193136e-05	0.000439329363771681	4.28236635935357	down	791396
Gm49240	11.9344893245466	1.58937206400348	0.594435181870629	2.67375167634238	0.00750079702534161	0.0286456528216694	2.12489258656607	up	NA
Gm19705	606.554360958661	1.58889667016967	0.222297000446747	7.14762982395844	8.82890087712241e-13	4.8968000231783e-11	12.0540933590172	up	100503460
Gm36026	57.4691886163437	1.58870883269196	0.460597879627782	3.4492317549873	0.000562183978337935	0.0033558955724927	3.25012153549588	up	102639799
Serpina3h	212.8433007816	-1.58595039394678	0.482459066557321	-3.28722269697123	0.00101180784631386	0.00545541523736046	2.99490195707056	down	546546
Gm12609	53.0534752934721	1.5858366196751	0.477822706717486	3.31888082625745	0.000903789918439952	0.00496940604995792	3.04393250742871	up	NA
Gm20147	17.0755282975143	1.58580304413709	0.517686505293314	3.06324972337959	0.00218947264801222	0.010318812624095	2.65966047586193	up	100504280
Tmem202	57.1707290794514	1.58548405769639	0.377138084994697	4.20398819630927	2.62252619497232e-05	0.00024316690355376	4.58128016518393	up	73893
Tmem100	41.0437099319594	1.58317629469897	0.503408096529341	3.14491623319908	0.00166134391998949	0.00825449325522619	2.77954045358558	up	67888
Tpo	52.1790047368656	-1.58274860499486	0.304859905657889	-5.19172438100471	2.08355287969385e-07	3.58863787298837e-06	6.68119547285594	down	22018
Gm29012	44.4051362578237	1.58200427648995	0.575814841569448	2.7474183752854	0.00600664581247788	0.0238353641347785	2.22136797588042	up	102634726
Cyp4f16	931.117593124105	1.57939082582156	0.187459538843576	8.42523584323688	3.60024334818716e-17	4.44189207376846e-15	16.443668143343	up	70101
Ces3b	20935.363608153	-1.57851983871805	0.357023908911246	-4.42132809405338	9.80960907272273e-06	0.000104087743131453	5.00834829954587	down	13909
Spta1	62.2460710227124	1.57696312472306	0.615051376112313	2.56395349391934	0.0103487409858579	0.0371681649368803	1.98511248268568	up	20739
Gm33104	25.3374111231512	1.5763587812018	0.601325809399371	2.62147201494035	0.0087550950011749	0.0324667546876877	2.05773913704345	up	102635880
Cyp8b1	13398.8099779943	-1.57509433202803	0.479706156035403	-3.28345657484493	0.00102542441464421	0.00552144582385357	2.98909634652208	down	13124
Gm34455	23.227542121158	1.57436912559686	0.518983204599788	3.03356469273591	0.00241682886477647	0.0112165883636374	2.6167541008189	up	102637715
Gnat3	20.1707627034658	1.57356508393787	0.474517373686421	3.31613797765336	0.000912707544404535	0.00500591831226819	3.03966835959398	up	242851
Slc7a8	3737.53279505878	1.57352055258242	0.240829334335916	6.533757845245	6.41396203302213e-11	2.44255795090616e-09	10.1928736151743	up	50934
Melk	227.8511698392	1.57288267078622	0.413096648522129	3.80754159205424	0.000140355138721401	0.00102788248472469	3.85277168222802	up	17279
Olfr1035-ps1	26.2601271887264	-1.57240207984935	0.395007523698701	-3.98068893758268	6.87158221647884e-05	0.000553526319649871	4.16294325293023	down	NA
Gm48693	116.216411137097	1.56977019816074	0.246584513302066	6.36605347651242	1.93953834006101e-10	6.75166381348451e-09	9.71230163100986	up	NA
Gm48783	18.6294176253468	1.56909340365443	0.442996306361055	3.5420010982565	0.000397103820852539	0.00250006888723148	3.40109593422247	up	NA
Basp1	1537.90797767269	1.5687240624306	0.329833229765596	4.75611284995587	1.97356173723377e-06	2.59938289377925e-05	5.70474928339536	up	70350
Bst1	197.604584237277	1.56859307559404	0.466732001730353	3.36080035176218	0.000777169802708072	0.00438895847012765	3.10948408245727	up	12182
AL845275.1	14.7674135791313	-1.56833823135321	0.475309963530623	-3.29961152024571	0.000968187509298526	0.00526128322468696	3.01404052454342	down	NA
Gm48283	9.60985137366959	1.56796822317057	0.640279365677135	2.4488813902543	0.0143300628472504	0.048249732633279	1.84375190491639	up	NA
Mbp	940.050001371511	1.56734072303409	0.230674062815204	6.79461186015396	1.08604522323131e-11	4.8815512245687e-10	10.9641520902252	up	17196
Itln1	6.85912359714935	-1.56686151700729	0.642569702752857	-2.43843043065156	0.0147511977636079	0.0492902396462023	1.83117271453286	down	16429
Sptbn5	79.5344851175896	1.56648543152286	0.305403103881155	5.12923873927768	2.90916209459947e-07	4.82837047162694e-06	6.5362320797743	up	640524
Gm5828	27.3562564631817	-1.56542146613692	0.45813393201103	-3.41695158720362	0.000633265398900723	0.00371239366696176	3.19841424081685	down	545306
Bach2	23246.8453749303	-1.56528656090289	0.378131211831791	-4.13953281803989	3.48013815050379e-05	0.000310426782572788	4.45840351559061	down	12014
4933421A08Rik	111.332085272641	1.56420215529294	0.426353047001269	3.6687955352839	0.000243695875465425	0.00164840661832305	3.61315182115489	up	71097
Mybphl	22.7511906984306	1.56392681549362	0.581336526565397	2.69022630443243	0.00714035793101468	0.0274630775433129	2.14628001741593	up	68753
Gm47078	25.410080946945	-1.56363454681036	0.470974804728113	-3.31999616776321	0.00090018683813772	0.00495297340610838	3.04566734128195	down	NA
Tubb6	2935.88548840789	1.56213284544996	0.225770869894769	6.91910717347224	4.54498932394582e-12	2.17457696618696e-10	11.3424671325865	up	67951
Tuft1	3792.42205029706	1.56051878061348	0.176464342859561	8.8432527236135	9.29716187677131e-19	1.45989589937717e-16	18.0316496072925	up	22156
Ckb	1395.41840146142	1.56030827138668	0.263613359054207	5.91892716281435	3.24048424973494e-09	8.69715761676919e-08	8.48939008507947	up	12709
Jakmip3	31.3363311908165	1.5601629007816	0.478944647482015	3.25750148578534	0.00112397669977494	0.0059657604376553	2.94924269167092	up	74004
C1qtnf6	416.149217858472	1.5596207119947	0.347115557282446	4.49308790480296	7.01977908983191e-06	7.80829337397954e-05	5.15367655476145	up	72709
Axdnd1	41.3365471568327	1.55868286902754	0.41982104149621	3.7127316522119	0.00020503424853452	0.00141711365465566	3.68817358915289	up	77352
Dcst1	30.0270691587066	1.55862018464425	0.456033271401289	3.41777734737413	0.000631347321404216	0.00370294468256045	3.1997316577588	up	77772
Mfge8	2636.73462855263	1.55840189479471	0.245297984996711	6.35309700899338	2.11022541470504e-10	7.27952510390832e-09	9.67567115080008	up	17304
Zfp811	98.9888180792539	-1.55834844481828	0.521254089822395	-2.98961384715323	0.00279330331112103	0.0126517438976454	2.55388190382848	down	240063
9430062P05Rik	105.165110996091	1.55790119279536	0.361257505412147	4.31243965718582	1.61462957464143e-05	0.000159627851079228	4.79192709694987	up	115487189
Slc2a2	2182.74042154565	1.55749557029796	0.39812745800156	3.91205263288287	9.15149598634153e-05	0.000711122994671307	4.03850790642454	up	20526
Gm10655	7.42148924512563	-1.55550544513017	0.639260884334656	-2.43328738430342	0.014962419958046	0.0498239106892686	1.82499815985183	down	100038496
Prss53	31.0984137899633	-1.55461086627451	0.410425266714312	-3.78780497292493	0.00015198407308002	0.001099724373196	3.81820192084388	down	330657
Gm12337	42.7349791228479	-1.55405544000517	0.29263396082303	-5.31057788246588	1.09278172154121e-07	2.02030944880042e-06	6.96146657784646	down	100043447
D430041D05Rik	78.2713028919204	1.55398995674155	0.485482173911869	3.20092073457604	0.00136989211279551	0.00705724990873902	2.86331363478708	up	241589
Adh4	14460.4113515129	-1.552321453336	0.192633390511777	-8.05842356411774	7.72846232881004e-16	7.81965171695751e-14	15.1119069056343	down	26876
Cyp2c54	8057.00115416618	-1.55176537765049	0.456465146160205	-3.39952653713865	0.000675026290999008	0.00391169081450707	3.17067931188981	down	404195
Ccdc87	15.9468887467715	1.551508802334	0.57314225852072	2.70702217341022	0.00678897227991541	0.0263432168923162	2.16819596459183	up	399599
Mpp3	56.7592460494145	1.55102343834189	0.287302039082968	5.39858137899949	6.71698989343085e-08	1.31949837207916e-06	7.17282530515233	up	13384
Fblim1	1237.84275970427	1.55082953563752	0.256152518676042	6.05432085404891	1.41011302580352e-09	4.09355980672037e-08	8.8507460756315	up	74202
Fam78b	1315.14521342591	1.55061537279591	0.225921072566047	6.8635269618003	6.71808378334512e-12	3.13831599839682e-10	11.1727545842369	up	226610
A330041J22Rik	26.6856164557322	-1.55025130084485	0.375919191551114	-4.12389507023628	3.72518649593596e-05	0.000329136580727784	4.42885198006242	down	319556
Gm3604	109.851590150629	1.54952811729164	0.34551370673214	4.4847080943533	7.30138198498992e-06	8.0658757040213e-05	5.13659493006439	up	100041979
Prkag3	180.537811368912	-1.54872855588112	0.391870865355574	-3.95214008695399	7.74553730535955e-05	0.000614388700049532	4.1109484499953	down	241113
Gm29016	305.983528302436	-1.54686450170061	0.484920985820289	-3.18993103398886	0.001423067492896	0.00727385713659079	2.84677450181509	down	NA
Nlrp5-ps	2754.11527659827	-1.54632859747324	0.439165293951795	-3.52106284073298	0.000429820742684508	0.00267058715303103	3.36671262975651	down	100417675
Inka2	224.010352225577	1.5450022939771	0.229102154376423	6.74372660607377	1.54374900417209e-11	6.71419755735421e-10	10.811423309547	up	109050
Rab42	11.6165544815176	1.54436988619873	0.577471621291461	2.67436498913124	0.00748709162658195	0.0286113858587239	2.1256868519694	up	242681
Nfatc2	700.722213962137	1.54423057581488	0.198489554086986	7.77990853432083	7.25770025963156e-15	6.07286185738445e-13	14.1392009719685	up	18019
Gm12454	18.0939849937504	1.54412782332456	0.487545058844661	3.16714895436268	0.00153941445450727	0.00774253750808962	2.81264443989991	up	100503819
Slc23a4	50.9790385415781	1.54404771309266	0.314927535671068	4.90286665407805	9.44481009411433e-07	1.35706712831772e-05	6.02480676997162	up	243753
1500011B03Rik	270.777732162253	1.54398173718762	0.27187052990606	5.67910666051638	1.35400031978803e-08	3.17579396053484e-07	7.86838123307912	up	66236
4930578I06Rik	12.301113623794	1.54266191122256	0.583393355019696	2.64429119383864	0.0081862197232227	0.0307868064303221	2.08691660280063	up	67750
Cd180	1474.87087114625	1.54106234162513	0.276280168565138	5.57789706596982	2.4344363002432e-08	5.39098338942135e-07	7.61360158477174	up	17079
Mid1	5510.45490733645	-1.54081388412831	0.284049424365965	-5.42445698514479	5.81309863447764e-08	1.16367840379916e-06	7.23559230803519	down	17318
Rrh	24.6086065093783	1.5407468152068	0.519238103094504	2.96732232481479	0.00300405850918016	0.0134451495223014	2.52229161295727	up	20132
Lzts1	197.158475958379	1.54074328685125	0.26168485864502	5.88778156607562	3.91413964755058e-09	1.02770602559249e-07	8.40736368376777	up	211134
Pacrg	426.461697811101	1.54021846535554	0.213833960381857	7.20287115575598	5.89576800623449e-13	3.37847066177162e-11	12.229459613954	up	69310
AC160336.1	121.335507403719	1.54021657814839	0.277070740739007	5.5589290086723	2.71435065410362e-08	5.95630013770724e-07	7.56633404860509	up	NA
Dgkg	376.617654705505	1.53954037028343	0.29499604092472	5.21885095629572	1.80036565382248e-07	3.14224125340134e-06	6.74463928083556	up	110197
Mapk15	840.046647889069	-1.53947282534217	0.255236088870037	-6.03156407919277	1.62380311917659e-09	4.64146655176458e-08	8.78946662869001	down	332110
Mup21	10841.4147570466	-1.53925829330069	0.30914636158129	-4.97906003301269	6.38938233981764e-07	9.64469686276342e-06	6.19454112296431	down	381531
Hes1	1735.62802307047	1.53924474033017	0.221289166674204	6.95580702600026	3.50549436630654e-12	1.70906985415373e-10	11.4552507265079	up	15205
Gm40770	770.400291015149	-1.53808910492674	0.358899851549502	-4.28556628899747	1.82274285557991e-05	0.000176592819445647	4.73927459534926	down	105245294
Zfp52	729.532522161717	1.53805493746053	0.246922637193463	6.22889401693644	4.69739413098215e-10	1.50055990588389e-08	9.32814299916749	up	22710
Nelfe	3906.91311570664	-1.53762729343119	0.342580079082827	-4.48837333900968	7.17690744468002e-06	7.95015922250354e-05	5.14406265450949	down	27632
Gm3787	51.3148282489819	-1.53755332299887	0.304961433629239	-5.04179595662633	4.61182897598145e-07	7.22300830940307e-06	6.33612680635668	down	102639762
Fam229b	59.8633353934497	1.53708961646644	0.320763731986812	4.79196824075372	1.65153050904241e-06	2.22652489016105e-05	5.78211339909253	up	66337
Iqgap1	11327.9953162373	1.53569773383493	0.219036150801882	7.01116107187239	2.3634844445233e-12	1.18576308791416e-10	11.6264472516982	up	29875
Cdh18	6729.26773073331	-1.53561464794905	0.262077215903918	-5.85939774525088	4.64548827662771e-09	1.19634928120779e-07	8.33296863157339	down	320865
Parpbp	172.763951330011	1.53549863044814	0.373225979741058	4.11412579454801	3.88649463753383e-05	0.000341757139363066	4.41044192718429	up	75317
Gm31641	34.9076713129184	1.53540985921029	0.440326974938091	3.4869766028442	0.000488514093149238	0.00298239025512115	3.31112290279749	up	102633941
Twist2	91.2114065399349	1.53512222566592	0.387698278601171	3.95957967934419	7.50817913969473e-05	0.000597049615113772	4.12446537397653	up	13345
Pappa2	44.6445773902799	1.53429106790137	0.323023671961025	4.74977904432493	2.03639024823521e-06	2.67049831794055e-05	5.69113899135763	up	23850
Trmt9b	1045.28290873261	-1.53271740940701	0.352286836772475	-4.35076548260846	1.35663089237976e-05	0.00013772480369239	4.86753829766661	down	319582
Mirt1	274.696286614159	1.53080149987976	0.367943677989544	4.16042343285828	3.17658101090192e-05	0.000287162923385533	4.49804006457268	up	381232
Got1l1	19.8638759510037	1.53072667511012	0.533979613688327	2.86663879270038	0.004148562059775	0.0175978541794019	2.38210240876266	up	76615
Trpm1	20.8291777098602	1.53027796874965	0.58901639837867	2.59802269166343	0.00937622976139698	0.0343539375894094	2.02797175895352	up	17364
Polq	337.730769933715	1.52970651519675	0.393178792151972	3.89061298760357	9.99913036819408e-05	0.000767615779567204	4.00003776927175	up	77782
Clec2l	10.0239057698775	1.5295593105545	0.594771409633951	2.57167591746862	0.0101207582536416	0.0365174837495616	1.99478694865865	up	665180
Calhm6	103.721073813829	-1.52846329613348	0.401549783023557	-3.80641046453712	0.000140998303928296	0.00103196761065195	3.85078611145109	down	215900
Slc5a4b	17.9663643066279	-1.5282989533116	0.452640184006889	-3.37641024219878	0.000734383292458385	0.00418150618748026	3.13407721208414	down	64454
Ttc12	316.298394971953	1.52748674984341	0.224668529600546	6.79884607140676	1.05460421043008e-11	4.75791772698137e-10	10.9769104991122	up	235330
Ces1f	18838.7823038042	-1.52742952328018	0.628162928940932	-2.43158176471093	0.0150330548317789	0.0499971574669339	1.82295275848308	down	234564
Ticrr	184.748423829069	1.5272958181302	0.365620910313995	4.17726605630558	2.95033855635951e-05	0.000269835019295907	4.53012814513293	up	77011
Hip1r	7401.71881740524	-1.52717903943732	0.206009392986442	-7.41315246503262	1.23331958866017e-13	7.97436745801613e-12	12.9089243706005	down	29816
Uap1l1	1422.91312839471	1.52705394085844	0.164624154221404	9.27600173911719	1.75957729176698e-20	3.73246474293939e-18	19.7545916514485	up	227620
Gm45086	136.896744886186	1.52561944658347	0.516497331715073	2.95377991889623	0.00313907780893133	0.0139615927120797	2.50319791922487	up	108167426
Hopx	3024.17418068557	-1.52513074216713	0.236199622737685	-6.45695672368149	1.06829430297699e-10	3.92606274081909e-09	9.97130908761493	down	74318
Elfn1	73.4577217941727	1.52492905415496	0.61006296283581	2.49962568956243	0.0124324588444674	0.0431770386007341	1.9054429697511	up	243312
Gm11461	23.5623958822667	-1.52475128127692	0.534851877052405	-2.85079168026838	0.00436105311072044	0.0183024967586674	2.36040862427536	down	NA
Piwil2	160.706561070871	1.52474081574932	0.298526561511926	5.10755494595549	3.26354213767616e-07	5.33236324143816e-06	6.48631077547847	up	57746
Gm37811	34.6760029413131	-1.52455501825677	0.326195684670295	-4.67374367566426	2.95758419394571e-06	3.6904180071205e-05	5.52906288340482	down	NA
Rassf2	1527.60829325681	1.52448125340362	0.214744135031691	7.09905885522158	1.25609313586187e-12	6.72009827686103e-11	11.9009781576599	up	215653
G6pc2	356.884022594694	-1.5219488156419	0.341644469849472	-4.45477374860618	8.39817111041862e-06	9.07437773870166e-05	5.07581528097772	down	14378
Neil3	338.195925431018	1.5213423177444	0.53347234215766	2.85177355510361	0.00434760597007546	0.0182555665164725	2.36174982354995	up	234258
Gm26684	726.873627240128	1.52016197268852	0.230726170287155	6.58859795053406	4.43999294123227e-11	1.74298554066362e-09	10.3526177203327	up	102638507
Gm5105	15.6022497880429	-1.51818853376417	0.559474295526783	-2.71359836529164	0.0066556805319896	0.0259551147596472	2.17680753204843	down	329763
Runx2	1172.84842734639	1.5172662333065	0.241966638346976	6.27055962620253	3.59752751091525e-10	1.18361102406738e-08	9.44399587625362	up	12393
Armcx4	2018.74913855386	1.51726248379838	0.250811664100145	6.04940958085808	1.45377629369012e-09	4.19513345274637e-08	8.83750241733571	up	100503043
Ugt2b38	2373.00248476655	-1.51725378278901	0.277584672611139	-5.46591340406783	4.60529136414119e-08	9.4457299209213e-07	7.33674288797836	down	100559
Syne4	387.651622869909	-1.51636110736535	0.347548366525777	-4.3630218220372	1.28278142316465e-05	0.000131052895542744	4.89184733801355	down	233066
Sarm1	242.292980739989	-1.51576722187556	0.254842419403068	-5.94786074243854	2.7166956236332e-09	7.35667789145554e-08	8.56595901685683	down	237868
Rad54b	440.766659211895	1.51565002350371	0.27099862803276	5.59283282910379	2.23394360927834e-08	4.99733805361413e-07	7.65092779383829	up	623474
Ankrd2	80.8581170796397	-1.51554053028474	0.230657597962221	-6.57052073581798	5.01396007754667e-11	1.94618912672927e-09	10.2998191283296	down	56642
Creld2	9413.40206537143	-1.51519444135177	0.215571067352784	-7.02874676067793	2.08396810917078e-12	1.06317546025249e-10	11.681108931302	down	76737
P4ha3	27.5413578604326	1.51421025992719	0.412837596487285	3.66781095716854	0.000244635944502698	0.00165287655596293	3.61147973146862	up	320452
Specc1	3481.39765749118	1.51412155704862	0.226096953066456	6.69678001633032	2.13061981505305e-11	9.0868868373215e-10	10.6714940382984	up	432572
Gm46419	12.3962353712339	-1.51231323578401	0.500423805471194	-3.02206493625944	0.0025105668514672	0.0115881900366825	2.6002282097261	down	108168088
Erc2	37383.9896806672	-1.51211565130613	0.173011177103553	-8.73998822862796	2.33134717863125e-18	3.52353984210381e-16	17.6323930475706	down	238988
Gm48728	96.3953981869334	1.51201433449479	0.308328157053434	4.90391260060221	9.39463028835002e-07	1.35146311500821e-05	6.02712030623816	up	NA
Slc25a4	929.361611976328	1.51121830406466	0.218778348175824	6.90753137440341	4.93159913818318e-12	2.33377554519659e-10	11.3070122319851	up	11739
Cdca7l	163.437576015564	1.51070460728722	0.376500615985755	4.01248907211451	6.00818611798516e-05	0.000494519934326471	4.22125662248159	up	217946
Elavl4	51.6509389584519	-1.51042884317606	0.235103051264745	-6.42453951597248	1.32269299388489e-10	4.7882278410366e-09	9.87854094684351	down	15572
Rgs14	178.000592217822	1.51003147164098	0.368966791851001	4.09259452338674	4.26573267165481e-05	0.00037065737501242	4.37000636474758	up	51791
Gm15943	59.4012388905708	1.5097328617711	0.35457237817174	4.25789755410629	2.06358469947216e-05	0.000197083748825576	4.68537770087987	up	NA
Ppl	6564.60113762777	1.50887178320784	0.287279988976012	5.25226900970757	1.50236818491688e-07	2.69712453212026e-06	6.82322362187066	up	19041
Gm19744	21.1618136577677	1.50872114617637	0.619311391391718	2.43612690989902	0.0148454750292195	0.0495231448691662	1.82840590118225	up	100503519
Dusp14	124.464850173847	1.5078382761912	0.323234966348459	4.66483652194265	3.08862485962914e-06	3.82960980467414e-05	5.51023483734009	up	56405
Atp4b	14.7326410413032	1.50689153343328	0.61220684300905	2.46140916365256	0.0138392437168297	0.0468646676320368	1.85888764243576	up	11945
Efcab11	292.606918497656	1.5068859292362	0.392378718236131	3.84038649193344	0.00012284076093773	0.000915983743754604	3.91065750198122	up	78767
Lmcd1	654.894671934085	1.50538268833293	0.303225267691152	4.96456875047179	6.88538927907985e-07	1.02884598595697e-05	6.16207150101678	up	30937
Rcan3	662.878355346046	1.50474117851803	0.248403349633892	6.05765252656934	1.3812235311087e-09	4.01620491072345e-08	8.85973603143494	up	53902
Slc41a3	671.092950964682	1.50426586481731	0.149840838247452	10.0390913612824	1.02615015910303e-23	3.2650477825565e-21	22.9887890831831	up	71699
Gm30301	13.5934382669468	-1.5038804191771	0.484918674494421	-3.10130440067101	0.00192670115463972	0.00932389179937919	2.71518564235328	down	102632151
Rgs2	592.845114518632	1.50341108409332	0.330185040789146	4.55323802828908	5.28264440446823e-06	6.13180027556614e-05	5.27714862239557	up	19735
Cyp26c1	512.029221075749	-1.50322533080666	0.348203679031011	-4.31708629555515	1.58102358826724e-05	0.00015681834459179	4.80106165051189	down	546726
Kntc1	608.933100056364	1.50281887192402	0.382946513593034	3.92435710622788	8.69616580355148e-05	0.000680772681973072	4.06067218846166	up	208628
2410018L13Rik	61.894569951253	1.50192904544193	0.297477890728088	5.04887620981145	4.44416581873838e-07	7.00578994972174e-06	6.35220974522631	up	69732
Numbl	358.978871518041	1.50111904736109	0.19618957435882	7.65137012130741	1.9884908795742e-14	1.52020392895228e-12	13.7014763966115	up	18223
Cd200r1	819.692455104095	1.50064571508251	0.24106070111277	6.22517775877743	4.81010328377334e-10	1.53251538350734e-08	9.31784559824337	up	57781
Mdga1	98.8133514643293	1.50002184670685	0.348016456958319	4.31020377546831	1.63104179103676e-05	0.000161118678884195	4.78753491119508	up	74762
Gm33926	20.3420022849611	1.49932603579213	0.589523543866364	2.5432844055029	0.0109815803360376	0.0390409549670775	1.95933515698665	up	102637011
Srms	185.445224296088	-1.49842981751713	0.17887951207481	-8.37675483422867	5.4407016212789e-17	6.53142945657077e-15	16.2643450910001	down	20811
Iqcd	29.7131543838593	1.4981105655506	0.429916243204026	3.48465681218664	0.000492768623224222	0.00300608749919479	3.30735695342969	up	75732
Zgrf1	753.796981420302	1.49775188020124	0.226000523005251	6.62720537229216	3.42101528115617e-11	1.37420251709167e-09	10.4658449858831	up	71643
Nfkbia	5970.19669792718	-1.49737075053393	0.468882586177164	-3.19348765485642	0.00140565347690957	0.00719708415626496	2.85212172882854	down	18035
Mup18	5679.78896758392	-1.49699474479885	0.390916625420375	-3.82944763014119	0.000128431209799054	0.000953260747501755	3.89132942645032	down	100048884
Slc7a6	523.088753454181	1.49597930819512	0.276294189353474	5.41444361061555	6.14795738450747e-08	1.22060677727553e-06	7.21126915153947	up	330836
Cfh	223642.32513351	-1.49504347585484	0.100897470957946	-14.8174524263148	1.12989013424703e-49	2.27691693553014e-46	48.946963783428	down	12628
Gm14027	36.8442198626632	1.4947532899003	0.376753541876816	3.96745650340569	7.26437648812332e-05	0.000580334166619749	4.13880165588601	up	NA
Gm31333	6708.45871620008	-1.49401042703266	0.377120984640348	-3.96162103908766	7.44426279038793e-05	0.000592551556277685	4.1281783042139	down	102633526
Gm38832	117.224626258488	1.49117952391856	0.238208837654556	6.25996725646691	3.85058313266798e-10	1.25322747394585e-08	9.41447349591416	up	105242682
S100b	11.6081146322343	1.49100774949866	0.544465726192144	2.73847861816095	0.00617241739697215	0.0243851327386996	2.20954471334892	up	20203
Gm12610	97.1244150676299	1.4892497398154	0.377919703088489	3.94065122205786	8.12607043016774e-05	0.000640288807892852	4.09011941788203	up	102633081
Maged2	1023.66945860291	1.48841022475394	0.252715434101238	5.88966886825632	3.86970206645552e-09	1.01714277577204e-07	8.41232247060776	up	80884
C1qtnf9	147.480227378675	-1.48699553416572	0.345392808498694	-4.30523015412273	1.6681221602951e-05	0.000164378688183603	4.77777214818305	down	239126
Gabrr2	143.865553887072	-1.48674012982197	0.296263169891391	-5.01830899320698	5.21282862759023e-07	8.04959271215753e-06	6.2829265523251	down	14409
Litaf	26987.4508406925	-1.48589090704425	0.0992986101447373	-14.9638640951612	1.26464771116746e-50	2.78015554104104e-47	49.8980304376534	down	56722
Spdl1	199.826246216067	1.48542273914829	0.381397718974761	3.89468175934893	9.83277383774364e-05	0.000757490082651535	4.00732394986966	up	70385
Mctp1	1440.89893555011	1.48431740757328	0.289780732858354	5.12220875740147	3.01977297886641e-07	4.98118350443026e-06	6.52002570529833	up	78771
Parvg	539.191732176393	1.48421917761803	0.289300431759136	5.13037318538728	2.89168317478412e-07	4.80265676735094e-06	6.53884929193784	up	64099
Pcdh15	738.577112594032	-1.48366952079956	0.270099953832106	-5.49303877971711	3.95075995729276e-08	8.24307828190281e-07	7.40331935664863	down	11994
P3h4	195.190886882564	1.48330388355887	0.326415190868227	4.54422442660665	5.51378882375669e-06	6.35050973117349e-05	5.2585498712432	up	66180
Gm2996	31.2576865343158	-1.48284248755104	0.358718586548719	-4.13372081390505	3.56937031283016e-05	0.000316983154259489	4.44740839279081	down	100040840
Spic	384.567989225668	-1.48246446510896	0.499669228196405	-2.96689165842778	0.00300826942645562	0.0134615046762675	2.52168327008074	down	20728
Loxl1	849.942001835429	1.48064450946429	0.301415307347858	4.91230695113805	9.0010991378166e-07	1.29953724697416e-05	6.04570445496707	up	16949
Anxa5	12611.3220144343	1.48045018980597	0.193278423791402	7.65967644378021	1.86402095025327e-14	1.44011995587938e-12	13.7295492107973	up	11747
Prkar2b	414.630556562034	1.48032309535614	0.250646822387736	5.90601181875813	3.50488840125508e-09	9.33427437435575e-08	8.45532580579738	up	19088
Adamts6	3368.2821378394	1.47982719883953	0.317332258642089	4.66333679775238	3.11122938633702e-06	3.85429042112714e-05	5.5070679678216	up	108154
Tnfaip2	2668.86197748574	-1.47927040706357	0.298973038998084	-4.94783881523527	7.50420081450438e-07	1.10988736450364e-05	6.12469555263216	down	21928
Rasl11a	111.040684606741	1.47895783374181	0.256883956079488	5.75729935147905	8.54702666907929e-09	2.08141187222231e-07	8.06818494092025	up	68895
H2-Q6	3236.06435809707	-1.47888012805636	0.359494889497435	-4.1137723268439	3.89245351786803e-05	0.00034215671017479	4.40977656490087	down	110557
Cenps	69.8007053918263	1.47855061401067	0.395561880391501	3.73784908835831	0.000185601290154744	0.00130357548606506	3.73141900923171	up	69928
Hey1	110.222565543481	1.47832496963068	0.443373123968484	3.33426833904295	0.000855241077197077	0.00475654087598429	3.06791144815054	up	15213
Ms4a6b	611.796486346131	1.47802222061296	0.282851800161612	5.2254297825521	1.73751049559667e-07	3.06242556884247e-06	6.76007256333298	up	69774
Ankrd55	232.220605465443	1.47798888227721	0.230993612620893	6.39839719162662	1.57016408078063e-10	5.58378055903489e-09	9.80405496182375	up	77318
Gm4211	33.8999681162224	-1.47782148485336	0.517307015529193	-2.85675902411952	0.00427990633523261	0.0180433568686532	2.36856573531784	down	100043074
Muc2	17.7365513751055	1.47780701342333	0.569391471905441	2.5954147301819	0.00944768422660824	0.0345476939313232	2.02467463073465	up	17831
Susd4	3332.17627490177	-1.47706114587212	0.399450794712394	-3.69772989670882	0.00021753617767584	0.00149232903505168	3.66246850671657	down	96935
Acox1	238401.48006164	-1.47703816637877	0.352339985137867	-4.19208216121374	2.76405850580907e-05	0.000254629274387508	4.5584527686491	down	11430
Dlgap5	193.532046005844	1.47668861382033	0.404760432922809	3.64830278285118	0.000263978425946896	0.00176291806027281	3.5784315650812	up	218977
Dync1i1	120.802113917157	1.47524430056887	0.353064070460908	4.17840393286977	2.93561945236503e-05	0.000268777716857604	4.53230024318702	up	13426
Gm7787	11.5891337649835	-1.47516839714807	0.583646853664338	-2.52750166969367	0.0114877277753619	0.0404184829134003	1.9397658644544	down	665794
Adgrf2	99.6488314574806	1.47500180822302	0.343283081408157	4.29675066470659	1.73319957275518e-05	0.00016954786435423	4.76115142669403	up	435529
Baat	32700.1865987964	-1.47395008724148	0.18413083263801	-8.00490643595347	1.19557540369044e-15	1.16578243596944e-13	14.9224230281856	down	12012
Lpxn	1123.68898366389	1.47348989168982	0.246637815379408	5.97430645184364	2.31071082863853e-09	6.39331913708662e-08	8.63625440042501	up	107321
Gpx1	50458.89701486	-1.4731291904008	0.188415368506116	-7.81851927515658	5.34483026140498e-15	4.53504159232615e-13	14.2720660823552	down	14775
Lrit2	327.059656488054	-1.47276765346131	0.399737446166566	-3.68433747597322	0.00022929827601485	0.00156458547138575	3.63959921051233	down	239038
Ska1	48.6713299155902	1.47182024270413	0.541764646185211	2.71671518816856	0.00659333185088625	0.0257755995641745	2.18089506510542	up	66468
Cyp2c55	268.516293247662	-1.47170223757636	0.537026663143603	-2.74046400035602	0.00613525026190936	0.0242700182943714	2.21216771734618	down	72082
Foxred2	90.291598705149	1.47083663377783	0.334651032117576	4.39513550719028	1.1070367387399e-05	0.000115638714540856	4.95583796614273	up	239554
Myo1f	2562.72297852758	1.47034066159576	0.204574299361482	7.18731857415617	6.60761148972834e-13	3.7508277240519e-11	12.1799555003165	up	17916
Trarg1	122.37626274031	1.47018361817867	0.358259474453462	4.10368384652351	4.06623044108464e-05	0.000355365321743075	4.39080801269858	up	237858
Cdk1	413.833838741851	1.46846080639144	0.434109511223746	3.38269668925677	0.000717778583486308	0.00410338574606759	3.14400950394716	up	12534
Padi4	103.866652721562	1.46713785352277	0.559449742410187	2.62246586655334	0.0087296011768672	0.0323871150136549	2.05900559714693	up	18602
Vat1	6040.61371732829	1.46568956322752	0.166802431204185	8.786979618021	1.53634642000152e-18	2.39689865345011e-16	17.8135108472394	up	26949
Myc	1751.01186510449	1.46333994589686	0.371826169730513	3.93554855742788	8.30068784179316e-05	0.000652742396532232	4.08088591804347	up	17869
Chrdl2	106.349393275739	1.46298773004158	0.400034461268156	3.65715424967072	0.000255030922053553	0.00171357537013032	3.59340715892661	up	69121
Krt18	43702.5196245728	1.46298171836999	0.222239499452833	6.5829059279378	4.61341065555213e-11	1.80228588808662e-09	10.3359778856253	up	16668
Aunip	79.925215182684	1.46267659361439	0.379335099276788	3.85589574073958	0.000115306627435738	0.000866483798834998	3.93814573020701	up	69885
Tmem237	422.356899335287	1.46089618833686	0.188832334226814	7.73647264552755	1.02212962508898e-14	8.32226888683559e-13	13.9904940240731	up	381259
C030034L19Rik	123.314638200177	1.45940691991988	0.205379032292255	7.1059197408387	1.19523861223599e-12	6.45162056274346e-11	11.9225453853997	up	320088
Insl6	20.6999119619884	1.4590634465991	0.500669877745522	2.91422254753802	0.00356575610992871	0.0155588441447665	2.44784836495607	up	27356
Ntrk2	539.554112932357	1.45759473448375	0.305533545502769	4.77065368414856	1.83629019176177e-06	2.44349432550032e-05	5.7360586854866	up	18212
Strip2	76.987645853215	1.45563864906182	0.26993622181745	5.39252805444624	6.94732485294862e-08	1.35374866715555e-06	7.15818239328852	up	320609
Slc11a2	10366.4562832457	-1.45483348377226	0.204772213174202	-7.104643062751	1.20633902934572e-12	6.48259786836403e-11	11.9185306209835	down	18174
Nat8f1	4598.51517289044	-1.45333297757223	0.295757826585925	-4.91392905590616	8.92690633692957e-07	1.29186384823238e-05	6.04929902191574	down	66116
Tm6sf1	1013.8310550009	1.45296701322037	0.267359585047879	5.43450504293748	5.49487432330611e-08	1.11194184841999e-06	7.26004223614656	up	107769
Smox	1200.47769126163	1.45228630946722	0.324136765037842	4.48047388051667	7.44774942381747e-06	8.20507865907763e-05	5.1279749434236	up	228608
Gm9930	30.6825008470389	1.4520780740844	0.470849975183112	3.08395062253044	0.00204271495683695	0.00976031082517906	2.68979223116956	up	791352
Gm15848	153.635063686513	1.45167766374511	0.282798282699945	5.13326194871336	2.84763139159559e-07	4.73925824580623e-06	6.54551622815195	up	102640771
Notum	394.981566873339	-1.4511786039821	0.360935592951079	-4.02060265688119	5.80494458949371e-05	0.000480407837313953	4.23620192141929	down	77583
Platr19	44.8710494354091	1.45095366716624	0.497097901600236	2.91884890782157	0.00351326463689492	0.0153491897830881	2.45428913571481	up	NA
Igsf8	2049.05401109387	1.45074160751723	0.135523149090857	10.7047513081667	9.66899341699539e-27	4.32991849647745e-24	26.0146187354515	up	140559
Sema3a	402.13018089406	1.450253139119	0.323263380656326	4.48628958892446	7.24742206224008e-06	8.01725344506357e-05	5.13981644628977	up	20346
D630024D03Rik	484.91564872038	-1.44965732470115	0.327611061484783	-4.4249339998811	9.64717728553423e-06	0.000102499139331629	5.01559974040164	down	414116
1700018L02Rik	177.327697630979	-1.44951052664399	0.227540150931613	-6.37035055443746	1.88596632668695e-10	6.6096286539049e-09	9.72446606571566	down	67329
Gsg1l	123.552207368699	-1.44900239060105	0.158415388521617	-9.14685375028024	5.86157919091253e-20	1.12495799995752e-17	19.2319853632474	down	269994
Gm16793	118.201858398876	-1.44884743544852	0.276824627088954	-5.23380976137992	1.66051358475149e-07	2.93882507548898e-06	6.77975756706441	down	100504714
Gm41804	703.353735198157	-1.44849792416284	0.319452083604437	-4.53431985109995	5.77894006557276e-06	6.61364546453764e-05	5.23815180965648	down	105246529
Vdr	42.0887202805834	1.44797722902693	0.583622485974088	2.48101686248466	0.0131008175346596	0.0449686259223759	1.88270160207607	up	22337
Spire1	892.024780632943	1.44749280710411	0.229600062438087	6.30440946632771	2.89294761454069e-10	9.74335086557424e-09	9.53865943047987	up	68166
Gm47905	56.1409215737652	-1.44679514813717	0.371183681212304	-3.89778759511158	9.70755031432634e-05	0.00074927539642847	4.01289034982362	down	NA
Insyn1	31.1267971892732	1.44643298869662	0.490992259111583	2.94593847836591	0.00321976433278372	0.0142653611387644	2.4921759148623	up	319477
C430049B03Rik	119.395103087434	1.44548327886473	0.315525263172769	4.5811966507203	4.62322849577634e-06	5.42976743491324e-05	5.33505464171171	up	NA
Pkp1	34.6118070309045	1.4433538168308	0.529716110737142	2.72476858372734	0.00643465704940139	0.0252479112069811	2.19147459491679	up	18772
5033403H07Rik	2482.48470743913	-1.44299333005347	0.137021655371986	-10.531133390091	6.20824270643702e-26	2.50212875211767e-23	25.2070313130118	down	75954
Bard1	712.027305708276	1.44272470455245	0.322382090903109	4.47520115187186	7.63394076504196e-06	8.38346755586943e-05	5.11725121424744	up	12021
Atp8b5	280.510992682656	1.44153783198282	0.206162850970582	6.99222883849488	2.7055309392086e-12	1.34343222118978e-10	11.5677474953109	up	320571
Ppm1l	15478.0098862658	-1.44005963567087	0.272999503489928	-5.27495331405979	1.32789888039019e-07	2.41437975380419e-06	6.87683499526966	down	242083
Azin2	345.073160782044	1.43971788390525	0.164898300845428	8.73094432461622	2.52554986028035e-18	3.7933445168509e-16	17.5976440530749	up	242669
Ptafr	906.948376948284	1.43871356258835	0.430375214374709	3.34292848318102	0.000828992617124364	0.00462943910014973	3.08144933718969	up	19204
Osbpl5	1339.41271769642	1.43842665296017	0.188248187667074	7.64111820032018	2.15343253482678e-14	1.62452014151299e-12	13.6668687297576	up	79196
D430020J02Rik	72.4497967267141	1.4384059590851	0.289125811096274	4.97501746257493	6.52417582566507e-07	9.81141914280054e-06	6.1854743432959	up	319545
Nqo1	579.746358522149	1.43820523620855	0.210167744073285	6.84313019845256	7.74811704028829e-12	3.57726879197308e-10	11.1108038276061	up	18104
4930520O04Rik	46.1262133822292	1.43748304503016	0.364043046757706	3.9486622745109	7.85891336066899e-05	0.000622279773699075	4.10463749901017	up	75116
Mctp2	25434.3265325783	-1.43736715420668	0.266526294338332	-5.39296566507645	6.93041993584407e-08	1.35316647011313e-06	7.1592404493284	down	244049
Ripk3	343.866565628924	1.4368560526904	0.280574203665752	5.12112672482936	3.03715448174058e-07	5.00643965081464e-06	6.51753311757755	up	56532
Slc2a10	90.5331624153722	1.43637573738097	0.340487656375396	4.2185838766423	2.45841516197019e-05	0.000229623002884369	4.60934477428614	up	170441
Naip1	181.734757904737	1.43577234414055	0.385877979565327	3.72079367098864	0.000198597649619754	0.00138211095945836	3.70202589563526	up	17940
Gm48877	1335.97641782365	-1.43514048613199	0.365419047183981	-3.92738281485757	8.58752387034471e-05	0.000673576069518897	4.06613204274234	down	NA
Gm16976	28.6563412877946	1.43323810241759	0.56145875962007	2.55270414408965	0.0106890249048586	0.0381635907646967	1.97106191104514	up	102637302
Gm8579	18.5523119415568	1.43287385665135	0.498883814108834	2.87215944099312	0.00407677223398658	0.0173647307715022	2.38968355155642	up	667335
Apobr	388.745550652981	1.43253617745086	0.327095571500972	4.37956457458979	1.18916680366018e-05	0.000122838238556644	4.9247572229017	up	171504
Ptpn22	860.11965941411	1.43221137630598	0.226500525431993	6.32321436594638	2.56177519722757e-10	8.68847795502904e-09	9.59145898344658	up	19260
Gm12756	23.8554444333057	-1.4320410070573	0.422065212220701	-3.3929377868472	0.000691473408358727	0.00398408624277597	3.1602245166756	down	NA
Rgs9bp	23.7720554439238	1.43189625770278	0.379747904680726	3.77064952841977	0.00016282320684707	0.00116559822024151	3.78828369596187	up	243923
Mup8	409.498893364374	-1.43138246014662	0.452970463059977	-3.15999072097796	0.00157774163494221	0.00789425785561195	2.80196411374109	down	100041687
Gpr173	55.7229971707215	1.43086899211007	0.379743913171371	3.76798400838185	0.000164571242303218	0.00117637061228981	3.78364605247838	up	70771
Gm2814	150.668436165337	-1.43056226556951	0.320107536173157	-4.46900526826609	7.85841954292323e-06	8.59097203376897e-05	5.10466478892296	down	100040507
Gdf9	77.6130603278597	-1.42730316060312	0.218112242161709	-6.54389293538558	5.99377147788284e-11	2.29337629554055e-09	10.222299819246	down	14566
Mgat4c	157.928817049327	1.42680045547559	0.585178695212043	2.43823035108716	0.0147593655360233	0.0493039062566812	1.83093231122073	up	67569
F930017D23Rik	40.3635833072776	1.42644983989217	0.530443704328618	2.6891634838001	0.00716313288120149	0.0275343950617095	2.14489699229562	up	414125
Lypd6	122.01206821641	1.42588229695526	0.378289898959785	3.76928461710484	0.000163716115087987	0.00117164341374895	3.78590856952315	up	320343
Lpar4	37.404607167355	1.42578942795945	0.450818354885593	3.16266942662813	0.00156329738497707	0.00783657905545514	2.80595839858385	up	78134
Crip1	457.509365921476	1.42537510221169	0.285092900335816	4.99968641987477	5.74236286472698e-07	8.77761180751124e-06	6.24090936753973	up	12925
Lsp1	944.648638972901	1.42506287059457	0.28885749122024	4.93344612450444	8.07913342036014e-07	1.18405820830999e-05	6.09263521978717	up	16985
Tmem178	219.795304339125	1.42393633986701	0.377455154911921	3.77246494407869	0.000161642683087669	0.00115882135769942	3.79144394936711	up	68027
Gm30097	323.915024371273	-1.42353362640682	0.222005628363748	-6.41215106526222	1.43480552500725e-10	5.13261349197118e-09	9.8432069596546	down	102631873
Cx3cr1	1206.25269684462	1.42258171735782	0.285929137138053	4.97529468873601	6.51484527768839e-07	9.8062552513605e-06	6.18609589397197	up	13051
Slc35f4	29.6705518364303	1.42093518656537	0.398979753464314	3.56142178701423	0.000368851989428135	0.00235035014712811	3.43314786980264	up	75288
Mup15	32893.6379336496	-1.42066207271186	0.474940397246935	-2.99124286109783	0.0027784442653328	0.0125986010171157	2.55619831059398	down	100039150
Tgfb2	765.76163900107	1.42063227341493	0.215828588487816	6.58222473384301	4.63460330340084e-11	1.80764479165869e-09	10.3339874331521	up	21808
Zfp239	51.9916595698936	1.42059574699687	0.326240460026684	4.35444379547733	1.33405201489948e-05	0.000135603387239594	4.87482723687867	up	22685
Cdr2	438.042401357382	1.4202432834863	0.270203358021581	5.25620145465722	1.4706119569789e-07	2.64404002555121e-06	6.83250190726891	up	12585
Hsph1	8592.93532465238	-1.41812947202589	0.233198753944717	-6.08120518672275	1.19282527247717e-09	3.51767082183449e-08	8.92342316802831	down	15505
Nrp1	47871.7131204686	-1.41722287024576	0.128662362963853	-11.0150539567187	3.23342822633642e-28	1.62897419519307e-25	27.4903367748134	down	18186
Mybpc1	28.7173745868742	1.41713888978798	0.414824293600498	3.41623890319397	0.000634925179586163	0.00372032001278231	3.19727744952277	up	109272
Wdhd1	729.473546742942	1.41711062565854	0.259049680989106	5.47042026937736	4.48969651101309e-08	9.2399864705803e-07	7.34778301490914	up	218973
AL732309.1	255.721994501186	1.41708778532767	0.176502570445427	8.02870905364983	9.85036491029794e-16	9.72251119431938e-14	15.0065476806097	up	NA
Map1a	347.286839259166	1.41604775271233	0.388476431857902	3.64513169033197	0.000267254913397291	0.00178135565484379	3.57307430167872	up	17754
Efhc1	113.112356415615	1.41588650274224	0.286775788202755	4.93725956300462	7.92279924265892e-07	1.16645911590211e-05	6.10112134860579	up	71877
Adgrg2	81.8118609771888	-1.41559949377419	0.496967726693167	-2.8484736890132	0.00439294855777665	0.0184203714278056	2.35724388237195	down	237175
Klf5	168.117552656	1.41559450062883	0.25551039232929	5.54026193503894	3.02019559396315e-08	6.52092587975152e-07	7.51996493034476	up	12224
Gm49410	69.6277884931282	1.41516309774584	0.425506867813771	3.32582904012069	0.000881559810227145	0.00487823325650179	3.05474821726093	up	NA
Slc41a1	2464.08357799269	-1.41284685611941	0.303408381881343	-4.65658478964484	3.21497908073538e-06	3.96656245562975e-05	5.49282184860313	down	98396
Gm32067	127.279114198033	1.41271217236504	0.307540367473892	4.59358289764991	4.35699822847902e-06	5.1671322726725e-05	5.36081261664491	up	102634500
Them6	430.465374490058	1.41262887220014	0.231491444656084	6.10229407958821	1.04556770397498e-09	3.1291977991984e-08	8.98064783992834	up	223626
Neat1	295885.421697841	-1.41234643115853	0.4164119423034	-3.39170491447983	0.000694592024078077	0.00399729279539649	3.15827020795121	down	66961
Fcrl1	129.330424900189	1.41231601999091	0.336063683835257	4.20252496155832	2.63954131279962e-05	0.000244463378116126	4.57847153624666	up	229499
Gm36041	2459.51513770659	-1.41212295084295	0.37548155886866	-3.76083170395299	0.000169349344071529	0.00120624619685942	3.77121648113725	down	102639819
Gfod2	3210.49081701798	-1.41101418060772	0.175874822458266	-8.02283215349111	1.03334505463937e-15	1.01167409357446e-13	14.9857546346244	down	70575
Phlda1	2671.72724071099	-1.41039491454296	0.40621829739427	-3.47201227416412	0.000516572717901568	0.00312606643250644	3.28686853424028	down	21664
Plekhh1	461.660739836818	1.4095625503547	0.177857557224774	7.92523282310302	2.27719264039578e-15	2.11796432423272e-13	14.6426002284441	up	211945
Gm45299	167.96021134222	-1.40853581968281	0.371523043268864	-3.7912475287932	0.000149892471452956	0.00108751867527014	3.82422017961701	down	NA
F3	406.301826039046	1.40842045059714	0.205259638951303	6.86165316178539	6.80681695464621e-12	3.17153078222071e-10	11.1670559280579	up	14066
Kdelr3	301.904970600833	1.40840136610082	0.361645680898318	3.89442330018262	9.84326304540397e-05	0.000757815303928554	4.00686090891634	up	105785
St3gal5	30690.6007423313	1.40821122516681	0.217452962836798	6.4759348725163	9.4226686683513e-11	3.5107419586621e-09	10.0258260798185	up	20454
4930563J15Rik	16.814004856564	1.40622718698408	0.49702751662724	2.82927431568888	0.00466536915428937	0.0193446428136189	2.33111398635953	up	105245193
Syvn1	17259.5063899077	-1.40569331535001	0.225016210525671	-6.24707576430205	4.18208232233168e-10	1.3466193704211e-08	9.37860742255075	down	74126
Ccdc192	26.3071398326013	1.40512725581066	0.448272895304678	3.13453539245471	0.0017212648871242	0.00847731720986506	2.76415229052998	up	75444
Nme4	148.031482092632	1.40292220227698	0.304952791693851	4.6004569903574	4.21565059724574e-06	5.04168460645878e-05	5.37513539162293	up	56520
Blm	1192.81208485363	1.40286029069107	0.183758524958989	7.63425964049375	2.27121787075923e-14	1.68992586309845e-12	13.6437412032835	up	12144
Cyp21a2-ps	839.468230279712	-1.40208902372011	0.260523628550878	-5.38181136014038	7.37400194079179e-08	1.42768706911311e-06	7.13229675242626	down	632302
Tpx2	438.450283120937	1.40181524940672	0.443766548301241	3.15890247873107	0.00158364472963699	0.00791724144140617	2.80034224021095	up	72119
Mafb	5276.59919225499	1.40063469235699	0.252298121809111	5.55150661571993	2.83217995443531e-08	6.17006987911303e-07	7.54787915538365	up	16658
Aanat	185.892776147272	-1.40019779051549	0.39347415636324	-3.55855084221309	0.000372906612907561	0.00237368457839712	3.42839991504631	down	11298
Gm36028	206.403228568833	-1.40003982252413	0.289359374415916	-4.8384118377024	1.30880727607168e-06	1.82523515282384e-05	5.88312429928629	down	NA
Cyp2j11	138.971535100066	-1.39991136444043	0.353442435748954	-3.96079028109338	7.47021203877235e-05	0.000594421413364899	4.1266670707466	down	100066
Nxpe5	83.8521271304818	1.3989075849661	0.572506190720614	2.4434802760915	0.0145463647021649	0.048810682945065	1.83724552812494	up	381680
Arhgap25	2535.81059148996	1.3986315762483	0.208965837591834	6.69311114374686	2.18475073226968e-11	9.28499863053522e-10	10.6605981064168	up	232201
Cd44	11028.5991707196	1.3985056709223	0.268875802593643	5.20130728549003	1.97891599447038e-07	3.42304338900448e-06	6.70357264132282	up	12505
Nfkbiz	6919.10734906123	-1.39838042872806	0.370610558886776	-3.77318021625842	0.000161179773278295	0.00115622939110523	3.79268945945886	down	80859
Tub	39.2071638060855	1.39785740226952	0.449947717995653	3.10671072740727	0.00189181420410744	0.00918078488535544	2.72312151808913	up	22141
Chrnb1	313.746505264158	1.3975154461899	0.216552361996856	6.45347588593925	1.09313403163637e-10	4.00517684136828e-09	9.96132658495666	up	11443
Chst12	409.706628332173	1.39734292476709	0.275645673151249	5.06934467279071	3.99187758058431e-07	6.38858925570416e-06	6.39882278574437	up	59031
Tm7sf2	6152.29826303398	-1.39679973974606	0.20647645923051	-6.76493458359181	1.33369445404789e-11	5.86389077959746e-10	10.8749436547673	down	73166
Htr7	58.5452249022554	-1.39667271148933	0.371349661713726	-3.76107172157874	0.000169186905903285	0.00120544424235511	3.77163325189984	down	15566
Gm46102	80.4759380288389	-1.39581243725016	0.380955688089216	-3.66397583994933	0.00024833021957812	0.00167366816327706	3.60497042745534	down	108167638
Gm8251	192.357719797358	-1.39528032901384	0.308883066474435	-4.51717973710715	6.26687088804269e-06	7.07165057464528e-05	5.20294925267329	down	NA
Grhl3	85.8019956411408	1.39504328273286	0.279957744789311	4.98304943763116	6.25899507902578e-07	9.4769471395852e-06	6.20349538989946	up	230824
Kif20b	432.451982610172	1.39476924384862	0.307699206097777	4.53289841575154	5.81797988491218e-06	6.64558845096465e-05	5.23522778461642	up	240641
Rap2b	472.847346661769	1.39441123149809	0.345710884675937	4.03346059758919	5.49614001119473e-05	0.000458935282288367	4.25994221239051	up	74012
Col3a1	16542.8128210401	1.39424591154347	0.419608565266428	3.32272986529292	0.000891411932590511	0.00491830347380391	3.04992155667173	up	12825
Cpb2	51653.7695854125	-1.39302969952497	0.168172916820854	-8.28331770572129	1.19790284704152e-16	1.37941364986467e-14	15.9215784029022	down	56373
Cryab	608.641020186843	1.39246517555611	0.295955188794717	4.7049865259229	2.5388272140546e-06	3.2307785682837e-05	5.59536685506802	up	12955
4930578M07Rik	17.7045994458425	-1.39222241802703	0.454488981005147	-3.06326990579176	0.00218932497578735	0.010318812624095	2.65968976848421	down	75921
Apba1	1255.81848120632	1.39101347017279	0.201151092872722	6.91526677935055	4.66983716396475e-12	2.21858550685649e-10	11.3306982629081	up	319924
AI506816	2482.33744919942	1.39072892441595	0.224556360310719	6.19322882901911	5.89440567056972e-10	1.84874861122849e-08	9.22955997801661	up	433855
Glis3	6977.36470767027	1.39055525296524	0.194443557864298	7.15145962272355	8.58599771151174e-13	4.77302521056958e-11	12.0662092316122	up	226075
Wnt16	23.3736560729509	1.38996461835094	0.513457107410294	2.70707055816495	0.00678798287992143	0.0263432168923162	2.16825926169394	up	93735
Cyp4f14	18043.158478536	-1.38973924658785	0.327391569374179	-4.24488403670377	2.18706496623976e-05	0.000207158656535879	4.66013831615743	down	64385
Rasl12	65.1419403619943	1.38962792583185	0.404401647084581	3.43625683982737	0.000589811537395354	0.00349750431517765	3.22928673639912	up	70784
Gm16188	100.027542498978	1.38782083101404	0.529059763841355	2.62318347730219	0.00871123462029544	0.0323388203236083	2.05992028921927	up	NA
Prokr1	57.5712230517234	1.38756502345282	0.494224654562815	2.80755929645041	0.00499184887878271	0.0204528786151683	2.3017385707824	up	58182
Gabbr2	10018.7092204953	-1.38713146878314	0.308630064571168	-4.49447940436561	6.97403525730689e-06	7.76990171736105e-05	5.15651586137428	down	242425
Ctps	1731.44666602164	1.38710547327254	0.184904398582733	7.5017440574941	6.29742441773e-14	4.31400332208348e-12	13.2008370362411	up	NA
Csf2ra	1312.87750550484	1.38647708209309	0.22544116749497	6.15006166575154	7.7452827262783e-10	2.37084084666914e-08	9.11096272455145	up	12982
AW112010	2794.77647375945	-1.38583895985149	0.225582976909801	-6.14336675061084	8.07904493689533e-10	2.46676091747478e-08	9.09263997624915	down	107350
Cd14	1073.20335575199	1.38505771201155	0.498653038214436	2.7775980609105	0.00547623131174362	0.0220931307274915	2.26151821589009	up	12475
Arid5b	90731.0966284016	-1.38461399079046	0.234966774167544	-5.89280759246054	3.79688424031279e-09	1.00345633551086e-07	8.42057264346061	down	71371
Ptgr1	601.619290476819	1.38388616628707	0.217330935178135	6.36764464825393	1.91952996486458e-10	6.69813472010899e-09	9.71680510393013	up	67103
AA986860	3139.41794447888	1.38377201086317	0.1969109076411	7.02740151594501	2.10415223246045e-12	1.07121282706018e-10	11.6769228427855	up	212439
Efr3b	789.924571832288	1.38356858234722	0.345972929327896	3.9990660108437	6.35929431507304e-05	0.000518652462485991	4.19659107492922	up	668212
Ccdc162	1411.27005384312	-1.38316377923961	0.199001384215665	-6.95052340812173	3.63933404221136e-12	1.76719630138063e-10	11.4389780801568	down	75973
Trhde	595.955304853552	-1.38306973019221	0.378654972048514	-3.6525856842968	0.000259612927024361	0.0017380841088879	3.58567368631092	down	237553
Fhad1	594.706046992398	1.38213882307234	0.16925584776551	8.16597382790093	3.18852405605691e-16	3.44139673128556e-14	15.4964103020973	up	329977
Apbb1ip	4217.15954097006	1.38178134012705	0.267567192266893	5.16424053494853	2.41417092236458e-07	4.0996443566016e-06	6.61723198526934	up	54519
Trim16	144.861709242174	1.38155598735357	0.288496451714158	4.78881448678063	1.67769484008836e-06	2.25890961152655e-05	5.77528703118195	up	94092
Cenpu	215.287746623825	1.38137705854528	0.281838503376259	4.90130710317148	9.52010983162452e-07	1.36545252638401e-05	6.02135804121707	up	71876
Ndufa4l2	205.892551935292	1.38105919923766	0.375179976252994	3.68105785663351	0.000232268287637808	0.00158260953672332	3.63401008182296	up	407790
Gng2	1603.88785405773	1.38085094801984	0.185556285910132	7.44168240513618	9.94109942766725e-14	6.56818760546037e-12	13.0025655825076	up	14702
Gm9530	223.981521311343	-1.38072145858465	0.400963630782123	-3.44350797076383	0.00057421966738371	0.00342098546358041	3.24092193672641	down	671336
Gm5834	40900.811195927	-1.380600153739	0.185584821850678	-7.43918678247211	1.01306998555246e-13	6.63904021426276e-12	12.9943605513926	down	545367
Actg1	14630.5221065977	1.37940209005205	0.13774814993689	10.0139427693513	1.32369557249994e-23	4.10379568387096e-21	22.8782118837675	up	11465
Gm41584	64.925763968207	-1.37922393355677	0.428027463638254	-3.22227906086515	0.00127175205100367	0.00663330467248607	2.89559755329255	down	105246280
Cep55	127.22561981928	1.37830611532525	0.517975066194458	2.66095070068065	0.00779203650578947	0.0295618178197366	2.10834902144954	up	74107
Ddit4l	178.517873744709	1.37712996670542	0.214760959800733	6.41238504420544	1.43260445257232e-10	5.1323319810524e-09	9.84387370337663	up	73284
Crp	98201.820363289	-1.37705019731342	0.202795885106456	-6.79032612811916	1.1188034153003e-11	5.01016744236885e-10	10.9512462165552	down	12944
Ffar4	38.544373620905	1.37687099490833	0.447030835884637	3.08003583731224	0.00206975688848544	0.00986418231717676	2.68408066333042	up	107221
Col5a1	8294.79455271619	1.37385085139762	0.268883180237549	5.10947114722413	3.23061819662481e-07	5.28928972449432e-06	6.49071436507022	up	12831
Rad18	1575.14355769547	1.37369710311266	0.205890017690228	6.67199468203196	2.52349716000327e-11	1.05709641396721e-09	10.5979971796942	up	58186
Cavin3	121.478284497626	1.37357262098936	0.347603340711076	3.95155184118628	7.76460471574332e-05	0.000615618594216738	4.10988064864645	up	109042
Cpt1c	107.191341109916	1.37341285680589	0.28478229780194	4.82267636509157	1.41644692006955e-06	1.95505247837453e-05	5.84879969558959	up	78070
Cyp2d40	5831.5219120137	-1.37283088067079	0.334847055443342	-4.09987443029218	4.13374367170157e-05	0.000360224106194909	4.38365645693393	down	71754
Lpl	6245.60904633822	1.37270781620278	0.29577897107303	4.64099192455386	3.46740677538634e-06	4.23478942638345e-05	5.45999520652852	up	16956
Prrx1	294.394809605001	1.37233203819857	0.348326306857874	3.93978867280478	8.1553416542105e-05	0.000642385901896151	4.08855784021166	up	18933
Ngp	19.3973960799376	1.37210196775867	0.536438351307236	2.55779991198433	0.0105336681966692	0.0376979671942954	1.9774203657417	up	18054
Hddc2	158.770895187313	1.37139590079016	0.244366029507743	5.61205624019318	1.99936430627471e-08	4.53551854168246e-07	7.69910806541686	up	69692
Spata48	50.5732089934548	1.37129166847946	0.43191643193662	3.17490043694536	0.00149887920666305	0.00758209007875909	2.82423336514604	up	NA
Pik3cg	860.469141144173	1.37127474365398	0.234484178006947	5.84804806579892	4.97374848098674e-09	1.26872558826183e-07	8.30331618048173	up	30955
9530052E02Rik	511.843230915869	-1.37118232722864	0.305013135623846	-4.49548615151985	6.9411175929765e-06	7.74410737542158e-05	5.1585705979333	down	619321
Gm29687	15.8388934567345	1.37077159450672	0.545871510934359	2.51116163245155	0.012033458564718	0.0419964056879795	1.91960953311736	up	629481
Lrrcc1	792.931046128801	1.37071235529895	0.218102744109923	6.28470935059906	3.28467629431116e-10	1.09257279434708e-08	9.48350742382763	up	71710
Gm18387	126.716694878953	-1.3699073897537	0.535054128851593	-2.56031551928023	0.0104577169656338	0.0374982965099285	1.980563116372	down	100417054
Cotl1	4697.8873546698	1.36967227849066	0.221461788523562	6.18468895976126	6.2225037310337e-10	1.94409024837024e-08	9.20603483431489	up	72042
Snx10	11996.0560762041	-1.36835065523576	0.321958967496972	-4.25007778436434	2.13696292491683e-05	0.000203288896342796	4.67020301253116	down	71982
2010013B24Rik	46.7234973282714	1.36716296279239	0.453646975150102	3.01371559314382	0.00258069606991312	0.0118591490451956	2.58826313955992	up	72079
Msn	13560.0578267723	1.36653864538825	0.245505810988319	5.56621710861772	2.60328860844438e-08	5.71777703264324e-07	7.58447768202264	up	17698
Gm15614	52.1072821193769	1.36553095925766	0.397285444814811	3.43715325361135	0.000587862880547833	0.00348680406607988	3.23072396162108	up	102640951
Armh2	41.375576360114	1.36526508697238	0.411424046459547	3.31838913821635	0.000905382544283782	0.00497702026084896	3.04316788292925	up	666145
Ces2c	1260.52004631089	-1.3650343520868	0.450679300779277	-3.02883746763274	0.00245496719913967	0.0113619170927456	2.60995430611853	down	234671
Cd300a	1302.05757222787	1.3644935874895	0.217687576061842	6.26812798495153	3.6541439609383e-10	1.19897570235292e-08	9.43721434690972	up	217303
Mrgpre	314.579577136204	1.36439188245895	0.198166696538862	6.88507153971444	5.77585013733551e-12	2.71734645955345e-10	11.2383840836816	up	244238
Aspg	19232.4163129505	-1.36345387706419	0.261035737309582	-5.22324602415325	1.75813549054292e-07	3.07858308706075e-06	6.75494765910996	down	104816
Vtcn1	266.822894190351	-1.36233776085947	0.330099701454997	-4.12704935767776	3.6744754944301e-05	0.000325480463026772	4.43480464464282	down	242122
Tsnaxip1	28.0206405582256	1.3612789817118	0.444166559370331	3.06479394495976	0.00217820010652807	0.0102797101826818	2.66190222505365	up	72236
Myl9	584.320851161813	1.36112355619606	0.384930256299873	3.53602642016194	0.00040619406798049	0.00254801166067554	3.39126642328018	up	98932
Iqck	239.016683373324	1.36063601772714	0.221887808431684	6.13209002939008	8.67319951108093e-10	2.63818000725735e-08	9.06182066334507	up	434232
Stard13	7138.9481613332	-1.36014452347453	0.158698910375098	-8.57059774550255	1.02949259892023e-17	1.39079273894351e-15	16.987376771202	down	243362
B4galt2	105.277845418122	1.35996569919704	0.270197808101897	5.0332225444411	4.82302675521744e-07	7.52940174271583e-06	6.31668032886993	up	53418
Mboat2	121.895533871605	1.35879608568307	0.364809771311766	3.72467020495962	0.000195570725733708	0.00136448104145774	3.7086961526353	up	67216
Kif21b	1625.93106371625	1.35786761937696	0.20702316498524	6.5590129465646	5.41651004526501e-11	2.08902784552789e-09	10.2662804470898	up	16565
Cd33	630.212694464396	1.35725093394828	0.339659694506119	3.99591401600295	6.44451231215564e-05	0.000524364726556351	4.19080994225991	up	12489
Gm47896	27.4196401640274	1.35710373867158	0.528370673502631	2.56846908189506	0.0102148824030856	0.0367747932516622	1.99076662873638	up	NA
Kif18b	108.899533126707	1.35653103869724	0.501517935684553	2.70485049920623	0.00683351362377092	0.0264735704021193	2.16535593540401	up	70218
Hilpda	384.729478655788	1.35652313709827	0.456488438474366	2.97164839843899	0.00296205686719033	0.0132916049661155	2.5284066079114	up	69573
Trim50	16.9383788069678	1.35644414743234	0.502582217957826	2.69894974188315	0.00695586800992438	0.0268700958811488	2.15764866748378	up	215061
Mup22	22306.1042134041	-1.35588422172227	0.293874357777502	-4.61382283223513	3.95329442703736e-06	4.75141977309232e-05	5.40304083977391	down	100861909
Rasl2-9	33.4232835398423	1.35537933492017	0.338759965724019	4.0010021019555	6.30747975052671e-05	0.00051551760956974	4.20014413506304	up	19428
Gm20703	60.4944650423659	1.35393795401554	0.274796089028545	4.92706413254264	8.34743625016654e-07	1.21968400846844e-05	6.07844688899196	up	NA
Enpp2	18330.4968361544	1.35369574215913	0.172059633645127	7.86759632971863	3.61519879577911e-15	3.19966245827767e-13	14.4418678163401	up	18606
Zwilch	336.215090908142	1.35337021460784	0.272348780471481	4.96925380853528	6.72110465664719e-07	1.00699970760249e-05	6.17255934199686	up	68014
St3gal1	48157.3075074874	-1.35334996685205	0.148707490400222	-9.10075183980132	8.97086441103988e-20	1.65769662657913e-17	19.047165707362	down	20442
Gm41442	175.995514084796	1.3529961209076	0.228756014940752	5.91458161770316	3.32720222531178e-09	8.91012228266771e-08	8.47792080217657	up	105246099
Tnfrsf26	295.212219669286	1.35190128533	0.331984369506566	4.07218354086775	4.65744551971967e-05	0.000399525887044559	4.33185221654412	up	244237
Cd84	2729.28316610449	1.3514234029589	0.187096329044814	7.22314227039272	5.07998174674542e-13	2.94590212469539e-11	12.2941378482086	up	12523
Myo1g	744.808857071937	1.35137746419919	0.20306795386579	6.6548041602484	2.83677524735209e-11	1.16664794271204e-09	10.5471750712191	up	246177
Rad51	273.131130366536	1.35084822268874	0.318213592584625	4.24509905977539	2.18496872139253e-05	0.000207041197573331	4.66055477572965	up	19361
Henmt1	16.6672276708791	1.34947678304269	0.477746362723338	2.82467201916546	0.00473290353927414	0.0195944313279793	2.32487234674432	up	66715
Tfpi2	9154.30699892537	-1.34947408212305	0.235296519955981	-5.73520629363963	9.73937289866799e-09	2.34681200332634e-07	8.01146900568975	down	21789
Clpx	31213.545466887	-1.34947096624983	0.258310324717455	-5.22422387771729	1.74887083596423e-07	3.06680163562632e-06	6.75724226444895	down	270166
Matn2	967.095374867057	1.34931854868801	0.200832977572289	6.71861048418866	1.83465609227067e-11	7.88022266843507e-10	10.7364453326254	up	17181
Rwdd2a	130.313691091506	-1.347385046337	0.3352139659389	-4.01947765679485	5.83273126459602e-05	0.000482377248428389	4.23412803265478	down	69519
Gm49645	172.803539926666	-1.34727435855235	0.245004948824527	-5.49896793928547	3.82020579396607e-08	8.01216101558433e-07	7.4179132410735	down	NA
Gm14634	328.144672360875	1.34705330258594	0.158444980767273	8.5017101587113	1.86817788803817e-17	2.42883213379241e-15	16.7285817725839	up	552913
Gm40264	721.667121190524	-1.34530154108638	0.329516523353032	-4.08265275257555	4.45245272529879e-05	0.000384945340733555	4.35140068303841	down	105244705
Gm18870	22.8408112660957	1.34518648604212	0.479739103596662	2.80399591352278	0.00504735447965129	0.0206488117115424	2.29693619335421	up	100417865
Nlrp4e	57.7073878974418	1.34426364375443	0.256129506066433	5.24837479445169	1.53446873706988e-07	2.74456531063785e-06	6.81404195536272	up	446099
Gm20619	163.959340913519	1.34407801576397	0.175319457050276	7.66645093692327	1.76820757267938e-14	1.37047421546579e-12	13.7524667538152	up	101056138
Upk1b	94.6224324198866	1.34302520809327	0.50596016072594	2.65440900755176	0.0079447463463981	0.0300515964568433	2.09991996404731	up	22268
Gstm6	2866.25630748303	-1.3422740087294	0.308939613174622	-4.34477791609943	1.39416636984322e-05	0.000141061636634095	4.85568539754821	down	14867
Gramd3	19965.6344413932	-1.34226729646094	0.146264281540902	-9.17699989580564	4.43268722891545e-20	8.78616742374045e-18	19.3533329115042	down	NA
Pklr	10758.2054122098	-1.34209690800485	0.356884270740958	-3.76059417025696	0.000169510245599612	0.00120703673707003	3.77080404688332	down	18770
Galnt12	81.3283375424605	1.34208834884332	0.322972070578846	4.15543160260874	3.24674063768328e-05	0.000292739306862256	4.48855240312697	up	230145
Kifc1	212.880957548918	1.34162190913941	0.420299286015308	3.19206326010877	0.00141260391107597	0.00722801264867521	2.8499795956522	up	100502766
Serpina3g	437.423758078592	-1.34089799382615	0.464035957150711	-2.88964243646027	0.00385680238221946	0.0166316241798429	2.41377261327561	down	20715
Cfap69	630.215542349124	1.34076778488658	0.313499576714222	4.27677701813548	1.89618561225594e-05	0.00018275631915334	4.72211915305648	up	207686
Mup-ps19	5099.62179312559	-1.34069561816403	0.355117932376382	-3.7753531881433	0.000159781108956543	0.00114721697648074	3.79647456895764	down	100039305
E230013L22Rik	99.7594053751917	-1.33907698713424	0.416748541751816	-3.21315338382563	0.00131286156716956	0.00680987096038057	2.88178106506355	down	102132
Cox7b2	13.7160795830046	-1.33883414069544	0.457036406415368	-2.92938182145313	0.00339636935801023	0.014916637089612	2.46898508597137	down	78174
Gm10356	39.038856498375	-1.33860755514502	0.439335424174531	-3.04689192240789	0.0023122083003176	0.0108129609588629	2.63597304412539	down	545517
Shcbp1	173.251592344638	1.33832487310304	0.472662025951308	2.83146265116062	0.00463356446803067	0.0192457670844929	2.33408479014471	up	20419
Tpm1	8374.35895348046	1.33803008802494	0.22239896362173	6.01635037427939	1.78393233725685e-09	5.03960885275061e-08	8.74862162199647	up	22003
Gm30794	57.3398939133661	1.33793376645647	0.349671720238323	3.82625671170828	0.000130106610535821	0.000963625744556576	3.88570063697958	up	102632818
Sstr1	18.5676669838436	1.33745685114832	0.468023712919298	2.85766899032943	0.00426765321742119	0.0180011146177707	2.36981087787906	up	20605
Cstb	2816.90138781631	1.33726983649816	0.190695261301267	7.01260129576842	2.33927376973147e-12	1.17605651350616e-10	11.6309189488937	up	13014
Itpripl2	2981.48892178147	1.33658497813721	0.224682971685378	5.9487595704797	2.70182161589918e-09	7.34106183322179e-08	8.56834332807049	up	319622
Gm5086	278.228273979804	1.33654959416497	0.411001962769238	3.25192995468829	0.00114624265907487	0.00606928836911509	2.94072343268156	up	328314
Gm12524	25.0016956487603	-1.3364571326294	0.473566291094413	-2.82211204167603	0.00477085063669195	0.0197245187376448	2.32140417989379	down	NA
Tenm4	282.961614633487	1.3346693438951	0.243970850475558	5.47060987529251	4.4848955583739e-08	9.23796800618378e-07	7.34824766609816	up	23966
Gm4951	35319.7925914713	-1.33452064227075	0.222581566294801	-5.99564763823804	2.02676062549649e-09	5.64644302370462e-08	8.6931975414722	down	NA
Impdh1	888.81259641444	1.33433128351831	0.216940245274697	6.15068578828579	7.71486263999862e-10	2.36752294873663e-08	9.11267180196917	up	23917
Map7d3	58.2786889737609	1.334132361618	0.476380874371352	2.80055819490773	0.00510143083385036	0.0208242404497247	2.29230799721717	up	320923
Gm10384	24.4360124805897	1.3339009218872	0.492149246576034	2.71035855722095	0.0067210507785285	0.0261509975746382	2.17256282342805	up	100038735
Gm49368	73.2493522558279	1.33306623350562	0.450373254496367	2.95991429374803	0.00307724637740027	0.0137218107979882	2.51183773090177	up	118261720
St8sia4	909.947035098643	1.33269288472207	0.27302908262576	4.88113893181403	1.05474898437083e-06	1.49858636545566e-05	5.97685088413272	up	20452
Gm26708	1342.10908762404	-1.33251339272849	0.198234996730856	-6.72188773275815	1.79385150072867e-11	7.71866850366917e-10	10.7462135117286	down	120623200
Rem1	307.498245517052	1.33208525921218	0.272416960039081	4.88987638295752	1.00899321329322e-06	1.438648224284e-05	5.99611175491197	up	19700
Gm37784	31.7647089264388	-1.33127963413899	0.401256300813261	-3.31777876494591	0.000907363221741662	0.00498452008817739	3.04221882802168	down	NA
Tnfrsf11a	2503.29760886552	1.33105972955584	0.297633834833594	4.4721384929238	7.7441244980451e-06	8.48904889445724e-05	5.11102767372919	up	21934
Itgb2	3435.22112607296	1.33079503034112	0.25387347141805	5.24196176507831	1.58878297210514e-07	2.8333296335875e-06	6.79893542340585	up	16414
St8sia2	18.2689696624139	1.33062787075815	0.421296770975261	3.15840984890027	0.00158632364607671	0.00792899512389977	2.79960820203371	up	20450
Anln	640.346456147743	1.33044760350664	0.406464760979068	3.27321758546038	0.00106330589777911	0.0056927631958889	2.97334177723946	up	68743
Gm9465	29.1325419631693	1.32816675899171	0.464087696252042	2.86188746161112	0.00421126409331358	0.0178129767893142	2.37558752260908	up	669675
Mup6	330.921934602117	-1.32786908962134	0.453581889454657	-2.9275178760286	0.00341679418564714	0.0149900067121406	2.46638118061879	down	620807
Msantd3	154.920696069512	1.32734479051476	0.253062828308073	5.24511955939607	1.56181015051198e-07	2.79140377381232e-06	6.80637175893252	up	66665
Slco4c1	23.1076809426355	1.32691359078161	0.469687462725514	2.82509902027566	0.00472660066216052	0.0195716878788298	2.32545108852557	up	227394
Gm48619	21.5289440544948	-1.32600265058753	0.459535293531051	-2.88552951047259	0.00390755825930343	0.016801666754352	2.40809453819543	down	NA
Gas7	3786.47810466659	1.32533914846056	0.174142783824868	7.6106463865504	2.72728471257673e-14	1.99852117937971e-12	13.5642695218872	up	14457
Mutyh	93.1467113672238	1.32496679170995	0.401616580430191	3.2990838931269	0.000970009174333148	0.0052688144325526	3.01322415816322	up	70603
Clec4a2	538.63807790592	1.32452730127233	0.310684435091042	4.2632560620045	2.0146942131437e-05	0.000193113966832274	4.69579086099782	up	26888
Pdgfrb	5587.91302070636	1.32340366658869	0.21030066062931	6.29291255019599	3.11563883404651e-10	1.04207992095315e-08	9.50645289165143	up	18596
Plekhm3	4825.78505795268	1.32303348095644	0.199423863234194	6.634278664047	3.26093261434905e-11	1.32086888576531e-09	10.4866581755941	up	241075
4833411C07Rik	988.716323586994	-1.32224911358975	0.451139925378841	-2.93090688544004	0.00337974069218071	0.0148570967857324	2.47111661933037	down	71624
Gm15638	1176.84759306983	-1.32174680926611	0.228420484439607	-5.78646355868126	7.18836720911342e-09	1.77557809857794e-07	8.1433697455839	down	100503378
6030468B19Rik	40.0822779344704	1.32167489888662	0.392900238013789	3.36389437066271	0.000768509505782139	0.00434715716229794	3.1143507562928	up	77727
AI413582	272.170682306144	1.32141743411169	0.179033582768227	7.38083555989813	1.57299190731851e-13	1.00100237638885e-11	12.8032735117162	up	NA
4930534D22Rik	128.301751625584	-1.32046840105916	0.397237867512285	-3.32412518808602	0.000886963707057375	0.00490140684736322	3.05209415034548	down	100503594
Adap1	664.168472966643	1.32009564163138	0.212735805425376	6.20532890075456	5.45826271395445e-10	1.72312935964552e-08	9.26294556495141	up	231821
Efcab5	109.520214571288	1.31946403085186	0.368144489597703	3.58409284434414	0.000338251759006176	0.00219116100623824	3.47075993626858	up	319634
Clp1	1783.38090869131	-1.3194632657059	0.178762149834311	-7.38111097303801	1.56974095211054e-13	1.00100237638885e-11	12.8041720115088	down	98985
Potegl	32.1712267032601	1.31810381527666	0.421065745652415	3.13039906210928	0.00174568980286679	0.00858362562279884	2.75803292493267	up	NA
Gm4419	23.1925349967877	1.31774233943398	0.454533380783234	2.89911015372137	0.00374223395755656	0.016213343154196	2.42686906469822	up	100043407
Plcxd2	17314.7740562385	-1.31756623427374	0.12020677645365	-10.9608316032147	5.89551111631531e-28	2.9094948941783e-25	27.2294785374098	down	433022
Ap1s2	1163.24854584013	1.31635679691865	0.217599695622107	6.0494422713012	1.45348135124264e-09	4.19513345274637e-08	8.83759053603278	up	108012
Atg14	3190.30955588795	-1.31567688569179	0.212151483890719	-6.20159171910154	5.5894929411463e-10	1.75996247790104e-08	9.25262758797231	down	100504663
Cdh20	33.6793716886925	-1.31543491014093	0.306474746546071	-4.29214780325524	1.76953090669283e-05	0.000172404497927664	4.7521418475566	down	23836
Tm4sf4	19118.6566226643	1.31527288455492	0.20213248296538	6.50698425735062	7.66744438058279e-11	2.90617774312309e-09	10.1153493656935	up	229302
Gm45330	126.103051973707	1.31507987761571	0.413012064364919	3.18411976569711	0.00145194925143723	0.00739024138039467	2.83804856284112	up	NA
Gm41409	244.726901334605	1.31435587676118	0.32882881630785	3.99708240755482	6.41279812749102e-05	0.00052213563743767	4.19295243129695	up	105246058
Acot6	132.432264153305	1.31432446243663	0.336241467994634	3.90887081916264	9.27285292047337e-05	0.000718705542701561	4.03278662863862	up	217700
Gm35570	323.758921683115	-1.31426287668286	0.434165824314331	-3.02709887117083	0.00246913182180386	0.0114209154007002	2.60745572337152	down	NA
Slc25a30	7452.18464918603	1.31422129040505	0.246994942060427	5.32084292674918	1.03287553527525e-07	1.92231564271385e-06	6.98595200916758	up	67554
Acss1	256.720961920049	1.31388933238649	0.29459381131747	4.46000317016358	8.19584406257485e-06	8.88752919825942e-05	5.0864063132537	up	68738
Stat5a	3322.86499359628	-1.31344188408056	0.269979080431247	-4.86497650848561	1.14470402532819e-06	1.61499702833805e-05	5.94130678999046	down	20850
Gm31848	43.0268895109141	-1.31327697333297	0.437439387707676	-3.00219186986102	0.00268043174473856	0.0122271607312781	2.57179524729367	down	102634208
Ccdc9b	937.665694410805	1.31322002771868	0.21351852274573	6.15037988663182	7.72975786970279e-10	2.36908751337329e-08	9.11183410989784	up	214239
Homer3	502.795095255817	1.31308945652487	0.192463143190055	6.82255020239488	8.94383587549752e-12	4.08846576826618e-10	11.0484761789366	up	26558
Gltp	1172.24658713736	1.31307678085391	0.18691629453102	7.02494549310681	2.14149832060262e-12	1.08565434777385e-10	11.669282261848	up	56356
Rrad	58.6396903317439	1.31283699378209	0.534213117492968	2.4575154573949	0.0139901790000271	0.0473095383273186	1.85417672880862	up	56437
Trip13	262.825733589495	1.31262220937017	0.310949583192522	4.22133451954966	2.42860211059824e-05	0.000227189385835538	4.61464363189155	up	69716
Mbl2	13347.410142356	-1.31231589203549	0.299331237126906	-4.38415951716764	1.16434434366054e-05	0.000120738314401369	4.93391856226689	down	17195
Robo2	7535.27837341887	1.31109088069447	0.207740874224169	6.3111839958837	2.76908736936018e-10	9.3522445203726e-09	9.55766334131748	up	268902
Cacna1c	1997.23811204334	1.3109677350625	0.227739497553164	5.75643552895984	8.59085700473954e-09	2.08788044310162e-07	8.06596350975849	up	12288
Faxc	52.8461517311919	1.31036359007378	0.357106925285164	3.66938722632557	0.000243132563866136	0.00164505642400977	3.61415687019715	up	76132
Spink4	15.2560691765931	1.3101301941266	0.504360904027702	2.59760457970518	0.00938765288955206	0.0343749579308219	2.02744297690675	up	20731
Tmem236	38.029023886247	1.30966235024845	0.395071154596724	3.31500372783559	0.000916419025080865	0.00502285695025056	3.03790590333045	up	625286
Ptger3	106.79324758291	1.30951817487532	0.524137412668086	2.49842530455764	0.0124746429020149	0.0432986672393462	1.90397187760069	up	19218
Gm36210	84.3016799404077	-1.30890408582486	0.224041030724947	-5.84225166965865	5.14999237454318e-09	1.30953854470245e-07	8.28819341400663	down	102640043
Gm38266	819.555099182392	-1.30888471759003	0.228592387507711	-5.72584560606102	1.02919791025113e-08	2.46905395492985e-07	7.98750110427992	down	NA
Gm44661	29.3143220254581	1.30836035336804	0.429075733023968	3.04925273715015	0.00229411394231491	0.0107470483055132	2.63938501568945	up	NA
Gm10619	17.955799878074	1.30822417137692	0.484208789875903	2.70177699936468	0.00689700034194463	0.0266749713532076	2.16133975247928	up	100579147
Catip	23.9335682384975	1.30752561965596	0.4948906755418	2.64204941470053	0.00824060319934037	0.0309480146865117	2.08404099745859	up	241112
Radx	52.3772235364049	1.30742024917969	0.402659460121451	3.24696270338549	0.00116643674246796	0.00616002911254864	2.93313880864222	up	102871
Has1	212.565529645518	1.30684745071071	0.450963450137221	2.89790103901559	0.00375669105511978	0.0162657659972975	2.42519451922292	up	15116
Kbtbd12	52.3445494581495	-1.30545681897916	0.307051945813016	-4.25158295454717	2.12264857852117e-05	0.000202165765757381	4.67312190081382	down	74589
Dok5	93.6130623194966	1.30419669011043	0.399851267796587	3.26170452652886	0.00110744510504671	0.00589288568577732	2.95567779211723	up	76829
Il1a	96.9524119346885	-1.30347003005238	0.397648000712143	-3.27794941183664	0.00104564133325022	0.00561156207737611	2.9806172578226	down	16175
Lrig1	18068.5647248388	-1.30344178417509	0.282243609566603	-4.61814453895549	3.87186532612003e-06	4.66050011529291e-05	5.41207975702999	down	16206
Gm10371	26.2526362839914	1.30304964379084	0.482034360805164	2.7032297897069	0.0068669255223573	0.0265859739003593	2.16323766287296	up	100038654
Fcgr1	1101.55351018551	1.30200695295189	0.297660136632928	4.37413947221798	1.21912420240367e-05	0.000125503880215094	4.91395204690764	up	14129
Slco1b2	86475.8955091051	-1.30143027719035	0.198782249337438	-6.547014542436	5.86986497346428e-11	2.25309642521132e-09	10.2313718888638	down	28253
Rnf150	4292.70803878083	1.30084454332429	0.245499565081481	5.29876516438041	1.16588468133367e-07	2.14561821643918e-06	6.93334440389708	up	330812
4933424L21Rik	40.0891249264438	1.29957623225701	0.381042005367726	3.41058522144521	0.000648236224409887	0.00378547413153342	3.1882667036004	up	78762
Tnnt2	93.1247275743081	1.29890715492156	0.305335457461211	4.25403314021129	2.09954207662308e-05	0.000200122690173036	4.6778754173051	up	21956
Selenon	912.2658820807	1.29871907296963	0.210218390011196	6.17795176197696	6.49385476867551e-10	2.02103469776205e-08	9.18749742834755	up	74777
Kcnk13	2817.89475658763	1.29845587684931	0.370019493918504	3.50915532340924	0.000449532297326022	0.00277240245190968	3.34723910026762	up	217826
St6gal1	25568.3937468578	-1.29833834758274	0.167734818226452	-7.74042241980973	9.90870493303715e-15	8.09501022603731e-13	14.0039831040606	down	20440
Tlr9	215.971675707676	1.29821024740057	0.25991153019618	4.99481591455633	5.88919148701824e-07	8.98128138445875e-06	6.22994432436884	up	81897
Gm47144	11.3589368225362	-1.29698535067754	0.529366261355637	-2.45007180351111	0.0142827729377148	0.0481240093604318	1.84518746800532	down	NA
Otulinl	1175.32873857982	1.29662854436028	0.227902530327909	5.68939950993382	1.27486886489943e-08	2.99600377949446e-07	7.89453448517474	up	223433
Gm49692	59.949162302138	1.29628360590247	0.445644173107565	2.90878616646826	0.00362834938954984	0.0157910562258531	2.440290899493	up	NA
Sestd1	2734.33596577152	1.29575362522264	0.215326223668103	6.01763038031015	1.76988749714051e-09	5.00578005331601e-08	8.75205433867995	up	228071
Btbd11	3761.35141886956	1.29382361126331	0.253116844900162	5.11156660384908	3.19498139725605e-07	5.2415902407358e-06	6.49553166617305	up	NA
Slc26a8	96.4734892810137	1.29308429490963	0.310515474272913	4.1643151534958	3.12288510645637e-05	0.000282731589832752	4.50544399353153	up	224661
Cd24a	392.104047767814	1.29256571566368	0.487329180474164	2.65234623218341	0.00799345277096592	0.0302027943700104	2.09726558670947	up	12484
Haus8	1411.49439029024	1.29215538821845	0.194713514603341	6.63618748216196	3.21900366524733e-11	1.30826801063884e-09	10.4922785288143	up	76478
BC023105	262.592829056692	-1.29211149477757	0.327774720933426	-3.94207183244009	8.07807736061542e-05	0.000637130028487939	4.09269199207622	down	667597
Gm47885	53.0402892298056	-1.29194176837525	0.302896841091667	-4.26528637181879	1.99645961188178e-05	0.000191656952499108	4.69973947110165	down	NA
Tifab	604.540022138223	1.2909738267556	0.323601912885694	3.98938873767293	6.62437823850185e-05	0.000536652310095316	4.17885487818506	up	212937
Eif5a2	158.304151356975	1.29075142164555	0.300338609916147	4.29765397797479	1.72615346801827e-05	0.000168995316451894	4.76292059486036	up	208691
Arc	53.7037568528986	1.29052438424991	0.448061207785766	2.8802412746853	0.0039737094600732	0.0170169167236973	2.40080388974249	up	11838
Kcnj5	21.5479724089051	-1.29009632752105	0.440503268034175	-2.92868730186348	0.00340396676829053	0.0149472897023428	2.46801468842837	down	16521
Hif3a	130.029692022964	1.28988986636007	0.335344221388756	3.84646516650345	0.000119834158295868	0.000895774224392789	3.92141937021959	up	53417
Rgs10	533.181852229431	1.28933618355909	0.300927774767517	4.2845369941514	1.83120138258488e-05	0.000177199327065496	4.73726389243445	up	67865
Sparc	15558.8127970913	1.28911960931465	0.264379803135981	4.87601395425657	1.08250954271102e-06	1.53442237759894e-05	5.96556826649564	up	20692
4921539H07Rik	622.35481325742	-1.28681370766465	0.393156427525133	-3.27303235448794	0.00106400297343626	0.00569493579097733	2.97305715837071	down	78256
Kif14	130.9115978635	1.28659970865201	0.47937423396326	2.683915023999	0.00727655984550699	0.0278817572784107	2.13807389448199	up	381293
Enc1	1754.33370843463	1.28659875717983	0.286032538060383	4.4980853084212	6.85681852669272e-06	7.6693610366551e-05	5.16387734446767	up	13803
Bub1b	424.08711603336	1.28623326847607	0.317823120581686	4.04700975222314	5.18760807999741e-05	0.000437554023685027	4.28503284197961	up	12236
Gm4841	1359.06650829639	-1.28594252311701	0.273410767151768	-4.70333533866717	2.55945525054641e-06	3.24896309022116e-05	5.59185245924156	down	225594
Gm14393	70.5474982545543	1.28408747738503	0.392597947518719	3.27074424484556	0.0010726487030582	0.00572858698204184	2.9695424880095	up	664987
Sptbn4	28.1600163503055	1.28384875248253	0.411566294243842	3.11942151346797	0.00181206529786129	0.00885418529660167	2.74182615655441	up	80297
Cdh16	32.3993053226706	-1.28331335562097	0.414495389358231	-3.09608596034792	0.00196093505337871	0.00945173040877099	2.70753679002744	down	12556
Smpdl3b	134.361135471331	1.28316548939827	0.296156364231365	4.33272974811317	1.4727184718494e-05	0.000147466990005227	4.8318802659258	up	100340
Olfr1034	188.198241653795	-1.28232804537353	0.286855988864192	-4.47028507388294	7.81154078137729e-06	8.55132092237508e-05	5.10726329559103	down	NA
Slc6a8	2051.38794419523	1.28208459470249	0.197822310401421	6.48099090593416	9.11221649073323e-11	3.41630417331645e-09	10.0403759707097	up	102857
Gm8883	2913.84259322713	-1.2818102579505	0.146920131304915	-8.72453792795936	2.67269703219324e-18	3.94092436783518e-16	17.5730502685925	down	667931
Pawr	10727.3289676883	-1.28117863312743	0.236438560040165	-5.41865350943513	6.00495664792708e-08	1.19576542785549e-06	7.22149012358731	down	114774
Pole2	289.05970240131	1.2810027313607	0.295089201275489	4.34106949974351	1.4179086185683e-05	0.000142806606473213	4.8483517576793	up	18974
Catsperz	34.1406725626443	1.28073704312397	0.395964895170816	3.23447118354135	0.0012186821792402	0.00639682493127554	2.9141095394996	up	67077
Gm12798	267.848961955739	-1.28067541443319	0.29444268254286	-4.34948969820897	1.36454693574717e-05	0.00013847030633755	4.86501152149249	down	NA
Gm44658	27.3072769206726	-1.28052053500905	0.337981360501093	-3.78873122799005	0.000151418620493744	0.00109719384987983	3.81982071479346	down	NA
Ces1e	5420.99731003953	-1.28042222319983	0.382075595533638	-3.35122744861915	0.000804541922841598	0.00452031430719227	3.09445132088204	down	13897
Clic1	2982.99651143204	1.28030306584486	0.232001395126223	5.51851451215757	3.41877243440076e-08	7.25199605339291e-07	7.4661298064199	up	114584
Spsb4	1749.43759629383	-1.27993582796009	0.345498622495778	-3.70460472089358	0.000211720628168169	0.00145780986058163	3.67423682614135	down	211949
Arhgap11a	584.826249587825	1.27916127466153	0.295324777128774	4.33137133666154	1.48183528669971e-05	0.000148093850293187	4.82920006764748	up	228482
Pvt1	13481.8169973458	1.27880007037709	0.207831799645171	6.15305296186806	7.60054093610831e-10	2.33837507527953e-08	9.11915549756042	up	19296
Gm42928	21.7346688584514	1.27855413746283	0.473191307694178	2.70198145374461	0.00689276070410477	0.0266646519511537	2.1616067986407	up	NA
Ces4a	364.157976783809	-1.27852508900682	0.220390271338698	-5.80118660066428	6.58472730007161e-09	1.64156572752919e-07	8.18146220620356	down	234677
Slc16a7	12694.4769091877	1.27831158740072	0.181624225032688	7.03822184056477	1.94708524601282e-12	1.00179607274643e-10	11.7106150340668	up	20503
Gm7931	16.5312190109181	1.27796608962949	0.465912649532438	2.74293065644812	0.00608935431168617	0.0241200271851261	2.21542875560003	up	100503799
Hnf4aos	1181.23037821062	1.27750940900152	0.249395754950381	5.12241841989527	3.01641613945212e-07	4.97904266786561e-06	6.52050874416805	up	68314
Prepl	13199.9062510386	-1.27729933924715	0.300799093805512	-4.24635368108197	2.17277558988477e-05	0.000206047291429778	4.66298512646711	down	213760
Lysmd2	139.908900243202	1.27677262500829	0.313237540044553	4.07605239406071	4.5806701897121e-05	0.000393638118435032	4.33907097649383	up	70082
Rbm46	153.974380286142	1.27643608648809	0.329344382975777	3.87568804105572	0.000106323832872964	0.000808529222180511	3.97336937588046	up	633285
Gm14553	15.5190196977361	-1.27638271256761	0.445199464437882	-2.86699067389758	0.00414395223918931	0.0175867063966437	2.38258525866245	down	NA
Cyb5b	43499.4394211975	-1.27589924962627	0.188190484230677	-6.779828718982	1.20318440237272e-11	5.35826983760168e-10	10.9196678067453	down	66427
Gm8941	3184.89286031861	-1.27553474170221	0.412656230719905	-3.09103473241386	0.00199460301185496	0.00956634074428336	2.70014352950961	down	668040
Gm21284	51.3710825095367	1.27449855729478	0.40056912106444	3.18171943435886	0.00146403569325804	0.00743923327051184	2.83444833502896	up	100861870
Itga2	856.686355137369	1.27378040766812	0.27015622655805	4.71497704826884	2.41737996999199e-06	3.10775840527379e-05	5.61665508070485	up	16398
Gm45822	25.2437603386477	1.27292246887458	0.402598042888829	3.16177013614067	0.00156813295048256	0.00785756133621413	2.80461711944928	up	NA
Gm10575	15.8020591250166	1.27113900486637	0.520303145635144	2.443073841721	0.0145627572979119	0.0488563536318127	1.83675638835429	up	100126795
Aldh1a1	53905.6325768778	-1.27088047934204	0.227622099189957	-5.58329127033251	2.36008988832268e-08	5.25038580307442e-07	7.62707145581841	down	11668
Gstm3	1364.43575323222	-1.26919093219832	0.44492238904953	-2.8526119688192	0.00433615334745821	0.0182169666866286	2.36289536743432	down	14864
Sash3	387.622358002537	1.2682333244097	0.313658544031794	4.04335653704095	5.26914019327338e-05	0.00044288615972797	4.27826024622602	up	74131
Myo16	93.2663527871458	1.26797843550585	0.302985231606968	4.18495128881619	2.8522725841289e-05	0.0002618589811291	4.54480897246458	up	244281
Ampd3	663.079094916118	1.26783082581173	0.240133524489583	5.27969107398301	1.29401873793872e-07	2.35809804979911e-06	6.88805943485397	up	11717
Pter	22816.8997131602	-1.26759630038609	0.313405308083034	-4.04459103816536	5.24145382891689e-05	0.000440865518229107	4.28054823547745	down	19212
Lpcat4	179.905917622027	1.26751069265213	0.226714864643441	5.59077012725021	2.26064697393187e-08	5.04307796343361e-07	7.64576725244627	up	99010
Slc38a1	1156.19946651109	1.26722761698374	0.222248740467627	5.7018438634001	1.18518364026775e-08	2.81257220696318e-07	7.92621435195277	up	105727
Rragb	45.1372942811317	1.26699591136434	0.382548831949277	3.31198478612094	0.000926365835757734	0.00506818521273609	3.03321747004096	up	245670
Asb15	35.0442408392524	1.26664462379735	0.400319027754173	3.16408797978788	0.00155569760176488	0.00780981511436131	2.80807481778852	up	78910
Tnr	94.5179534996905	1.26502840295592	0.36684944341684	3.44835851779802	0.000564004862634814	0.0033634440414883	3.24871715167913	up	21960
1700112J16Rik	120.837744438295	1.26491642023847	0.276720687655633	4.57109452478887	4.85183350573221e-06	5.67345444079382e-05	5.31409411068725	up	76628
Soat1	2448.72349961969	1.26428641061973	0.233535966080421	5.41366896002801	6.17462751318035e-08	1.2248961650839e-06	7.20938923626257	up	20652
Ajuba	1734.22371275881	1.26363238107909	0.212431538547664	5.94842173491846	2.70740286868088e-09	7.34797038949955e-08	8.56744711525762	up	16475
Ccdc114	189.73960450178	1.26278607926636	0.221483811040399	5.70148252973681	1.18769909724236e-08	2.81577838916812e-07	7.92529357363069	up	NA
B4galt6	2028.19582779668	1.26251426534347	0.28478183457186	4.43326824985704	9.28152668834004e-06	9.90931030363968e-05	5.03238058220909	up	56386
Thsd7a	1449.02851846382	1.26228654326339	0.249970866844178	5.04973463187714	4.42424225673628e-07	6.97893191470298e-06	6.35416110053627	up	330267
Gm31508	36628.8944307312	-1.26138198791163	0.401606594461181	-3.14083983009286	0.00168464137016611	0.00833962774012502	2.7734925384336	down	102633758
Prss27	19.7812090563735	1.26014248120422	0.437273600150951	2.88181696944248	0.00395389332375906	0.0169582074217563	2.40297505215127	up	213171
Sh3kbp1	3514.42544625017	1.26010254994024	0.196264697357087	6.4204238811608	1.3589540919812e-10	4.89750042508039e-09	9.86679521430209	up	58194
4930516B21Rik	172.831993890865	-1.25988161605039	0.235454102000025	-5.35085864017038	8.75378832177177e-08	1.64863013393368e-06	7.05780395941333	down	NA
Rbm3	5393.85098352454	1.25975528260812	0.149469276983425	8.42818877586343	3.51056411056601e-17	4.37590006812924e-15	16.4546230913914	up	19652
Zcwpw2	981.911160712458	-1.25948469889001	0.178766527854991	-7.04541680146998	1.84907169015842e-12	9.57478621229355e-11	11.73304625053	down	100039681
Gm12715	101.54272997645	1.25945775608556	0.207571370988146	6.06758894586426	1.2984471142912e-09	3.79215556978138e-08	8.8865757344746	up	100039940
Gm4258	267.071360643073	1.25924431768254	0.282140338158699	4.46318426461316	8.0750553029932e-06	8.78807323748792e-05	5.09285449466837	up	100043143
Gm26861	81.2231360773824	-1.25911193665392	0.290763280810144	-4.33036775876824	1.4886052173669e-05	0.000148613326580797	4.82722046319603	down	108168064
Peg12	41.6734078880286	1.25860162463405	0.457778123933409	2.74937040201846	0.00597098696499994	0.0237320581641912	2.22395387690644	up	27412
Ehd4	3271.58246002819	1.25849914854709	0.199693720234532	6.30214684302058	2.93550847179121e-10	9.85923137011876e-09	9.53231666192339	up	98878
Gm11962	91.0425658773596	-1.25819221331016	0.251717773731518	-4.99842420604014	5.78007176208114e-07	8.8296712160863e-06	6.2380667695929	down	382478
Lair1	2675.90498660457	1.25773501090747	0.328174823098606	3.83251523999316	0.000126839739000227	0.000943475413258532	3.89674466029741	up	52855
Cblif	25.2645643059178	1.25762787517562	0.460831586951356	2.72904008923409	0.0063518981518404	0.0249839949752447	2.19709647412761	up	14603
Tmprss11f	981.993165890558	1.25699073693006	0.377525454190232	3.32955228045807	0.000869857321544259	0.00482451767234048	3.06055197674644	up	243083
Ifi27l2b	1485.8862788334	1.25641892799794	0.250241105926557	5.02083350113822	5.14477410846311e-07	7.95466288304699e-06	6.2886336890457	up	217845
Fer1l5	294.62050624979	-1.25641641783058	0.143468628949955	-8.75742959994998	1.99753155719808e-18	3.07670752332254e-16	17.6995063509333	down	100534273
Racgap1	364.489733618255	1.25563382962044	0.412494400819609	3.04400211766644	0.00233453497116594	0.010902611949157	2.63179961598435	up	26934
Gm26048	117.739333134871	-1.25495761581949	0.315003489709581	-3.98394829522841	6.77796259029402e-05	0.000547078409073732	4.16890083249978	down	115487652
Clec7a	848.955473628129	1.25464841316728	0.231014135439309	5.43104607335552	5.6024666368821e-08	1.12993201178551e-06	7.2516207210421	up	56644
Inpp5d	5783.01809814954	1.25448613609491	0.223724647162341	5.60727730273108	2.05534215056111e-08	4.63208610297007e-07	7.68711587124201	up	16331
L1cam	131.484541887672	1.25383447193604	0.329431983040297	3.80604961414042	0.000141204068755714	0.00103284839402621	3.85015278902999	up	16728
Mmp28	171.250271724751	1.25375740579953	0.296533539225692	4.22804586986463	2.35729740795242e-05	0.000221117788669921	4.62758562134314	up	118453
Gm4240	267.161364096791	-1.25351999745729	0.205512108112168	-6.0994946184539	1.06404342197761e-09	3.17662938645216e-08	8.97304064878864	down	100043115
Srgn	1518.16304557849	1.25341673451237	0.409708326780542	3.05929035995346	0.00221862004238081	0.0104378735145628	2.65391706803683	up	19073
Ms4a4c	300.32867727566	1.25321358940205	0.267058723164102	4.69265176794836	2.69686327958347e-06	3.40153288864314e-05	5.56914107002005	up	64380
Slc3a1	21764.5404329586	-1.25321164336718	0.342715594255264	-3.6567102996596	0.000255472828926744	0.0017160677636407	3.59265528290568	down	20532
Bnipl	82.0743832773699	1.2526096643124	0.351616251367915	3.56243393028419	0.000367432397405893	0.00234315670729676	3.43482255354383	up	171388
Gm8091	32.7454189345748	1.25227299312435	0.479401515408895	2.61215902093311	0.00899723933312984	0.0332119129222632	2.04589072681711	up	666417
Nat14	94.8061020353645	-1.2517872393463	0.223900035407157	-5.59083091286677	2.25985564212321e-08	5.04307796343361e-07	7.64591930237104	down	269854
Gm47795	16.5234013456302	1.25141428924792	0.479156085374125	2.61170488583238	0.00900919863249526	0.0332408363336894	2.04531383776272	up	NA
Rgs19	560.999221801442	1.25107225454965	0.247650118789186	5.05177328670954	4.37727076031682e-07	6.91385770907782e-06	6.35879658885076	up	56470
Sult6b1	116.967119490655	1.25102653355077	0.303254680313637	4.12533297839596	3.70198760535953e-05	0.000327437689366511	4.43156503964389	up	73671
Gm40909	70.82035773757	1.25037799533784	0.452829490385951	2.76125566440501	0.00575795825492122	0.0230451748627118	2.23973148807257	up	105245459
Cdk14	8493.94596934029	1.25034326639624	0.215318584969222	5.80694539941813	6.36228728088081e-09	1.58938875027128e-07	8.19638672477841	up	18647
Sacs	1656.91242707292	1.24962456390036	0.245477288116879	5.09059136788809	3.56948522173908e-07	5.78146628480204e-06	6.44739441175286	up	50720
Mst1r	109.333754485034	1.24847815131099	0.370917081374455	3.36592250398574	0.000762881376420053	0.00431835146174853	3.11754298704031	up	19882
Osgin1	35506.2337953462	-1.24789773041157	0.270893731418206	-4.60659508021269	4.09315947934022e-06	4.90732684826004e-05	5.38794133386728	down	71839
Gli3	1516.28357013841	1.24783486107663	0.217577333471694	5.73513261315413	9.74360785435299e-09	2.34681200332634e-07	8.01128020317155	up	14634
Vmn2r22	15.8474265910617	-1.24774385278595	0.452623024914524	-2.7566954929471	0.00583886981899928	0.0233111358697442	2.233671207489	down	546913
Relt	330.458347331164	1.24751900015099	0.27303920736049	4.56901048098894	4.90032279846952e-06	5.72185446222067e-05	5.30977531079258	up	320100
Zfp36l1-ps	39.4066403827099	-1.2474658686163	0.345957369531781	-3.60583695703497	0.000311148457901338	0.00203576623619323	3.5070323471031	down	100417737
Ugt3a1	3615.43894094134	-1.24736275486427	0.214091402887268	-5.82630940823475	5.66665141531333e-09	1.42593131243507e-07	8.24667350220977	down	223337
Ddhd1	10832.8077949497	-1.24723326172149	0.172799970069505	-7.21778632959148	5.28406540436183e-13	3.04962457298992e-11	12.2770318154751	down	114874
9630014M24Rik	242.398288076566	1.24718556762879	0.287076475674713	4.34443666865264	1.39633518394686e-05	0.000141208567749021	4.85501031877187	up	381155
Adamtsl4	1172.10226889382	1.24698778655054	0.239075431719622	5.21587591657248	1.82950620587783e-07	3.18281432162141e-06	6.73766611300223	up	229595
Neurl1b	662.690103365559	1.24680908834222	0.251805761561178	4.95147164469985	7.36543529703683e-07	1.09136615412344e-05	6.13280158127014	up	240055
Tmem158	48.8348308537835	1.24675138375982	0.393950614453067	3.16474029489893	0.00155221430867967	0.00779718454767177	2.80904831745181	up	72309
Ap1s3	827.645487641013	1.2456244622251	0.274892695144618	4.53131161440938	5.8618596629483e-06	6.67379898161091e-05	5.23196458308911	up	252903
Rasl10b	116.387794192656	1.24550103737396	0.465094959373292	2.67794998047765	0.00740742794088704	0.0283248612375918	2.13033256462379	up	276952
Rnft2	227.796263881829	1.24477211087521	0.284859776027523	4.36977143011916	1.24376654373322e-05	0.000127823045306233	4.90526112951917	up	269695
Mfap2	43.0863909313476	1.24475667920428	0.410474682346343	3.0324810097642	0.00242552358454425	0.0112493309016972	2.61519449816114	up	17150
Nlrp1a	178.80713425559	1.24383542089223	0.297775139392271	4.17709625938141	2.95254098526578e-05	0.000269835019295907	4.52980406507728	up	195046
Wdr31	51.6336332777157	1.2436609011283	0.37742700501825	3.2951031181994	0.000983855697371754	0.00532488775153173	3.00706859509595	up	71354
Lifr	43105.6975582049	-1.24329848669626	0.162715418703383	-7.64093837328776	2.15644266572521e-14	1.62452014151299e-12	13.66626208414	down	16880
Gm48228	1544.5456189312	1.24293130439708	0.326001053473219	3.81266039221307	0.000137478956014808	0.00101110587419407	3.86176377445982	up	NA
Crtam	17.9024903772893	1.24289438680603	0.463169319297639	2.68345577960731	0.00728656107011265	0.0279156558614487	2.13747739083878	up	54698
Gjb2	37717.0469727176	-1.24275140821342	0.17673898287703	-7.03156365383234	2.04231653291606e-12	1.04412893021091e-10	11.6898769469478	down	14619
Gm46329	337.325217581993	1.24211784469766	0.387762676490924	3.20329397336087	0.00135865214540949	0.00701728453231362	2.86689172109447	up	108167972
Pdk3	299.065704971217	1.24196803715306	0.230223875901248	5.39461006071234	6.86725232244145e-08	1.34355902638575e-06	7.1632169950944	up	236900
Zfp449	149.474197741271	1.241613670576	0.293538151718296	4.22982042813828	2.33877928131985e-05	0.000219636351770395	4.63101076212752	up	78619
Lamc2	266.017558231499	1.24133654459928	0.371020693854561	3.34573398508571	0.000820650858839302	0.00459055726774277	3.08584157166252	up	16782
Foxm1	249.187664163036	1.24126464996373	0.391293019991751	3.17221260422661	0.00151282211966236	0.00763260264921243	2.82021213409885	up	14235
2700069I18Rik	92.5692820289659	1.24088296532276	0.295398755369476	4.20070478553877	2.66085364430007e-05	0.000245966218755598	4.57497901241625	up	72608
Scube1	186.603085818399	1.24053768816636	0.231163573953504	5.36649294242128	8.02823404113207e-08	1.53590787644506e-06	7.09537997533619	up	64706
Ltbp2	1018.06149990959	1.24052043859545	0.344841739323437	3.59736162167982	0.000321461416885409	0.00209417564200511	3.49287114541257	up	16997
Bpifb9b	51.8279338966196	1.24033584948779	0.332581567724731	3.72941849415535	0.0001919221728149	0.00134251142117729	3.71687484821978	up	433492
Plxna3	241.499945203317	1.24030997427342	0.209758524828853	5.91303726647303	3.35856152011636e-09	8.97562676377556e-08	8.47384669214648	up	18846
Slamf9	157.883252424176	1.2400642238641	0.354442322420471	3.49863474371726	0.000467646730623488	0.00286948318699243	3.33008209751473	up	98365
Gm6980	31.6298459571135	1.23994469772917	0.413987669848672	2.99512470548317	0.00274332658414989	0.0124603913331917	2.5617224879655	up	629554
F630028O10Rik	781.486489673777	1.23954974063919	0.227799064915545	5.44141715901575	5.2858372489438e-08	1.07143433657971e-06	7.27688621293601	up	NA
Mdm1	278.698264796407	1.23953293421256	0.231216960228029	5.36090835633387	8.28045195891797e-08	1.57543579284464e-06	7.08194595815385	up	17245
Gm30373	19.369526539779	1.23945740661299	0.500553539423997	2.47617349392689	0.0132799028629455	0.0454350043904567	1.87680510164278	up	102632241
Rasgrp4	335.837759092703	1.23788916963066	0.390496582032499	3.17003842437636	0.00152418780444777	0.00767553300440565	2.81696151763537	up	233046
Ttll8	351.604788173398	-1.2377563431323	0.382005768402076	-3.24015092313871	0.00119466448960169	0.00628303103252461	2.92275404515382	down	239591
Prss23	465.744457617804	1.23769289514121	0.268746194234519	4.60543412965002	4.11606262326185e-06	4.93234025548652e-05	5.3855180263464	up	76453
Gm49144	134.215388747393	1.23716140836077	0.288466786806662	4.28874818503783	1.79682945803333e-05	0.000174571835894584	4.74549314100445	up	NA
Slc8a1	13651.0209358368	1.23703923582206	0.272878221721423	4.53330144127416	5.80688519653503e-06	6.63620500106853e-05	5.23605675998427	up	20541
C8b	35127.7661416962	-1.23662859665927	0.203891237863278	-6.06513850040239	1.31839990183311e-09	3.84578364609508e-08	8.87995283798414	down	110382
Fsip1	38.5808898332702	1.23612762939758	0.341702222806797	3.6175580575503	0.000297395634941761	0.00195796930143252	3.52666541017391	up	71313
Coro2a	951.545034100689	1.23598784175944	0.160978906099987	7.67794906614503	1.61655736790782e-14	1.26101904099184e-12	13.7914088786653	up	107684
Enpp3	16502.8478900368	-1.23556526353014	0.168038936424967	-7.35285101070521	1.9402316842137e-13	1.2155099115973e-11	12.7121464076121	down	209558
Fgg	491546.048427358	-1.23549942320082	0.117676148245037	-10.4991490767368	8.71622738889914e-26	3.39960985029611e-23	25.0596714484056	down	99571
Prap1	47.8881627617594	-1.23472578145321	0.41887351002136	-2.94772945033036	0.00320117090420752	0.0141959865772137	2.49469113911019	down	22264
Tmem119	243.421029400606	1.2344350189879	0.387403519938927	3.18643211910544	0.00144039284045056	0.0073499851588469	2.84151904597927	up	231633
Arntl	11787.2668121624	-1.23425021125389	0.287075318843334	-4.29939507243904	1.71264936332091e-05	0.000168013334295442	4.76633154255824	down	NA
Adgrf4	42.2160044900519	1.23372108443847	0.3279092278413	3.76238598883092	0.000168300036755333	0.00119983239646741	3.77391578917785	up	78249
Tcf19	413.629159506804	1.23295329076937	0.320346247279443	3.84881452878031	0.000118690828564332	0.000888326096051585	3.9255828383983	up	106795
Mest	855.911341404644	1.23288218913754	0.300561005302964	4.10193660316914	4.09706541540583e-05	0.000357588856918036	4.3875271018699	up	17294
Septin6	391.463885551224	1.23240814738766	0.161404274985944	7.63553597012834	2.24882908774636e-14	1.68189561463455e-12	13.6480435499308	up	56526
Gmnn	530.558809012361	1.23119663289125	0.257764497424518	4.77643991004537	1.78425837804825e-06	2.381285000156e-05	5.74854225532116	up	57441
Dnajb13	191.119319880567	1.2300215443505	0.271860440972687	4.52445946144138	6.05500569380582e-06	6.86783056696118e-05	5.21788544413327	up	69387
Pdlim2	272.989935880336	1.2296731108099	0.253515588951766	4.85048322233099	1.23161052042659e-06	1.72453998870619e-05	5.90952661000617	up	213019
Hpx	913999.87434143	-1.22894784058749	0.221898212964155	-5.53834041370135	3.05351308259926e-08	6.58698067470252e-07	7.51520021495467	down	15458
Nedd4l	89333.4643336213	-1.22785555221433	0.238068649477273	-5.1575692763845	2.50176300780463e-07	4.22764731339844e-06	6.60175383344259	down	83814
Snorc	167.385200052696	1.22776163210775	0.182597044118043	6.72388558116005	1.76941396445967e-11	7.62708885714148e-10	10.7521705495389	up	73234
Trib3	549.030605046927	1.22737339620123	0.31662092792295	3.87647589896494	0.000105980302226721	0.000806931885531033	3.97477484633131	up	228775
Rap1gap	898.071488460341	1.22729153259432	0.219178413648755	5.59950914947821	2.14959588585111e-08	4.82651139383951e-07	7.66764317777784	up	110351
Atf3	1903.5642747672	1.22664833536381	0.473859043723098	2.58863548477638	0.00963570333474551	0.0351448835657339	2.01611657958137	up	11910
Prss30	32.3181987205659	1.22658558911915	0.344306493055337	3.56248172445012	0.000367365489668137	0.00234315670729676	3.43490164375869	up	30943
Chil5	108.813854016932	1.22612403211386	0.369716337537578	3.31639126439533	0.000911880646984083	0.00500478842609376	3.04006200130785	up	229687
Gm10616	95.607642035888	-1.22488683951626	0.306118095997289	-4.00135390730741	6.29810758442654e-05	0.000515051868808261	4.20078992500724	down	100038478
Heatr6	5987.28739755699	-1.22404487250835	0.247976101016434	-4.93614048890635	7.96837170281463e-07	1.17137486028853e-05	6.09863041545834	down	217026
Atp13a5	47.2510043165104	1.22390170067196	0.322329751522619	3.79704850356041	0.000146429146519495	0.00106751571333567	3.83437246895588	up	268878
Xbp1	25497.7115882802	-1.22345497688731	0.122653448767962	-9.97489258701447	1.96313749634592e-23	5.86081369588113e-21	22.7070492817484	down	22433
Gm37356	78.9625672642938	-1.22335114475782	0.280097315174233	-4.36759325592549	1.2562316342728e-05	0.000128939700254605	4.90093027444322	down	NA
Gm36287	806.37812086982	-1.22312787001435	0.224331211888293	-5.45233032763812	4.97139983553486e-08	1.01023857834373e-06	7.30352130638759	down	102640152
Gm16332	23091.422096006	-1.22299446681444	0.133856821105927	-9.13658681500158	6.44544830573606e-20	1.21768617913523e-17	19.1907468704074	down	100417200
Gm4117	174.519776420144	1.22290872335219	0.327184590507019	3.7376721240359	0.000185731935310411	0.00130357971361321	3.7311134159336	up	100042940
Aurkb	198.111609099277	1.22252513555994	0.428377519728338	2.85384988534232	0.00431929356981877	0.0181723653256962	2.3645872772168	up	20877
Tnnt1	80.4390265853055	1.22248587613345	0.358706300109262	3.40804127432687	0.000654309968527906	0.00381373205682551	3.18421646309812	up	21955
Ier5l	158.954904874614	1.22221407970105	0.338829820290288	3.60716208111178	0.000309564302315095	0.00202759587177238	3.50924912615912	up	72500
Ikbke	10120.748941172	-1.22211193889759	0.397352151393213	-3.07563941610124	0.00210051701848269	0.00998519806191242	2.67767379543845	down	56489
Elmo1	11713.5265951163	1.22178922618285	0.196924164772583	6.20436413983944	5.49184927092357e-10	1.73147195657723e-08	9.26028139090077	up	140580
C230035I16Rik	62.8109009370372	1.2214270954556	0.270813892906315	4.5102084030753	6.47639691372162e-06	7.28428977523796e-05	5.18866654284689	up	320842
Itga10	298.369448352763	-1.22142654262335	0.257898502147531	-4.73607458923755	2.17897420324455e-06	2.83442464673802e-05	5.66174791131173	down	213119
Cd300c2	665.502246526867	1.22106460223035	0.296960012856022	4.11188223790376	3.92446473063111e-05	0.00034471996409779	4.40621956959027	up	140497
Elf4	2070.3898369836	1.22093563012439	0.204729540567518	5.96365149230498	2.4666254825415e-09	6.78588594070746e-08	8.60789678614583	up	56501
Nat8f2	90631.8894395136	-1.22079947541457	0.167483888003846	-7.28905621886763	3.12133794997655e-13	1.88700485765832e-11	12.5056592073474	down	93673
Fam241b	101.288930456779	1.22018525292945	0.256262099738906	4.76147371840253	1.92184329934572e-06	2.53956364288406e-05	5.71628202613878	up	69894
Rab31	5477.56059093853	1.21951125272868	0.244483824609254	4.98810608300061	6.09740864329172e-07	9.26760124525961e-06	6.21485469794519	up	106572
Tmem45a	267.049146241693	1.21945946956894	0.307114011960937	3.97070606379251	7.16599455237921e-05	0.000573991653745061	4.14472352632237	up	56277
St6galnac4	475.307282497615	1.2192580478709	0.227027811218532	5.3705228506003	7.85086841421758e-08	1.50913910963919e-06	7.10508230164416	up	20448
Cip2a	313.933494824321	1.21873464158508	0.270021501254414	4.5134725787514	6.37746985984553e-06	7.18639217850814e-05	5.19535158520484	up	224171
Tspan17	472.596086718578	1.21856542229626	0.190620583261963	6.39262246208547	1.6306453350508e-10	5.77339172652979e-09	9.78764048762912	up	74257
Gm44957	55.7209459189565	-1.21849848740251	0.277731709626477	-4.38732217160682	1.14754748268523e-05	0.00011914982063673	4.94022933538413	down	NA
Anks6	318.245544697552	1.21843498298321	0.232764944200149	5.23461549233765	1.65328669534589e-07	2.92892152870728e-06	6.78165182918084	up	75691
Cd302	34300.7350554252	-1.21826442553109	0.144438143180471	-8.4345062786421	3.32603906269319e-17	4.18907690698161e-15	16.4780726545114	down	66205
Abr	6712.89931441042	1.21824764513161	0.131280715311334	9.27971516793249	1.69932224655173e-20	3.63726092278219e-18	19.7697242570174	up	109934
Tnxb	4063.22950823104	-1.21788645584327	0.267614773637139	-4.55089395585691	5.34184674603756e-06	6.18661580520499e-05	5.27230857575024	down	81877
Plppr3	48.6944051461068	1.21732406107666	0.291428207889952	4.17709757710325	2.95252388713497e-05	0.000269835019295907	4.5298065800789	up	216152
Pgbd1	145.935605413455	1.21724314020981	0.220144261087755	5.5292976259989	3.21515465188481e-08	6.86827471659703e-07	7.49279813227481	up	319207
Peg3	3963.19008470348	1.21526684500737	0.310713292326694	3.91121614369043	9.18325418942603e-05	0.000712903540316855	4.03700339438961	up	18616
Cyp2c39	168.199849617877	-1.21434527237729	0.338420948679046	-3.58826862556005	0.000332881222185205	0.00215926333553718	3.4777107026846	down	13098
Nptxr	74.5081655599126	1.2142834470883	0.35320267229403	3.43792259328504	0.000586195242960018	0.00347776579128046	3.23195771023159	up	73340
Map4k1	255.718630439509	1.21391884014728	0.222597647183498	5.45342170282057	4.9409706884445e-08	1.00489952218642e-06	7.30618772248876	up	26411
Chmp4c	1720.87274938933	1.21357822647461	0.202253668028557	6.00027795937554	1.96980040793587e-09	5.50042880654795e-08	8.70557777694678	up	66371
Bcl2l11	2496.46718570224	1.21348699283281	0.296790111702994	4.08870425591259	4.33789482624439e-05	0.000376079515195068	4.36272098181362	up	12125
1700040D17Rik	21.7089092322893	-1.21341036671918	0.404985259690194	-2.99618402814813	0.00273381394391715	0.0124241850764526	2.56323104568614	down	76602
9130230L23Rik	360.140132414759	-1.2130705043817	0.271502615962292	-4.46798827363853	7.89586330618898e-06	8.62021519053101e-05	5.10260037881381	down	231253
Oas1h	87.7436512108325	-1.21262739846487	0.35653741562174	-3.40112242175273	0.000671097664144665	0.00389452452948075	3.17321427280768	down	246729
Pid1	191285.789272596	-1.21252475120545	0.170292522142239	-7.12024659657502	1.07734134756786e-12	5.89796934791653e-11	11.9676466719319	down	98496
Sh3bgrl3	1052.41870490903	1.21224778306076	0.233181856451048	5.19872258292637	2.00662740685589e-07	3.46107446166827e-06	6.69753326038176	up	73723
Fga	1010455.83480988	-1.21192468682568	0.139981004782576	-8.65777959451062	4.81042521632715e-18	6.8026726655686e-16	17.3178165325779	down	14161
Selenom	228.003091022506	1.21189787660823	0.29886982577934	4.05493553405086	5.0148131116167e-05	0.000424906134075386	4.29974524731076	up	114679
Gm50237	22072.6234087307	-1.21155976206697	0.154821991396191	-7.82550173357854	5.05636225072881e-15	4.33592028181291e-13	14.2961618196432	down	NA
Arrdc1	601.960984761512	1.21146917058012	0.159843214062368	7.57910917699282	3.47935633846206e-14	2.48928387504998e-12	13.4585010906825	up	215705
Gm10521	143.029266377918	1.21143920337277	0.221979566742629	5.45743566018107	4.83060102837287e-08	9.86601301250952e-07	7.31599883051832	up	100038548
Gm21974	384.118437030464	-1.21127406857901	0.268623000761162	-4.50919714673273	6.50734168152638e-06	7.31569207543798e-05	5.18659638913127	down	NA
Nin	3010.12616596644	1.21016623355274	0.166068798034987	7.28713790833719	3.16608780968102e-13	1.90453570680862e-11	12.4994770443912	up	18080
Ncapg	259.459344145261	1.21014942050262	0.359284766817428	3.36821800496086	0.00075655747547342	0.00429058932267782	3.12115807314935	up	54392
Pdgfrl	707.245658572022	-1.20999300675215	0.400808850857921	-3.01887796180697	0.00253712709506362	0.0116996200253296	2.59565777664809	down	68797
A530064D06Rik	91.4439341958913	1.20963574519634	0.323641742257401	3.73757642249463	0.000185802623657034	0.00130357971361321	3.73094815777119	up	328830
Abca13	93.5326308765074	1.20957629224635	0.461757424331167	2.61950588882975	0.00880572523292461	0.0326039579277709	2.05523487005596	up	268379
Car10	40.4182991373353	-1.20918058391179	0.401169127761683	-3.01414166802513	0.00257707437935469	0.0118499358512179	2.58887304668885	down	72605
Serpina3i	207.381028713419	-1.20896329287053	0.41964025811015	-2.88095164728737	0.00396476458778592	0.0169950431437334	2.40178259428856	down	628900
Abcb11	69938.9608533566	-1.20853051207956	0.358719076829672	-3.36901656516416	0.000754368949871448	0.00428251127936151	3.12241619563792	down	27413
Acvr2b	1366.61067788337	-1.20834488662846	0.157181320273335	-7.68758580553451	1.49937287682769e-14	1.18489656560285e-12	13.8240903496661	down	11481
Abhd2	57476.1680901535	1.20817780494457	0.219234677526355	5.51088823436397	3.57027384487266e-08	7.54688480041177e-07	7.44729847163124	up	54608
Sspo	272.463987713449	-1.20817609749983	0.372662638051629	-3.24201026380446	0.00118689747761385	0.00624897774954456	2.92558679311745	down	243369
Paox	4912.85751249844	-1.20813563783674	0.245280487378037	-4.92552689678373	8.41333363008573e-07	1.22714683283695e-05	6.07503188882927	down	212503
Adcy10	213.908335942706	1.20734707506983	0.28177296728909	4.28482223360743	1.82885360723662e-05	0.000177042986109672	4.73782105675094	up	271639
4930452B06Rik	381.60376880026	1.20697959877629	0.371569548385087	3.24832754466036	0.00116085554484413	0.00613591448861656	2.93522181986548	up	NA
Cnn2	1483.47406345008	1.20656890801133	0.199492705268207	6.04818560352452	1.4648614419267e-09	4.21204273349244e-08	8.83420345234228	up	12798
Ttc16	131.487862330236	1.20647907002538	0.266631298995283	4.52489664406099	6.04250280974556e-06	6.85686545965589e-05	5.21878313897464	up	338348
Gm18635	209.836577139362	-1.20601967458346	0.344899078032968	-3.49673209178071	0.000470994584961441	0.00288782734623163	3.3269840859388	down	100417478
Slc2a1	2276.05165750802	1.20559189282035	0.161318786074488	7.47335088588925	7.81780186907008e-14	5.2513912443848e-12	13.1069153403325	up	20525
Gm34084	67.2722683220574	1.20544142333081	0.416444429265063	2.89460330987776	0.00379637961717341	0.0164111640869659	2.4206303670033	up	102637213
Chrna7	41.7788269674882	-1.20537148886877	0.430939703219131	-2.79707689930775	0.00515672581067302	0.0210144832412698	2.28762595994047	down	11441
Fen1	60.4912434980411	1.2047881139965	0.341456482567119	3.52837967795699	0.000418111979027835	0.0026092345488648	3.37870738961017	up	14156
Arhgap10	5626.47304459016	1.20396596616449	0.154051670644529	7.81533858819756	5.48154801594888e-15	4.6347830112474e-13	14.2610967773102	up	78514
Bub1	171.355191510362	1.20385655902775	0.466441404860964	2.58093845546707	0.00985321458187795	0.0357924643261188	2.00642205910505	up	12235
Zfp300	39.8695568078254	1.20353766595981	0.46081395240327	2.61176481242165	0.00900761969920199	0.0332400823387918	2.04538995797503	up	245368
Gm12592	65.6082941370156	1.20309544340199	0.245420485687302	4.90218019100038	9.47788364703772e-07	1.36101058404196e-05	6.02328862711579	up	791413
Prr16	78998.4019820438	-1.20297342751223	0.157596707065068	-7.63323961468026	2.28926819554367e-14	1.69813139584776e-12	13.6403033252714	down	71373
Ptk7	497.902365161422	1.20276091210047	0.268371951976807	4.48169379564826	7.40529438955273e-06	8.1657468731493e-05	5.13045767188728	up	71461
Gcsam	22.4851671378306	-1.2018165859901	0.380123731117344	-3.16164576849085	0.00156880276942526	0.00785766126144194	2.80443165267464	down	14525
Cd4	147.889155797653	-1.20160253575116	0.336463179959053	-3.5712749784312	0.000355247683677566	0.00227977772792037	3.44946874512275	down	12504
Klhl23	269.630669187387	1.20156424337598	0.166209521895472	7.22921424520815	4.8579653315873e-13	2.83756805914116e-11	12.3135455888216	up	277396
Sh2d1b1	51.2390225983005	1.2002428702179	0.490205808371164	2.44844685583392	0.014347359376377	0.0482945217761063	1.84322802323637	up	26904
Smc2	1161.35888785667	1.20014814234516	0.253629001161275	4.73190422566079	2.22423358981011e-06	2.88244462319336e-05	5.65281960493243	up	14211
Ncaph	447.812725203661	1.20005083510005	0.294802926978008	4.07068833203808	4.68744278299926e-05	0.000401814042461851	4.32906402042249	up	215387
Map3k1	15914.9792442031	-1.19948242757757	0.111818209884291	-10.7270759281408	7.59619143909358e-27	3.46586983736153e-24	26.1194040987146	down	26401
Snhg18	270.575926248505	1.19933670842213	0.276946468243824	4.33057231611358	1.48722292695078e-05	0.000148550288391259	4.82762392812355	up	100616095
Pmepa1	2364.50165568626	1.19871767170599	0.227140171840561	5.27743578774529	1.31004086878117e-07	2.38549761211342e-06	6.88271515563486	up	65112
Itih4	635049.667857293	-1.19869132982952	0.222278299985264	-5.39275012409662	6.93874130733721e-08	1.35316647011313e-06	7.15871930373183	down	16427
Fgd3	1253.43724368442	1.19837758790187	0.235170183897504	5.09578879448497	3.47292147421364e-07	5.64017374677194e-06	6.45930503635559	up	30938
Gm48633	16208.7783198504	-1.19836782596416	0.363348600972265	-3.29812148101716	0.000973340138935908	0.0052821614092792	3.0117353666699	down	NA
Slc25a43	167.71028035581	1.1981304279917	0.204126404166017	5.86955143253908	4.3697578316784e-09	1.13379274555415e-07	8.35954263059937	up	194744
Pnpla1	88.7050652196815	1.19801801001116	0.26333977332306	4.54932422434135	5.38184674618887e-06	6.2299577796237e-05	5.26906867339355	up	433091
Gm5535	407.836098678622	-1.19784643448615	0.378361235600145	-3.16588043853425	0.00154614330582484	0.00776830197827889	2.8107502555376	down	433481
Slc10a2	6979.47605330627	-1.19763738961521	0.274581945525257	-4.36167566415998	1.290701070793e-05	0.000131750668188756	4.88917432964497	down	20494
Csrp1	3069.9445841399	1.19751720980418	0.272633058730273	4.39241380110447	1.12099080323786e-05	0.000116693067601799	4.95039795040184	up	13007
Srcin1	181.046436359735	-1.19724158249929	0.366784958714015	-3.26415125281293	0.00109792536020192	0.00584802446264379	2.95942718334154	down	56013
Gm9949	44.3822984505671	1.19712131097977	0.321508641617931	3.72344987355701	0.00019651889295376	0.00136912125307053	3.70659569103339	up	225609
C730036E19Rik	5934.01273533287	-1.19683056234276	0.403981627134283	-2.96258661769521	0.00305065963745161	0.0136234628537128	2.51560624395455	down	402734
Glipr2	591.523864310518	1.19675024748259	0.39926457534741	2.99738649851736	0.00272305237309131	0.0123845876407926	2.56494400569425	up	384009
Tlr4	1859.73951671224	1.19653480682778	0.235424908615768	5.08244779137034	3.72601742627503e-07	6.00683689347886e-06	6.42875511827569	up	21898
Gm39822	25.3573423667682	1.19619489650858	0.427300410860316	2.79942369842376	0.00511939139970003	0.0208799330118985	2.29078166548163	up	105244162
Cul9	2313.27065487018	1.19597587026702	0.123511186569471	9.68313804996381	3.55629293878574e-22	9.05245008902283e-20	21.4490024725448	up	78309
Pdlim7	2845.35851739789	1.1948320957431	0.266674241513023	4.48049308761137	7.4470791858621e-06	8.20507865907763e-05	5.1280140282165	up	67399
Olfml2b	191.068100500081	1.19392375140054	0.374903320610923	3.18461770211847	0.00144945352704173	0.00738107479393678	2.83879570460901	up	320078
Metrnl	1161.21634161708	1.19387411218166	0.236736276486263	5.04305520852836	4.58156990973042e-07	7.18958621395854e-06	6.33898568219108	up	210029
Sorl1	2584.09304196528	1.19327291060585	0.314522509890604	3.79391895041436	0.000148288095503462	0.00107814273164905	3.82889371252304	up	20660
St3gal2	1625.70541427802	1.19315509181173	0.17609945786817	6.77546147078398	1.24009788890003e-11	5.49080049820313e-10	10.9065440318287	up	20444
Rap1gap2	1755.1201493563	1.19265104631735	0.200272227696363	5.95514944850742	2.59834279220603e-09	7.09978818091822e-08	8.58530355420876	up	380711
Evl	2045.16490080113	1.19204209796331	0.186327367306797	6.39756851177186	1.57870652396238e-10	5.60591500182941e-09	9.8016985963183	up	14026
Fbxo2	50.0733787792489	1.19169399090674	0.38867508298616	3.06604164525046	0.00216913100289896	0.0102429068369659	2.66371421833248	up	230904
Dcaf4	524.597139245271	1.19075938328753	0.169879041869538	7.00945431633643	2.39249392950089e-12	1.19783205389629e-10	11.6211491554895	up	73828
Ccdc14	518.23313434282	1.19070493713322	0.180641751818976	6.59152673810675	4.35326400985681e-11	1.71450537925663e-09	10.3611849936404	up	239839
Sipa1l2	4136.47428473331	1.19055212949588	0.136861499038203	8.69895579006888	3.34951976012906e-18	4.85018484068508e-16	17.4750174557921	up	244668
Gm42577	34.5614332949289	1.19042584160262	0.351735965284141	3.38443025193902	0.0007132613804739	0.00408335385952174	3.14675129021055	up	NA
Rab25	39.7882095722688	1.19019638980266	0.314367828262134	3.78599933836174	0.000153092081135914	0.00110641742559135	3.81504727310266	up	53868
Rapgef4	53339.6995793256	-1.18999192783586	0.269309639368181	-4.41867558334586	9.93075830867711e-06	0.000105280840605186	5.0030175876879	down	56508
Zranb3	2148.88293111906	1.18980764857237	0.131682008370988	9.03546098127787	1.63312629184522e-19	2.84116978341014e-17	18.7869802293903	up	226409
C1rb	159.101623013193	-1.1894094363321	0.196642974463046	-6.04857325607439	1.46134171991299e-09	4.2069244608257e-08	8.83524821683814	down	667277
Mxd3	111.819459270474	1.18847624829969	0.316895201732489	3.75037628150318	0.000176569407065223	0.00124775026348662	3.75308454137967	up	17121
Gm12247	107.144461508906	-1.18845947241691	0.219563649290117	-5.41282437352169	6.2038331689666e-08	1.22968109583566e-06	7.20733988957723	down	667947
Nuggc	28.1049250038612	1.18820732717809	0.477977558948147	2.485906095242	0.0129222058650436	0.0444628318481053	1.8886633444489	up	100503545
Gpx7	140.718163467917	1.18820637651474	0.33407416163611	3.5567143854992	0.000375522043307625	0.00238781857777149	3.42536456463616	up	67305
Oxct1	1833.14544734727	1.18800613746262	0.263356886006139	4.511012244559	6.45189959208348e-06	7.26349329309882e-05	5.19031239995378	up	67041
Pla2g4c	78.8919203452276	1.18795789118565	0.375136537855421	3.16673469872319	0.00154160890509947	0.0077519622672313	2.81202578964451	up	232889
Marco	6008.5531639344	1.18752493341933	0.275478358268076	4.31077396019514	1.62684138026994e-05	0.000160769424837301	4.78865478943051	up	17167
Adamts8	38.4494443167771	-1.18723067609968	0.302879751217972	-3.91980867431867	8.86192928295761e-05	0.000691703880454742	4.05247171990403	down	30806
Gm49484	76.3837917704226	1.18696170729185	0.292094377443163	4.06362394812895	4.83166462804829e-05	0.000411986297727306	4.31590321826995	up	NA
Gm18840	888.076060169763	-1.18691487857638	0.144118434457396	-8.23569089579068	1.785243311698e-16	2.00794203551074e-14	15.7483025853072	down	100417807
Cyp46a1	306.628261709816	1.18651326858562	0.176816877970229	6.71040729938348	1.94081912042077e-11	8.3214340372367e-10	10.7120149379056	up	13116
Cdkn1a	5041.26114652623	1.18634909206701	0.331296564267168	3.58092784539203	0.000342376203756649	0.00221431970025228	3.46549642780421	up	12575
Pcsk9	11500.1366853355	-1.18553188083469	0.319316765143174	-3.71271417679282	0.000205048411117367	0.00141711365465566	3.68814359163196	down	100102
2700099C18Rik	80.2348506909165	1.18548317692403	0.368917754047394	3.21340776885391	0.00131169918485336	0.00680676173564892	2.88216575134555	up	77022
4930526L06Rik	29.1826127293241	1.1849704016835	0.379766660941458	3.12025915794164	0.00180691990976987	0.00883439896038313	2.74306109675608	up	75138
Gm37899	105.773185843016	1.18455194586347	0.292295688647039	4.05258097150338	5.0655683405997e-05	0.000428755945440609	4.29537182111532	up	NA
Gm49906	130.686325796654	1.18389112304401	0.418041275211588	2.83199576990285	0.0046258460629275	0.0192203109095727	2.33480882360464	up	NA
Tex9	256.897836158158	1.18315197986728	0.266556018107121	4.43866166770171	9.05199787313346e-06	9.69421667706436e-05	5.04325555675957	up	21778
Sds	17666.9936903479	1.18263658360928	0.317207406180161	3.72827544555373	0.000192794591062396	0.00134822406046005	3.71490515458623	up	231691
Psd4	1961.07159020519	1.18254154122864	0.145396293362953	8.13323031747898	4.1799937458248e-16	4.39480907658849e-14	15.378824368023	up	215632
4833405L11Rik	240.898206100445	-1.18210653169352	0.428450111778914	-2.75902957939593	0.00579732872667905	0.0231720666559592	2.23677207307496	down	76862
Rgs4	306.19990054231	1.181935796732	0.392445393031033	3.01172040166754	0.00259771745370694	0.0119267141571181	2.58540808766216	up	19736
Osbp2	448.795377488057	1.1818731343296	0.296826123010279	3.98170188777041	6.84235666605221e-05	0.000551539562994915	4.16479429143988	up	74309
Cklf	340.063079185218	1.18144003763655	0.259909929843854	4.54557483950814	5.47855259567405e-06	6.32676021339971e-05	5.26133416464353	up	75458
Gm40117	188.476854989791	1.18133968308036	0.230782937608989	5.11883458681803	3.07429445631772e-07	5.06420902879258e-06	6.51225453806284	up	105244523
Ell	16298.4442139116	-1.1811746187025	0.131375677560681	-8.9908165699616	2.45400316733387e-19	4.19417636766209e-17	18.6101248810733	down	13716
Gm14488	37.8748166145759	1.18111495678531	0.360203515109344	3.27902118452889	0.00104167815826854	0.00559401759343765	2.98226644195629	up	100038700
Bicdl2	50.6039636261402	1.18099445850328	0.331578278095566	3.56173650845396	0.000368410025224717	0.00234815267000108	3.4336685602327	up	212733
Tyrobp	1426.9543168037	1.18086971557768	0.25210599520802	4.6840207612013	2.81301497039844e-06	3.5327704726926e-05	5.55082795658555	up	22177
Fsd1	367.992831577338	-1.17909563068471	0.475303833472003	-2.480719799947	0.013111739735684	0.0449733248844564	1.88233967997432	down	240121
Erbb3	19889.0888964002	-1.17876135722678	0.161822012374472	-7.28430786350012	3.23325909178065e-13	1.94011591457667e-11	12.4903594925359	down	13867
Zfp641	86.0131690272392	1.17865455631291	0.355264484006269	3.31768192255354	0.000907677846740397	0.00498511598679906	3.0420682640432	up	239652
Foxj1	34.4930670363501	-1.17854206124752	0.378369618323822	-3.11479041702255	0.00184075650113175	0.00897567565607894	2.73500365701958	down	15223
1110018N20Rik	26.0264472400869	-1.17839453027809	0.479162594150936	-2.45927905195975	0.0139216360784287	0.0471041001327218	1.85630972319669	down	68941
Efhd2	9163.01749511451	1.17717795504951	0.168956287126315	6.96735217772292	3.22961500936744e-12	1.5809423108608e-10	11.4908492452455	up	27984
Cracr2a	312.154186739537	1.17710599016373	0.216742954843938	5.43088466709923	5.60753676574831e-08	1.13001211724438e-06	7.25122787028904	up	381812
Scd4	35.6589141437469	-1.1766077221436	0.380141245438774	-3.09518563497499	0.00196689752242516	0.0094729169263663	2.70621826672258	down	329065
Klhdc7a	3067.11802811766	-1.17655581823678	0.244823091148512	-4.80573875902528	1.54181115873992e-06	2.09814729547826e-05	5.81196881548057	down	242721
Inhbb	1304.75730065344	1.17565033274299	0.423804456499855	2.77403957110912	0.00553649433220187	0.0223027662737474	2.25676514034267	up	16324
Slc4a9	111.398432332793	1.17554487468811	0.332365602046535	3.53690293896153	0.000404848419614466	0.00254154841202415	3.39270755171708	up	240215
Crem	6115.4776957657	-1.17528495064797	0.214407362183799	-5.48155128013032	4.21612476868472e-08	8.71404522703708e-07	7.37508654543557	down	12916
Lpin3	1269.20377296466	1.17459866467471	0.141519405167319	8.29991239212725	1.04188196039144e-16	1.21713959256937e-14	15.9821814814727	up	64899
Xcr1	42.0852803306932	-1.17407034331692	0.361626270532685	-3.2466400784088	0.00116775966011831	0.00616566901768146	2.93264653138873	down	23832
Arfgef3	43.2479439111666	1.1736246979753	0.335421445033393	3.49895546439633	0.000467084590600505	0.00286676131215772	3.33060446011012	up	215821
Comp	24.393695905145	1.17349068650276	0.401231595985882	2.92472152802256	0.00344764590301788	0.0151007015444265	2.46247734559163	up	12845
Gm38149	70.7079449214774	-1.17339927778509	0.439781288064893	-2.66814280104602	0.0076271832644958	0.0290640633000374	2.11763581834145	down	NA
1810044K17Rik	117.851931445307	1.17330019430621	0.409840069791995	2.86282450347446	0.00419883057414491	0.017774776471291	2.37687164910544	up	76760
Gm35853	111.971469879488	1.17310519873482	0.227538395568394	5.15563624242136	2.52771174754902e-07	4.26256105155024e-06	6.59727245316913	up	102639573
Fam118a	544.236664916913	1.17274932816353	0.19453024109339	6.02862219042087	1.65363350234574e-09	4.71003125485567e-08	8.78156073755609	up	73225
Card19	1587.91168857071	1.17171754042055	0.160903755066941	7.28210189956767	3.28658665370203e-13	1.96723362524313e-11	12.4832549126827	up	68480
Car9	36.7389312596778	1.17098985681152	0.375949932341554	3.11474948144867	0.00184101196154791	0.00897567565607894	2.73494338975922	up	230099
Ifit1bl2	92.1333421867616	1.17065015361367	0.353352105541439	3.31298479690645	0.000923059973347565	0.00505378261891754	3.03477008093752	up	112419
Astn1	50.473769455751	-1.16931039843431	0.335993130154991	-3.48016162680147	0.000501111375895124	0.00304316305672926	3.30006573808291	down	11899
B4galnt3	590.52066018794	-1.16923016621456	0.331482702339197	-3.52727354387897	0.000419862748404453	0.00261821561275737	3.37689265567894	down	330406
Gm48775	46.2186153722258	-1.16868942426503	0.375304501396658	-3.11397657080016	0.00184584146562098	0.0089901587757596	2.73380560209809	down	NA
Gask1b	258.787404145401	1.16857751914607	0.271744885801869	4.30027419172145	1.7058691331101e-05	0.00016756392017045	4.76805428908183	up	68659
Gm12367	100.48269572158	-1.16853705604617	0.288838357092612	-4.04564361814141	5.21795637684714e-05	0.000439329363771681	4.28249955600885	down	100504458
Gm650	30.5444530955366	1.16827431716158	0.422437115268833	2.76555793734674	0.00568255096564279	0.022792411254134	2.24545666048673	up	667383
Nmnat2	373.705100099412	1.16805523750022	0.198049907647992	5.89778228817097	3.68419631465138e-09	9.75807615343916e-08	8.43365723621182	up	226518
Gm17767	171.948450643351	1.16803056634776	0.330601703397888	3.53304461030562	0.000410803146641192	0.00257225315693353	3.38636623848354	up	100045066
Ppard	8595.32061836516	-1.1678450944483	0.228259459144482	-5.11630536068641	3.11578490188099e-07	5.12208772925127e-06	6.50643253147141	down	19015
Ms4a6c	34.342527245625	1.16733970974993	0.454593922075339	2.56787355277589	0.0102324473815337	0.0368124152798793	1.99002047995592	up	73656
Pcbp3	1863.30628090485	1.16657687259262	0.206554999573273	5.64777843674897	1.62534460220613e-08	3.75756053255723e-07	7.7890545467034	up	59093
Lyve1	2515.97791777802	1.16556450531286	0.271572649394747	4.29190681723859	1.77145291103393e-05	0.000172522248468073	4.75167038764349	up	114332
Lpar5	70.0970858823898	1.16425450408833	0.284464408992014	4.09279497640427	4.26204541180316e-05	0.000370470101179813	4.37038192721908	up	381810
Col20a1	712.163192401338	-1.16370749471768	0.227954075206455	-5.10500851394619	3.30779622284212e-07	5.39373757658586e-06	6.48046125305575	down	73368
Slc27a5	53198.3851091972	-1.1631844640193	0.212803493528896	-5.46600267096347	4.60297403289716e-08	9.4457299209213e-07	7.33696147511717	down	26459
Cdiptos	24.6102831587477	1.1630523835928	0.423252780085713	2.74789071286732	0.00599799978549311	0.0238127780024289	2.2219935541082	up	381922
Ism1	52.8051092008597	1.16206250052662	0.399005600150133	2.91239646784247	0.00358667076784655	0.0156388158146529	2.44530848679484	up	319909
Pmp22	930.951877972774	1.16143455985842	0.23759823590117	4.88822888542625	1.01747194990678e-06	1.44790643778742e-05	5.99247755475003	up	18858
Gramd1b	2669.54515021551	1.16117314466164	0.231031130604985	5.02604623723634	5.00695216906654e-07	7.77138108808519e-06	6.30042655735477	up	235283
Rab3d	1678.11849471262	1.16097986420563	0.175481811012526	6.61595556546174	3.69159251985466e-11	1.46584713161125e-09	10.43278624268	up	19340
Stap2	5182.8318139489	-1.16073992656221	0.216992924922988	-5.34920632538669	8.83407839194194e-08	1.66116394769782e-06	7.05383875121338	down	106766
Rpl29-ps2	54.6002513444244	1.16033489182212	0.334611062075623	3.46771228848339	0.000524908955593985	0.00316700308487369	3.27991601756931	up	432721
Gm34093	25.4547528648444	1.15974318245517	0.395706709783508	2.93081505514441	0.00338073987041595	0.0148587879946199	2.47098824455193	up	102637224
Cep192	2818.23755113384	1.15783027867346	0.146865677573697	7.88360015628882	3.18080990005095e-15	2.87008750011314e-13	14.4974622855691	up	70799
Gm19951	265.006101627047	1.15768459814358	0.421480188320896	2.74671177963452	0.00601960084200935	0.0238789349674328	2.2204323057289	up	105245440
Lrrn1	26.754001799367	1.15648712098776	0.387812111355341	2.98208097974563	0.00286296259743162	0.012928508222426	2.5431843256896	up	16979
Dock2	6700.33491207986	1.15624336831733	0.160808259772389	7.19019887382586	6.46970156963309e-13	3.68118407898511e-11	12.1891157517348	up	94176
Itga3	2976.63438855676	1.15577615641567	0.226399580022285	5.10502782868194	3.30745838455216e-07	5.39373757658586e-06	6.48050561153141	up	16400
Mup-ps22	223.829471361453	-1.15570346268045	0.373487152045121	-3.0943593544038	0.00197238426578637	0.00949366964873525	2.70500847060521	down	115035153
Slc9b2	46.9929474882835	1.15566201037809	0.410993781502247	2.81187225303984	0.00492540607027685	0.0202492637863711	2.30755795870736	up	97086
Mgat3	93.8915291840886	1.15551770380356	0.324375985253446	3.5622788256064	0.000367649609156254	0.00234392376710165	3.43456589138508	up	17309
Gm46652	51.0363455097982	1.15536768244687	0.425377710165845	2.71609831647366	0.00660562985496051	0.0258057093946131	2.18008576556012	up	108168413
Gjc1	223.079363463464	1.15527921855861	0.28555907486471	4.04567502925952	5.21725670156739e-05	0.000439329363771681	4.28255779441975	up	14615
Hnf4g	948.713204938993	1.15511811701207	0.199802743514339	5.78129257233734	7.41288419275189e-09	1.82699750538843e-07	8.13001278455945	up	30942
Itgb3	3297.95841117973	1.15455630143764	0.181741046379149	6.35275478181744	2.11492721533358e-10	7.28535184062631e-09	9.67470457416266	up	16416
Nrg4	8969.47198084379	1.15411473081035	0.280980976525695	4.10744793146096	4.00054924830584e-05	0.000350638934115737	4.39788037888878	up	83961
Gm43437	91.2237198899226	-1.15247447746987	0.247668691011161	-4.65329094591912	3.2667879036201e-06	4.02637436724471e-05	5.48587906120181	down	NA
Zfp473	42.7809622991472	-1.15119613583854	0.344517068138962	-3.34147780270265	0.000833336795461958	0.00464861600642701	3.07917944175134	down	243963
Mansc1	263.694431156221	1.15114567142427	0.214794434788448	5.35929002331016	8.35496374958184e-08	1.5846253599403e-06	7.07805543007828	up	67729
Mir142hg	277.755895792216	1.15093660257079	0.327717267282197	3.51198034853537	0.000444780886047259	0.00274800495309014	3.35185388433644	up	78591
Prune2	502.680524150693	1.15069496980538	0.267796730788016	4.29689700251141	1.73205623824568e-05	0.000169504589045961	4.76143801095421	up	353211
Treml2	136.703623445027	1.14919871655852	0.423604424961807	2.71290536368248	0.00666961510830042	0.025996878231612	2.17589922772728	up	328833
Snhg4	102.688269821829	1.14919093941266	0.218189272561828	5.26694518900792	1.38712599860295e-07	2.51073958818986e-06	6.85788408830475	up	100503380
Gm29458	27.5246949969658	-1.14830749172172	0.443803396229329	-2.58742384911437	0.00966965665779577	0.0352474581397072	2.01458894621399	down	NA
Mup3	258611.174368506	-1.14828834342794	0.245993543511127	-4.66796130922029	3.04203166708683e-06	3.78018549709629e-05	5.51683626932001	down	17842
Slc9a5	252.95834072522	1.14757221852908	0.297497806003664	3.8574140560719	0.000114592951904188	0.000862460866152214	3.94084209304271	up	277973
Ngef	3946.27762370649	1.1469284547809	0.140219700827323	8.17951006894044	2.85000258528238e-16	3.09052746714343e-14	15.5451547460359	up	53972
Gm49762	33.9340940785802	-1.14671582160507	0.373958384303881	-3.06642629163047	0.00216634212942005	0.0102337342007493	2.66427295436553	down	NA
Tnfsf14	88.5830063952167	-1.14664906830867	0.284999647854048	-4.02333503547303	5.73797794564406e-05	0.000475191036580701	4.24124112533078	down	50930
Scp2	47807.0770729915	-1.14648326870695	0.25503098556499	-4.49546656523737	6.94175658681314e-06	7.74410737542158e-05	5.15853061896442	down	20280
Spaar	142.958229788405	1.14564571580802	0.26950895134964	4.25086332038651	2.12948095863467e-05	0.000202736647801982	4.67172623894166	up	71406
Mirg	151.463088545909	1.144681008732	0.262037264168447	4.36839016910266	1.25165735455661e-05	0.000128524747974046	4.90251454444184	up	100040724
Cmtm7	952.992334984904	1.1445886057051	0.204334333592032	5.60154813723257	2.12445771115729e-08	4.77450152148751e-07	7.67275190942917	up	102545
Cenpt	440.427174410199	1.14403262793212	0.195198908048036	5.86085567471819	4.60488080155718e-09	1.18842291935171e-07	8.33678160713835	up	320394
Gm43196	25.9677338194429	1.14335685427793	0.42158472991293	2.7120452263868	0.0066869468526384	0.0260476399469236	2.17477212852697	up	NA
Thap2	3014.33540750619	-1.14326477577291	0.174674573650825	-6.54511273093642	5.94505234328827e-11	2.27834002797777e-09	10.2258443172772	down	66816
C1ql3	258.45948681886	-1.14254928717314	0.259069803448298	-4.41019861043418	1.03275853551743e-05	0.000109009894831438	4.98600120699016	down	227580
Usp43	221.237431207389	1.14243235119692	0.370326404598185	3.08493355324338	0.00203597633030392	0.00973388288244553	2.69122727529311	up	216835
Adra1a	3160.63076394404	1.14229118718793	0.304100729887507	3.75629215888593	0.000172449362645037	0.0012247196732694	3.763338406401	up	11549
Nuf2	163.141197713681	1.14203759685279	0.450427022129968	2.53545533625481	0.0112301248110664	0.0396911543673205	1.94961541698376	up	66977
Aldh18a1	1055.35969269585	1.14197334884158	0.274000204430336	4.16778283511072	3.0757675140123e-05	0.000279617330916713	4.51204649435739	up	56454
Sema4d	1762.34009704937	1.14169708774069	0.231656718871975	4.92840049405883	8.29055397469489e-07	1.2121050557199e-05	6.08141644892924	up	20354
Nsl1	259.260501382956	1.14109842414051	0.353897501019371	3.22437547836217	0.00126247748109437	0.00659680406438005	2.8987763596835	up	381318
Gm5499	14.8215976104909	1.14093127688285	0.463423623571473	2.4619618397742	0.0138179367710634	0.0468286298862666	1.85955679891809	up	433144
Il18rap	260.313414159575	1.14088012029058	0.448240028531259	2.54524372584234	0.0109201488422742	0.0388739937146879	1.96177144213148	up	16174
5330417C22Rik	471.927879007431	1.14085028268636	0.248895601908226	4.58364982723569	4.56929204203001e-06	5.38210521969652e-05	5.34015108353133	up	NA
Adhfe1	8182.20186526016	-1.1404349345429	0.227960566861699	-5.00277284901994	5.65115148133368e-07	8.65563434250385e-06	6.24786305111201	down	76187
Des	1298.22478821132	1.14031110915951	0.292620454368164	3.89689473902878	9.74339411488285e-05	0.000751322565325565	4.01128973012419	up	13346
Vldlr	95.9961210986321	-1.13912367896938	0.297279027268064	-3.83183330972824	0.000127191908205474	0.000945804035739476	3.89554051709558	down	22359
Gpbar1	43.8532511859808	1.13909649106575	0.461055474493958	2.47062783999255	0.0134876101055413	0.0459376602214365	1.87006499694971	up	227289
Man1c1	3902.01321331489	1.13804043996655	0.156559455257306	7.26906233862512	3.61991334293789e-13	2.15077996213573e-11	12.4413018259128	up	230815
Kif18a	283.421623683311	1.13782865773503	0.272717643131758	4.17218572538524	3.01691561469749e-05	0.000274783628604952	4.52043683718456	up	228421
Pcdh9	1765.53266436415	1.13690503953099	0.188836284220207	6.02058573767113	1.73787021031897e-09	4.93832872220133e-08	8.75998266117105	up	211712
Hcst	48.8619891870173	1.13670900291099	0.40768461389197	2.78820677596679	0.00530007029286769	0.0214806487103748	2.27571837047428	up	23900
Ikbip	781.400399157911	1.13660347290454	0.208397405611644	5.45401930301683	4.92438528761525e-08	1.00321385867828e-06	7.30764797488387	up	67454
C1ra	17458.499513719	-1.13580229401328	0.163935793651947	-6.92833620231044	4.25818816289218e-12	2.0430854395845e-10	11.3707751516576	down	50909
Gm16156	140.092204221362	-1.13503761702373	0.195663296866975	-5.80097358676012	6.59309862010031e-09	1.64195994676896e-07	8.18091042799586	down	NA
Orm1	166531.510818693	-1.13421587164634	0.267939904967667	-4.2330979843529	2.30494020427746e-05	0.000216879626536332	4.63734033677723	down	18405
Lyz2	9720.19479664182	1.13382064474814	0.242283575843785	4.67972556868314	2.87259160725779e-06	3.59735941205116e-05	5.54172611272073	up	17105
Spx	52.8646569127025	1.13347773918887	0.264582100271819	4.28403031809176	1.83537886035315e-05	0.00017753252640424	4.7362742747483	up	319552
Zfp13	327.030296381525	1.13337846153171	0.241437472191316	4.69429393558934	2.67529130575098e-06	3.37650805614146e-05	5.57262892183261	up	22654
Mroh8	38.2587643409602	1.13322012799465	0.340538067009422	3.32773407080887	0.000875554009395046	0.00485166064509418	3.05771705887948	up	629499
Pkib	435.774466130309	1.13309794872764	0.293559319858318	3.8598602465577	0.000113451890406844	0.000855737246980135	3.9451882632306	up	18768
Dchs2	141.484269176514	-1.13296977414843	0.188330419752261	-6.01586177973156	1.78932201928626e-09	5.04893641428009e-08	8.74731149363385	down	100534287
Lsr	12806.9390003782	-1.13287443634806	0.169481279594009	-6.68436324685448	2.3193086624317e-11	9.78804922773534e-10	10.6346414499517	down	54135
Gm49662	69.4282964280066	1.13283553651365	0.25455265620431	4.45029941311795	8.57506529962919e-06	9.23426049546725e-05	5.06676256409445	up	NA
Cdc45	453.915501405172	1.13265078683139	0.253021097909793	4.4765072801763	7.58740820213766e-06	8.34752980637366e-05	5.11990655028851	up	12544
Gm41654	32.8398870684392	1.13248677385555	0.323840482784355	3.4970512769698	0.000470431399093395	0.00288510578059256	3.32750369884114	up	105246354
Gm19265	158.424362465229	-1.13176382456254	0.278650386640059	-4.06159072021843	4.87394708374512e-05	0.000414714244824505	4.31211919024408	down	100502586
Trim13	125.24846800847	-1.13132970257725	0.229353216306957	-4.9326960432206	8.11023118643642e-07	1.18789588461784e-05	6.09096676581812	down	66597
Gm12762	112.525611337834	-1.13100775326609	0.197392567039956	-5.72973830892603	1.00585687782644e-08	2.41785596616292e-07	7.99746381012715	down	105247247
Tead2	294.958118340941	1.1309025129299	0.226056179158694	5.00274983474789	5.65182641088974e-07	8.65563434250385e-06	6.2478111854559	up	21677
Sod2	17518.1416863591	-1.13081789062385	0.246741417171789	-4.5830080072716	4.58334482036473e-06	5.39569110177833e-05	5.33881746809925	down	20656
Ackr1	93.05412955591	-1.12932661171378	0.313496574688984	-3.60235710018257	0.000315344758966589	0.00206099107062974	3.50121438258981	down	13349
Aadac	19686.4739939732	-1.12917554955596	0.258317275834753	-4.37127383721055	1.23523755910873e-05	0.000127000487476051	4.90824951148237	down	67758
Gm765	574.041196619747	1.12907886215962	0.403760194380062	2.796409546744	0.00516738732999155	0.0210508356492345	2.28672898397913	up	NA
Gm49463	309.879687588446	-1.12892814821253	0.253739939744478	-4.44915431661796	8.620906101241e-06	9.26774107018875e-05	5.06444708520915	down	NA
Gm49340	70.8569189069943	-1.12863656859036	0.30609480071294	-3.68721247783887	0.000226724039493517	0.00154964407095315	3.64450242929617	down	NA
Acpp	2543.37251053572	-1.12844121799678	0.208246667647445	-5.41877203003889	6.00097778172309e-08	1.19576542785549e-06	7.2217779811814	down	NA
Ptpre	3054.38276309811	1.12805063458386	0.20021608535231	5.63416586933506	1.75907654448515e-08	4.05123704749904e-07	7.75471526223427	up	19267
Il2ra	183.242685590575	-1.12795263358725	0.395044323146015	-2.85525589788145	0.0043002165183042	0.0181068841799812	2.36650967690009	down	16184
Col6a3	8395.8923203024	1.12783511717682	0.303955447173705	3.71052773577136	0.00020682763371712	0.0014273703877133	3.68439143671397	up	12835
Tmsb4x	9789.38503538511	1.12726327225806	0.227372783651541	4.95777574674742	7.13047986418623e-07	1.06175655219059e-05	6.14688124218804	up	19241
Nav3	630.379042061083	1.12720579412959	0.299137083131459	3.76819143360514	0.000164434582818541	0.0011757413015133	3.78400683918169	up	260315
Colgalt2	479.763671677741	-1.12704994933891	0.210555406623231	-5.35274760887837	8.66286412270483e-08	1.63277771017341e-06	7.06233849747013	down	269132
Sucnr1	879.341667490701	-1.12703079650372	0.415146554576431	-2.71477815263002	0.00663201807867496	0.0258881096372647	2.17835429858292	down	84112
Galr2	56.1059534963702	-1.12674960103393	0.248282024251423	-4.53818436687517	5.67406432992103e-06	6.50285420029149e-05	5.24610574468198	down	14428
Fez1	25.3538421978697	1.12631187692664	0.439972092093045	2.5599620911602	0.0104683581676818	0.0375253242233741	1.98012142669066	up	235180
Epb41l1	1902.48378347805	1.12624182522949	0.222032104034556	5.07242783707624	3.92772099039287e-07	6.30259780953419e-06	6.40585937033429	up	13821
Nxpe4	869.708088417389	1.12574729403228	0.210393581632624	5.35067317784434	8.76276507277087e-08	1.64903645906416e-06	7.05735883146175	up	244853
6530413G14Rik	29.4439019051583	-1.12554285891014	0.440514078218072	-2.55506671537736	0.0106167446948504	0.0379503503637653	1.97400862617215	down	76215
Gm5873	49.0849306142162	-1.12520989360931	0.427209461072126	-2.63385995896598	0.0084420299014133	0.0315282111314249	2.07355311392103	down	545826
Prss50	138.4725483161	-1.12490348066456	0.325122269221154	-3.4599398046751	0.000540296154889015	0.00325112101147759	3.26736812318156	down	235631
Tnfrsf11b	1708.70901527736	1.12445285782986	0.275310206073896	4.08431228854641	4.42075454768042e-05	0.000382478305803249	4.35450359763591	up	18383
Stambpl1	767.033475964696	1.12440002385665	0.19674164248605	5.71510946868492	1.09633425138234e-08	2.61971886036836e-07	7.96005701756709	up	76630
Gm5182	500.519971133196	-1.12419145263446	0.220666879237875	-5.0945182916309	3.49629079147077e-07	5.67050998788372e-06	6.45639245364657	down	382567
Ranbp3l	233.361273657716	1.12379229649443	0.25960836071963	4.32879855401919	1.49924989208562e-05	0.000149442955030563	4.82412597375023	up	223332
Zfp980	49.9699585021899	-1.12376724826987	0.318650733597602	-3.52664258946593	0.000420864475744031	0.00262370321021968	3.37585773055857	down	100041379
Miga1	901.280205729814	1.12298617172593	0.174496948417969	6.43556338324074	1.23016180989967e-10	4.47334930631487e-09	9.91003775967878	up	215708
Gm35339	499.201497422054	-1.12236635922525	0.191190839931264	-5.87039818240642	4.34749711770376e-09	1.12922852094857e-07	8.36176069725297	down	NA
Gm28876	253.984599326878	-1.12226772138583	0.30244008737028	-3.71071087547938	0.000206678048623066	0.00142674523888181	3.68470564755329	down	102632344
A230057D06Rik	42.7624040622435	1.12214976824062	0.36003289914754	3.1167978562447	0.00182826886895603	0.00892434351818625	2.73795993567142	up	319893
Gm32511	330.283458173842	-1.1219002432658	0.333836114441197	-3.36063174334427	0.000777644338352398	0.00439061297922897	3.10921898553957	down	102635087
Cdca5	94.9800219959301	1.12165871981004	0.414360784163223	2.70696157232922	0.00679021166936592	0.0263437989072047	2.16811668736828	up	67849
H2-Q10	105563.521395806	-1.12157057239436	0.159393928456316	-7.03646985337804	1.971712860741e-12	1.0101686525093e-10	11.7051563308124	down	15007
Rcl1	22802.383775006	-1.12146102858445	0.386041987038163	-2.90502345920624	0.00367225575202232	0.0159601884607124	2.43506708024199	down	59028
Gabre	123.31590746177	1.12122341898609	0.391375799843121	2.86482562139898	0.00417238935508786	0.0176825656124666	2.3796151712723	up	14404
Gm19325	78.0160903149118	1.12098803015357	0.322929413534436	3.47130977597999	0.000517926140381253	0.00313190545803937	3.28573216904228	up	100502694
Lrrc9	71.2414340117942	1.1201680250838	0.425629164309213	2.63179339907736	0.00849354949308991	0.0316961441114044	2.07091077817626	up	78257
Gm43653	46.7538222472548	-1.11990289201185	0.342435582874756	-3.27040456079427	0.00107393774099724	0.00573414936029922	2.96902089510303	down	115489703
Fpr1	420.789971306603	-1.11975220456809	0.289130920973975	-3.87282066129786	0.00010758299179186	0.000816563687228742	3.96825638252462	down	14293
Pakap	57.8216201419367	1.11972498366747	0.31587075382912	3.54488337427155	0.000392786837973756	0.00247675914364573	3.40584307356111	up	677884
3632454L22Rik	151.328796507596	1.11963854344005	0.325610060021943	3.43858707364448	0.000584758446410117	0.00347220786960474	3.23302349640583	up	320606
Gm45453	43.7985551408838	1.11917561712811	0.389251182217755	2.8752015877039	0.00403769616251191	0.0172477598660772	2.39386636491421	up	NA
Gm36283	326.964709959477	-1.11914029533467	0.193636148571242	-5.77960418853779	7.48765730321464e-09	1.84197893088847e-07	8.12565404070273	down	102640148
Bst2	6466.0057861147	-1.11907304673545	0.134909936440063	-8.29496385711087	1.08618225032501e-16	1.26279130660381e-14	15.9640972984398	down	69550
Gm7816	247.803924115721	-1.11879606680147	0.222568655379564	-5.02674585913049	4.9887277767217e-07	7.7480677647196e-06	6.3020101938546	down	665839
Pkmyt1	338.961240140518	1.11857732531186	0.357298847367115	3.13064912902601	0.00174420416137083	0.00858155544868148	2.75840268169283	up	268930
Notch4	1829.76082353683	1.1180067900349	0.195140063702499	5.72925297256925	1.00873868170767e-08	2.42237525333216e-07	7.99622132513181	up	18132
H4c6	687.804018620679	1.11794109754328	0.318088383726802	3.51456121863115	0.000440481131824482	0.00272492062670239	3.35607269002154	up	319157
Dpp9	13756.6975209778	-1.11791804968443	0.140943136262362	-7.93169557120861	2.16173830776565e-15	2.02616882784453e-13	14.6651968813227	down	224897
Adcyap1r1	840.573259711533	1.11788197131583	0.266038739156583	4.20195184678679	2.64623430644447e-05	0.00024480198163137	4.57737170455866	up	11517
Ucp2	4730.16242365864	1.11776667034785	0.198955438454405	5.6181760047942	1.92983862988243e-08	4.40258091960538e-07	7.71447900450601	up	22228
Cd276	732.927393351186	1.11752390888851	0.201919954477684	5.53448970300761	3.12135766856803e-08	6.70343438199931e-07	7.50565646376483	up	102657
Prdm6	112.745841816506	1.11733247926038	0.333226837488239	3.3530687014362	0.000799208659912492	0.00449348147268167	3.09733981891141	up	225518
Kif4	382.39360594211	1.11725598787591	0.386525848307072	2.89050782184254	0.00384619959738276	0.01659389806671	2.41496818192992	up	16571
Fads1	41133.3324632526	-1.11673912783186	0.253620574088339	-4.40318823441703	1.06671535522777e-05	0.0001119588138894	4.97195145325209	down	76267
Popdc2	36.1553485447466	1.11659554723088	0.440176009772102	2.53670241549282	0.0111902030943844	0.0395963551695061	1.95116203125806	up	64082
Kcnk5	10393.2210882962	1.11604040588535	0.411440905648452	2.71251689018722	0.00667743783207317	0.0260154032400267	2.17539014663317	up	16529
Pdgfa	1120.5445964918	1.11602650828108	0.157640661457674	7.07955991786247	1.44612963575849e-12	7.65214591945552e-11	11.8397927737282	up	18590
Riiad1	80.9859404174567	1.11534203915782	0.207692155067895	5.37016932003626	7.86627500918043e-08	1.51089962090549e-06	7.10423087449356	up	66353
Rnd3	7369.54667828082	-1.11485762488721	0.308652740143939	-3.61201272461505	0.000303829653651005	0.00199489782367325	3.51736984143928	down	74194
Oas1c	102.064049665498	1.11468747658272	0.23920689746941	4.65993032966477	3.16316431123616e-06	3.91061550993419e-05	5.49987824798002	up	114643
Cd37	382.114457740171	1.11428814379369	0.240299208390483	4.63708620289331	3.53355070382037e-06	4.31121710997902e-05	5.45178867250225	up	12493
Pygl	33961.8519711965	-1.11340865440147	0.261179128087928	-4.26300777766066	2.01693495418156e-05	0.000193238989944606	4.69530810748655	down	110095
Gm16548	204.97932515315	-1.11295633750183	0.207780621501811	-5.35640104191397	8.4895962211074e-08	1.60763833844024e-06	7.07111296501106	down	100503816
Stum	127.942685208805	1.11254704229386	0.36309464098651	3.06406902418369	0.00218348525675335	0.0102966147579582	2.66084973615953	up	381310
Ccdc112	80.7573532850426	1.11241609846703	0.271549072352234	4.09655643022812	4.19341303508511e-05	0.000365029208115292	4.37743235915046	up	240261
Stag3	84.4248080075013	1.11237351727253	0.310581932370289	3.58157832551028	0.000341524713517003	0.00220940359076195	3.46657786429365	up	50878
Tmem43	2449.28070518048	1.11180977652142	0.180271974454835	6.16740222590715	6.94210107316722e-10	2.14398324586628e-08	9.15850906753017	up	74122
Slc4a8	318.681334322166	1.111799752659	0.255450108275791	4.35231662324709	1.34706530797811e-05	0.000136868627216498	4.87061134844408	up	59033
Tacr3	26.2346529120289	-1.11179440498017	0.301813587824149	-3.68371223110057	0.000229861731278187	0.00156798769697295	3.6385333265912	down	21338
Susd6	30906.3611291575	-1.11174938554095	0.185103953298601	-6.00608126260557	1.90060958699463e-09	5.32567103507579e-08	8.72110708441134	down	217684
Gpr35	890.195719184992	1.11173230836209	0.213213264368901	5.21417985720894	1.84632264700738e-07	3.20285324604968e-06	6.73369240321758	up	64095
Cerk	3562.61052436415	1.11132073347817	0.153745594369816	7.22830945519662	4.89043366531331e-13	2.84964980468931e-11	12.3106526275631	up	223753
Gm9502	99.5237986634121	-1.11131854097542	0.263850401693483	-4.21192665935922	2.53201760078964e-05	0.000235678405012684	4.59653327973713	down	670795
Itga11	247.417957270531	1.11088469456544	0.29831124580926	3.72391155268661	0.000196159672908886	0.00136701245253103	3.70739027133574	up	319480
9530026P05Rik	4372.44146971026	-1.1101356337296	0.363508225603792	-3.05394914210167	0.00225850364914335	0.0105966502218829	2.64617920339723	down	330385
Nrg1	2738.79103796432	1.10997883465679	0.206975952003716	5.36283961451166	8.19237428510611e-08	1.56359901312104e-06	7.08659021429757	up	211323
Traf3ip3	254.197962092192	1.10982489877669	0.17749584169468	6.25268112300771	4.03465398978732e-10	1.30261685955991e-08	9.39419370425528	up	215243
Was	425.267052005974	1.10978242140724	0.252983812360698	4.38677246204567	1.15045028635068e-05	0.000119348729405972	4.93913214347083	up	22376
Cacnb3	166.011349286985	1.10888166631561	0.276636157227224	4.00844805476672	6.11190786512996e-05	0.000502031779872869	4.2138232012202	up	12297
Zc3hav1l	185.098400105608	1.10858771685714	0.201373434929974	5.50513386853953	3.68887851201901e-08	7.76366058987325e-07	7.43310564741038	up	209032
Lpgat1	56350.8510900201	-1.1085636981109	0.163456833400127	-6.78199665961498	1.18526215647346e-11	5.28819362875298e-10	10.9261855817063	down	226856
Scd2	2575.82846031247	1.10705812108134	0.254092558183427	4.35690887208969	1.31912155540904e-05	0.000134311568222743	4.87971518291382	up	20250
Ccdc117	3283.23664410157	-1.10669004098133	0.165559948537116	-6.68452757300314	2.316707814848e-11	9.78804922773534e-10	10.6351287363442	down	104479
A230072C01Rik	1157.39076416003	-1.10571118693601	0.346188575043711	-3.19395631931644	0.00140337349902886	0.0071883876198932	2.8528267288434	down	320742
Gm10640	37.2201596627088	-1.1054218139083	0.300331817733726	-3.68066834293384	0.000232623418541086	0.00158325344980595	3.63334656634356	down	100038516
Cdr2l	1272.92836993167	1.10487536464553	0.23520393102291	4.69752082731098	2.63338339415797e-06	3.33231173404124e-05	5.57948590737862	up	237988
Gm11827	67.313804858754	1.10453365386714	0.319857080264939	3.4532099553721	0.000553957664853931	0.00331743542632436	3.25652342412151	up	100503518
Nipa1	259.233919572536	1.10350469319081	0.240106337143505	4.59589990967743	4.30885512696559e-06	5.12544427607642e-05	5.36563810758653	up	233280
Dok1	280.326209362867	1.10338630673648	0.235886790671613	4.67760955836034	2.90238511205858e-06	3.63090930055874e-05	5.53724496235132	up	13448
Hhipl1	221.898809679528	1.10332407134733	0.363292236349978	3.0370152757254	0.00238933346923283	0.0111091832249545	2.62172323336398	up	214305
Mdk	58.3959723894377	1.10285605622087	0.384453671636779	2.86863187318657	0.00412251303462089	0.0175141620174284	2.38483796252275	up	17242
Gpr108	11602.8460776003	-1.1026986608494	0.182625779999609	-6.03802300448361	1.56013827944775e-09	4.47535751762817e-08	8.80683690719704	down	78308
Hells	1113.37570747904	1.10156274851486	0.227689918231172	4.83799527476862	1.31155258830385e-06	1.82792590950614e-05	5.88221429115651	up	15201
Sirpb1a	331.567932714219	1.10135390924523	0.322466058831737	3.4154103325954	0.000636859937265175	0.00372894600555604	3.19595607027262	up	320832
Gm28956	123.343727710751	-1.10061637054555	0.417551935628105	-2.63587898087441	0.00839196553206951	0.0313800078083354	2.0761363085684	down	NA
Fam13a	3337.4565386974	1.09983320788446	0.276044145899401	3.98426564816657	6.76891191621416e-05	0.000546530310376931	4.1694811373359	up	58909
Insig1	33919.1682765713	-1.09976975200169	0.350043318531756	-3.14181043824699	0.00167906705185287	0.00832032775571848	2.7749319604026	down	231070
Ppm1j	69.6249087445051	1.09964437660063	0.330513225106045	3.3270813179951	0.000877607592989765	0.00486081237143346	3.05669962793643	up	71887
Gm19196	31.8250182674744	1.09831086397471	0.405721194691564	2.70705814323964	0.0067882367352747	0.0263432168923162	2.16824302035691	up	100418415
Accs	583.708507185025	1.0979522316406	0.155815199634389	7.04650274310134	1.83470510448518e-12	9.52078086623619e-11	11.7364337307508	up	329470
Eml1	1929.8479397492	1.09759107681084	0.093778904315467	11.7040296516859	1.21541653945588e-31	7.34780068928054e-29	30.915274858045	up	68519
Srd5a2	587.514419840512	1.09751698080469	0.13642991419623	8.04454790777121	8.65643918559727e-16	8.65000051182286e-14	15.06266071769	up	94224
Tmem181a	908.862515035068	1.09749361366485	0.145873159419586	7.52361584565427	5.32817468645699e-14	3.68131200765437e-12	13.2734215450764	up	77106
Fabp7	248.425310651118	1.09717452453309	0.219971002457929	4.98781435858998	6.10662044152647e-07	9.27577233146941e-06	6.21419907284405	up	12140
Mamld1	1471.19667933811	1.09710374434402	0.232344183008988	4.72189030143087	2.33662708457191e-06	3.01678142867688e-05	5.63141059357081	up	333639
Rflnb	154.65534349302	1.09698523939318	0.238743594563843	4.59482584819606	4.33110836254687e-06	5.14667628614784e-05	5.36340095026521	up	76566
Gm47106	61.3364918923648	-1.09656692929996	0.232581649124289	-4.71476117496255	2.41994420524793e-06	3.10775840527379e-05	5.61619464709076	down	NA
Fut7	19.8039702991365	1.09623338547265	0.409151883602989	2.6792822651071	0.00737801697919722	0.0282302542074283	2.13206034965636	up	14347
Panx1	440.238790922617	1.09594596536616	0.226821455083326	4.83175617122968	1.35333938317384e-06	1.8743672946111e-05	5.86859327970911	up	55991
Znrf1	21739.9029346128	-1.09589848537481	0.147281535149136	-7.44084100063943	1.00046306149894e-13	6.59215197633991e-12	12.9997989414939	down	170737
Trim59	118.650888579068	1.09561166706826	0.382590018848528	2.86367028174363	0.00418763662610882	0.0177409651178282	2.37803101040353	up	66949
1700016C15Rik	104.645250418745	1.09520658141555	0.325273215429249	3.36703586236036	0.000759808068669046	0.00430599454336885	3.119296098831	up	NA
Zfp791	283.878165337731	1.09478271783397	0.199249496460389	5.49453191743254	3.9174807389278e-08	8.18777175702265e-07	7.40699313014921	up	244556
Tmem71	472.505427787281	1.09472543032519	0.206567120167431	5.2996112326002	1.16049518443955e-07	2.13732631760222e-06	6.93535665734134	up	213068
Hrh1	192.148287431985	1.09370728271496	0.311870086410609	3.50693231051016	0.000453304442989518	0.00279281733512676	3.34361002425396	up	15465
Slc39a14	83027.6780454091	-1.09356469520612	0.139635592979446	-7.83156122212398	4.81848611037503e-15	4.14664167690708e-13	14.3170893885627	down	213053
Notch3	830.372098174048	1.09349893662292	0.226160100147562	4.83506567210328	1.33101685889168e-06	1.84768367862908e-05	5.87581644364083	up	18131
Def6	172.89056750166	1.09347620598405	0.28470509735832	3.84073280081755	0.000122667578446382	0.000914974516344977	3.91127020795299	up	23853
Gm16062	89.5601693253518	-1.09309110769752	0.227844439609494	-4.79753251635627	1.60632139147995e-06	2.17370251196241e-05	5.79416755707604	down	100504104
Pmvk	3173.84258828404	-1.09302949463237	0.287637073070061	-3.80002995777299	0.000144678596686401	0.00105593754144801	3.83959571233997	down	68603
Gsdmcl-ps	62.9202899254455	1.09271956487165	0.293417013571059	3.72411794248944	0.00019599928622777	0.00136628848070335	3.70774551021447	up	74460
Morc4	768.767562276243	1.09261215663588	0.247902584314985	4.40742543953318	1.04606592764217e-05	0.000110126104755085	4.98044094347169	up	75746
Cavin1	2561.95247834217	1.09253282734586	0.251532715422065	4.34350189999191	1.4022926425983e-05	0.000141646786480001	4.85316134456961	up	19285
Slc7a1	1237.06721812602	1.09252546522496	0.293758693409773	3.71912556031478	0.000199913663390231	0.0013887711025862	3.69915752237916	up	11987
Ipcef1	48.766502847369	1.09228249238441	0.447276667049102	2.44207349243304	0.0146031734819934	0.0489579843534681	1.83555275545165	up	320495
Per1	6174.22508340567	1.09169141011571	0.195321511625417	5.58920213667671	2.28115292053509e-08	5.08413271192438e-07	7.64184560016023	up	18626
Ptpn3	21404.345788083	-1.09156057792807	0.167895609681903	-6.5014241884952	7.95631302859352e-11	3.00155322398516e-09	10.0992881385797	down	545622
Limk1	890.17286923439	1.09144459776763	0.164303812957524	6.6428439980866	3.07687456641674e-11	1.25472142942816e-09	10.5118902080825	up	16885
Asf1b	216.782660382657	1.09110634108744	0.371294959135472	2.93865110269202	0.00329643928168637	0.0145411336573768	2.48195491927457	up	66929
Trdmt1	507.190365061826	1.09046796800588	0.153110321674797	7.12210617858941	1.06290120374553e-12	5.84160838840326e-11	11.9735071011043	up	13434
Aldh3b1	902.287094037613	1.08993312634848	0.205750681112863	5.29734881290916	1.17496116459971e-07	2.1559373520228e-06	6.92997648767205	up	67689
Gtse1	359.138077357374	1.08977355022445	0.349178313899125	3.12096572680994	0.00180259012213015	0.00882160834026609	2.74410301311872	up	29870
Gm36070	66.744494680773	-1.0889227679743	0.421798885822459	-2.58161603687271	0.00983389262045902	0.0357330114722675	2.00727453822572	down	102639856
Coq8a	23999.4896752645	-1.08870067997452	0.275059775523965	-3.95805121959633	7.55637562920443e-05	0.000600289998243829	4.12168646133306	down	67426
Gbe1	28368.2076045577	-1.08828446622454	0.164223154283335	-6.62686373900066	3.42893878897267e-11	1.37510112429415e-09	10.4648402675385	down	74185
Tenm3	11638.0984593058	-1.08809131918898	0.333838465576523	-3.2593347723124	0.00111673807533525	0.00593254836066718	2.95204867628057	down	23965
Gdpd5	820.552242831909	1.08799191373372	0.169866232236317	6.40499232490252	1.50376945331934e-10	5.36344438350564e-09	9.82281874142128	up	233552
Irf4	107.478403774224	1.08768084375287	0.284242392585899	3.826596145134	0.00012992741596229	0.000962888376585991	3.88629919885118	up	16364
Pdia5	26436.5363316212	-1.08716431567447	0.157998090174403	-6.88086998060813	5.94881289604403e-12	2.79328530975023e-10	11.2255696904285	down	72599
Nradd	111.713439354583	1.08712351997529	0.286003347345384	3.80108670078764	0.000144062878373946	0.00105216808361183	3.84144791227602	up	67169
Ifitm6	53.6409812924265	1.08704451473713	0.370960529869459	2.93035087889178	0.00338579455163058	0.0148755966292752	2.47033939820587	up	213002
E2f2	580.795385530248	1.08637651064866	0.2478234805781	4.38367061956542	1.16696173046354e-05	0.000120906034987444	4.93294338604634	up	242705
Bex3	143.233916890158	1.08619910370989	0.234519551891833	4.63159295226213	3.62863021221758e-06	4.41164081406966e-05	5.44025728778627	up	12070
Nfkb2	2866.10459723959	-1.08583640989564	0.366193549215826	-2.96519808232797	0.00302488094096957	0.0135283282623499	2.51929171446523	down	18034
Grhl1	727.686994383366	1.08566103333617	0.354666214275656	3.06107824663661	0.00220541451670518	0.010381805303283	2.6565097710947	up	195733
Sccpdh	327.562108277553	1.08422409525653	0.182244954787467	5.94926809645264	2.69344157267718e-09	7.33477523766661e-08	8.56969244092334	up	109232
Mical1	394.025588096782	1.08312156869838	0.225153610811808	4.81058937848298	1.50485891190023e-06	2.05712256684971e-05	5.82250421545583	up	171580
Gm18337	1346.54244111335	-1.08300762451903	0.416873067018304	-2.59793138536215	0.00937872325830397	0.034357867873399	2.02785627885046	down	100416959
Arhgef6	1880.19719756936	1.0825892627531	0.185013160316791	5.85141760131775	4.87400736449528e-09	1.24855133568035e-07	8.31211381894341	up	73341
Rps6ka4	1547.52752974961	1.08232573833132	0.172556069113745	6.27231336394129	3.55722732853532e-10	1.17194647491337e-08	9.44888837985955	up	56613
Gm47348	143.895379912861	-1.08167333854078	0.37200153508202	-2.90771202947399	0.00364083435829185	0.0158407082497685	2.43879907907655	down	NA
Espnl	259.041938020399	-1.08113932164964	0.315625662041127	-3.42538472524063	0.000613929395519235	0.00361811905314624	3.21188157169193	down	227357
Fgb	783568.27458249	-1.08111474864707	0.132694611255494	-8.14738999887089	3.71862890370845e-16	3.94403000655604e-14	15.4296171593966	down	110135
Hivep2	25228.8576646348	-1.08093725539828	0.279442834809037	-3.86818740991144	0.000109647381313754	0.000829888255063914	3.96000173602993	down	15273
Mtmr11	594.740233000154	1.08025885101203	0.181488558813285	5.95221460832359	2.64538169596217e-09	7.21202031248673e-08	8.57751165576853	up	194126
Gch1	12296.3361208111	-1.07966477099416	0.231652318713301	-4.66071212665212	3.15117203759673e-06	3.89778221039203e-05	5.50152788595981	down	14528
H2-Q7	4091.06285024034	-1.0792863550323	0.219123803358155	-4.92546377204039	8.4160503077863e-07	1.22714683283695e-05	6.07489167714368	down	15018
Zfand4	10479.5892948403	-1.0791609873983	0.31526462950188	-3.42303222884021	0.000619267345148851	0.00364446895604515	3.20812182035466	down	67492
Ank1	376.191779300635	1.078846560332	0.194897991214365	5.53544217469843	3.10444147020212e-08	6.67303143399358e-07	7.50801652374129	up	11733
Chst14	362.465911509075	1.07861565899018	0.213210602961668	5.05892129194013	4.21634843491616e-07	6.69906293384642e-06	6.37506350664072	up	72136
Aim2	905.470982401003	1.07855851003767	0.215540297123635	5.00397616794138	5.61597031052657e-07	8.61709353103767e-06	6.25057519681995	up	383619
Trpv4	335.743469502123	1.07845707866366	0.234510122610983	4.59876557419511	4.25001687473106e-06	5.07024706782173e-05	5.37160934557603	up	63873
Cdh23	444.620311693312	1.07837916484034	0.394448654300631	2.7338898309904	0.00625909827605688	0.0246638484658026	2.20348822939987	up	22295
Rps6ka2	1661.25733512301	1.07761909342573	0.207279031245115	5.19888136755815	2.00491426877337e-07	3.46058792630105e-06	6.69790419331546	up	20112
Knstrn	324.403360812487	1.07673529171853	0.336912000316519	3.19589474612649	0.0013939795335807	0.00715998578611904	2.85574360250646	up	51944
Klhl6	1412.79131149775	1.07652620668804	0.287174348304336	3.74868512123229	0.000177764101066225	0.00125445254586332	3.75015593899566	up	239743
Samd5	1315.11856707348	1.07598479524813	0.17901180278345	6.01069191258715	1.84733178760862e-09	5.19443921952927e-08	8.73345509666211	up	320825
Gm13657	247.811057144368	1.0759151976039	0.218442211666107	4.92539967160036	8.41880984069353e-07	1.22714683283695e-05	6.07474929996746	up	102638051
Slc49a4	7775.26709425657	-1.07500642733033	0.244214797881374	-4.40188897911301	1.07312467772385e-05	0.000112582650571445	4.96934981792043	down	224132
6330403L08Rik	250.177950201394	1.07497394989246	0.247901619548521	4.33629256577755	1.44906046186517e-05	0.000145399087505492	4.83891349326824	up	70744
Gpc3	339.907962440104	1.07477261654543	0.277932997352883	3.86702056532287	0.000110173140279324	0.000832824907231826	3.95792427163941	up	14734
Kcnj2	372.706812634335	1.07473622907206	0.31074424889834	3.45858767421199	0.000543015506358575	0.00326322091818168	3.26518776851463	up	16518
Clip2	2050.50302518542	1.07449472314026	0.159521912284194	6.73571867183995	1.63121635323854e-11	7.06918886272661e-10	10.7874884333275	up	269713
Pdp2	3959.90073540112	-1.07437579568736	0.19970787342969	-5.37973679873772	7.45948167457566e-08	1.44118752351607e-06	7.12729134862549	down	382051
Cdkn2b	123.641099162622	1.07428607488029	0.30266506980414	3.54942205777323	0.000386077738974828	0.00244081879317367	3.41332523882949	up	12579
Osbpl6	311.049393900202	1.07384464245829	0.226697467243363	4.73690621918375	2.17005522462856e-06	2.82434205823293e-05	5.66352921387208	up	99031
Tlr6	187.279174070759	1.07380977899776	0.267694734955052	4.01132199771528	6.03796924609335e-05	0.000496633239146358	4.21910910335101	up	21899
Scara5	22587.3774848515	-1.07353903729836	0.179140826849645	-5.99271007160974	2.06372588474495e-09	5.73620912010371e-08	8.68534798856059	down	71145
Gm49495	187.751001937865	-1.07243896437848	0.308012418881405	-3.48180429955782	0.000498047537136422	0.00302835945261075	3.30272920316248	down	NA
Ankrd13b	566.676950941619	1.07240374176845	0.153424854242672	6.98976542661223	2.75346223978432e-12	1.36443081726361e-10	11.5601208749357	up	268445
Cand2	205.622904709882	1.07236999390534	0.24676695622275	4.34567905816913	1.38845455356206e-05	0.000140542519942393	4.85746833086528	up	67088
Lpar2	242.669631203369	1.07187000471931	0.263404245172392	4.06929662055291	4.71552819410883e-05	0.000403649213415716	4.32646965415908	up	53978
Gm32364	64.3300260273511	1.07181839964239	0.267002894546928	4.01425760369054	5.96331910305894e-05	0.000491496191377544	4.22451195050841	up	102634888
Arhgap44	1147.0470155569	1.07142322836486	0.205301196883255	5.21878705351204	1.80098684030033e-07	3.14224125340134e-06	6.74448946053184	up	216831
Gm29797	42.4376672151156	-1.07101522775941	0.433435209071278	-2.47099267743908	0.0134738577666505	0.0459267485497067	1.87050804147828	down	101056205
Mtus1	64081.2171656879	-1.07085069265771	0.126108539316167	-8.49150024625196	2.03986496519179e-17	2.63786174268812e-15	16.6903985810119	down	102103
Knl1	386.788209818511	1.07060098456526	0.435727938105342	2.45704002644518	0.0140087077466878	0.0473589501929825	1.85360192498311	up	76464
Casc1	125.748420607141	1.07046637573371	0.260045238335529	4.11646213014875	3.84732510326009e-05	0.000338682255722736	4.41484111377471	up	NA
Gm12940	1155.31443382063	-1.07044819781345	0.207660398996251	-5.1548017965273	2.53899338158166e-07	4.27562242015375e-06	6.59533843120438	down	NA
Selenok-ps6	20.4271417520514	-1.06996691679024	0.411408281422293	-2.60074229203949	0.00930223043577732	0.0341189953584055	2.03141290630516	down	100503994
Hyou1	55243.5918479504	-1.06962502915072	0.138993548713033	-7.69550125926407	1.40940543585974e-14	1.12482647689637e-12	13.8509640578286	down	12282
Vwa3a	43.0373733976673	1.06939645395439	0.395770104221328	2.70206476575186	0.00689103378856908	0.0266622366520284	2.16171562061889	up	233813
Ugt2b5	32791.8957609499	-1.06900930599095	0.222375053337126	-4.80723574856353	1.53031494747815e-06	2.08367545382414e-05	5.81521917972107	down	22238
Gimap9	1342.12447369923	-1.06809960129671	0.140278262108338	-7.61414908656201	2.65434279209214e-14	1.95098229174383e-12	13.5760429913809	down	317758
Ptprt	942.602801685941	-1.06798005200499	0.18893659040009	-5.65258455095145	1.58053006414228e-08	3.66095574818856e-07	7.80119723878871	down	19281
Cdc42ep5	626.297122480703	1.06793836727381	0.35901952361453	2.97459691473612	0.00293373767641092	0.0131865510206262	2.53257872170625	up	58804
Ulbp1	878.812454390247	1.06757683532728	0.318174056020396	3.35532333679289	0.000792722706106787	0.00446428050281191	3.10087870204925	up	77777
Xrcc2	378.007826551269	1.06606395925051	0.175545530959919	6.0728629969732	1.25649649743689e-09	3.67852279673352e-08	8.90083871769293	up	57434
Apbb1	125.786490526433	1.06602937266692	0.218041834253304	4.88910477348347	1.01295574839145e-06	1.44259693213204e-05	5.99440952665273	up	11785
Pianp	59.0296009614196	1.06582324666666	0.329919710758943	3.23055341014591	0.0012355081837281	0.00647870897092678	2.90815437358349	up	319352
BC050972	93.9659116515419	1.06571055531628	0.323408670971205	3.29524422494897	0.000983361766355302	0.00532340591761897	3.0072866813252	up	407808
Serpinh1	4558.05864189939	1.06568227577502	0.275144577110835	3.87317201365642	0.000107427948671557	0.00081585150911551	3.96888271700909	up	12406
Slc1a4	1529.04905234854	-1.06521430046763	0.226182229308657	-4.7095401956358	2.48276249334922e-06	3.17339404428584e-05	5.60506482404647	down	55963
Gm7208	235.271727402379	-1.06494607487212	0.339631983802589	-3.13558830045618	0.00171509787905224	0.00845210860225012	2.76571109012891	down	637550
Wscd1	87.8123458332698	1.06470356797985	0.302115717909415	3.52415814492343	0.000424830610873435	0.00264365770255826	3.37178419801308	up	216881
Cela1	748.988419868676	-1.0645913614495	0.213141033544678	-4.9947743226381	5.89046078725977e-07	8.98128138445875e-06	6.22985073075842	down	109901
Myzap	1313.20857905482	1.06446801235237	0.18734962174707	5.68171957021319	1.33347177939928e-08	3.13068102615858e-07	7.87501617096087	up	102371
Itgb7	371.219480739248	1.06305693331465	0.174470323080954	6.09305304502358	1.10777334148156e-09	3.2868926311297e-08	8.95554909034186	up	16421
Raet1e	77.9468058305048	1.0620027369777	0.384548742701579	2.76168563058297	0.0057503817259182	0.0230186609660907	2.24030332470911	up	379043
Adcy7	2010.08493000763	1.06173054561289	0.217676203286632	4.87756828528849	1.07401672412355e-06	1.52417091682838e-05	5.96898895593812	up	11513
Arhgef16	906.229604631255	1.06144084143462	0.210301535957286	5.04723294864668	4.48254681000624e-07	7.05709290101373e-06	6.348475166524	up	230972
Mex3b	109.363372136961	1.06114522640448	0.26511142265529	4.00263864821938	6.2639936779917e-05	0.00051312972602031	4.20314868926664	up	108797
Slc25a48	2711.41837479351	1.06101528058215	0.202813951027204	5.23147088850824	1.68166521664629e-07	2.97266288515648e-06	6.77426045861816	up	328258
Slc16a5	1458.49257694964	1.06095258870711	0.422644484702328	2.51027193565378	0.0120638220324199	0.0420780822714523	1.91851507821403	up	217316
Gm6450	49.4387675947475	-1.06078370814038	0.361743933187013	-2.9324160291915	0.00336335861905503	0.0147958410271037	2.47322682344565	down	623798
Leap2	3266.89036345187	-1.06023761817343	0.306979046042491	-3.45377846417138	0.000552791273747807	0.00331291166834436	3.25743882126535	down	259301
Lca5l	133.291320209878	1.0601699368522	0.311557736727584	3.4028040773039	0.000666980902062652	0.00387342271221879	3.1758866012372	up	385668
5031425E22Rik	10432.7193400337	-1.05948348144059	0.198344929439808	-5.3416212072218	9.21189900549263e-08	1.7281779809994e-06	7.03565083206231	down	269630
Mcam	1964.74491978026	1.05925080116298	0.29993693488514	3.53157840186843	0.000413087384529518	0.00258321156780264	3.38395806794493	up	84004
Zfp808	651.459144052525	1.0590204228669	0.21739261457411	4.8714645846714	1.10774021135391e-06	1.56651308719067e-05	5.95556207896167	up	630579
Prok1	416.225015597953	1.05892744683299	0.348062563381474	3.04234800935031	0.00234740330711509	0.0109479087314672	2.62941228790156	up	246691
Unc93a2	111.017361553265	1.05889021374045	0.231056587359346	4.58281768047424	4.58752001706072e-06	5.39569110177833e-05	5.33842202774693	up	667055
Lgi4	47.3305739112051	-1.0588249565833	0.372336262898554	-2.84373310388997	0.00445883804318759	0.0186384825514887	2.35077830209025	down	243914
Bmp7	245.64627234111	-1.05865965694461	0.331098389378137	-3.19741711499402	0.00138664254976013	0.00712835674708745	2.85803547740819	down	12162
Guca1b	170.402085689015	-1.05826328978974	0.296385553480944	-3.57056299593825	0.000356214768579178	0.00228427089201318	3.44828807875407	down	107477
Ccne1	306.960816447362	1.05820128333945	0.273726033243935	3.86591392422079	0.000110673969333256	0.000836349352005251	3.95595451375809	up	12447
Gpr161	173.511887700983	1.05808427001663	0.260501880669278	4.06171451545075	4.87136267515209e-05	0.000414640240093375	4.31234953580416	up	240888
9530020I12Rik	45.0149164408679	-1.05758918594248	0.300529253546953	-3.51908898538308	0.000433031437025432	0.00268604654474487	3.36348057378272	down	77442
Gm28802	80.4549070526602	1.05686718897288	0.233132406584514	4.53333453060612	5.8059751969363e-06	6.63620500106853e-05	5.23612482380175	up	101056017
Gm18609	50.4729215673368	1.05677431939943	0.278306114381028	3.79716529674444	0.000146360198130357	0.00106733483449587	3.83457701127301	up	100417431
Hsp90aa1	19274.3284201624	-1.05658374085047	0.158768169886185	-6.65488392042248	2.83523731465461e-11	1.16664794271204e-09	10.547410583991	down	15519
Mirt2	40.8641231603254	-1.05579434225024	0.369483246687817	-2.85748907890891	0.00427007328220269	0.0180081813934819	2.36956467162998	down	100038659
Lca5	270.482413764618	1.05545761659854	0.208380871664368	5.06504079845934	4.08312893707335e-07	6.51307545885935e-06	6.38900690570636	up	75782
Runx1	7596.30832959596	1.05530282362283	0.211052699947767	5.00018632258201	5.7274938290959e-07	8.76596555539222e-06	6.24203537005494	up	12394
Gm15443	69.0747297565728	-1.05517769985205	0.244936395993415	-4.30796613779041	1.64762601528621e-05	0.000162557700129136	4.78314135934365	down	NA
Slc22a4	973.978635955064	1.05497310826556	0.249794565928109	4.22336292363212	2.40683779016751e-05	0.000225240524155691	4.61855317819568	up	30805
Dlec1	386.7787652093	1.05440785310231	0.400854537188469	2.63040019578613	0.00852844070007003	0.0317920075549705	2.06913036593201	up	320256
4930459C07Rik	177.193715838998	-1.05380215111994	0.328042417004912	-3.21239600884956	0.00131632793295522	0.0068263868914268	2.88063590271968	down	74881
Csta1	32.1585597443164	-1.05375383985416	0.37582947995319	-2.80380836539328	0.0050502912502937	0.0206503454539402	2.29668357539658	down	209294
Cd52	688.74811092306	1.05370554285818	0.275728871598778	3.82152778107134	0.000132627469643414	0.00097989534705684	3.87736651605934	up	23833
Cmah	39532.7471588567	-1.05369375514839	0.190550071920119	-5.52974734950563	3.20692323751985e-08	6.85674780987666e-07	7.49391143543188	down	12763
Plcg2	2608.35346125294	1.05283742909746	0.17873648889291	5.89044484211763	3.8515741334669e-09	1.01347949614251e-07	8.41436173860617	up	234779
Lfng	993.133675161441	1.05231484884217	0.256376657233868	4.1045657595974	4.05075038265432e-05	0.000354268519903605	4.39246451830146	up	16848
Prelid2	1058.73214596702	1.05196715289565	0.37341470505428	2.8171551325027	0.00484511169167309	0.0199813922669353	2.31469620694795	up	77619
Gm45606	96.4254005654662	1.05170016215928	0.220120779053051	4.77783227318947	1.77195087898745e-06	2.36998430064571e-05	5.75154832154625	up	118567916
Efemp2	796.340950788255	1.0512230954137	0.213685586198656	4.91948527794669	8.67720942932988e-07	1.26025392444478e-05	6.06161992048012	up	58859
Dapp1	1020.68734918496	1.05074442513982	0.16929519938472	6.20658133815136	5.41496005127207e-10	1.71169364653413e-08	9.26640474302317	up	26377
Mavs	11807.7081929622	-1.05055836108145	0.144044622846093	-7.29328412490579	3.02489233135486e-13	1.84176477280676e-11	12.5192900791043	down	228607
Hs6st3	428.482741199491	-1.05016630133171	0.374003874521468	-2.80790219800631	0.00498653683792593	0.0204380396296144	2.30220096827137	down	50787
Cd53	1564.1180376152	1.05014123457925	0.234653809049877	4.47527887500025	7.63116415654461e-06	8.38346755586943e-05	5.11740920409007	up	12508
Fndc5	43.209566120288	-1.04962149233082	0.401101560864511	-2.61684718969562	0.00887460609745066	0.0328243690193563	2.0518509141602	down	384061
Car13	224.163662630913	1.04903470907785	0.374085351818129	2.80426566819398	0.00504313316400986	0.0206350331932464	2.29729956413689	up	71934
Cdca8	226.851427518655	1.04897959126673	0.398947868595768	2.62936507208064	0.00855444712962755	0.0318693021858964	2.06780805348826	up	52276
Klf4	320.63630911824	1.04893080132977	0.258606901928305	4.05608200519169	4.99027449857209e-05	0.000422975176741922	4.30187556460981	up	16600
Smad9	1750.48785893177	1.04874653443592	0.258359899723721	4.05924656093072	4.92313090409829e-05	0.000417723338676859	4.30775861635568	up	55994
Zc3h12a	1797.49836049648	-1.0487277390063	0.339455363813267	-3.08944223837101	0.00200532695854379	0.00960443979233631	2.69781480772467	down	230738
Ces2a	10709.3760156826	-1.0481976713262	0.345929780779535	-3.03008798191396	0.00244482507811362	0.0113236468184148	2.611752208249	down	102022
Gas2l3	1419.52111770159	1.0480922485	0.179982433403837	5.82330302284742	5.76958064378651e-09	1.44949220981652e-07	8.23885575195832	up	237436
Abca5	2290.00204815293	1.04754247486637	0.140532989785799	7.45406809079522	9.05052501459989e-14	6.01263175557842e-12	13.0433262269462	up	217265
Twf2	585.725236103337	1.04714147712115	0.216469472335101	4.83736328187719	1.31572824670003e-06	1.83066400815306e-05	5.88083380156243	up	23999
Dap	34970.6454649125	-1.04678050342419	0.133497638935997	-7.84119113841444	4.46292499017023e-15	3.85437328972487e-13	14.3503804124265	down	223453
Lgmn	15915.1765343521	1.04589801759783	0.186933211322977	5.59503584299292	2.20576195492528e-08	4.93886440685215e-07	7.65644135827872	up	19141
C4a	18649.8625601482	-1.04561123481863	0.324958028168676	-3.21768088239349	0.00129231512435063	0.00672059448108536	2.88863157296684	down	625018
Zfp28	371.923793427458	1.04486687192023	0.224078343763621	4.66295338661754	3.11703375499285e-06	3.85950385372438e-05	5.50625849463437	up	22690
Csad	28228.6227537855	-1.0443458881904	0.305105602785618	-3.42289973915756	0.000619569252638855	0.00364535855652379	3.20791014310879	down	246277
Paqr4	254.889670143312	1.04394130957758	0.255203037359118	4.0906304265829	4.30202196750568e-05	0.000373408094824919	4.3663273762958	up	76498
Slc17a4	3175.78992716258	-1.04391604457225	0.302122270354718	-3.45527671080521	0.000549728319054167	0.00329634346484765	3.25985188993591	down	319848
Gab3	1109.69332278126	1.04350049691559	0.246097554649045	4.24019043343891	2.23330237550152e-05	0.000210959836110851	4.65105247212722	up	210710
Gm7332	185.04368486398	1.04344429558402	0.215452272813734	4.84304148643681	1.2786657770098e-06	1.78525957388285e-05	5.89324295838986	up	654361
Sned1	3057.18287975736	-1.04328771708574	0.196317540128196	-5.3142868253365	1.07075848638822e-07	1.98414419293792e-06	6.97030847487959	down	208777
Plod2	674.110130584254	1.0425610645505	0.309035142846935	3.37360034508075	0.000741919995684444	0.00422143749073911	3.12964292397445	up	26432
4833422C13Rik	1647.69434690821	1.04254362985369	0.250237271203451	4.16622042288044	3.09691276661699e-05	0.000281116908867613	4.50907102761397	up	373852
Aldh1a7	15569.4922366685	-1.0424172228818	0.134973018102484	-7.72315265329775	1.13487122871846e-14	9.17841339560867e-13	13.9450534140917	down	26358
Ntn3	436.488027011224	-1.04234472017265	0.24599286453791	-4.23729656602301	2.26227236989231e-05	0.000213279806817683	4.64545510868545	down	18209
Clec4a4	53.5250983806115	1.0416289065932	0.347899464355198	2.99405148129149	0.00275299488678515	0.0124949178589036	2.56019459523328	up	474145
Ddah2	345.912995667245	1.03983809474031	0.238112935775358	4.3669953980212	1.25967380514823e-05	0.000129128579720621	4.89974190167984	up	51793
Card11	719.943067465055	1.0397190383817	0.155657654194981	6.67952400901094	2.39719567149729e-11	1.008156273533e-09	10.6202965151598	up	108723
Pclo	1523.82251434189	-1.03971726397361	0.394178147672688	-2.63768367199531	0.00834744073349005	0.0312521770889079	2.07844665573686	down	26875
Cyp2u1	5614.68538646781	-1.03970726191304	0.20554738960641	-5.05823627292915	4.23151944601274e-07	6.70994119629378e-06	6.37350365897739	down	71519
Pold4	333.379704021691	1.03943722274493	0.171075536862408	6.07589630761131	1.23297067113095e-09	3.62280641182122e-08	8.90904725391317	up	69745
Adam2	107.056437860959	1.03824843803998	0.383379197114552	2.70815017052102	0.00676594000672941	0.0262918144372056	2.16967185739963	up	11495
Dnajc27	342.689144007173	1.03816829409629	0.188046895334905	5.52079465203267	3.37469979308826e-08	7.17108878703518e-07	7.47176485513047	up	217378
Atp6v0e2	97.8005507203155	1.03773227975189	0.28965474456183	3.58265244825077	0.000340123002779904	0.00220151350461018	3.46836399540465	up	76252
Cd244a	451.933013489187	1.03763624797337	0.352805604314861	2.94109910750549	0.00327049875847137	0.0144530703540487	2.48538601139645	up	18106
Oasl1	2569.94387522191	1.03708593462635	0.165084979307976	6.28213383781938	3.33957146613546e-10	1.10778487234688e-08	9.47630925828813	up	231655
H1f5	380.820115448975	1.03687880348127	0.405221185143143	2.55879712487144	0.0105035018336214	0.0376011371340684	1.97866588440904	up	56702
Prune1	3485.19713910222	1.03683003967016	0.195769712416832	5.2961718483937	1.18255555249191e-07	2.16771004748685e-06	6.92717844841341	up	229589
C9	72908.7763748096	-1.03667821119071	0.228033658865709	-4.54616312498505	5.46327000764448e-06	6.31212591136449e-05	5.26254733510096	down	12279
D830025C05Rik	46.677000117554	-1.03585915876182	0.304792321428245	-3.39857367110768	0.000677382166825323	0.00392252288270353	3.16916624104141	down	100042416
Peli3	466.125539627609	-1.03584875700862	0.283280651192984	-3.65661668965507	0.000255566099740558	0.00171621755732468	3.59249675486432	down	240518
Gm8989	57.6916810303473	-1.03559900222969	0.36262610168135	-2.85583138507691	0.00429243025566868	0.0180803951302177	2.36729675262	down	NA
Col4a2	14870.883081766	1.03474575601771	0.279707111797155	3.69939022776123	0.000216118090183569	0.00148470672068723	3.66530887893778	up	12827
Gm48236	56.9387212764921	-1.03441871420697	0.265943778246413	-3.88961426745062	0.000100403684446505	0.00076980402577216	3.99825034988596	down	NA
Lrmp	1190.08582876968	1.03440093521153	0.183208207416576	5.64604037012124	1.6418530747362e-08	3.79210038713189e-07	7.78466570938849	up	NA
AI467606	61.0980577040613	1.03437970779859	0.419082130634011	2.46820284662035	0.0135793344568301	0.0461655371622472	1.86712151494574	up	101602
Ugt2b37	140.863189375602	-1.03423252728418	0.288886984566383	-3.58005927070947	0.000343516280446054	0.00221931891363785	3.46405267537202	down	112417
Mcm4	1391.63560473237	1.03410308537747	0.275339303786972	3.75574090278643	0.000172829424301684	0.00122597862671262	3.76238231669512	up	17217
Capn2	7652.13250389114	1.03403543595498	0.142979125442409	7.23207274317452	4.75677269978454e-13	2.79268541127221e-11	12.3226876006482	up	12334
Rhoc	2118.43777470016	1.03336436365358	0.259421246786071	3.98334514406884	6.79519559304259e-05	0.000548286352455642	4.16779803801073	up	11853
Col4a1	22398.7834046828	1.03309784622932	0.279076598550573	3.70184333475065	0.000214038771657005	0.0014725136774423	3.66950755005489	up	12826
Tlr1	513.634194967247	1.03242050512991	0.294371822183861	3.50719881227311	0.000452850673020884	0.00279144404154754	3.34404498247783	up	21897
Tmem243	6997.27119692548	-1.03238786184839	0.195526409090803	-5.28004307269279	1.29153521395635e-07	2.35534725067062e-06	6.88889374820655	down	652925
Stpg4	34.1594388469358	1.03166152646758	0.380987063638518	2.70786497739574	0.00677175664653393	0.0263059629279492	2.16929865732129	up	75467
Chrm1	60.8872008044052	1.03144761402943	0.400169125930655	2.57752921750432	0.00995094685830434	0.0360500070303394	2.00213559304603	up	12669
Stk10	3470.49274608911	1.03134507828138	0.148691844918697	6.93612402781946	4.03003819365359e-12	1.94132238244883e-10	11.3946908379248	up	20868
Neil2	331.222903381841	1.03133434130473	0.219452823305408	4.69957198896206	2.6070731067981e-06	3.30074564757025e-05	5.58384679029932	up	382913
A930007A09Rik	54.4997207846209	1.03119115329688	0.379733670592649	2.71556417867159	0.00661629512746068	0.0258431996078588	2.17938513081812	up	432999
Klk1b4	147.861667564653	-1.03093635033067	0.231996873891944	-4.44375104300262	8.84038943854778e-06	9.48019057219346e-05	5.05352860294089	down	18048
Thpo	2907.74724869535	-1.03024161060878	0.155221550539572	-6.63723308411436	3.19626020390395e-11	1.30121151937383e-09	10.4953578724996	down	21832
Adra1b	29518.1531232324	-1.03022925018416	0.200719893544848	-5.13267136599977	2.85658436529993e-07	4.74762358224624e-06	6.54415294512236	down	11548
Wdfy4	4890.55214248474	1.02909555805435	0.181427751717265	5.67220586880273	1.4097042359392e-08	3.29685375565587e-07	7.85087199526891	up	545030
Proca1	361.256252281007	-1.02887171758737	0.162942794047953	-6.3143124775716	2.71365143191013e-10	9.17783481488821e-09	9.56644593815013	down	216974
Pkd1l2	86.9404104573363	1.02785027986036	0.352812720639956	2.91330278000173	0.00357627658579944	0.0156019340425405	2.44656890065873	up	76645
Cfap45	51.3038498889914	1.02767479379373	0.327697334675879	3.13604867982886	0.00171240777251805	0.00844401402019403	2.76639280959617	up	71870
Pafah1b3	303.813110170312	1.02684284493112	0.199695032287107	5.14205502846362	2.71749491000004e-07	4.5477136272402e-06	6.56583126069556	up	18476
Gm13212	220.532959737155	1.02679910562779	0.210013192017512	4.88921241453333	1.01240206921396e-06	1.44259693213204e-05	5.99464697587324	up	NA
Ccdc8	209.120320101852	1.02676310306694	0.238864399447878	4.29851876395245	1.71943346769027e-05	0.000168542116399214	4.76461462424674	up	434130
Pik3ip1	146.102607500725	1.02608547608842	0.239885141841246	4.27740321143974	1.8908612746688e-05	0.000182371746350199	4.7233403325277	up	216505
Ttyh3	3838.95386838188	1.02557682819918	0.171361857043898	5.98486060953722	2.1657525361052e-09	5.99910971684949e-08	8.66439116836802	up	78339
Rtn4	9359.40352526125	1.02546256476015	0.167935967624186	6.10627121317437	1.01985651090008e-09	3.06362362069389e-08	8.99146092716742	up	68585
Abcg1	4584.83550683712	1.02540769916603	0.195817027480354	5.23656043787564	1.63596687090882e-07	2.90462194363561e-06	6.78622549524121	up	11307
Naip3-ps1	70.7157496890897	1.02535837284224	0.369098605597686	2.77800662828803	0.0054693502524939	0.0220727349475647	2.26206426388909	up	53898
Tgfbr2	8355.49743822068	1.02487820228754	0.133520582937352	7.67580682873749	1.64380684461947e-14	1.27815231886135e-12	13.7841492155333	up	21813
Sox6	27281.8207981444	-1.02486244657813	0.115148365819552	-8.90036466678291	5.5663498776482e-19	8.85562320666373e-17	18.2544294991956	down	20679
Tmem108	1245.5540104181	-1.02455760454596	0.318150235551222	-3.22035783745634	0.00128030675467111	0.00666818392019315	2.89268596324271	down	81907
Rgma	157.887926484	1.02426606868664	0.206557689282473	4.95874093210795	7.09515075592169e-07	1.05714686124275e-05	6.14903837233204	up	244058
Parvb	2470.79470835398	1.02292425867402	0.16448176277086	6.21907402645642	5.00097341393821e-10	1.58705431884322e-08	9.3009454542327	up	170736
Gm44696	98.8829022321743	1.02264488738238	0.372769199088793	2.74337281589294	0.00608116001383323	0.0240915156380268	2.21601356882701	up	NA
P2ry6	1279.72003220098	1.02259728857849	0.21197434741908	4.82415585201344	1.40597450031696e-06	1.94170618884436e-05	5.85202255589661	up	233571
Atp8b2	1178.9575760384	1.02236257215439	0.196637954143295	5.19921282037633	2.00134275594647e-07	3.45689075173554e-06	6.69867852642195	up	54667
Coro1c	5923.02871400313	1.0222175208896	0.133105280843524	7.67976683127466	1.59378413098567e-14	1.25132752777583e-12	13.7975705016792	up	23790
Map2	1122.50242038847	1.02134370523786	0.194463962715878	5.25209756591301	1.50376764973658e-07	2.69763422150817e-06	6.82281926230332	up	17756
Tctex1d2	213.63566358389	1.0211113294276	0.232050829883376	4.40037783937593	1.08062549793521e-05	0.000113271286480578	4.9663247892659	up	NA
Ncf2	1696.39761390865	1.02074189605945	0.233140640568485	4.37822377758976	1.19650462944624e-05	0.00012354344555623	4.9220856167003	up	17970
Sgo1	159.325453880416	1.02058714472806	0.285905976760018	3.56966005500721	0.000357444773329416	0.00229033638279066	3.44679104894278	up	72415
Fer1l6	85.5469170424127	1.02055086050671	0.365289824368785	2.79381135861149	0.00520908557122299	0.021206140397391	2.283238508222	up	631797
Stap1	339.441539892795	1.02039458206195	0.31121465195949	3.27874852818554	0.00104268505988929	0.00559693898296179	2.98184684920209	up	56792
Kif15	533.100247563257	1.02037775372288	0.390743216473459	2.61137675768758	0.00901784846674652	0.0332575280803514	2.04489706672392	up	209737
Srpx2	492.08599170707	1.02023942611855	0.305764726570189	3.33668123711566	0.000847851290310097	0.00471869733078913	3.07168031456082	up	68792
Tmem200a	178.866958880257	1.01866517598035	0.314500778038949	3.23899095681789	0.00119953376672769	0.00630726800326355	2.92098752218794	up	77220
Rtp3	2713.59114785452	-1.01862732583084	0.143667938083533	-7.09015065865687	1.33966077594648e-12	7.13561164844444e-11	11.8730051581914	down	235636
Btk	582.286404921491	1.01844701250649	0.233688983894105	4.35813017599494	1.31178355712663e-05	0.000133733347295262	4.88213781717078	up	12229
Cyp2j5	58501.2560833479	-1.01806134151244	0.194853639542758	-5.22474891360211	1.74391588691799e-07	3.06293691132897e-06	6.75847446592198	down	13109
Gm26693	116.829547871545	-1.0176623449295	0.21585863948111	-4.71448512496791	2.42322704970783e-06	3.11032253269823e-05	5.61560589175787	down	NA
Ptpn2	8116.49232719826	-1.01763579904308	0.237467697846209	-4.28536516028439	1.82439275724758e-05	0.0001766818808801	4.7388816605561	down	19255
Acsm1	18040.4078454013	-1.01751657390174	0.177088267511276	-5.7458158476645	9.14788242000287e-09	2.22102502691275e-07	8.03867942612389	down	117147
Gm26766	28.1111704850556	-1.01745712253318	0.417635802530507	-2.43623060180252	0.0148412197974928	0.0495226131010034	1.82853040299571	down	108168238
B430306N03Rik	1037.28006138946	1.01733016483234	0.256622485591493	3.96430641098142	7.36096541722313e-05	0.000587080691686312	4.13306522263576	up	NA
P2ry10b	191.335738265993	1.01723476588008	0.309322639740177	3.28858814451646	0.00100691249566531	0.00543265461182031	2.99700826956647	up	213438
Arhgap9	408.791714084968	1.01719269724026	0.219821659908155	4.62735427284672	3.70366660988952e-06	4.49383170899891e-05	5.43136811378325	up	216445
2310015A16Rik	437.340473714376	-1.01706774547978	0.369458900823578	-2.75285760665824	0.00590775856453715	0.0235356536421149	2.22857726153744	down	69561
Hnf1aos1	4886.59084669876	-1.01658290798898	0.263114627068436	-3.8636503006903	0.000111705107671563	0.000843614276612657	3.95192696848815	down	102638537
A030005L19Rik	30.0573968978814	1.01632654537953	0.373062316046929	2.72428090874685	0.00644416701562569	0.025281123746246	2.19083321235203	up	77922
Fxyd1	8490.56391575775	-1.01601391734809	0.171250738870692	-5.93290238657168	2.97625815122510e-09	8.01468536892263e-08	8.5263294021617	down	56188
Pde6g	128.348927138277	-1.01569658868538	0.282242870067818	-3.59866163648821	0.000319859026377803	0.00208542220972446	3.49504138904284	down	18588
Rubcnl	497.897183165505	1.01569317776129	0.188155310683756	5.39816375137256	6.73264052592882e-08	1.3214992954384e-06	7.17181457308191	up	271221
Map1b	739.598177012224	1.01535104551836	0.302475081241529	3.35680890257399	0.000788475885258574	0.00444450439564635	3.10321158459162	up	17755
Zfp202	464.837722075698	1.01504093130252	0.186909868035343	5.43064388184463	5.61510863037644e-08	1.13059581098887e-06	7.2506418374227	up	80902
Gm46210	271.522608289337	-1.01457094759723	0.354939210881789	-2.85843580109589	0.00425735246311156	0.0179607985455275	2.3708603934104	down	108167793
Eef1akmt3	110.552711719059	1.01446744093336	0.380415757209264	2.66673349278565	0.007659238171847	0.0291632337382466	2.11581442543487	up	100504608
Onecut2	36802.34268864	-1.01445183667487	0.170593044701427	-5.94661897529513	2.7373759163442e-09	7.40438751778921e-08	8.56266555802155	down	225631
Mgst1	128258.454369113	-1.01435851455315	0.191448870372975	-5.29832593202044	1.16869215587817e-07	2.14914933182098e-06	6.93229987088272	down	56615
Ccdc150	93.7342469260849	1.01426467450493	0.255535124270527	3.96917909974348	7.21206607264657e-05	0.000576726791563292	4.14194030318447	up	78016
Haao	31163.284455235	-1.0138680486178	0.227065590679831	-4.46508890044631	8.00355117521097e-06	8.72203129873599e-05	5.09671727380826	down	107766
L3mbtl4	160.309325173092	-1.01345610385503	0.331981789986172	-3.05274606747931	0.00226757733985666	0.0106368584401388	2.64443789161068	down	320858
Dach1	899.926466519418	1.01286631300888	0.174229817584555	5.8133924895911	6.12192950946342e-09	1.53251034573338e-07	8.21311167536386	up	13134
Pms2	295.636455238823	1.01223167651198	0.235239394584734	4.30298538345952	1.68511971190487e-05	0.000165716001924699	4.77336924115884	up	18861
Fmnl3	2676.77288014797	1.01147131109239	0.173696105306024	5.8232238961855	5.77231410988881e-09	1.44949220981652e-07	8.2386500440928	up	22379
Pask	332.172156027718	1.01123330875262	0.238445465750423	4.24094165754052	2.22583993092978e-05	0.000210337089526159	4.65250607073513	up	269224
Ccdc163	493.14456279725	-1.0109967936298	0.133254958308006	-7.58693564927603	3.27559659684647e-14	2.3644918479087e-12	13.4847095887648	down	68394
Aff2	440.43052470451	1.01009934112168	0.142035238542292	7.1116108332575	1.14696298235328e-12	6.23277726725103e-11	11.940450598506	up	14266
A930036K24Rik	133.083887750321	-1.00992363270289	0.258061201841463	-3.91350433732897	9.09662657744102e-05	0.000707769060153406	4.04111963300006	down	77829
Ppp1r3c	5197.55303571231	-1.00943380510069	0.360138569479294	-2.80290391156986	0.00506447557290202	0.0206978449051743	2.29546551922502	down	53412
Kcnk7	44.8662172818107	1.0089266252674	0.357073517816798	2.82554313026666	0.00472005330569731	0.0195512725314101	2.32605309665416	up	16530
Rel	4226.38266312802	-1.00866976560388	0.405752226995751	-2.48592539607784	0.012921505064173	0.0444628318481053	1.88868689787371	down	19696
Slc4a5	62.5301674261401	1.00831949876393	0.343619894652787	2.93440372474009	0.00334189210195428	0.0147228338148039	2.47600757607109	up	232156
Gm20629	38.70319362571	-1.00774974279621	0.32979182510927	-3.05571474508899	0.00224524754449257	0.0105487810609907	2.64873576990322	down	102637859
Platr22	3505.33575487047	1.00749935278328	0.232094446250268	4.34090246044444	1.41898707234052e-05	0.00014285572599225	4.84802156115757	up	100503474
Nek10	51.2230611636188	1.00718617202099	0.302974244765643	3.32432934291187	0.000886314599037294	0.00489893934489597	3.05241209710308	up	674895
Gm8369	152.59853855123	1.00675332320609	0.215583584046999	4.66989788511266	3.01349493583068e-06	3.75243741185672e-05	5.52092953402605	up	666926
Mir670hg	580.392287894983	-1.00636270716573	0.230763173400206	-4.3610195350383	1.2945780655864e-05	0.000132050380013921	4.88787175563378	down	414123
Mb21d2	16002.1417479644	-1.00555997923694	0.180433429235057	-5.57302481862695	2.50353888162267e-08	5.53387360469831e-07	7.60144565933076	down	239796
Tmem47	856.628215748762	1.00487532008967	0.138065419165885	7.2782549472603	3.38165815076695e-13	2.01914215807028e-11	12.470870297016	up	192216
Trpv2	579.445440637955	1.00479584740168	0.207423483964087	4.84417592549765	1.27138246233758e-06	1.77714281527442e-05	5.895723783595	up	22368
Lmna	12005.8111253732	1.00473971132184	0.159625178629751	6.29436859489646	3.08653613822148e-10	1.03377585726415e-08	9.51052863379867	up	16905
Cgas	278.62835001931	1.00425806355388	0.284335143300374	3.53195194901735	0.000412504303830042	0.00258090014882745	3.38457151591433	up	214763
Abcc1	3369.83286292154	1.00411973537594	0.325578746280791	3.08410713797008	0.00204164057415222	0.00975710521030614	2.69002071200511	up	17250
Gm20033	45.2571562146065	1.00396676645446	0.351710182267257	2.85452857799711	0.00431007537636497	0.0181420788078778	2.36551513465293	up	NA
Gm15657	121.684033033644	1.00390782994107	0.315578482199289	3.1811669254024	0.00146683084963543	0.00745187050543782	2.83361996475619	up	NA
Cenpn	195.965656609253	1.00321714657444	0.2483139713516	4.04011558879999	5.34248645781778e-05	0.000448272059413427	4.27225657001602	up	72155
Trerf1	2281.33887797243	1.00311455187596	0.13796496216854	7.27079206277419	3.57385713726844e-13	2.12864564762131e-11	12.4468628121371	up	224829
Pcdh18	298.576194793781	1.00309991552	0.313640991239765	3.19824239668077	0.00138268004594476	0.00711100996831907	2.85927830460256	up	73173
Dscam	119.266058334657	1.00228303260575	0.227843586790217	4.39899602497298	1.08752818277112e-05	0.000113945435510274	4.96355947969435	up	13508
Snhg15	374.059575067205	1.00223438604118	0.159719776553763	6.2749548469586	3.497357732774e-10	1.15537028270411e-08	9.45625994291987	up	100041286
Abca4	53.8164867060156	1.00191844388013	0.280101439072537	3.57698427825881	0.000347581070029101	0.00223959643896715	3.45894388413871	up	11304
Iigp1	31239.8300966601	-1.00189989100382	0.181208206005706	-5.52899845480658	3.22064181373891e-08	6.87392412531636e-07	7.49205757290357	down	60440
Perm1	86.5956650852292	1.00180007079355	0.274253681058953	3.65282269658291	0.000259373331548574	0.00173792349778543	3.58607467958847	up	74183
Fgf11	92.9398527342986	-1.00139050263786	0.207969923793679	-4.81507366243646	1.47145600322968e-06	2.01601977734278e-05	5.83225271884485	down	14166
Acot9	1435.75341056716	1.00115488169817	0.190351909273108	5.25949482472362	1.4445169449341e-07	2.6029291179133e-06	6.84027735929004	up	56360
Zc3h12d	1581.60814618357	1.00106263553529	0.123711799591788	8.09189292240913	5.87445425857536e-16	6.07077149063544e-14	15.2310324734815	up	237256
Tmem150b	70.5381312644203	1.00059835740905	0.350890684011629	2.85159567637848	0.00435003929372913	0.0182626128821107	2.36150682006314	up	330460
Gpr84	71.128204190998	-1.00044882570513	0.315483759315769	-3.17115793179001	0.00151832571104968	0.00765398214396568	2.81863505364602	down	80910
