geneID	baseMean	log2FoldChange	lfcSE	stat	pvalue	padj	-log10(P.Value)	trend	ENTREZID
Igkv16-104	79.1698776310351	-10.4369325957751	1.04154242690883	-10.0206504566028	1.23686224304837e-23	1.62004854072187e-22	22.9076786677237	down	381778
Igkv3-5	115.370970238779	-10.3508192612856	1.03386314446159	-10.0117886170283	1.35284229804031e-23	1.76729912490664e-22	22.8687528265233	down	667940
Igkv12-41	56.9682297881942	-10.0497688147195	1.04655401929576	-9.60272344229504	7.78594386837846e-22	9.53297792439123e-21	21.108688731589	down	619960
Ighv2-9	58.0914876044615	-9.7941220821165	1.06328628526808	-9.21118067430655	3.22557202979716e-20	3.69531036442787e-19	19.4913932554924	down	640046
Saa3	1636.99062357583	-9.70053659611951	0.277454861816164	-34.9625756514834	8.3400636306899e-268	8.12142925233396e-266	267.078830635891	down	20210
Igkv4-72	42.1219595119003	-9.65556243151628	1.05804650724975	-9.12583933253992	7.11825118601469e-20	8.03560327547996e-19	19.1476266908509	down	385109
Ighv5-16	45.7127141454723	-9.6223816484667	1.05655280693532	-9.10733622144057	8.44294164881055e-20	9.4898846288869e-19	19.0735062122295	down	633568
Ereg	68.7294763398197	-9.5514138202523	1.04265300572824	-9.16068314940606	5.15698047236558e-20	5.86286503347661e-19	19.2876045131075	down	13874
Igkv8-21	43.4290973397612	-9.51807007851279	1.05939945170063	-8.98440155243956	2.60146149533963e-19	2.86683533058607e-18	18.5847825977846	down	620400
Cd300e	429.392623784633	-9.50324305982459	0.518402688234301	-18.3317781244403	4.61566551329828e-75	1.42076593252028e-73	74.3357656710378	down	217306
Ighv9-3	32.1246363930215	-9.38607546020431	1.06976884691546	-8.77392858024219	1.72538684474247e-18	1.83632974757856e-17	17.7631135175753	down	780825
Ighv1-31	39.4545072597516	-9.31738067033809	1.06748042727996	-8.72838548813453	2.58333830319224e-18	2.73131338915388e-17	17.5878187167113	down	629893
Ip6k3	51.8476802235036	-9.30000533857445	1.05120457177119	-8.84699856556437	8.99045479946375e-19	9.73763448887864e-18	18.0462183380886	down	271424
Igkv5-48	27.287702176314	-8.8117566069607	1.08810431153214	-8.09826458141039	5.57487195988343e-16	5.33646103684018e-15	15.2537651027649	down	619846
1700011B04Rik	18.9420232083719	-8.80935073461547	1.12069064823808	-7.86064445925852	3.8216209832719e-15	3.52228039232212e-14	14.4177523871491	down	100503727
Gm48370	17.7809607139119	-8.71943575581686	1.12519445665223	-7.74927009661927	9.24222465109209e-15	8.38114532219791e-14	14.0342234792772	down	NA
Ighv1-55	32.3952133566241	-8.67455429144377	1.06870972357343	-8.11684791492191	4.78447731965875e-16	4.60100243951863e-15	15.320165499807	down	780932
Igkv12-38	29.4246451047502	-8.64620062891449	1.10727359937688	-7.8085494260679	5.78499086088631e-15	5.28743090131622e-14	14.237697322809	down	620050
Igkv12-89	19.4940973025499	-8.51395999495051	1.094866356445	-7.77625501489982	7.4703042032781e-15	6.80094667069079e-14	14.126661712627	down	384411
Ighv1-36	22.7183166347585	-8.4050795011227	1.10716164498528	-7.59155588453795	3.16086789130451e-14	2.78164383390602e-13	13.5001936551495	down	629897
Dupd1	65.2007751736994	-8.38111421642289	0.865133057799361	-9.68765918822006	3.40237027107929e-22	4.22035679041794e-21	21.4682184250162	down	NA
Igkv8-27	26.377341252774	-8.36446622415012	1.13086836236249	-7.39649856918446	1.39822310762663e-13	1.19172070919555e-12	12.8544235248134	down	434041
Igkv6-20	17.9447253180025	-8.35906834570035	1.10812299050233	-7.54344817077667	4.57704793629391e-14	3.99753151485452e-13	13.3394145391001	down	108024
mt-Te	53.4385041008637	8.28851874594421	3.36888834670165	2.46031268862299	0.0138816012568754	0.035979936392043	1.85756043467979	up	17729
Igkv9-120	42.8029168935674	-8.23912084631968	1.03342528592729	-7.97263329871663	1.55328552020249e-15	1.45609163092667e-14	14.8087487062476	down	434025
Ighv7-3	16.4890445401923	-8.19402135795098	1.11499682336161	-7.34891901597244	1.99816198886522e-13	1.68923722863945e-12	12.6993693068915	down	629822
Ccl17	142.813600452606	8.16058688793155	0.629203461625897	12.9697107305229	1.81714812061982e-38	3.47727728977011e-37	37.7406096707404	up	20295
Ighv5-4	11.8747437838772	-8.13460651678739	1.17978337049204	-6.89500015023503	5.38647462539086e-12	4.23420387470842e-11	11.2686953816882	down	777688
Ighv1-39	15.9807420910841	-8.13310219006682	1.1193044178472	-7.26621110431201	3.69710664125988e-13	3.08917423004069e-12	12.4321380222311	down	780891
Igkv1-135	15.9487005292631	-8.1278248048852	1.11560759704941	-7.28555885275603	3.20339592387302e-13	2.68958773801732e-12	12.4943893813715	down	243420
Igkv4-86	11.671968761215	-8.11522986527479	1.16971727988951	-6.93777035254307	3.98336535937274e-12	3.14787071384029e-11	11.3997498577176	down	243451
Ighv3-8	11.4613019988822	-8.09043687775957	1.16871214260132	-6.92252316276261	4.43669222024639e-12	3.50080383103804e-11	11.3529406978746	down	780831
Igkv14-126	57.5973897418942	-8.04505103644546	0.864904277905785	-9.30166637159565	1.38261516984328e-20	1.61232890455311e-19	19.8592986824145	down	628127
Akr1c18	18.7930782212894	-7.9940740230564	1.71551868831607	-4.65985831428235	3.16427118114031e-06	1.57000588437578e-05	5.49972630411681	down	105349
Saa2	198.107472953208	-7.98462465272276	0.480187290895618	-16.6281465672077	4.35870014376433e-62	1.16300835206024e-60	61.3606430071897	down	20209
Igkv8-24	37.956788888299	-7.7838248103027	1.04476422734786	-7.45031712088955	9.31161341544857e-14	8.01837652746003e-13	13.0309750626579	down	677858
Igkv5-39	9.1098639241803	-7.75948773499229	1.2023054126154	-6.45384080748078	1.09050363703992e-10	7.96251061397158e-10	9.96237288162702	down	620017
Ighg2b	4373.55395012003	-7.73235883072303	0.0947925567452977	-81.5713711731549	0	0	Inf	down	16016
Ighv14-4	8.85377971172521	-7.71906744167193	1.20618173829369	-6.39958904749432	1.5579569885333e-10	1.12612784197175e-09	9.80744453633001	down	629826
Ighv2-2	45.5467026932208	-7.62174155217163	0.80304227276933	-9.49108385774971	2.2864437436974e-21	2.74782013696137e-20	20.640839479655	down	777686
Ighv1-80	12.0749557528224	-7.54322318584183	1.16718238790212	-6.46276303003502	1.0280822568666e-10	7.52254429453756e-10	9.98797213604688	down	668589
Igkv4-61	12.0183204144592	-7.53184569744499	1.16722048628685	-6.45280457799816	1.09798910200189e-10	8.00874865124862e-10	9.95940197041774	down	546244
Saa1	752.802823262432	-7.42291371409434	0.19662497731955	-37.7516316354397	7.07228029678411e-312	8.18773606137132e-310	311.150440535193	down	20208
Ighv1-54	7.21167310551169	-7.42018590644877	1.25956550214854	-5.89106790698189	3.83707824510972e-09	2.47633550789228e-08	8.41599934464507	down	211331
Ighv1-19	7.14220170607885	-7.4128341779122	1.23884695920184	-5.98365611091147	2.18183719461092e-09	1.43656572823055e-08	8.66117765893558	down	382692
Ighv1-72	32.861490975654	-7.40737680482946	0.899280777173716	-8.23700116009326	1.76580772318579e-16	1.73328625263631e-15	15.753056588021	down	619916
Ighv1-5	11.6972047974644	-7.39109085865527	1.16022004222519	-6.37042163526144	1.88509242517532e-10	1.3518045783974e-09	9.72466735168652	down	668469
Ighv1-81	11.1173359387096	-7.34953000358031	1.181542851804	-6.22028222874772	4.96261409831087e-10	3.44834662203068e-09	9.30428949500018	down	668591
Vmn2r26	6.55805841785602	-7.29179026968162	1.25508860405295	-5.8097812745131	6.25545141509638e-09	3.96705270965287e-08	8.20374134464178	down	56552
Ighv1-78	6.34840608589374	-7.24506486570351	1.26424691345965	-5.73073565659508	9.99959977073106e-09	6.2501997487182e-08	8.00001738208414	down	213570
Pnpla1	6.23037807238716	-7.2192494140017	1.2684595461057	-5.69135171568186	1.26037584781408e-08	7.82161176074972e-08	7.89949992766685	down	433091
Igkv12-46	16.9361730740752	-7.20484516470172	1.10221412399105	-6.53670190562737	6.28902190060488e-11	4.66394759383292e-10	10.2014168929014	down	692245
Igkv9-124	10.2327333813495	-7.19765762188113	1.18036992261416	-6.09779822747476	1.07539364926327e-09	7.24777757341439e-09	8.9684325325772	down	243431
Ighv1-47	25.1106554378425	-7.18561703084343	0.927105339532275	-7.75059394487856	9.14637229643925e-15	8.29783423097507e-14	14.0387511249542	down	629915
Ighv6-3	45.4336965502188	-7.16382760347818	0.770796727240326	-9.29405555356565	1.48518852007192e-20	1.72711180634926e-19	19.8282184163599	down	629845
Gm32051	13.9722494334109	-7.12449651875162	1.12868336062377	-6.31221896884728	2.75062658323168e-10	1.94768288712079e-09	9.56056836411758	down	102634475
Ighv5-17	5.77618030121006	-7.10779607615476	1.30455171070679	-5.44845866807674	5.08081948356359e-08	3.01908175699976e-07	7.29406623486434	down	780794
Gm11830	5.58560563954587	-7.06630650523999	1.28924612470585	-5.48096005086092	4.23024003002986e-08	2.5266257376266e-07	7.3736349894193	down	666897
Orm2	504.583628770875	-7.0159294089798	0.215747088928391	-32.5192309376117	5.70295692237747e-232	5.01451136309806e-230	231.243899908872	down	18406
Igkv4-57-1	5.22994145373788	-6.9727450072378	1.31359331030032	-5.30814594788371	1.10745952069229e-07	6.41599915254562e-07	6.95567213892995	down	384514
Caly	13.7660033376642	-6.9568648097827	1.26298961858149	-5.508251776128	3.62414814248764e-08	2.17647328937464e-07	7.44079405819446	down	68566
Igkv6-17	29.2913675177386	-6.92257615205161	0.907160736404988	-7.631035906035	2.32874802228012e-14	2.06154545608731e-13	13.6328775009258	down	667865
4930554I06Rik	11.5359194250392	-6.85120525532333	1.95296105047149	-3.50811156918326	0.000451299740831862	0.00164906808683065	3.3455349158823	down	75354
Igkv10-94	4.73637609598695	-6.83643435681581	1.34114048402719	-5.09747818236557	3.44208071786885e-07	1.89861090734963e-06	6.46317894954768	down	667550
Ncoa4-ps	13.0522887549908	-6.82851513210842	1.12709771799749	-6.05849432846039	1.37401591589533e-09	9.17140220094258e-09	8.8620082366029	down	627557
Igkv4-91	7.92542169773042	-6.8240089819073	1.22265634661281	-5.58129764002144	2.3873070018122e-08	1.45295241269756e-07	7.62209172819907	down	434033
Ighv1-74	7.81030914488197	-6.80663422421738	1.2151827713847	-5.60132548329436	2.12718881461607e-08	1.30186454354727e-07	7.6721939593185	down	100775173
Ctrcos	11.3859457225516	-6.80625931236062	1.99376441605765	-3.41377309051332	0.000640699121893099	0.00228036362102994	3.19334587122781	down	69139
Fam166a	4.51686707883981	-6.77205719183053	1.34861615058255	-5.02148605361524	5.12732273673756e-07	2.77672241452375e-06	6.29010934525262	down	NA
Stk31	4.47601521981771	-6.75939351442704	1.34730692956372	-5.01696633937439	5.24937603922943e-07	2.84060626542462e-06	6.27989231541765	down	77485
Ighv1-61	4.43212006968418	-6.74201150309405	1.37661256834305	-4.89753737408415	9.70451805808063e-07	5.09401641844691e-06	6.01302602750007	down	674018
Gm12861	11.0760777171648	-6.71507065969927	2.09888503096872	-3.19935135113141	0.00137737195996642	0.00459837460329066	2.86094876246861	down	NA
Gm47112	11.07309834128	-6.68777082780228	2.07594877522383	-3.22154906114252	0.00127499631301698	0.00428750172131045	2.89449107110351	down	115487203
Il10	222.602723956943	-6.6689809840125	0.285643393450907	-23.3472264260811	1.47053239134825e-120	6.90189741065456e-119	119.832525404867	down	16153
Igkv4-70	4.16215340817564	-6.66114101488864	1.36331018557161	-4.8860054633097	1.02902343818553e-06	5.38924841124613e-06	5.98757473314941	down	385120
Gm7177	10.6171865244342	-6.65293438944026	2.39625047351938	-2.77639356276019	0.00549656287400898	0.0159846073343188	2.25990879986424	down	100503735
Cd300ld3	32.963567101264	-6.64684185816499	0.723912434217383	-9.18183131548341	4.23821363110749e-20	4.83680908316807e-19	19.3728171560554	down	382551
Gm19583	10.7810426759753	-6.64214754282336	2.24450826433766	-2.95928852139175	0.00308350259124479	0.00955070013361328	2.51095568227486	down	100503184
Cacng5	10.6280576399895	-6.62288846180327	2.35570963501391	-2.81141969424604	0.00493234016044861	0.014489009952578	2.3069469797828	down	140723
5330439M10Rik	15.4001757084309	-6.61357588759002	1.20377884661211	-5.49401238126349	3.92902926303575e-08	2.35211263465677e-07	7.40571473659221	down	78237
Frmpd2	4.01607763910328	-6.61026048063547	1.39832114390823	-4.72728350667728	2.27543461030475e-06	1.15035860854296e-05	5.64293564040011	down	268729
Gp6	11.065709167818	-6.59788369751337	1.17901192733881	-5.59611276571705	2.19211150335993e-08	1.33923810080673e-07	7.65913735891836	down	243816
Ighv1-18	20.5072146681234	-6.56647461637159	0.915120814984694	-7.1755275465802	7.20288922529521e-13	5.93050211639379e-12	12.1424932642755	down	629871
Ighv1-15	3.66836910819248	-6.48941091153155	1.41113687889717	-4.59871115876663	4.25112693506916e-06	2.07420356356605e-05	5.37149592717189	down	629865
Gm47115	10.2605079082557	-6.48725566436982	2.60618733831381	-2.4891747300741	0.0128040020951462	0.0335204270930591	1.89265426346337	down	NA
Igkv1-117	117.277528698083	-6.40514242002655	0.374067031303427	-17.12298033245	1.00020846225639e-65	2.77911255266146e-64	64.9999094754275	down	16098
Hoxa9	3.42407456882323	-6.39888911890127	1.42176693284426	-4.50065968695744	6.77428899057181e-06	3.23338085832629e-05	5.16913628033184	down	15405
Epgn	3.42410652643656	-6.39826510728992	1.43391246711648	-4.46210299025888	8.11591999267587e-06	3.84643294808671e-05	5.09066224292389	down	71920
Olfr872	3.33865990198266	-6.364838733766	1.44901882414466	-4.39251625148699	1.12046251701525e-05	5.2282396757906e-05	4.9506026673982	down	NA
Gnat2	3.30699707046048	-6.3512801701157	1.49410282231611	-4.25089898449571	2.12914186249481e-05	9.56232484321753e-05	4.67179540101065	down	14686
Slfn14	3.27010706008032	-6.33788160194226	1.44366060887813	-4.39014652264249	1.13274308595105e-05	5.27963166363989e-05	4.94586857999183	down	237890
5830411K02Rik	3.22928715867155	-6.31953568586099	1.47189105701106	-4.2934805913516	1.75893697243976e-05	7.9961796615777e-05	4.75474972223215	down	76017
Gm14762	28.2942729069397	-6.31847738093471	1.59628955623586	-3.95822760115906	7.55079894330668e-05	0.000313510857102148	4.12200709362748	down	100041562
Gm10571	7.66629195991768	-6.31518987680972	1.31526280254922	-4.80146618954762	1.57508105685248e-06	8.10847681416722e-06	5.80269709162807	down	NA
4930532M18Rik	3.1916655753798	-6.30622887813639	1.44752481738801	-4.35656011032383	1.32122420925032e-05	6.11708315853533e-05	4.879023477179	down	75233
Ighv11-2	13.5001840144983	-6.30331261524815	0.985530784162844	-6.39585563083397	1.59650794891327e-10	1.15154646461299e-09	9.79682891479408	down	780818
2010110E17Rik	3.10330349026776	-6.26943751958506	1.4704554812826	-4.26360240033691	2.01157250400961e-05	9.07144761113532e-05	4.69646430933989	down	76691
Gdnf	13.1074713428476	-6.25930331221876	1.11809236571267	-5.5981987751335	2.16590332792551e-08	1.32400291729656e-07	7.66436093140666	down	14573
Ighv3-1	3.03773002425021	-6.24152307147472	1.47033360570332	-4.2449706973059	2.18621988792224e-05	9.8017719975068e-05	4.6603061592625	down	780803
Pcsk1	2.99386683173	-6.22152031380513	1.4813086773609	-4.20001611337983	2.66895985520106e-05	0.000118412719656238	4.57365795854512	down	18548
Lrit3	8.63438831771428	-6.2210705069796	1.17039693572422	-5.31535098656944	1.0645193454884e-07	6.1809748232468e-07	6.97284644172916	down	242235
Gm47328	2.8995459948484	-6.17992582207339	1.55138355625623	-3.9834931839723	6.79096201891306e-05	0.000284398829405404	4.16806869848666	down	NA
4930598N05Rik	89.2883558630981	6.1591277007362	1.56590092056956	3.93328059255241	8.37943255096882e-05	0.000345711730211125	4.07678539047798	up	102634128
Ighv1-4	4.90536113698564	-6.15056785185899	1.30075416202826	-4.72846294204314	2.26225904961548e-06	1.14453062235826e-05	5.64545766582218	down	432702
Slc17a3	2.7723289538419	-6.12204024251699	1.52620440712768	-4.01128460508032	6.03892579391508e-05	0.000255212278684641	4.21904030695257	down	105355
Gm37552	2.76443721417135	-6.11864956623392	1.5031330028954	-4.07059758148341	4.689269328326e-05	0.000201276382148271	4.32889482282807	down	NA
Ttc24	4.73950808231692	-6.10252624824579	1.31099790278173	-4.65487109879976	3.24183455876144e-06	1.60619568164597e-05	5.48920915236546	down	214191
Adam3	2.68406274156984	-6.08120346581155	1.55549872827877	-3.90948790587613	9.24919857189446e-05	0.000378746411946765	4.03389589654558	down	11497
Slc13a4	2.68105140807173	-6.07961573493428	1.51018313121467	-4.02574734763744	5.67946444032618e-05	0.000241047575299302	4.24569261527086	down	243755
Ighv1-63	12.0422091294471	-6.05754682722088	1.12594250323476	-5.3799788264658	7.44945998765276e-08	4.37663650078082e-07	7.12787520817556	down	780956
Prokr1	2.5350075966127	-6.00803821044042	1.53220866125385	-3.9211618902636	8.81230319186962e-05	0.000362494248352489	4.05491056913694	down	58182
Wnt6	38.2552523799667	-5.98137750649044	0.732263911410899	-8.16833577796527	3.12672647658883e-16	3.03463020137257e-15	15.5049101088126	down	22420
Igkv8-28	19.4904923347703	-5.96931279448818	0.961512116025119	-6.20825540833042	5.35760273407365e-10	3.71290599851549e-09	9.27102949244413	down	434040
Gm36862	2.44268366285873	-5.96206657078477	1.56274619803589	-3.81512146903835	0.000136115961242123	0.000543811448681865	3.86609094553187	down	102640910
4930507D05Rik	2.40477922210809	-5.94156755422995	1.58703736596093	-3.74381075182336	0.000181250191096943	0.000709442661958904	3.74172152686839	down	74706
Spink2	2.38401946375457	-5.93055217128683	1.55968887170096	-3.80239436139536	0.000143304377177539	0.000571107270224277	3.84374054404076	down	69982
Csf2	9.56694785699155	5.92922303284048	1.11838069374145	5.30161425891998	1.14783172946094e-07	6.63881915354884e-07	6.94012177424027	up	12981
Gm8221	64.3768121728117	5.90693991542078	0.480160331669945	12.3020156514743	8.8341715430039e-35	1.57212041660682e-33	34.0538341718133	up	666661
Fcnb	35.0641425220825	-5.90638219117832	0.582419917768995	-10.1411061177358	3.6296610370571e-24	4.82696275374812e-23	23.4401339305036	down	14134
Meg3	2.30259860316926	-5.88722404755596	1.57339964326245	-3.74172199209909	0.000182763633343693	0.000714963648441754	3.73811021674988	down	17263
Epb42	27.4738312650706	-5.87592455676268	0.644254526444701	-9.12050178240701	7.47772968976405e-20	8.42771276392608e-19	19.1262302380807	down	13828
Prg2	10.4140939483821	-5.87460634640674	1.02600383005781	-5.72571580563764	1.02998520691594e-08	6.43594054780246e-08	7.98716901277144	down	19074
Mst1r	2.26466220480529	-5.86830371670266	1.66437841141726	-3.52582301984177	0.000422168988266452	0.00155023428131887	3.374513672306	down	19882
Csf3	2.24193750093747	-5.85369405206159	1.59281608578361	-3.67505960311907	0.000237793894292809	0.000911419342131295	3.6237993007223	down	12985
4930402F06Rik	2.23997255542316	-5.85237891360216	1.58573497898207	-3.69064124281282	0.000223689439729104	0.000861638490668169	3.6503545182531	down	74854
Ighv1-9	27.6361459708866	-5.85203999332418	0.645763910777088	-9.06219733816041	1.2784863832018e-19	1.42931211049047e-18	18.8933038931612	down	668478
Ccdc192	33.2456946030027	-5.84266994875242	0.593570428234541	-9.84326319309791	7.32941734423477e-23	9.30760073348619e-22	22.1349305484477	down	75444
Apol7c	133.034296274701	5.82881898599953	0.329579728208508	17.6856113623346	5.4130741641366e-70	1.57987468496418e-68	69.266556022631	up	108956
Ighv14-3	14.0588172423626	-5.82729526306576	0.974595750379153	-5.97919215305292	2.24246913484654e-09	1.47555460375962e-08	8.64927352583485	down	238418
Rny1	8.32399665751448	-5.81757576231169	1.26047482069534	-4.61538435103561	3.92368487388459e-06	1.92254100839128e-05	5.40630587973976	down	19872
Redrum	2.16939085277986	-5.81488924078514	1.65301354391664	-3.5177505121993	0.00043522133632461	0.00159479117771559	3.36128982190155	down	77433
4930463O16Rik	2.16451044660743	-5.81066760780911	1.61723731153648	-3.5929591571744	0.000326943849678899	0.00122253416175463	3.48552682797743	down	75804
Ighe	2.16054859796549	-5.80828315013318	1.61201616083351	-3.60311719649879	0.000314423674363732	0.00117952744375622	3.50248476142892	down	380792
Olfr222	17.9823664124938	-5.80647506377079	1.00895794626279	-5.75492277480754	8.66814110373961e-09	5.44574592887639e-08	8.06207402766178	down	NA
Gm49463	2.14669810652537	-5.80151422950081	1.62821792373082	-3.56310672235294	0.000366491593933539	0.00135846999750641	3.43593598214194	down	NA
Ighv6-6	6.39585928723865	-5.77390972224033	1.21951825072177	-4.73458246223297	2.1950651321515e-06	1.11350930596166e-05	5.65855258880941	down	238427
Mcpt8	2.08800194980788	-5.76553720916866	1.61592933362896	-3.567938949546	0.000359800306792821	0.00133509234210392	3.44393847067815	down	17231
Ldhc	3.64219698493676	-5.73127470856331	1.37634436104852	-4.16412844834643	3.12544134762149e-05	0.000137407325407351	4.50508864670306	down	16833
Islr	2.02734084757609	-5.72999652094959	1.65045003764868	-3.47177823638507	0.00051702324497473	0.00186923098577869	3.28648993091511	down	26968
Gm46328	2.01944910790554	-5.72476236012867	1.63821626797892	-3.49450952967972	0.000474933654112488	0.00173026965350527	3.32336705493369	down	108167971
Fam183b	2.00360171333779	-5.71566760857139	1.63923269821064	-3.4867945318627	0.000488846771157867	0.00177598986474177	3.31082724899294	down	NA
Fbln1	3.59665170436113	-5.71018207386561	1.4611329152995	-3.90805108424727	9.30436360695245e-05	0.000380855692801575	4.03131332607331	down	14114
Ccl22	86.1338852027318	5.69873941330277	0.39829126048669	14.3079700175676	1.95126266236525e-46	4.25783901790884e-45	45.7096842656451	up	20299
Hs3st2	1.96867664847193	-5.69815844586259	1.74070991989645	-3.27346812971661	0.00106236370227309	0.00363762687999817	2.97372677624018	down	195646
Gm14866	1.95384368427466	-5.68513763585444	1.66935187366855	-3.40559574379059	0.000660198593270534	0.00234535944172599	3.18032540538513	down	100313945
Pnpla1os	1.93999319283454	-5.67570890025365	1.650654686292	-3.43845926551934	0.000585034549209161	0.00209656663301285	3.23281848590442	down	NA
Susd5	1.93802824732023	-5.67495091249181	1.65704721202574	-3.42473700888352	0.000615394813837841	0.00219555085183475	3.2108461680351	down	382111
D930020B18Rik	1.9360313441926	-5.67336034676427	1.65094244471674	-3.43643739060672	0.000589418566615677	0.00211010024217559	3.22957618804541	down	216393
Gm48834	1.92813960452205	-5.66994144217237	1.67135092184516	-3.39243025989586	0.000692755645263484	0.0024522396622466	3.159419926467	down	NA
Gypa	199.8844345888	-5.66133524070152	0.244524103265741	-23.1524629477895	1.37303175913428e-118	6.35835751746652e-117	117.862319417128	down	14934
D830039M14Rik	1.90338603991327	-5.65766568348436	1.71467608637531	-3.29955361740899	0.000968387267519521	0.00334084334069356	3.01395092935253	down	320949
Cyp1a1	5178.52983975991	5.63279554173173	0.0638474015135131	88.2227844548939	0	0	Inf	up	13076
Cyp4b1-ps2	18.7809077412789	-5.6311148306147	0.780245225251494	-7.21710899134261	5.31044144286033e-13	4.40017054583564e-12	12.2748693756738	down	631037
Igkv18-36	1.85758985949208	-5.62406972108065	1.67817704392763	-3.35129701686183	0.000804339816736555	0.00281471661477297	3.09456043215415	down	620088
Kcnj12	1.83778061628239	-5.61385051691905	1.70947840585462	-3.28395520978373	0.00102361188983131	0.00351649326940235	2.9898646781794	down	16515
Csta3	18.2878706752084	-5.60596866219918	0.769796087673952	-7.28240731794105	3.27915219153849e-13	2.75208427384094e-12	12.48423842645	down	408196
P2rx1	3.27664415633058	-5.58662511100431	1.410881021507	-3.95967131589669	7.50529884666737e-05	0.000311745909239987	4.12463201029951	down	18436
Gm47964	1.79689679964696	-5.58605450373068	1.72842035974787	-3.23188423014499	0.00122976868208901	0.00415216292385822	2.91017657111338	down	NA
AC099860.1	3.25247928805676	-5.58603187182518	1.40656220546324	-3.97140762785208	7.14492044574345e-05	0.000297905156400256	4.14600260244572	down	NA
Syndig1l	1.7702102471372	-5.56768529509244	1.71169246386024	-3.25273693297458	0.00114299261273876	0.00388371483072934	2.94195657647887	down	627191
Smpdl3b	410.738984538971	-5.55474076184225	0.163679573233626	-33.9366767159989	1.91798676070235e-252	1.76853655337506e-250	251.717154394962	down	100340
S1pr5	73.7578478913502	-5.54618202302357	0.373291239662785	-14.8575199033166	6.2184981864422e-50	1.42560268104807e-48	49.2063144879931	down	94226
Gm31938	1.72736148498747	-5.53740858314177	1.72824519547149	-3.20406421360314	0.0013550225126373	0.0045339296950624	2.86805348926712	down	102634330
Gm10226	10.5645133655588	-5.53579132730655	2.16260099056828	-2.55978395989354	0.0104737250890009	0.0281810144776876	1.97989882950812	down	100750327
Slc6a15	1.72042026046074	-5.53406571233753	1.7445086168637	-3.17227765964651	0.00151248324379755	0.00500931950373444	2.82030942802529	down	103098
Gzmc	7.28185371936311	5.52858957901551	1.16003046309739	4.76590034045627	1.88012179713919e-06	9.60055332775879e-06	5.72581401557031	up	14940
CAAA01098150.1	1.70165740523486	-5.5201590295081	1.72675285942071	-3.19684371703314	0.00138940182298971	0.0046325991342852	2.85717213563739	down	NA
Kcnmb4os2	1.68878938655189	-5.51382715546765	1.75665569213507	-3.13882064661519	0.00169629236627303	0.00556414868892865	2.77049929234101	down	100504412
Vcan	109.195960114529	-5.48960966828398	0.318094832189787	-17.2577769669917	9.78043727060583e-67	2.74312964040585e-65	66.009641728038	down	13003
Gm33432	1.65484679444319	-5.48717547508999	1.75652881002847	-3.12387445270599	0.00178486596442336	0.00582078588929865	2.74839439193103	down	102636334
Gm33111	1.62023654464955	-5.46527470357062	1.78247318869118	-3.06611888372	0.00216857072244035	0.00695564803523695	2.66382640986996	down	102635888
Ighv8-8	1.61922211427907	-5.4638035622225	1.77324708625022	-3.08124209231127	0.00206138970988197	0.0066425390697743	2.68583989621115	down	780938
Slc28a1	5.04845786101912	-5.46179219178403	1.26126881300541	-4.33039502401507	1.48842090250583e-05	6.8440430686935e-05	4.82727423963196	down	434203
Gm43518	6.23688097677788	-5.4592754903898	1.44701686416259	-3.77277945101847	0.000161438986616354	0.000637889086480509	3.79199157724881	down	NA
Gm49906	1.57738778249982	-5.43082434419771	1.77754992477249	-3.05523027427362	0.00224887782453902	0.00718668378861655	2.64803413797024	down	NA
Albfm1	1.56255481830254	-5.41941564369611	1.76964228054511	-3.06243567034731	0.00219543659018026	0.00702721048777148	2.65847910191304	down	622307
Slc24a1	92.8104737574133	-5.41540695754103	0.32908662538392	-16.4558707034152	7.61193482329237e-61	1.99027741257954e-59	60.118504938988	down	214111
Gm21388	1.55561359377582	-5.41417374038298	1.76744165039198	-3.06328287509929	0.0021892300857793	0.00701219885606436	2.6597085921401	down	100861998
Dapl1	6.69729949492509	5.41250045741756	1.21437445838437	4.4570275832534	8.31039135683715e-06	3.93412643082983e-05	5.08037852373541	up	76747
Gm47769	1.54870432686242	-5.41219946380126	1.80204792558326	-3.00336044728085	0.00267015977108795	0.00841298147410066	2.57346275150962	down	NA
Rpl3l	73.7898521437006	-5.40395696226037	0.365658295730536	-14.7787074034899	2.00986430395752e-49	4.56247954577024e-48	48.6968332629934	down	66211
Igkv4-74	4.89889902355809	-5.39796305812557	1.273662722554	-4.23814167011292	2.25377541816147e-05	0.000100829596262488	4.6470893622529	down	236047
Marchf11	1.51079988611178	-5.3846005374026	1.84786926252523	-2.91395102813941	0.00356885886780468	0.0109017077024599	2.44747062608344	down	211147
Cstdc5	55.0182635891029	-5.3828244065757	0.411157114200278	-13.091891689739	3.6636816017346e-39	7.12196463605852e-38	38.4360822764393	down	100034684
Gm13261	2.78138437378656	-5.37219691737902	1.49825889794277	-3.58562657278758	0.000336269856619074	0.00125448040495612	3.47331206129295	down	102633824
Cd300ld4	1.49596692191451	-5.36873957471414	1.7959889816857	-2.98929427154674	0.00279622682062784	0.00875327786015677	2.55342760297225	down	100043123
Gm11264	1.48902569738779	-5.36267862530725	1.78743331417024	-3.00021185841929	0.0026979188111068	0.00849145598922437	2.56897112375931	down	102635575
Gm5259	1.48211643047439	-5.35904416856684	1.80428391304088	-2.97017788045057	0.0029762735611098	0.00925157588603328	2.52632715356288	down	383542
Adgre4	706.900293461773	-5.3583610251	0.120243970161062	-44.5624093908632	0	0	Inf	down	52614
Gpr20	1.46826593903427	-5.35360171636065	1.86078167606757	-2.87707138629747	0.00401384780945207	0.0120899064283218	2.39643909840763	down	239530
Gm45121	1.46430409039233	-5.35122608303826	1.86833670087097	-2.86416580081291	0.00418109097232198	0.0125474877264138	2.37871038295243	down	NA
Fut1	2.73680047736365	-5.34924123593013	1.47251156180212	-3.6327329269887	0.000280435234635065	0.00106023038000002	3.55216742135361	down	14343
Klra9	17.2109454551941	5.34285826215496	0.771828004267437	6.92234310314513	4.44233694993767e-12	3.50393110142889e-11	11.3523885034308	up	16640
F730035M05Rik	2.68022154575976	-5.32704001150999	1.47162389670125	-3.61983793783923	0.000294787587373385	0.00111066326763225	3.5304908072741	down	414124
Dnah12	163.76759038491	-5.3206760200284	0.242794213476706	-21.91434443119	1.89604396624678e-106	7.88655892467396e-105	105.722151596282	down	110083
Rn7s2	14.17383217809	-5.31373647369738	0.803309841794405	-6.61480315220307	3.72046483652676e-11	2.79289505505696e-10	10.4294027957829	down	103949
D330050G23Rik	4.54133716800398	-5.30931342700902	1.28307057754368	-4.13797457437859	3.50385187549506e-05	0.000153042903444648	4.45545426181185	down	320975
Gm26766	6.81583798217517	-5.30595612677332	1.06808572389208	-4.96772497570562	6.77429451645677e-07	3.61880347163401e-06	6.16913592607173	down	108168238
Gm2822	1.41058421268726	-5.30201280235553	1.83048664181283	-2.89650450390867	0.00377345225732319	0.0114594828898802	2.42326114044196	down	100040524
6030440G07Rik	1.40858730955963	-5.29969826080557	1.82319008665234	-2.90682704979854	0.00365115004256127	0.0111279765379791	2.43757031952426	down	77878
Gm19519	1.40858730955963	-5.29969826080557	1.82319008665234	-2.90682704979854	0.00365115004256127	0.0111279765379791	2.43757031952426	down	100503033
Gm42707	1.40462546091769	-5.2977763927647	1.83567594455828	-2.8860085073673	0.00390161610677945	0.0117971239189171	2.40875546454408	down	118568600
Olfr925-ps1	1.40364298816054	-5.2965752382312	1.83137487706727	-2.89213055423859	0.00382638908346072	0.0115982723069437	2.4172108711596	down	NA
Olfr223	1.39771619400429	-5.29432221114507	1.85690584982532	-2.85115274511258	0.00435610381655621	0.0129903903024062	2.3609017784984	down	NA
AU015791	6.00646888646207	-5.28865575116156	1.52926931386638	-3.45828933020992	0.000543617238693641	0.00195824367106945	3.26470677977101	down	104932
Tspan11	2.59477156076432	-5.28151396905703	1.4763893748628	-3.57731778552514	0.000347138046056975	0.0012913262659374	3.45949778538619	down	68498
Mybph	2.58098834509239	-5.27843584005906	1.48467991009656	-3.55526858292018	0.000377593168038767	0.00139713494828833	3.42297587218622	down	53311
Adam5	2.58188245347691	-5.27261658498546	1.49755076626766	-3.52082660818663	0.000430203826866849	0.0015777925990986	3.36632573067621	down	11499
Gm10043	6.01337815337547	-5.26083571401583	1.48819098641235	-3.53505414429257	0.000407691611537554	0.00150024465704239	3.38966822428596	down	100042253
Marco	226.889954414525	-5.25867397431626	0.213228214419479	-24.6621864214038	2.72367747811244e-134	1.41542930090736e-132	133.564844320316	down	17167
Gm34068	4.4677196827166	-5.25649196176444	1.28516956490927	-4.09011550326867	4.31158420259985e-05	0.00018597461178573	4.36536312797518	down	102637191
Olfr39	1.35388495909741	-5.25615462096214	1.87165402735871	-2.80829391764228	0.00498047478984739	0.0146159856563343	2.3027292538704	down	NA
Gm43797	1.33312520074389	-5.24237577956055	1.9061725798028	-2.75021046630673	0.00595569980061914	0.0171475367417999	2.22506720115161	down	NA
Rps12-ps15	2.49224752968149	-5.23535730589998	1.6868905262239	-3.10355486886236	0.00191210775704755	0.0061931012665704	2.71848763665592	down	665522
Gm14024	1.31629533341899	-5.23453335667851	1.97328563712143	-2.65269926370846	0.00798509804323829	0.0222402376534406	2.09771974710521	down	671466
Rgs13	17.2630349176404	-5.23252951111262	0.727063856980585	-7.19679497319909	6.16443471532576e-13	5.08660941142071e-12	12.2101067424698	down	246709
4930428O21Rik	4.34035640459193	-5.22418164977574	1.33179640210345	-3.92265787888046	8.75774683968589e-05	0.000360463532277729	4.05760761311929	down	654809
Mlana	2.46654008938734	-5.21433227164169	1.50397109363467	-3.46704287982034	0.000526217937845247	0.00190049490585045	3.27883435166189	down	77836
Slc4a1	302.725805056008	-5.21100497619917	0.173442359222955	-30.0445923334136	2.56897083830115e-198	1.89839657089921e-196	197.590240825604	down	20533
Gm5134	29.4258590178657	-5.20835884101067	1.04650223340417	-4.97692090352103	6.46037051013498e-07	3.45819833189578e-06	6.18974257397197	down	333669
Gm48614	8.70010483777216	-5.20671759848936	1.21110506696662	-4.29914607782981	1.71457440262636e-05	7.8098395576679e-05	4.76584366426793	down	NA
E330032C10Rik	1.28726510509605	-5.20580921595726	1.97033703889672	-2.64209072518487	0.00823959812868124	0.0228659960510082	2.08409396970486	down	328855
Gm12506	17.1717370998387	-5.20035621290257	0.719175081467509	-7.23100166692512	4.79444466229186e-13	3.98848033203593e-12	12.3192616896549	down	102637640
H2bu1-ps	2.42901773947711	-5.19937077677462	1.50952244019263	-3.44438124160058	0.000572368016683223	0.00205541566425326	3.24232464214858	down	NA
Spic	53.1797396092578	-5.19388853743077	0.406748354749066	-12.769292061759	2.43357744875842e-37	4.56055040060042e-36	36.6137548277508	down	20728
D130058E05Rik	1.26352597085775	-5.18156452464649	1.93340078984376	-2.68002607212404	0.0073616426113915	0.0207506114403879	2.13302527024551	down	NA
BC018473	1.26159298295677	-5.18031451175112	1.93756154202941	-2.67362579168723	0.00750361288888806	0.0210937257509157	2.12472957928736	down	193217
Gfap	1.26254349810059	-5.17782198886329	1.90545546240343	-2.71736710252586	0.0065803576133003	0.0187538392100062	2.18175050376253	down	14580
D930032P07Rik	1.25861360707198	-5.17449699760875	1.90646889176621	-2.71417856328877	0.00664403429808258	0.018917206003244	2.17756813428362	down	320176
Tnfrsf11b	1.25959607982913	-5.17379689503725	1.89176311510498	-2.73490737488564	0.00623978315770453	0.0178736551509835	2.20483050247281	down	18383
Gzma	148.417907494077	5.17345810596259	0.539695950365714	9.58587534788227	9.16769161256433e-22	1.11918878450046e-20	21.0377400041479	up	14938
Gm40723	1.25661670394435	-5.17181886315378	1.8977932675903	-2.72517505013633	0.00642674035075836	0.0183637518400457	2.19200924583579	down	105245244
Hbq1b	48.654089770959	-5.17054890404422	0.439710027273446	-11.7589970283502	6.34839302670713e-32	1.04580365441541e-30	31.1973361940712	down	544763
Trgc2	11.9736089293844	5.16979826056689	0.865111641608807	5.97587410909518	2.28859688338982e-09	1.50400726751689e-08	8.64043069781786	up	107574
Ighv4-1	1.25167238254526	-5.16880221175281	1.91043932428366	-2.70555685598176	0.00681899741650518	0.0193598211393122	2.16627947409529	down	780802
Chrng	2.3693710676158	-5.16648858655487	1.52037906780567	-3.39815819354284	0.000678411788918938	0.0024051417606808	3.16850661384987	down	11449
Ambn	1.22891572106411	-5.16399531343304	2.07212542097807	-2.49212487871297	0.0126981383182138	0.0332767233920093	1.89625994655527	down	11698
Adrb1	61.0472759523241	-5.1474442403717	0.401086824808975	-12.8337405319241	1.06114597320417e-37	2.00119646476034e-36	36.9742248696364	down	11554
Areg	169.77560279212	-5.14608211381991	0.230072295568214	-22.3672393979924	8.20602408252975e-111	3.59254907260163e-109	110.085867212827	down	11839
Ighv2-5	8.15061236452953	-5.13972094379652	0.960478028838348	-5.35121136504576	8.73674028896451e-08	5.11562042376318e-07	7.05865057406803	down	638605
5830418P13Rik	1.20784114763837	-5.13058697204646	1.9621343752475	-2.61479898460028	0.00892799823949142	0.0245449281415253	2.04924590404485	down	100529079
Gm12724	1.20584424451074	-5.12946962602033	1.96890180332497	-2.60524400828826	0.0091808850574504	0.0251373622010523	2.03711544984027	down	105244641
Fdps	1.20486177175359	-5.12668527510829	1.95105338057723	-2.62764992805657	0.00859769447564791	0.0237244908869209	2.06561799186588	down	110196
Nyx	2.29089762530195	-5.12257864389956	1.521704934372	-3.36634161340459	0.000761723117167877	0.00267682091714357	3.11820286401263	down	236690
Gm829	1.20191435348213	-5.12236439901658	1.93593506830469	-2.64593812203746	0.00814647167723528	0.0226473216758146	2.08903044805678	down	329839
Gm15323	2.28987983438993	-5.12017759930783	1.56159464872192	-3.2788134894663	0.0010424450805369	0.0035757660653976	2.98194681582475	down	102636755
Gm35520	1.19598755932589	-5.11693462671366	1.93594384309429	-2.64312141334382	0.0082145573043276	0.0228086532837207	2.08541583642468	down	102639136
Gm49783	1.19598755932589	-5.11693462671366	1.93594384309429	-2.64312141334382	0.0082145573043276	0.0228086532837207	2.08541583642468	down	NA
Gm23143	5.87129619055837	-5.11584476693417	1.52021325153751	-3.36521521685205	0.000764839758569918	0.00268732013637473	3.11642954426919	down	115490088
Map6	18.4906110414075	-5.11560058719915	0.674059937813378	-7.58923695093636	3.21794831243851e-14	2.82829290944353e-13	13.4924209359371	down	17760
Adam18	1.19497312895541	-5.11496422998715	1.92662025187769	-2.65488968311326	0.00793343484912292	0.0221288781717136	2.10053874041964	down	13524
A630023P12Rik	14.817038203991	5.11472087212069	0.787226496273155	6.49714014497038	8.18611987966869e-11	6.02793470573908e-10	10.0869218997228	up	231603
Igkv4-53	1.19101128031347	-5.11268168675174	1.93906727518016	-2.63667060560172	0.00837240871626166	0.0231949780960086	2.07714957884214	down	546213
Smco2	1.1860989165277	-5.11131805276072	1.96853485272919	-2.5965087921478	0.00941764954330958	0.0257012046664521	2.026057474887	down	69371
Gm10945	1.18806386204201	-5.10849214736095	1.92561160925451	-2.65291927136785	0.007979895370323	0.0222287180353109	2.09800280293364	down	NA
Gm12159	37.4430142969413	5.10793353541793	0.509726343104307	10.0209330055611	1.23333107319731e-23	1.61643938580873e-22	22.9089203265166	up	100504255
Ankrd53	1.18210511027244	-5.10773026922706	1.96973005166436	-2.59311181494703	0.00951118423529183	0.0259225174312381	2.02176540579307	down	75305
Ighv3-6	52.2653079217068	-5.10656753051899	0.407110310826041	-12.5434492684737	4.31784260438312e-36	7.8929405291877e-35	35.3647331927785	down	780829
Klk2-ps	1.18508448615722	-5.1061607425052	1.92948929510406	-2.6463794100655	0.00813585072819244	0.0226208129852972	2.08959702819213	down	16603
Pex5l	1.18508448615722	-5.1061607425052	1.92948929510406	-2.6463794100655	0.00813585072819244	0.0226208129852972	2.08959702819213	down	58869
Gm14236	1.18014016475813	-5.1027931990013	1.94056319278466	-2.62954240190391	0.00854998687174971	0.0236187524132841	2.06803455211756	down	NA
Ctcfl	1.17519584335904	-5.10026445261317	1.95975916739212	-2.60249551958988	0.00925480244375609	0.0253118342276849	2.03363284741376	down	664799
Gucy2g	22.5333549229554	-5.09961286507004	0.701083952644596	-7.27389757793417	3.4926083635672e-13	2.92534026078685e-12	12.4568501103479	down	73707
Olfr283	1.1712339947171	-5.09861932087	1.97924763902807	-2.57603910714969	0.00999393422691248	0.0270612779826701	2.00026351310666	down	NA
Kbtbd12	12.0258401231533	-5.09817930911026	0.941240521641289	-5.41644690373115	6.07950332572289e-08	3.59304508805273e-07	7.21613189962672	down	74589
Gm47077	9.85912296076438	-5.06753863809958	0.85774791486887	-5.90795797955894	3.46374337112411e-09	2.24303754228885e-08	8.46045429235716	down	NA
Stfa1	181.709476906392	-5.06432961753084	0.225329392296243	-22.4752286682277	7.25291532296859e-112	3.20219284778268e-110	111.139487392852	down	20861
Ighv1-71	1.13234708120931	-5.05957752347349	2.00129485157349	-2.52815197095793	0.0114664706900858	0.0305133166531348	1.94057023473025	down	619886
Gm10433	3.79828204963916	-5.05825681907675	1.32019196463179	-3.83145554176094	0.000127387395359512	0.000510996329527791	3.89487354214687	down	100038378
Gm40293	1.1284171901807	-5.05704167220631	2.01282876677254	-2.51240530525356	0.0119911281813932	0.0317150806158209	1.92113995452384	down	105244736
A430034D21Rik	1.12543781429591	-5.05010496854858	1.97599548917594	-2.55572697215754	0.0105966227489865	0.0284537042799166	1.9748325267337	down	320763
Rhcg	1.11951102013967	-5.04559852055411	1.98716150437337	-2.53909836188436	0.0111138571934682	0.0296658985595855	1.95413518794359	down	56315
Icam5	1.12147596565397	-5.04480135180166	1.96317322665791	-2.56971788495195	0.0101781364108451	0.0275135795389286	1.9923317328614	down	15898
Meltf	1.11947906252634	-5.04452399777744	1.97795741555954	-2.55037037607324	0.0107608531739015	0.0288307301736866	1.96815329428037	down	30060
Gm12313	1.11849658976919	-5.04200709689114	1.96415519322846	-2.56701054696378	0.0102579492291989	0.0276790630567493	1.98893945476659	down	115487759
Adra1d	1.11751411701204	-5.04059468789293	1.96015595937098	-2.57152736433812	0.0101251013338777	0.0273737657883598	1.99460062159244	down	11550
Myl3	1.11751411701204	-5.04059468789293	1.96015595937098	-2.57152736433812	0.0101251013338777	0.0273737657883598	1.99460062159244	down	17897
Gm48694	1.11653164425488	-5.04017272365315	1.96481080088984	-2.56522038731186	0.0103110289624286	0.0277970934732275	1.98669799326092	down	NA
Aspg	1.11057289248531	-5.03868707892092	2.00383586516056	-2.51452085798314	0.0119194251731397	0.0315645869468241	1.92374468840057	down	104816
Kcnq2	1.10860794697101	-5.03355187269539	1.97483116907743	-2.54885174566436	0.0108078234536504	0.0289379715984352	1.96626175815069	down	16536
Clvs2	1.10268115281476	-5.03176564496883	2.01137573099474	-2.50165375241966	0.0123614754194414	0.0325458984542942	1.90792969038955	down	215890
BC106175	1.10464609832907	-5.03159520432075	1.99217944355007	-2.52567368898979	0.0115476683675972	0.0306902003714268	1.93750569692421	down	724112
Abca15	10.958859619934	-5.02578770561402	2.1218933688793	-2.36853923921183	0.0178584859080711	0.0449080472834915	1.74815536457647	down	320631
Col6a1	3.80015863078083	-5.02485559972961	1.32460781022831	-3.79346668570792	0.000148558570344188	0.000590128106634109	3.82810228868816	down	12833
Gm30849	3.79374969582977	-5.0202776419886	1.36091912178788	-3.68888757723773	0.000225236711223611	0.000866637338476519	3.64736082260196	down	102632892
Fpr3	57.5580670133073	-5.00603180810468	0.38465645941573	-13.0142928464234	1.01477343733549e-38	1.95442362852442e-37	37.9936309093746	down	14294
Gm26748	1.06179733617934	-4.99574794535444	2.10085726790194	-2.37795685679471	0.0174088626435403	0.0439258128863949	1.75922960129906	down	102635772
Gm33981	1.06179733617934	-4.99574794535444	2.10085726790194	-2.37795685679471	0.0174088626435403	0.0439258128863949	1.75922960129906	down	102637079
Tspo2	53.1007482596637	-4.99441840557162	0.389035232483929	-12.8379591063849	1.0048875660486e-37	1.8968163033412e-36	36.9978825274736	down	70026
5430403N17Rik	1.05983239066503	-4.99236839929616	2.08768887534113	-2.39133735790991	0.016787119857359	0.0425631817383506	1.77502380876675	down	330737
Gm47196	7.33451422766185	-4.99122029885732	1.00246968433514	-4.97892392842541	6.39387655960737e-07	3.4243637529082e-06	6.19423575248705	down	NA
Trim72	2.06441542601475	-4.9889198651925	1.56045676029239	-3.19708946261202	0.00138821864059738	0.00462939482339717	2.85754212831413	down	434246
Gm49431	2.07128937477329	-4.9888422590881	1.55925711101602	-3.19949944357628	0.00137666452959877	0.00459674926010394	2.86117187724063	down	NA
Gm38004	2.06634505337419	-4.98633508067472	1.56475928232605	-3.18664674943639	0.00143932449724845	0.00478298249053747	2.84184128286875	down	NA
Gm17098	1.04991179025352	-4.98405128694604	2.10549210220397	-2.36716693533491	0.0179248456884498	0.0450368771764655	1.74654457440177	down	NA
Ighv5-3	1.05587054202309	-4.98301870991897	2.03913411786712	-2.44369346099269	0.0145377728860592	0.0374648878742622	1.83750212011922	down	777687
Olfr5	1.05587054202309	-4.98301870991897	2.03913411786712	-2.44369346099269	0.0145377728860592	0.0374648878742622	1.83750212011922	down	NA
Mptx2	1.05390559650879	-4.981093488215	2.03988589646653	-2.44184907442284	0.0146122540035644	0.0376117540983546	1.83528278709059	down	100504232
Gm20611	1.05289116613831	-4.97973866520979	2.03722150865607	-2.44437762121159	0.0145102299524439	0.0374184732061598	1.83832570497879	down	327760
Neto1	1.04699632959539	-4.97702555219822	2.06737508427248	-2.40741295087711	0.0160659917956966	0.0409289979254917	1.79409245915057	down	246317
Vsig8	9.80237495491866	-4.96897035534865	1.06955641220398	-4.64582353829226	3.3872245353887e-06	1.67385278854553e-05	5.47015601349763	down	240916
Gm49604	1.03412831091242	-4.96694171495884	2.09786748967401	-2.3676146083615	0.0179031740966972	0.0450095602607158	1.74706996508294	down	NA
Gm48707	1.04202005058297	-4.96515472947257	2.00790901505292	-2.47279866380884	0.0134059644618852	0.0349514441913207	1.8727019362199	down	NA
Gsg1	1.04202005058297	-4.96515472947257	2.00790901505292	-2.47279866380884	0.0134059644618852	0.0349514441913207	1.8727019362199	down	14840
Gm44430	1.04103757782582	-4.96418386214438	2.00828889090811	-2.47184749396272	0.0134416844627731	0.0350259336422057	1.87154630367448	down	NA
Slc13a5	1.04103757782582	-4.96418386214438	2.00828889090811	-2.47184749396272	0.0134416844627731	0.0350259336422057	1.87154630367448	down	237831
Gm29541	1.03805820194103	-4.96250363502482	2.02051842570063	-2.45605463028828	0.0140471801125151	0.0363729108306042	1.85241084903205	down	NA
Gm15847	1.03707572918388	-4.96075197759316	2.01418299357065	-2.46291026854466	0.0137814401433013	0.0357648108525849	1.86070539682545	down	NA
Myh3	1.03707572918388	-4.96075197759316	2.01418299357065	-2.46291026854466	0.0137814401433013	0.0357648108525849	1.86070539682545	down	17883
Gm18730	1.03609325642673	-4.96055494479759	2.02128600984766	-2.4541578582298	0.0141214974946379	0.0365471791220516	1.85011924668551	down	100417640
Guca2b	1.03311388054194	-4.95838421580584	2.02949147419602	-2.44316582693214	0.0145590458606552	0.0375025904437816	1.8368670859454	down	14916
Stmnd1	1.03311388054194	-4.95838421580584	2.02949147419602	-2.44316582693214	0.0145590458606552	0.0375025904437816	1.8368670859454	down	380842
Dmkn	9.7811644123081	-4.9572375837656	1.05271836571475	-4.70898746066793	2.48950384144099e-06	1.25280778922455e-05	5.6038871992478	down	73712
Ccdc83	1.0271870863857	-4.95550605742822	2.05904196705429	-2.40670473779496	0.0160971783677537	0.0410024223104891	1.79325024363949	down	75338
Tmem26	28.2576345867852	-4.95162290747319	0.559204388477696	-8.85476403529814	8.38610281886891e-19	9.0925076296779e-18	18.0764398171777	down	327766
Gm40153	51.1952768112834	-4.94528197099014	0.559914394073498	-8.83221082246547	1.02626780703819e-18	1.10638359187113e-17	17.9887392942512	down	105244560
Ighv1-52	3.49332640803812	-4.9413736305088	1.35178179846631	-3.65545211225299	0.000256729130278279	0.000976986549647379	3.59052485045071	down	382696
Gm48303	2.00614500333279	-4.93882355655622	1.57850915575977	-3.12878993354908	0.00175527746215029	0.00573506225050954	2.75565422349652	down	NA
Gm33994	0.981358948351181	-4.90642014123864	2.10320342533455	-2.33283194679953	0.0196569672474065	0.0486903055353267	1.70648348596041	down	102637095
Cck	0.980376475594029	-4.90374309120913	2.08903747605779	-2.34736961275724	0.0189064891657524	0.0471166582463229	1.72338910983817	down	12424
Gm47888	0.97641462695209	-4.89826328748782	2.07917828446744	-2.35586497034931	0.0184796337058424	0.0462356929758733	1.73330664140098	down	NA
Gm29367	1.935113117508	-4.89695179413107	1.58354020852216	-3.0924076116142	0.00198540023899571	0.00641517843847203	2.70215193017761	down	NA
Fam136b-ps	0.973467208680631	-4.89362949184765	2.06714198551648	-2.36734076620526	0.0179164279089746	0.0450211553352373	1.7467485735835	down	625796
Col22a1	1.92718942022412	-4.89282851310756	1.59369907655033	-3.07010814343848	0.00213981275323752	0.00687292816965422	2.66962422842352	down	69700
Abcg8	0.970487832795846	-4.88922403633744	2.05771481476023	-2.37604550507508	0.0174993045769921	0.0441059516303747	1.75697920984947	down	67470
Gm42458	0.970487832795846	-4.88922403633744	2.05771481476023	-2.37604550507508	0.0174993045769921	0.0441059516303747	1.75697920984947	down	118567452
Skint4	0.969505360038693	-4.88819540883031	2.05815280147038	-2.37504008708104	0.0175470443899711	0.0441995476903914	1.75579602525085	down	320640
Gm25979	0.962564135511969	-4.88427772286422	2.09050604933979	-2.33640927487712	0.0194699210229633	0.0482843846480462	1.71063581013178	down	115485733
Gmnc	0.961581662754816	-4.88110020324701	2.07245742129715	-2.35522339474263	0.0185115731443723	0.0462912647366648	1.7325566726091	down	239789
Igfn1	0.960599189997663	-4.88006421265869	2.0729048488959	-2.35421525269622	0.0185618588900504	0.0463690454818702	1.73137853322136	down	226438
Kiss1r	0.960599189997663	-4.88006421265869	2.0729048488959	-2.35421525269622	0.0185618588900504	0.0463690454818702	1.73137853322136	down	114229
1700019C18Rik	28.586383072033	-4.8734240638437	0.507326576325688	-9.60608864439838	7.53573299738811e-22	9.23204820297301e-21	21.1228744976641	down	75543
Col6a5	11.9553395991961	-4.87035504723703	0.753753224769893	-6.46147158935719	1.03689625140994e-10	7.58437380945303e-10	9.98426469558227	down	665033
Snca	1657.80966213079	-4.87020735279893	0.0914931621968306	-53.2302877708127	0	0	Inf	down	20617
Gtf2a1l	1.87546644564668	-4.85787146581767	1.61509468881118	-3.00779359840098	0.00263151797350471	0.00830001559707352	2.57979365936616	down	71828
1700001P01Rik	1.87448397288953	-4.85768805016928	1.62038605736733	-2.99785845976832	0.00271883911878044	0.00855342518059566	2.56561649005614	down	NA
Klra13-ps	15.1493924545993	4.85748105157829	0.734428813024841	6.61395762997386	3.74178879272663e-11	2.8078911289748e-10	10.4269207301289	up	16631
Daw1	1.87395168331387	-4.85059715353942	1.6042089516014	-3.02366917270802	0.00249729360992043	0.00792222583911277	2.60253039410358	down	71227
Susd2	1.85765410556463	-4.84560346249223	1.60494509441262	-3.0191708609606	0.0025346753921686	0.00802737089626162	2.59607765148517	down	71733
Gm17634	6.46044804625283	-4.84023669780428	1.40637215192687	-3.44164714238166	0.000578183919162415	0.0020748707923929	3.23793399138578	down	100504568
Cxcl13	160.931331737731	-4.83146206878598	0.230751562033969	-20.9379387346237	2.41691637926445e-97	9.30981893299294e-96	96.6167383751001	down	55985
Igkv8-19	5.07525438366056	-4.83103954597895	1.14428596821131	-4.22188131305202	2.42271677617685e-05	0.000107997619671717	4.6156973533957	down	232065
Olfr558	4.83404577571624	-4.82439052132773	1.16336534459008	-4.14692645243583	3.36968246075009e-05	0.00014739885138449	4.47241102258312	down	NA
Tnfsf8	33.5258631762628	4.81835348039934	0.501197669634106	9.6136789381262	7.00021364955258e-22	8.58698607296251e-21	21.1548887049278	up	21949
Utf1	4.45141087704762	4.81307156505842	1.25599491815538	3.83207885277686	0.00012706499638237	0.000509899376008511	3.89597407156781	up	22286
Gm47079	1.78621025215013	-4.80593313845562	1.63132454257313	-2.94603128502872	0.00321879842448361	0.00993137997746728	2.49230621992065	down	NA
Sult6b2	1.80638131416868	-4.80369273787155	1.6213360238947	-2.9627989923596	0.00304855575098389	0.00945369840695732	2.51590585833494	down	330440
Glt8d2	1.79010482502387	-4.80305565792082	1.62147032445021	-2.96216069174709	0.0030548830580645	0.00947191013941468	2.51500541003987	down	74782
Gm32569	3.17605276539266	-4.8003966390423	1.41850135997018	-3.38413256025585	0.000714035202554985	0.00252071482060703	3.14628037660126	down	102635160
Ighv1-22	11.3867132432699	-4.79901373107455	0.82725573686411	-5.80112475165931	6.58715686362126e-09	4.16979835604506e-08	8.18130199433988	down	780883
Gstm3	1.76938038482522	-4.7938380154001	1.62158069798668	-2.95627471475951	0.00311379613917759	0.00963021634673818	2.50670982417908	down	14864
Toe1	1.76839791206807	-4.79339699826709	1.62391821931811	-2.95174777968799	0.00315980916033416	0.0097594876377951	2.50033914621596	down	68276
9930004E17Rik	1.76443606342613	-4.79104971694931	1.62729858930051	-2.94417370509043	0.00323818198301801	0.00998527291271269	2.4896987479237	down	654819
1700047F07Rik	1.7515327265883	-4.78436124484897	1.70447259409187	-2.8069452459563	0.00500137419635223	0.0146649270969163	2.30091065088498	down	102633724
Slc22a3	1.72647521591619	-4.75518649470607	1.66697166250149	-2.85258988000453	0.00433645472665628	0.0129447615024768	2.36286518336013	down	20519
Wfdc21	2787.07844330166	-4.75359572750928	0.0621905338755076	-76.4360012896011	0	0	Inf	down	66107
Gm45052	10.9247707907072	-4.74544902954968	1.88897792105213	-2.51217813435667	0.0119988504362405	0.0317234260645543	1.92086036004505	down	NA
Gm12766	11.8232554647759	-4.74291113555498	1.78987690767236	-2.64985324701624	0.00805267408002804	0.0224104801220225	2.09405987797323	down	NA
Gm12261	3.05820294661758	-4.73252491441426	1.3896857038868	-3.40546420041445	0.000660516730679252	0.00234608967967018	3.18011617736868	down	668157
Gm1110	1.62631594925097	-4.68854494479835	1.65668118418853	-2.83008281227922	0.00465359572882774	0.0137730835666867	2.33221134781451	down	382064
Treml4	573.483925002165	-4.68308627753494	0.112601428833327	-41.5899365226248	0	0	Inf	down	224840
Gm12862	5.73352522300166	-4.67777064939401	1.12786571479876	-4.14745353814452	3.36193666848207e-05	0.000147152695304553	4.47341047197562	down	NA
2900045O20Rik	7.4315353121338	-4.65616972871517	1.28084972810152	-3.63521935989834	0.000277744202315483	0.00105081906900006	3.55635499783686	down	NA
A330069K06Rik	10.9232742195419	-4.65154329732829	1.82112294378854	-2.55421706326511	0.0106426886387918	0.0285517980707021	1.9729486433298	down	213544
Ighm	22458.9473531736	-4.65127960160203	0.0349853593547213	-132.949316153711	0	0	Inf	down	16019
5830411N06Rik	3.96720619652344	4.65049136404052	1.30745691693179	3.55689836033284	0.000375259260692972	0.00138923924917052	3.42566858138121	up	NA
Gm28638	1.58588982426439	-4.64603662960911	1.73646114808389	-2.67557764522161	0.00746005907917567	0.02099144348197	2.12725773316294	down	NA
Gm2762	2.75212195568275	-4.6333584127611	1.51506241012754	-3.05819640286044	0.00222673582217519	0.00712029274179973	2.652331304195	down	100040421
Sim1	1.57099294484046	-4.63151465020848	1.70527623264801	-2.71599085329214	0.00660777435801286	0.0188268266128835	2.17994479570327	down	20464
Gm47157	1.55474841330898	-4.62957041796306	1.69369491115008	-2.73341461173749	0.00626813735929171	0.0179450081646215	2.20286149501634	down	NA
5430401H09Rik	8.85013942579082	-4.62824955682172	1.08104608818572	-4.2812694180219	1.85830210423882e-05	8.41851251092018e-05	4.73088368133348	down	100504461
D030034A15Rik	1.557674742976	-4.62620941945251	1.69041885094001	-2.73672375156014	0.0062054378605961	0.0177874992540526	2.20722756892244	down	319566
Fam122c	5.49484028878353	-4.61899032583946	1.63087818299159	-2.83221050720456	0.00462274042236108	0.013691484886524	2.33510049252369	down	NA
Prok2	204.342806023183	-4.6183387603372	0.188305477318718	-24.5257802698983	7.84359012155156e-133	4.025925481355e-131	132.105485109114	down	50501
Mamdc2	25.4633709444873	-4.61331368463475	0.544400512209445	-8.47411709058035	2.36869094647281e-17	2.41492909166081e-16	16.6254915998924	down	71738
Gm45489	5.50276398606741	-4.61292272618792	1.61066212868661	-2.86399154982892	0.00418339171511404	0.0125525845862148	2.37847146801616	down	NA
Spta1	107.078349883149	-4.60562427974625	0.270468753963025	-17.0283044243102	5.06506772619893e-65	1.39802577942065e-63	64.2954147432123	down	20739
AC174780.1	1.50204632651593	-4.60165146884673	1.80683101100576	-2.54680788674601	0.0108713263898132	0.0290930487527055	1.96371746523898	down	NA
Wnt10a	5.58699336623761	-4.57360989510339	1.13985868100739	-4.0124359021956	6.0095399566758e-05	0.000254021913097702	4.22115877290979	down	22409
Lipg	26.7787340734467	-4.57000658612898	0.515724405529637	-8.86133473058289	7.90620894558996e-19	8.58111917797652e-18	18.1020317122903	down	16891
Fgl1	484.691344732928	-4.56890192860937	0.125103762173928	-36.5208995254463	5.1674104884686e-292	5.57946462016565e-290	291.286727037623	down	234199
Pax7	1.49651330878187	-4.56765182588505	1.69507194379379	-2.69466546396966	0.007045933324354	0.0199497560524746	2.15206147086272	down	18509
Sun3	1.48316314930409	-4.56470170238795	1.70339220051862	-2.67977140026716	0.00736724535230394	0.0207607878156405	2.1326948665402	down	194974
A530046M15Rik	11.3703169492938	-4.56278765129326	0.758086727667743	-6.01882012277236	1.75692972416673e-09	1.16452476214728e-08	8.75524560960146	down	328190
Aldh1l2	29.1982100203827	-4.55613471108928	0.508619992997871	-8.95783644727538	3.31111142497795e-19	3.63733531813999e-18	18.4800262041954	down	216188
Gpr84	7.36550723671414	-4.55601920804096	0.964574710056039	-4.72334507689536	2.31996703297735e-06	1.17088382175382e-05	5.63451818644434	down	80910
Gm25911	44.2968800997437	-4.53638222607549	0.416812849552305	-10.8834989874904	1.3815583503891e-27	2.02748552561679e-26	26.8596307678471	down	NA
Kctd19	12.449944684464	-4.52645487932518	0.695525780298193	-6.50796132586853	7.61775224167398e-11	5.62132928343641e-10	10.1181731563566	down	279499
Gm12714	4.0933779763597	-4.52006387033564	1.17945396839246	-3.83233597195511	0.000126932229232055	0.000509646522651278	3.89642809263731	down	NA
Tmem151b	1.43388726103578	-4.51545686434663	1.72715363469071	-2.61439212682155	0.00893863820682762	0.0245663574371007	2.04872864052277	down	210573
Gm9694	2.61316224532707	-4.51506386085007	1.42655199051185	-3.16501879418364	0.00155072934115705	0.00512377497072644	2.80946399580302	down	676894
Gm19299	1.41168397773473	-4.51150479573242	1.74167832694636	-2.59032033983125	0.00958866578510419	0.0260961481384075	2.01824181853093	down	100502636
Gm13377	1.4259635637519	-4.5081132885596	1.72081319291005	-2.61975751181683	0.00879923105920306	0.0242267643622123	2.05555527800164	down	675912
Lsmem1	162.385541838124	-4.50675291667727	0.202471162010645	-22.2587398221201	9.28199621693342e-110	3.98819627143661e-108	109.032358612923	down	380755
Gm36079	2.53126260448848	-4.50294765126554	1.43753418585821	-3.13241082929606	0.00173377084205646	0.00567101719943723	2.76100830513382	down	NA
Gm8288	1.39092757992275	-4.50166586943528	1.75633769517649	-2.56309813414493	0.0103742721208335	0.0279495095961279	1.98404236449489	down	666786
Gm47896	1.38994510716559	-4.49960972086369	1.74586892086255	-2.57728954739664	0.00995784983362782	0.0269740845811738	2.00183442725905	down	NA
4931406B18Rik	8.35672970818072	-4.49928789844886	1.12523838266594	-3.99851975168947	6.37398627309408e-05	0.000267965958127896	4.19558887615032	down	NA
B230303A05Rik	1867.6537915441	-4.49500028814812	0.0666623262893751	-67.4293943574026	0	0	Inf	down	100503142
4933417A18Rik	2.60074151238867	-4.49321062147896	1.48475982997917	-3.02622049085339	0.00247631652464603	0.00786166362844282	2.60619384425557	down	NA
Ociad2	3.95526122272608	-4.49019703135577	1.17420713536613	-3.8240246512858	0.000131290779526198	0.000525541405022368	3.88176577308419	down	433904
Klra8	7.67616085556561	4.48409336693217	0.926356128432543	4.84057181606771	1.29466057866323e-06	6.71798600566809e-06	5.88784407570242	up	16639
Colec11	7.66479378415802	-4.47089438702338	0.895670138069037	-4.99167516811727	5.98578620958491e-07	3.21654973753326e-06	6.22287879863108	down	71693
Tnni3k	2.52133864353543	-4.47086705990437	1.43135433176779	-3.12352221995419	0.00178700371731823	0.00582684563686351	2.74787454407571	down	435766
Bambi-ps1	2.52578263297219	-4.46891747082982	1.43294405697934	-3.11869639925116	0.00181653031759886	0.00591202175362215	2.74075734943572	down	81913
4930558J18Rik	1.35591415068427	-4.45710585652924	1.77526866063013	-2.51066554340411	0.0120503806674341	0.031835431380408	1.91899923365718	down	75323
Il23a	189.856692804186	-4.45518932662118	0.188818316808626	-23.5951119675358	4.32621456415263e-123	2.06775195647653e-121	122.363891944972	down	83430
Gm32479	2.35865256250564	-4.45336863089361	1.54600299521351	-2.88056921279028	0.00396957785329289	0.0119792557740033	2.40125567604131	down	102635043
Borcs8	1.3342283263329	-4.45094169491747	1.78111217544945	-2.49896764295282	0.0124555683168454	0.0327522508712608	1.9046364518899	down	72368
1700008O03Rik	1.33229533843192	-4.45076148183719	1.79319390524093	-2.48203023043356	0.0130636192005792	0.0341571845070101	1.88393648760218	down	69349
Gm9432	1.34998735652802	-4.44928396808563	1.75400247508979	-2.53664634530111	0.011191995313392	0.0298515282651704	1.95109248037545	down	101055899
L3mbtl1	1.33422496579136	-4.44833051194375	1.80887716545072	-2.45916671231535	0.0139259933535058	0.0360770481717686	1.85617381643722	down	241764
Cxcl5	3.88271121402693	-4.44499629341474	1.1778213895153	-3.77391371304944	0.000160706364566935	0.000635235191807731	3.79396692322692	down	20311
Gm49960	53.7522136250637	-4.44014614325502	0.357289608491326	-12.4273027754817	1.85798096508824e-35	3.35515297499773e-34	34.7309587396424	down	NA
Gm36536	1.34454270316659	-4.43653303543042	1.74885343484701	-2.53682381097792	0.01118632370102	0.0298402201235989	1.95131261755446	down	102640488
Gm32235	1.33465406036841	-4.43138700255838	1.77695540366428	-2.49380878857195	0.0126380604747674	0.0331693378128059	1.89831957081133	down	102634717
Gm26707	1.32771283584169	-4.43035323545961	1.81935699244239	-2.43512034958686	0.0148868374099049	0.0382335228968459	1.82719755485431	down	NA
Retnlb	27.7814901156078	-4.42850649629005	0.481527787160329	-9.19678285318878	3.68826800122284e-20	4.2184312226939e-19	19.4331775292606	down	57263
Pdgfrb	55.7498811583376	-4.42055625806863	0.346559822996671	-12.7555358836592	2.90371059810503e-37	5.41722696095888e-36	36.5370466703098	down	18596
Trim10	61.7904169433506	-4.41942239066805	0.322663145613646	-13.6967064591871	1.06234845116165e-42	2.19408120651712e-41	41.9737330109422	down	19824
Nupr1	281.046772157076	-4.41687628802368	0.156658553892144	-28.1942873739572	6.87097637046805e-175	4.57457752665123e-173	174.162981545011	down	56312
Gm15931	58.3659775946224	-4.4151525136246	0.366170769116802	-12.0576323562743	1.76792417528332e-33	3.05740845549619e-32	32.7525363654328	down	112136069
Trpc6	2.47543926811564	-4.41414042586489	1.55759452745474	-2.83394705622009	0.00459769485307866	0.0136289278866723	2.33745985603798	down	22068
Tppp3	219.507520044563	-4.4059058963873	0.192648456258373	-22.8701853207599	9.20414746291713e-116	4.18788709562729e-114	115.036016431961	down	67971
Gm3942	3.57152000567855	-4.39739730458507	1.27896000514974	-3.4382602168003	0.000585464794161652	0.0020974740566837	3.23249921529875	down	100042639
Cstdc4	617.807142382074	-4.39615082217618	0.111681933550508	-39.3631331623394	0	0	Inf	down	433016
Gm37037	10.5864810607604	-4.39487526196578	0.875054804856121	-5.02240001149231	5.10297647208934e-07	2.76425595793787e-06	6.29217643403213	down	NA
Tgm3	11.1257356578593	-4.38432503831443	0.758911094184824	-5.77712603216561	7.59873678347263e-09	4.79703349987234e-08	8.11925859897778	down	21818
Gm24576	1.2819166554205	-4.37805691420166	1.77663239458727	-2.46424467297791	0.0137302348761854	0.0356585698635128	1.8623220334436	down	102634407
Klrc2	29.1559026157285	4.37627260103988	0.503629111845515	8.68947504842069	3.64118051355143e-18	3.83225054151001e-17	17.4387577901416	up	16642
Fosl1	50.697170246663	-4.37573597909505	0.389046992202434	-11.2473199042706	2.38736300413188e-29	3.69341185175235e-28	28.62208154048	down	14283
Cpa6	57.7525635955847	-4.37417721184347	0.379704064119837	-11.5199641646789	1.04654514701713e-30	1.66862695628845e-29	29.9802420318475	down	329093
Igkv5-45	1.26856649594271	-4.37345889166385	1.77624024412685	-2.46220009152743	0.013808760552304	0.0358223280405159	1.85984530110652	down	545850
Gm38397	1.25084252023328	-4.37058513903003	1.78208946484385	-2.45250601905836	0.0141865005980044	0.0366744183056461	1.84812471929962	down	75139
Gm39121	1.26708369122322	-4.36651011388969	1.79268908868707	-2.43573196347596	0.0148616923959272	0.0381830610083501	1.8279317318701	down	105243109
Creg2	30.1178706107861	-4.36283355648226	1.00576650132835	-4.33781951448981	1.43903247637528e-05	6.63451278212047e-05	4.8419294047073	down	263764
4833413E03Rik	5.35672017460837	-4.36078493338936	1.68909524661993	-2.58172826080459	0.00983069569557108	0.0266677776099981	2.00741574706546	down	78104
Gm12503	8.4991058285054	-4.35693496756706	0.865407894917421	-5.03454497371185	4.78985218504351e-07	2.6014003045119e-06	6.31967788871706	down	NA
Nuggc	7.4219339677892	-4.35644191462282	0.920534139962704	-4.73251531420587	2.21754567944828e-06	1.12409229905188e-05	5.65412742532803	down	100503545
Gm27169	2.32703337417856	-4.35578494444086	1.47735621196212	-2.94836472691702	0.00319459916555925	0.00986255585349471	2.4955836261148	down	NA
Klra1	5.02400333727013	4.32664857433986	1.07755202711614	4.01525723627406	5.93809932104413e-05	0.000251205951585949	4.22635254264084	up	16627
Gm15286	11.6079376066301	-4.32388544860342	0.792884474157773	-5.45336122667352	4.94265211724168e-08	2.93949564700912e-07	7.30603995577007	down	105245631
Ighv1-53	10.3643059522744	-4.32291895746297	0.852495239161556	-5.070900996133	3.95936717463481e-07	2.16502893078496e-06	6.40237422178312	down	780931
4921501I09Rik	1.21336381351816	-4.31654814213402	1.84478184628859	-2.33986915624643	0.0192904968003191	0.0479192588892418	1.71465658755265	down	78091
Eno3	316.625950141334	-4.31299040292958	0.149439016432581	-28.8612071056783	3.66543693175789e-183	2.53767575484727e-181	182.435874248651	down	13808
Gm15928	2.23768881630938	-4.30286744362639	1.47631285021675	-2.91460407121341	0.00356140043693753	0.0108805195287115	2.44837919235354	down	102639554
Ptgir	32.1311320248298	-4.29501706849286	0.445010595280507	-9.65149395102726	4.84447526780434e-22	5.97007806657449e-21	21.3147532569287	down	19222
Myt1	1.17331623252172	-4.29152477258555	1.83845458385831	-2.33431100787872	0.0195794427569657	0.0485213470819846	1.70819967264619	down	17932
B430212C06Rik	4.68155071983855	-4.28934347249143	1.06192786818637	-4.03920416912784	5.36328653833753e-05	0.000228372554500237	4.27056899984943	down	338360
Gm20319	2.15582113308412	-4.28736158401183	1.48913662213912	-2.87909216674364	0.00398821760273694	0.0120229694205616	2.39922115399887	down	100504628
Mrgpra2a	100.865296865849	-4.27961357208606	0.275048867279835	-15.5594662665234	1.37238545916249e-54	3.3332331682386e-53	53.8625238920724	down	668727
1700066B17Rik	9.77852275320508	-4.27058203427301	0.815818978783653	-5.23471768288627	1.65237228780226e-07	9.40300002881246e-07	6.78189209725602	down	73426
Il1f6	2.13799456345163	-4.26737672657007	1.56663741734845	-2.72390833980759	0.00645144086046887	0.0184292770515847	2.19034327949381	down	NA
Hp	9311.9853515432	-4.26369464170409	0.0343393075068334	-124.163675719309	0	0	Inf	down	15439
Gm42456	40.5279975806565	-4.23742918611007	0.444497199683927	-9.53308409844477	1.52678616904187e-21	1.84337757686347e-20	20.8162217829226	down	115490145
Ckmt2	2.05855287793106	-4.22732316684566	1.50549620618921	-2.80792681473843	0.00498615568587928	0.0146285370038066	2.30223416537041	down	76722
Clec4a3	483.358477635902	-4.21107328509753	0.116028733987719	-36.2933657928495	2.05879823813827e-288	2.20016905049043e-286	287.686386212079	down	73149
Trim58	3.34234611449323	-4.20398724001424	1.26340187504065	-3.3275138521375	0.000876246326673677	0.0030479214157157	3.05737378963435	down	216781
Stfa3	18.7259461558114	-4.19693792157598	0.573073046551212	-7.32356537588604	2.41467873508753e-13	2.0364018680894e-12	12.6171406424942	down	20863
Gm18795	2.08122117503958	-4.18935807182434	1.57203329227346	-2.664929612124	0.0077004438509283	0.0215684878238568	2.11348424152187	down	100417738
Gm15925	7.58699247830082	-4.1845835850053	0.850320624448277	-4.9211832157081	8.60225525114586e-07	4.54519262623297e-06	6.06538767495102	down	NA
Cwh43	5.80528663865103	-4.18408044944971	1.51912897758188	-2.75426281191072	0.00588245106100421	0.0169643506310914	2.23044167724573	down	231293
Ebf2	1.91060052771702	-4.18242341035152	1.63446034789254	-2.55890172909015	0.01050034194324	0.0282380469422091	1.97879655791633	down	13592
S100a8	40623.3352073075	-4.18113932049395	0.033372598122217	-125.286599058958	0	0	Inf	down	20201
Gm45805	6.52829134782915	-4.18078745766784	1.40301034433398	-2.97986930356704	0.0028837139165363	0.00899741193392724	2.54004782669615	down	115486981
Gm19829	5.28024363542215	-4.17704245957217	1.71560159719139	-2.43473919959646	0.0149025264148783	0.0382643849137074	1.82674009970645	down	100503682
Gm26781	5.44498591742641	-4.17542243691918	0.984669514782057	-4.24043029081016	2.23091711736768e-05	9.98927413167709e-05	4.65151656424709	down	NA
Gm36161	70.7748339080765	-4.16244137352463	0.28813058706068	-14.4463710569125	2.64246153322489e-47	5.82711702548926e-46	46.5779913260753	down	102639975
Gm11457	3.19988414169975	-4.16176097240126	1.27270255358941	-3.27001856063211	0.00107540427921731	0.00367623848008686	2.96842823972354	down	105244354
Ubd	16.3768367282901	4.1589130367324	0.603728646346669	6.88871244043024	5.62996116530659e-12	4.41893637377869e-11	11.2494946008416	up	24108
Stfa2	65.8488519978404	-4.15882943073357	0.316526051806212	-13.1389798943935	1.96862731751176e-39	3.84481955666613e-38	38.7058364927331	down	20862
1700064M15Rik	9.41086890266149	-4.15541201425023	0.791825840068793	-5.24788634567573	1.53854160193176e-07	8.79124443176746e-07	6.81289075600078	down	73457
Gm10790	29.0263903055963	-4.15393235636698	0.567312902733024	-7.32211859867008	2.4408627873627e-13	2.05681923274773e-12	12.6124566336783	down	100038577
Gm10286	3.23049722469659	-4.15151039091065	1.27342741287839	-3.26010760324909	0.00111369953243949	0.00379160015626637	2.95323196266743	down	100038389
Adgrv1	128.023551281868	-4.15051695387899	0.287914644721349	-14.4157896445176	4.11703382238193e-47	9.03103871838075e-46	46.3854155651586	down	110789
Mcoln3	8.62587401584463	-4.14814034950664	1.03455383472665	-4.00959351777249	6.08233609983072e-05	0.00025678647079492	4.2159295851342	down	171166
Gm18561	5.41471416570955	-4.13855264157667	1.0028664375905	-4.12672364579275	3.67968141218017e-05	0.000160085346447646	4.43418978103345	down	100417362
Ptges	50.59376137664	-4.13739153553005	0.358472050023637	-11.541740939795	8.12636359918832e-31	1.30365889948795e-29	30.0901037498673	down	64292
Gm1600	5.70163053715134	-4.11965196176632	1.59693987458906	-2.57971638589488	0.00988814874623013	0.0268061833904891	2.00488500916656	down	381033
Catip	5.97214178234571	-4.1147127962908	1.01673052539183	-4.04700428828482	5.18772912604539e-05	0.000221369225582399	4.28502270840425	down	241112
Add2	7.37575124918352	-4.11049321274596	0.872762781026139	-4.70974851598633	2.48022629555727e-06	1.2487421061396e-05	5.60550869238823	down	11519
Gm5844	8.45870803036095	-4.106810570272	0.793145260659586	-5.17787948055914	2.24422125124254e-07	1.26193541971514e-06	6.64893432947601	down	545508
Fpr1	554.091790114503	-4.0988548093653	0.128918696674893	-31.7941067904353	7.8085416886175e-222	6.43170751972728e-220	221.107430066727	down	14293
H4c11	15.6512515238914	-4.09812553611405	0.607243393450278	-6.7487363062594	1.49138351052621e-11	1.14429090485477e-10	10.8264106629934	down	319159
F830045P16Rik	5.28551734856276	-4.08864648812375	1.00591132139905	-4.06461921756399	4.81109427548528e-05	0.000206165728165408	4.31775613282475	down	228592
Cyp7a1	7.37328886914379	-4.08814005657854	0.874254912347021	-4.67614193393953	2.92322320617341e-06	1.45839234841866e-05	5.53413802230645	down	13122
Gm26850	1.77349484391234	-4.08499126843364	1.65070122021639	-2.47470058082234	0.013334791824869	0.0348007171995548	1.87501375987784	down	NA
Platr7	11.2584044582062	-4.06992839614583	0.683714501974918	-5.95267232798162	2.63799127437666e-09	1.72600000523502e-08	8.57872664529319	down	442847
Trbj2-7	2.65790464364396	4.06340697905743	1.39361698775831	2.91572721540484	0.00354860612077607	0.0108462016648361	2.4499422026999	up	100125261
Gm17056	49.3737480847734	-4.05959830421216	0.348356192637736	-11.6535844345785	2.20006094066482e-31	3.58180233925892e-30	30.657565289256	down	NA
Colec10	8.04002402038467	-4.05620196915276	0.790109335831461	-5.13372236626501	2.84067046792737e-07	1.58153170935449e-06	6.546579143701	down	239447
Rpl9-ps1	2.88009949751853	-4.05568319224677	1.30580635623526	-3.10588409443773	0.00189711060693353	0.00614643780128852	2.72190734777209	down	194905
Ighj3	1.78433064131281	-4.05150407061744	1.56886294191578	-2.5824461540726	0.00981026696029164	0.0266296930031936	2.0083191742914	down	777655
Col1a2	9.73107188775943	-4.04660074034805	0.756719921709291	-5.34755412703755	8.9150755236474e-08	5.21564454905357e-07	7.04987497336755	down	12843
Ndufa4l2	1.87306541424259	-4.03937386268423	1.54862474622107	-2.60836194987911	0.00909766999041985	0.0249422898211234	2.04106982085175	down	407790
Ms4a4d	15.2614012045659	-4.03695283942467	0.67334688861644	-5.9953538178807	2.03042872393838e-09	1.33856704138412e-08	8.69241225135669	down	66607
Rhbdl2	1.85770016046965	-4.02614506020625	1.65899189846646	-2.42686239994779	0.0152300309941984	0.0390043770293844	1.81729921284284	down	230726
Ace	138.840923857605	-4.02603460583636	0.22151814725007	-18.1747394324827	8.18162955828698e-74	2.48537869336942e-72	73.0871601880537	down	11421
Gm43824	3.81957347958261	-4.02192935346703	1.13563631324583	-3.5415645894342	0.000397761462219702	0.00146610939292955	3.40037729651597	down	NA
1700052H01Rik	8.15269572862947	-4.02129960118344	1.06957853570052	-3.75970484350614	0.000170113939280822	0.000669121249655162	3.76926009847026	down	73462
Ugt1a7c	2.80461966063989	-4.02078883436726	1.31451097317837	-3.05877160130916	0.00222246519081222	0.00710772745723386	2.65316503240794	down	394432
4921509O07Rik	32.2609833654451	-4.02015505653364	0.456967687841832	-8.79746022201272	1.399473860852e-18	1.49787548979429e-17	17.8540352088046	down	70917
Gm9870	4.62496729255277	-4.01436546982563	1.06775007742858	-3.75964896157465	0.00017015194055997	0.000669144421462391	3.76916309346984	down	100856880
Gm29570	39.4965115415639	-4.01313283041713	0.424246885113827	-9.45942792093898	3.09632548747236e-21	3.70191203863664e-20	20.5091533923098	down	NA
Pgf	2.74256411806124	-4.00994367831772	1.31600757537146	-3.04705212444226	0.00231097631723424	0.00737721131661217	2.63620450512547	down	18654
Tbx3os1	4.78921385997451	-4.00763736817753	1.04632493985142	-3.83020342490032	0.000128037366810881	0.000513504751149334	3.89266326604355	down	100039542
4930555F03Rik	1.79660996366081	-4.00576709336079	1.54969952435827	-2.58486695672155	0.00974165794994312	0.02647794574395	2.01136712348732	down	75359
Taco1os	18.8707568253197	-4.00084024166124	0.547831126393429	-7.30305389545902	2.81308432606109e-13	2.36378484962851e-12	12.5508172490669	down	115487809
Sox2ot	5.12423739346161	-3.9989252136695	1.06624710040929	-3.75046760936981	0.000176505105272722	0.000692299997887871	3.75324272846479	down	320478
Hrc	1.77483577493681	-3.99185453575786	1.56468002322346	-2.55122739250807	0.0107344263794339	0.0287636249609133	1.96922115820515	down	15464
Gsdmc4	7.29953742918228	-3.99136494705669	1.21823216743114	-3.27635819654408	0.00105155102980024	0.00360356387271949	2.97816964696919	down	74548
9330199G10Rik	5.66418714859108	-3.9878047299595	1.55973072941684	-2.55672639818443	0.0105662288290667	0.0283895877474111	1.97607998818582	down	319466
Gm45442	15.9910529849765	-3.98710248305346	0.636448723767809	-6.26460912585322	3.73761741799603e-10	2.61897139790247e-09	9.42740515500551	down	NA
Igkv5-43	7.82380361481804	-3.9847160334295	0.856712751951194	-4.65116927973135	3.3005825461018e-06	1.63336118922383e-05	5.4814094012647	down	381783
Gm7644	24.0789491956837	-3.98113428476605	0.48164759421116	-8.26565798856803	1.38926319239966e-16	1.37272905009088e-15	15.8572154704762	down	665466
Orm1	1314.45986723439	-3.96637279569417	0.067612069477532	-58.6636798184713	0	0	Inf	down	18405
Lect2	13.7343769436056	-3.95653979145628	0.667728301963579	-5.92537380821113	3.11587782112867e-09	2.02721754338122e-08	8.50641958009123	down	16841
Pou1f1	2.56044544325659	-3.94316862902212	1.37102256281694	-2.87607858248546	0.00402649455861838	0.0121219474295071	2.39507288347423	down	18736
4930534D22Rik	37.4290676625165	-3.94105112369847	0.376329450659829	-10.4723430940324	1.15742075838163e-25	1.61442377402375e-24	24.936508732816	down	100503594
Cdh9	1.69787709495578	-3.93894925881031	1.58022068031893	-2.49265770779264	0.0126791009798767	0.0332435562807814	1.89691153930291	down	12565
Hapln3	2.43357913468932	3.93541239017596	1.41863252738327	2.77408864819631	0.00553565915797776	0.0160844396532485	2.25683065814062	up	67666
Tmc1	1.63036313256989	-3.93407588366848	1.5991723759039	-2.46006993551576	0.0138909944277356	0.0359953286346161	1.8572666629003	down	13409
Vwce	4.32888586337943	-3.92122201081793	1.16934148471166	-3.35335918727356	0.000798370258576965	0.00279617442327485	3.09779565004796	down	71768
Dmbx1	1.60862090145922	-3.91772360395617	1.59942647369818	-2.44945526936142	0.0143072479269417	0.0369590603135663	1.84444389699411	down	140477
Hpx	6313.28730232998	-3.91325141745065	0.044705661432458	-87.5336879505262	0	0	Inf	down	15458
Adra2b	2.84854362334256	-3.91164767296789	1.40100585152169	-2.79202807662744	0.00523788109730548	0.0152959927391745	2.28084436451526	down	11552
Gm48065	1.62984171200312	-3.91119094590545	1.5813782084369	-2.47327990548917	0.0133879240085667	0.0349175154461229	1.87328676141389	down	NA
Gm48053	1.62587986336118	-3.90913507599477	1.58830073676436	-2.46120585699554	0.0138470889553575	0.0359046619161021	1.8586415178274	down	NA
Cbx3-ps8	8.10367629730734	3.90487718882257	0.837158996796046	4.66443913732902	3.09459903236444e-06	1.53910141373371e-05	5.50939561459624	up	665057
Gm9999	16.8707309920873	-3.8884822856584	0.573928944762432	-6.77519808182522	1.24235926744408e-11	9.57098882597681e-11	10.9057527960225	down	NA
Steap4	181.140757001039	-3.88831822584881	0.190789565142605	-20.3801409314105	2.50931744721868e-92	9.23881029727739e-91	91.6004443937454	down	117167
Cntnap3	1.6273273499258	-3.88138746312931	1.58496319053032	-2.44888176982244	0.0143300477466836	0.0370087823761482	1.84375236256241	down	238680
Gm12649	11.3594744219652	-3.87708228370516	0.776777336331705	-4.9912402208006	5.99928296291834e-07	3.22297132416229e-06	6.22190065359249	down	NA
Trpm1	1.54304743544166	-3.87014243721586	1.66306084079893	-2.32712017640717	0.0199588699382102	0.0493267185296918	1.69986405190101	down	17364
Gm39302	19.6708717469417	-3.86916005038738	0.513693856587932	-7.53203488958812	4.99556049215224e-14	4.35757576793472e-13	13.3014157777097	down	105243355
Aoc3	3.52961476735991	-3.86806113811035	1.15888567551324	-3.33774178060944	0.000844622022004924	0.00294726696526467	3.07333759931351	down	11754
Gm47712	6.26868606689096	-3.86486148464895	1.44056794656356	-2.68287344159536	0.00729926070986189	0.0205970607898188	2.13672112424754	down	NA
H2ac12	7.94812468552587	-3.86456656370161	0.834789164889339	-4.62939233790116	3.66740339484522e-06	1.80205185911765e-05	5.4356413173315	down	319168
Gm29966	6.15861305251884	-3.86373264784813	0.865446678826801	-4.46443754696223	8.02793601015342e-06	3.80733178233016e-05	5.0953960978871	down	102631693
Gm20532	305.237539365121	-3.86139341186921	0.14358681859802	-26.8923947864561	2.69545828275497e-159	1.64241681737809e-157	158.569367385301	down	NA
Arpp21	15.3353337744729	-3.856011769295	0.652651616295607	-5.90822373379136	3.45816150884123e-09	2.24027379181606e-08	8.46115472744135	down	74100
Retn	68.2506840684453	-3.85564964721582	0.317960789573172	-12.1261796223101	7.6747077848533e-34	1.3372344107739e-32	33.114938151335	down	57264
Gm42800	16.2087654618132	-3.85138350804686	0.804603880424864	-4.78668274134245	1.69560549996211e-06	8.70099064607494e-06	5.77067518339933	down	NA
Serpine1	11.5966450972029	-3.84628974563999	0.669511318216633	-5.74492117009358	9.19638194572107e-09	5.76024656948847e-08	8.03638299983486	down	18787
B530045E10Rik	13.0090064728405	-3.82748303191189	0.708264171742298	-5.40403310603226	6.51589100632732e-08	3.84006370703775e-07	7.18602618890412	down	320966
Gm43703	1.55975698078062	-3.82490629154282	1.60281895404492	-2.38636202915505	0.017015990920386	0.043049196890849	1.76914275484177	down	NA
Cyp2c70	11.4477525061278	-3.82109006320835	0.753818471602764	-5.06897908071153	3.99955179755257e-07	2.18528211613e-06	6.39798867436102	down	226105
Bpgm	1483.58712403075	-3.81764199783652	0.0631489770702169	-60.4545342609681	0	0	Inf	down	12183
Chil1	529.764998461736	-3.81372368445335	0.0987875849640263	-38.6052932242662	0	0	Inf	down	NA
Spata32	2.5540300027198	-3.81318279760784	1.34744751773232	-2.82993047775635	0.00465581198366197	0.0137737742656916	2.3320045661818	down	328019
Hs3st3a1	22.5689779027423	-3.80660977982313	0.489210741518772	-7.78112469077309	7.18826014168467e-15	6.55276260247449e-14	14.143376214249	down	15478
Gm47872	2.44151391834284	-3.80097413377306	1.30691038434969	-2.90836631133235	0.00363322483059267	0.0110804583996372	2.43970772636945	down	NA
Gbp2b	14.3299716759504	3.8008367338574	0.603673499301864	6.29617953786773	3.0507101069814e-10	2.15066806222549e-09	9.51559905912911	up	14468
Lrrc74a	1.47050078728406	-3.7993502918916	1.62318300280824	-2.34067895321625	0.0192487112327786	0.0478268622129336	1.71559834268688	down	627607
4930597O21Rik	17.4562403025478	-3.79339807491862	1.46418947628963	-2.59078359484688	0.00957576863141424	0.0260644517385111	2.01882635584663	down	75373
Kcnn3	20.1691132098421	-3.79262963280131	0.508861359514217	-7.45316884823388	9.11245380446533e-14	7.8566166665806e-13	13.0403646603219	down	140493
Tent5c	2046.86895295384	-3.79173140983963	0.061330879677915	-61.8241810610294	0	0	Inf	down	74645
Trgc4	10.1863495597889	3.78303523686269	0.719710406406814	5.25632977262294	1.46958674825206e-07	8.41338413374306e-07	6.83280477286103	up	107576
Ighg3	520.697532127805	-3.78037004831517	0.117514143101877	-32.1694899739671	4.71618260104442e-227	3.99514346435629e-225	226.326409388248	down	380795
4930480M12Rik	3.36775215840491	-3.77765236096637	1.20747480021642	-3.1285558591279	0.00175667617262864	0.00573873252255969	2.75530828938814	down	74930
Klre1	33.2881315617864	3.77265557172418	0.413009218236735	9.13455536859642	6.56760970966773e-20	7.43413464094329e-19	19.1825926637409	up	243655
Slco1b2	228.007766017687	-3.7648703090069	0.166108955661457	-22.6650651917889	9.91012692376086e-114	4.44122870890866e-112	113.003920783261	down	28253
Penk	6.58047919760593	-3.75931853176984	0.832719211206852	-4.51450919010442	6.34635702906489e-06	3.0367791992809e-05	5.19747549930287	down	18619
Stfa2l1	877.034320406694	-3.75456505525388	0.0856214178469609	-43.8507694647707	0	0	Inf	down	268885
4933404K13Rik	29.9185619381469	-3.75267598295284	0.448734982730326	-8.3627890121686	6.12526989581684e-17	6.14561864992427e-16	16.2128747703624	down	71018
Gm37291	2.1420726922109	3.74727858259742	1.4931330305185	2.50967496264962	0.0120842335078041	0.0319127286870017	1.91778089129589	up	NA
Nat8f2	25.1746869666147	-3.74533190718171	0.481573625104325	-7.77727789052057	7.41017129190078e-15	6.74915033006645e-14	14.1301717528483	down	93673
Wfdc17	5681.90360453178	-3.74155058900418	0.0403715465137169	-92.6779108581567	0	0	Inf	down	100034251
4933411E08Rik	53.0882543535353	-3.74120073360108	0.322959609366155	-11.5841133847778	4.96072751715812e-31	8.01368997907426e-30	30.3044546272361	down	71067
Igkv1-110	70.9311558763547	-3.73958625289139	0.27433033474953	-13.6316906269433	2.59498227699757e-42	5.32252319590083e-41	41.5858656039151	down	381777
Lilra5	42.1439201890323	-3.7367180288159	0.347754260013846	-10.7452832602744	6.23701776985457e-27	8.96366988317238e-26	26.205023018601	down	232801
Gm48563	2.31030307108107	-3.7214114818242	1.31819834760799	-2.82310434433261	0.00475610896067426	0.0140366172824658	2.32274820441552	down	NA
Map7d2	2.22246240653581	-3.7174815586591	1.36728133274218	-2.71888562334383	0.00655022537035468	0.0186756254607773	2.18374375719637	down	78283
Otoa	3.99729482093108	-3.71193754603874	1.07627296992874	-3.44888113866178	0.00056291442873879	0.00202344153920293	3.24955761927135	down	246190
Zfp936	2.21755004275005	-3.71055608861587	1.32762627742445	-2.79487996864165	0.00519189881374641	0.0151723432028694	2.28467378020226	down	668620
Mrgpra2b	402.686977575485	-3.70684064419537	0.120282997466757	-30.817661034926	1.51991444491699e-208	1.18627330028558e-206	207.818180857546	down	235712
Tnfaip2	986.241038304064	-3.7060531293264	0.0732281738506989	-50.6096620254724	0	0	Inf	down	21928
Dnajb6-ps	8.213488352702	-3.69979540336515	1.02203168254671	-3.62003983491585	0.00029455766466034	0.0011099976806251	3.53082967204059	down	623123
Gm29340	22.0831354661901	-3.69684003776898	0.549879082449698	-6.72300539474906	1.78013990244912e-11	1.36033499916162e-10	10.7495458648405	down	102634359
Igkv3-2	9.57929204082035	3.69669887351528	0.732856465888867	5.04423314193132	4.55343829628363e-07	2.4788166315636e-06	6.34166054417985	up	626583
Gm38843	7.93301670318295	-3.68712042541024	0.749762740981355	-4.91771626392666	8.75597003084554e-07	4.61587805395371e-06	6.05769573356604	down	105242696
Gm30198	115.078050020967	-3.68364125403521	0.207607359166492	-17.7433076978793	1.94161709701528e-70	5.69076774749669e-69	69.7118364124555	down	102632020
Lum	2.22886798094533	-3.67105294587226	1.38843581794618	-2.64402062984993	0.00819276626573806	0.0227598144774585	2.08656943510132	down	17022
Gm32004	3.59093821502186	-3.6704729938111	1.17001948790152	-3.13710415233703	0.00170625503522364	0.00558891051226428	2.76795605399371	down	102634419
Ces4a	3.03915997648862	-3.67007800201251	1.22558748699066	-2.99454591448557	0.00274853685026749	0.0086312175139729	2.56089843597293	down	234677
Iglv2	19.5903212518216	-3.66181890738039	0.54289455015801	-6.74499109691673	1.53036407988132e-11	1.17290390072258e-10	10.8152052364546	down	110612
Gdf2	2.98098187979637	-3.65969381960545	1.19434934847546	-3.0641736643277	0.00218272163590979	0.00699350187126753	2.66100164665308	down	12165
Gm32828	8.44124903377325	-3.65729030644049	1.00759373482974	-3.62972712117796	0.000283720996207925	0.00107226366339807	3.54710852391569	down	102635512
Bcl2l15	16.6315182061803	-3.65444057273151	0.561087443184697	-6.51313911426914	7.35962908219536e-11	5.44048635842033e-10	10.1331440731102	down	229672
Clec4e	2339.99963564855	-3.64576416809416	0.050679116285621	-71.9381953613221	0	0	Inf	down	56619
Myom2	2.94830461790371	-3.64521675835036	1.18948600626813	-3.06453101519605	0.00218011568097798	0.00698730093446635	2.66152046131399	down	17930
Cx3cr1	489.041268810444	-3.6434470741968	0.121537008875246	-29.9780873983552	1.89464897384235e-197	1.39514452176328e-195	196.722471241023	down	13051
Apoa5	11.6019648126974	-3.64339540632211	0.628761822262641	-5.79455570825071	6.85022831711399e-09	4.33237960243819e-08	8.1642949532944	down	66113
Efcab9	8.62987091177458	-3.63971028338817	0.760406259829901	-4.78653382496134	1.69686352047761e-06	8.70530253649259e-06	5.77035308678489	down	69306
Igkv19-93	3.08949393832252	-3.6344459861897	1.20012791448658	-3.02838217686532	0.00245866932145647	0.00780920743634071	2.60929987773702	down	692161
Zscan10	4.40999846852825	-3.63215395925737	1.02458932358836	-3.54498517175321	0.000392635173632615	0.00144816360766904	3.40601079737405	down	332221
Gm49258	3.0006708010201	-3.63090122264546	1.19996762857766	-3.02583264429327	0.00247949499513395	0.0078705554003955	2.60563676399634	down	NA
Gm34276	24.9346044854649	-3.62614854340017	0.495141436652636	-7.32346007620462	2.4165751224177e-13	2.03717673851385e-12	12.6167996996998	down	102637478
Gm48545	4.66291925419467	-3.62589904235421	0.983136649353462	-3.68809264178963	0.000225941392442131	0.000869027810465407	3.64600419908202	down	NA
Enam	2.98733776852966	-3.62534215751784	1.18508523247875	-3.0591404383084	0.0022197306663785	0.00710007173548145	2.65369971798255	down	13801
Abcc8	17.1823290664175	-3.62497513493119	0.545269965239831	-6.64803742369486	2.97026795031909e-11	2.24103598177768e-10	10.5272043708525	down	20927
4930534H03Rik	2.14150259814088	-3.61673331234289	1.37100539115182	-2.63801538322498	0.00833927988284068	0.0231125743880068	2.078871450131	down	102633753
Gm5628	1.96581855362779	3.61589743007369	1.55643148004505	2.32319731156365	0.0201685551414068	0.0497917925117611	1.69532521316999	up	434585
Gm43647	5.53272051414925	3.60614168678782	0.926626282739843	3.89168940484313	9.95486316207249e-05	0.00040636511936225	4.00196470533675	up	NA
Olfm4	25.179754663033	-3.60468326976671	0.499061100120843	-7.22292975528221	5.08792996787494e-13	4.22083489651855e-12	12.2934588751063	down	380924
Gm48521	6.78236494476079	-3.60199254202757	1.23331593163119	-2.92057570136434	0.00349385303087377	0.0106929656793036	2.45669536759092	down	NA
Cd300ld	721.889611731604	-3.60172031853416	0.0942265437664777	-38.2240521042598	1.12261596048048e-319	1.34449392510874e-317	318.949768787611	down	217305
Scnn1g	6.02787123536883	-3.6016727312088	1.45174892024563	-2.48091986223032	0.0131043830915153	0.0342547983412988	1.88258341930014	down	20278
Clec4a1	477.05008485116	-3.5994258131657	0.102405633667544	-35.1487089553207	1.21642648840408e-270	1.20710055199298e-268	269.914914131406	down	269799
4933412O06Rik	11.7743608197888	-3.59767349956493	0.642387450108929	-5.60047289055051	2.13767838193783e-08	1.30751628415622e-07	7.67005763470091	down	71071
Ms4a4a	310.276455854589	-3.59731355581923	0.129064466783972	-27.8722226609468	5.79472379926229e-171	3.77363278915084e-169	170.236967259496	down	666907
Gm38398	1.99015264647389	-3.59697306473895	1.43442145030647	-2.50761243424687	0.0121549904653712	0.0320792611838743	1.91524537749019	down	NA
Ms4a6d	354.963476672286	-3.59297907211652	0.127484326354274	-28.1836926535719	9.26584992106905e-175	6.12987449222723e-173	174.033114738342	down	68774
Sprr2b	4.5005847240404	-3.58506282061629	1.09129342235427	-3.28515021457948	0.00101928014056618	0.00350276696062974	2.99170643740533	down	20756
Sult1b1	2.82448228091324	-3.58412209219545	1.21057873786894	-2.96066829862287	0.00306972352491861	0.00951367765255486	2.51290073755513	down	56362
Ccr7	102.54465872034	3.57938493605712	0.263986586483246	13.558965187363	7.01183066406977e-42	1.42974108814628e-40	41.1541685806769	up	12775
S100a5	2.1677174157601	-3.57891117311954	1.43557532713964	-2.4930152430597	0.0126663408451686	0.033222640260852	1.89734882949485	down	20199
Gm14902	2.81810820101242	-3.57870904985612	1.19417462278349	-2.996805476836	0.00272824741480147	0.00857510970362634	2.564116247648	down	102633371
Ampd1	2.15877928810574	-3.57391194599873	1.41066740893516	-2.53349012202422	0.0112932923190204	0.0301024454638098	1.94717943030321	down	229665
Slc44a5	51.524613396869	3.57328205411727	0.322574988101897	11.0773686302935	1.61550806564759e-28	2.44130330529588e-27	27.7916908693656	up	242259
Ms4a6c	20.4894352840625	-3.57090369090667	0.477538937549272	-7.4777225690381	7.56216267129152e-14	6.53620522219179e-13	13.1213539846719	down	73656
Hist1h4m	45.9548374326509	-3.56859523384165	0.317153042723631	-11.2519659379442	2.26486800309098e-29	3.50911407556973e-28	28.6449571036731	down	NA
Snord13	14.0128203928011	-3.56817827057619	0.576467276965013	-6.18973255405224	6.02663795710308e-10	4.15307898108701e-09	9.21992489745776	down	100217422
Rbm24	3.75259024306298	-3.56098691478393	1.17775245991141	-3.02354445097215	0.0024983232349831	0.00792428582858642	2.60235137297231	down	666794
Rab3c	2.01477165954629	-3.55874784227626	1.44187507221978	-2.46813882203924	0.0135817636085357	0.0353258077681322	1.86704383272673	down	67295
Klra7	14.5634425045972	3.55529098340731	0.598653096947414	5.93881665615038	2.87086704480397e-09	1.87307446295147e-08	8.54198692002353	up	16638
Itih3	558.817451652826	-3.55513579941525	0.122757106049369	-28.9607332221199	2.05587538866325e-184	1.43285576001182e-182	183.687003212467	down	16426
Gm47922	33.7800653387583	-3.55374757140564	0.398294638926641	-8.92240874992087	4.56254771180686e-19	4.99364137428273e-18	18.3407925809758	down	115487409
Ankrd22	137.156530987138	-3.5439930575165	0.197951323477469	-17.903356215347	1.11024899011416e-71	3.31468176289242e-70	70.9545796131897	down	52024
H2ac7	11.4648690013694	-3.53837777785522	0.717267771699099	-4.93313364613238	8.09207454018804e-07	4.29195065774952e-06	6.09194012537686	down	319165
Gm41724	24.5281826767783	-3.53512356298636	0.45016661725361	-7.8529225124545	4.06452808112174e-15	3.74285022900998e-14	14.3909898716351	down	105246434
Gm16793	5.95439516067183	-3.52904075587631	1.45890298609723	-2.41896876591978	0.0155645766050603	0.0397585452160888	1.80786268870372	down	100504714
Paqr9	21.2899307628906	-3.5268765165692	0.507027627322301	-6.95598489414716	3.50107377807581e-12	2.77621295514923e-11	11.4557987372574	down	75552
Trem3	614.877719401914	-3.51964133678559	0.106632694574918	-33.0071499254176	6.41367732404124e-239	5.71173597246562e-237	238.192892893474	down	58218
Gm38575	33.303800650938	-3.51753007975402	0.405026714895261	-8.68468659076881	3.79788052879861e-18	3.9951555951355e-17	17.4204587011313	down	102641783
1700017G19Rik	2.76927623794715	-3.51384100726433	1.22945200114216	-2.85805464873779	0.00426246975306565	0.0127531381456044	2.3703386897879	down	100040882
9130024F11Rik	1.98854951976845	-3.51291576214232	1.39506462980366	-2.51810252162778	0.0117988971945054	0.0312741310908545	1.92815858292462	down	329160
Wnt10b	1.82042274699431	-3.51033872361748	1.50216083752032	-2.33685943338274	0.0194464942763327	0.0482320274011541	1.71115867987409	down	22410
Igkv4-68	8.04162846454464	-3.50733199652759	0.99150423817412	-3.53738477506301	0.000404110470609759	0.00148759196202734	3.39349989672605	down	384515
Lst1	1481.13223800573	-3.5060948050059	0.0695366307675022	-50.4208323916157	0	0	Inf	down	16988
Il31ra	3761.43531669878	-3.50520693014623	0.0527567077683299	-66.4409717440788	0	0	Inf	down	218624
Rp1	5.4437833503865	-3.50519249134553	0.914683236734925	-3.83213811139444	0.000127034385749348	0.000509874723542116	3.89607870802117	down	19888
Ppm1n	7.47558473093653	-3.50455141199154	0.853482408010057	-4.10617884926603	4.02258069930773e-05	0.000174058470084871	4.39549523450986	down	232941
Cyp2c38	8.74767566225328	-3.5019329787166	0.909684677796089	-3.84961191959482	0.000118305117718251	0.000477228096811967	3.92699646797797	down	13097
Gm34922	2.77967897915347	-3.49457271854144	1.31616025643865	-2.65512706484336	0.00792785398598015	0.0221204583094359	2.10084435721943	down	102638332
Pzp	839.74760816969	-3.49423673490756	0.0841998941499994	-41.4993008029523	0	0	Inf	down	11287
Trim9	1.91060836703026	-3.48986561822673	1.46041188321325	-2.38964476963047	0.0168646758072336	0.042733825285377	1.77302200291728	down	94090
Dlgap2	8.4745104956818	-3.48720817000449	0.768609481908321	-4.5370350640827	5.70506239573971e-06	2.74694536194131e-05	5.24373960138122	down	244310
Chrm1	2.56845447521745	-3.4870291231757	1.22436169970091	-2.84803838933178	0.00439896178865511	0.0131031967858467	2.3566498104824	down	12669
Skint5	2.68094947098998	-3.48676079730185	1.16869508647561	-2.98346492395784	0.0028500470106106	0.00890169808964544	2.54514797638433	down	242627
Tex45	3.31651816105392	-3.48552026529374	1.11213719346028	-3.13407400255085	0.00172397372366291	0.00564251428104466	2.76346935785885	down	NA
S100a9	56310.8188530216	-3.48499169469101	0.0330919206635131	-105.312463731775	0	0	Inf	down	20202
Bmerb1	2.02208893243231	-3.48319117659326	1.45412224888653	-2.39539088220434	0.0166026551869831	0.0421364914677311	1.77982245166822	down	67254
Gm15832	477.633101358403	-3.48127567382959	0.117333769194434	-29.6698529138765	1.88095830713356e-193	1.35163069525366e-191	192.725620830809	down	NA
Gm41206	13.2180137027871	-3.47788187740392	0.593730141509884	-5.85768118249732	4.69374620548021e-09	3.0105563919976e-08	8.3284803967441	down	105245816
Gm25939	3.9624114475471	-3.47381478887561	1.03183676026038	-3.36663212890284	0.000760921201090297	0.00267535632014859	3.11866031524463	down	115487691
Gm50228	12.7496818250386	-3.46987105190169	0.610049514544467	-5.68785150905775	1.28647607853524e-08	7.97171424341237e-08	7.8905982848961	down	NA
Pilra	933.950845542977	-3.46972123120387	0.0942672805194546	-36.8072698404384	1.41256538292302e-296	1.5411753934415e-294	295.849991441005	down	231805
Mdm1	218.183362471283	-3.46508312608165	0.158005070533172	-21.9302020776238	1.33831793880061e-106	5.58901954442201e-105	105.873440700721	down	17245
Slc1a2	31.1793533246302	-3.4631157221092	0.428831072942394	-8.07571078827678	6.70847119046076e-16	6.39221907352591e-15	15.1733764409631	down	20511
Dnaic2	6.87080739941391	-3.46278964295436	0.821076399927406	-4.2173781188456	2.47159333005083e-05	0.000110031047649923	4.60702298546184	down	NA
Saa4	21.6707667226026	-3.46134555283722	0.490576672841402	-7.05566681919308	1.71774966519848e-12	1.38155867514748e-11	11.7650401274341	down	20211
Igfbp6	133.501871452922	-3.4574326408392	0.238964110598335	-14.4684180071318	1.91833710244199e-47	4.24376081505187e-46	46.7170750734603	down	16012
Ahrr	71.4284879329917	3.44791861157432	0.283736413765565	12.1518368608942	5.60910364462422e-34	9.78962402431525e-33	33.2511065350533	up	11624
Tiam2	178.990314005787	-3.44778826791744	0.164107811507071	-21.0092879568313	5.3937454501183e-98	2.09311473808222e-96	97.2681095532887	down	24001
Ikbke	464.075091019822	-3.44343867994338	0.101035934574194	-34.0813265543137	1.39487346887431e-254	1.30348736403012e-252	253.855465186127	down	56489
Cdh7	6.53715520840258	-3.44338899901035	1.2750773717406	-2.70053337571962	0.00692283906010542	0.0196359116882451	2.15971576460705	down	241201
Cyp2c67	10.6332476072159	-3.44193096907091	0.751314270160595	-4.58121335607693	4.62285915158079e-06	2.24716029530656e-05	5.33508933836445	down	545288
Gm10371	22.2759114836804	-3.44074608008802	0.539619990618492	-6.37623909400459	1.81489518472379e-10	1.30281091128002e-09	9.7411484516254	down	100038654
Gm8883	2.48107486286258	-3.44008828602565	1.24917220084397	-2.75389436596607	0.00588907723960609	0.0169787604587924	2.22995274954946	down	667931
Glra1	2.58917495379902	-3.43863335130523	1.28284779111068	-2.68046870028756	0.00735191395565766	0.0207259922784023	2.13359958442958	down	14654
Gm48387	9.93217958595657	-3.43583126114354	0.819728027474568	-4.19142831034911	2.77203781978539e-05	0.000122829037054025	4.55720084880336	down	NA
Gm5099	3.16806547887754	-3.43363765801865	1.13004983467148	-3.03848339486449	0.00237772208243038	0.00757751192472346	2.6238389088092	down	329123
Adra1b	2.67934634428454	-3.42573683784852	1.23534723613038	-2.77309629038337	0.00555256881820835	0.0161268267042012	2.2555060501261	down	11548
Btnl10	2.4447023114321	-3.42508627017521	1.33895417161036	-2.55803099373884	0.010526670965726	0.0282978968336899	1.97770895168285	down	192194
Il6	3.18189488171323	-3.42394186257016	1.13416369410599	-3.01891330181319	0.00253683116766421	0.00803297746587973	2.5957084351794	down	16193
Tlr12	37.6576909645905	3.42382732645499	0.365061097197734	9.3787789297102	6.67411515585448e-21	7.8844606424519e-20	20.1756063042559	up	384059
Rs1	12.3875925462754	-3.42009932324704	0.697235558910416	-4.90522790976367	9.33189193178969e-07	4.910790302186e-06	6.03003029920739	down	20147
Gm46401	3.11774030518851	-3.41627924085749	1.22705862375207	-2.78412063998317	0.00536730666166429	0.0156498255942944	2.27024359054045	down	108168063
Gm26713	3.19709362633645	-3.4134685708182	1.1294694027444	-3.02218773038393	0.00250954859274484	0.00795746852163872	2.60040439059494	down	NA
Prg4	16.4026317482848	-3.4120102307638	0.551027168179631	-6.19209074941929	5.93713502924669e-10	4.09546365026388e-09	9.22642307373019	down	96875
Ankrd66	26.4568943563407	-3.40809294559009	0.531348481292065	-6.41404476644541	1.41708565966143e-10	1.02715297605859e-09	9.84860389682813	down	100043332
P2ry10b	167.693364287956	-3.40397670279175	0.195931174365799	-17.3733287406148	1.31378439285171e-67	3.74015750855693e-66	66.8814759016543	down	213438
Slc26a9	3.24687965139582	-3.40374903446278	1.12699809520855	-3.02019058322626	0.00252615673475341	0.00800160817685458	2.59753970725384	down	320718
Ifitm1	4430.94570102674	-3.40187791367066	0.0378739548559593	-89.821037348979	0	0	Inf	down	68713
Klrc3	3.87831659259776	3.40088028327168	1.09157802059068	3.11556317470683	0.0018359401762999	0.0059640151728626	2.7361414742928	up	58179
Gm10640	10.4243144899105	-3.39638902650453	0.698319465710526	-4.86366082184	1.15234313831321e-06	6.00942909392116e-06	5.93841817986582	down	100038516
Hbb-bt	79742.4526908606	-3.39614555812153	0.0323438120051407	-105.001400502258	0	0	Inf	down	101488143
P2rx3	15.1736094712391	-3.39154851867389	0.805643046325269	-4.20974094438418	2.55663663233731e-05	0.00011362284235717	4.592330992656	down	228139
Hemgn	5.88160384738755	-3.39135465124696	0.829836205102738	-4.08677595698188	4.37409142612665e-05	0.000188602713074805	4.35911214369268	down	93966
Gm41077	88.8319849704606	-3.38555249281019	0.243427564856738	-13.9078435706435	5.67652174035881e-44	1.19487915704381e-42	43.2459176945138	down	105245650
Hist1h2bq	3.65461098159766	-3.38466041154332	1.07868454424376	-3.13776667108568	0.00170240336381936	0.00558002735086517	2.76893753125138	down	NA
2310039L15Rik	5.86663969219544	-3.37867959962849	0.828226695926339	-4.07941402546747	4.51493635376808e-05	0.000194273711906201	4.3453483674772	down	69629
Spn	741.4342566566	-3.37262247934853	0.0951443478853418	-35.4474286103981	3.17772867973436e-275	3.19906705106205e-273	274.4978831864	down	20737
Apol10b	20.2623687435684	3.37184293399371	0.51440321270493	6.5548636764208	5.56927297389254e-11	4.13901852720923e-10	10.2542014949582	up	328561
Itih4	691.944981351478	-3.36691311692634	0.100510858402301	-33.4980038022366	5.15329909754138e-246	4.66911303885499e-244	245.28791465035	down	16427
Bcl2l14	38.3854869465248	3.36562595726382	0.356114375447599	9.45096909675036	3.35708012911196e-21	4.00676934768409e-20	20.474038292587	up	66813
5830416I19Rik	3.72326051291287	-3.36402747387198	1.07873760764475	-3.11848539443877	0.00181783151512363	0.00591440920275743	2.74044637163272	down	74757
Trim67	2.45689723102456	-3.36366747864764	1.30226640862655	-2.58293345844277	0.00979642154289855	0.0266012292419677	2.00893253532603	down	330863
Xirp2	3.12069812936424	-3.35964084044278	1.12434019513916	-2.9880999140362	0.00280717767671077	0.00878359994068704	2.55173009838337	down	241431
Cspg5	3.03926350233312	-3.35608612489458	1.13345074431806	-2.96094571530215	0.0030669599081666	0.009506526480185	2.51329190115342	down	29873
Abca13	143.534397994738	-3.35501615120896	0.191106786227311	-17.5557143597107	5.37860214464502e-69	1.55673180683691e-67	68.2693305793054	down	268379
Gm10252	2.37157092855662	-3.35409583799103	1.28316958922125	-2.6139146891929	0.00895113838894046	0.024595566045244	2.04812172841642	down	100049568
Defb37	55.9758873023788	-3.35196004573477	0.353281159785875	-9.48808039400235	2.35327766896727e-21	2.82651027917054e-20	20.6283268263362	down	353320
Gm4869	8.98117019119374	-3.35106625692821	0.894089905081163	-3.74801934110195	0.000178236513036992	0.000698433752383955	3.74900332282373	down	NA
Hba-a1	237662.314270089	-3.34341953903537	0.0341717554556895	-97.8416090847536	0	0	Inf	down	15122
Nog	2.68834789957514	3.34207295882136	1.26623442911144	2.63937931396053	0.00830579904342261	0.0230318757506166	2.08061858073739	up	18121
Gm11280	1.69802970540095	-3.34188067572548	1.41922386222656	-2.35472413103494	0.0185364613099155	0.0463278144923639	1.73197317096075	down	NA
Gm37851	9.30659614768618	-3.34032711221058	0.713883631241752	-4.67909189401123	2.88148285084138e-06	1.43894610900272e-05	5.54038396078057	down	NA
Il4i1	2.92525374422778	-3.33778253271297	1.17096592825593	-2.85045230793722	0.00436570970170285	0.0130115881684476	2.35994514612119	down	14204
Chil3	1319.07835917093	-3.33520481784999	0.0645237497978623	-51.689569008286	0	0	Inf	down	12655
2210406O10Rik	2.92034138044202	-3.33493912366632	1.16397706909098	-2.86512441887776	0.0041684542650748	0.0125149716798579	2.38002495907869	down	76710
Cyp26c1	2.37704357791428	-3.33431321499064	1.25440756124347	-2.65807805852621	0.00785876885722648	0.0219499911829168	2.10464548454478	down	546726
Gm38130	15.376969697436	-3.31866677201861	0.829844316352811	-3.99914382327066	6.35720411473635e-05	0.000267469768921847	4.19673384418059	down	NA
Gm11205	2.28232560406895	-3.31839261349176	1.26227268879404	-2.62890312287601	0.00856607599715873	0.0236529028361986	2.06721807691584	down	102632809
Nr4a1	2563.70550295331	-3.31806524467174	0.0517612082260986	-64.1033190372618	0	0	Inf	down	15370
Slc11a1	426.552653984305	-3.31507685222186	0.107209029851112	-30.9216197257425	6.11837288956567e-210	4.79326212953605e-208	209.213364058089	down	18173
Dcn	106.441820798034	-3.31295866347497	0.235077852531986	-14.0930275982685	4.19197154980234e-45	8.95046056622243e-44	44.3775816734971	down	13179
Gm22973	2.86960087862173	-3.30888508567634	1.1751093922328	-2.81581026204648	0.00486543919372619	0.0143247933537807	2.31287795070854	down	115488085
Ticam2	41.14136778065	-3.30848268343431	0.366199484154268	-9.03464594188384	1.64534188531117e-19	1.82865490922664e-18	18.7837438463603	down	225471
Gm26705	9.88782894038677	-3.30455429853883	0.795202177996194	-4.15561525103701	3.24413359998642e-05	0.000142265362142502	4.488901268967	down	381967
Lef1	140.966476795847	3.30090939807134	0.2489305941128	13.2603604222933	3.93002400232827e-40	7.7628218184378e-39	39.4056047971953	up	16842
Ppp1r3a	3.56712122889561	3.29887195553065	1.07953438017493	3.05582852766217	0.00224439571774478	0.00717346048498211	2.64890056859164	up	140491
Nkd2	19.4652105769068	3.29855214245592	0.487498727852423	6.76627846186804	1.32137115257352e-11	1.01721660319467e-10	10.8789751786953	up	72293
Gm15850	2.30301472611274	-3.29568157576699	1.37212631498818	-2.40187914171399	0.0163110964110191	0.0414672365632826	1.78751684525945	down	329253
D430041D05Rik	2.94296012984524	-3.29492848602175	1.27452113940989	-2.58522858832088	0.00973144559049431	0.0264536387503667	2.01182264119699	down	241589
Oosp1	22.6095384325273	-3.29152511764082	0.487715235795411	-6.74886670758338	1.49004394498878e-11	1.14368419040962e-10	10.8268009230074	down	170834
Gm37078	7.56704215684554	-3.29071818752568	1.00859401116003	-3.26267869044837	0.00110364571109345	0.00375921428137894	2.95717032009524	down	NA
Tlr7	142.50127710369	-3.28974704248127	0.18718429595051	-17.5749094002579	3.83502453513248e-69	1.11306512935412e-67	68.4162318532434	down	170743
Iglc4	4.43172140786662	-3.28897733093016	1.01880009735998	-3.22828525385197	0.00124534722852382	0.00419728139983954	2.90470954141411	down	404736
Gm44776	20.4940029938038	-3.28857145316335	0.576999548668055	-5.69943505286041	1.20205107736222e-08	7.47970809231153e-08	7.9200770779695	down	NA
Tcf15	3.62226449748759	3.28494595314893	1.13372159949446	2.89748907898882	0.00376162834559735	0.0114269056988197	2.42462411559841	up	21407
Gm21974	2.58519418518639	3.28230735664085	1.27906488703681	2.56617736121653	0.0102826235522314	0.0277384585378577	1.9878960634643	up	NA
Ccdc180	57.094707977594	-3.27917262623201	0.275390430003484	-11.9073586768811	1.08355469720918e-32	1.83280814408621e-31	31.9651491608587	down	381522
Tph2	2.39077038682691	-3.27910387410692	1.24831315578588	-2.6268279388937	0.00861849012539058	0.0237760198712511	2.06456881162849	down	216343
A830005F24Rik	6.05380493456616	-3.27770554421454	0.817300957888342	-4.01040218120279	6.06154093152945e-05	0.000256012264840175	4.21741695784847	down	442803
Rgn	14.4284466634835	-3.27654469590459	0.609400983852325	-5.37666459806469	7.58783324382207e-08	4.45291064398784e-07	7.11988222207485	down	19733
Klrb1c	16.1425454935094	3.27281181026493	0.541223858762461	6.04705752948216	1.47515095116889e-09	9.83015499946269e-09	8.83116353636015	up	17059
H2ac15	21.798389617982	-3.26940292118404	0.495273463386945	-6.6012075406304	4.07822147595313e-11	3.05375700098409e-10	10.3895291926892	down	319169
Gm27514	7.3382682405232	-3.26856300920135	0.749034107072849	-4.36370383983523	1.27878672772835e-05	5.92982568293973e-05	4.89320187983251	down	NA
Gm4949	7.9658103091715	-3.26819545254036	0.998710641010057	-3.2724147699428	0.00106633017155233	0.00364881025369112	2.97210830236242	down	240219
Cyp2e1	298.564894569409	-3.2669265089543	0.126103966209781	-25.906611878643	5.60999713914768e-148	3.16820407541188e-146	147.251037360215	down	13106
4930480G23Rik	4.649051444608	-3.26561280286596	0.953198713333912	-3.42595175296045	0.000612649196512224	0.0021868784868308	3.21278813172808	down	74988
H2bc12	21.2900027610433	-3.26184242386516	0.47389266089378	-6.88308280131032	5.85709589718075e-12	4.59548273348455e-11	11.2323176652882	down	319184
Gm7931	4.96036733836549	-3.25904579479586	0.93811626808875	-3.47403185048225	0.000512700170903994	0.00185488869122714	3.29013653779141	down	100503799
Mmp17	23.3159940609598	-3.25483944555987	1.27028532672129	-2.56229004389186	0.0103984438093799	0.028007389239197	1.98303165065975	down	23948
Igkv2-109	5.97819100925577	-3.25465146411839	0.869068646911979	-3.74498778167064	0.000180402555172473	0.000706257532827195	3.7437573155222	down	628268
4930554G24Rik	104.757288678031	3.24961186768253	0.24043259091299	13.5156879329164	1.26368867314964e-41	2.56167395523009e-40	40.8983599072142	up	75280
Tmem40	51.9920788012749	-3.24953425265291	0.327561208817656	-9.92038790057656	3.39434432288679e-23	4.36364844815779e-22	22.4692441048749	down	94346
Hbb-bs	528230.722707701	-3.24825727184645	0.0264026769924784	-123.027573028743	0	0	Inf	down	100503605
Hbq1a	29.4099198473855	-3.24623596582536	0.412789744486016	-7.86413909063415	3.71644429558207e-15	3.42685764051481e-14	14.4298723722927	down	216635
Gm21188	270.421594193291	-3.24457597184551	0.134468117498948	-24.1289610667071	1.24184274233429e-128	6.17631525238766e-127	127.905933396479	down	NA
Ppbp	15.124465627258	-3.24075358112607	0.532527440502248	-6.08560861778238	1.16049617000536e-09	7.79863904764323e-09	8.93535628851119	down	57349
Gng5-ps	4.9698663526673	-3.23828474266861	1.10969039620035	-2.91818758976081	0.00352072474052378	0.0107704613722512	2.45336792788199	down	100043507
Gm30262	4.30681898249689	-3.23454298410255	0.998665239974156	-3.23886609309267	0.00120005900808333	0.00406106360335312	2.92079739873994	down	102632099
Tmc2	2.31975562798947	-3.23367456518774	1.27218625884128	-2.5418247860443	0.0110275438649433	0.0294704089858036	1.9575212060261	down	192140
A530064D06Rik	80.3539326858748	-3.22526861745039	0.251643616198349	-12.8168107984436	1.3201988586059e-37	2.48299855726429e-36	36.8793606470589	down	328830
Slc6a12	12.5821041816876	-3.22020968059256	0.584350069281219	-5.51075434037953	3.57299105816307e-08	2.14760774909317e-07	7.44696807067002	down	14411
AW822252	6.26476426531637	3.22009089395829	0.869598618576356	3.70296229222396	0.000213096565598865	0.000824186958150473	3.67142354959824	up	331578
Itga7	4.38611773254035	-3.21583079758843	1.03483536876748	-3.10757719985796	0.00188627712332341	0.00611323934260288	2.7243945023257	down	16404
Irak3	1058.45893728259	-3.21367244199427	0.0682171207982037	-47.1094705316103	0	0	Inf	down	73914
Gm12762	2.31775536432029	-3.21046871649272	1.26336923334365	-2.54119590042245	0.0110474001527658	0.0295111872559271	1.95673991493415	down	105247247
Lamp3	4.70615616020182	-3.20608015983475	0.905729620309996	-3.53977620687445	0.000400466466901208	0.00147548102965952	3.39743384374822	down	239739
Gpr27	20.6073420288876	-3.20492102066368	0.802863852643851	-3.99186114820065	6.55567558705541e-05	0.000275208951568589	4.18338254598587	down	14761
Tnni3	11.7343161835462	3.20478768204434	0.655465303359409	4.88933230427159	1.01178572870236e-06	5.30030236310418e-06	5.99491145063365	up	21954
Dusp16	3085.41350024969	-3.20436366223023	0.0414386569556786	-77.3278840976316	0	0	Inf	down	70686
Gm45472	5.79430667227274	-3.20355789581507	0.88892073371563	-3.60387352247304	0.000313509659096377	0.00117631036836684	3.50374907420285	down	115486953
Gm37169	4.27310164470621	3.20343223744077	0.989296276203914	3.23809187853496	0.00120332050039536	0.00407011782303829	2.91961868436846	up	NA
Ugt2b35	83.1025103549106	-3.19944782791803	0.345416256760775	-9.26258612701566	1.99539553336976e-20	2.30883106717893e-19	19.6999710042712	down	243085
Gm36551	36.9459191012373	-3.19731063223669	0.39615853539526	-8.07078567434279	6.98472330416513e-16	6.65240625847794e-15	15.1558507935375	down	102640510
Adam30	2.22551979493895	-3.19427215502266	1.27525736800995	-2.5048058808767	0.0122518615103392	0.0322899382842997	1.91179792091178	down	71078
A530013C23Rik	290.306211188435	-3.19275022285976	0.135868721645139	-23.4987875369767	4.19683419787719e-122	1.9967540604923e-120	121.377078187893	down	329562
Gm30835	15.4123335103759	-3.19018427995915	0.538220542409506	-5.92728078656629	3.07992088467e-09	2.00570222861369e-08	8.51146043927636	down	102632873
Tnfrsf1b	1490.08034497285	-3.18931457704847	0.0565587831682532	-56.3893775359484	0	0	Inf	down	21938
Trem1	1228.01032478777	-3.18910748509193	0.0783751582356895	-40.6902844840409	0	0	Inf	down	58217
Ccl1	30.5250976067821	3.18625661470917	0.388019970839057	8.21157892419606	2.18298648212976e-16	2.13573968549775e-15	15.6609489535967	up	20290
Tesmin	4.41166617215214	-3.1859902381929	0.953103861441087	-3.34275241879275	0.000829518733571005	0.00289796159076047	3.08117380156892	down	17771
Jchain	4857.31753455494	-3.18508707217995	0.0441119323018731	-72.2046599632795	0	0	Inf	down	16069
Gm13817	9.10566162923301	-3.18308612298478	0.926583807242542	-3.43529219710568	0.000591915228754278	0.00211721961071239	3.22774048638586	down	102634017
Ighv10-3	31.4528825186993	-3.18270239570099	0.413904182063499	-7.68946662929033	1.47749664668241e-14	1.32257528437348e-13	13.8304734961178	down	380809
Rnase12	3.3552891481406	3.17829401738749	1.13061723074078	2.81111408085039	0.00493702775146522	0.014496649473409	2.3065344315663	up	497106
Ighv10-1	12.4329791717362	3.17730396339124	0.596706403906553	5.32473582081552	1.01099864032037e-07	5.88332886501986e-07	6.99524942848591	up	380808
Gm12148	11.4268981328511	-3.1760857660978	0.670716717724622	-4.73536096859571	2.18665562340981e-06	1.10951342917548e-05	5.66021960865389	down	NA
Gm43684	8.38143774246705	-3.17400090684207	0.930501680308615	-3.41106413240368	0.000647098692470222	0.00230078308349888	3.18902947771379	down	NA
Plcxd1	7.93818492709969	-3.17337745115616	0.951181279074835	-3.33624885283985	0.000849171148037192	0.00296165314710411	3.07100477011262	down	403178
Cacna1h	36.0407462894844	-3.17069760575247	0.355981257562063	-8.90692287416195	5.24685322725628e-19	5.71857606709171e-18	18.2801010843597	down	58226
Ngp	3131.67714523655	-3.1694317656532	0.0498050706271538	-63.6367286652379	0	0	Inf	down	18054
Gm17749	105.067669613281	-3.1641015205741	0.212299113941862	-14.9039789277716	3.10523320300341e-50	7.15027123949039e-49	49.5079057787485	down	434410
Gm5570	2.57904514502382	-3.16289173232911	1.30263534338368	-2.42807148477431	0.0151793510589428	0.038903271026603	1.81874679481369	down	434019
Comp	2.07416984327196	-3.16149894814402	1.32305627365791	-2.38954231281734	0.0168693805513108	0.0427405497031933	1.77290086454109	down	12845
Gm33843	19.5360881269778	3.15458694850127	0.508421307432544	6.20467101276988	5.48114418420628e-10	3.79473633404235e-09	9.26112877344658	up	102636895
Gm35019	3.32603224156105	3.15357637939317	1.12168385433309	2.81146632111254	0.00493162533746018	0.014489009952578	2.30700992478804	up	102638459
Astl	25.7678983561944	-3.15329851977976	0.452634483236509	-6.96654505249461	3.24818910878215e-12	2.58059522828483e-11	11.4883586941754	down	215095
Hba-a2	106295.898834728	-3.14843492319126	0.356272449483834	-8.83715518208803	9.81867144694234e-19	1.05961312419902e-17	18.0079472721209	down	110257
Ifit1bl1	22.2391831182056	3.14694748880271	0.450795434197773	6.9808770233065	2.93343008714639e-12	2.33587121077737e-11	11.532624257926	up	667373
Gm34590	7.95632693658089	-3.14615976793495	0.782850733491035	-4.0188501247294	5.84828552623723e-05	0.000247708174961906	4.23297143231521	down	102637894
Gm37820	13.6506505632942	-3.14531220048816	0.609310177001012	-5.1620870932588	2.44211614664758e-07	1.36767692501986e-06	6.61223368492487	down	NA
H2ac11	10.8027651131178	-3.13471770094433	0.649885919806191	-4.82348917773009	1.41068424692137e-06	7.29279310880535e-06	5.85057018338627	down	319167
Cd209a	103.989609368123	3.13454382587353	0.227845153350493	13.7573425626117	4.60131528206561e-43	9.57910181448203e-42	42.3371180078632	up	170786
Gpr65	35.2690880224419	-3.13293448316716	0.379987160912418	-8.2448429984961	1.6537721413403e-16	1.62788771010645e-15	15.7815243282632	down	14744
Nfe2	146.037125821013	-3.13091057090272	0.17747584061165	-17.6413339421997	1.18627243321675e-69	3.45261609438601e-68	68.9258155616836	down	18022
Tex33	5.6683808766145	-3.13030936085834	0.887266021262312	-3.5280392642613	0.00041865005220912	0.00153839683265488	3.37814885029557	down	NA
Gm36642	25.8476859617453	-3.12738233561723	0.587083272756868	-5.32698252656976	9.98577658576198e-08	5.81591945977345e-07	7.00061815474958	down	102640623
Gm48942	748.416686982247	-3.12003905819258	0.082136471447205	-37.9860371795745	9.81269787043553e-316	1.16185688023418e-313	315.008211572726	down	NA
1700003I16Rik	3.78339762798687	-3.11601126882573	1.04817436010962	-2.97279859860325	0.00295098016413668	0.00917979931936772	2.5300337097257	down	76699
Lpcat2	1243.92390436412	-3.11447985381166	0.0720281794342955	-43.2397414216571	0	0	Inf	down	270084
Gm48703	1.97638748971076	-3.11442291118882	1.30995646014127	-2.37750108950411	0.0174303914851068	0.0439694865219877	1.75869285856343	down	NA
Prodh2	10.3116400052444	-3.11089376352472	0.66150597198019	-4.70274479036431	2.5668718654543e-06	1.28863027714291e-05	5.59059581014237	down	56189
Gm40375	5.36105035443567	-3.10889026852814	0.935934697898742	-3.32169570751878	0.000894722113439914	0.00310907355710762	3.04831182875008	down	105244840
Hspb7	3.23271339605187	-3.10470347709072	1.21018009722762	-2.565488793117	0.0103030549595423	0.0277827849769542	1.98703398351283	down	29818
Ankdd1a	45.8492466054784	-3.10394465127185	0.370541416695561	-8.37678195045623	5.43944878756882e-17	5.46804984486959e-16	16.2644451077735	down	330963
Klhl1	8.70287583746216	-3.10112811724085	0.69366119574112	-4.47066685621293	7.79760810368726e-06	3.70062298503163e-05	5.10803859560135	down	93688
Gm3807	2.08838215352095	-3.10009834636835	1.29971920127436	-2.38520623787718	0.0170695489868659	0.0431532611109182	1.76777795370091	down	100042371
Dok6	44.4781582559347	-3.09816244528396	0.453647281534704	-6.82945224493084	8.52394649473845e-12	6.6280045150692e-11	11.0693592850386	down	623279
Tmem52b	3.31805870626022	-3.09594116891086	1.11783641721565	-2.76958338557473	0.00561280350557742	0.0162700253516105	2.25082016140356	down	330428
Rnf182	2.10614144738524	-3.09072649804834	1.3232191638759	-2.33576310140126	0.019503591701715	0.0483563768556858	1.70988540337603	down	328234
Gm42660	5.80585679714097	-3.08924399349889	0.872285649916869	-3.54155085985113	0.000397782163617431	0.00146610939292955	3.40035469435435	down	NA
Igkv17-127	99.0707911941422	-3.08900870049109	0.257412080797221	-12.000247583269	3.5423518227533e-33	6.08064824006228e-32	32.4507083073209	down	243433
Pde6h	12.9687658190415	-3.08834320720611	0.588297866930832	-5.24962502977971	1.5240912600666e-07	8.71106356789027e-07	6.81698902738177	down	78600
Ighv2-9-1	11.0479420985494	-3.08627983366336	0.694488246711356	-4.44396265635592	8.83169404928497e-06	4.16859959893657e-05	5.0539559843396	down	791089
Podnl1	16.2678350783635	3.08468219108639	0.560295436901085	5.50545656439276	3.68212740308422e-08	2.21001880624631e-07	7.43390118880886	up	244550
Pilrb1	155.511962267976	-3.08331785798526	0.182833825021268	-16.8640450290125	8.27283742714309e-64	2.25062218203962e-62	63.0823455100844	down	170741
Gm9750	4.29178017047747	-3.08074753079471	0.989960262019344	-3.11199110609807	0.00185830097526496	0.00603195234011629	2.73088394518039	down	105246531
Hist1h2an	17.5338633157545	-3.08058101007549	0.511787944465818	-6.01925278503944	1.75224045377581e-09	1.16178615387318e-08	8.75640629737882	down	NA
Ifitm6	945.323131620649	-3.07737531551543	0.0705064529010291	-43.646718688787	0	0	Inf	down	213002
Ube2l6	773.539898018248	-3.07608935040882	0.100824534513082	-30.5093335195087	1.95961418606767e-204	1.49583882869832e-202	203.707829425253	down	56791
9130221F21Rik	3.71388293882719	-3.07000341774068	1.04715099540289	-2.93176765453917	0.00337038798277389	0.0103561656108855	2.47232010236931	down	330350
Izumo1r	8.97356495062079	3.06851697655021	0.681392958674649	4.5033000964945	6.69063012863648e-06	3.19564614372348e-05	5.17453297812119	up	64931
4931403E22Rik	9.03901458150049	-3.06850875873415	0.733165595175184	-4.1852874424651	2.84805469328677e-05	0.00012582279362604	4.54545167487908	down	70942
Tnfaip6	184.594683844655	-3.06581609988247	0.171368928889572	-17.8901514979885	1.40725243059855e-71	4.18939048589188e-70	70.8516279925561	down	21930
Fam71f2	44.285632327015	-3.06332940159193	0.352282134644617	-8.69567060129866	3.44787340356025e-18	3.63063334294047e-17	17.4624486886549	down	NA
Cd3g	72.6595405345204	3.06006178757994	0.27257371467952	11.2265476191563	3.02051272121603e-29	4.65910174666328e-28	28.5199193308525	up	12502
Cd14	1235.91532462548	-3.05757490086352	0.0663055712760791	-46.1133935206226	0	0	Inf	down	12475
Gm17106	2.51727788750739	-3.0558235308116	1.14729869286868	-2.66349430170699	0.00773337216567982	0.0216432638410693	2.11163108905745	down	NA
Trf	6883.52401995443	-3.05354593927704	0.0393362295276561	-77.6268080582095	0	0	Inf	down	22041
Ldlrad3	601.245779172706	-3.05269954268425	0.10089892896696	-30.2550242498994	4.48085737144636e-201	3.37099591204226e-199	200.348638879738	down	241576
Tnfrsf8	77.361760089131	-3.05115114391561	0.239020146528086	-12.7652467301834	2.5633712638694e-37	4.79946934121963e-36	36.5911884885591	down	21941
Hormad1	9.61735959033454	-3.04945785722966	0.656954250836491	-4.64181159243102	3.45367711355045e-06	1.70305672904112e-05	5.46171826733547	down	67981
Lrg1	1621.8393069043	-3.04584153789072	0.0549353532730658	-55.4441057792208	0	0	Inf	down	76905
Zap70	45.2940952231714	3.04394436908819	0.322154014336818	9.44872400660417	3.42986149025171e-21	4.09129270723271e-20	20.4647234179263	up	22637
Gm30624	2.0054436331659	-3.04369738643035	1.30978803675183	-2.32380912103799	0.0201357266744015	0.049728420024633	1.69603269260296	down	102632586
Mug1	1846.83688708416	-3.04249376579379	0.0550194653968802	-55.2984974289901	0	0	Inf	down	17836
Il7r	165.932528329888	3.04141554307895	0.192525352941189	15.7974806778202	3.23800635809972e-56	8.06174605692234e-55	55.4897223028078	up	16197
Ighv1-75	8.11871684468094	3.04003810124257	0.738755102325888	4.11508237529778	3.87041166251384e-05	0.000167717838708933	4.41224284034284	up	622728
Chrna9	31.0604540208505	-3.03861138886501	0.476800555263866	-6.37291914893727	1.85463670645733e-10	1.33042252412614e-09	9.73174114903158	down	231252
Lrrc63	47.7521505226185	-3.03819053190298	0.309513962300946	-9.81600477508957	9.60760281570077e-23	1.21414696832255e-21	22.0173849592391	down	70859
Gm27007	8.04980891407455	-3.03657568580077	0.838111555720646	-3.62311635613924	0.000291074803114363	0.0010980644138487	3.53599538762891	down	NA
Cxcl2	19078.1934321447	-3.03396048073025	0.0270806989259903	-112.034053811604	0	0	Inf	down	20310
9830166K06Rik	5.0645649292446	-3.03383464979014	0.894719419429304	-3.3908224007536	0.000696832411333632	0.002464828114851	3.1568716574608	down	402757
Cd177	237.953098567862	-3.03149960347511	0.143657670846656	-21.1022466507271	7.58455016878828e-99	2.97094813848457e-97	98.1200701716348	down	68891
Skap1	498.51943320991	3.03023691492888	0.119268829927672	25.4067799337555	2.12229757789217e-142	1.15474044975705e-140	141.673193721577	up	78473
Hist1h2bp	27.9990134805572	-3.0266881265604	0.416415179277055	-7.26843851325276	3.63666612801498e-13	3.04111097278107e-12	12.4392965684577	down	NA
Noct	226.276045371351	-3.01896827427041	0.137133514871535	-22.0148099981142	2.07739719681107e-107	8.78111159925878e-106	106.682480458741	down	12457
Il4	33.3316925880792	3.01878898068917	0.364800657237156	8.27517418294196	1.28267973244902e-16	1.2710300972185e-15	15.8918817674701	up	16189
Slc16a3	425.294962541723	-3.01876511631504	0.121415012086661	-24.8631949578062	1.86181120182195e-136	9.79754637241605e-135	135.730064361037	down	80879
Hc	201.648572503094	-3.01714863759244	0.153712561632743	-19.6285105494576	8.82643702429235e-86	3.01531346146276e-84	85.0542145730887	down	15139
Gm37120	3.04666960840859	-3.01548019184119	1.14651548275555	-2.63012600980646	0.0085353224523059	0.0235867371149188	2.06878006721335	down	108167726
Cngb3	3.97309832103935	-3.01162796722605	0.959630389141765	-3.13832075484757	0.00169918824132342	0.00557277050061987	2.76975850598117	down	30952
Vamp9	5.59508058183114	-3.00897568900351	0.811504384513587	-3.70789825221595	0.000208986589227238	0.000809643341309985	3.67988158188644	down	102639650
Trgc1	5.57344229484098	3.00896260984242	0.950972200900385	3.16409102915261	0.00155568130175014	0.00513769297102555	2.8080793681867	up	107573
Kcnmb2	2.86725625397694	-3.00844695211577	1.15671898984866	-2.60084513050951	0.00929944249237946	0.025408559341641	2.03154308690206	down	72413
H2bc13	10.4898081103323	-3.00799923088094	0.622406444608313	-4.83285360705722	1.34589759289416e-06	6.97690545729387e-06	5.87098798359862	down	319185
Ugt3a1	4.57995992289281	-3.00719065459989	0.900212992824742	-3.34053238352376	0.00083617928400037	0.00291976208097917	3.07770059612042	down	223337
Malrd1	14.7891929913947	-3.00603648713158	0.586300864502114	-5.12712272680052	2.94203746026105e-07	1.63490983025014e-06	6.53135180180526	down	102635496
Olfr460	2.42891580239535	-3.00283349812528	1.15196626382524	-2.60670263741405	0.00914187135225353	0.0250469967275324	2.03896489455396	down	NA
Art2a	569.955699132421	-2.9978997675053	0.0976130242278941	-30.712087769212	3.92529544467923e-207	3.01842183659301e-205	206.406127649705	down	11871
Derl3	79.9512409711834	-2.99756086590289	0.258576827715324	-11.5925347696005	4.49626205994709e-31	7.28597240025175e-30	30.3471483843002	down	70377
Ighd	153.397059231877	2.99667791824916	0.210343558685597	14.2465875207918	4.70727806592432e-46	1.01969820806442e-44	45.327230146514	up	380797
Trbc1	109.866496177186	2.9963461295534	0.255225288724203	11.7400048581834	7.9481885485703e-32	1.30624843189004e-30	31.0997318390166	up	100125262
Gm11698	7.69481309426532	-2.99523611837501	0.705527985348186	-4.24538243780199	2.18220900981873e-05	9.78589489038359e-05	4.66110365545997	down	NA
Slc38a5	4.22446902621808	-2.99517552800633	0.976650909005269	-3.06678210237571	0.00216376525547227	0.00694130298010879	2.66478985714355	down	209837
Mir146	10.2953455968775	-2.99263157944202	0.62659764224042	-4.7760019791038	1.78814632823799e-06	9.15332383545846e-06	5.74759694474255	down	387164
Trcg1	26.1998942405954	-2.99210526984759	0.417270778896001	-7.17065613308458	7.46391668514186e-13	6.14056690886977e-12	12.127033216982	down	541610
Emilin2	844.910206455023	-2.98906406038066	0.0708693543348296	-42.1771030431365	0	0	Inf	down	246707
Ptpn5	3.0471448901494	-2.9866694497324	1.05475113124636	-2.83163427016492	0.00463107852458928	0.0137122826618238	2.33431785504439	down	19259
Tssk6	2.8537857725132	-2.9864508077013	1.1478151263692	-2.60185698819646	0.00927205083639788	0.0253470113314568	2.032824195907	down	83984
Itgal	1513.81761838578	-2.98475218810772	0.0763888443587078	-39.0731423307294	0	0	Inf	down	16408
BC049352	64.8970453934509	-2.98421960675195	0.272959445064584	-10.9328314543058	8.03029262235371e-28	1.18851752810532e-26	27.0952686288237	down	NA
Otogl	3.67187127722713	-2.98208830605627	1.04221723035414	-2.8612924630338	0.00421917639885978	0.0126453929204428	2.37477231689119	down	628870
Gm29687	85.8949951037246	-2.97705825458017	0.23336873909342	-12.7568853743878	2.85385444921293e-37	5.32898502393801e-36	36.5445681803158	down	629481
Gm12551	15.7577196421208	2.97690537866047	0.538288665455505	5.53031406697257	3.19657955885559e-08	1.92914918699657e-07	7.49531448205071	up	101055843
2210417A02Rik	4.09723821876578	-2.97658981334748	0.936145364316141	-3.17962351447619	0.00147466508131071	0.00489106249075821	2.83130660331614	down	70138
Ube2o	526.96885302716	-2.97551200183069	0.130446486862596	-22.8102118607832	3.6309366742202e-115	1.63423519123271e-113	114.439981325385	down	217342
Gm49518	6.89892596373239	2.97249879278769	0.774778000787607	3.8365813042781	0.000124758905226396	0.000501417709934979	3.90392844488172	up	NA
Atcay	6.68557994971128	-2.97050212426375	0.740099199304013	-4.01365401699827	5.97859609830842e-05	0.000252765193939235	4.22340078563337	down	16467
Prlr	39.6936159952327	-2.96707039755278	0.32364200178689	-9.16775443598485	4.829747361911e-20	5.49984181829854e-19	19.3160755860596	down	19116
Gm21970	16.1623329888294	-2.96462164562125	0.507141121529263	-5.845752828486	5.04282366894781e-09	3.22353995206145e-08	8.29732621743313	down	NA
Gm50455	12.0785787871296	-2.96423945750848	0.624802149649543	-4.74428498552887	2.09244097427382e-06	1.06430015774694e-05	5.67934678418714	down	NA
Pi16	153.819884786311	-2.96290377363176	0.161659182992345	-18.3280882581972	4.93963374508374e-75	1.5182452450413e-73	74.3063052511545	down	74116
Cybb	2384.92961173737	-2.95864840275608	0.0461020964749684	-64.176005626176	0	0	Inf	down	13058
Gm11963	8.9321442895535	-2.95597167242665	0.724188377043911	-4.08177176840745	4.46936755146799e-05	0.000192392378444622	4.34975392839837	down	102639290
Zfp819	4.86180427410374	-2.95587643742435	0.98352089792908	-3.00540277654323	0.00265229372869566	0.00836174720306942	2.5763783815916	down	74400
5430437J10Rik	783.505587528095	-2.95562782052231	0.0899679253146078	-32.8520170959462	1.06592117995787e-236	9.45222615708168e-235	235.972274908232	down	71432
A730063M14Rik	18.0195972189276	-2.95240913427176	0.472751960000927	-6.24515471975191	4.23380812227792e-10	2.95869642723506e-09	9.3732688282543	down	100504703
Gm44662	8.10707428264569	-2.94868131531823	0.799205974616397	-3.68951360346566	0.000224683214461551	0.000864667314157758	3.64842937145725	down	NA
Ptger3	33.6366806321578	2.94777076085103	0.38429539659752	7.67058566652123	1.71212772160862e-14	1.52735571877577e-13	13.7664638408733	up	19218
Ppp1r1c	8.93397619405254	-2.94418137769265	0.675125074096475	-4.36094212858686	1.29503618383618e-05	6.00250423375492e-05	4.88771809704925	down	75276
Doc2b	11.4397162736201	-2.94383577862193	1.166687282631	-2.52324322245399	0.0116277945947344	0.0308755876095401	1.93450264865611	down	13447
Ltf	1122.12485188822	-2.9406304136476	0.0667288618706853	-44.0683436103899	0	0	Inf	down	17002
1700026D11Rik	17.0517271354454	-2.94041806339815	0.496871180539259	-5.9178680079752	3.26141527151007e-09	2.11727828171334e-08	8.4865938995556	down	70371
Gm28548	2.47669948292152	-2.9380173597401	1.2025675783455	-2.44312038062946	0.0145608794327035	0.0375026778517006	1.83681239416884	down	102636046
Gm36198	22.5578967848081	-2.93226895447021	0.520569951845157	-5.6328048595137	1.77302041508081e-08	1.0895892783801e-07	7.75128626377534	down	102640025
Sgcz	23.3775114567329	-2.9308324448002	0.414597579396431	-7.06910167943308	1.5593985970648e-12	1.25711053633398e-11	11.8070428608344	down	244431
Arhgef37	82.4019570542037	-2.92994996318258	0.24298815715669	-12.0579949141028	1.76016006875523e-33	3.0465096073746e-32	32.7544478356994	down	328967
Cyp4a12b	7.46805139698221	-2.92937542116902	1.0570620080335	-2.77124274536994	0.00558427789564379	0.0161986034336471	2.25303297764463	down	13118
F10	1040.89106267954	-2.92556059054747	0.0655542709904529	-44.628069938777	0	0	Inf	down	14058
Gm49339	143.742932074804	-2.92488558976199	0.184068361030073	-15.8902136868819	7.40746344701275e-57	1.86205224092037e-55	56.1303304829191	down	NA
Prelid3a	6.88029251564838	-2.92305749211969	1.09342102877647	-2.67331376952808	0.00751059647494501	0.0211042792231755	2.12432557091986	down	225655
Nlrp6	2.79757952872706	-2.92088439447646	1.13519997736571	-2.5730130837868	0.0100817396356439	0.0272742272188996	1.99646452255579	down	101613
Samd3	30.3806841102934	2.91663088391877	0.40941822466249	7.12384234073394	1.04959098760644e-12	8.56063663042297e-12	11.9789799070553	up	268288
Pilrb2	241.986762917329	-2.91500274293624	0.138436629983983	-21.0565855530686	1.99011812238893e-98	7.7373267821759e-97	97.7011211455103	down	545812
Tspan2os	2.78721164257098	-2.91427445553962	1.14763963733867	-2.53936371725336	0.0111054302724026	0.0296472023375094	1.95446461034287	down	78491
9830144P21Rik	21.180771236559	-2.90919613306159	0.467433132304415	-6.22376963036284	4.85349583369339e-10	3.3759011908657e-09	9.31394533884397	down	414086
Skint7	3.55884758954386	2.90903790708433	1.03014605139832	2.82390822460135	0.00474419673423566	0.0140093971581036	2.32383730977419	up	328505
Ifi208	44.2476208764561	2.90881833101527	0.356228855522568	8.16558873858829	3.19871295274593e-16	3.10181383072464e-15	15.4950247310418	up	100033459
Vars2	3.58273116392169	2.90664198494346	1.035603937348	2.80671198719741	0.00500499687464471	0.0146734847876648	2.30059618937846	up	68915
Gda	2414.78544897167	-2.90598221008922	0.0496645285163241	-58.5122278797847	0	0	Inf	down	14544
Fkbp11	202.197837615963	-2.90493424998364	0.139592731045451	-20.8100681763852	3.50845556937099e-96	1.32932192018404e-94	95.4548840189497	down	66120
Ugt2b1	106.861216978243	-2.90321385858225	0.202933154488438	-14.3062569834919	1.99991333252536e-46	4.35943451218576e-45	45.6989888243468	down	71773
Kcnj2	158.588321535478	-2.90156093326323	0.18442919068216	-15.7326555657	9.03413008466748e-56	2.2200735475753e-54	55.0441136602162	down	16518
Asprv1	781.976194133478	-2.90132544792465	0.0815796934734561	-35.5643092587577	4.9933210264475e-277	5.05125324612327e-275	276.301610511747	down	67855
1810008I18Rik	4.59517040143561	-2.89831306513866	1.00313008534948	-2.88926940530243	0.0038613809804123	0.0116856401758368	2.41325734690532	down	100503969
C5ar1	1325.50612724459	-2.89753937818043	0.058378140568758	-49.6339785740125	0	0	Inf	down	12273
Ndst3	2.90743984043631	-2.89517071042156	1.17712815947911	-2.45952039045833	0.0139122794438554	0.0360460016574042	1.85660170762225	down	83398
Smox	894.769638081697	-2.89514340790794	0.0730669612107434	-39.6231533368087	0	0	Inf	down	228608
Pglyrp1	1406.5303769593	-2.89458246197077	0.0645210917677803	-44.86257722341	0	0	Inf	down	21946
Rfx2	212.937982588182	-2.8910637765254	0.151151252635605	-19.1269587655696	1.50608200060098e-81	4.90394418914436e-80	80.8221513817615	down	19725
Gm25541	4.62354999182268	-2.89031709687882	0.934197166424183	-3.09390479949972	0.00197540862964206	0.00638522420243692	2.70434305333256	down	115489638
Ly6g	159.688157108508	-2.88340314840241	0.169538089681868	-17.0074061457989	7.23717597413475e-65	1.99227886558777e-63	64.1404308672432	down	546644
Cyp26b1	1717.39018956145	2.87972338729647	0.0733620709186094	39.2535727418511	0	0	Inf	up	232174
Gm29863	2.73097740278859	-2.87879956915311	1.07677687450623	-2.67353398583454	0.00750566705501743	0.0210966544051131	2.1246107044281	down	102631554
Plg	225.874258506969	-2.87669792924868	0.136133471534609	-21.1314520728824	4.08781215331196e-99	1.61031980081036e-97	98.3885090694914	down	18815
Gm13470	3.66611045815581	-2.8740273874057	0.96495109544285	-2.97841766383685	0.00289740863760981	0.00903202671640251	2.53799024951708	down	102633065
Mcf2	2.22718716771694	-2.87228005097928	1.19571302811304	-2.40214832777396	0.0162990979729064	0.0414417890016345	1.78783642972053	down	109904
Gm30790	16.7860907530754	-2.87032727066954	0.69774205964702	-4.11373691894338	3.89305091406409e-05	0.000168628742461404	4.40970991645844	down	102632814
Myocd	19.4972705312253	-2.86753556485091	0.597775404776326	-4.79701162332679	1.61050259539131e-06	8.27855539846065e-06	5.79303857096027	down	214384
Syp	5.23579527758563	-2.86508064293763	0.838699917765879	-3.41609744110814	0.000635255113766646	0.00226214649962118	3.19705183021825	down	20977
Crybb1	4.64218916452107	-2.86450763385766	0.933899901599078	-3.06725338438615	0.00216035643452187	0.00693250196165712	2.66547458923084	down	12960
Dmrt1	3.32025440699679	-2.86410851921546	1.18427486230824	-2.41844913741824	0.0155868244765719	0.0398056170670688	1.80724235516245	down	50796
F930017D23Rik	44.9541790123232	-2.86402514916566	0.34459554633647	-8.31126571313597	9.46866390664375e-17	9.4140022495491e-16	16.0237112986007	down	414125
Serpina1e	1659.2091974905	-2.86272877037885	0.0523992380965338	-54.6330228142806	0	0	Inf	down	20704
4930567H12Rik	2.32972624492309	-2.86251467351803	1.22953238107628	-2.32813280689062	0.0199050527469099	0.049222727219452	1.70103666723027	down	75930
Eaf2	388.94949884844	-2.85896356088424	0.123215854454736	-23.2028871084483	4.25767832254891e-119	1.98048568222314e-117	118.370827153611	down	106389
AC133103.1	11.5590844567068	-2.85654213766	0.757325540047637	-3.77188142562883	0.000162021250785953	0.000639947089675603	3.79042801944624	down	NA
Slfn2	238.380808596097	-2.85272157413147	0.136985438296687	-20.8249986976934	2.56933052468343e-96	9.78835078681497e-95	95.5901800234827	down	20556
Dgat2	208.456837444944	-2.85132616020155	0.146566286450444	-19.4541748259796	2.68642325947195e-84	9.00038172092218e-83	83.5708255610003	down	67800
Cacna1e	850.819018254249	-2.84968716745368	0.0760487949636072	-37.4718254091651	2.65032481342471e-307	3.0346219113713e-305	306.576700897371	down	12290
Mup13	82.5260867903861	-2.84938452948644	0.690821553358167	-4.12463177449406	3.71328348557e-05	0.000161345109582555	4.43024189388748	down	100039089
Gm33936	4.2236431255232	-2.84503861964377	0.913646796424864	-3.11393706055395	0.00184608865640369	0.00599511321658041	2.73374744628824	down	102637024
Lair1	462.378393478402	-2.84437121775448	0.0990817803495333	-28.707308323693	3.09248005565129e-181	2.11292432392515e-179	180.509693092588	down	52855
Slamf8	67.7006671857777	2.84103727893757	0.262922807140987	10.8055946527839	3.23851791551682e-27	4.69407516398617e-26	26.4896536960816	up	74748
D830025C05Rik	46.7108374048377	-2.83981937145798	0.441917161907546	-6.42613506839118	1.30889112220933e-10	9.51377122278349e-10	9.88309647796437	down	100042416
Cd96	36.7021898812036	2.83660797524266	0.369094265964243	7.68532116810903	1.52613649481055e-14	1.36552848498742e-13	13.8164066221531	up	84544
Apol11b	103.631042277908	-2.83516626345974	0.227205283470675	-12.4784345687352	9.78923464841494e-36	1.78164070601152e-34	35.0092512613085	down	328563
AI662270	29.8933540004375	-2.83374948667192	0.405511541623219	-6.98808590090613	2.78661764828433e-12	2.22066253050085e-11	11.5549226167305	down	NA
B930018H19Rik	33.3334519054633	-2.83292534832432	0.365471374015947	-7.75142883885813	9.08642610041965e-15	8.24703978687478e-14	14.0416069011641	down	330734
Piwil4	3.09474985393897	-2.83128733912103	1.03158306160433	-2.74460433144161	0.00605838934490997	0.0174090975673716	2.21764281999086	down	330890
Gm34215	18.4456940512119	-2.82537609018309	0.488386472529894	-5.78512356320466	7.24590486321095e-09	4.57706612441507e-08	8.13990737243421	down	102637392
Tex15	30.9069256193674	-2.82512110148474	0.353536647325323	-7.99102758613048	1.33818606804184e-15	1.25898236893562e-14	14.8734834959063	down	104271
Gm7461	4.811419596949	-2.81924528655463	0.953162545178279	-2.95778018221154	0.00309863004270412	0.00959185256386084	2.50883027274532	down	665044
Gm11292	2.55677155625893	-2.81888024767862	1.1674350346831	-2.41459281581676	0.0157528088895165	0.0401901058335743	1.80264199575046	down	193453
Tal2	9.99416018456809	-2.8185187468179	0.754062746592609	-3.73777747217187	0.000185654150898853	0.000725318119719009	3.73129533627184	down	21350
Kel	54.2770199261625	-2.816079740097	0.290893072217755	-9.68080717298401	3.63832001951259e-22	4.5049881691398e-21	21.4390991038993	down	23925
Abcb11	9.00100580252086	-2.81582748766007	0.754785446666518	-3.73063298993915	0.000190999289341674	0.000744108093212029	3.71896824864528	down	27413
Gm43158	2.13781065223443	-2.81086247771402	1.19907223090972	-2.34419779330678	0.0190680562769353	0.0474572106479225	1.71969357497835	down	NA
Chst1	16.2583425340184	-2.81052941816592	0.501777882976861	-5.60114248458322	2.1294360532601e-08	1.30285724938013e-07	7.67173539721186	down	76969
Tbx15	3.29195049823115	-2.81047264220759	1.06584537211311	-2.63684837945644	0.00836802248398198	0.0231859088610159	2.07737716157238	down	21384
Tarm1	90.2374218058227	-2.80979892210268	0.257614152553702	-10.9070052799873	1.06714039627649e-27	1.56938170204698e-26	26.9717784396973	down	245126
Ccdc7b	2.13584570672013	-2.80829586898408	1.18639826120873	-2.36707685842603	0.0179292090356099	0.0450424095350301	1.74643886933615	down	75453
4933417E11Rik	2.12991891256388	-2.80513074206712	1.19179138604133	-2.35370952913552	0.0185871291807252	0.046426607335147	1.73078768269978	down	71134
Cebpb	2308.41649336444	-2.80339176177453	0.0467953026088155	-59.9075463879235	0	0	Inf	down	12608
4930469K13Rik	118.347301911616	-2.80163046028745	0.183907889467814	-15.2338785921295	2.10711484020347e-52	5.00115787642369e-51	51.6763117941937	down	76874
C4a	3.71237251729516	-2.80090247622418	1.0337438155737	-2.70947446942623	0.00673898913916969	0.019166615896159	2.17140524355447	down	625018
Celsr3	22.4399345384888	-2.80051095850969	0.411470262531975	-6.80610778838986	1.00274594917265e-11	7.76811257799585e-11	10.9988090837772	down	107934
Zcwpw1	63.5952289920096	-2.79919500453182	0.364680902390313	-7.67573784693525	1.64469176900719e-14	1.46845466042591e-13	13.7839154810345	down	381678
S100a6	5420.21135356898	-2.79639611381142	0.0332677569693427	-84.0572484760058	0	0	Inf	down	20200
Gm37800	14.4309579596199	-2.79224333450818	0.525848299505966	-5.30997882303983	1.09637973593542e-07	6.35534278641398e-07	6.96003899999569	down	NA
Cldn5	385.172823354978	2.79003697767873	0.10467741837397	26.6536662922947	1.62286049227297e-156	9.77421670476199e-155	155.7897188123	up	12741
Tprg	2.71864939764598	-2.78661927839308	1.14605766063291	-2.43148261567761	0.0150371699121231	0.0385768292254997	1.82283389294665	down	NA
Vax2	6.77023184262078	-2.786203814584	1.13543830692114	-2.45385750824199	0.0141332972669094	0.0365686344356997	1.84975650639124	down	24113
Cldn23	13.0685367545564	2.78431117175981	0.950876762753546	2.92815145013851	0.00340983906727738	0.0104650421683348	2.46726611773557	up	71908
Gm4735	14.5758256947521	-2.78328126029754	0.848877987170144	-3.27877657609665	0.00104258143928959	0.0035757660653976	2.98189001093198	down	103324
Dpys	88.8624637402795	-2.78321119963833	0.226603299912824	-12.28230657148	1.12737537961249e-34	1.99773601494428e-33	33.9479314538295	down	64705
1700012I11Rik	7.57526711340268	-2.78312961275984	1.03797133916806	-2.68131643691678	0.00733331349477166	0.0206791501918196	2.13469974877785	down	69334
Itih1	225.235853974578	-2.78271422576446	0.130379312033957	-21.3432191223689	4.50813882884377e-101	1.79971465621217e-99	100.346002718253	down	16424
Rap1gap2	1553.68285786089	-2.78268769029923	0.0559647407136245	-49.7221581806024	0	0	Inf	down	380711
Ccl24	26.670648161067	2.78180387759497	0.5676353310335	4.90068839184149	9.55014289060376e-07	5.01930460775011e-06	6.01999013039149	up	56221
Ltc4s	55.6356718461047	2.77883954412912	0.307342644139151	9.0415033420191	1.54531737439544e-19	1.72115813816283e-18	18.8109823124892	up	17001
Col13a1	663.122095557394	2.77792595258857	0.0832413836456082	33.3719338978712	3.50213975155828e-244	3.13223563445163e-242	243.45566652755	up	12817
AK157302	4.32756383441377	-2.7739367975441	0.935588664717539	-2.96491065160732	0.00302770850856229	0.00939744081172618	2.51888593868867	down	432732
Gm44645	2.47986196087857	-2.77181545068493	1.17709057080737	-2.35480218721295	0.0185325682997527	0.0463236404940083	1.73206439065848	down	NA
4930537H20Rik	3.57879958755536	-2.77172367219492	0.975226776972688	-2.84213245333454	0.00448128693912597	0.013327463754024	2.34859724709581	down	75825
Col3a1	12.5917026127637	-2.76915503948321	0.56894406280894	-4.86718329709177	1.13200029932758e-06	5.90777716946841e-06	5.94615345831003	down	12825
Gm4788	159.660333607204	-2.76866151451994	0.180215178681808	-15.3630872536455	2.89455970470286e-53	6.92534209946073e-52	52.5384174880196	down	NA
4930506C21Rik	7.51536918295862	-2.7658110572135	0.719927170790589	-3.84179284992983	0.000122138897543363	0.000491551271901534	3.9131460043745	down	75060
Sct	7.60793780271334	2.76415311978626	0.766103683210706	3.60806661077756	0.000308487297870813	0.00115871788037669	3.51076271356975	up	20287
Caskin1	4.64325641687672	2.7635146677696	0.875518535202143	3.15643193908117	0.00159712155694913	0.00526204207514038	2.7966620284431	up	268932
Fgr	1948.31875215184	-2.76245846398462	0.0501626774300365	-55.0699963700604	0	0	Inf	down	14191
Gm18798	49.603831013318	2.76239280879948	0.416379529065796	6.6343146479782	3.26013727323574e-11	2.45795950206077e-10	10.4867641128911	up	100417743
Draxin	6.31658702387583	-2.76164507718587	0.748428216413402	-3.68992645736976	0.000224318891456096	0.000863424709836274	3.64913414991391	down	70433
Gm10517	3.03448252812937	-2.75656538304833	1.01648451668363	-2.71186165436329	0.00669065106265102	0.0190369302969122	2.17453161927866	down	669853
Car2	561.145710026201	-2.7546862614197	0.0904854985626473	-30.4434003810291	1.46480748653925e-203	1.11000448043605e-201	202.834219449049	down	12349
Fetub	602.537233040532	-2.75364588180052	0.0868047995901029	-31.7222768188324	7.66052455377381e-221	6.23584653031611e-219	220.115741491071	down	59083
Gm44369	39.6830185374392	-2.75285818544757	0.35033678521398	-7.8577480345553	3.9110102463518e-15	3.60307438212755e-14	14.4077110462498	down	NA
Ofcc1	429.376082702277	-2.75145811580874	0.0995552096457371	-27.6375101373367	3.94339540744589e-168	2.52074898453267e-166	167.404129673685	down	218165
Pck1	69.1644140272223	-2.74548133700711	0.266923900140738	-10.2856332293943	8.18025813325498e-25	1.10837710818531e-23	24.0872329916735	down	18534
Mmp2	3.57871122318273	-2.74542384581086	0.999695754724111	-2.74625938225427	0.0060279085032776	0.0173286777900127	2.21983334839842	down	17390
Oprm1	27.2272156730256	-2.74525048113079	0.387792981515529	-7.07916494620947	1.45025684966026e-12	1.17061217731103e-11	11.8385550746536	down	18390
Hrh1	20.9791438580186	2.74498365620685	0.465101804733925	5.90189852687672	3.59342169333311e-09	2.32196324549981e-08	8.44449181470702	up	15465
Ccdc63	4.17961148419973	-2.74108369634203	1.02212820425518	-2.68174157109718	0.00732400139475092	0.0206556861639213	2.13525158166518	down	330188
AI839979	53.6431127671436	-2.74096506965183	0.277171700811297	-9.88905094433835	4.64409618538149e-23	5.93732027037822e-22	22.3330987940265	down	100740
Cpn2	50.0234591433253	-2.74005763708154	0.323646762154602	-8.46619820584718	2.53532583966942e-17	2.58229008665059e-16	16.5959662172866	down	71756
Cntn1	3.32238136597892	-2.73660872039651	1.10379753099159	-2.47926693398026	0.0131652738426243	0.0343970839526639	1.88057010297616	down	12805
Bhlha15	14.5303566496452	-2.73382955593884	0.530086257438409	-5.1573296186734	2.50496610552854e-07	1.39986561204369e-06	6.60119814615662	down	17341
C4b	613.335110660646	-2.73275593102017	0.0911670561363768	-29.9752569275928	2.06261767235567e-197	1.51348203078239e-195	196.685581265567	down	12268
Pparg	259.475775697729	-2.73236043377288	0.130603523261144	-20.9210315736236	3.44579569216428e-97	1.32485122562752e-95	96.4627104762775	down	19016
Gfi1b	5.21123314008936	-2.73037251910409	0.831807464666724	-3.28245734149315	0.001029065545093	0.00353406343015706	2.98755696249156	down	14582
Pdzrn3	13.4239101544331	-2.72906130921656	0.608190717767325	-4.48718013855091	7.21720494621298e-06	3.43377474598475e-05	5.1416309619122	down	55983
Gm6185	22.2188503866831	-2.72455250920934	0.47630680282306	-5.72016291403142	1.06421962549432e-08	6.63990202864553e-08	7.97296873642305	down	620839
Bmp8a	9.89196969950198	-2.7240457010452	0.745651810260162	-3.6532409142744	0.000258951061337142	0.000984902567476673	3.58678230464254	down	12163
Cd4	23.4179849247641	2.72320906983458	0.432655510134061	6.29417401616075	3.09040985950684e-10	2.1771822536262e-09	9.50998391930713	up	12504
Orai2	819.638176577616	-2.72305647402492	0.0702766941014913	-38.7476461270699	0	0	Inf	down	269717
Nrxn3	42.7634096602059	-2.72272944613745	0.298750788592826	-9.11371467490355	7.96084808787843e-20	8.95767350449776e-19	19.0990406633847	down	18191
4930595D18Rik	40.6502016912156	-2.72069972894384	0.334181635826376	-8.14138012765424	3.90797333478295e-16	3.77903741640566e-15	15.4080484082583	down	78062
Gm14051	5.24468814999767	-2.71991489825603	0.869921779893916	-3.12662007219513	0.00176828279678902	0.00577212487504485	2.75244827820103	down	102633555
Cd44	6441.23923687403	-2.7190464856447	0.0400014005807857	-67.9737820717901	0	0	Inf	down	12505
C9	139.993350118925	-2.71864638170054	0.172128001267454	-15.7943295784645	3.40392849994619e-56	8.45464433973524e-55	55.4680195709156	down	12279
Serpina11	32.3994035243962	-2.71750317045859	0.373225806885091	-7.28112343875315	3.31051588695645e-13	2.77617064661108e-12	12.4801043236259	down	380780
Marchf4	4.61379226978969	-2.71490295024473	0.95935071205305	-2.82993791127202	0.00465570381420191	0.0137737742656916	2.33201465635415	down	381270
Samsn1	2393.93613089974	-2.71440874356238	0.0506580144096664	-53.5830070561239	0	0	Inf	down	67742
Mmp27	4.10460015964103	-2.71250726684059	1.00711826311211	-2.69333539683676	0.00707410662221254	0.0200240842027013	2.15032839870708	down	234911
Gk	509.101974938305	-2.71243508386345	0.0933625321267569	-29.0527154959852	1.42193524106197e-185	9.9435263384196e-184	184.84712018215	down	14933
Cyp2c54	18.4996327145256	-2.71124428089117	0.48594526727061	-5.57932027225886	2.41460291049853e-08	1.46827867090396e-07	7.61715428021633	down	404195
4930455G09Rik	46.1966957741647	-2.70886796107335	0.291897286563158	-9.2802094632943	1.69145711673423e-20	1.96259882269625e-19	19.7717390083411	down	78917
Spin2c	5.23325914214413	2.70859093162242	0.864859646093115	3.13182716277504	0.00173722111680053	0.00568051951247548	2.76014490020884	up	278240
Gm27211	6.59733548773545	-2.70551765140885	0.735621636147534	-3.67786579195482	0.000235193647589367	0.000902282846486529	3.62857441241793	down	102636126
4933437G19Rik	5.77810107207483	-2.70551122777205	0.812659864008843	-3.32920493258494	0.000870942945112574	0.00302997997215375	3.06001029440034	down	71303
Rnd1	99.1079453927843	-2.70191221103154	0.243741776775467	-11.0851420169982	1.48115192486696e-28	2.24151960510549e-27	27.8294003926959	down	223881
Acod1	3346.74403153212	-2.70184079037169	0.0419877934960775	-64.3482442254104	0	0	Inf	down	16365
Cyp2c29	23.8797119874448	-2.70123535589143	0.425899731591846	-6.34242089281266	2.26182359151939e-10	1.61197475457157e-09	9.64554127041733	down	13095
Fgb	2301.94137248218	-2.70110146671476	0.0465392168761636	-58.0392548052995	0	0	Inf	down	110135
4930519F09Rik	3.07692078867563	-2.70102218531922	1.08378282677586	-2.49221718464987	0.0126948385280329	0.0332722601038458	1.89637281876271	down	114676
Ptafr	1321.88361594882	-2.70058264778644	0.0671139151480015	-40.2387886600124	0	0	Inf	down	19204
H2bc3	61.3639557775952	-2.69519883090499	0.290896876293225	-9.26513500333438	1.94830698746192e-20	2.25936390159816e-19	19.7103426119047	down	319178
Acta2	135.611151729476	-2.69399861247683	0.178100672077794	-15.1262686493406	1.08685704781201e-51	2.55344013746951e-50	50.9638275740637	down	11475
Lman1l	3.43919666866071	-2.69302159173254	0.992818163216766	-2.71250234081844	0.0066777309741306	0.019002763316934	2.17537108135892	down	235416
A830012C17Rik	3.31779886338869	-2.69071795013761	1.05155128859706	-2.55880809553995	0.0105031703913207	0.028242008746417	1.97867958896545	down	319308
1700120B22Rik	2.43985116402324	-2.68852222660018	1.11202547332475	-2.41768043187177	0.015619787884878	0.0398849111301277	1.80632486809332	down	641387
Armh2	15.2560099686226	-2.68778533195024	0.745652758900596	-3.60460723824473	0.000312625345667645	0.00117320359776122	3.50497581506482	down	666145
Ncr1	28.9672321878299	2.68639966999972	0.540084418498661	4.97403660980895	6.55729169875461e-07	3.50827732247362e-06	6.18327549647048	up	17086
Apod	7.46105811328773	-2.68548572658696	0.697501336447728	-3.85015137069664	0.00011804484710821	0.000476454884541545	3.92795296598731	down	11815
9430041J12Rik	12.0000668047274	-2.68504916899268	0.66213930647153	-4.0551121837201	5.0110247330574e-05	0.000214116761148623	4.3000734536926	down	77323
Tcf7	56.1960754041369	2.68424658540017	0.30746992332109	8.73011108340837	2.54422612382816e-18	2.69269315360361e-17	17.5944442924078	up	21414
Slco1a4	28.3718245785348	-2.68419524157145	0.360667608670243	-7.44229638882154	9.89499030639421e-14	8.51369541680219e-13	13.004584626913	down	28250
Rit2	3.07035957412529	-2.68260954954964	1.1164063008651	-2.4028971777308	0.0162657602488974	0.0413671195785665	1.78872563332372	down	19762
Gm6410	5.90642834533162	-2.68055678612672	0.885638391515895	-3.0266944294709	0.0024724375759627	0.007850544971124	2.60687466464774	down	623223
Sec61g	1980.85256399582	-2.67961424160093	0.0475267403151396	-56.3811913847445	0	0	Inf	down	20335
Fga	954.376136134488	-2.67948643497888	0.0748102291424481	-35.8171130565153	5.98120550985754e-281	6.20111152337916e-279	280.22321127529	down	14161
Tas2r143	2.44967253105323	-2.67857105373276	1.13730295318618	-2.35519572531548	0.0185129516922772	0.0462912647366648	1.73252433211312	down	387514
Siglece	149.143898554777	-2.67834774364622	0.160312249895257	-16.7070685203169	1.16419769058869e-62	3.13851431748741e-61	61.9339732665574	down	83382
Usp44	3.86197801073676	-2.67691171562134	0.948590584161027	-2.82198849568901	0.00477268893119933	0.0140835548905781	2.32123687065493	down	327799
Gm10384	7.21434697923645	-2.67612191788292	0.695596391037919	-3.84723375848717	0.000119458980843343	0.000481416689575405	3.92278119472875	down	100038735
Cd226	229.331698803108	2.67524420904089	0.185515237648146	14.4206171037812	3.83894656899652e-47	8.43879826490702e-46	46.4157879324128	up	225825
Slit1	3.78021581887147	-2.67480526844412	0.994016384870559	-2.69090661799547	0.00712581378407401	0.0201567576281143	2.14716553107366	down	20562
Slc25a18	123.126617307638	-2.67288055784599	0.241450771789431	-11.0700849619856	1.75234393019005e-28	2.64233684234663e-27	27.7563806514073	down	71803
H2-M2	8.45381445098181	2.67221431318372	0.730549995815065	3.65781168775775	0.000254377826197771	0.000969632251716726	3.59452074828956	up	14990
Gm33148	4.54866562641208	-2.67122994084933	0.920118366661672	-2.9031372893261	0.00369444642074325	0.0112472621801832	2.43245062747963	down	102635939
Nlrp3	2566.32017877859	-2.66987741590048	0.0506232105060871	-52.7401835879106	0	0	Inf	down	216799
Rnf149	2057.15142537602	-2.66846787358133	0.0547108142464248	-48.7740478794959	0	0	Inf	down	67702
Gm49450	16.5251237833542	-2.66757095454605	0.672916814945873	-3.9641912570733	7.36451920494109e-05	0.000306386934940641	4.13285560095399	down	NA
Gm42670	17.2066030517115	-2.66729547188333	0.513590626705253	-5.19342708607117	2.06457822239688e-07	1.16343281710461e-06	6.68516865800034	down	NA
Gcgr	7.03532049383519	-2.66457777383336	0.714482888884988	-3.72937940892002	0.000191951942793013	0.000747539999226986	3.71680748792264	down	14527
Dram1	161.801924862831	-2.66340477456087	0.151143858607786	-17.621653959969	1.68019958144521e-69	4.88335830930778e-68	68.7746391278145	down	71712
Nat8l	9.08041343589346	-2.66304658396949	0.659743583572374	-4.03648728123986	5.4257465685485e-05	0.000230890612093082	4.26554049558205	down	269642
1600022D10Rik	86.5155962251313	-2.66226801773459	0.22923122883989	-11.6138975967978	3.502770298193e-31	5.68933984754825e-30	30.455588341557	down	73252
Isg20	524.98489364454	-2.65904867194361	0.0929581129497088	-28.6048047617122	5.85504993039891e-180	3.97437737783657e-178	179.232469397021	down	57444
Aox3	23.7057396833172	-2.65881563886764	0.495001483841183	-5.37132862357377	7.81586256173822e-08	4.58543806092519e-07	7.10702308608604	down	71724
Rgcc	333.426174787339	-2.65591552351255	0.130750906158121	-20.3127886570871	9.91140317852425e-92	3.61722821081028e-90	91.0038648571644	down	66214
Bcl11b	112.224873293109	2.65581600901395	0.219182189427449	12.1169334787261	8.59139061385277e-34	1.49570583961636e-32	33.0659365349996	up	58208
Gm5547	82.3186177746631	-2.65494115566433	0.225414847502606	-11.7780225441167	5.06678069272454e-32	8.37989229013387e-31	31.2952678930254	down	433637
Gm44751	6.65391389733425	-2.65392173487173	0.719019590945246	-3.69102840630921	0.000223349189869403	0.000860486923218432	3.65101561845915	down	NA
Pira2	88.5947100513059	-2.65316628493693	0.274470063604334	-9.66650515577406	4.18423235099443e-22	5.17172111283351e-21	21.3783842070392	down	18725
Mab21l3	18.3539329184696	2.65179831711555	0.463248114723707	5.72435857336872	1.03825255631235e-08	6.48565498231208e-08	7.98369699092747	up	242125
Mmp8	458.844448060675	-2.65093728659088	0.11192994649276	-23.6838966662272	5.28413688570419e-124	2.55489857450556e-122	123.277025940502	down	17394
Gm12472	10.9420161494052	2.65041617161771	0.585979213105453	4.52305493495507	6.09534117211138e-06	2.92203392421507e-05	5.21500198077266	up	100038450
Ifngas1	22.3599699563574	2.64993482531925	0.419774660140089	6.31275557327569	2.74110255225199e-10	1.94159877927870e-09	9.56207471599498	up	103214
Cd109	2.80708513185322	-2.64825411619604	1.05672748077191	-2.50608994691949	0.0122074561005813	0.0322054915407031	1.91337482881403	down	235505
C6	121.586805548295	-2.64682216043651	0.192202679911855	-13.7709950852421	3.80929786016275e-43	7.93819581079316e-42	42.4191550672531	down	12274
Gm32352	6.98341987386845	2.64596798250443	0.775168093126482	3.4134118857143	0.00064154900792007	0.00228299859563633	3.19277016227222	up	102634871
H3c8	11.5407686802347	-2.64573286260664	0.636636520690268	-4.15579813067906	3.24153945222109e-05	0.00014218152103733	4.48924868830521	down	97908
Boc	3.7061727375195	-2.64245956213121	0.992795347626365	-2.66163572225531	0.00777619840750789	0.0217543561033772	2.10923266703927	down	117606
Hs3st4	3.74989787999086	-2.64071064347262	0.972821207151837	-2.71448712678039	0.00663784801208958	0.0189021747368044	2.17797269592659	down	628779
Mat1a	236.89788140902	-2.64015422397492	0.167168897960878	-15.7933339046883	3.45809637209493e-56	8.57896074977216e-55	55.4611629077406	down	11720
Il1f9	830.615923688997	-2.63775931819424	0.0740588523449461	-35.617069866385	7.62490462699591e-278	7.78898958441019e-276	277.117765584142	down	NA
Slc25a37	2380.93667477697	-2.63686686811171	0.0549388287784755	-47.9964157726057	0	0	Inf	down	67712
E230013L22Rik	37.0284164321987	-2.63641729356487	0.381782328452949	-6.90555087829263	5.0008980778144e-12	3.94002703378352e-11	11.3009519966209	down	102132
Xkr5	15.7115652393818	-2.6352422612241	0.765094993572894	-3.44433342704004	0.000572469256832588	0.00205542502466132	3.24224783116531	down	319581
Tfap2e	3.26002877266906	-2.63502862497862	1.04963970114134	-2.51041249879687	0.0120590203976703	0.0318501807436059	1.91868797023614	down	332937
Ctf2	20.9652787636506	-2.63362737268191	0.462512073889651	-5.69418080382968	1.23965665475207e-08	7.69991207999356e-08	7.90669858386552	down	244218
Gm45740	11.979096372024	-2.63337050247382	0.61717566653446	-4.26680869850333	1.98289051573378e-05	8.94984956841589e-05	4.70270126447616	down	NA
Pygl	592.996894658351	-2.63030941738822	0.0924165979056199	-28.4614395790074	3.51768418892441e-178	2.35707462421208e-176	177.453743153271	down	110095
Nrcam	5.42642028661783	-2.62979424879967	0.797540981053011	-3.29737820535252	0.000975919905335741	0.00336541368646227	3.01058582382725	down	319504
Pla2g7	1395.4605622677	-2.62823313449562	0.0672838236089142	-39.061887293626	0	0	Inf	down	27226
Tshr	8.12734483685293	-2.62807698893463	0.935566912309532	-2.80907432098788	0.00496841753577047	0.0145847095404875	2.30378191406709	down	22095
Gm48565	3.6321295181966	-2.62318514925545	0.986437877434724	-2.65925022676254	0.00783147744753732	0.021888433279135	2.10615629837833	down	NA
Gm15448	22.6882592330243	-2.62053980193086	0.434702653537188	-6.02835013912949	1.65641889043826e-09	1.10000360923655e-08	8.78082982528007	down	NA
Tnf	1036.70785631761	-2.61728961881927	0.0629975586382852	-41.5458896406927	0	0	Inf	down	21926
Olfml2b	17.7935837355808	-2.61698648564922	0.523814602928466	-4.9960166650921	5.85266050982787e-07	3.14825999907855e-06	6.23264666689633	down	320078
Gm32089	3.73417959555392	-2.61658077985274	1.047243181728	-2.49854171935049	0.0124705462980301	0.032779227334088	1.9041145209382	down	102634530
Adora2b	27.1524681610784	-2.61458474468488	0.366838469631389	-7.12734612406407	1.02322560255884e-12	8.34886387303194e-12	11.9900286017283	down	11541
Gm38708	7.89582311536238	-2.61344442990138	0.947399158849793	-2.7585462848355	0.00580590826075238	0.0167691368324073	2.23612983074406	down	NA
Ceacam19	4.53728187843484	-2.61310055371406	0.94558055477509	-2.76348803972137	0.00571871881499692	0.0165540188061843	2.24270125685381	down	319930
Dach1	320.552743584671	-2.61124397148777	0.109086384408598	-23.9373959054963	1.25018235371436e-126	6.10129978197975e-125	125.903026635443	down	13134
Kynu	420.125831167519	2.60813194860162	0.130280196446309	20.019404481605	3.73154448064716e-89	1.32023184095426e-87	88.4281113771484	up	70789
Slco4a1	28.7903758289563	-2.60793535795484	0.354383092271785	-7.35908516751344	1.85174864112218e-13	1.56673121934004e-12	12.7324179653767	down	108115
Ky	3.53197025153138	-2.60346532496076	1.00347167312622	-2.59445821410177	0.00947401290606976	0.025841486249946	2.02346602798562	down	16716
AC158912.1	4.51838783221411	-2.6032870106682	0.869888353530788	-2.99266796721869	0.00276550440777892	0.00867404370164131	2.55822564499719	down	NA
Mei4	8.24227959677595	-2.60312123361919	0.941955880282156	-2.7635277703659	0.00571802264161002	0.0165540188061843	2.24275412930213	down	75033
Msi1	13.2931716391551	2.60279683361908	0.556031306879823	4.68102569300406	2.85443158595554e-06	1.42612083001025e-05	5.54448036155485	up	17690
Nos1	6.91530040372875	-2.60255180370493	0.721855986962515	-3.60536152738188	0.000311718670926664	0.00117001177655633	3.50623718412811	down	18125
Grm3	8.39792033446924	-2.59871908550201	0.878092448875182	-2.95950510544865	0.00308133596195211	0.00954682725410645	2.51126094742553	down	108069
Lypd6b	99.5166401466421	-2.59805685304222	0.213072809232827	-12.1932820165866	3.37547812871208e-34	5.92599736514162e-33	33.4716647016614	down	71897
Gm12589	41.8563724830085	-2.597784569544	0.299509567291741	-8.67346106180843	4.1918052606264e-18	4.39622696659253e-17	17.3775989016445	down	102631997
Adssl1	202.022866160892	-2.59588111374757	0.137674132719528	-18.8552567026948	2.66044478422588e-79	8.52938597822816e-78	78.5750457501408	down	NA
Vwa3b	14.1612920903306	-2.59496523472267	0.561475343129244	-4.62169045618329	3.80625665387603e-06	1.86807777696944e-05	5.41950193081409	down	70853
Snord118	19.7972403822388	-2.59491382862691	0.432483223622587	-6.00003349700197	1.97276828325785e-09	1.30261464685711e-08	8.7049239229649	down	100216530
Axl	89.8879588266765	2.59409111777385	0.253983102101728	10.2136366408141	1.7228397098689e-24	2.31926722958385e-23	23.7637551267062	up	26362
Stx11	757.509207601714	-2.59346165682832	0.0798778278783281	-32.4678540430362	3.0325236892373e-231	2.633115048334e-229	230.51819579786	down	74732
Ces1g	59.1218841331755	-2.59328602206202	0.295526254478923	-8.77514597352628	1.70682320671301e-18	1.81750070540074e-17	17.7678114609153	down	12623
Bcl2l11	1510.92842474209	-2.59207002406264	0.0584497214347578	-44.347003893867	0	0	Inf	down	12125
Cspg4	6.99132919406577	-2.59169444632764	0.81035698938142	-3.19821323230147	0.00138281989748427	0.00461434489090066	2.85923437999349	down	121021
Platr1	11.3004825301394	-2.59074849689504	0.613400571558963	-4.22358344125868	2.40448290106352e-05	0.000107272573699984	4.6189783069662	down	NA
Gm43434	5.54142564355477	2.58916622349772	0.843980897429607	3.06780192701419	0.00215639498187613	0.00692085554093896	2.6662716874843	up	NA
Klri2	11.183741249716	2.58813561729675	0.588286418705036	4.39944818545	1.08526484960579e-05	5.07195205223932e-05	4.96446426302648	up	320407
Nanos1	13.4163673309577	-2.58745515510222	0.570333158307809	-4.536743335736	5.71295641359706e-06	2.74947572062238e-05	5.2431390893311	down	332397
Unc80	3.22063816665739	-2.58567575872704	1.01873767231247	-2.53811734757753	0.011145060715966	0.0297415700166493	1.95291756123155	down	329178
Uox	41.6194281424847	-2.58507046670849	0.310712468245066	-8.31981568460776	8.81002056158654e-17	8.77171612436225e-16	16.0550230779928	down	22262
1700029H14Rik	6.1444099058284	-2.58464184011584	0.799902200738249	-3.23119731103428	0.00123272811450776	0.0041601329843283	2.90913269906483	down	66501
H2bc15	61.5148900890219	-2.58219500688018	0.254016814033876	-10.1654491522589	2.82815492489745e-24	3.77794362050885e-23	23.5484968037913	down	319187
Tdrd12	3.61725546119913	2.58195256678877	1.02460809456968	2.51994160545173	0.0117374304599334	0.0311310058997775	1.93042696775728	up	71981
Ifi213	56.9742272462434	2.58007888647021	0.280814648274045	9.1878358281094	4.00824034522166e-20	4.57686140022324e-19	19.3970462448569	up	623121
Krt83	4.43588922710722	-2.5800055569791	0.923309395251867	-2.79430228940247	0.00520118341935733	0.0151930840028017	2.2838978305916	down	100126226
Rn7s1	35.1529223962803	-2.57910630739773	0.34915059985349	-7.38680187999096	1.5040244244823e-13	1.27771565355836e-12	12.8227451109972	down	103948
Gm49513	5.34247774179658	-2.5790516917107	0.799598147880666	-3.22543479940076	0.00125781482174253	0.00423519196482349	2.90038329197107	down	NA
Gm11384	8.06616231405437	-2.5777902468086	0.948349438342402	-2.71818608477721	0.00656409097253608	0.0187125980542653	2.18282540863713	down	NA
Chst13	10.795910157767	-2.57691482358081	0.620029469119207	-4.15611668787531	3.23702542392349e-05	0.000142013416440298	4.48985388959146	down	71797
Gm34672	4.10530127720364	-2.57588527528312	0.971715304003044	-2.65086416224135	0.00802861242164195	0.0223524721783028	2.09535950698733	down	102637997
Gm16372	3.0040260171948	-2.57565804679897	1.06113229998365	-2.42727325031824	0.0152127931251265	0.0389745999427726	1.81779104055162	down	629364
Dct	8.32506879820746	-2.57423792158205	0.704084482093664	-3.65614920801449	0.000256032365598084	0.000975119424358357	3.59170513112496	down	13190
Prf1	18.7200551200047	2.57308464761911	0.501583156751772	5.12992634019506	2.89855577926809e-07	1.61160629360106e-06	6.53781833773059	up	18646
F730016J06Rik	16.2311355161229	-2.57290495018816	0.484570137288247	-5.30966469495346	1.09827100184083e-07	6.36453543030064e-07	6.95929048312627	down	100504177
Alpk2	101.886240756294	-2.57289905349571	0.193455860802591	-13.2996697170172	2.32493045232082e-40	4.63628954027881e-39	39.6335900340106	down	225638
Ptgfr	28.4373166768986	2.57255642644188	0.404958378910681	6.35264402569454	2.11645106552733e-10	1.51302654389448e-09	9.67439176839816	up	19220
Tlr2	276.884386606223	-2.57241774578894	0.130395035928993	-19.7278809539173	1.24271328560276e-86	4.27341619780131e-85	85.9056290586824	down	24088
D030024E09Rik	7.69652297401951	-2.57190983471463	0.94075931703909	-2.73386591887218	0.00625955282481116	0.0179253567838724	2.20345669117515	down	432956
Gm41750	8.47277714390805	-2.57129489228287	0.666553096926784	-3.8575994982817	0.000114506071893928	0.000463068510032518	3.94117148345413	down	105246464
Bnip3l-ps	18.3711763223381	-2.57121451175153	0.453377421254611	-5.67124517281059	1.41763348339564e-08	8.76099174391508e-08	7.84843603763943	down	100043324
Gm26535	147.28860868793	-2.56803908785832	0.177266546741995	-14.4868794200409	1.46655716287025e-47	3.25123241670777e-46	46.8337010045994	down	102633435
Gm49313	16.9369306946772	-2.56426517958521	0.675721179894193	-3.79485689642987	0.0001477286383441	0.00058716709793109	3.8305353051675	down	NA
Nalcn	3.58924147627491	-2.56416724155068	0.98947732485145	-2.59143608160565	0.00955762944673313	0.0260218761484808	2.01964981126643	down	338370
Tomm40l	7.61065812399745	-2.56308568349095	0.992821520540721	-2.58161777365081	0.00983384313777767	0.026672843569979	2.00727672353629	down	641376
9130230L23Rik	71.4955873001373	-2.56147298921858	0.288512869894937	-8.87819316396993	6.79551550846071e-19	7.3794553246906e-18	18.1677775920606	down	231253
Bend6	6.02491727876985	-2.56115301327789	0.803823017986225	-3.18621506969806	0.00144147396813927	0.0047885981224381	2.84119319621407	down	320705
Npy1r	4.22396801736954	-2.56051452815927	1.02964911691903	-2.48678359072552	0.0128903785373291	0.0337296080285535	1.88973432901903	down	18166
Ntng1	2.94692902556567	-2.56036881509126	1.10099844200176	-2.32549721908431	0.0200453884434861	0.0495287941396499	1.69798552348789	down	80883
Kdm6b	2186.3987221009	-2.55159916735297	0.0475926513092369	-53.6133015740973	0	0	Inf	down	216850
Gucy1a1	19.1674679447496	-2.55064371688235	0.438872353066888	-5.81181224804474	6.18001305761833e-09	3.92159841984495e-08	8.20901060729863	down	60596
Gm37176	3.47088580334993	2.54935214032025	1.01986623801307	2.49969265115292	0.0124301093977921	0.0327018116071949	1.90552504910185	up	NA
Pag1	2386.32415534396	-2.54890688182126	0.0444569901627927	-57.3342206138487	0	0	Inf	down	94212
Gm16553	42.1784515694693	2.5486613778403	0.315349224113111	8.08202837666133	6.36982777031849e-16	6.07787733084556e-15	15.1958723101154	up	102632602
Hrg	352.312659681795	-2.54864107074981	0.105000046045282	-24.27276145813	3.80285222898562e-130	1.91419414492346e-128	129.419890550051	down	94175
Cdr2	132.918817198884	-2.5486258718531	0.177582993106142	-14.3517452165579	1.03889592684364e-46	2.27411262809817e-45	45.983427956448	down	12585
Tmem132b	13.798924690366	-2.54750726420396	0.522836043849736	-4.8724782733918	1.10206979099536e-06	5.75878444697903e-06	5.95779090195934	down	208151
Dync1i1	4.13396943911044	-2.54706341964579	0.974762800919244	-2.61300843368643	0.00897490874980014	0.0246466508236684	2.04696995831062	down	13426
Trim13	22.2757366155871	-2.54561400700349	0.447830112876774	-5.68432969067434	1.31326718196725e-08	8.1256457259547e-08	7.88164690845004	down	66597
H4c3	146.534876382308	-2.54330002585257	0.160994891603362	-15.7973958087963	3.242367789466e-56	8.06297164256348e-55	55.4891377236405	down	319155
Gm36486	12.8837570078482	-2.54287387031053	0.611617242457818	-4.15762292784921	3.21576241668603e-05	0.000141169734571983	4.49271604479103	down	102640422
H4c1	22.4751826750845	-2.54250155374031	0.403849510335017	-6.29566580786776	3.06083180468821e-10	2.15707385789305e-09	9.51416053459827	down	326619
Slc2a6	266.181388999775	-2.54052735791176	0.123525162838543	-20.5668812696279	5.43507032319312e-94	2.02977473951651e-92	93.2647948322995	down	227659
Kcnip1	79.011805821922	-2.5398433505867	0.237961497385956	-10.6733374032659	1.3566430502969e-26	1.9297668617841e-25	25.8675344056038	down	70357
Gm42879	5.90019397434085	-2.53898637812322	0.768271211109913	-3.3048047895159	0.000950425726353864	0.00328510892544173	3.0220818166155	down	NA
Itgb2	1451.51953141723	-2.53439828151738	0.0568018851838347	-44.6182071830012	0	0	Inf	down	16414
Necab1	3.61933313870497	-2.53271886823825	1.08139581674566	-2.34208310132009	0.0191764445991141	0.0476802985623057	1.71723190989307	down	69352
Antxr2	2130.37612981993	-2.53111751304773	0.0578409517304837	-43.7599561784832	0	0	Inf	down	71914
Gm9949	28.9317967593887	-2.5310316245508	0.389799522788821	-6.49316245038611	8.40529675070319e-11	6.18059206026478e-10	10.0754469490992	down	225609
B3gnt7	3.92916870075146	-2.53057524402629	0.905169921929303	-2.79569082303636	0.00517889182105809	0.0151364553518976	2.28576316061914	down	227327
Gm14963	93.2925178478107	-2.52840759780438	0.244935395135864	-10.3227530525014	5.56054621116467e-25	7.56866247514439e-24	24.2548825456763	down	105246847
Gm49742	16.9965714642038	2.52752977997107	0.474938085815981	5.32180900091129	1.02740412896467e-07	5.9737931482965e-07	6.98825869325158	up	NA
Gm35507	3.47379510061384	-2.52326882977025	1.02796747781818	-2.45461931842998	0.0141033851662871	0.0365048370985289	1.85067663326043	down	102639119
Rarres1	6.8457816940515	-2.5230989331595	0.814383326288951	-3.09817115811662	0.00194718934674388	0.00630085074484405	2.71059181517348	down	109222
Gm20125	17.5850358145972	-2.52158719616865	0.463746141849273	-5.4374300260771	5.40545679160198e-08	3.20741213212396e-07	7.26716759982544	down	100504235
Mustn1	29.2848301412276	-2.52074822125961	0.418226040800492	-6.02723880233486	1.66784483744283e-09	1.10688594163921e-08	8.77784435500332	down	66175
Brd3os	4.6783169594882	2.52003964441482	0.891275570648111	2.82745284108069	0.00469199256752633	0.0138650642533581	2.32864268451151	up	100504116
Hist1h4n	10.1842575049356	-2.51726459359777	0.636859497604363	-3.95262157990391	7.72996314057935e-05	0.000320405040273771	4.11182257695893	down	NA
Vnn3	59.145546804214	-2.51585870422732	0.292484913131512	-8.60167000509903	7.856441674802e-18	8.15746826413547e-17	17.1047741092922	down	26464
Nfasc	3.56744223732939	-2.5156151057535	1.01506622663119	-2.4782768254465	0.0132018672613805	0.0344797232560356	1.87936463819099	down	269116
Slc12a2	202.907434273758	-2.51259411587594	0.168184020966882	-14.9395531241978	1.82192909662918e-50	4.20456040361634e-49	49.739468528319	down	20496
Sidt1	97.4938215702937	2.50864889619717	0.208015854467612	12.0598927548947	1.72006745978292e-33	2.97959150410776e-32	32.7644545200477	up	320007
F5	209.918177037376	-2.5052374912201	0.151468320252046	-16.5396796310367	1.90030268013307e-61	5.01906306100038e-60	60.7211772191302	down	14067
Serpinb10	20.5868258216389	-2.50460877085542	0.445863788603872	-5.61743033382027	1.93818279949502e-08	1.18933425673371e-07	7.71260526491782	down	241197
Aanat	20.5694716947365	-2.50343019315274	0.532032199139178	-4.705411058209	2.53354944063316e-06	1.2731284493213e-05	5.59627061630536	down	11298
Gm16853	11.1773805855737	-2.50257387028862	0.582395629228843	-4.2970340859225	1.73098586011039e-05	7.87942646108352e-05	4.76170647972779	down	330902
Hao1	6.10366015500237	-2.50190290962465	0.738753913226806	-3.38665266583371	0.000707508995542174	0.00249936937753914	3.15026803398107	down	15112
Gm15518	17.7000824944249	-2.50170783824429	0.524328869792983	-4.77125709143581	1.83079678279486e-06	9.36244764580664e-06	5.73735985941694	down	102633939
Gm9733	142.665896002982	-2.50078864864896	0.195001043843345	-12.8244885225228	1.19573036585643e-37	2.25093270949252e-36	36.922366741604	down	NA
Pou2f2	986.864092076374	-2.50035224142779	0.0713631227759917	-35.0370351543665	6.14392543728628e-269	6.03930482017022e-267	268.211554063545	down	18987
Lrp1	614.298503310954	-2.49776068110654	0.0903517162405025	-27.6448614928119	3.21740998412979e-168	2.06300328182402e-166	167.492493594833	down	16971
F9	74.7348182194024	-2.49773477014303	0.220544719589781	-11.3252984464506	9.83433533853135e-30	1.53626472353564e-28	29.0072549868949	down	14071
Ighg1	2470.90252651506	-2.49770205324219	0.0435678108307173	-57.3290694578849	0	0	Inf	down	16017
Gm10874	14.1939068714126	2.4969640661262	0.832011806633718	3.00111614548933	0.00268991943494311	0.00846883684918863	2.57026072724057	up	100303731
Fabp12	16.8581332333024	-2.49638630805344	0.522440186498937	-4.77831983941098	1.76766045798944e-06	9.05068213367124e-06	5.75260115300125	down	75497
A730085K08Rik	61.7881592277788	-2.49556594169618	0.282013394102264	-8.84910431165987	8.82244834341349e-19	9.56063447885563e-18	18.0544108758114	down	654800
Csf1r	1053.59745234332	-2.49419208642626	0.0601263431865986	-41.4825175495154	0	0	Inf	down	12978
Gm14548	64.4358559382023	-2.49053764580592	0.259478173926964	-9.59825486712014	8.130938944811e-22	9.94953826605499e-21	21.0898593000388	down	NA
Gm43838	3.78568940015058	-2.49033902828499	0.92715504051152	-2.68600063578476	0.00723129512138629	0.0204274039629346	2.14078391381198	down	NA
Orm3	39.5347747345495	-2.49000248552553	0.30652773772824	-8.12325339292169	4.53850392070802e-16	4.37051216282968e-15	15.3430872850415	down	18407
Gm40578	38.6842010552362	-2.48899898205734	0.477466171966615	-5.21293261846281	1.85878427020468e-07	1.05315947272418e-06	6.73077101135575	down	105245076
Adrb2	440.376832238224	-2.48766503508022	0.105869920935012	-23.4973731264734	4.33892398133971e-122	2.0596545978847e-120	121.362617958715	down	11555
Trbc2	205.314854656961	2.48712618291881	0.215863436258141	11.5217575798459	1.0249863663655e-30	1.63675792250502e-29	29.9892819112439	up	100125263
2310067P03Rik	21.5697841714097	-2.48541602874974	0.432562893574599	-5.74579111076967	9.14922003241415e-09	5.7324292319747e-08	8.03861592779768	down	70286
Kng1	1994.04634494236	-2.4851775455558	0.0561089480119538	-44.2920003601982	0	0	Inf	down	16644
Gm2682	515.723670407072	2.48516144331795	0.0922012316611876	26.9536686066211	5.16655786621778e-160	3.1759852322747e-158	159.286798702085	up	100040266
Gm14321	64.1467967357777	-2.48325455424201	0.258421901585921	-9.60930377418636	7.30411845805119e-22	8.95356026748993e-21	21.1364321920372	down	100048985
Col1a1	19.6852588343825	-2.48262248108397	0.594522346132809	-4.17582702691108	2.96905371613758e-05	0.000130918557745643	4.52738194507451	down	12842
Klra14-ps	7.01725075411548	2.48203630395014	0.819277583617997	3.02954255502667	0.00244924396237957	0.00778045654451645	2.61096795385516	up	654449
Fgg	1461.5651160998	-2.47984123542299	0.0593140480126819	-41.8086662183767	0	0	Inf	down	99571
Gm7706	3.42932608477132	-2.47953217146122	0.961238304866284	-2.57951868845483	0.00989381049672416	0.0268180433066122	2.00463641224707	down	665599
Il7	9.34943620540159	2.47833277021249	0.659018286008768	3.76064340372418	0.000169476883826811	0.000666993159974866	3.7708895299747	up	16196
Gm4759	118.003449345279	2.47537713084991	0.235604632394823	10.5064875239877	8.06412768088624e-26	1.12784132041603e-24	25.093442604576	up	NA
Magi2	45.1205461360688	-2.47500371379295	0.333000931083612	-7.43242280356119	1.06626332568011e-13	9.15150800817455e-13	12.9721355281731	down	50791
Dusp2	577.106121869185	-2.47164565616753	0.105816847352775	-23.3577706953175	1.14905468192246e-120	5.40522585024429e-119	119.939659303346	down	13537
Lrrc36	14.1821916116442	-2.47081844008511	0.512927946552784	-4.8170867988197	1.45669332204362e-06	7.51759092076946e-06	5.83663187071683	down	270091
Slc22a1	34.0146062301511	-2.4704566432766	0.359979726698431	-6.86276603945032	6.7539794638423e-12	5.28326494170457e-11	11.1704402642149	down	20517
Gm15922	11.7424679537946	-2.47013137182429	0.564521832367473	-4.37561708014929	1.21089424931702e-05	5.62878100859186e-05	4.9168937833173	down	NA
Ccrl2	1571.5591164422	-2.46995288140813	0.0642944064259387	-38.4162949579959	6.91691904177745e-323	8.42875991805167e-321	322.160087307438	down	54199
Col4a3	42.457810856946	2.46896107701009	0.365473467840306	6.75551385877594	1.4232990159746e-11	1.09285660257534e-10	10.8467038509025	up	12828
Zfp804b	5.16365737616288	-2.46869345204075	0.850229861341869	-2.90356004215679	0.00368946218715063	0.0112338840616645	2.43303693632756	down	207618
Gm20618	8.27350883803919	-2.46848131978562	0.850292738046411	-2.90309585079731	0.00369493530810183	0.0112472621801832	2.43239316094449	down	105242593
Ccno	23.4581335891419	-2.46593257403923	0.397545268380936	-6.20289755700557	5.54329256817341e-10	3.83389581073058e-09	9.25623219927328	down	218630
Cfap299	564.377207812614	2.4655507807129	0.114409902360788	21.5501519522136	5.27734944369075e-103	2.13543077780721e-101	102.277584147733	up	75784
Gsg1l	4.80947460004831	-2.46433026305232	0.90730988225208	-2.71608445059089	0.00660590652319278	0.0188240784953937	2.18006757608039	down	269994
Lipc	115.90027765615	-2.46381624819323	0.208121903681336	-11.8383322687922	2.4732201728141e-32	4.153056823632e-31	31.6067372198369	down	15450
Gm36287	30.8378101185974	-2.46356112097272	0.475287668109431	-5.18330536698356	2.17987695167769e-07	1.22674738849612e-06	6.66156802048512	down	102640152
Gm45717	294.228993854473	-2.46268864357223	0.12233078705957	-20.1313888577615	3.91856564222206e-90	1.40066877218294e-88	89.4068728737101	down	NA
Sycp2	84.203160881724	-2.46260604335275	0.213731268791606	-11.5219736320091	1.02241912282965e-30	1.63391043716619e-29	29.9903710362771	down	320558
Fech	954.381803203408	-2.46131403235561	0.075748093461185	-32.4934123076885	1.32109529627374e-231	1.15673549911968e-229	230.879065853731	down	14151
Gm16556	73.1548995747754	-2.45891018228901	0.21718905555799	-11.321519751406	1.02676304457398e-29	1.60155053038002e-28	28.9885297709184	down	NA
Gm29094	3.22707852515699	-2.4572782981246	1.0107280567048	-2.43119628650252	0.015049059285549	0.0385978272555762	1.82249064690495	down	NA
Gng4	12.9000650297201	-2.45720350171247	0.620139251371731	-3.96234151648553	7.4218272713724e-05	0.000308586309872565	4.12948915723094	down	14706
St18	96.5649983214035	2.45575623277617	0.231608227824384	10.6030612808723	2.88382876387353e-26	4.07155200612198e-25	25.5400305307462	up	240690
S100a4	86.8987200931803	-2.45516539130273	0.213056872858328	-11.5235212005355	1.00421577390831e-30	1.60605161262282e-29	29.9981729611458	down	20198
Mcemp1	516.004451543529	-2.45437772107625	0.0902318208772122	-27.2008000859937	6.35487815305744e-163	3.95311360691236e-161	162.196892772091	down	69189
Ackr1	87.8683308195295	-2.45368478343458	0.20301722739582	-12.086091485481	1.25097746458556e-33	2.17423848077552e-32	32.9027505137233	down	13349
Sirpb1c	386.752392374082	-2.4534487518949	0.107509440580004	-22.8207749817948	2.85201743508209e-115	1.29202589847121e-113	114.544847823863	down	100038947
Ugt3a2	94.9828097960959	-2.45183254428875	0.205017308992881	-11.9591489925072	5.81548417392156e-33	9.90105185460388e-32	32.235414121811	down	105887
2310016D03Rik	35.6948868104365	2.45150786685558	0.347025573730637	7.06434353094233	1.61377065379523e-12	1.30043954580196e-11	11.7921581863851	up	69566
Trgv2	6.21106558969667	2.44975078958465	0.7869407065243	3.11300555337202	0.00185192533015885	0.00601219379267491	2.73237652810426	up	21636
Gm37266	5.00812560337891	2.44838976790384	0.819398085663909	2.98803452282911	0.0028077783666409	0.00878416054382671	2.55163717643671	up	NA
Trat1	14.4958251726615	2.44716154774185	0.550601339755732	4.44452523277096	8.80861698980336e-06	4.1595914219468e-05	5.05509227329579	up	77647
Gp9	5.06693913864838	-2.4460024126973	0.873869997177323	-2.79904610594036	0.0051253818476781	0.0149926771931168	2.29027377355768	down	54368
Pvalb	5.10935854331227	2.44545608608858	0.893429248418275	2.73715696057411	0.00619727162727656	0.0177722386485909	2.20779946824566	up	19293
Tmem132c	9.34161620178348	-2.44528112914123	0.768401644955132	-3.18229554191548	0.00146112637924289	0.00485049442841917	2.8353122184024	down	208213
Id4	219.860656690014	2.44526263234035	0.134326178902884	18.2039171538427	4.80459922821851e-74	1.46165026739921e-72	73.3183428328096	up	15904
Rhov	49.1588872365849	-2.44457147484706	0.290659718376137	-8.41042401232765	4.08531162004116e-17	4.13471631131801e-16	16.3887748106854	down	228543
Uroc1	7.1689310194385	-2.44350703300433	0.756155152348449	-3.23148896812425	0.00123147077473104	0.00415723626674552	2.90957589038082	down	243537
Csta2	4.40654531574448	-2.44310073229821	0.855462080466391	-2.85588430870747	0.00429171484849963	0.0128314269336993	2.36736914128137	down	76770
Il16	125.057992680737	-2.44163930598895	0.176129060652283	-13.8627850335798	1.06461982455877e-43	2.2274711369458e-42	42.972805450979	down	16170
Gm15492	7.66368954998093	-2.44072791723474	0.984718010907317	-2.47860594627071	0.0131896933195831	0.0344522460625209	1.87976530234303	down	NA
Lilra6	88.1064453706946	-2.43983199355066	0.216021986208658	-11.2943688574088	1.39905478825606e-29	2.17736390832473e-28	28.8541652778088	down	18726
4930509G22Rik	5.0471823405809	-2.43950889530599	0.848236318923851	-2.87597788597519	0.0040277792912048	0.0121240636500674	2.39493433534732	down	105246071
Gm14039	76.5531286369249	-2.4390354407489	0.26576959606277	-9.17725532522105	4.42218837631018e-20	5.04400566907103e-19	19.3543627612938	down	NA
4930500H12Rik	3.6234854599156	-2.43864560434093	1.01734807898166	-2.39706119736517	0.0165271631493874	0.041950006439718	1.78180168570856	down	74991
Il17ra	805.597879528637	-2.43839812772107	0.0809544179356841	-30.1206307191079	2.60162212206951e-199	1.93625726435023e-197	198.584755783185	down	16172
Fam25c	4.92360613406615	-2.43598724854959	0.845273246073981	-2.88189323377258	0.00395293649460966	0.0119367111449313	2.40308016270285	down	NA
Clec10a	29.7934100281441	2.43552316399451	0.36576170117894	6.65877033091278	2.76128028701379e-11	2.08843641204231e-10	10.5588895075494	up	17312
4930556J24Rik	3.7676663857186	-2.43478656832611	1.0134246030963	-2.40253350953505	0.0162819427432776	0.0414032220655476	1.78829377682107	down	75342
Gm11956	51.6515752988233	-2.43443158833188	0.29293797741119	-8.31039938845049	9.53805045340753e-17	9.47846606573961e-16	16.0205403846094	down	625760
Il22ra2	3.6357687438807	-2.43358986303893	0.9386484676587	-2.5926531037856	0.00952387798479919	0.0259503260100981	2.021186177197	down	237310
Gm3734	3.6031268001429	-2.43180008321131	0.937777117249582	-2.59315357400015	0.00951002940161472	0.0259225174312381	2.02181814037707	down	100042226
Asns	32.2311633912753	-2.42925106899903	0.421271665491056	-5.7664715384249	8.09483725097903e-09	5.09786381000762e-08	8.09179187843776	down	27053
Gm37571	9.14891852013188	-2.42910035587929	0.898586534900712	-2.70324588844155	0.00686659291682666	0.0194869848554747	2.16325869881467	down	NA
Nsg2	10.2836979170913	2.42885428746628	0.663093298372472	3.66291484686661	0.00024936145132332	0.000952601885266116	3.60317068306088	up	18197
Frmd8os	119.65956989738	-2.42822204660019	0.205724308807274	-11.8032820753088	3.75379273773018e-32	6.25802294892474e-31	31.4255297102296	down	69595
Cxcl1	131.764288016569	-2.42796870303194	0.178801624280796	-13.5791199481442	5.32625505318324e-42	1.08924267962007e-40	41.2735780407627	down	14825
Inhbb	275.108024595714	2.42695152646098	0.136848711043652	17.7345589004987	2.26869692695186e-70	6.64008079504912e-69	69.6442235172238	up	16324
C8a	174.823870757112	-2.4268543039289	0.152031005816812	-15.9628905359813	2.31745238840641e-57	5.86084834004869e-56	56.6349891795847	down	230558
Tmeff2	15.8513165286958	-2.42559267248421	0.521630465174133	-4.65002110579276	3.3190106210806e-06	1.64131139849783e-05	5.47899135781456	down	56363
Palm3	17.6425253836237	2.42338150809075	0.462677720080378	5.23773115262553	1.62562632951584e-07	9.2583840067725e-07	6.78897927527287	up	74337
Slfn4	622.52885109394	-2.42317647073562	0.0823859900077844	-29.4124822740694	3.80283857631037e-190	2.69548820039904e-188	189.41989210922	down	20558
Gm14232	3.29420643508538	-2.42222019768166	1.0223697913525	-2.36922121346845	0.0178255881706641	0.0448307303751472	1.74895613131848	down	102632315
H4c8	76.1946578478679	-2.42214940334195	0.238987275419349	-10.1350559317094	3.86152520045742e-24	5.12876505113654e-23	23.4132411265944	down	69386
Cd3d	124.453773200807	2.4193440944332	0.227494000240158	10.6347600019305	2.05356760410692e-26	2.90919750523346e-25	25.6874909954608	up	12500
Nes	74.1535163079406	2.41886950305561	0.252390876404728	9.58382306647551	9.35177365365449e-22	1.14099303962825e-20	21.0291060131976	up	18008
Azin2	49.9303957278022	-2.41813943573835	0.267231094637898	-9.0488700015055	1.44455434417275e-19	1.61065104217314e-18	18.8402661153425	down	242669
Gas1	6.89775856745773	-2.41807317594922	0.735788316987087	-3.28637071304797	0.00101487349843642	0.0034893497498625	2.99358808814966	down	14451
Gm26616	32.2909249529043	-2.4175310329397	0.366895024613429	-6.58916275980271	4.42313695458643e-11	3.30608862972119e-10	10.3542696132643	down	NA
Gm21987	3.99335999045711	-2.4151765828022	1.02047307085682	-2.36672250525371	0.0179463830198949	0.0450746867243089	1.74602306757513	down	NA
Il2ra	63.3560786207304	2.41395135654618	0.270126084458432	8.93638747026536	4.02100211811742e-19	4.4101927968131e-18	18.3956656981265	up	16184
Tlr8	34.4023395716769	-2.41289123686067	0.385787292609884	-6.254460121113	3.98893369971233e-10	2.79131596266976e-09	9.39914318206278	down	170744
Slpi	992.038627582244	-2.41229537269864	0.0630340560393144	-38.2697152027484	1.95551182623965e-320	2.35554195770794e-318	319.708739553245	down	20568
Tmem38b	330.842085022869	-2.41225781963554	0.119793982721434	-20.1367194314336	3.51885677339535e-90	1.25995629382793e-88	89.4535984097178	down	52076
Gm20431	28.0153272550575	-2.40910567331031	0.415344561189263	-5.8002581432926	6.62129095924534e-09	4.19013307925034e-08	8.17905732750634	down	NA
Gm20619	4.02558600498811	-2.40730956404543	0.905489864326589	-2.65857151900396	0.00784726932754029	0.0219237492313463	2.10528144163605	down	101056138
Clec5a	97.4698626222098	-2.40549615918149	0.205033690888049	-11.7321994681104	8.71638557214259e-32	1.43136925876974e-30	31.0596635668436	down	23845
2610528A11Rik	3.27835218146362	-2.40502386250682	0.975392726993781	-2.46569796549463	0.013674658720528	0.035540809812557	1.86408350357888	down	NA
Bmp2	1733.62945586657	2.40197284575798	0.058055748850964	41.3735571979983	0	0	Inf	up	12156
Bcat1	28.2563766800493	-2.4011596922459	0.417516070272626	-5.7510593321067	8.8685981704846e-09	5.56329672711404e-08	8.05214502221299	down	12035
Iqch	9.64904785761133	-2.40095502935027	0.745730589146743	-3.21960110567198	0.00128369084065023	0.00431465055295326	2.89153955754943	down	78250
Fam129c	28.0554194942282	-2.40058249456522	0.515137277974483	-4.66008304427958	3.16081833011699e-06	1.56866618674227e-05	5.50020046477258	down	NA
1700029J03Rik	4.49966605359231	-2.39938350120937	0.973781791998649	-2.46398476632504	0.0137401951097835	0.0356799907654552	1.86200710028224	down	72264
Cpb2	107.142544985775	-2.39654129797035	0.191239223330335	-12.5316410317705	5.01148557056527e-36	9.15287886108761e-35	35.3000335157567	down	56373
Commd1	21.7520801917203	-2.39621389915131	0.517542202611422	-4.62998744268672	3.65687908833172e-06	1.79772831615345e-05	5.43688939901072	down	17846
Gm2511	17.0126430734908	-2.39487299313994	0.509147280734048	-4.70369396785779	2.55496131895121e-06	1.28326919560434e-05	5.59261567051683	down	NA
Tgm2	366.637222880963	-2.39470961461531	0.105974853147045	-22.5969609157423	4.64243271529569e-113	2.07159861571835e-111	112.333254381953	down	21817
Fam135b	4.43933886704583	-2.39383789914432	0.929161221050345	-2.57634288314172	0.00998515736255866	0.0270410258971228	2.00064508641147	down	70363
H2bc7	25.0699675815551	-2.39346094607833	0.415529247501832	-5.76003003511269	8.40989700312203e-09	5.29148078647524e-08	8.07520932301893	down	319180
2310047D07Rik	5.43111705180272	-2.3934186760731	0.804701613201895	-2.97429337385037	0.00293664160072761	0.00914065337080847	2.53214905324705	down	69657
Rsad2	1097.15316846182	-2.39259570598644	0.0662927358519901	-36.0913707246645	3.09757554813476e-285	3.26012004280708e-283	284.508978092623	down	58185
Atp5k	824.430771287515	-2.39235093712897	0.0830942263979044	-28.790820263167	2.79482775669387e-182	1.92215893141068e-180	181.553644952222	down	NA
Ccl5	810.81163068535	2.39118593392804	0.0714216713374467	33.4798372699846	9.47404701402017e-246	8.54673877598122e-244	245.023464464459	up	20304
Ndufb1-ps	1497.34678002147	-2.39083947217375	0.0531606779722454	-44.9738333552102	0	0	Inf	down	NA
4930414F18Rik	4.5390841924956	-2.39072219836798	0.977723392520489	-2.44519279855308	0.0144774726107631	0.0373386202643183	1.83930724801474	down	78790
Gm17017	5.56810596047171	-2.39036126209334	0.793114857370623	-3.01389040928825	0.00257920954784214	0.00815601635318397	2.5885133721798	down	NA
Pnpla3	11.5235815392011	-2.38946858931508	0.565806579902984	-4.22311912619466	2.40944383635995e-05	0.000107470890637639	4.6180831925598	down	116939
Pcdh11x	4.99430366301352	-2.38863213822235	0.815541301052198	-2.92889168842899	0.00340172936077423	0.0104432289553881	2.46830024151645	down	245578
H2bc11	81.9071330722012	-2.38646210030488	0.24493006328939	-9.74344295777699	1.96772140105679e-22	2.45982881083519e-21	21.7060363909396	down	319183
Gm11290	120.118320902148	-2.38384628723408	0.194160070504684	-12.2777370292342	1.19288371952139e-34	2.11202241555703e-33	33.9234018886276	down	NA
Gm13657	14.2153169138459	-2.38229133942083	0.520495723664247	-4.57696620953904	4.71767626821946e-06	2.29111292830169e-05	5.3262718641604	down	102638051
Gm31834	18.336673548761	-2.37779225704696	0.564593631380096	-4.21151094325077	2.53668262917454e-05	0.000112760088117253	4.59573386506843	down	102634191
Gm28981	62.5763948896468	-2.37435979134318	0.272000738945798	-8.72924022392575	2.56389130354431e-18	2.71212847078985e-17	17.5911003907256	down	NA
Tnfaip3	2096.84160896208	-2.37435933747819	0.0455028248821667	-52.1804820607684	0	0	Inf	down	21929
Pirb	924.672922988645	-2.37346949860962	0.0772809279704661	-30.7122282423507	3.90837944342648e-207	3.01654515635424e-205	206.408003279604	down	18733
Sec14l2	18.0824787487324	-2.37339352755779	0.467353411805953	-5.07836996072521	3.80686854775287e-07	2.08711743400742e-06	6.41943211923796	down	67815
Gm43403	4.92473975128224	-2.3725045830962	0.824898638409489	-2.87611649798658	0.00402601091155852	0.0121219474295071	2.39512505239241	down	108168904
Asb2	97.9727323195577	2.37207521272968	0.235186031944186	10.0859527801065	6.37437366244358e-24	8.41797038983914e-23	23.1955624820012	up	65256
Hck	1168.59094810817	-2.36891029570936	0.0681969057818407	-34.7363310483237	2.22935576411559e-264	2.15081225779652e-262	263.65182062059	down	15162
Casp4	1027.37222564859	-2.36866750731933	0.0632756101228132	-37.4341314563688	1.0885569455872e-306	1.23284990158107e-304	305.963148846818	down	12363
Pwwp3b	3.95696588731758	-2.36823849177378	0.894829334590264	-2.64658119736115	0.00813099822929258	0.0226133554117481	2.08985613351285	down	245631
Retnlg	9516.1167620119	-2.36804810090406	0.0420561103722374	-56.3068738393668	0	0	Inf	down	245195
Gm34078	5.66977155479315	-2.36781255686967	0.957340570688506	-2.47332310921156	0.0133863054675561	0.0349175154461229	1.87333926887679	down	102637205
Cdh23	237.365268172432	-2.36724793683651	0.124612973386918	-18.9968016370679	1.81259072334952e-80	5.86530715588207e-79	79.7417002470113	down	22295
Mybphl	3.1017345667797	-2.36694801611789	1.01866710889114	-2.32357361444055	0.0201483579609911	0.0497537186336169	1.69576034195657	down	68753
C1rl	61.6195765544089	-2.36652338842757	0.278805186043655	-8.48808955819432	2.10061666032639e-17	2.15109339481777e-16	16.6776531943787	down	232371
Tlr13	336.063153596794	-2.36502176074909	0.112207384245674	-21.0772381572585	1.28676515589458e-98	5.03093791438783e-97	97.8905007078008	down	279572
Slc16a10	839.75175706119	-2.36384387423018	0.0865327852874097	-27.3173210174492	2.64135896475221e-164	1.65793010441179e-162	163.578172573493	down	72472
Ly6a2	162.433701739833	-2.36372464560137	0.15619811071853	-15.1328632256047	9.83227124242359e-52	2.31519435503802e-50	51.007346149094	down	546643
4930404I05Rik	31.6367216745391	-2.36310732248907	0.369115030007162	-6.40208913314425	1.53265142059306e-10	1.10899038033815e-09	9.81455660791596	down	67394
Plpp3	2611.55501536662	2.36303365623384	0.0601717429791117	39.2714842422656	0	0	Inf	up	67916
Il12rb1	10.825052538077	2.36292527419578	0.610937028259205	3.86770676010369	0.000109863666034015	0.00044541808102779	3.95914591312661	up	16161
Gm47782	23.7847811431785	2.36223165730911	0.417983128594502	5.65150001449169	1.59053674138827e-08	9.80047165990245e-08	7.79845629424107	up	NA
Txk	99.435046286596	2.36117981810263	0.252369260931573	9.35605156264591	8.27721986822971e-21	9.73963776589717e-20	20.0821155084606	up	22165
Tnfrsf4	16.4640008352893	2.36089637372095	0.473202374224098	4.98918962017482	6.06331085154518e-07	3.25401325870075e-06	6.21729016594776	up	22163
Wdr66	11.2692235800016	-2.35849441908741	0.564637831536716	-4.1770038905621	2.95373975360199e-05	0.000130326027366741	4.52962777190611	down	NA
Gm42567	37.4428506921742	-2.35789597055338	0.314663818994757	-7.49338127937954	6.71215476122351e-14	5.81841069339171e-13	13.1731380385961	down	NA
B930036N10Rik	63.8117714918231	-2.35753916272084	0.240519454801921	-9.80186473756307	1.10526086881225e-22	1.3933775707912e-21	21.9565352056761	down	100048917
Gm12250	74.2776981818946	2.35642397020871	0.259874633562329	9.06754129061057	1.21732844344628e-19	1.36240104366149e-18	18.9145922303716	up	631323
Gm7618	25.9858744566976	-2.35577101286647	0.446883680298417	-5.27155301642107	1.35274199680924e-07	7.76364375420205e-07	6.86878502679244	down	665395
Prdx6b	4.7362314252459	2.35568219500483	0.849244635896883	2.77385584251234	0.00553962196169727	0.0160937100320381	2.25651987165257	up	320769
Nfil3	302.057039788536	-2.35530016274167	0.12080284502059	-19.4970587186108	1.1627988946575e-84	3.90831712351092e-83	83.9344953897365	down	18030
Gm7665	55.2811478083864	-2.35316543169921	0.279267273846166	-8.42621263598343	3.57033125814468e-17	3.6187807922411e-16	16.4472914878345	down	665509
H4c6	6.17720194175815	-2.35234415015322	0.792043449945368	-2.96996856714802	0.00297830221683438	0.00925650110314865	2.52603123524601	down	319157
Cebpe	52.2808293693271	-2.35161386316817	0.255753117575798	-9.19485903225095	3.75486604927615e-20	4.29224649483629e-19	19.4254055513623	down	110794
Sapcd2	13.0831994296945	-2.35025946136065	0.597158910567767	-3.93573539600383	8.29423200285004e-05	0.000342332146380258	4.08122382089527	down	72080
Plaur	1195.28806237929	-2.34941316788539	0.0618167752310625	-38.0060777855787	4.57994288528268e-316	5.45379598775509e-314	315.339139937883	down	18793
Tmcc3os	4.42986112765719	-2.34933206186772	0.919789766522492	-2.55420547974782	0.0106430427282122	0.0285517980707021	1.97293419430019	down	NA
Cyp2c37	18.7380643103544	-2.34913597482076	0.582593700304097	-4.03220284324148	5.52564611477421e-05	0.000234949886524749	4.25761693254332	down	13096
H2bc14	29.5030581602797	-2.34646800401233	0.386056649078137	-6.07804064407503	1.21659922703545e-09	8.15461926413374e-09	8.91485246380137	down	319186
Gm47071	38.5716115440575	-2.34346340087024	0.360307655600516	-6.50406219363963	7.81795494384716e-11	5.76294174300782e-10	10.1069068368067	down	NA
Metrnl	469.159566266381	-2.34338074891826	0.103839056380415	-22.5674310861731	9.05565569462407e-113	4.03228224402288e-111	112.043080098166	down	210029
9630015K15Rik	10.4987814076098	-2.34263930684893	0.686375364711442	-3.41305854972489	0.000642381393750309	0.00228557040538889	3.19220704666554	down	78569
F11	16.7118530248675	-2.34232509993635	0.516343654931112	-4.53636851652385	5.72311417429696e-06	2.75372838324115e-05	5.2423675899692	down	109821
Cxcl9	500.067728254755	2.34082923961915	0.260904998761321	8.97196010322735	2.91283926894285e-19	3.20827999606237e-18	18.5356834791681	up	17329
Vmn2r84	7.9346631373565	2.332924219023	0.656330036779641	3.55449863375104	0.000378700479199562	0.00140048611997155	3.42170414533179	up	625068
Ffar1	9.03796711647019	2.33221046225408	0.649324389830608	3.59174936099734	0.000328465677289032	0.0012277840805428	3.48351000492537	up	233081
Tnfsf4	3.87599231247684	-2.33202527904777	0.947386264442303	-2.46153587673192	0.0138343560723796	0.0358797941745262	1.85904105052524	down	22164
Gm5096	8.47978249236801	-2.33195158780265	0.845825313889684	-2.75701323844132	0.00583319898380196	0.0168409578309018	2.234093208536	down	NA
Rnf222	4.1589729691232	2.33159413688688	0.920987180949513	2.53162496190563	0.0113535354021697	0.0302514159628966	1.94486888150415	up	320040
Ccdc7a	22.1852079307999	-2.33098471089798	0.39797641458686	-5.85709259509204	4.71040527095855e-09	3.02031185973862e-08	8.32694172570143	down	74703
Tle7	92.2726488163742	2.32988675183416	0.325962149570515	7.14772176740151	8.82299115629077e-13	7.22729216611412e-12	12.0543841560873	up	102638837
Nfkbiz	4269.19214630698	-2.32777585823424	0.0407409507139333	-57.1360220476679	0	0	Inf	down	80859
Tlr6	121.182858413553	-2.32693677491716	0.180895574652892	-12.8634256497549	7.23000420324648e-38	1.36969143264958e-36	37.1408614502233	down	21899
Cyp3a11	264.607598080413	-2.32682111680714	0.119247771854963	-19.5124913498357	8.59875920646703e-85	2.89482299036456e-83	84.0655642125543	down	13112
H2bc8	50.6392676201699	-2.32604916166969	0.277464655718355	-8.38322688577236	5.14960775494914e-17	5.18418724663696e-16	16.2882258498615	down	319181
Gm26756	31.2116182036243	-2.32491687036163	0.375158091194534	-6.19716574140492	5.7488955307152e-10	3.97218945505882e-09	9.24041558330848	down	102636275
Edil3	5.68997988596995	-2.32410341201679	0.798077291038289	-2.91212823383705	0.00358975231694263	0.0109607104077315	2.44493551551525	down	13612
Ifi206	48.9450875597707	2.32387536993143	0.312336792390429	7.4402869804289	1.00466802322383e-13	8.63351626225211e-13	12.9979774203327	up	102639543
Adamts16	64.4462511270461	2.32197049944328	0.263854290779832	8.80019988524953	1.36572677492301e-18	1.46325862532753e-17	17.8646361762123	up	271127
Rbm38	18.5335142279678	-2.32190196838295	0.453462939110028	-5.1203786861611	3.04922722325798e-07	1.69131876777943e-06	6.51581021153813	down	56190
Fcor	40.2955366803049	-2.31745712735296	0.31904063129507	-7.26383068496883	3.76278959584073e-13	3.14153735527744e-12	12.424490065475	down	100503924
4933432I03Rik	110.467100824487	-2.31720921213019	0.205561539918921	-11.2725815006258	1.79236443238929e-29	2.78531561570175e-28	28.7465736827964	down	71264
Gm20574	8.94577547107629	2.31707267564239	0.61538774751411	3.76522393401937	0.000166399883172559	0.000655637790452029	3.77884698295834	up	100125870
Slc7a11	3188.1780586793	-2.31573015912919	0.0457839877450988	-50.5794770875346	0	0	Inf	down	26570
Defb40	107.883713846853	-2.31364082928707	0.19607894567953	-11.7995372795836	3.9246356168519e-32	6.5376084428119e-31	31.4062006591574	down	360217
H2ac10	6.81796178992357	-2.31253354019773	0.737960733143342	-3.13368101626153	0.00172628405120173	0.00564830167106184	2.76288774180757	down	319173
Cyp17a1	3.68114301962473	-2.31157635226864	0.969945504297305	-2.38320229541484	0.0171627600286745	0.043373121057185	1.76541286981853	down	13074
Mst1	33.2869683405127	-2.31152672952581	0.340074523995644	-6.79711817976525	1.06732543425336e-11	8.25612276332807e-11	10.9717031412584	down	15235
Mettl7b	80.8795632820808	-2.30921420583253	0.211568481366259	-10.9147364055372	9.80132113863255e-28	1.44448183315392e-26	27.0087153809864	down	NA
Rarres2	9.5061949832102	-2.30891244976124	0.806732278230052	-2.86205537086842	0.00420903366829088	0.0126186235956716	2.37581760029273	down	71660
Hspa1b	1718.87829560564	-2.30883389844168	0.0616391292321742	-37.4572763632833	4.57288119028921e-307	5.20733721991458e-305	306.339810082038	down	15511
Plek	4505.41018015322	-2.30858048091642	0.0423193456731098	-54.5514219134847	0	0	Inf	down	56193
Olfr457	3.42206619890384	-2.30851375545422	0.962373860655633	-2.39877021792914	0.016450233983823	0.0417801859828017	1.78382792037902	down	NA
Camk4	103.029173523796	2.30811399058334	0.225529305750974	10.234208733529	1.39329446635259e-24	1.87927918345124e-23	23.8559570877418	up	12326
Pkd1l2	78.7305755502136	-2.30709269692597	0.211971049971387	-10.8839990047575	1.37399814294471e-27	2.01781164910676e-26	26.8620138542557	down	76645
B230208H11Rik	31.6706346537539	-2.30645887493553	0.367720231167468	-6.27231976770165	3.5570809834545e-10	2.49750709616605e-09	9.44890624719346	down	320273
Stk10	1732.43903787191	-2.30516326365533	0.0481477286176138	-47.8768849505403	0	0	Inf	down	20868
C1s1	96.0682697830015	-2.30478003040989	0.247391214838866	-9.31633741283445	1.20425658658708e-20	1.40906810824752e-19	19.9192809696674	down	50908
Entpd3	74.6076368797799	-2.30469534227559	0.268303441852789	-8.5898836271363	8.70574559252139e-18	9.02582250758971e-17	17.0601940283546	down	215446
Emid1	14.9302419095236	2.30337671173255	0.512165675032253	4.49732737670774	6.88129901754103e-06	3.2814505772663e-05	5.1623295700643	up	140703
Tomt	32.7178832063286	-2.30226033214681	0.37300238429515	-6.17224025657989	6.73290825433381e-10	4.61688302441797e-09	9.17179730338562	down	791260
Ephb1	5.71140196784112	-2.30214925135743	0.809654713145214	-2.84337164223304	0.00446389856501608	0.0132826462137942	2.35028568260863	down	270190
Iglc2	1776.08749088687	-2.30094569984306	0.0593193896981279	-38.7890993409138	0	0	Inf	down	110786
Gpr33	19.104673757038	2.30083461178809	0.461230841269624	4.98846652460319	6.08604545563162e-07	3.26537335864849e-06	6.2156648082946	up	14762
Azgp1	709.501639241447	-2.29935582184485	0.0940679328239684	-24.4435670351946	5.8909802981733e-132	2.9941984983813e-130	131.229812429718	down	12007
Gm44710	134.223911227435	-2.29890135359644	0.173591341304199	-13.2431798517409	4.94116244900037e-40	9.75084131389382e-39	39.3061708677166	down	NA
Mxd1	2722.80065747144	-2.29843478416611	0.0464645296089321	-49.4664382381755	0	0	Inf	down	17119
Myl9	44.637007852796	-2.29730555548876	0.362126697367661	-6.34392761480479	2.23980097593309e-10	1.59869880382139e-09	9.64979057045786	down	98932
Vpreb3	59.4359327242489	2.2963348538456	0.275683852253782	8.32959505996637	8.11193391910781e-17	8.08825793972668e-16	16.0908755958169	up	22364
Brinp2	8.75473327220221	-2.29321491692684	0.877440255611179	-2.61352827416097	0.00896126686325027	0.024613660229771	2.04763058935277	down	240843
Gm36640	3.31796617220112	-2.29169635296836	0.932862765077966	-2.45662753275057	0.0140248012149657	0.0363194771366559	1.85310328564081	down	102640621
C1qtnf9	18.0926595762015	-2.28657340975434	0.4769851481917	-4.79380420632167	1.63647997231486e-06	8.40794037057925e-06	5.78608930533695	down	239126
Mettl4-ps1	4.08974487397581	-2.28551152733519	0.880629028907804	-2.59531704305703	0.00945037012797166	0.0257837474596493	2.02455118182007	down	668740
Cdk8	4707.6016631336	-2.28448356698354	0.0427098525438311	-53.4884442562541	0	0	Inf	down	264064
9530036O11Rik	10.9467056070947	-2.28264190890012	0.650113215705741	-3.51114521864036	0.000446180588472645	0.00163122057599675	3.35048932805173	down	654796
Eef1akmt3	9.90553762479657	-2.2816794741755	0.789510684872025	-2.88999188724767	0.00385251768532361	0.011662204538707	2.41425535893769	down	100504608
Mettl21c	14.3926087283142	-2.27940827625612	0.781614334421261	-2.91628259088146	0.00354229501523598	0.0108300888824094	2.45071527201279	down	433294
Sod2	1444.10573847844	-2.27917859445685	0.0579402882860421	-39.3366802595959	0	0	Inf	down	20656
Isca1	251.267589620708	-2.27371047195176	0.1271088435295	-17.8879014930544	1.46523343649905e-71	4.35577740131295e-70	70.8340931793323	down	69046
Tbxa2r	62.3002804796077	2.27268873211293	0.275520473252608	8.24871090443154	1.60112246342913e-16	1.57683322379015e-15	15.795575449369	up	21390
Ocstamp	9.2380625637419	-2.2724839759136	0.616646734714623	-3.68522826438914	0.000228497758130901	0.000878049932083689	3.64111805658387	down	74614
Kcnj8	10.5419354288683	-2.27112177028383	0.604391325482487	-3.75770080497232	0.000171481744019563	0.00067411961207766	3.76578210823686	down	16523
Il1b	9569.86062765588	-2.26990497070887	0.0314526677746611	-72.1689170206907	0	0	Inf	down	16176
Tespa1	89.5626569343879	2.26744037523401	0.217605773291334	10.4199458540943	2.01067633475214e-25	2.77486649933112e-24	24.6966578336023	up	67596
Gm20492	13.6198051100779	-2.26629120572281	0.512347528214629	-4.42334759302953	9.7183195698853e-06	4.56434666479242e-05	5.01240882402627	down	102632786
Cps1	66.5225804156732	-2.26510488846033	0.305199915914437	-7.42170875661498	1.15618837342432e-13	9.89478830135084e-13	12.9369714021837	down	227231
Pet100	468.328756708493	-2.26386342580088	0.0872792836030101	-25.9381531601251	2.47369227322476e-148	1.40079546961225e-146	147.606654327485	down	100503890
1110002J07Rik	37.4698057053751	-2.26324469853252	0.315842102327049	-7.16574732075766	7.73633517955471e-13	6.35715649868851e-12	12.11146472255	down	68488
Cyp2c50	38.1783803367575	-2.26266324397311	0.365957506970117	-6.18285784791367	6.29513978242353e-10	4.3252363312207e-09	9.20099462201979	down	107141
4833427F10Rik	5.23659577392865	-2.26243932981699	0.823776935905618	-2.746422279145	0.00602491593461284	0.0173224645642104	2.22004900840263	down	74601
Gm5577	82.5706188121546	-2.26188149662684	0.203585442987149	-11.1102319666815	1.11868533000612e-28	1.70038538234846e-27	27.9512920570466	down	434064
Hic1	78.3716866743395	2.26044273870207	0.227722681662425	9.92629597631799	3.19919400621219e-23	4.1178507656242e-22	22.4949594225378	up	15248
Rps29	8330.16955243865	-2.25589722902548	0.0318928431302686	-70.733650800937	0	0	Inf	down	20090
Tnfsf11	5.49724996928413	2.253203152115	0.777293138274454	2.8987817351855	0.00374615576921643	0.011386543184758	2.42641416815014	up	21943
Gm33838	14.9865159543555	-2.25111658553853	0.516715683249328	-4.35658653010597	1.32106481485276e-05	6.11708315853533e-05	4.87907587425348	down	102636888
Slc5a11	9.59220710750102	-2.25072941906279	0.65978115608172	-3.41132722314976	0.000646474577252089	0.00229895626541916	3.18944854916908	down	233836
Gm28802	5.8392857886611	-2.24971165534705	0.935282746763244	-2.40538132787404	0.0161555981410871	0.0411303764019366	1.79167695813135	down	101056017
Gm7115	27.2292605941871	-2.24819819631822	0.37060860597701	-6.06623310970195	1.3094503664008e-09	8.75164726921949e-09	8.88291095848867	down	633522
Apob	2075.97944413522	-2.24748049326613	0.0499389904705065	-45.0045239619625	0	0	Inf	down	238055
Gm11491	9.06236811582514	-2.24713598915641	0.789095617845033	-2.84773598831177	0.00440314354765625	0.0131137785321721	2.35623715579899	down	NA
Gm45546	74.4975591051461	-2.24571442886293	0.243571395694276	-9.21994318118407	2.97257690791837e-20	3.41674187446833e-19	19.5268669002913	down	NA
Shisa8	6.23921267543544	-2.24492304389425	0.791963646088818	-2.83462890623957	0.00458789444207257	0.0136056826922371	2.33838658287033	down	435145
Klra5	8.55426400704741	2.24477110207911	0.694829685208319	3.23067817893546	0.00123496903737162	0.00416634608544392	2.90834393071785	up	16636
Arg2	997.633214045533	-2.24440845722044	0.0928296378832964	-24.177714234349	3.81758531924644e-129	1.90322154229131e-127	128.418211248112	down	11847
N4bp1	1862.34422145835	-2.24206910297102	0.0475435705552063	-47.158197770771	0	0	Inf	down	80750
Rab11fip1	719.100156394954	-2.24206338603402	0.0880859421885509	-25.4531350897605	6.51728219699765e-143	3.57404325534826e-141	142.185933473734	down	75767
Lingo2	16.3259490624142	-2.24203253491977	0.501145460169493	-4.47381591396935	7.68358981801202e-06	3.64900474515844e-05	5.11443582763762	down	242384
Olfr373	7.89779567628894	-2.24136020236693	0.706786530565423	-3.17119824082367	0.00151811502811935	0.00502557570627151	2.81869532054538	down	NA
Gm50019	6.43641719171158	-2.24049305221987	0.764997494914069	-2.9287586784471	0.00340318526090012	0.01044615961878	2.46811440835449	down	NA
Rasgef1a	21.7672033652392	2.23964575312326	0.490311322613744	4.56780345431183	4.92861848417262e-06	2.38910166530992e-05	5.30727479852844	up	70727
Il2rb	135.116888961792	2.23914153482985	0.190635042716039	11.7456974485282	7.43069076597454e-32	1.22312926439292e-30	31.128970811824	up	16185
Abtb2	2412.93621078556	-2.23827334630588	0.0577905710680948	-38.7307705208263	0	0	Inf	down	99382
1700047G03Rik	3.64163946212353	-2.23778568874027	0.924287340799681	-2.4210930843261	0.0154739143606823	0.0395609006701335	1.81039981104479	down	73339
Snai1	51.5465436383864	-2.23618933736196	0.263260612999116	-8.49420394447487	1.99294097400559e-17	2.04484967785832e-16	16.70050556384	down	20613
Tyk2	6.83096469098882	-2.23598758644876	0.720559119214592	-3.10312856616954	0.00191486434439223	0.00620106574557726	2.71786198752758	down	54721
Pls1	41.4772799328043	-2.23591253920774	0.334916015858186	-6.6760394646355	2.45485889287588e-11	1.86295719113767e-10	10.609973466395	down	102502
Gm13814	18.5089667908479	-2.23586103934518	0.485516865000378	-4.60511508563855	4.12237818033639e-06	2.01468665337781e-05	5.38485216925273	down	105244234
H4c14	50.0592754033496	-2.23407499564591	0.355727772384913	-6.2802940031023	3.37933366101435e-10	2.37671056908127e-09	9.47116892572041	down	97122
Npsr1	5.51962039262405	-2.23355004847581	0.802520370726953	-2.783169287594	0.00538307105482554	0.0156935950911457	2.26896988759747	down	319239
Baat	11.0070566041193	-2.22665084023044	0.565915823558192	-3.93459724492308	8.33363228573488e-05	0.000343890224163226	4.07916566632168	down	12012
Gm36660	117.277687767779	-2.22653851114619	0.193139335983581	-11.5281462463735	9.51708919656151e-31	1.52441676992425e-29	30.021495860352	down	102640645
Gm36569	4.06727390848998	-2.225759630797	0.907263017200798	-2.45326833409808	0.0141564692753182	0.0366104074495355	1.84904504929087	down	102640530
Ppp1r3d	48.4022402693321	-2.22547534942141	0.287907835482794	-7.72981862646946	1.07699918627017e-14	9.73269125875284e-14	13.9677846248343	down	228966
Gimap3	176.968641927182	2.22458988844486	0.158099310304734	14.0708386656273	5.73848032083265e-45	1.22024685107991e-43	44.2412031033614	up	83408
Gm5050	28.4529787685973	-2.22454682165556	0.406146894157838	-5.47719766826791	4.32114424398144e-08	2.57870346220874e-07	7.36440123627622	down	269718
Grm5	10.3153791887993	-2.22330875714371	0.739367574801922	-3.00704119698425	0.00263804009115051	0.00831932770270664	2.57871860862546	down	108071
Ptpn1	2045.49400714629	-2.22253552281975	0.0500134287576216	-44.4387753055435	0	0	Inf	down	19246
Lrrc7	5.21548866372655	-2.22171382451444	0.923622335113881	-2.40543536037433	0.0161532093206107	0.0411303764019366	1.79174117910603	down	242274
Iglv3	30.8132676255489	-2.22127250080671	0.379040170847751	-5.86025617242276	4.62153665381122e-09	2.96606721061817e-08	8.33521359818622	down	404743
Sapcd1	4.34203962405478	2.22123389007447	0.867187735983332	2.56142216720321	0.0104244596370665	0.0280702047262992	1.98194644788634	up	78376
Cd300lb	227.299124229097	-2.22049530341048	0.138895031657215	-15.9868591188383	1.57788367805815e-57	4.00505699964113e-56	56.801925016234	down	217304
Cdc6	24.2209477042453	-2.22012143286791	0.417731046567226	-5.31471493706807	1.06824423868258e-07	6.20087512253654e-07	6.9713294407669	down	23834
Gm36608	6.5688583456023	-2.21889293724264	0.697751720548079	-3.18006086104627	0.00147244123893918	0.0048844640207344	2.83196202768766	down	102640578
Sult2a8	25.0793011611861	-2.21828576571027	0.375509963319912	-5.90739522887287	3.47559226976501e-09	2.24931264936748e-08	8.4589711773837	down	76971
Khdrbs2	9.43202248701342	-2.21748420640126	0.609788250766662	-3.63648234221192	0.0002763865799994	0.00104606246651062	3.55848304803337	down	170771
Nr2e1	7.2159084533156	-2.21714096251574	0.67676174056042	-3.2761026955805	0.0010525028224117	0.00360623254130835	2.97777673087834	down	21907
Lcn2	4240.74980066194	-2.21529280616624	0.0337561522366543	-65.6263424407937	0	0	Inf	down	16819
Gm10319	12.8487770735711	-2.21334390228966	0.584978847869302	-3.78363065664927	0.000154557129594754	0.000612322437951536	3.81091095648717	down	381806
Epha6	14.7376279051664	-2.21330271673712	0.562861370294117	-3.9322341762068	8.41600209532415e-05	0.000347151757055542	4.07489416506443	down	13840
AA414768	4.11219853511732	-2.21243253213922	0.867549505758711	-2.55020897073112	0.0107658367055103	0.0288366672372915	1.96795221177963	down	245350
Gm29232	4.58131956966738	-2.21202815114819	0.833013014440006	-2.65545449207084	0.00792016191589184	0.0221036901252538	2.10126593981713	down	NA
Gm25360	8.18012989225938	-2.21142934230656	0.660866999347944	-3.34625476001754	0.000819111004930122	0.00286400238787564	3.08665723918968	down	115487690
Eid2	41.0072801172676	2.21032885853341	0.348417699477151	6.3439052087489	2.24012692891139e-10	1.59869880382139e-09	9.64972737319974	up	386655
Pnmal2	4.91179878771437	2.20995930141913	0.896595719042267	2.46483365298663	0.0137076873733729	0.0356177677273963	1.86303580893777	up	NA
Camp	2585.46302631246	-2.2095833249869	0.0405829138906088	-54.4461477296291	0	0	Inf	down	12796
Apol8	15.9698686390294	-2.20924522489877	0.480250119652544	-4.60019713581152	4.22091296713698e-06	2.06042645402126e-05	5.37459360266242	down	239552
Gm33728	7.72644641064964	-2.20721544493313	0.704866236873589	-3.13139618478984	0.00173977284253322	0.00568797086061341	2.75950745267976	down	102636738
Mospd4	7.22970879597487	-2.20614965486975	0.688073599808331	-3.20626987503124	0.00134467811226607	0.00450148549100605	2.87138166420967	down	72076
Gm29707	5.57214666011741	-2.20612619657666	0.858526284899781	-2.56966645678669	0.0101796473564845	0.027514094845886	1.99226726657544	down	101055666
Kcnc2	4.74984550136879	-2.20397274883363	0.862253794724525	-2.55606036449832	0.0105864751974542	0.0284366533436128	1.97524861563473	down	268345
Gm50333	12.7740822901031	-2.20343591381509	0.52778380004957	-4.17488356711241	2.98138497327841e-05	0.000131406686671212	4.52558194178835	down	NA
Gm34471	20.9593935253659	-2.20293304448758	0.42495214126059	-5.18395562839792	2.17228634617353e-07	1.2228059202569e-06	6.66308292753329	down	102637735
Gm4035	5.60424117528354	-2.20278360133259	0.840850760386617	-2.61970816357444	0.00880050435763948	0.0242267643622123	2.05549243768358	down	100042794
A130077B15Rik	6.21007640301477	-2.20126416485939	0.733480128287942	-3.0011231115388	0.00268985789707744	0.00846883684918863	2.57027066280252	down	NA
Traf1	748.640886257139	-2.19838625417754	0.0759831685747633	-28.9325425013626	4.65387356265656e-184	3.23273570574e-182	183.332185419886	down	22029
Fndc5	31.932280811056	2.19838576324426	0.462618068101285	4.75205339961549	2.01361172784161e-06	1.02595732998756e-05	5.69602426799899	up	384061
Sytl2	32.4923974362474	2.19804235827329	0.37777814133295	5.81834181966625	5.94342661162837e-09	3.77837300670298e-08	8.22596309551555	up	83671
Gpx1	5501.82513912712	-2.19675866870056	0.0347546447348755	-63.2076283748101	0	0	Inf	down	14775
Mup7	81.2018633285746	-2.19557731816494	0.271570606667656	-8.08473842256373	6.22977604725671e-16	5.94969308197904e-15	15.2055275654097	down	100041658
Zfand2a	160.020407623392	-2.19362665037365	0.205049098631871	-10.6980555633259	1.03936317561331e-26	1.48351296004149e-25	25.9832326741894	down	100494
Ms4a8a	23.6071506294345	-2.19351639673277	0.424644861054093	-5.16553147796918	2.39756672815893e-07	1.34453425856039e-06	6.6202292968714	down	64381
Gngt2	2072.04794413604	-2.19325538971381	0.0501660756790694	-43.7198915806145	0	0	Inf	down	14710
Izumo1	6.0788396406208	-2.19167073963602	0.736603488020542	-2.97537382768258	0.00292631701515389	0.00911396208022596	2.53367862746763	down	73456
Gm14029	5.78309926530656	2.1878311510658	0.755614557144198	2.89543277108713	0.00378636124648727	0.0114915709526939	2.42177795353342	up	NA
Serpina3n	155.110776922792	-2.18740652811306	0.164533368717678	-13.2946073198466	2.48775835476665e-40	4.94807377608371e-39	39.6041918065729	down	20716
Galnt17	10.8072193812086	-2.18714046171094	0.582804894467166	-3.75278327700138	0.00017488203732306	0.000686450701784752	3.757254795965	down	212996
Gm20768	18.9377747452314	-2.18694043745957	0.597966671224086	-3.65729486725862	0.000254891101161049	0.000971411056528	3.59364532649273	down	105244803
5830444B04Rik	11.3347241524775	2.184114726163	0.602879411809567	3.62280529634822	0.000291425186011644	0.00109918723100392	3.53547291765454	up	641454
Lama2	9.44257500012849	-2.18264537740341	0.592821067930615	-3.68179455062632	0.000231598013115483	0.000888816021236381	3.63526517075066	down	16773
Vsnl1	5.57077386491565	-2.18230970990862	0.781385090085397	-2.79287349809825	0.00522421178373855	0.0152582129448252	2.28197922556057	down	26950
Cyp2ab1	81.4849543568806	-2.1816896302701	0.243936304964625	-8.94368565018021	3.76402200365651e-19	4.13051366688773e-18	18.424347846446	down	224044
Arl4d	182.6554672494	2.18122715818217	0.225855565750388	9.65761968687913	4.56343721892939e-22	5.6304007226329e-21	21.3407079198594	up	80981
4933426B08Rik	12.8220251576203	-2.1810203470435	0.563275241362837	-3.87203304332452	0.000107931315621401	0.000438087432561114	3.96685252910418	down	115488815
Tcerg1l	9.17854847610772	-2.17833538673583	0.80937980799729	-2.69136364066933	0.00711605822227051	0.0201318948267574	2.14776050725655	down	70571
9830107B12Rik	49.8841016360555	-2.17789130202699	0.290277484319724	-7.50279101781166	6.24731122000625e-14	5.42448827140459e-13	13.2043068584265	down	328829
Gm16685	20.9703494162441	2.17762509241688	0.428826432907392	5.07810369256589	3.81220631996673e-07	2.08949414786393e-06	6.41882360299743	up	102634900
Atp8b5	8.65228156219927	-2.17434800166146	0.809794101852758	-2.68506277915175	0.00725161837427824	0.0204792621360055	2.13956505927952	down	320571
Musk	8.66827166834314	-2.17373604212196	0.676025138709319	-3.21546628616815	0.00130232791279659	0.00437094723381675	2.88527965110744	down	18198
H3c3	239.944122516289	-2.17339332254088	0.14453794616551	-15.0368355175888	4.21209216915046e-51	9.7854836915191e-50	50.3755021341353	down	319148
Ceacam18	45.5434458788882	-2.17301106979762	0.464067335056404	-4.68253398945544	2.8335018528749e-06	1.41702292085577e-05	5.54767649902987	down	72431
F2	492.042465912166	-2.17029700658059	0.0900635635563376	-24.0973921182122	2.66213577392945e-128	1.31772559128066e-126	127.574769798461	down	14061
Mefv	213.445641911197	-2.1701583240239	0.157157771717541	-13.8087878207151	2.25595783831643e-43	4.70589643570331e-42	42.6466690211593	down	54483
Nos3	49.6235396688276	2.1699567464401	0.444921854857187	4.87716375977221	1.07622084611197e-06	5.62794635185127e-06	5.96809860003928	up	18127
1700113H08Rik	4.42495802083311	-2.16845070469835	0.864189985866325	-2.50922915118548	0.0120994964836246	0.0319449394681684	1.91723270232267	down	76640
Nadk	1489.06994667453	-2.16760455718293	0.0721379833989292	-30.0480337133337	2.31634451940973e-198	1.71780439288183e-196	197.635196845743	down	192185
Gm12160	9.68627896063654	2.16411965838775	0.601654367776461	3.59694830503052	0.000321972440652798	0.00120545880179009	3.49218130030616	up	NA
Hpgd	670.185860834731	2.16364241505164	0.0757526996850451	28.5619182424831	1.99782095819568e-179	1.34733304038316e-177	178.699443435205	up	15446
Olr1	371.802449812332	-2.16109461111622	0.115874260542018	-18.6503421985815	1.25471656576806e-77	3.94970370302728e-76	76.9014543680674	down	108078
BC024386	5.7984053769556	-2.15995418499735	0.768046663175897	-2.81226947340136	0.00491932714074657	0.0144609759184677	2.30809429541244	down	212965
Gm10925	199558.798002258	2.15759948345905	0.459158658214936	4.69902820050724	2.61402360817357e-06	1.31103821830876e-05	5.58269049447039	up	NA
B430306N03Rik	138.483715221184	-2.15753163464773	0.188244451257498	-11.4613292462813	2.06323649200226e-30	3.27462187790061e-29	29.6854509895328	down	NA
Pycr1	11.6231256352871	-2.15750590091864	0.559653265931839	-3.85507604842854	0.000115693659526796	0.000467327034479336	3.93669044146293	down	209027
Mrnip	195.53070668492	-2.15725373696917	0.13589665447244	-15.8742225505387	9.55879630649149e-57	2.39417976239154e-55	56.0195967929082	down	68067
Ces1c	873.287501458651	-2.15720078954263	0.0629673415096185	-34.2590418751141	3.1988830688038e-257	3.03006928503647e-255	256.495001634721	down	13884
Klb	15.6274894634976	-2.15469847371583	0.492696981939128	-4.37327313277928	1.2239743191853e-05	5.68831419212813e-05	4.91222769424366	down	83379
Myl2	15.3041925128462	-2.15428490154845	0.753557508928382	-2.85881950086599	0.00425220660023979	0.0127315708825283	2.37138564274603	down	17906
Rasgrf1	28.5752653781277	2.15362883689794	0.394586824043238	5.45793398479507	4.81706676768421e-08	2.86726233566899e-07	7.31721733403934	up	19417
1700020G17Rik	4.58547874993202	-2.15263109642001	0.834649619378444	-2.57908354169389	0.00990628260641274	0.0268413760544838	2.00408928662462	down	75630
Grid1	7.61175953293622	-2.15222286804884	0.654949387615033	-3.28609035865513	0.00101588416250015	0.00349224844314428	2.99315581021653	down	14803
Slc27a5	46.0465269614021	-2.15104650430826	0.30009193828754	-7.16795831498541	7.61244720213579e-13	6.25782198206342e-12	12.1184757064971	down	26459
Gm44226	4.80232288427793	2.14780826793494	0.907221302302219	2.36745793169156	0.0179107561110625	0.0450149177191194	1.74688607981647	up	NA
Malt1	2221.48187822983	-2.14749131048797	0.0482004963228101	-44.5533028561721	0	0	Inf	down	240354
Gm48102	5.03506447087293	-2.14219314638213	0.777223690796458	-2.75621184962455	0.00584751098898663	0.0168776013157192	2.2330289533663	down	NA
4930445N18Rik	12.8076751281684	-2.13771762013744	0.549030699113844	-3.89362129219331	9.87587871909419e-05	0.000403377962813022	4.00542425206853	down	73985
Cd209b	11.0884756293236	2.13574757550069	0.605609294373782	3.5266096398159	0.000420916849136761	0.00154590874500546	3.37580368926585	up	69165
Nfkbia	5056.57581102716	-2.13498407492118	0.0462202904315175	-46.1914898194871	0	0	Inf	down	18035
Cd300a	1132.8573198314	-2.1330318757828	0.0829946557955712	-25.7008340517345	1.14405614295334e-145	6.35759625680124e-144	144.941552662626	down	217303
Gzmb	41.8147063450477	2.13266421597272	0.320209250067969	6.66022051367984	2.73417040195394e-11	2.06889531613356e-10	10.5631744223497	up	14939
Gm4739	3.94632789035662	-2.13187506239606	0.881398392632242	-2.4187417179527	0.0155742942142583	0.0397784921106666	1.80759162529789	down	15352
Alpl	38.6645513764798	-2.13161789311181	0.320126256671444	-6.65867872031366	2.76300167378504e-11	2.08843641204231e-10	10.5586188519943	down	11647
Zfp612	9.9418518569237	2.13010088305162	0.574420753159818	3.70825892228684	0.000208689211184601	0.000808641590159148	3.68050000251149	up	234725
Pax1	4.70437369467053	2.12827888731196	0.886897339793113	2.39969023676227	0.0164089510118596	0.0416956627406587	1.78491918155035	up	18503
Serpinb2	4.8144973318224	-2.12779737774108	0.857838971426243	-2.48041584564922	0.0131229236626955	0.0342950346384388	1.8819693974967	down	18788
Adgrb3	9.15048098126103	-2.12584240875274	0.627276544198222	-3.38900350796628	0.000701471131077329	0.00247972127235292	3.15399019758188	down	210933
Gm42759	64.5244729551932	-2.12549731480347	0.238046636644603	-8.92891134595939	4.30221464166962e-19	4.71366198305748e-18	18.3663079260343	down	115490197
L1cam	72.0643920129946	-2.12515863562762	0.301805012091753	-7.04149550366494	1.90187354355851e-12	1.52670041503142e-11	11.7208183628773	down	16728
4930477G07Rik	9.83230206181275	-2.12467384290889	0.69931468736484	-3.03822282199606	0.00237977918076052	0.00758174871546682	2.62346333917305	down	78168
Pstpip2	475.802388954258	-2.12385843639583	0.104719234648806	-20.2814549162679	1.87502489952576e-91	6.83105662259044e-90	90.7269929606537	down	19201
Gm43121	8.57777060953705	-2.12350139648494	0.640494132727462	-3.31541116144544	0.000915084218344283	0.00317453637857109	3.03853893448103	down	NA
Gm42601	5.6440930901295	2.12258848327432	0.79899754214995	2.65656447147865	0.00789413548701164	0.0220421593946911	2.10269542408231	up	NA
Lmntd1	4.50839377644408	-2.11956541802672	0.893008812706092	-2.37351007948486	0.0176199121282399	0.0443562876105812	1.75399626177617	down	74071
Flna	1131.52261991806	-2.11811319846269	0.0673702026188623	-31.4399113573345	5.76654710790443e-217	4.60417912573259e-215	216.239084155796	down	192176
4930542D17Rik	31.9585207525143	2.11627156094969	0.365616587794903	5.78822633216203	7.11335234044898e-09	4.49469828449413e-08	8.14792567918026	up	75211
F7	82.471681013249	-2.11502795041247	0.205299502057696	-10.3021582089278	6.88979225769258e-25	9.34742062877966e-24	24.1617938728236	down	14068
Vtn	1725.93574237273	-2.11473735299963	0.0585934854535449	-36.0916804424661	3.06311682541177e-285	3.24021784389624e-283	284.51383643915	down	22370
Myh11	77.8134449645158	-2.11465829632379	0.222265069300507	-9.51412789683442	1.83243406308027e-21	2.20601348587694e-20	20.7369716437295	down	17880
Ell2	872.044688662756	-2.11433294969355	0.0687246084484043	-30.7652964117054	7.63494153543903e-208	5.91466716197078e-206	207.117194284205	down	192657
Cib3	5.32371890395354	-2.11422038183822	0.805047395962566	-2.62620609971705	0.00863425200618274	0.0238127551028113	2.06377527982877	down	234421
Kctd14	61.344998082428	2.11071782713588	0.272676334157494	7.74074447515773	9.883635798665e-15	8.94722356248392e-14	14.0050832662591	up	233529
Pkd1l3	63.4929800896993	-2.11052965742602	0.262995684694609	-8.02495926834984	1.01559635352153e-15	9.59819156963044e-15	14.9932788671212	down	244646
Gfra1	16.6535310846624	-2.11004465916828	0.477557810991774	-4.41840675746926	9.94311595263995e-06	4.66782143133733e-05	5.00247749598726	down	14585
Gadd45a	268.908331536618	-2.10805566395848	0.131108325017063	-16.07873232828	3.59663467447646e-58	9.2076498748667e-57	57.4441036730841	down	13197
Gja4	240.739520624006	2.10799468624514	0.185341263939716	11.3735853605206	5.66133316672301e-30	8.87041517754443e-29	29.2470812863428	up	14612
1700020N01Rik	5.13524079356533	-2.10700903641583	0.821097952826666	-2.56608730926969	0.0102852935503272	0.0277420699320823	1.98778330868798	down	67692
Abcd2	108.441049495332	-2.10679469540998	0.204745639413052	-10.2898147254787	7.83269402632856e-25	1.06197469625674e-23	24.1060888382566	down	26874
Myo3a	347.563093066139	2.10093944275705	0.159630523803726	13.1612638528973	1.46612697005018e-39	2.87148683542065e-38	38.8338284171408	up	667663
Hal	28.1126286412266	-2.09838033190989	0.407760528334177	-5.14610950815274	2.65944211166861e-07	1.48261407611188e-06	6.57520945857014	down	15109
AB124611	434.603306565318	-2.09820852762655	0.103812734142456	-20.2114754510493	7.75934921247298e-91	2.80237570604375e-89	90.1101747021032	down	382062
Tbxas1	465.976815236574	2.09701662869448	0.135436154409838	15.4834330451289	4.48866354915252e-54	1.08514222390707e-52	53.3478829462184	up	21391
Gm37074	8.21152874138788	-2.09492689349815	0.856249083169203	-2.44663256834597	0.0144197757270325	0.0372128428948148	1.84104149421227	down	NA
Ttll9	14.7482902961448	-2.09476634543696	0.803438701115525	-2.60725098570496	0.00912724309152043	0.0250102062832603	2.0396603824818	down	74711
4930438A08Rik	11.0640408735787	-2.09473569997196	0.587890882232794	-3.56313690733935	0.000366449437384147	0.00135846999750641	3.43598594074984	down	73988
Mmd2	9.07495405363177	-2.09332859041039	0.810822784277859	-2.58173380299712	0.00983053783904584	0.0266677776099981	2.0074227208108	down	75104
Gm1604b	9.19029115116911	-2.09288062908848	0.88864246185968	-2.35514362515232	0.0185155476736637	0.046292201316314	1.73246343737461	down	381059
Abcb4	61.2483281883826	-2.09263636503692	0.237150932953645	-8.82406971363657	1.10373456153229e-18	1.18866793425175e-17	17.9571353580583	down	18670
Gm30211	240.357547830794	-2.0923560004146	0.18296176734164	-11.4360285802639	2.76243485021994e-30	4.36108938210102e-29	29.5587079556683	down	102632036
Gm25099	18.4713952868429	-2.09174410450979	0.64032055013979	-3.26671399825156	0.00108803539551035	0.00371332617213238	2.96335697612241	down	115490089
Lmcd1	152.953761351269	2.08860902241622	0.161388996192734	12.9414586600561	2.62595815837809e-38	5.01579670599826e-37	37.5807121981743	up	30937
Cnmd	27.6029083359262	-2.08840605019604	0.350287840790446	-5.96197129047765	2.49212941427278e-09	1.63312845484373e-08	8.60342940886471	down	16840
Slc28a2b	4.5829752018448	2.08685039088833	0.862558059735856	2.41937382340082	0.0155472534718235	0.0397289043653378	1.80834632093834	up	381417
Tank	1764.8897525776	-2.08111528097162	0.0485030462977482	-42.9068984285269	0	0	Inf	down	21353
Adtrp	26.0311905322458	-2.07929878956717	0.40825183735403	-5.09317680734413	3.52113044770701e-07	1.93964677239668e-06	6.45331788527633	down	109254
Pcdh12	198.564513001052	2.07913474560599	0.194385392681935	10.6959412789211	1.06334439487424e-26	1.51566578965693e-25	25.9733260538494	up	53601
Ebi3	69.0531063668425	-2.0764232090293	0.231699563370916	-8.96170531709316	3.1969526600901e-19	3.51749189459438e-18	18.4952637946366	down	50498
Sema4c	143.085478845642	2.07259412764015	0.174259022441162	11.893755046973	1.27540694697939e-32	2.15382539449786e-31	31.8943512217955	up	20353
Spock3	52.3247424389768	2.07177214418495	0.298655701451953	6.93699177384783	4.00537141648039e-12	3.1628622564621e-11	11.3973572057598	up	72902
Fn1	918.938559952295	-2.07072721537333	0.0684873217510312	-30.2351904327775	8.16898508871784e-201	6.12350648430903e-199	200.08783189668	down	14268
Fcer1g	4193.38141391451	-2.07000689898272	0.0407609324740921	-50.7840908766852	0	0	Inf	down	14127
Col19a1	15.0263093643734	-2.06983863654948	0.668750521433947	-3.09508339838195	0.00196757564276107	0.00636286604895994	2.70606856234768	down	12823
Rdh12	191.645488729018	-2.06683134059088	0.141849549489597	-14.5705879787969	4.32155400611304e-48	9.65239699178882e-47	47.3643600552868	down	77974
4930555A03Rik	10.0680200852757	2.06661136432892	0.576027790086955	3.58769385764696	0.00033361567497969	0.00124524754628368	3.47675355216723	up	100504653
Akr1c6	36.5703556446907	-2.06618852362471	0.325434045326861	-6.34902387532766	2.1668540649066e-10	1.5474664790469e-09	9.66417033692198	down	83702
Apoa4	5.85329123129615	-2.06380493664313	0.765857991499193	-2.6947619004447	0.00704389454303419	0.0199466936244448	2.15218715465268	down	11808
8430426J06Rik	12.6122217637279	-2.06159534393918	0.59024679070159	-3.49276840876794	0.000478040903290431	0.00174006888797717	3.32053494164454	down	78102
Cd24a	1397.33476278796	-2.06140819759459	0.055880429687275	-36.8896268180274	6.77757307785918e-298	7.43357080892145e-296	297.168925791027	down	12484
Agxt	8.98769573386047	-2.05954691777403	0.747624651793405	-2.7547873292214	0.00587302966783827	0.0169395246018106	2.231137805296	down	11611
Rsph1	4.70065494777746	-2.0581385329142	0.838696228824646	-2.45397375376123	0.0141287293275933	0.0365613548314562	1.84989689482724	down	22092
Nfkbid	694.854098981479	-2.0577615136054	0.0788331429220028	-26.1027460955266	3.39326603180141e-150	1.94799644178263e-148	149.469382090365	down	243910
Cmya5	19.8452089036635	-2.05643323061425	0.457045042128979	-4.49941043236154	6.81421826453549e-06	3.25169439923644e-05	5.16658395976649	down	76469
Ugt2b36	231.138594323995	-2.05616785887515	0.12427306776468	-16.5455628951613	1.72346272413484e-61	4.55777153657943e-60	60.7635981052805	down	231396
Pcsk6	6.79500898772582	-2.05579483720715	0.705329536283127	-2.91465865450719	0.00356077768155468	0.0108802120389909	2.44845514081271	down	18553
Ace2	4.90748582487625	2.05545687987091	0.802915011893195	2.55999308696987	0.0104674245441169	0.0281713367008719	1.98016016109752	up	70008
Slc15a2	151.937536748436	-2.05496235413825	0.151657848766629	-13.5499901314071	7.92407933135998e-42	1.61417291482122e-40	41.1010511852032	down	57738
Cd40lg	8.14074839426845	2.05451813400035	0.635248244698678	3.23419726248105	0.0012198516949123	0.00412068235861201	2.91369296604354	up	21947
Dennd4a	5560.33998229985	-2.05141137069204	0.0984665139388964	-20.8335939664224	2.1472784372611e-96	8.19544603554655e-95	95.6681116370143	down	102442
Tuba1c	412.716641800436	-2.04971181051972	0.0977619978283674	-20.9663453698873	1.3310431627179e-97	5.15568930629709e-96	96.8758078611096	down	22146
Ajap1	22.146336682233	2.04900213390601	0.43250777416648	4.73749203203297	2.16379361786467e-06	1.0984481169959e-05	5.66478416449748	up	230959
Prxl2a	464.338858197416	-2.04841112669675	0.114660105123865	-17.8650728122383	2.20643997227642e-71	6.54054090786179e-70	70.6563078833374	down	70564
Gm28051	5.95853919439852	-2.04792634909314	0.811266421124578	-2.52435734521626	0.0115910038025068	0.0307818183051408	1.93587895169713	down	NA
Gm15614	11.0196661136583	-2.04774274658863	0.585078032539573	-3.49994809700897	0.000465348755983975	0.00169669312460244	3.33222144274826	down	102640951
Rgs20	19.8907901974587	-2.04747225879851	0.828987114645452	-2.46984811057551	0.0135170431471523	0.0351970088896048	1.86911829991203	down	58175
Rn7sk	675.637332044233	-2.0473824265867	0.0828869891823924	-24.700890293909	1.04618356557604e-134	5.45035483075978e-133	133.980392106556	down	19817
Soat2	79.4289782804113	-2.04361408558592	0.241036876603547	-8.47842916977062	2.28254635105782e-17	2.32938214543065e-16	16.6415803946023	down	223920
Tlcd4	854.429936932079	-2.04320989051301	0.0653353003968799	-31.2726792117204	1.09792413423921e-214	8.73268741733243e-213	213.959427668283	down	99887
Cks2	344.030697919159	-2.04308919767818	0.102651412716453	-19.9031766208777	3.81938355030824e-88	1.33097213720524e-86	87.4180067266965	down	66197
Slc15a3	545.411987278949	-2.04260956060473	0.0864387138527125	-23.6307259740727	1.86309557862741e-123	8.94586377028034e-122	122.7297648648	down	65221
Ces3a	252.346978298629	-2.04179690719461	0.120716836418979	-16.9139365126172	3.55170232512572e-64	9.71311348468437e-63	63.4495634404083	down	382053
Tsnaxip1	20.1525557454835	-2.04153380911239	0.835278522976595	-2.44413540268842	0.0145199759239271	0.0374343409969958	1.83803410375399	down	72236
Bst1	234.905276786469	-2.0388682724301	0.117111984655785	-17.4095612709727	6.9816903302949e-68	1.99850885704692e-66	67.1560394180292	down	12182
Tgfbi	743.26007789463	-2.03845125293472	0.091252368768665	-22.338611922529	1.55809963305872e-110	6.76442463610637e-109	109.80740477471	down	21810
Mkrn1	1591.2428017421	-2.03821818105728	0.0592107208120988	-34.4231273171868	1.13692789722877e-259	1.08184659590641e-257	258.944267076938	down	54484
Gpr158	10.8154223824568	-2.03747455999724	0.759275602319621	-2.6834453178433	0.00728678904548115	0.0205702244539125	2.13746380323624	down	241263
Nr1h3	107.031959353658	-2.03746597795124	0.185167941854519	-11.0033408458577	3.68231621340878e-28	5.50471933796453e-27	27.4338789198402	down	22259
Apol7e	11.3259819783299	2.03626734739102	0.558196593045299	3.64793940479277	0.000264351961807388	0.00100416159899821	3.57781746226299	up	666348
Serpinc1	895.096686946812	-2.03569955839402	0.0644829666493121	-31.5695704489697	9.66257602191503e-219	7.77445643709217e-217	218.014907076177	down	11905
H4c12	10.2446769805168	-2.03412151915777	0.700001810451635	-2.90588036885987	0.00366221435797435	0.0111574393283373	2.43625623901826	down	319160
Gm45096	4.60532028160093	-2.0326889180875	0.806668548737018	-2.51985641595923	0.0117402714176958	0.0311345782735255	1.93032186272682	down	NA
Plekhh1	34.2171377719423	2.03196317338921	0.410994171016892	4.94401944524342	7.65280652552511e-07	4.07140248111866e-06	6.11617926615035	up	211945
Sirpb1b	1113.88031658854	-2.03160393661488	0.0595488584324177	-34.1165891352991	4.18681032261966e-255	3.93013244653473e-253	254.378116713746	down	668101
Plekha4	98.7905337421667	-2.03080854911181	0.199954073937562	-10.1563749571111	3.10403587592748e-24	4.14116540451042e-23	23.5080732678819	down	69217
Aldh1a2	16.3633269844561	2.03003054695274	0.483047295963693	4.20255027595751	2.63924605576939e-05	0.000117144299374182	4.57852011880555	up	19378
Nfam1	1171.10471390374	-2.02886646056689	0.0637759685803512	-31.8123974551751	4.36204774287084e-222	3.60717114736847e-220	221.360309585352	down	74039
C3	3700.58378086144	-2.02747898765064	0.0495293931504239	-40.9348643035673	0	0	Inf	down	12266
Cfhr1	64.2275759661607	-2.02634468206707	0.229216184080916	-8.8403211587876	9.5443849956346e-19	1.03125251116058e-17	18.020252050676	down	50702
Nkg7	194.283666836609	2.02584138263437	0.145153162415403	13.9565776516585	2.86882458945359e-44	6.05708567574704e-43	43.5422960053132	up	72310
Gm12940	92.9484267108628	-2.0251608552257	0.209620781117705	-9.66106911932813	4.41234822676536e-22	5.4472111787656e-21	21.3553302199411	down	NA
Prss16	5.90136120889319	-2.02510319130426	0.718835085682928	-2.81720137433236	0.00484441412223365	0.0142708659618315	2.31475873850309	down	54373
Klrc1	46.9015180308568	2.02504389389261	0.318388508436725	6.3602920338912	2.01370526809881e-10	1.44155287124394e-09	9.69600409376509	up	16641
Extl1	6.13380462508489	2.02483990785604	0.726974739533288	2.78529610142434	0.00534788624832837	0.0155975649445647	2.27181783892851	up	56219
Sulf2	149.140514604171	2.02471751906066	0.16991954419005	11.9157424103968	9.79894382119281e-33	1.65881551819526e-31	32.0088207322001	up	72043
Tsku	9.63402576703416	-2.02282234870433	0.632196850920679	-3.19967166201233	0.00137584227199624	0.00459488887661706	2.8614313512226	down	244152
Kcnh6	13.1138864888934	-2.02219067342717	0.514869470630779	-3.92757929684535	8.58051346238346e-05	0.000353587739850917	4.06648672296626	down	192775
Jph2	5.41652544731915	-2.02174731235961	0.767404867701191	-2.63452500427301	0.00842550978341379	0.0233265840808503	2.07440381277998	down	59091
Gm4013	30.3555190014968	-2.02168859039708	0.359936287520087	-5.61679569550002	1.94531208184748e-08	1.19335762359787e-07	7.71101071590544	down	100042757
Mapkapk2	2798.45288340051	-2.01994753469606	0.0399491115383007	-50.5630152189858	0	0	Inf	down	17164
Raet1e	60.9938203070628	-2.01901191070134	0.320311340038841	-6.30327952315555	2.91412642706124e-10	2.05786108483664e-09	9.53549161063603	down	379043
Ccnb1ip1	11.3310251384586	-2.01875989345034	0.570451866940373	-3.53887858107642	0.000401830632704828	0.00147998383791727	3.39595695880834	down	239083
Gm32647	15.2604324314037	-2.01765486440016	0.749050158326968	-2.69361783315909	0.00706811565034157	0.020009844048019	2.15069635306818	down	102635262
Slc2a2	9.33456033634048	2.01669700788451	0.596807359720856	3.37914232295624	0.000727123549977201	0.00256301212076707	3.1383917892586	up	20526
Vaultrc5	34.1029299102987	-2.01583209915197	0.35337054372447	-5.70458442264433	1.16627279691166e-08	7.27010434186122e-08	7.93319985409117	down	378472
Stpg4	11.9753712643769	-2.01538726602084	0.592463495586006	-3.4017070773743	0.000669663731685531	0.00237574438280469	3.17414322137943	down	75467
Tnfrsf25	5.70271557512941	2.01532589598894	0.787532115902629	2.55903963190006	0.0104961774593958	0.0282304907171333	1.97896883526788	up	85030
Gm26714	32.4973063030391	2.01440870473398	0.344571460774397	5.84612753536453	5.03148345508649e-09	3.21727780670596e-08	8.29830395105255	up	NA
Sh2d1b1	83.637967743971	-2.01399194982884	0.214903697390894	-9.3716021375171	7.14397564494584e-21	8.42997216676254e-20	20.1460600347023	down	26904
Mfsd2a	18.1043007904569	-2.01342921597495	0.463007637817253	-4.34858747788009	1.37017164848559e-05	6.33525781734883e-05	4.86322502312057	down	76574
Klrd1	141.523891343783	2.0133699317216	0.212853967217646	9.45892603290263	3.11122165205348e-21	3.71758876187744e-20	20.5070690474465	up	16643
Cnn1	4.36492481078731	-2.01127936875575	0.813615683224963	-2.47202630212775	0.0134349631319936	0.0350226665883931	1.871763521013	down	12797
Il1rn	484.048165676736	-2.01124058327281	0.0934597216149137	-21.5198649056522	1.01457630460206e-102	4.08950785524222e-101	101.993715284834	down	16181
Ctsw	42.6359352051931	2.01069594016197	0.325475897434761	6.17771071839505	6.50377407237357e-10	4.46563913984161e-09	9.1868345536418	up	13041
Nnmt	56.926036787443	-2.00921774105593	0.298758064824463	-6.72523348360975	1.75311099594528e-11	1.34017168174995e-10	10.7561905862448	down	18113
Tmigd3	21.6085320697843	-2.00917440208377	0.582287613018665	-3.45048453232229	0.00055958123247684	0.00201227149328471	3.25213685952765	down	69296
Sh2d2a	34.3945394842308	2.00910494805864	0.340052934800679	5.90821234710492	3.45840049343647e-09	2.24027379181606e-08	8.46112471551028	up	27371
Tedc1	12.9043475715253	-2.00791547232646	0.514177138349735	-3.90510453026154	9.4184664913969e-05	0.000385374873776203	4.0260198029969	down	104732
BC107364	5.20964402681202	2.0074575704728	0.801713518935913	2.50395873720232	0.0122812356222068	0.0323550782719554	1.91075793637806	up	329716
Gc	2464.35192682658	-2.00715495835405	0.0512243091470305	-39.1836413565455	0	0	Inf	down	14473
Gm34297	26.9509746985775	2.00558383467733	0.436086985516221	4.59904537692912	4.24431335752086e-06	2.07136407628518e-05	5.37219255963914	up	102637506
Opa3	359.515913944358	-2.00450143852241	0.107277300694095	-18.6852337405312	6.52922587414901e-78	2.06781972631294e-76	77.1851383070121	down	403187
Sspn	11784.5802877132	-2.00364751480196	0.0343662007345828	-58.3028519875251	0	0	Inf	down	16651
Icam1	703.291866426368	-2.00360119322825	0.0770873232081245	-25.9913188037262	6.20790509411529e-149	3.53460476110023e-147	148.207054931153	down	15894
Wnt2	942.878496905132	2.00259041211214	0.0717310988936543	27.9180222107165	1.61240380191312e-171	1.0533192109112e-169	170.792526186488	up	22413
Lin28a	6.84680353053443	-2.00211363926956	0.707314840789237	-2.83058338919562	0.00464631975796517	0.0137554563767916	2.33289090552561	down	83557
Mfsd7a	54.0164836134695	-2.00165808933052	0.281369262409998	-7.11398989422588	1.12735409676111e-12	9.17334323405105e-12	11.9479396526178	down	NA
Gm47819	12.4898259851444	-2.00115539948328	0.555877170100895	-3.59999565932894	0.000318222492486577	0.00119291932378625	3.49726912695979	down	NA
Dner	8.10879981571256	-2.00070990960577	0.663239864733995	-3.01657064960682	0.00255651634972711	0.00809285192343359	2.59235142547859	down	227325
Hspa1a	597.831831020199	-2.00060973184636	0.0840087851332183	-23.8142919061841	2.37513502135543e-125	1.15373983007053e-123	124.624311696623	down	193740
Acoxl	118.729804799502	-2.0005902806372	0.166468181510482	-12.0178538774464	2.86311318296345e-33	4.926871644903e-32	32.5431614833564	down	74121
Igkv6-32	56.7543369601425	-2.00056047114852	0.246834030663882	-8.10488110479676	5.27971218146438e-16	5.06089798295935e-15	15.2773897519754	down	434039
Neto2	22.9718578035966	-1.99896663855686	0.432494803718124	-4.62194371209064	3.8016117630421e-06	1.86623763321636e-05	5.420032237228	down	74513
Gm11998	30.4710025729579	-1.99685234702332	0.367821615849114	-5.42886078735095	5.67148997256276e-08	3.3595275593586e-07	7.24630283143235	down	102631513
Gabbr2	13.4553579563582	-1.99645690181198	0.524040664523646	-3.80973660436592	0.000139114919193066	0.000555048018584015	3.85662629218065	down	242425
1700030N03Rik	897.996042872281	-1.99634088995815	0.0698487382397766	-28.580915565076	1.16022430684043e-179	7.84997218514537e-178	178.935458040251	down	70011
Kcns3	18.2199283330414	1.99590953342778	0.461116396587803	4.32842889170117	1.50176803197139e-05	6.89932628268339e-05	4.82339714470529	up	238076
H3c2	13.4724111519609	-1.99098246815242	0.573121409858637	-3.47392792156117	0.000512898792804779	0.00185528518369359	3.28996832311955	down	319150
Gm31615	16.8160376662359	-1.98926960458369	0.478195646900104	-4.15994921216681	3.18318369781541e-05	0.000139827919643287	4.49713829802821	down	102633900
Dok3	253.234535489209	-1.98874149136672	0.130043270284739	-15.292921248537	8.52392840633168e-53	2.03005878925195e-51	52.0693602066427	down	27261
Cyp2c68	8.83558413152055	-1.98793356654892	0.660168045193471	-3.01125384820214	0.00260171249530661	0.0082186402864941	2.5847406972443	down	433247
Fmnl1	544.175833780954	-1.987686901855	0.0899066028625928	-22.1083528747366	2.62682062098546e-108	1.11943384295943e-106	107.580569583086	down	57778
4930527F14Rik	16.6117619873198	1.98761232837501	0.542891751618038	3.66115772149994	0.000251078127230649	0.000958632666427169	3.60019111937304	up	67651
Ifrd1	1747.41274888042	-1.98754694055203	0.0587358104025063	-33.8387591306175	5.31099370745744e-251	4.87558580923813e-249	250.274824213139	down	15982
Klrk1	155.161762768168	1.98746475464331	0.203213129120465	9.78019856908526	1.36941612154087e-22	1.72118592019241e-21	21.8634645636784	up	27007
Cd33	473.730252984453	-1.98705014655658	0.0882333142074346	-22.520406995991	2.6195156914011e-112	1.16144867006612e-110	111.581778995701	down	12489
Gm16341	20.2400664971339	1.98671723133018	0.593415566498268	3.34793582017699	0.000814158634538673	0.00284716425325581	3.08929096686446	up	102634967
Gjb2	36.5755026690757	-1.98593388940088	0.387582969091566	-5.1238935860768	2.99289937563167e-07	1.66228758232379e-06	6.52390788434341	down	14619
Rab33a	4.88170035683223	-1.98348888506415	0.788372875547325	-2.51592735694657	0.0118719649562023	0.0314518024055809	1.92547739401842	down	19337
Hgsnat	807.296614475765	-1.98273398585195	0.069039119308282	-28.7189930247864	2.21015539647874e-181	1.51504698379015e-179	180.655577189907	down	52120
Serpinf2	108.730727163163	-1.98257384545554	0.181727637959315	-10.9095890295971	1.03724192801665e-27	1.52648902104089e-26	26.9841199362353	down	18816
Prickle1	1170.1910801832	1.98161510970834	0.0627186478797539	31.5953097953826	4.28249400591878e-219	3.47248609297049e-217	218.368303236231	up	106042
Unc13a	41.6952571642934	-1.98155760245113	0.289498811894588	-6.84478664863279	7.65899306160011e-12	5.96657033310971e-11	11.11582832391	down	382018
Clec4d	2380.09307146282	-1.97898604626928	0.0547887255080156	-36.1203154101432	1.08844167331939e-285	1.15724673623994e-283	284.96319483868	down	17474
2810410L24Rik	63.4793481550077	1.97787052449224	0.347702700710071	5.68839563354865	1.28238447202725e-08	7.95108896536025e-08	7.89198174935144	up	NA
Btnl9	570.308275668193	1.97656800720342	0.0955367910421303	20.6890768011224	4.34451625514789e-95	1.64013359132295e-93	94.3620585735112	up	237754
Gm31522	8.09064075128275	-1.97650031872095	0.654107442266442	-3.0216753258035	0.00251380016205921	0.00796610121307053	2.59966925010454	down	102633775
E2f2	339.351773132502	-1.97489172024419	0.132398384913168	-14.9162825629587	2.58266570532189e-50	5.95355869836314e-49	49.5879318043298	down	242705
Spock1	10.7118022936236	-1.97470892623848	0.74589503416388	-2.64743541087125	0.00811048513304918	0.0225593165626818	2.09095316745286	down	20745
Klf4	1107.25044541872	-1.9736937989254	0.062140301317807	-31.7618961779932	2.17544585823429e-221	1.78480772597419e-219	220.662451720812	down	16600
Gm4202	5.33546000959332	-1.97298522635268	0.847469612079866	-2.32808964266053	0.0199073441626537	0.049222727219452	1.70098667530355	down	100418460
Bcl2a1a	281.29529143795	-1.97286432061269	0.109823502874878	-17.9639536981476	3.7324944356549e-72	1.11594622015226e-70	71.428000831042	down	12044
Dleu2	2545.17368806713	-1.97228351354123	0.0421264019106472	-46.8182285713499	0	0	Inf	down	668253
Cxcr2	670.895677395199	-1.9721105940032	0.0748258281766166	-26.3560142541729	4.37914389478374e-153	2.54197714828408e-151	152.358610784042	down	12765
Lypd6	16.8980737879079	1.97181060038556	0.575380659495981	3.42696711792993	0.000610362975183147	0.00217909097821511	3.21441181869889	up	320343
Gm15283	9.35703973622182	-1.97176173817718	0.623966299391711	-3.16004524619262	0.00157744640032639	0.00520132998993698	2.80204538862136	down	102637576
Ahnak2	22.247880381448	-1.96978790138445	0.722141689479169	-2.72770279030022	0.00637770425210952	0.0182411445113519	2.19533562379718	down	100041194
Popdc2	7.74453193008779	-1.96967324750191	0.669069384778711	-2.94389982909375	0.00324104881581517	0.00999263445373167	2.48931442769056	down	64082
Gm10269	1289.29554332403	-1.96957621666964	0.0545855759767731	-36.0823565827668	4.2894616769421e-285	4.49186391385912e-283	284.367597207909	down	100040823
Cxcr4	628.181601590654	-1.96948855943427	0.0831766264300053	-23.6783895183779	6.02162153089048e-124	2.89802704577891e-122	123.220286544109	down	12767
Best1	231.977813661069	-1.96723880874395	0.135510490376375	-14.5172436708038	9.42234609422347e-48	2.09330778526144e-46	47.0258409476407	down	24115
H2-DMb2	170.710006646639	1.96590084966661	0.158632173929447	12.3928254966799	2.85793360965663e-35	5.14304650186827e-34	34.5439478641716	up	15000
Serpina3m	120.459211189819	-1.96519781642403	0.177974782706821	-11.0420014933313	2.39634933810349e-28	3.59521410055714e-27	27.6204498705266	down	20717
mt-Atp6	39203.9467074928	1.96497576055051	0.371213951150556	5.29337799525093	1.20077362419787e-07	6.92580170347617e-07	6.92053886023108	up	17705
Gsdmcl-ps	6.80439137142911	-1.96414726488437	0.721894045699462	-2.72082485869689	0.00651192527406718	0.0185842249775796	2.1862905917255	down	74460
Map3k7cl	7.3432250278371	-1.96284024787991	0.790903508345202	-2.48176955490656	0.0130731790460779	0.0341778921266112	1.88361879082128	down	224419
Fcer2a	39.0332152310313	1.96206687221737	0.330071663895563	5.94436629021926	2.77528395895809e-09	1.81241436605226e-08	8.5566925745235	up	14128
Nod2	225.201255913985	-1.9615981011065	0.15942164524591	-12.3044652944129	8.57020992505862e-35	1.52644961220766e-33	34.0670085400164	down	257632
Gm40787	11.2090171521533	-1.96001592622926	0.654066961047111	-2.99665942932115	0.00272955468084892	0.00857548469685068	2.56390820110043	down	105245312
Abca16	9.14142459688873	-1.95848017663447	0.815667042000493	-2.40107798377035	0.0163468523807935	0.0415530686464204	1.78656585922711	down	233810
Gm43305	61.4662277486805	1.95817374537227	0.271075467397208	7.22372173392936	5.05837127312316e-13	4.19965732910811e-12	12.2959892975794	up	108168162
Fam167a	30.9486045393599	-1.95708186361463	0.463557744467892	-4.22187286690922	2.42280758177109e-05	0.000107997619671717	4.61568107595467	down	219148
Acp2	94.0587368439085	-1.95688486631288	0.23247813653861	-8.41750065382119	3.84601132750971e-17	3.89441351088313e-16	16.4149894409848	down	11432
F13b	52.346669783014	-1.9568444270611	0.250157777074672	-7.82244090087585	5.18087796976308e-15	4.75404297718595e-14	14.285596636951	down	14060
Fam167b	861.815332424611	1.95664922352114	0.0658366465999196	29.7197582892007	4.26635246915028e-194	3.08703191335496e-192	193.369943267714	up	230766
Rab39	95.3442314962357	1.9559982777087	0.249080884113169	7.85286387862666	4.06642945325037e-15	3.7429471455956e-14	14.3907867576882	up	270160
Elovl3	38.0751369877033	-1.95470713133493	0.495425527616052	-3.94551152973652	7.9629800042544e-05	0.000329377809266887	4.09892437482415	down	12686
Skint6	7.0498965376512	-1.95364940061431	0.666892450971804	-2.92948195435024	0.00339527526979918	0.0104264870833105	2.46912500980512	down	230622
Fyb	1170.01019310653	-1.95326661909393	0.079962145242474	-24.4273914009051	8.7525192041872e-132	4.43780408019603e-130	131.057866927662	down	NA
Stap1	637.124906866804	-1.95277173981899	0.0812766345270449	-24.0262376903561	1.47933894350804e-127	7.23660662999154e-126	126.829932309823	down	56792
Nqo1	156.433764013328	1.95210927347152	0.210696464302374	9.26503100056776	1.95020667848e-20	2.26030906411817e-19	19.7099193606544	up	18104
Gpr15	5.05699208493634	1.95142017472792	0.781853076706023	2.49589114997069	0.0125641149091118	0.0330043603417347	1.90086810027696	up	71223
Wfdc1	7.2235172028283	1.95095435175337	0.681297186408454	2.86358785956255	0.00418872629895583	0.0125667819383733	2.37791801651551	up	67866
Gm49368	49.1129228489905	-1.94872583927311	0.314166343393822	-6.20284725035072	5.545065489487e-10	3.83389581073058e-09	9.25609332028942	down	118261720
P2ry1	65.2282705501297	1.94698677034854	0.241305268830286	8.06856302718317	7.11303471029533e-16	6.7715180597462e-15	15.1479450720201	up	18441
Olfr458	5.55058683228029	-1.94664667898938	0.751115373085656	-2.59167465976947	0.00955100460800427	0.0260106357849191	2.01995094540407	down	NA
Gm13832	5.46653543630448	1.94662569469314	0.772654621496343	2.51939953575021	0.0117555181828174	0.0311670793144696	1.92975822243201	up	118568797
Eda2r	10.6499285276797	1.94475733492114	0.569563974436134	3.41446689434044	0.000639069593814738	0.00227495238563466	3.19445184518437	up	245527
Epb41	2158.59240883685	-1.94180254392994	0.0475302066137646	-40.8540732782676	0	0	Inf	down	269587
Ehd1	929.893499037733	-1.94103442160576	0.0779423957311563	-24.9034482889248	6.8270030603932e-137	3.61086083186634e-135	136.165769902464	down	13660
Ces1b	52.5700963129614	-1.94016352616636	0.302686756244719	-6.40980646208969	1.45704481564069e-10	1.05574954496302e-09	9.83652709003775	down	382044
Cd6	43.1586846193812	1.93960074867266	0.306254263921793	6.33330202112048	2.39969169226331e-10	1.70847882388368e-09	9.61984455201747	up	12511
Sgms2	2707.27621448372	-1.93958935651993	0.0524030617265973	-37.0129013957116	7.1015034790454e-300	7.83006513226599e-298	299.148649695854	down	74442
Fat3	5.7787354948999	-1.93922972981544	0.810497829429815	-2.39264025072058	0.0167276335551196	0.0424330073834616	1.77656549398358	down	270120
Cd247	124.742664336133	1.93788415441327	0.232256383113645	8.34372829040846	7.19842775661131e-17	7.19463002494116e-16	16.1427623495675	up	12503
Gm14597	53.5550310207812	1.93785506362781	0.286537032296925	6.76301784831672	1.35146580665877e-11	1.0399998502571e-10	10.8691949378804	up	NA
Gm15802	6.34724493795617	1.93496936351874	0.726371651251511	2.66388337180403	0.0077244338327225	0.0216240565072682	2.11213334262615	up	102641625
Snhg15	96.1204182154584	-1.93312434147432	0.191460764767075	-10.0967127328991	5.71250309078601e-24	7.54869067272603e-23	23.2431735519442	down	100041286
Gm37305	78.9786405427269	-1.93185137423284	0.236776920043846	-8.15895136179276	3.37945687375635e-16	3.27555822289342e-15	15.4711530913448	down	NA
Akap12	497.572505431926	1.93126012805121	0.118823945991152	16.2531223142094	2.12272633076232e-59	5.48147385461661e-58	58.6731059929753	up	83397
Cadm3	12.1393063497951	-1.92988159692251	0.527180336671269	-3.66076172170647	0.000251466538462974	0.000959763955133686	3.59951979640411	down	94332
Mbl2	96.126577544337	-1.9289330870811	0.186038887387182	-10.3684402447894	3.45111677841666e-25	4.72521830127627e-24	24.4620403448627	down	17195
Gm48786	38.3600032032832	-1.92815319288758	0.329765036074331	-5.84705163361517	5.00362228687073e-09	3.20044459288211e-08	8.30071548173623	down	NA
Gm34983	53.1199191268169	-1.92811250134441	0.322134072718127	-5.98543483797053	2.15812511090666e-09	1.42140231309052e-08	8.66592338198795	down	102638407
Rdh16	15.7148799486333	-1.9279812954543	0.748907510980547	-2.57439172018717	0.0100416512266621	0.0271798895846748	1.99819486690576	down	19683
Bmx	142.210267978489	-1.92767073646395	0.166943834766795	-11.5468219545617	7.66008526392456e-31	1.2307518644173e-29	30.1157663962361	down	12169
Rtl8a	23.3048391906691	1.9275687251044	0.395806733890338	4.86997456096453	1.11612617035202e-06	5.83077294158078e-06	5.95228670863281	up	66158
Neat1	8777.93869658645	-1.92621647973202	0.0285620106114271	-67.4398068797503	0	0	Inf	down	66961
Gm19366	6.63819026439733	-1.9254931344638	0.713155859638212	-2.69996117740744	0.00693475678390251	0.0196643620383378	2.15896876591893	down	100502780
Gm30117	7.94428488068956	1.92508617608201	0.674756163615906	2.85301013890083	0.00433072398077197	0.0129332125301386	2.36343949520057	up	102631899
Cd5	49.0826408674217	1.92339371246096	0.30745272318817	6.25590072033217	3.95228122394107e-10	2.76659685675875e-09	9.40315216083024	up	12507
Unc5cl	44.6285585463965	1.92233706051497	0.299171053828596	6.42554497139399	1.31397910695368e-10	9.54742350411709e-10	9.88141154026091	up	76589
C530008M17Rik	23.4874176142229	-1.92180544568069	0.436818511861604	-4.39955128616337	1.08474939900666e-05	5.07068028844766e-05	4.96467058181471	down	NA
Slc36a3	20.9737486893087	-1.9215828305907	0.422829868384807	-4.5445768482039	5.50457224750064e-06	2.65716425910738e-05	5.25927642378903	down	215332
Mapk4	17.7089363056933	-1.92020141476253	0.496568365796791	-3.86694269515415	0.000110208311684579	0.00044652893546849	3.95778565065097	down	225724
Cnot11	375.599580391853	-1.91995705361357	0.0961346749430608	-19.9715352941146	9.74126795350145e-89	3.4174795098151e-87	88.0113845103319	down	52846
Proz	57.1271662597004	-1.91950775481307	0.266680112260897	-7.19779116087664	6.11957753811965e-13	5.05253075740394e-12	12.2132785581153	down	66901
Ikzf2	305.968430153657	1.91905746929627	0.118789870632505	16.1550598470906	1.04616993041351e-58	2.688179430319e-57	57.980397766858	up	22779
Pon1	349.730677475551	-1.9187903261524	0.0971221280036191	-19.7564691548037	7.05719884532635e-87	2.43888833727621e-85	86.151367645608	down	18979
Mdga2	9.48068621748799	-1.91717594800287	0.581670692868566	-3.29598168088568	0.000980784104210566	0.0033782743715114	3.00842658147735	down	320772
Spi1	1869.6961219312	-1.91682170923391	0.05168285905998	-37.0881515476797	4.36145535209387e-301	4.83448766395129e-299	300.360368569007	down	20375
Nav3	13.8254109544181	-1.91678886574436	0.532796866295919	-3.59759785951849	0.000321169674024607	0.00120266933279403	3.49326546907689	down	260315
Plagl2	282.052135300304	-1.9157274991205	0.150193709133067	-12.7550448695772	2.92206482589535e-37	5.44659292547703e-36	36.5343101534885	down	54711
Nme9	5.35524832482897	1.91572486662179	0.789125352245989	2.42765596260379	0.015196751290668	0.0389382884724246	1.81824924411666	up	623534
Gm10722	26.9214350804161	-1.91565802707872	0.411875026399057	-4.65106623197562	3.30223243553374e-06	1.63378968955574e-05	5.48119236114077	down	NA
Antxr1	10.044190869006	-1.91553683900999	0.571564195887098	-3.35139403901425	0.000804058031605355	0.00281420311061874	3.09471260560917	down	69538
Slc29a1	1107.22110669846	1.91545744498093	0.0643822881846875	29.7513104766676	1.66775661180358e-194	1.21095400813153e-192	193.777867328916	up	63959
Socs3	639.644612293471	-1.91491035414189	0.0719715236777193	-26.6065001307551	5.70872288515006e-156	3.39897360581835e-154	155.243461038158	down	12702
Gm5150	494.006967299147	-1.91412779441878	0.0970095744973486	-19.7313286274758	1.16079141436523e-86	3.99830285685241e-85	85.9352458127581	down	381484
H3c1	47.3515191352457	-1.91404266584645	0.294753050935587	-6.49371621352521	8.37444326332679e-11	6.16007847386046e-10	10.0770440554197	down	360198
Klri1	98.7575940714359	1.91270810857471	0.234895438335811	8.14280652755916	3.86219149442534e-16	3.73649993279154e-15	15.4131661969185	up	503550
Ces1f	77.6175875550179	-1.91267585441716	0.223660233536867	-8.55170284037945	1.21285701902084e-17	1.25184385435242e-16	16.9161903941131	down	234564
Mmp9	771.186517073934	-1.9126674646666	0.0850626287054065	-22.4854027412044	5.76748624236137e-112	2.55177591941759e-110	111.239013432762	down	17395
Rps28	9094.06093728175	-1.91175363072383	0.0304743738482797	-62.7331554125352	0	0	Inf	down	54127
Tpm2	95.0012269517104	-1.91134226778051	0.240788188902042	-7.93785723666904	2.05703906611309e-15	1.91711257149959e-14	14.6867574603538	down	22004
Gm47230	116.52944281164	-1.91098273425332	0.178304428822432	-10.717528144836	8.42241677418898e-27	1.20628689455206e-25	26.0745632717911	down	NA
1600002D24Rik	117.999814383564	-1.9100337830807	0.175243801346776	-10.899294402437	1.16154519860175e-27	1.70701272169689e-26	26.9349638860606	down	69776
Rhoq	434.946361550911	-1.90996475895562	0.0973202546975559	-19.6255626836495	9.35357590219307e-86	3.19016641940755e-84	85.0290223252029	down	104215
Fam171a2	84.6473769779025	1.90946436584459	0.205421217713747	9.29536095198021	1.46707562515672e-20	1.70700105821557e-19	19.8335474984664	up	217219
St8sia6	241.828755653909	-1.9092016228646	0.193000162055502	-9.89222808173373	4.49901229602849e-23	5.75890155018045e-22	22.346882819884	down	241230
Trdn	5.44726609053963	-1.9091799283081	0.772378284925327	-2.47181978775165	0.0134427261945393	0.0350259336422057	1.87151264711688	down	76757
Nkd1	100.596211055548	1.90845057409894	0.2295435933734	8.3141095164196	9.24437548368934e-17	9.19539573768984e-16	16.034122422866	up	93960
H3c7	71.1159981897788	-1.90833786001949	0.247820686616951	-7.70047846316055	1.35557686419693e-14	1.21657477489233e-13	13.8678758519307	down	260423
D130009I18Rik	17495.8640857619	-1.90766448835399	0.0791273049951941	-24.1088014872976	2.02112816768098e-128	1.00281642586438e-126	127.694406145291	down	320249
H2ac6	71.1205751945203	-1.90726102858579	0.218325406546037	-8.73586385917763	2.41801053106356e-18	2.56562736541923e-17	17.6165418120059	down	319164
Dmgdh	11.1347062632687	-1.90719291619387	0.560373467042082	-3.40343186885871	0.000665450070574593	0.00236240443282861	3.17688452454304	down	74129
Fbp1	72.3393904064517	-1.90713776301817	0.220139805783468	-8.66330265092562	4.58289580367861e-18	4.79914400265621e-17	17.3388600167246	down	14121
Nim1k	59.9184370865688	-1.90695810119591	0.258756275710708	-7.36970763688031	1.71002634944741e-13	1.44858695512742e-12	12.7669971976012	down	245269
Hist1h2ao	6.30079700199392	-1.90682225831114	0.69320509034728	-2.75073320271764	0.00594620505637118	0.0171268786689315	2.22576011811882	down	NA
Bmp6	1097.35593124635	1.9062596786564	0.0754870507337351	25.2528037607448	1.05503460009926e-140	5.68110233371276e-139	139.976733297347	up	12161
Defb38	25.9024114791754	-1.90552802567101	0.416462329318253	-4.5755111363622	4.75058693953842e-06	2.30602099308272e-05	5.3232527295635	down	360212
Tdo2	105.219496139106	-1.90412192466882	0.189598050707841	-10.0429404076678	9.86876547426601e-24	1.29832830630195e-22	23.0057371716715	down	56720
Ncf4	824.848304887673	-1.90402289824594	0.0765776713134628	-24.8639435698171	1.82742267454824e-136	9.64092686453435e-135	135.738160990692	down	17972
Cers3	5.22667832598929	-1.90361973177759	0.76250058440773	-2.49654855445944	0.0125408498772341	0.032955708775748	1.90167303093065	down	545975
Igfbp1	39.5302883397414	-1.90332147236393	0.30078132623218	-6.32792433029809	2.48480931868131e-10	1.76787099324e-09	9.60470693289519	down	16006
Trnp1	10.0076851518434	-1.90217275915059	0.716012580058936	-2.6566191881629	0.00789285449184519	0.0220421593946911	2.10276590352571	down	69539
Lhx6	254.39337251578	1.90203960979958	0.185389443574049	10.2596974948029	1.07041534017807e-24	1.44752662387871e-23	23.9704476756348	up	16874
Zfp131	445.36681927863	-1.90177010444539	0.0865927285886458	-21.962237885812	6.61592758982063e-107	2.76846014145125e-105	106.179409256707	down	72465
Grxcr1	4.60295120781016	-1.90161554337046	0.812893336874285	-2.33931741977674	0.0193190118170042	0.0479786541835955	1.71401509186452	down	433899
Gm45062	17.8102649799476	-1.90028561394289	0.465851623004744	-4.07916495317982	4.51977589858937e-05	0.000194441804192204	4.34488309802464	down	NA
A430078I02Rik	7.70578647155877	-1.90001395006787	0.677375909144455	-2.8049623915141	0.00503224509904774	0.0147450724998672	2.29823821442851	down	320486
Xylt1	2642.17352910939	-1.89956748322941	0.0460516338529027	-41.2486447125192	0	0	Inf	down	233781
Slc4a5	6.51442581395464	-1.89947122440534	0.782809482271497	-2.42647958082164	0.015246108244558	0.0390407532204896	1.81684100114428	down	232156
Gm49774	52.4491040856462	-1.89931052325602	0.32993756638287	-5.75657553663348	8.58373820959499e-09	5.39760170638956e-08	8.06632353613321	down	NA
Gm27477	27.4329314718135	1.89917307828819	0.390398388491585	4.86470521977865	1.14627517758595e-06	5.98077827383914e-06	5.94071111207084	up	NA
Gm34455	435.623539372921	-1.89903902832143	0.104547358183435	-18.1643903903287	9.87982815277918e-74	2.99688120634302e-72	73.0052506093546	down	102637715
Grk3	818.742482950414	-1.89879375569584	0.0834268237074554	-22.7599909874808	1.14269436445738e-114	5.13202755623435e-113	113.942069914469	down	320129
9530052E02Rik	43.2042328467383	-1.89875359542624	0.288722650318449	-6.5763929270253	4.8199779919897e-11	3.59625926871011e-10	10.3169549447444	down	619321
Gm16062	13.9709263056599	-1.89836320766617	0.504183937235847	-3.76521953093907	0.000166402815571802	0.000655637790452029	3.77883932962611	down	100504104
Btg1	2096.45904673562	-1.89774058305936	0.0440395015254401	-43.0917816352462	0	0	Inf	down	12226
Plekhh2	15.5870025492245	1.89772153445172	0.460362217937697	4.12223562340328	3.75213118831666e-05	0.000162897212152773	4.42572198549394	up	213556
Gm19951	249.139147096561	-1.89706380875173	0.127435441697034	-14.886469442793	4.03522340558133e-50	9.27122608036488e-49	49.3941324160534	down	105245440
Sptb	34.635291233863	-1.89643970651323	0.353320995356027	-5.3674696138628	7.98489553617997e-08	4.6819706831304e-07	7.09773076122335	down	20741
Tbc1d2	101.913784707885	-1.89641308532888	0.255156783481545	-7.43234437843604	1.06689589910344e-13	9.15316741104017e-13	12.9718779541937	down	381605
Il1rap	787.917720093033	-1.89576693029096	0.0781626686187452	-24.2541223808256	5.98206095256653e-130	3.00385947447069e-128	129.223149166158	down	16180
Gm43814	31.8963482837948	-1.8957463051775	0.461759158181363	-4.10548718220098	4.03463656707283e-05	0.000174507661729412	4.394195579659	down	NA
Pot1b	751.803173835404	-1.89557971824104	0.0860561566358975	-22.0272411916002	1.57902240157014e-107	6.71535669924902e-106	106.801611708618	down	72836
Msrb1	2229.17532126441	-1.8954032591926	0.0437389829474558	-43.3344154679952	0	0	Inf	down	27361
Osgin2	174.907770847541	-1.89524372467487	0.164902512201274	-11.4931161410179	1.42863803264011e-30	2.26916066784964e-29	29.8450777924406	down	209212
Igfbp3	12.6334201645319	-1.89509735424363	0.599809324882827	-3.15949965368385	0.00158040288267909	0.00521005147778261	2.80123218683008	down	16009
4931428L18Rik	18.4328644578504	-1.89399262766767	0.508378826892035	-3.72555371600851	0.000194886944123323	0.000758261581140016	3.71021725418725	down	NA
Cd200r4	12.9478661395415	1.89394882645498	0.514630768301662	3.68020908020174	0.000233042796234089	0.000894196065314341	3.63256431733615	up	239849
Car10	6.57904883183912	-1.89394629249921	0.709383277110971	-2.66984908385842	0.00758853460044086	0.02127791611122	2.11984208133594	down	72605
Gphn	61476.5890027595	-1.893318804654	0.0304282929654689	-62.2223141732797	0	0	Inf	down	268566
Spp2	58.2073211001956	-1.89321683152217	0.240442178190335	-7.87389652585617	3.43763287214319e-15	3.17398455571963e-14	14.4637405063913	down	75396
Gm38171	12.3278688589894	-1.8930043891754	0.578335143111839	-3.27319619380164	0.00106338637895544	0.00364053043388409	2.97330890691668	down	118568498
Ush2a	7.7799080511561	-1.89266076493056	0.646559853844503	-2.92727850898355	0.0034194252190659	0.0104867405651382	2.46604688960668	down	22283
Hgd	14.7239779618027	-1.89265500186244	0.519818815188549	-3.64098979598484	0.000271591901684098	0.00102978596055221	3.56608318397307	down	15233
4930415O20Rik	17.207409557769	1.89145403580952	0.457359645051277	4.13559450702622	3.54036871585734e-05	0.000154411351338952	4.45095150550997	up	NA
1810041H14Rik	18.6516913911841	-1.89132245816425	0.422769315280707	-4.47365120836281	7.68951361506422e-06	3.65098597002332e-05	5.11410112976608	down	78312
H3c11	73.6712247315488	-1.89043373919668	0.219908805832754	-8.59644402159322	8.22242053692569e-18	8.53321820562721e-17	17.0850003149315	down	319153
Cltrn	6.93042582481195	1.88953830583036	0.666874070932284	2.83342596179936	0.00460519745862482	0.013649226260885	2.33675174367502	up	57394
Edem1	734.825504832304	-1.88905189990514	0.0712161405165994	-26.5256146458096	4.90990604030328e-155	2.89851365365099e-153	154.308926818787	down	192193
Ackr3	110.448219346459	1.88792348316132	0.174949344157462	10.7912578481124	3.78572169933184e-27	5.45956086452431e-26	26.4218513155933	up	12778
Ncr3-ps	26.8037259595742	-1.88773200067133	0.399104843819654	-4.72991503336491	2.24613822887987e-06	1.13775582283976e-05	5.64856352047326	down	667612
H2-Aa	7354.79965690065	1.88747337494502	0.0506208390234624	37.2864893462195	2.71715125842549e-304	3.04423199324349e-302	303.565886184596	up	14960
Ptprj	3309.65301825697	-1.88726787372448	0.0437755840439931	-43.1123402449146	0	0	Inf	down	19271
F13a1	135.876295647004	-1.88679680635015	0.155276351841021	-12.1512180314614	5.65172557484006e-34	9.85575809657673e-33	33.2478189339123	down	74145
Pim1	2646.69002223285	-1.88650555106111	0.0709295626802519	-26.5968868236987	7.3749265933494e-156	4.37852123301448e-154	155.132242298097	down	18712
Hdc	2069.93187577309	-1.88649973884932	0.0608231969684287	-31.0161226781377	3.26802656976604e-211	2.56990210140961e-209	210.485714421217	down	15186
H4c4	509.435368743985	-1.88648116707169	0.0883785881766217	-21.3454548889332	4.29761038642356e-101	1.71896166684608e-99	100.366772959411	down	319156
Gm12708	10.1191006025232	-1.88632279553876	0.581951239482112	-3.24137602527908	0.00118954161978484	0.00402939821435247	2.92462035822807	down	105244624
Zfp449	11.1298310637853	1.88565228952552	0.590556250865295	3.19301046557821	0.00140797843537878	0.00468853669141235	2.8514039968045	up	78619
Zeb2	6288.70002024507	-1.88548254779337	0.0467078652447833	-40.3675598940792	0	0	Inf	down	24136
Rpl38	7598.67635367388	-1.88478432192218	0.0330183553132166	-57.0829256649176	0	0	Inf	down	67671
1700001K23Rik	21.8720891302287	-1.88464683553496	0.402497980071832	-4.68237588471528	2.83568885027962e-06	1.41777639037853e-05	5.54734142441282	down	69319
Nfkbie	288.232316070929	-1.88422737592724	0.105796051204189	-17.809997201981	5.91127761877571e-71	1.73990274431733e-69	70.2283186438534	down	18037
Thy1	53.496263084233	1.88401230540063	0.290520961425644	6.48494448096071	8.87644653308285e-11	6.52013638713125e-10	10.0517608585383	up	21838
F12	152.190405901085	-1.88388237513167	0.157286032364343	-11.9774295709092	4.66566322740554e-33	7.97602592255161e-32	32.3310866122542	down	58992
Gm33782	45.9068612309178	-1.88216129442717	0.276324534718394	-6.81141577364929	9.66428738103904e-12	7.49791827004738e-11	11.0148301641799	down	102636813
Ntn1	89.8495586044447	1.87965989811752	0.235963659340694	7.96588721911446	1.64042504525906e-15	1.53570608796737e-14	14.7850436087245	up	18208
Thrsp	41.673792627226	1.87790155050303	0.307059086495851	6.11576609548862	9.60941880347869e-10	6.50375701350089e-09	9.01730287852033	up	21835
Gpc5	19.9543660107035	-1.87758900228521	0.434371427495893	-4.32254260624212	1.54241284974511e-05	7.07202230491494e-05	4.81179936534597	down	103978
Efcab15	8.35025184472016	-1.87658564942945	0.626170942838587	-2.99692227959736	0.00272720232918519	0.00857510970362634	2.56428264086693	down	69441
Sipa1l2	232.043511946386	-1.87637331198233	0.165793452491052	-11.3175356673606	1.07450039300728e-29	1.6747579423993e-28	28.9687934213258	down	244668
Gm43660	55.2730566464073	-1.87585505860834	0.276047716130235	-6.79540147951575	1.08011309078114e-11	8.35193940585834e-11	10.9665307703178	down	NA
Cd3e	50.7281008642351	1.875740197221	0.297542865516515	6.30410073508178	2.89871927266401e-10	2.04767494654391e-09	9.53779384198766	up	12501
Rbpms2	10.4939929776478	-1.87318352842417	0.58399802652688	-3.20751688077485	0.00133886202798193	0.00448417643862349	2.87326417547003	down	71973
Sgcd	27.6927917803386	-1.87304365002101	0.345031331282251	-5.42861902732183	5.67917651688704e-08	3.3621693021423e-07	7.24571463261631	down	24052
Abi3	40.940625722758	-1.87284593168889	0.287646205705937	-6.51093563738336	7.46841415977498e-11	5.51698981480152e-10	10.1267716063205	down	66610
Ankrd33b	1795.79682672466	-1.8701076883249	0.0572396439536969	-32.6715464868665	3.9618309501214e-234	3.49833030379576e-232	233.402104059589	down	67434
Trac	56.9296990679893	1.86841558391126	0.379170109226355	4.92764471261593	8.32267781431248e-07	4.40640962836529e-06	6.07973691735486	up	100101484
Gm11223	10.1296141466344	-1.86725675106726	0.601909964110698	-3.10221937233764	0.00192075563076102	0.00621917753098647	2.71652788498883	down	100039888
Mrc2	7.47094119380435	-1.86655148293597	0.715831114576312	-2.60753052630403	0.00911979384471663	0.0249963677403722	2.04001497889899	down	17534
Spata13	823.670357666161	-1.86559758558804	0.0758631912273456	-24.5916043789569	1.5534389448566e-133	8.01289954749175e-132	132.808705811243	down	219140
Rnu12	8.69404802150603	-1.86546426109796	0.605920227082104	-3.0787291424176	0.00207885591324339	0.00669571535951761	2.68217561083777	down	104307
Gm8797	47.8848459048988	-1.86380947231565	0.361124492743082	-5.1611272837194	2.45467204430174e-07	1.37397020497459e-06	6.61000652344499	down	667759
Mybpc3	8.48209845906429	-1.86262360845441	0.744599751598985	-2.50150984398602	0.0123665004429143	0.0325550155040286	1.90775318261488	down	17868
Car8	1279.53690368682	1.86245051020003	0.0760079550889702	24.5033629443123	1.36012162288989e-132	6.94695453416727e-131	131.866422255021	up	12319
Gm26708	10.0980028277849	-1.86221221773705	0.689372916566033	-2.70131328485208	0.00690662477249327	0.0195925882975752	2.16073413797999	down	120623200
Gm1043	5.64121884642423	1.86144626784168	0.78604080949322	2.36812929476499	0.0178782867950685	0.0449524153622626	1.74767410025464	up	381634
H2-Q6	646.646620660886	1.86046976112108	0.080593781011189	23.0845325505052	6.62200013395275e-118	3.03955640509783e-116	117.179010814799	up	110557
Ces2a	148.596950971468	-1.860098201437	0.158180130737624	-11.7593669493319	6.32064163408802e-32	1.0420557833288e-30	31.1992388324772	down	102022
Cyp2t4	21.5170051320621	-1.85985672615854	0.432100125891215	-4.30422630014873	1.67570311286135e-05	7.6411328597194e-05	4.77580292357408	down	384724
Mup1	28.9367134478292	-1.85982542475371	0.38315937443275	-4.85392123710164	1.2104382723251e-06	6.29506442649933e-06	5.91705735299807	down	17840
Tmem119	31.5187716881818	1.8595634777903	0.356985457622722	5.20907347367515	1.89785953904894e-07	1.07354763665149e-06	6.72173593293785	up	231633
Dgkg	317.320664850897	-1.85950950690413	0.15780862697097	-11.783319724632	4.75814511407912e-32	7.88822482357158e-31	31.3225623169682	down	110197
Sh2b2	452.973492922745	-1.85876061145892	0.1011815538704	-18.3705481914197	2.26116445662433e-75	6.97047427686307e-74	74.6456678498585	down	23921
Gm14455	32.0325397965161	-1.85786752571742	0.352010046753345	-5.27788210266406	1.30685497755404e-07	7.5210027277682e-07	6.8837726036532	down	NA
Gm1647	128.241019299972	-1.85560966896617	0.167307797174091	-11.0909933685597	1.3873847072691e-28	2.10266981198406e-27	27.8578030969096	down	381452
Cacnb3	44.676236905498	1.85553524356677	0.446778685111281	4.15314182480439	3.27941345307112e-05	0.000143751991898505	4.4842038260669	up	12297
Btbd11	92.2436813374153	1.85464507604195	0.193736017593334	9.57305254377111	1.03794924928899e-21	1.26342432277648e-20	20.9838238808735	up	NA
Mmp20	13.173489546352	-1.85450579748147	0.620280568960441	-2.98978541370323	0.00279173495509277	0.00874447087466981	2.55412581563505	down	30800
Gm28661	141477.468012462	1.85445603472939	0.466486267080997	3.9753711214984	7.02695896927297e-05	0.000293162758680039	4.15323258232024	up	NA
Gm45752	36.215917681359	-1.85427470772701	0.396099834407613	-4.68133169128983	2.85017347112674e-06	1.42433489124245e-05	5.54512870656678	down	102636793
Gbp8	171.137640045177	1.85392913726797	0.167888198698141	11.0426411840971	2.37934628977152e-28	3.57227646488103e-27	27.6235423461963	up	76074
H4c9	143.103492083623	-1.8532030441129	0.160106409754028	-11.574821064066	5.52864891248636e-31	8.91729989839808e-30	30.2573809883234	down	319158
Tmem45a2	16.5059585823512	-1.85276274172228	0.678186405194617	-2.73193730739944	0.00629631206453615	0.0180182432179166	2.20091375514909	down	69457
Acot12	7.78765059497301	-1.8523592888764	0.652140696647146	-2.84042891112292	0.00450529132506563	0.013389299190394	2.34627712104946	down	74156
Serpina6	14.9020313948375	-1.85205238151457	0.566671345963064	-3.26830074382354	0.0010819533088357	0.00369438391001593	2.96579148059039	down	12401
Rap1b	5218.35658949356	-1.85170041823195	0.0352909807038451	-52.4695086761984	0	0	Inf	down	215449
Amer2	19.5217006379711	-1.85050584512754	0.447249108092763	-4.13752830725319	3.51067149161418e-05	0.000153308640431157	4.45460980740565	down	72125
Lmnb1	2147.126878398	-1.84866028811566	0.0504648644651747	-36.6326216806032	8.65430982632852e-294	9.39308137869062e-292	293.062767561014	down	16906
Phlda1	91.7984195120568	-1.84702174888465	0.195647206092945	-9.44057308953952	3.70746034271592e-21	4.41736798638405e-20	20.4309234857566	down	21664
Dthd1	7.16638525575805	-1.84684172476899	0.715338971315782	-2.58177143819236	0.00982946594737225	0.0266677776099981	2.00747007753001	down	100322896
Lck	100.461857235704	1.84627754524028	0.230824440408416	7.99862242478964	1.25818886186515e-15	1.18425463832014e-14	14.9002541637321	up	16818
Aqp9	77.370979238887	-1.8447910774601	0.213113394593161	-8.65638258440699	4.86972194579741e-18	5.08672359039961e-17	17.3124958356752	down	64008
Stox1	32.6827228432451	1.84451545332066	0.349519958015585	5.2772822009735	1.31113894061557e-07	7.5414916874104e-07	6.88235128394273	up	216021
Rab20	539.489526231155	-1.84437081389744	0.103581726781506	-17.8059477400675	6.35473800679125e-71	1.86779104828664e-69	70.1969023498386	down	19332
Gpcpd1	2214.84338427475	-1.84378006262597	0.0457660153078365	-40.2871005968978	0	0	Inf	down	74182
Tnfsf18	6.73736680998825	-1.84318408606877	0.725166784740741	-2.54173815576473	0.0110302772246905	0.0294730025753718	1.95741357227057	down	240873
Cabyr	9.49748510745881	-1.84248320614418	0.627230997345304	-2.9374874869742	0.00330883524551295	0.0101790401064724	2.48032485681897	down	71132
Runx2	670.728338267924	-1.8418721121215	0.077956892866429	-23.6268025109384	2.04441449060383e-123	9.79392036084899e-122	122.68943104947	down	12393
Snapc1l	9.32661711770363	-1.84144452287032	0.591492673103543	-3.11321611679198	0.00185060449264196	0.00600884185449765	2.73268638784712	down	NA
Cdh4	607.356731559803	1.84066107401634	0.094254971893459	19.5285302943692	6.28214910067973e-85	2.12867813185471e-83	84.2018917602594	up	12561
Des	16.3175483729422	-1.83953885054897	0.488967775051059	-3.76208606049118	0.000168502042796075	0.00066340715470006	3.77339482969065	down	13346
Cfi	357.77872036671	-1.83921175883137	0.128157154988832	-14.3512218181782	1.04676683385823e-46	2.28893746597814e-45	45.9801500461588	down	12630
Sorl1	2947.78584651772	-1.83864951250107	0.0393968718451919	-46.6699366316685	0	0	Inf	down	20660
Gm16268	36.9433335670514	1.83707527764894	0.374284702202353	4.90822966271205	9.19021976481479e-07	4.84112714052011e-06	6.03667410324879	up	NA
Osm	480.817028922152	-1.83686669547687	0.12913053996784	-14.2248820142341	6.42125576768144e-46	1.38809698073354e-44	45.1923800311767	down	18413
H1f1	60.9344869290729	-1.83660211219452	0.238257191022868	-7.70848554165252	1.27319540986491e-14	1.14362582526616e-13	13.8951049357704	down	80838
Itpkc	52.3085211408082	-1.83646855994358	0.311017330957311	-5.90471455172911	3.53257862592496e-09	2.28406472186318e-08	8.45190816311696	down	233011
Nefh	15.9361191892048	1.83628770037459	0.473355065879532	3.87930294347356	0.000104756225041159	0.000425954141196627	3.97982016004953	up	380684
Tbx21	49.0666718081708	1.83608146190713	0.290815370484597	6.31356402808967	2.7268143124026e-10	1.93279195429108e-09	9.56434443515871	up	57765
Gm24407	12.1925782648694	-1.8358932525302	0.555089003719874	-3.30738537464648	0.000941712427138777	0.00325823431332309	3.02608169845341	down	115490316
Gla	463.390023376421	-1.83450536411772	0.110022989172078	-16.6738367855878	2.03127136572079e-62	5.4618921277749e-61	61.6922320535708	down	11605
2310002F09Rik	10.8266944080586	1.83441194293829	0.565839473423319	3.24192996264493	0.00118723195286267	0.00402222836379534	2.92546442341512	up	100504720
Pmaip1	657.660658795588	-1.83300791828538	0.0853107333689197	-21.4862520330083	2.09343683738605e-102	8.42183981743011e-101	101.679140137992	down	58801
Trib1	890.945994949375	-1.83192742098514	0.0753062906774004	-24.3263531440263	1.03179404356978e-130	5.20618791136817e-129	129.986406983588	down	211770
Gnmt	132.864425927714	-1.83085005974602	0.158190080297657	-11.5737349415401	5.59910653717389e-31	9.0169846312339e-30	30.2518812688746	down	14711
E330020D12Rik	262.678739327306	-1.83012272374325	0.120992640665149	-15.1259011596265	1.0929416871474e-51	2.56484367325052e-50	50.9614030087966	down	626058
Nrg4	33.6513179493469	-1.82918762721356	0.329049557638257	-5.55900345328678	2.71319329964683e-08	1.64408942051004e-07	7.56651926411549	down	83961
Mtcl1	220.002044901072	1.82868300463637	0.192814065730579	9.48417843743621	2.44299863856406e-21	2.92920878187781e-20	20.6120767750504	up	68617
Ppp1r3b	85.3402914928747	-1.82785582896383	0.215474971590248	-8.48291481592449	2.19621450751751e-17	2.24678027109265e-16	16.6583252439662	down	244416
Tiparp	1070.40626718752	-1.8270536596892	0.0598792262113381	-30.5123124544193	1.78918539122579e-204	1.37076596940273e-202	203.747344656518	down	99929
Slco4c1	28.1605855756108	-1.82680985820739	0.380078071480234	-4.80640688133569	1.53667005589821e-06	7.91856263473362e-06	5.8134193714626	down	227394
Selp	209.750315681802	-1.82575604611854	0.137221094589272	-13.3052141260304	2.15873787400318e-40	4.30899794601076e-39	39.6658000889234	down	20344
Serpinb9	178.486777475944	1.82533929698457	0.154588920631752	11.8076980518723	3.56179660462852e-32	5.94269651271847e-31	31.4483308844263	up	20723
Ndufa3	728.987440272263	-1.82425065152172	0.071634877935817	-25.4659560271214	4.69989501122378e-143	2.58419820946946e-141	142.327911843459	down	66091
1700010K24Rik	8.61287215625609	-1.82334801777981	0.621416113445649	-2.93418206951483	0.00334427971560626	0.0102789741878347	2.47569740531678	down	75440
C630004M23Rik	13.0431027052298	-1.82129018904338	0.562281800188464	-3.23910570897533	0.00119905124713331	0.00405831231752655	2.92116225487314	down	791351
Gm49499	17.0115438762528	-1.82082465411763	0.457557165277133	-3.97944736154398	6.90756517311223e-05	0.000288817717982515	4.16067500880892	down	NA
Lox	9.96581636682001	-1.82075265605362	0.700876248702059	-2.59782330964338	0.00938167547814259	0.0256130925309857	2.02771959382432	down	16948
Padi4	103.828839399637	-1.82034648289408	0.207956772126895	-8.75348498765554	2.06863415206799e-18	2.19827981106297e-17	17.684316309618	down	18602
Atp5md	706.956415046493	-1.81952428792166	0.0893299327550644	-20.3685845472498	3.17729195489371e-92	1.16569695507095e-90	91.4979428769029	down	NA
Gm26839	56.9074888654579	-1.81884621220327	0.255187283008674	-7.12749550353357	1.02211611234205e-12	8.34307781633218e-12	11.9904997655662	down	102639404
Apln	11.9718521718805	1.81881545838978	0.522141254011297	3.4833781939598	0.000495128373242033	0.00179657018300624	3.30528218578854	up	30878
Zfp300	7.86344248697061	1.81873560224717	0.734119224793847	2.47743900557557	0.0132329024599838	0.0345521180758804	1.87834488868435	up	245368
Gm34961	25.3865441888243	-1.81862206137639	0.39017437682229	-4.66104944201577	3.14601131054193e-06	1.56280642909138e-05	5.50223972033412	down	102638381
Aff2	32.318954619405	-1.81821353172934	0.343350541008836	-5.2955021605239	1.18689790595486e-07	6.85145857678484e-07	6.92558663638437	down	14266
Gm37267	7.95020777847669	1.81764106952904	0.656046892730381	2.77059626327054	0.00559537580587674	0.0162217635529585	2.25217073935234	up	NA
Ak5	16.3594811454666	-1.81691298035031	0.512163247703294	-3.54752705997148	0.000388865803096417	0.0014350229273466	3.41020024708018	down	229949
AI506816	91.4867783833975	-1.81657130646567	0.238023656838225	-7.63189394951745	2.31329703765173e-14	2.04873765268272e-13	13.6357685983014	down	433855
Themis2	802.232395858364	-1.81282988862548	0.0683917411461344	-26.5065614392235	8.14323752856376e-155	4.78019512275325e-153	154.089202897168	down	230787
Gm10655	13.1249767936262	-1.81226197464276	0.539407147217699	-3.35972925829874	0.000780188890389252	0.00273801890987228	3.10780023817829	down	100038496
Bcl3	305.266092694817	-1.81225395878225	0.107211568459512	-16.9035299531751	4.2376123136822e-64	1.15737356493871e-62	63.3728787780948	down	12051
Zc3h12a	284.94789519935	-1.81221252480128	0.115523059337514	-15.6870198486233	1.85565195071732e-55	4.54405769694455e-54	54.7315034775016	down	230738
Hmox1	456.425917278022	-1.81192193904567	0.0947198994866102	-19.1292637435897	1.44094889134948e-81	4.69920719042751e-80	80.8413514227936	down	15368
Nuf2	17.9175813535118	-1.81133115289196	0.456813206044126	-3.96514621058699	7.33509719679679e-05	0.000305223822851534	4.1345941269805	down	66977
Dclre1c	412.204092854606	-1.81096244013435	0.101441618759612	-17.8522628313515	2.77558741638853e-71	8.21597530825575e-70	70.5566450901274	down	227525
Vsig10l	55.2801837123915	-1.8102640484497	0.272227651672469	-6.64981693567162	2.93457785503201e-11	2.21491010217357e-10	10.5324543640641	down	75690
Gm12504	16.3419250877352	-1.8100395363196	0.479848948222916	-3.77210274821471	0.00016187756582909	0.000639500776172967	3.79081333476566	down	NA
Ptgs2os2	58.3931713561614	-1.80988770166531	0.25264768862601	-7.16368200915725	7.85384674968534e-13	6.45117510511206e-12	12.1049175772718	down	102639566
Dhrs11	48.1867015020533	-1.80889066693336	0.28256767887325	-6.40161915951035	1.53737758046284e-10	1.11202399858608e-09	9.81321945652568	down	192970
Dcstamp	41.7028646278117	1.80838337825826	0.46176759158283	3.91621978506449	8.99482527620549e-05	0.000369200638035939	4.04600726837366	up	75766
Apoh	1121.34361456702	-1.80832866438337	0.0849971343326694	-21.275172140578	1.92804233011642e-100	7.68230862663404e-99	99.7148834354051	down	11818
Arid3a	326.480836999584	-1.80734206623675	0.112807885587106	-16.0214160280595	9.05641512162551e-58	2.30717157358868e-56	57.0430436788127	down	13496
Ifit3b	24.2937592203381	1.80712750298077	0.382034301688283	4.73027551451461	2.24215336538139e-06	1.13601346902948e-05	5.64933468457742	up	667370
Gm37352	185.62193782947	-1.80708680543098	0.137970263485756	-13.0976542319754	3.39591855852459e-39	6.61378942440131e-38	38.4690427336246	down	NA
Adgre5	2293.81524251654	-1.80694203871564	0.0465573994418806	-38.8110603336279	0	0	Inf	down	26364
Gm28437	248751.771735547	1.80625415111514	0.389965140633657	4.63183490755135	3.62439120130893e-06	1.78259825924184e-05	5.44076493257345	up	NA
Arhgap21	7159.02841066898	-1.80613747407785	0.0411406546075933	-43.9015249345228	0	0	Inf	down	71435
Rtn2	20.8192412575562	-1.8055964547085	0.519740822672067	-3.47403239450319	0.000512699131396743	0.00185488869122714	3.29013741833085	down	20167
Sat1	2466.97614891141	-1.805571453033	0.0467812207563368	-38.5960738912188	0	0	Inf	down	20229
AC169509.1	27.9440726454575	-1.80415721506988	0.353752750086864	-5.10005141904019	3.39561222726066e-07	1.87347532972954e-06	6.46908191123624	down	NA
1200007C13Rik	19.8175755303764	-1.80310381461138	0.441913046609705	-4.08022308561501	4.49924997409179e-05	0.000193638724101815	4.34685987717166	down	74119
P4ha2	45.2375489749196	1.80289125152069	0.319375993622916	5.6450431075585	1.65139865948134e-08	1.01634662329981e-07	7.7821480722774	up	18452
Mylk	246.374630004277	1.80279798901736	0.121752040626085	14.8071275006714	1.3175145322308e-49	3.00062134832324e-48	48.8802445858059	up	107589
Enox1	7.52971075200975	-1.80261461549748	0.697726596614108	-2.58355439543958	0.00977880455306576	0.0265581269492164	2.00971423393837	down	239188
A230108P19Rik	19.3688446563194	-1.80227231912729	0.49929172736702	-3.60965788203911	0.000306601115134432	0.00115204843820527	3.51342626991266	down	320132
Vmn2r97	48.1683711878122	-1.8020466613636	0.314184367043237	-5.7356343930238	9.71480227508261e-09	6.07583327162204e-08	8.01256603414957	down	627367
Cox4i2	7.03289665781363	-1.80080169654771	0.691959146615811	-2.60246823147718	0.00925553898051533	0.0253118342276849	2.03359828577677	down	84682
Akr1b8	185.091710030716	1.80066648069394	0.201143795541681	8.95213534101183	3.48671107961215e-19	3.82821771275224e-18	18.4575840382072	up	14187
Ripor2	3416.04517163284	-1.79946346121427	0.0419526641434442	-42.8927101044539	0	0	Inf	down	193385
H2ac20	20.6188029363046	-1.79890747291732	0.52014091700398	-3.45850021428627	0.000543191840639916	0.0019573879936184	3.26504676227629	down	319176
2500002B13Rik	29.2904841284666	-1.79814909711744	0.359830744384516	-4.99720806289952	5.81663002418224e-07	3.1296863690662e-06	6.23532855930049	down	78353
Fam189a1	7.12103323794975	-1.79760866838876	0.765895852373584	-2.34706672299869	0.0189218659830805	0.0471384058842098	1.72303603779703	down	NA
Lars2	61490.7775691027	-1.79606120597683	0.0288639047322867	-62.22516401143	0	0	Inf	down	102436
Gsap	1296.5502019839	-1.79556407874554	0.060725117814614	-29.568721204085	3.77368540648073e-192	2.69314486937164e-190	191.423234307649	down	212167
2010013B24Rik	133.220533543762	-1.79405551792408	0.165613408700909	-10.8327914508666	2.40703536103693e-27	3.50770698522019e-26	26.6185175295877	down	72079
Slc12a5	53.8188445439295	1.79332407102193	0.293894290848413	6.10193571928522	1.04791521396918e-09	7.069441613436e-09	8.97967385437034	up	57138
4732490B19Rik	9.46841971408283	1.7919063961538	0.664231239518828	2.69771472575103	0.00698172419747362	0.0197840835669232	2.15603731133409	up	319871
Ska3	34.81091121811	-1.79120731284472	0.363625797563939	-4.92596324255503	8.3945778506652e-07	4.44109184640803e-06	6.07600113892277	down	219114
Opcml	9.63893148417556	-1.790748470149	0.606235192772075	-2.95388405605522	0.003138018776371	0.0096964966311974	2.50334446213534	down	330908
Tnfsf9	34.2578046941488	-1.79032561597583	0.313930841145096	-5.70293001300997	1.17765344089669e-08	7.33446504926663e-08	7.92898249465066	down	21950
H2bc9	17.7522578070402	-1.79003622892447	0.482627843741667	-3.70893692134888	0.000208131265955255	0.000806779659829158	3.68166267417626	down	319182
Cebpzos	10.5018744324748	-1.78873389083073	0.572275405320605	-3.12565221954389	0.00177411226187631	0.00578934002900725	2.75101890244633	down	68554
Klhdc8a	6.96475292257892	1.78787967785671	0.730733620363146	2.44669141809598	0.0144174217205109	0.0372113761746009	1.8411123979155	up	213417
Gnat3	21.7598420089773	-1.78427110663492	0.40763882181647	-4.3770882731043	1.20275272048184e-05	5.59343091767935e-05	4.91982365210246	down	242851
Igfbp2	121.675261886337	-1.78405035088723	0.178422194789991	-9.99903825298818	1.53884251747333e-23	2.00424620135167e-22	22.8128058228533	down	16008
Apoa2	2716.81641288833	-1.78345261839265	0.0436564589480339	-40.8519761191709	0	0	Inf	down	11807
Rilpl2	786.353377819636	-1.78329639703857	0.0855341262437476	-20.8489462084021	1.55816321611259e-96	5.95790151570097e-95	95.8073870523474	down	80291
Fcgr4	212.981183617861	-1.78249478610609	0.134328545956436	-13.2696648609907	3.47129722567837e-40	6.87627023630338e-39	39.4595081987903	down	246256
Ddr2	20.1891162889323	-1.78091011475578	0.534783688195561	-3.33015040298786	0.000867990850602356	0.00302172758698672	3.06148485265053	down	18214
Tulp2	34.0702995468519	-1.78086043548344	0.416473609159365	-4.27604629997572	1.90241674857036e-05	8.60339900682679e-05	4.72069433924995	down	56734
Grina	1419.83798177119	-1.77941015217397	0.0499525126878462	-35.6220349373318	6.38803709202503e-278	6.55765049067535e-276	277.194632570803	down	66168
Gm10388	31.0998866879399	-1.77924680828974	0.365946011708434	-4.86204727299323	1.16177867372605e-06	6.05560424756809e-06	5.93487659994457	down	100038707
Acr	11.3223931578338	1.77797244883455	0.550224266588332	3.23135956881523	0.00123202847160251	0.00415844530607785	2.909379255713	up	11434
Dnase1l3	4967.97056003251	1.77780481447385	0.0362806238361146	49.0014951921577	0	0	Inf	up	13421
Padi2	24.1337557665563	1.77609298126718	0.393988859885758	4.50797766663297	6.54484632762433e-06	3.12816634452668e-05	5.18410054618707	up	18600
Sema4d	1729.55334731199	-1.77481566648084	0.0561759739689365	-31.5938566096291	4.48390470531081e-219	3.62170892069659e-217	218.348343625871	down	20354
D030028A08Rik	17.6780691660606	-1.77325613994114	0.470146111709522	-3.77171286920424	0.000162130759884673	0.000640015704723756	3.79013458181491	down	319371
Cytip	1797.90098422521	-1.77304100913714	0.0463146549975179	-38.2825049486423	1.19761512551918e-320	1.45099669198886e-318	319.921682727622	down	227929
Txndc5	772.330672095599	-1.77205519446299	0.0670976811392042	-26.4100810099025	1.04955262540332e-153	6.10939306167035e-152	152.978995780665	down	105245
Tnip1	851.003817306725	-1.77185910133295	0.0732449406705023	-24.1908735963592	2.77548621723659e-129	1.38701096597106e-127	128.556660924986	down	57783
Bnip3l	1359.8254323772	-1.7712909867441	0.0638710099172447	-27.7323153186257	2.84777644044558e-169	1.83730071958036e-167	168.545494107202	down	12177
Ninj2	32.3193938577669	-1.7712696175397	0.352404678860238	-5.02623751554155	5.00196320923045e-07	2.71235782766467e-06	6.30085950694517	down	29862
Cldn4	11.2303678609964	1.77123664729813	0.543350197732566	3.25984356808852	0.00111473677991249	0.00379451155775831	2.95282766941128	up	12740
Map2k3os	18.4667972787136	-1.77016846124908	0.454781628619811	-3.89234821692612	9.92786112754311e-05	0.000405421708870999	4.00314430644522	down	24082
Ugt2a3	71.3657838626319	-1.77003085064477	0.245409103565183	-7.21257208852739	5.49047463121128e-13	4.54392378235948e-12	12.2603901107765	down	72094
9030404E10Rik	16.8641861099737	-1.77001023227376	0.455645818157556	-3.88461862643873	0.000102490641806743	0.000417230413090586	3.98931578726417	down	71528
St8sia2	14.0849499163063	1.77001009423288	0.497901600252443	3.55493955700376	0.000378065989579832	0.001398636100986	3.42243238955668	up	20450
Gm12979	21.6441657511149	-1.7694202428296	0.408656959115997	-4.32984243473352	1.49216069441207e-05	6.85972572487384e-05	4.8261844041164	down	NA
Ncf2	1670.18808589947	-1.76914185763221	0.0509605788994334	-34.7158901221171	4.53640193803687e-264	4.35640921597927e-262	263.343288472691	down	17970
Agt	431.266394141565	-1.76859230681157	0.0911660841336802	-19.39967394254	7.76623868458273e-84	2.58531386498434e-82	83.1097892661459	down	11606
Plet1os	112.082529195254	1.76856466822668	0.223794722810818	7.90262007081245	2.73101046144008e-15	2.52827752136605e-14	14.5636766362436	up	69631
Ptpre	1111.3856730754	-1.76697657039138	0.0612509195340491	-28.8481639758751	5.34282160218185e-183	3.68672382012807e-181	182.272229326749	down	19267
Gucy2c	31.6056407356754	-1.76568320223776	0.356985078466043	-4.94609805492392	7.57158301473131e-07	4.03024823611714e-06	6.12081331169025	down	14917
Asgr1	175.031461603138	-1.76564835469731	0.141249751641176	-12.5001873219761	7.44755891035967e-36	1.35664056060302e-34	35.1279860528201	down	11889
Ugt2b5	496.922730144453	-1.76486934919115	0.134872687550584	-13.085446588504	3.98809300138631e-39	7.74537465572128e-38	38.3992347225976	down	22238
Lamb3	192.056332200414	-1.76421254370053	0.150412149081324	-11.7291891278454	9.03197496082649e-32	1.4820261906194e-30	31.0442172750678	down	16780
E230016K23Rik	120.417795371123	-1.76300078227131	0.177116967562436	-9.95387853876748	2.42541941794347e-23	3.13349753568035e-22	22.6152131497841	down	100504464
Cd207	14.1664184704619	-1.76244471125028	0.527092188276384	-3.34371244812706	0.000826653725043272	0.0028889211766186	3.08267637290912	down	246278
Lat	39.1188256899489	1.76172026698203	0.365028756398844	4.82625063395583	1.39127402872226e-06	7.1995926209444e-06	5.85658732188357	up	16797
Trp73	9.87630230518913	-1.76171431867717	0.600065757518829	-2.93586877205185	0.00332614998473918	0.010228250544151	2.47805817120911	down	22062
AC125149.3	44.3280076830259	-1.76149252308839	0.279285902892882	-6.30713009443944	2.84256893565831e-10	2.00937225407678e-09	9.54628899435773	down	NA
H3c4	32.3740447541193	-1.76116697914069	0.337374068770513	-5.22022034935548	1.7871037207961e-07	1.01447710263334e-06	6.74785024096822	down	319149
Scnn1a	60.8628079956391	-1.7610835524064	0.292684843231637	-6.01699607318798	1.77683389907418e-09	1.17734313586031e-08	8.75035316875471	down	20276
Grm1	21.4360481102458	-1.76105804761577	0.720750418299529	-2.44336736116039	0.014550917233358	0.0374909204038017	1.83710962957632	down	14816
H2ac4	116.165000890969	-1.76090059372082	0.17860197745591	-9.85935664769176	6.2448231896701e-23	7.94965610565273e-22	22.2044798533407	down	319172
Dusp14	24.6955831585187	-1.76084251213962	0.401745564358138	-4.38297934901382	1.17067213726461e-05	5.4478867057743e-05	4.93156471800529	down	56405
Psat1	47.6578951603583	-1.76045631038832	0.316862039621874	-5.55590790392294	2.76172464594059e-08	1.67203892785462e-07	7.55881962434895	down	107272
Hcst	445.601827542602	-1.76021835735695	0.0879520211319626	-20.0133929238071	4.20995014824625e-89	1.48696866337803e-87	88.3757230467937	down	23900
F630040K05Rik	25.9801343493969	-1.76021638104592	0.375661842753975	-4.685640596718	2.79085634428626e-06	1.39670161764124e-05	5.55426251768172	down	433111
Nell1	16.5439231620445	-1.7598668605804	0.501704975930968	-3.50777238618129	0.000451875491852673	0.00165088242894773	3.34498121264486	down	338352
Dgkb	54.1327575687445	-1.75979555157471	0.289314528886603	-6.08263801457569	1.18221054527245e-09	7.93432707018766e-09	8.92730517107983	down	217480
Lgr6	7.52985309452159	-1.75976377894066	0.640350783262178	-2.74812466063646	0.00599372158095683	0.0172470538560563	2.22230343467406	down	329252
4930488N15Rik	35.7055144732825	1.75974904545028	0.336969496531339	5.22227994986073	1.76733512886621e-07	1.00352852181044e-06	6.75268109009873	up	75032
Hk2	225.542276354801	-1.75957624478997	0.159065655019382	-11.0619495111975	1.91880951413096e-28	2.89125607122018e-27	27.7169681368163	down	15277
Klf10	862.086644806878	-1.7589195580023	0.0755065516640205	-23.2949263241277	4.99058739949753e-120	2.33181279861276e-118	119.301848334267	down	21847
H2ac8	248.728843378771	-1.75886668091601	0.131275081139588	-13.3983286519226	6.18401121018556e-41	1.24510733921794e-39	40.2087297318133	down	319166
Tfr2	64.2368907390194	-1.75856718595648	0.262819082014467	-6.69117011016602	2.21393118514766e-11	1.68502965548912e-10	10.6548358822717	down	50765
Klra17	39.246874929727	-1.75813316176792	0.331023629163249	-5.3112013973506	1.08904896225914e-07	6.31636273991601e-07	6.96295259447659	down	170733
Csf3r	2120.3196029169	-1.75731187107847	0.069945991674694	-25.1238395368159	2.73050021314147e-139	1.45899728055526e-137	138.563757785228	down	12986
Lpar2	18.1786859332574	-1.75684008541475	0.453736105280923	-3.87194244620898	0.000107971450339934	0.000438087432561114	3.96669106487361	down	53978
Cd74	12345.8526268128	1.75469026482659	0.0343956412764365	51.0149018802764	0	0	Inf	up	16149
Tnik	322.430254014845	1.75383346748881	0.112627483607226	15.5719848416847	1.12850302442917e-54	2.74409271016097e-53	53.9474972726596	up	665113
Gm6055	8.14607690091947	-1.75309938370936	0.653213211582411	-2.68380882784424	0.00727887144367322	0.0205506573654933	2.13793595087641	down	606520
Gm47507	11.8254084334756	-1.75232187959222	0.532088243000044	-3.29329186022266	0.000990216269577047	0.00340963596194912	3.00426994234559	down	NA
Tpd52	2444.2878065657	-1.75189938781982	0.0413233919842236	-42.3948592721685	0	0	Inf	down	21985
Cd300lg	856.380248707894	1.75163971918783	0.071614869482978	24.4591623476207	4.02071622829712e-132	2.04859915602649e-130	131.395696577191	up	52685
Mgl2	18.7102179023863	1.75039748262413	0.420024173269491	4.16737319902077	3.08129810602031e-05	0.000135581020336481	4.51126628300837	up	216864
F630028O10Rik	423.190447748648	-1.74999705637556	0.0896624956176337	-19.5176037017577	7.78025809731078e-85	2.62776010518411e-83	84.1090059957637	down	NA
Ano8	25.282938666746	1.74971043881662	0.411657460436277	4.25040381136846	2.13385459461473e-05	9.5807342546362e-05	4.67083517765192	up	382014
Smkr-ps	14.9151297794725	-1.748578149561	0.512702008039764	-3.41051550830944	0.000648401965321308	0.00230463048871409	3.18815567746494	down	76419
Serpina1a	1172.12766187647	-1.74842451486091	0.0542596003278185	-32.2233209293381	8.32075323644137e-228	7.13564513144863e-226	227.079837357408	down	20700
Serpina10	29.8741271380948	-1.74828423932769	0.336948375113338	-5.18858189697348	2.11901566153291e-07	1.19346398299147e-06	6.67386583342975	down	217847
Slc8a1	2182.69186163947	-1.74814534868353	0.0561596039867112	-31.1281637437683	1.00181860598951e-212	7.93798400388417e-211	211.999210906762	down	20541
Gng7	69.1938863557254	-1.7480344730911	0.257154155035745	-6.7976131781659	1.06366583262213e-11	8.23086976829282e-11	10.9731947910662	down	14708
Spib	31.4690801477589	1.74794173960145	0.397985057909679	4.39197830386421	1.1232391031938e-05	5.24002231283985e-05	4.94952778590721	up	272382
Eya2	26.9638449452143	1.74727149226488	0.377530625985078	4.62815827909531	3.68932008934035e-06	1.81239371385581e-05	5.43305366328672	up	14049
Gxylt2	21.3774228310148	-1.74668426805156	0.388557453051955	-4.49530501688254	6.94702917706412e-06	3.31127952929641e-05	5.15820087711365	down	232313
Optn	559.98856745799	-1.74559213814727	0.0903749238288338	-19.3150053598203	4.01689947544094e-83	1.32659537509847e-81	82.3961090365301	down	71648
Cd2	115.325055949359	1.74507862392019	0.232946998474988	7.49131190933791	6.81885520049852e-14	5.90844588454007e-13	13.1662885317716	up	12481
Mir503	18.0455724968491	-1.74478963793874	0.44436541082566	-3.92647491328546	8.61998781729106e-05	0.000355144179763797	4.06449334796728	down	723879
Nrxn1	24.8243955088938	-1.74457787164148	0.434364571088575	-4.01639081030328	5.90962253791177e-05	0.00025005202856354	4.2284402576868	down	18189
Ncf1	234.018844861808	-1.74401029308304	0.128440922386276	-13.5783071367089	5.38568514737334e-42	1.10031659594229e-40	41.2687590394791	down	17969
Slc7a2	77.4108796135797	-1.74315086363253	0.223535958011027	-7.79807812193929	6.28570947734081e-15	5.7400481944919e-14	14.2016456957498	down	11988
Pde1a	206.936250715858	-1.74172707274725	0.130389118807346	-13.3579173529097	1.06502387057473e-40	2.13404158066411e-39	39.9726406581945	down	18573
1300017J02Rik	237.356528922226	-1.73938183540224	0.118030238065786	-14.7367476665833	3.7438529597057e-49	8.48023389427251e-48	48.4266812165692	down	NA
4931428F04Rik	14.2694937077046	1.7388874742836	0.498322373011042	3.48948305045311	0.000483955748038828	0.00175975463852402	3.31519434757288	up	NA
Gpsm3	46.7159366488432	-1.7386930326126	0.387124365903325	-4.49130353382818	7.07885814809747e-06	3.37257258683592e-05	5.15003679032912	down	106512
Fxyd7	9.09723737869617	-1.73862328312524	0.593929784312248	-2.92732125757679	0.00341895520721379	0.0104867405651382	2.46610658899203	down	57780
H4f16	25.6018289881147	-1.73848818582648	0.389414932929661	-4.46435932168143	8.03086931616974e-06	3.80785632945759e-05	5.09523744117448	down	NA
Daam2	27.6487895760333	-1.73815125452017	0.559957390805177	-3.10407770852142	0.00190873191156418	0.00618312829241192	2.71925506558455	down	76441
Csmd2	7.10706692591776	-1.73793941361493	0.735959367363767	-2.36146109511493	0.0182030817850864	0.0456753788464076	1.73985507965475	down	329942
Nr2f6	6.71748749533627	1.73690765592114	0.719684727970612	2.41342853115548	0.0158032268417582	0.040308867093684	1.80125422592629	up	13864
Gm44135	9.62801181454228	1.73442685638849	0.648539117718121	2.67435966313189	0.00748721054733909	0.0210561377322536	2.12567995393462	up	NA
Apoc1	1956.19688557175	-1.73413862258431	0.0477062924654115	-36.3503121488976	2.59800980497063e-289	2.79071785184449e-287	288.585359214219	down	11812
Msra	944.298565642542	-1.73322306064916	0.0735650036263594	-23.5604292151237	9.81489032708557e-123	4.68037756352714e-121	122.008114548902	down	110265
Rnase10	11.8392308521771	1.73314825380748	0.514312853042886	3.3698326680997	0.000752138421925338	0.00264626246403885	3.12370222543733	up	75019
Ccnl1	1781.84430785803	-1.73290657665868	0.0795662392874054	-21.7794204197481	3.6364350284491e-105	1.49762192802077e-103	104.439324167487	down	56706
Mug2	100.843281353252	-1.73264748073638	0.242696888107065	-7.13914172633326	9.39154637935419e-13	7.68094328882896e-12	12.0272628924275	down	17837
Neil2	14.5796998679049	1.73250836959812	0.484908001749094	3.57285993085049	0.000353103655052271	0.00131211252989199	3.45209778693756	up	382913
Elovl2	39.3277284872957	-1.73235998751766	0.294790266549701	-5.87658475903439	4.18817010710014e-09	2.69374311302037e-08	8.37797568729057	down	54326
4933417C20Rik	9.70725647098401	-1.73168838284446	0.694693033195312	-2.49273895101464	0.0126762004786341	0.0332435562807814	1.89701090090521	down	71128
2310010J17Rik	133.940036445112	-1.73152877434679	0.164781008766581	-10.5080602874544	7.93079276627673e-26	1.1099381494724e-24	25.1006833982043	down	78329
Serpina1b	1588.58623701417	-1.73100390435903	0.0537649557689691	-32.1957654312456	2.02297977901922e-227	1.72068880061149e-225	226.694008458259	down	20701
Cfap74	13.3328731676816	1.72941172475544	0.492327070056757	3.51272930118604	0.000443529106133801	0.00162295049038144	3.35307787477583	up	544678
Gm37359	6.61729817505813	-1.72934262762077	0.680654663107012	-2.54070488509807	0.0110629254316433	0.0295488724775717	1.95613001490994	down	105244462
Gm29585	23.2777754493831	-1.7290454680058	0.381107013991668	-4.53690277147091	5.70864087057276e-06	2.74803342808653e-05	5.24346727751081	down	NA
Gm2447	7.16109265639137	1.7268873768939	0.66839614942601	2.58362855378038	0.00977670244907701	0.0265558788238159	2.00980760223264	up	329639
9130016M20Rik	15.5501039842223	-1.72626629306545	0.734964515720999	-2.34877501721561	0.0188352838388495	0.0469732503491845	1.72502783079826	down	NA
Lcp1	4467.20592856319	-1.7260161494214	0.0380567294031426	-45.3537699242981	0	0	Inf	down	18826
H3c6	226.191559927916	-1.72478327580276	0.136974512226523	-12.5920015904154	2.33671899912999e-36	4.29029843373304e-35	35.6313935103141	down	319151
Gm28694	29.4869686127618	-1.72456472276896	0.367633861370858	-4.69098443853427	2.7189365253323e-06	1.36201726565865e-05	5.56560093107366	down	NA
Raf1	1185.53813659918	-1.72409097736337	0.0581277921682089	-29.6603554522462	2.49389066243054e-193	1.78591709671444e-191	192.603122590851	down	110157
Rgs6	9.96529242045808	-1.7239322427151	0.578585655818436	-2.97956270671197	0.00288660140953602	0.00900372500723261	2.53961318064646	down	50779
Rab44	69.2120450135109	-1.7235547415284	0.285412190919357	-6.03882663868198	1.55238917574715e-09	1.03256425258203e-08	8.8089993941011	down	442827
Gm49171	11.577184033242	-1.72236208672027	0.630161976891297	-2.73320535018154	0.00627212142115112	0.0179539475680451	2.20258554279404	down	NA
Gm10800	386.887741939559	-1.72223624556853	0.109812169931422	-15.6834733950169	1.96224139582022e-55	4.79943056895512e-54	54.7072475665667	down	NA
Mertk	1116.76443826026	1.72140420872582	0.0587188361554106	29.3160478210058	6.47640798006941e-189	4.559522496509e-187	188.18866580076	up	17289
Apoa1	5613.43595998918	-1.72102309970837	0.0337387705832346	-51.010249335036	0	0	Inf	down	11806
Ncoa4	186.158635846774	-1.72076125621812	0.136403517951069	-12.615226367075	1.74056797551759e-36	3.20988460547e-35	35.7593090112675	down	27057
Mapk6	540.936956614618	-1.72055919656497	0.0941571833316731	-18.2732653599484	1.35118270633323e-74	4.12259098349609e-73	73.8692859218978	down	50772
Irak2	1622.67594937483	-1.72030174392542	0.0490497411670331	-35.0725957567673	1.76452356848203e-269	1.74269699732687e-267	268.753372536458	down	108960
Slco1a1	22.6003525560003	-1.72001924904429	0.413194446410199	-4.16273564174854	3.14457355341646e-05	0.000138219296097122	4.50243824241443	down	28248
Ces3b	69.3283559188123	-1.71936105086926	0.250807687343754	-6.85529645872746	7.11647814623852e-12	5.55223841592903e-11	11.1477348799674	down	13909
Gipc3	36.0007281185473	1.71935489723088	0.345054774978429	4.9828462664757	6.26557296337593e-07	3.35821536975458e-06	6.20303920823653	up	209047
Esam	713.432295452123	1.7185547399327	0.0739926708520317	23.2260130651239	2.4864975781631e-119	1.15919738325147e-117	118.604411959432	up	69524
Cpe	8.8238696398446	-1.71854920546097	0.607744989001078	-2.82774722385729	0.00468768045218341	0.0138562514812837	2.32904200078336	down	12876
Clec2g	320.379280138063	-1.71821776674638	0.125404518608801	-13.701402356213	9.95822149870021e-43	2.05872398622434e-41	42.0018182180291	down	70809
Sparcl1	26.8831409194457	-1.71803482596151	0.385534650470426	-4.45623972803788	8.34097566218261e-06	3.94770819496306e-05	5.07878314601464	down	13602
Batf	318.968077041971	-1.71748040214413	0.105045201899853	-16.3499176647928	4.35568139521128e-60	1.13177112961107e-58	59.3609438950692	down	53314
Cap2	7.89850753317919	-1.71721611595567	0.626538351070177	-2.74079968612061	0.00612898605038866	0.0175901308778473	2.21261136710378	down	67252
Sirpa	1544.58126695604	-1.7167446619747	0.0565128745629749	-30.3779391023837	1.07466394641935e-202	8.11410216646119e-201	201.968727320895	down	19261
Mmp28	75.8874526541567	1.71467088714022	0.252365345135398	6.7943991526264	1.08764866921069e-11	8.40397130800209e-11	10.9635113671964	up	118453
Gm28053	36.3745421281866	1.71418156827029	0.325091596216307	5.27291873497009	1.34271028239487e-07	7.71309912045404e-07	6.87201768526924	up	NA
Celf4	212.255859527844	1.71399841101235	0.126313768973831	13.5693711377376	6.08417850019827e-42	1.24180407214135e-40	41.2157980529172	up	108013
Ctsc	1257.188002412	-1.71333997096078	0.0536267189025576	-31.9493716196586	5.51221339367399e-224	4.59476059643089e-222	223.258673977983	down	13032
H2ac13	15.1239058257016	-1.71276224994939	0.500935738075839	-3.41912568771463	0.000628227006880464	0.00223864955478488	3.20188339763021	down	319191
Nol4	5.94484012887787	-1.71232730910865	0.717106866475389	-2.38782723909034	0.0169483067398044	0.0429144306380053	1.77087368449882	down	319211
Gm15729	28.6490897423123	-1.71174219370182	0.333508650417675	-5.13252712203443	2.85877516713432e-07	1.59076143412315e-06	6.543819999071	down	NA
Ankrd37	25.0049752868652	-1.71129398480309	0.400321877568124	-4.27479506041205	1.91313190206553e-05	8.64810319026976e-05	4.71825508623804	down	654824
Gm13292	22.6129207557168	-1.71080896078766	0.50421789694369	-3.39299531245857	0.000691328212557036	0.00244760255206865	3.16031571954194	down	100040898
Flt4	1011.81217775586	1.70967895540321	0.0664112230803453	25.7438257587096	3.77972716324269e-146	2.11168188618805e-144	145.422539548251	up	14257
Gm15270	35.0823838826084	1.70953785684352	0.334414269465724	5.11203621656083	3.18704705261987e-07	1.76447591736305e-06	6.49661152468368	up	102638890
Rel	2113.21959478771	-1.70909224142432	0.0449931821706775	-37.9855826809724	9.98369932637016e-316	1.1754254816955e-313	315.000708506875	down	19696
Zdhhc15	41.6943267412328	1.7089815006981	0.326235006703398	5.2384982162624	1.61888540751959e-07	9.2225131239204e-07	6.79078389160687	up	108672
Gsr	2522.35312191897	-1.70805281423046	0.04399336938115	-38.8252329443608	0	0	Inf	down	14782
Gm19696	41.382007755016	-1.7073346338852	0.320763719808898	-5.32271740364647	1.02228494531481e-07	5.94734672680495e-07	6.99042803479858	down	100503447
Kdr	2969.08406981566	1.70677614063813	0.064328352499721	26.5322532649276	4.1160327821975e-155	2.43676156671062e-153	154.385521174952	up	16542
Alox12	45.2667043202706	1.70636507926083	0.293102668488997	5.82173164119413	5.82410127011712e-09	3.70590675932735e-08	8.23477108206887	up	11684
Vwc2	21.7454831644511	1.7062636398999	0.393601872124784	4.33499879126328	1.45760923307828e-05	6.71421724317378e-05	4.83635888936789	up	319922
Ighj4	10.9367869895635	-1.70579172503878	0.564582862634935	-3.02133103558576	0.00251666053755935	0.00797395300930504	2.59917536077553	down	777656
Gm36199	29.6202082243823	-1.70481184796581	0.340543505292235	-5.00614993817848	5.55295082028778e-07	2.99709769862671e-06	6.25547617283974	down	102640029
Grid2	15.5319690366644	-1.70451813685755	0.556593161213131	-3.062413007631	0.00219560283535103	0.00702721048777148	2.65844621705215	down	14804
Syk	2091.39108139853	-1.70434865074095	0.042689059210446	-39.924718001841	0	0	Inf	down	20963
Pou2af1	322.26240408692	-1.70414221215051	0.12149775520121	-14.0261209709456	1.07893731943312e-44	2.28728126141066e-43	43.9670037848027	down	18985
1810055G02Rik	19.7878857339442	-1.70368936832549	0.542428090131859	-3.14085756125081	0.00168453938553872	0.00552733683754391	2.77351883049932	down	72056
Paqr4	23.3215278223296	1.70342555187385	0.387204375301157	4.39929313956997	1.08604043965308e-05	5.07443872689023e-05	4.96415400311624	up	76498
Olfr1372-ps1	35.8206950438868	1.70122485237933	0.333330563640815	5.10371696431807	3.33046275116149e-07	1.83996588736623e-06	6.47749541925243	up	NA
1700064H15Rik	11.0677793364163	-1.70038463057051	0.69796875750518	-2.43619017654654	0.0148428786114365	0.0381394263111868	1.82848186429778	down	102633032
Acsbg1	14.5342770295653	1.6990157025895	0.52632714223128	3.22806020488853	0.00124632740472703	0.00419922664302449	2.90436785543904	up	94180
Emp3	1189.4176896451	-1.69852360066548	0.0546186710060351	-31.0978566372989	2.57470344919495e-212	2.03235777188537e-210	211.589272785184	down	13732
Gm12279	11.9652361804599	-1.69693239440748	0.531946575309998	-3.1900428974819	0.00142251676831779	0.0047339231770959	2.84694260553397	down	100503292
1700027J07Rik	16.5595137659122	-1.69491707735046	0.459517503097374	-3.68847120278528	0.000225605554259942	0.000867896279347041	3.64665021251338	down	69443
Jarid2	4833.73614852863	-1.69426667355467	0.0484912739754291	-34.9396197429906	1.86167325584664e-267	1.80443762691107e-265	266.73009654013	down	16468
Piwil2	28.1565099177468	-1.69371367210094	0.359279383307851	-4.71419666919677	2.42666199404488e-06	1.22236425656034e-05	5.6149907116549	down	57746
Pde4b	2530.46224320281	-1.69204405177043	0.0430878926152073	-39.2695940569913	0	0	Inf	down	18578
Ifit2	120.809488223055	1.69119858599539	0.219239388298604	7.71393589044308	1.21995772208812e-14	1.09769857385986e-13	13.9136552196384	up	15958
Ccndbp1	412.749239368102	-1.69065818481783	0.105613352700525	-16.0079965419885	1.1237023821785e-57	2.85919828354307e-56	56.9493486984581	down	17151
Ptch2	47.0746500284381	1.69026183805932	0.303161891048366	5.57544298267245	2.46900767268426e-08	1.50048559029068e-07	7.60747756045314	up	19207
Stac2	28.7771081682788	-1.69002296185835	0.393643734351929	-4.29328048277131	1.76052371111976e-05	8.00164746260079e-05	4.754358121381	down	217154
Tmem273	29.2103819970612	1.6889316325696	0.363763159375236	4.64294304973143	3.43481051371683e-06	1.69535803636535e-05	5.46409721642599	up	69069
Apcs	91.5690549272608	-1.68827122489673	0.20303540251092	-8.31515688406077	9.16309745557553e-17	9.1189010447344e-16	16.0379576944026	down	20219
Cacfd1	193.09877437752	-1.68790971388036	0.13473887404645	-12.5272659863439	5.2956947980895e-36	9.66348370379922e-35	35.2760770521418	down	381356
Plch1	15.0031061866204	1.68769716907758	0.496818777011378	3.39700761559366	0.000681270709378388	0.00241404528358038	3.16668028275999	up	269437
Gpr143	15.0283880101369	1.68708440581872	0.493828340011877	3.41633776177799	0.000634694704831986	0.00226053716526983	3.19743512492827	up	18241
Arl5c	193.100518120723	-1.68708411154141	0.141062374800895	-11.9598448127835	5.76695948960631e-33	9.82646515158675e-32	32.2390530993091	down	217151
Pbld2	10.4537762547616	-1.68676154135958	0.575589107306852	-2.93049593876409	0.0033842141728605	0.0103971161946395	2.47054216006913	down	67307
4921513I03Rik	16.5737899986762	1.68609513889371	0.458662423425207	3.67611352659383	0.000236814169871562	0.000908165345225151	3.6255923149858	up	70874
Cd5l	40.1525840539697	-1.68458335549659	0.300827210098556	-5.59983704580677	2.14553393917715e-08	1.3119360844634e-07	7.66846461117989	down	11801
H2-Q4	505.372609425711	1.68430652723245	0.109458644414695	15.387606307742	1.9823094758328e-53	4.75914137867279e-52	52.702828543012	up	15015
Gm30122	7.35334053009576	1.68428846662282	0.683731883221118	2.46337564176179	0.0137635632002387	0.0357362189795384	1.86126911858061	up	102631905
Ptger4	279.833472573938	-1.68407389436689	0.135916132707484	-12.3905371703838	2.940669850468e-35	5.28737006159644e-34	34.5315537310755	down	19219
Spint1	250.678541811839	1.6823335344404	0.123044893387524	13.6725181202113	1.48177276327642e-42	3.0542692991016e-41	41.8292183923229	up	20732
1500009L16Rik	12.6120434991717	1.68177676282084	0.52555376658047	3.20000896152522	0.0013742331463113	0.00459157359884259	2.86193958054661	up	69784
H2-Ab1	7733.2776479506	1.68144460073212	0.0281415547316877	59.7495275852261	0	0	Inf	up	14961
Srgap3	342.135070696292	1.68124573527867	0.112907696360419	14.8904440483125	3.80235770100025e-50	8.74584239858105e-49	49.4199470299579	up	259302
Pde3a	44.4921696222639	-1.68076602237886	0.288449614959962	-5.82689639787577	5.64676421835457e-09	3.59416370025323e-08	8.24820034592796	down	54611
Relt	108.171935119464	-1.68051416570173	0.212079162920788	-7.92399471290541	2.29999407571046e-15	2.13875843568631e-14	14.63827328263	down	320100
Fbxl22	28.2034258664455	-1.68010644941118	0.517133911557455	-3.24888082537693	0.00115860007187952	0.00393097800356516	2.93606644889334	down	74165
Gm49300	12.7287905781475	-1.6791487125211	0.579599150327402	-2.89708622169751	0.00376646224376556	0.0114399222704898	2.42406638171778	down	NA
Cdkl4	793.444656048148	-1.67598810028943	0.0799771308252068	-20.955841788728	1.65968588527085e-97	6.41673361097573e-96	96.7799740994311	down	381113
Zfp36	4073.4366684677	-1.67429364192449	0.036097430608768	-46.382626510758	0	0	Inf	down	22695
Ypel5	583.722011547287	-1.67412026689622	0.0841117634029795	-19.9035212099348	3.79321267793526e-88	1.32406631483238e-86	87.4209928065816	down	383295
Arg1	144.964816215228	-1.67282693056297	0.244782941953968	-6.8339195419816	8.26253776250864e-12	6.42953788024337e-11	11.0828865426335	down	11846
4932438H23Rik	34.4662997184759	1.67230783687623	0.339120250897849	4.93131221874441	8.16790624451008e-07	4.32886567216036e-06	6.08788925595122	up	NA
Ryr2	9.02516703707351	-1.67175791715774	0.625812874752683	-2.67133832588281	0.00755494567519641	0.0211979955467104	2.12176865416377	down	20191
Gm19705	47.0398624243172	-1.67087231569564	0.310421029350915	-5.38260026773766	7.34174561004921e-08	4.31578665071412e-07	7.13420066778435	down	100503460
Brsk1	13.30127776095	1.67033595004569	0.499685587642391	3.34277391894899	0.000829454470102569	0.00289796159076047	3.08120744800719	up	381979
Cacna1i	35.254852858732	1.66924177940886	0.350008237675991	4.76914997913309	1.85004889498909e-06	9.45394039300578e-06	5.73281679346545	up	239556
Ctsk	38.4953010870109	-1.66887312318176	0.282621744624832	-5.90497070703856	3.52709415847431e-09	2.28122641739436e-08	8.45258294635463	down	13038
Matn2	30.2521343014935	-1.66865480895671	0.509871159116146	-3.27269895369116	0.00106525871873225	0.00364634139941876	2.97254490257993	down	17181
Cysltr2	100.699462561925	1.66790632547942	0.238706069096245	6.98728076665254	2.80265027198626e-12	2.23258520710709e-11	11.5524310921871	up	70086
Rpl21-ps7	12.1745736134291	-1.66726663010883	0.528106394133989	-3.15706578944738	0.00159365386228046	0.00525144731753043	2.79760600039636	down	545226
Gm14004	171.456058154822	1.66649927094696	0.207309455059045	8.03870363979451	9.07938731539316e-16	8.59633585940382e-15	15.041943457043	up	100043375
Dtx4	251.016444793819	-1.66601703176938	0.138311703468237	-12.0453800364911	2.05128844575522e-33	3.54451077289329e-32	32.687973266208	down	207521
Cers6	2299.37989862111	-1.66594261836493	0.0603175033952336	-27.6195552632336	6.48023731562267e-168	4.1297145388459e-166	167.188409089349	down	241447
Dzip1l	38.3493503183493	1.66491479264182	0.327145613088526	5.08921631845722	3.59546284112198e-07	1.97850145619596e-06	6.44424519529311	up	72507
Pemt	40.555179809795	-1.66398103044502	0.29905419550597	-5.56414541394322	2.63440206683564e-08	1.59913500351843e-07	7.57931794156772	down	18618
1700112H15Rik	14.5201283497825	-1.66372537257669	0.510268849535705	-3.26048782732968	0.00111220741102734	0.00378713892784295	2.9538142153933	down	73590
Mpp7	1008.08030054078	-1.66363571158906	0.0624787440310279	-26.6272271856629	3.2855353455518e-156	1.9618129245259e-154	155.48339385634	down	75739
Orc1	10.6155509681608	-1.66318855347408	0.556845154321546	-2.98680618941631	0.00281908378977666	0.00881555928798856	2.54989201568681	down	18392
Robo2	7.14147053379223	-1.66140336457718	0.678058906481367	-2.45023455734644	0.0142763181496199	0.0368837334391185	1.84538378229912	down	268902
Gm3720	25.5315084735033	-1.66128591744933	0.476965159878924	-3.4830341022624	0.000495765207627414	0.00179799010820531	3.30472395490911	down	100042204
Gm4107	91.4921513399817	-1.66089393093735	0.21575764481899	-7.69796097992615	1.38254572412643e-14	1.24024409578436e-13	13.8593204966183	down	100042916
Fosl2	508.457889001369	-1.65984183806998	0.0853487405968513	-19.4477601715334	3.04441865743828e-84	1.0183409374375e-82	83.5164956251889	down	14284
Gm35330	23.7672037130139	-1.65904885529423	0.395941981643122	-4.1901312116723	2.7879319163337e-05	0.000123480793208242	4.5547178362848	down	102638869
Actg2	7.33939420026099	-1.65864091575475	0.697264595257815	-2.3787826415329	0.0173699148711239	0.0438487772258451	1.76020230999802	down	11468
Serpina1c	1198.13046180119	-1.65781637140162	0.0656391509848151	-25.2565175894055	9.60439278356618e-141	5.18512801079626e-139	140.01753008724	down	20702
Ccr6	25.9597270882683	1.65668106716467	0.385020435758575	4.30283931267349	1.68623147024414e-05	7.68745955117426e-05	4.77308280969361	up	12458
Pnck	6.87186396459562	1.6561613673002	0.660883578666295	2.50598050967228	0.0122112350788259	0.0322113832667916	1.91324040806232	up	93843
2010309G21Rik	186.128884906712	-1.65608688417245	0.130771149256803	-12.6640080291739	9.35959929987035e-37	1.73373057608887e-35	36.0287427437384	down	NA
Lmo4	733.596742238108	-1.65589324326919	0.0721093544500952	-22.9636398203396	1.07670236571119e-116	4.93129683495726e-115	115.967904332722	down	16911
Chst9	232.618587347819	1.65580444699964	0.195270604684492	8.47953766351571	2.26090553691533e-17	2.30842775520718e-16	16.6457175825699	up	71367
Enho	67.7745320996125	1.65299995629378	0.234388062018334	7.05240677387605	1.75849229208628e-12	1.41378166955193e-11	11.7548595309647	up	69638
Ffar4	35.9972251011564	1.65208022263458	0.367403989660551	4.49663114480861	6.90386031354553e-06	3.29145607581732e-05	5.16090800432502	up	107221
Ahsg	2001.89877266736	-1.65142534413332	0.0512631086872422	-32.2146936934457	1.0989947763857e-227	9.38604596110723e-226	226.95900437181	down	11625
Dmxl2	778.479144304427	-1.6513093908797	0.0669626736883291	-24.6601472122446	2.86438789401304e-134	1.48485023192382e-132	133.542968170435	down	235380
Pik3ap1	3129.42972741483	-1.65102982517481	0.0397901764256054	-41.4934029825602	0	0	Inf	down	83490
Atp6v1e1	1601.58174384411	-1.65035971976428	0.0554356947840787	-29.7707050699447	9.35781304462461e-195	6.81844286842421e-193	194.028825635624	down	11973
Gabrb1	10.5060530800749	-1.6498395973518	0.706889674288476	-2.33394213745229	0.0195987519378917	0.0485634234998483	1.70777158393662	down	14400
Bbs10	8.73928606516791	1.64950406456367	0.620253526481897	2.65940296046316	0.00782792763223852	0.0218845999453174	2.10635319796866	up	71769
H2-Eb1	6241.28602448495	1.64945491240364	0.039649961653598	41.6004163336677	0	0	Inf	up	14969
Iqgap1	4849.46474001842	-1.64932276117804	0.0402979474523978	-40.9282076494421	0	0	Inf	down	29875
Rdh7	102.418779552397	-1.64924228571563	0.212913387932669	-7.74607130969695	9.47792969195841e-15	8.58368434814087e-14	14.0232865172559	down	54150
Bdkrb2	68.6571152537938	1.64901633059017	0.229192933009676	7.19488297015055	6.25143616201801e-13	5.15527020895502e-12	12.2040201993616	up	12062
Ak8	9.88995089351402	-1.64820353393629	0.5782231183277	-2.85046287789932	0.0043655646013059	0.0130115881684476	2.35995958073853	down	68870
Irgm2	181.307852296723	1.64703415957757	0.154774501973645	10.6415083788028	1.91011762636248e-26	2.70966243810536e-25	25.7189398877747	up	54396
Slc38a3	39.1660956273363	-1.64586368817103	0.335432317112273	-4.90669385210175	9.26244391234111e-07	4.87547533946139e-06	6.03327440882471	down	76257
Kcnb1	764.354533126671	1.64549634845981	0.0890723345049397	18.4737085606369	3.36175835903546e-76	1.04560720065582e-74	75.4734335065744	up	16500
Tox	447.889457601637	1.64455878180594	0.139262778940572	11.8090332127275	3.50569052217703e-32	5.85377281984352e-31	31.455226425505	up	252838
Mapk8ip1	20.6714193159252	1.64455253271704	0.402734223331262	4.08346854437632	4.4368437464699e-05	0.000191150272550519	4.35292586568074	up	19099
2900052L18Rik	48.7218115987046	1.64291230952319	0.303498665788569	5.41324392729857	6.18930838145285e-08	3.65483132221865e-07	7.20835787810428	up	102640779
Vasp	1121.09587753931	-1.64230892701845	0.0611397290332041	-26.8615669874253	6.17970321648622e-159	3.75448499499581e-157	158.209032381632	down	22323
Glyat	15.088141580117	-1.64115647722566	0.494392637175032	-3.31954069260266	0.000901656626915507	0.00313212576234243	3.0449588210251	down	107146
Reep6	33.3126813652954	-1.64052197814609	0.345875045192641	-4.74310593073396	2.10466141778916e-06	1.07025474097873e-05	5.676817760262	down	70335
Mycl	72.6468061122147	1.63996255536236	0.356749487994959	4.59695839951852	4.28703172513738e-06	2.09074313410105e-05	5.36784330258661	up	16918
Alas1	307.349236441514	-1.63964952532502	0.130275028614627	-12.5860615250782	2.51933139763367e-36	4.62150941859931e-35	35.5987147008238	down	11655
Xbp1	978.071757921226	-1.63883311714697	0.0602033698921828	-27.2216176616346	3.60379821076966e-163	2.25524176919606e-161	162.443239534675	down	22433
Rhd	12.2316926255841	-1.63879182094867	0.524503975763893	-3.12446024562905	0.00178131590510296	0.00581193708258032	2.74925905432851	down	19746
Rnf19b	877.950912768678	-1.63869346480872	0.0644967676168261	-25.4073735065943	2.09048275731646e-142	1.14040759632769e-140	141.679753410239	down	75234
Dzip1	9.74154695088284	1.63867059506196	0.578424026646203	2.83299192214272	0.00461145513013547	0.0136619439091403	2.3361620127292	up	66573
H2-DMb1	550.082169951582	1.63866612049128	0.117259798088835	13.9746626482321	2.22565707780539e-44	4.70390140409601e-43	43.6525417495653	up	14999
Grik2	12.5170386232233	-1.63837654239851	0.632907060279114	-2.58865265569321	0.00963522292377027	0.026212586228257	2.01613823290855	down	14806
H2-Q10	614.091917112719	-1.63752775468518	0.0919207662686531	-17.8145572666273	5.44872934401633e-71	1.60602646110264e-69	70.2637047643696	down	15007
Ppib	88.063923469536	-1.63719737988973	0.204278138034596	-8.01455014051704	1.10540858818334e-15	1.04375213272101e-14	14.9564771656036	down	19035
Eldr	48.6520492514953	-1.63659706226038	0.357441637375385	-4.57864135325016	4.68005848985717e-06	2.27337386643668e-05	5.32974871922	down	72735
1810046K07Rik	19.2759712903086	-1.63651035213911	0.447281636231063	-3.65879173115369	0.000253407166854935	0.000966462655580159	3.59618110657359	down	NA
Gm9796	8.25130067255858	1.63516313896523	0.637471977126329	2.56507454074517	0.0103153641854352	0.0278051835804274	1.98651543459021	up	544809
Fam189a2	149.726688643779	1.6351562398167	0.211981030219521	7.71369135305827	1.22229866246903e-14	1.09933024718136e-13	13.9128226634762	up	NA
AI182371	83.7189719617572	-1.63508145291341	0.237093168367025	-6.89636679190298	5.33493430031608e-12	4.19685526176998e-11	11.2728709245405	down	98870
Igsf3	151.937861928402	1.63460494879065	0.146104178001145	11.1879411742616	4.67154777530955e-29	7.16865862221471e-28	28.3305392053206	up	78908
Resf1	2386.95939752439	-1.63441599275585	0.043173798393281	-37.8566643098562	1.33019137406152e-313	1.5485954214561e-311	312.876085872777	down	67246
Plpp1	2570.54057071554	1.63343600274596	0.0748382582413595	21.8262161778003	1.30811480807074e-105	5.40869136614803e-104	104.883354138027	up	19012
Hnf4g	320.528410787827	1.63305046740909	0.122174798721568	13.3665083511269	9.48917461353474e-41	1.90322338567325e-39	40.0227715616904	up	30942
CT010467.1	3381150.37732335	-1.63289980221293	0.0295969075780489	-55.1712978089644	0	0	Inf	down	NA
Icos	44.7072290715241	1.6328405676667	0.286327186629935	5.70270880276929	1.17918329617511e-08	7.34179883746435e-08	7.9284186814782	up	54167
Grip2	8.60085915421018	-1.63155729242396	0.639321577667702	-2.55201349276528	0.010710237096391	0.0287135765922671	1.97020091492776	down	243547
Sirpb1a	259.655304091793	-1.63154055654566	0.12473062193129	-13.0805132796053	4.2555684515951e-39	8.24946892677119e-38	38.3710424193863	down	320832
Lyz2	6560.4680713176	-1.63092704694885	0.0436909262127258	-37.328735925809	5.61206813289818e-305	6.32161555791703e-303	304.250877065092	down	17105
Gm15494	11.4774146044261	-1.63075612467046	0.604718594654434	-2.69671900134368	0.0070026334135409	0.0198379387853152	2.15473860828623	down	NA
Il27ra	85.2468236731658	1.6302125210118	0.195455579505476	8.34057807475445	7.39282323676674e-17	7.381842042692e-16	16.1311896777081	up	50931
Col4a5	240.409022699982	1.63020243864396	0.150527693319112	10.8299170916544	2.4838010891501e-27	3.61704618426268e-26	26.6048831868141	up	12830
Ccr9	63.7974016369914	1.62916452794797	0.233534764051618	6.97611139208328	3.03462153000236e-12	2.41460397341425e-11	11.5178954652743	up	12769
Tnfrsf17	45.7654638525267	-1.62898747675604	0.279493025957931	-5.82836538111415	5.59729220896551e-09	3.56376328575106e-08	8.25202201997755	down	21935
Scrg1	132.042656567363	-1.62847775390638	0.174827330533351	-9.31477789507133	1.22207956675121e-20	1.42911987045614e-19	19.9129005172718	down	20284
Hmgb2	2037.72045279876	-1.6272045565488	0.0510324101032327	-31.8857085772972	4.2136934852594e-223	3.49837285017213e-221	222.37533705926	down	97165
Tmem258	538.908868068091	-1.62679297432302	0.0974200543724576	-16.6987483717001	1.33843024714313e-62	3.60355916281858e-61	61.8734042573274	down	69038
Adgrg5	34.2264466648343	1.62666679570014	0.33485364801681	4.85784403226353	1.18670827273555e-06	6.17627714673728e-06	5.92565603008721	up	382045
Gm47957	18.8250772090229	-1.62640804086415	0.573698818153952	-2.83495100460135	0.00458327142007923	0.0135939073616611	2.33882442319329	down	NA
Mak	27.9048281572989	-1.62584689708463	0.328836178744794	-4.94424580437188	7.64392078178422e-07	4.06771361520943e-06	6.11668382242972	down	17152
Kit	1036.04369042113	1.62476827393342	0.0894904574183627	18.1557712498633	1.15593101995224e-73	3.4961460848744e-72	72.9370680816144	up	16590
Galntl6	22.3545381690524	-1.62421962558494	0.403640403482159	-4.02392726687663	5.72356001410129e-05	0.000242770745234799	4.24233375904788	down	270049
Mpp1	812.725052778183	-1.62321926450404	0.0700808371345372	-23.1620986688254	1.09797722266793e-118	5.09593482030668e-117	117.95940666915	down	17524
H2-DMa	1022.57724030581	1.62206507325595	0.0785428195194513	20.6519842702392	9.3691546456185e-95	3.53062954177295e-93	94.0282995926027	up	14998
G730013B05Rik	18.194286029309	-1.62155814397292	0.512086199095868	-3.16657263334946	0.00154246820330092	0.00510181290880916	2.81178377982197	down	619312
Nkain4	8.8653578289141	1.62097895659632	0.621229111665259	2.60930939352012	0.00907251730827069	0.0248766037088227	2.0422721945929	up	58237
Mmp12	33.257265650861	-1.62069867430683	0.351048607615285	-4.61673579996922	3.89823036887415e-06	1.91096736431353e-05	5.4091324994989	down	17381
Homer1	303.11643655518	-1.62061824956098	0.105962181725804	-15.2943080556289	8.34429525475569e-53	1.98955113059329e-51	52.0786103372226	down	26556
Itga4	2612.70251463921	-1.61978968989919	0.0389065720689021	-41.6328040165194	0	0	Inf	down	16401
Tat	38.7428295167862	-1.61954288617022	0.307053190008616	-5.27447015328117	1.33140183510579e-07	7.65170514113889e-07	6.87569084878455	down	234724
Ppp1r15a	599.28224809097	-1.61923003695026	0.0738790568406056	-21.917307911006	1.77657582942928e-106	7.40441274189535e-105	105.750416250826	down	17872
Dyrk3	18.2992555853896	-1.61912204237336	0.467011399896378	-3.46698612225016	0.000526329063123232	0.00190056685954341	3.27874264821271	down	226419
Rnf39	12.57839389573	1.61792558474811	0.515723723523675	3.13719441427602	0.00170572981009194	0.00558891051226428	2.76808976055373	up	386454
Veph1	158.919962288992	1.61729257344686	0.165571792941108	9.76792329610226	1.54588199177375e-22	1.93947229539875e-21	21.8108236619556	up	72789
Synpo2	19.1436461089446	-1.6170685461713	0.449165609214496	-3.60016108312308	0.000318020103316002	0.00119237512288632	3.49754542566573	down	118449
F420014N23Rik	9.91248848009687	1.6165359650155	0.5905205613836	2.73747617056369	0.00619126053277356	0.0177590747752881	2.20822092017298	up	100038591
Abca4	6.14513142077654	-1.61611057374156	0.684973009349431	-2.35937847430878	0.0183055754587195	0.0458773165344864	1.73741661397622	down	11304
Gm10827	12.3058598582804	-1.61605698186297	0.513980991106503	-3.14419601079781	0.0016654384514456	0.00546983008505514	2.77847141262244	down	118567828
Themis	149.594804790515	1.61596733716696	0.206959147590079	7.80814646747427	5.80351204476359e-15	5.30203364755934e-14	14.2363091098758	up	210757
Kpna2	95.3791418683567	-1.61578162101716	0.239099704412833	-6.75777339409557	1.40128461556863e-11	1.07674668524465e-10	10.8534736460011	down	16647
B4galt5	800.38971007584	-1.61562643867684	0.0808647023600422	-19.9793777943239	8.32550008157073e-89	2.92571831702955e-87	88.0795896705972	down	56336
Shank3	603.868662784986	1.61422533473109	0.0874442505666773	18.460051109938	4.32931767487008e-76	1.34253944980086e-74	75.3635805455379	up	58234
Cyth4	539.501365858063	-1.61331885335692	0.114176845206158	-14.130000267952	2.48143359750878e-45	5.30909596904368e-44	44.6052973419139	down	72318
Cmklr1	107.294509756589	-1.61169966370543	0.218531206495632	-7.37514650447714	1.64164425344908e-13	1.39179107394733e-12	12.7847209492281	down	14747
C130060C02Rik	11.5014526483678	-1.61117451048677	0.532579466443338	-3.02522836872867	0.00248445457818627	0.007883896597354	2.60476893879504	down	100502653
Phf11a	89.1076009746131	1.61112656354142	0.224361445962997	7.18094214728468	6.92326463396486e-13	5.70478100858813e-12	12.1596890676556	up	219131
1700113A16Rik	37.4136838906692	-1.61040061346231	0.318752129154947	-5.0522034714927	4.36742076714663e-07	2.38190738986047e-06	6.35977496515514	down	76642
Gch1	417.731570353946	-1.61025462381072	0.0922467070461361	-17.4559577829198	3.10131928402596e-68	8.91426104273338e-67	67.5084535203952	down	14528
Cntn4	10.5668401429445	-1.60897517816909	0.575805000574889	-2.79430567043127	0.00520112903499779	0.0151930840028017	2.28390237166405	down	269784
Megf9	227.394058311225	-1.6086521157303	0.137406762640193	-11.7072266664389	1.17045728411544e-31	1.91453370044597e-30	30.9316444312723	down	230316
Aqp1	2918.10116063349	1.60812662820356	0.057276273697649	28.0766628899876	1.88839437525029e-173	1.24532437929876e-171	172.723907301823	up	11826
Cd160	48.1386514858076	1.60812534586431	0.319430385536393	5.03435308185825	4.79465231264339e-07	2.60332880518957e-06	6.31924288050065	up	54215
Atp5mpl	855.03618515428	-1.60605762216635	0.0667621950019274	-24.0563933243954	7.15598655341901e-128	3.51706612704478e-126	127.145330484173	down	NA
Gm10801	24.3964968189371	-1.60494505852624	0.364743051973323	-4.40020735101932	1.08147488388602e-05	5.05650776425862e-05	4.96598356213924	down	NA
Gm4956	45.1343955231226	1.60491599959349	0.303055068102869	5.29579000160037	1.18502961531823e-07	6.8444656745057e-07	6.92627079597576	up	241041
Hyal2	365.041662248741	1.60450875639998	0.113036340465859	14.1946275842555	9.89104971649455e-46	2.13153655679452e-44	45.0047576151885	up	15587
M1ap	39.1786357915844	-1.60376643039452	0.342840923142087	-4.67787338715646	2.89865427829743e-06	1.44682770072911e-05	5.53780357974028	down	110958
Noxred1	24.9309092855973	-1.60268358908555	0.438547918244247	-3.65452330842656	0.000257660256029557	0.000980171974333686	3.58895256599781	down	71275
Ctsd	151.083500573016	-1.60186933331344	0.152297437834518	-10.5180320568096	7.13482162793086e-26	9.99882635537668e-25	25.1466168798687	down	13033
Podxl	328.520815759986	1.59975413569621	0.150931390342878	10.599214199657	3.00494416169034e-26	4.23967714187305e-25	25.5221635937095	up	27205
Efhd2	1525.80885093182	-1.59967776017682	0.0594035724514121	-26.928982452785	1.00562885899201e-159	6.16361758603954e-158	158.997562271996	down	27984
Acpp	131.092924084041	-1.59791721174242	0.177369282176599	-9.00898505160237	2.07972231611041e-19	2.29916887774138e-18	18.6819946480332	down	NA
Zfp2	16.4208272744968	1.59745032172285	0.468324306834422	3.4109916961616	0.000647270627207084	0.00230100180831942	3.18891410058491	up	22678
Mpped2	49.9806518901573	1.59708813650517	0.268522321267725	5.94769227736871	2.71949228117116e-09	1.77820833534126e-08	8.56551216952008	up	77015
Bola2	550.902992383417	-1.59702222952458	0.092507001685618	-17.263798419843	8.81189599613028e-67	2.47481267740376e-65	66.054930637324	down	66162
Blm	126.912137401552	-1.59640788494398	0.161611279420933	-9.87807219065431	5.18202089207284e-23	6.62097690802611e-22	22.2855008404251	down	12144
Usp18	33.639645870492	1.5959551039461	0.351492098568333	4.54051488055238	5.61170178555521e-06	2.70574394977291e-05	5.25090541610572	up	24110
Gm26885	164.885937038956	-1.59529618731514	0.140255576467661	-11.3742086232341	5.62103886889663e-30	8.81390737313294e-29	29.2501834115957	down	102640282
Gm4853	27.7594579214356	-1.59479921882788	0.414224274988345	-3.85008633034061	0.000118076198676358	0.000476489137144969	3.92783763689346	down	227112
Tnfrsf21	167.481717804158	-1.59347890640308	0.146752084922376	-10.8583050608511	1.82097615825816e-27	2.66110253590055e-26	26.7396957403142	down	94185
Uba1y-ps1	44.7596038380913	1.59297049335464	0.343035707229514	4.64374541711726	3.42149129201128e-06	1.6895842899105e-05	5.46578456098296	up	22203
Ankrd55	80.5516541772694	-1.59263470576978	0.201520739799166	-7.90308088069242	2.72092905242595e-15	2.52118454973341e-14	14.5652827821973	down	77318
Pm20d1	11.8144480371644	-1.59239171671781	0.630641273620943	-2.52503567927739	0.0115686543372917	0.0307342156724658	1.93671715512576	down	212933
Trim30b	272.714234818001	-1.59125297283722	0.110925302493157	-14.3452660220186	1.14062068502311e-46	2.49155078146715e-45	45.9428587567997	down	244183
Agpat4	615.878675799375	-1.59109710893418	0.0931843956892155	-17.0747161814596	2.28936275249536e-65	6.33572780866546e-64	64.6402853873495	down	68262
Tyrobp	5961.90627645833	-1.59038559301631	0.0332428719300334	-47.8414018007714	0	0	Inf	down	22177
Glis1	21.1395878697958	-1.58923326651301	0.411876881974122	-3.85851533811712	0.000114077909568906	0.000461516124540173	3.94279844568827	down	230587
Dnah7a	28.2533755787678	-1.58909315574325	0.399350517070935	-3.9791939356898	6.91493175456715e-05	0.00028906772885341	4.16021210170957	down	627872
Mcmdc2	34.6451265298887	-1.58884426952365	0.345064887246804	-4.60447970293555	4.13498341584513e-06	2.01989965782458e-05	5.38352622793039	down	240697
Apom	181.272547732595	-1.58645995384647	0.136094574187935	-11.6570404317199	2.11258439534827e-31	3.44476887438675e-30	30.6751859324602	down	55938
Bloc1s6os	8.85126262717408	-1.58610503109931	0.593626685212208	-2.6718897088198	0.00754254342964017	0.0211721763171528	2.12248218049686	down	75915
Gpsm2	24.8450400031651	-1.58525474521068	0.356624935863564	-4.44515956623168	8.78266555129202e-06	4.1520410032526e-05	5.0563736551044	down	76123
Mmp7	391.279343408881	1.58515625758649	0.166399395130538	9.52621406071196	1.63123904555024e-21	1.96834918762139e-20	20.7874823917762	up	17393
Gm24447	54.0329419153463	-1.58503104640271	0.271067581740056	-5.84736483879027	4.99421338969637e-09	3.1954072099442e-08	8.30153290531912	down	NA
Kcng3	10.0864272822027	-1.58443354879187	0.555465012209019	-2.85244527371897	0.00433842820011619	0.0129474427117979	2.36266758561597	down	225030
Lsamp	23.7835143990596	-1.58426468332033	0.390600348532068	-4.05597355269709	4.99259088965882e-05	0.000213416618563282	4.30167402009412	down	268890
Gm4832	17.9592885289028	-1.58316165964077	0.475522936567922	-3.32930661781998	0.000870625001504703	0.00302937959698723	3.06016886548137	down	225058
Ist1	315.366151701975	-1.5829522415964	0.120578475866342	-13.1279834997339	2.27637734590638e-39	4.43755168487773e-38	38.642755745062	down	71955
Gpr174	63.0771371514366	1.58260979136981	0.229690754791562	6.89017628422173	5.57232917440563e-12	4.37699840427587e-11	11.2539632363964	up	213439
Sdc1	232.911210847609	-1.58226095936995	0.126923001266887	-12.4663058986673	1.13989000583806e-35	2.07278951410639e-34	34.943137054069	down	20969
Opn3	21.8872120293788	1.58220192149644	0.51135422734824	3.09414068932481	0.00197383861468054	0.00638113913920692	2.70468835907212	up	13603
6720489N17Rik	17.9259438755584	-1.58195646527275	0.483934036740791	-3.26895061138279	0.00107947141851789	0.0036877221131958	2.9667888521202	down	NA
Rpl41	13131.4093021833	-1.58187601244741	0.0325984863406888	-48.5260571891323	0	0	Inf	down	67945
Ank1	22.427695232967	-1.58085175122428	0.424181026343554	-3.72683277432571	0.000193901013341708	0.000754707362164337	3.71241992125878	down	11733
Tns4	15.3144046473537	-1.58072348537234	0.514399625048064	-3.07294836232558	0.00211955160891168	0.00681415241871497	2.67375600434101	down	217169
Gm37242	15.4192524524501	-1.58044087716936	0.503625375591888	-3.13812796925084	0.00170030626355694	0.0055755597523624	2.76947284533164	down	NA
Cdca7	31.3486847792701	-1.58037825575711	0.365688948679198	-4.32164620086318	1.54869380544995e-05	7.09769742946373e-05	4.81003443876004	down	66953
2700081O15Rik	91.03574187345	1.5799935806517	0.25512433925562	6.19303350382669	5.90171779139643e-10	4.07507942527867e-09	9.22902156145239	up	NA
Cd53	1750.99075222433	-1.57974547219335	0.0524289399254004	-30.1311732497572	1.8930375655754e-199	1.41394300462458e-197	198.722840767779	down	12508
Nabp1	578.919380289586	-1.57954742390418	0.0754048332486916	-20.9475620573909	1.97485745921143e-97	7.62112122083464e-96	96.7044642453094	down	109019
Apbb1ip	1827.87091199132	-1.57902693539116	0.0465084330987559	-33.9514111782321	1.16264259054761e-252	1.07681373086318e-250	251.93455377178	down	54519
Rrm2	100.478136459359	-1.57617834322866	0.195124871635566	-8.07779310764894	6.59493710763237e-16	6.28691191152566e-15	15.1807893417307	down	20135
Cttnbp2	158.534192645575	1.5757298777474	0.156785605753193	10.0502203003754	9.16622763601053e-24	1.20666467281632e-22	23.0378093615975	up	30785
Gpc6	44.9519374328278	-1.57525316168214	0.357821390119091	-4.40234487143952	1.07087155093335e-05	5.00917895620654e-05	4.97026261886595	down	23888
Cdnf	9.97640531049393	-1.57502316828317	0.609593476879305	-2.58372707061465	0.00977391049825468	0.0265517560778424	2.00993164221516	down	227526
Sh2d1a	30.072371490864	1.57495155627686	0.381616340948805	4.12705481206882	3.67438837537433e-05	0.000159921844934055	4.43481494156106	up	20400
Gm13532	33.8011119511704	-1.57476700655124	0.37877699963682	-4.1575043048051	3.21743214679135e-05	0.000141183551288661	4.4924906032689	down	NA
Nynrin	88.7414791462895	1.57405133909163	0.203489283967937	7.73530334570174	1.03156840656988e-14	9.33023178147124e-14	13.9865019672926	up	277154
Dstn	809.666933485203	-1.57369374474633	0.0664504977162943	-23.6821965046087	5.50163781930226e-124	2.65390348417685e-122	123.259508003233	down	56431
Frem2	26.3923453460752	1.57324959558614	0.40208993281029	3.91268088855241	9.12771183534883e-05	0.000374065657692889	4.03963807918289	up	242022
Slamf1	21.6388839182906	1.57319299439985	0.404564330768175	3.88861022772996	0.000100819879631263	0.000411135955079907	3.99645382540123	up	27218
Pip5k1b	637.498585080273	-1.57287863955811	0.09071888326331	-17.337940933343	2.43297635518932e-67	6.8980672470463e-66	66.6138621117271	down	18719
Pqlc3	112.217769296068	-1.57260224595247	0.183541390738027	-8.56810684297952	1.05200169925035e-17	1.08743370092649e-16	16.9779835586857	down	NA
Scp2	79.6975054135469	-1.57245583831723	0.214583073121153	-7.32795842395928	2.33685186019456e-13	1.97236354453602e-12	12.6313688179198	down	20280
1110018N20Rik	18.3075827592842	1.57197142227739	0.43817911075841	3.58750881473237	0.000333852449912307	0.00124590816685576	3.47644543243187	up	68941
Ahi1	116.060447766847	-1.57106055802054	0.164496079513774	-9.55074773006361	1.28763541905485e-21	1.56096768456568e-20	20.8902070856611	down	52906
Unc5a	27.7510328887517	1.5707738739509	0.379195056434985	4.14239016910872	3.43704976186052e-05	0.00015025105934007	4.46381418006964	up	107448
Gm28375	13.7011706021449	1.56999479321981	0.499381679583107	3.14387743365049	0.00166725255220588	0.00547320036789829	2.77799860909714	up	102635655
Arhgef15	525.696968793996	1.56988691745172	0.135821600575854	11.5584480730292	6.69070329972405e-31	1.07666074179884e-29	30.1745282285497	up	442801
Dhrs9	275.158592524164	-1.56923209545207	0.123270637177595	-12.7299747237559	4.02969624590459e-37	7.4777239597868e-36	36.3947276892682	down	241452
Myo1g	595.060453224507	-1.56796144491524	0.0783762299536499	-20.0055737031814	4.92487167594999e-89	1.73360474417435e-87	88.3076050811365	down	246177
Rab37	80.3060883912692	-1.56756672970135	0.242272662711958	-6.47025839462973	9.7835468734733e-11	7.1637151544733e-10	10.0095036699239	down	58222
Snx10	989.65777196914	-1.56755594798163	0.0626913218000179	-25.0043531221442	5.48200505614803e-138	2.91427304502726e-136	137.261060568239	down	71982
Dennd2c	137.79321633212	1.56711290352769	0.212340712106441	7.38018106834892	1.58074403788737e-13	1.34179735256761e-12	12.8011384475457	up	329727
Irgc1	60.5034428094161	-1.56585830358751	0.227705575656452	-6.87667967318454	6.12636536978333e-12	4.80132861755979e-11	11.2127971059054	down	NA
Srpk3	7.57508514714198	1.56526453861744	0.655722042093554	2.38708543885447	0.0169825440110403	0.0429750133146411	1.76999725124174	up	56504
Mtfr2	21.2966899313131	-1.56493344265056	0.427479548442523	-3.66083815787733	0.000251391523180851	0.000959653407504259	3.59964937063514	down	71804
Kyat3	81.5362269344314	1.564870692054	0.257825056914078	6.069505853248	1.28304415967682e-09	8.58342126597277e-09	8.89175839586675	up	229905
Saxo2	10.0370457279181	1.56482975295358	0.547065454436315	2.86040681286657	0.00423097877152048	0.0126752970988665	2.37355915368895	up	330577
Sit1	7.87921261291697	1.56469911727294	0.622938068718053	2.51180525937826	0.0120115351892333	0.0317489068757525	1.92040148205554	up	54390
Ptprc	5955.00931237865	-1.56445144874942	0.031766431580741	-49.24857375853	0	0	Inf	down	19264
Ect2l	20.0296806275164	-1.56427552318723	0.430154159148893	-3.63654631698161	0.000276317977122185	0.0010459927929608	3.55859085916243	down	100045792
Ccdc150	15.2415749275483	1.56383951968079	0.658641465796791	2.37434112622858	0.0175803000752638	0.0442619153399084	1.75497371629757	up	78016
Sall2	28.355429139644	1.56370578668553	0.354933098620141	4.40563529511528	1.05474294571325e-05	4.9392782574648e-05	4.97685337056619	up	50524
Gm10060	29.7313134827683	-1.56323451069112	0.384776898223761	-4.0627036547866	4.85075953812714e-05	0.000207780016474885	4.31419025368828	down	100041567
Ptpn6	953.294447271325	-1.56294207120536	0.0865355698460855	-18.0612674532016	6.43284779565574e-73	1.93440281693607e-71	72.1915967240992	down	15170
Map3k8	599.619450752172	-1.56258170766928	0.0830657495532807	-18.8113839467252	6.09262828859268e-79	1.9473049218709e-77	78.2151953173847	down	26410
Litaf	3265.40659716078	-1.56228469720928	0.0406327473338834	-38.4489063555518	1.97626258336499e-323	2.42092166462211e-321	322.704155351788	down	56722
Gm9320	198.832312638126	-1.56210345726366	0.136902560161522	-11.4103304965272	3.71315798305516e-30	5.84429752332979e-29	29.4302565725327	down	668724
Bcl6b	74.8959984075322	1.56201945185085	0.255428875202631	6.11528140900947	9.63867207808033e-10	6.52143790373754e-09	9.01598279481988	up	12029
Hey1	7.95167572322972	1.56162662459541	0.624165087588157	2.50194484704313	0.0123513164482256	0.0325232604832668	1.90828675125203	up	15213
Ap1s2	474.440247726466	-1.56125909142843	0.0979053330263621	-15.9466194860707	3.00741544537852e-57	7.5965491474234e-56	56.5218065741699	down	108012
Plk2	548.318103882436	-1.55883794631847	0.0962450870950997	-16.1965456457864	5.33404232943689e-59	1.37399391969265e-57	58.2729435421955	down	20620
Oser1	195.415946073845	-1.55879404694474	0.125843342335416	-12.3867819943149	3.08162877604915e-35	5.53603983311106e-34	34.511219679123	down	66680
Usp43	20.7858296586963	1.55750174125234	0.414227549903322	3.76001485564118	0.000169903267290273	0.000668544974898415	3.76979826943882	up	216835
Als2cl	110.729853357752	1.55743251735039	0.179886269267406	8.65787324231633	4.80647588246807e-18	5.02569748694191e-17	17.3181732325129	up	235633
Adcy6	75.3273518462515	1.55534730441271	0.204351777399872	7.61112687250688	2.71716337754572e-14	2.39927828918115e-13	13.565884247547	up	11512
Gm4419	7.98793680773964	-1.55417580586016	0.630644238386761	-2.46442560045561	0.013723305075189	0.0356494469657121	1.86254128199243	down	100043407
Gm29282	297.336018046881	-1.55380376814869	0.126885723355204	-12.2456942125709	1.77154696713616e-34	3.12064811903216e-33	33.7516473291916	down	NA
Rpl39-ps	352.127385702615	-1.55332932061105	0.100986150555097	-15.381607399359	2.17480741505757e-53	5.20928870372239e-52	52.6625791949304	down	100503815
Fbxo48	10.8979572914295	-1.55296084562106	0.548811824541825	-2.82967818143778	0.00465948464536221	0.0137807267278886	2.33166211508089	down	319701
Hcar2	1047.86353565478	-1.55290021561582	0.0833553014734093	-18.6298914186184	1.83896983432012e-77	5.78013459689246e-76	76.7354253946857	down	80885
Exoc3l	14.5987361257507	1.55253953894422	0.47772029833691	3.24989234150001	0.00115448704976163	0.00391829896253787	2.93761093433503	up	277978
Fn3k	8.27933959235156	1.5518693137429	0.667422664803519	2.32516723746526	0.0200630194773055	0.0495664804845964	1.69760370523141	up	63828
Ehd3	3920.15755700193	1.5516976607762	0.0482901124076853	32.1328235411034	1.53483223565966e-226	1.28969229673031e-224	225.81393908801	up	57440
4930533K18Rik	7.5707652156135	1.55099905403809	0.660406814433817	2.34855095395676	0.0188466203451499	0.0469902753496744	1.72476651798059	up	75189
Cubn	107.380429225167	-1.55080810619691	0.195151189388818	-7.94670076597428	1.91544341010164e-15	1.78754703193498e-14	14.7177306742962	down	65969
Lta	10.2841299308801	1.55063947955096	0.569337212159367	2.72358708764132	0.00645771875243784	0.0184396274434163	2.18992087336718	up	16992
Ankrd31	11.4076517373306	-1.55044489468211	0.626436124418906	-2.47502472198635	0.0133226953362895	0.0347735030201575	1.87540790344954	down	625662
Npr1	458.41135293388	1.54835052356286	0.0940379897626304	16.465159745239	6.52900619264934e-61	1.70927085488216e-59	60.1851529194745	up	18160
Wfdc18	9.95136408761391	-1.54828156918171	0.588324366239116	-2.63168017173783	0.00849638037147974	0.023491584259157	2.07076605304969	down	14038
Casc1	16.1391812461007	-1.54791556282967	0.475226876509801	-3.25721384741114	0.00112511635210519	0.00382859236798174	2.94880256336208	down	NA
Gm10069	31.8505125283393	-1.54786930874765	0.387205011653639	-3.99754461373616	6.40029307968895e-05	0.000268956861237423	4.19380013851965	down	791299
Hrct1	7.50050312376755	-1.54743951844496	0.65666900342672	-2.3564984952387	0.0184481423896252	0.0461679883820583	1.73404735799008	down	100039781
Gdf11	10.6532735290765	1.54731354648585	0.557286671766782	2.77651274447378	0.005494548090142	0.0159828151382564	2.26006802117105	up	14561
Cxcr3	68.8622834090635	1.54633121205016	0.363542181738447	4.25351249380652	2.1044319116336e-05	9.46562844949981e-05	4.67686512117762	up	12766
C4bp	161.53855374662	-1.54547422017716	0.154489961172056	-10.0037193902584	1.46778368779069e-23	1.91408912827724e-22	22.8333379431399	down	12269
Gpr35	146.549351841546	-1.54365285232886	0.213673865968884	-7.22434091473617	5.03537933972604e-13	4.18223475729577e-12	12.2979678063528	down	64095
Armcx4	115.773080929545	-1.5430147385035	0.178114610047455	-8.66304419436672	4.59330225571714e-18	4.80762560054694e-17	17.3378749755115	down	100503043
Gm32282	8.82272046633829	1.54276582009016	0.596350267348039	2.58701287575642	0.00968119744702938	0.0263239135697606	2.01407092239468	up	102634780
Cage1	38.4325748495659	-1.54274787754076	0.321550531096913	-4.79783961879318	1.60386117443918e-06	8.24645028722876e-06	5.79483322569291	down	71213
Fhad1	106.604437907651	-1.54205695108057	0.196811629956287	-7.83519221614632	4.68126010577056e-15	4.3012689305182e-14	14.3296372274129	down	329977
Gm26887	425.413410204616	-1.54203676810547	0.0908136983957357	-16.9802220958537	1.15049861107369e-64	3.16296049553624e-63	63.9391139012921	down	118567600
Gpnmb	127.271125659236	1.54115396137235	0.171152875863562	9.00454610298754	2.16559756613073e-19	2.3915679745945e-18	18.6644222453317	up	93695
Tfrc	134.17152999671	-1.54108291379807	0.234409259724415	-6.57432609791038	4.88740134440922e-11	3.64525972140815e-10	10.3109219960434	down	22042
Fam13c	75.3203822220595	1.54074736670034	0.256972537694998	5.99576663140968	2.02527693388685e-09	1.33559322864772e-08	8.69351558349342	up	71721
Tead4	168.388775342424	1.53981599700709	0.153915450297161	10.0042977753969	1.45923260427433e-23	1.90412950785679e-22	22.8358754752751	up	21679
A830082K12Rik	135.196588446375	1.53919539643897	0.183442292266055	8.39062452515915	4.83566430094955e-17	4.87520117888184e-16	16.3155438561375	up	320174
Sntb1	771.140768112354	1.53865149321897	0.0747012671778827	20.5973948146697	2.89609377679215e-94	1.08741798584814e-92	93.5381873796006	up	20649
Bcl10	484.806724387468	-1.53829267679169	0.0906993314816689	-16.9603529779333	1.61372132249408e-64	4.43061115144324e-63	63.7921714625215	down	12042
Pkia	135.069451526115	1.5381538552491	0.168610896642298	9.12250563800889	7.34071578457858e-20	8.27776927677668e-19	19.1342615904741	up	18767
Arhgef9	33.1662110327875	1.53770824735288	0.359093493410093	4.282194680695	1.85058960378166e-05	8.38539611941856e-05	4.73268988193563	up	236915
Ccne2	10.1664433505869	-1.53725082246801	0.563696183632604	-2.72709105916164	0.00638954035733958	0.018267475854932	2.19453038244425	down	12448
Arhgef16	49.0177458190793	1.5365050258955	0.29501602884049	5.20820862491595	1.90672474073646e-07	1.07797712621289e-06	6.71971199820078	up	230972
Abcc9	79.9874773562222	-1.53627888037294	0.211099350767741	-7.27751589375192	3.40022955494251e-13	2.8491107235805e-12	12.468491762052	down	20928
Phf11c	44.1668977947857	1.53616309899837	0.299912957617077	5.1220297755848	3.02264145343921e-07	1.67746538610439e-06	6.51961336589792	up	628705
Lysmd2	18.3727325541672	1.53588483023883	0.421959989660662	3.63988261416439	0.000272762359018948	0.00103309611043182	3.5642155621617	up	70082
Fam49a	682.447586665299	-1.53571534643809	0.0723651885421152	-21.2217417984661	6.01538895912563e-100	2.38316902127793e-98	99.2207362856408	down	NA
Nrg3	21.9175227655384	-1.53521801518312	0.519042413627917	-2.95778914184008	0.00309853998526843	0.00959185256386084	2.50884289510269	down	18183
Tmem240	11.5885071517321	1.53393410354172	0.545466210863747	2.81215238082801	0.00492111838116158	0.0144642011205961	2.30793618756359	up	381582
Adgrf5	3630.79519264602	1.53386814930972	0.0404061626157658	37.9612427910002	2.51752776302513e-315	2.94734612659795e-313	314.599025731395	up	224792
Kpna4	4790.72662220441	-1.53357505697607	0.0451471609138136	-33.9683609320124	6.5349888849785e-253	6.07958184705657e-251	252.184755146752	down	16649
4930589L23Rik	15.558273854347	-1.5327378936176	0.497428102802159	-3.08132549203238	0.00206081235680942	0.0066417056454611	2.68596155024514	down	75879
Plekho2	1176.50952877072	-1.53224790089573	0.0564791902867963	-27.1294240075877	4.42910363668914e-162	2.74696698467157e-160	161.353684157531	down	102595
Gm48727	134.901439579521	1.53155748089678	0.17207639979824	8.900450513217	5.56204605947859e-19	6.058937680788e-18	18.2547654190507	up	118567821
Creld2	252.240148270805	-1.53080761330433	0.123375854391892	-12.4076758847956	2.3744547197131e-35	4.28038597786343e-34	34.6244361078955	down	76737
Plp1	10.2459501046931	1.53079100492624	0.549644017966106	2.78505897433535	0.0053517988320037	0.0156067920319235	2.27150021956622	up	18823
Rtkn2	13.9206638000013	-1.53008276574412	0.48113937504018	-3.18012377518749	0.00147212158425188	0.00488418113265801	2.83205631962551	down	170799
Il12a	14.0300120352659	-1.52943701977759	0.511615817517359	-2.9894248133282	0.00279503227396	0.00875085299835523	2.55361317299337	down	16159
Gm13986	253.447017952203	-1.52899265280909	0.146137951246878	-10.4626665405079	1.28196198029218e-25	1.78217516392987e-24	24.8921248546878	down	329496
Eva1c	138.448453087601	1.52897297062974	0.189950956645854	8.04930387100057	8.32662766807337e-16	7.89797878811929e-15	15.0795308547384	up	70967
Ccr1	565.434056055376	-1.52846205805786	0.0914574731146539	-16.7122708074575	1.06693977751415e-62	2.88378184482716e-61	61.9718600932573	down	12768
Cxcr1	20.3541421215588	-1.52755861913215	0.445674043849263	-3.42752430888437	0.0006091117662829	0.00217536933977195	3.21530301110048	down	227288
Gpr157	62.2520332816028	1.52726983745834	0.264556712708162	5.77293927575786	7.79005217722687e-09	4.91334434991619e-08	8.1084596334435	up	269604
Foxd2os	43.1813020402922	1.5272230961136	0.323484845756353	4.72115808869728	2.34505576419251e-06	1.18297305906579e-05	5.62984682553178	up	100040736
Fbxo16	9.14772070705779	1.5271549241316	0.592094600718686	2.5792414291195	0.00990175564306023	0.0268360886780767	2.00428779545354	up	50759
Nostrin	590.651476174683	1.52693871166793	0.0845678353778945	18.0557856878415	7.10438116607043e-73	2.1332593533104e-71	72.148473745726	up	329416
Prr13	1184.42086285454	-1.52661674072676	0.0594596869351989	-25.6748196873374	2.2341081757185e-145	1.23820692217548e-143	144.650895802133	down	66151
Cyp4a14	202.123578490952	-1.52656777994435	0.164167721279885	-9.29883029406094	1.41999202180359e-20	1.65406449090916e-19	19.8477140956848	down	13119
Nusap1	180.159287073487	-1.52655050665204	0.159489574860134	-9.57147517629763	1.05391019098909e-21	1.2821035884426e-20	20.9771963959732	down	108907
Myom1	43.0955570501436	-1.52597499594894	0.274027176162423	-5.5686994892961	2.56647678110787e-08	1.55835692428633e-07	7.59066266044368	down	17929
Itgb6	36.6486744061038	1.52595869560227	0.318253805373289	4.79478538775813	1.62849077014864e-06	8.36895663603636e-06	5.78821469855743	up	16420
Ltb4r1	129.968090309659	-1.52419488189124	0.167077096641164	-9.12270390456206	7.32729494340972e-20	8.26710878861479e-19	19.1350563265834	down	16995
Dysf	511.524929879507	1.52411098671866	0.117831970603986	12.9346134067548	2.87063401155539e-38	5.47311456237902e-37	37.5420221738894	up	26903
Exoc3l2	1061.40833544668	1.52392271532614	0.0614614563910965	24.7947706547823	1.02083149393712e-135	5.34500188496375e-134	134.991045939885	up	74463
Ldlr	280.165366276184	-1.52380011621602	0.124894282269354	-12.2007195888257	3.08089166201991e-34	5.41794948057662e-33	33.511323573158	down	16835
Caln1	7.92487724069477	-1.52361490353939	0.654472159739643	-2.32800567734693	0.0199118022038475	0.0492279091382106	1.70088943049168	down	140904
Gm14532	16.4248416554414	1.52325343719721	0.462715827267478	3.29198472892667	0.000994830135234799	0.00342439134260951	3.0022510676241	up	102633651
Bcar1	236.37190163659	1.52272813314499	0.142168522605038	10.7107262932971	9.06478348085547e-27	1.29561744140979e-25	26.0426425648936	up	12927
Fasl	19.5219184355682	1.52184098205584	0.443428753010942	3.43198534538487	0.000599179934781164	0.00214136694579055	3.22244273863257	up	14103
Prss12	31.6042704812765	-1.5213225366206	0.466409406236291	-3.26177499055383	0.00110716987890378	0.00377060191313546	2.95578573791967	down	19142
Gm46189	11.1586137699691	-1.52116301295017	0.548524126898378	-2.77319253311894	0.00555092681464453	0.016124304974962	2.25563449852034	down	108167770
Cda	45.1595974499519	1.52095969374716	0.314866216800067	4.83049502485348	1.3619401773363e-06	7.05129723118291e-06	5.86584196821128	up	72269
Cyp4b1	743.630832928075	1.52041748545493	0.0822668794469636	18.4815261703846	2.90836978845791e-76	9.05941973418152e-75	75.5363503753657	up	13120
Nhs	66.9275670768008	-1.52041045748261	0.23763068260451	-6.39820767595503	1.57211370970982e-10	1.13517940390308e-09	9.80351604499283	down	195727
Mrc1	2999.44198626454	1.52017888369074	0.0395043423426772	38.4813110038402	0	0	Inf	up	17533
Cntfr	67.1947463364804	1.51978540288043	0.289130308349718	5.25640294009637	1.46900247916727e-07	8.41235027847398e-07	6.83297747127049	up	12804
Kng2	201.510461767412	-1.51957279626114	0.139886371652315	-10.8629080754057	1.73145873160877e-27	2.53206094792948e-26	26.7615878551675	down	385643
Syt14	11.9534690605726	-1.51952649658621	0.579099383948075	-2.62394770000733	0.00869171305363338	0.0239648859916203	2.06089461982053	down	329324
4921516A02Rik	11.4809872902335	-1.51638447360081	0.566751438338035	-2.67557234269669	0.00746017709234944	0.02099144348197	2.12725086296737	down	100037263
Zfp993	27.5759212948383	-1.5152598612057	0.462791937985697	-3.27417082458452	0.00105972527075781	0.00363038219913235	2.97480670912986	down	100503000
Gm34934	19.1578669205547	1.51423005293046	0.417902266818128	3.62340712927853	0.000290747628337467	0.00109702875736456	3.53648381917613	up	102638347
Gm29216	90267.3175108815	1.51232975925899	0.395679117305849	3.82211163822931	0.000132313760101059	0.00052943288147964	3.87839498857733	up	NA
Gas6	289.961744096691	1.51213687331663	0.187748092048363	8.0540731829494	8.00832948972808e-16	7.60298761897237e-15	15.0964580668191	up	14456
Clec1b	583.382227840471	1.51176808281473	0.241492088839094	6.26011431712787	3.84695363531729e-10	2.6946778758446e-09	9.41488304791393	up	56760
Cacna2d3	7.59869198089053	-1.51138320216191	0.640313670996833	-2.36037940562632	0.0182562529424842	0.0457922550636048	1.73858835568418	down	12294
1700030C10Rik	9.84258638036702	1.51013418703692	0.626370326526465	2.41092868401248	0.0159119594736845	0.0405762755105373	1.79827633599081	up	69513
Batf3	199.366152585885	1.51004540811906	0.159441866859457	9.4708211705155	2.77652273891689e-21	3.32146712722669e-20	20.5564987654309	up	381319
Slc25a39	515.846741026806	-1.51003838288933	0.103514282278393	-14.5877298248391	3.36200122108207e-48	7.51724715087223e-47	47.4734021331603	down	68066
2510009E07Rik	558.283208119355	1.50939956589381	0.0875853917935982	17.2334625099449	1.48961477694319e-66	4.16113704245564e-65	65.8269260281504	up	72190
Igkv14-111	18.9967938627342	-1.50904613934607	0.428153560866289	-3.52454417590921	0.000424212074445974	0.00155718784910686	3.37241697421967	down	545847
Azin1	795.814740980025	-1.50897216526284	0.0689931766581018	-21.8713246491114	4.87222867229113e-106	2.02255723708914e-104	105.312272336799	down	54375
Stk40	411.862332073472	-1.50891001914877	0.102565905421653	-14.7116140879912	5.42966917050122e-49	1.22455493337743e-47	48.2652266311483	down	74178
Gm4189	8.5828463996215	-1.50878989133119	0.600668380341182	-2.51185169839337	0.0120099547426686	0.0317487564229951	1.92045862915383	down	100043045
Psd	54.4229523239524	-1.50871409418673	0.283334598201195	-5.32484950219668	1.01036657325644e-07	5.8812930223718e-07	6.99552103031735	down	73728
Syne3	108.624769285331	-1.5080345138842	0.174447732381674	-8.64462090332461	5.39842266292075e-18	5.63051701064091e-17	17.2677331158914	down	212073
Lyn	4908.97576095778	-1.50712321690515	0.0351344837658394	-42.8958406490235	0	0	Inf	down	17096
1810010H24Rik	12.8538456004918	1.50702929031259	0.512814978600784	2.93873883018105	0.00329550644031153	0.0101470240410242	2.48207783529402	up	69066
a	31.0479782185704	-1.50624378477247	0.359957608103694	-4.18450326055773	2.85790345490312e-05	0.000126231136279623	4.54395244654261	down	50518
Bmp4	144.322191363105	-1.50583320810554	0.148850139329488	-10.1164380153673	4.6710644724292e-24	6.19607336352337e-23	23.3305841383155	down	12159
H2-Q7	1003.60452836991	1.50538774502692	0.0843491557251887	17.8470991450289	3.04444938603618e-71	8.99904691568907e-70	70.5164912416942	up	15018
Ighv1-26	22.9505831110009	-1.50526100569171	0.478648521745085	-3.14481490552555	0.00166191941684447	0.00546073923410458	2.77939003811402	down	629884
Hmgn2	176.958025048216	-1.50516768487168	0.146054375775714	-10.3055295459485	6.6524280126812e-25	9.03715432570167e-24	24.1770198163428	down	15331
Tinagl1	1163.33544720858	1.50507555314494	0.0749113017890244	20.0914350331776	8.76906708769405e-90	3.11309351005888e-88	89.0570466073429	up	94242
Fry	1026.28908271986	-1.5049038641704	0.0809324482534704	-18.5945674033884	3.55569771920681e-77	1.11424338000828e-75	76.4490751668415	down	320365
Ptgs1	738.912246788265	1.50271542141786	0.112989597493655	13.2995908893493	2.32738278107078e-40	4.63674280829198e-39	39.6331321830925	up	19224
Sec24a	810.920512419304	-1.50218183359053	0.0672515285296706	-22.336768642036	1.62372633539723e-110	7.0346846368696e-109	109.789487165392	down	77371
Aacs	183.735769305824	-1.50129585895171	0.133337165715916	-11.2593953148091	2.08182260521158e-29	3.23031282725273e-28	28.6815562800416	down	78894
6330562C20Rik	48.6778780248002	-1.5009940449218	0.363745741278314	-4.12649242200568	3.68338135717421e-05	0.000160194329347711	4.43375331434022	down	76193
Rabgef1	865.234075310294	-1.50018905676105	0.0745795488334755	-20.1152873706804	5.42239491472472e-90	1.9348850621224e-88	89.2658088558001	down	56715
Ces1e	25.3873768810851	-1.49960587622564	0.407193189108586	-3.68278722811775	0.000230697704892861	0.000885850280497942	3.63695672605682	down	13897
Fcmr	105.059376901555	1.49939985916669	0.22909790547437	6.54479950858575	5.95752548390021e-11	4.42125618087595e-10	10.2249340912402	up	69169
AW112010	818.247385014196	1.49930110209247	0.0669575996658339	22.3917988335163	4.73104971168731e-111	2.07996508316143e-109	110.325042488561	up	107350
Samd15	10.7165187371924	-1.49928823246938	0.64005494039236	-2.34243677824017	0.0191582795076787	0.0476476174556054	1.71764349493759	down	238333
Jakmip1	28.1062843992665	1.49922046372065	0.36827580150532	4.07091765897356	4.68283010313011e-05	0.000201041401975954	4.32949159848774	up	76071
Trps1	3028.57629641802	-1.49842600367315	0.0369207492881237	-40.5849294113636	0	0	Inf	down	83925
Gfi1	12.1450025848967	-1.49789789702893	0.553661745596802	-2.70543867070737	0.00682142428827944	0.0193640731158501	2.16612493678644	down	14581
Zfp939	27.1431194072759	1.49743696905869	0.389056603109119	3.84889231307739	0.000118653150910744	0.000478506834156037	3.92572072432419	up	233147
Tnfrsf23	131.407718526335	-1.49731393002493	0.185036778776874	-8.09198009132262	5.87025064541466e-16	5.61384556093568e-15	15.2313433550392	down	79201
Gltpd2	18.8419383895	-1.49682411683707	0.440796428239298	-3.39572650989015	0.000684467136208272	0.00242454711056335	3.1646473991093	down	216871
Muc6	82.986266151601	1.49668904341976	0.244290839779949	6.12666870672651	8.9738049169815e-10	6.09335681541145e-09	9.04702337589937	up	353328
Atp1a3	111.45444614109	-1.49621098340994	0.188217858461385	-7.94935717386722	1.87481791358847e-15	1.75041803321102e-14	14.727040905517	down	232975
D830026I12Rik	16.6407449213145	1.49566546160154	0.455967736333415	3.2802002037001	0.00103733446825277	0.00356011412778648	2.98408119125197	up	319682
Prss8	31.5577288205173	1.49561643063492	0.375617432944306	3.9817545711641	6.84083987146477e-05	0.000286273551836903	4.16489057530461	up	76560
Gm20509	13.9720303790019	-1.49534692391201	0.521624031161817	-2.86671402117231	0.00414757613812158	0.0124630626016317	2.38220563277496	down	NA
AA388235	28.8524487322505	-1.49530455239738	0.382550964488826	-3.90877214071448	9.27664078618492e-05	0.000379795515409249	4.03260926000252	down	433100
Prelp	16.9117396753475	1.49491773348961	0.502670806569073	2.97394977777407	0.00293993189130656	0.00914952817845542	2.53166273066687	up	116847
Itga9	821.346405174093	1.49464473743092	0.0640764764353892	23.3259508103263	2.41822346658739e-120	1.13243502966774e-118	119.616503568727	up	104099
Tubb1	9.30544877735529	-1.49425985178195	0.605289490459608	-2.46866974453385	0.01356163152167	0.035291063846164	1.86768805986164	down	545486
Ntrk2	8.46002620634418	-1.49403549896082	0.598530178110408	-2.49617405036713	0.0125540986050261	0.0329822063578086	1.90121446454539	down	18212
Gm30382	11.7303579553507	-1.49392771987713	0.541259931959611	-2.76009294548817	0.00577849188731976	0.016706158773565	2.23818549211173	down	108167379
Actr3b	8.93402227591143	-1.49344163706509	0.616268439825985	-2.42336219178577	0.0153775864439819	0.0393484189472173	1.81311182294256	down	242894
Gm41409	13.0922233983902	-1.49337571096885	0.526488616011458	-2.83648243390765	0.0045613487460521	0.0135365916432611	2.34090672173059	down	105246058
Pgd	450.182062274025	-1.49273268952156	0.0896604176774147	-16.6487367356708	3.09057402171627e-62	8.27820977359195e-61	61.5099608502479	down	110208
Fgf13	96.7121723101038	1.4923899347288	0.233528314664667	6.39061664480296	1.65218115515203e-10	1.19051877912217e-09	9.78194233572656	up	14168
Usp8	20.3415575915746	-1.49194832778096	0.396171572488519	-3.76591464755891	0.000165940477643762	0.000654063479027492	3.78004766416784	down	84092
Kank3	102.179785611855	1.49181109786359	0.236250908658686	6.31452004283644	2.71001201370866e-10	1.9215359085973e-09	9.56702878385777	up	80880
Myb	48.6605588892923	-1.49171356119715	0.273281239807746	-5.45852895810401	4.80095571264646e-08	2.8584890313097e-07	7.31867230024662	down	17863
Abhd5	255.814507297545	-1.49159981551431	0.118345005535082	-12.6038256432558	2.01146298622103e-36	3.70290434362721e-35	35.6964879546552	down	67469
Gm17494	29.8178772455593	-1.49042881211307	0.374798579036957	-3.97661276075998	6.9903859204822e-05	0.000291870671602742	4.15549884735742	down	100503394
Acot9	365.724051458805	-1.49015240040725	0.092516145125976	-16.1069443433702	2.28016407365637e-58	5.84456815878536e-57	57.642033901368	down	56360
Sgpp2	59.9412653186937	1.48923366227613	0.298276381085166	4.992797810065	5.95108488833914e-07	3.19872731462727e-06	6.22540385476389	up	433323
Gm26802	31.4565825471294	-1.48905316116589	0.408491585723803	-3.64524806190916	0.000267134003255478	0.00101362081096885	3.57327082749224	down	105242862
Pla2g4a	136.63602147439	-1.48842830293146	0.165481622910323	-8.99452323922434	2.37259717954787e-19	2.61739293936465e-18	18.6247759902064	down	18783
Rarb	480.019343421688	1.48706461975443	0.105552133133063	14.0884373969001	4.4735085819298e-45	9.53204962564775e-44	44.3493517251741	up	218772
Hoxb3	27.4680107189327	1.48649315215633	0.365513287446865	4.0668648807259	4.76498523470412e-05	0.000204315899806583	4.32193844077517	up	15410
Cyp2d9	57.5485176885412	-1.48637399416832	0.251654847856952	-5.90639920838409	3.49666060174327e-09	2.26224496366743e-08	8.45634651980496	down	13105
Fgf12	318.173352345857	1.48625081366303	0.183303347464707	8.10814878298494	5.13967802632638e-16	4.93347537497077e-15	15.2890640864074	up	14167
Ifitm5	10.1733584469097	-1.48586405135605	0.572642464278508	-2.59475002998274	0.00946597357040179	0.0258229379805738	2.02383471244405	down	73835
Ndufa1	597.710174616043	-1.48524717399983	0.0763952055364015	-19.4416280913352	3.4310286125068e-84	1.14582059705175e-82	83.4645756602003	down	54405
Cib2	25.0486820362697	-1.48521920636356	0.369143192772881	-4.02342298447137	5.73583464587103e-05	0.000243192386948741	4.24140337711377	down	56506
Pdia4	590.661619101861	-1.48496946152925	0.0799403737887074	-18.5759634481347	5.02942692595427e-77	1.57133774677603e-75	76.2984814974639	down	12304
Mirt2	92.0994981256344	-1.4849392374496	0.198566206479157	-7.47830793456526	7.52856267736629e-14	6.50986380222556e-13	13.1232879296255	down	100038659
Stc2	11.7483217325972	-1.48488771380917	0.55216043814664	-2.68923235209188	0.00716165514430509	0.0202498957329951	2.14498659543403	down	20856
Clstn2	14.7190072570918	-1.48309633626953	0.529390227581534	-2.80151815994963	0.00508627783670718	0.0148866494156097	2.29359992028041	down	64085
Gm34086	22.1533481743938	-1.48175755447841	0.410819586417127	-3.60683278857571	0.000309957257375887	0.00116381969125335	3.50869819057099	down	102637216
Gm5518	7.94089833431214	-1.48122862213364	0.628803389975915	-2.35563078340015	0.0184912865974105	0.0462560803643748	1.73303287019743	down	433238
Msn	3782.00818325978	-1.48093356074069	0.0423051125021156	-35.0060187327626	1.82212866230045e-268	1.7826919809239e-266	267.739420960319	down	17698
Batf2	27.8227845763292	1.48031842584091	0.351935819576495	4.20621699610533	2.59680907606246e-05	0.000115358994534354	4.58555997962006	up	74481
Sh3tc2	126.711262901619	1.48019807756714	0.162441034988963	9.11221772052677	8.07148727453121e-20	9.07726515455779e-19	19.0930464336039	up	225608
Sdk1	766.797694814673	1.48012152249548	0.0940450301121869	15.7384342450615	8.24588789225857e-56	2.03115907549381e-54	55.0837625739858	up	330222
Pfkfb4	295.284061657348	-1.47998580417216	0.104109569900773	-14.2156557325397	7.32619627512271e-46	1.58044103703191e-44	45.1351214503915	down	270198
Hes1	995.493076245274	-1.47949830234375	0.0978200784257106	-15.1246893905054	1.11324664574837e-51	2.60955532629361e-50	50.9534086047395	down	15205
Fgd1	15.3787213565111	1.47941674731275	0.458321236545504	3.22790355180469	0.00124701011060611	0.00420084767134186	2.90413002530041	up	14163
Cux2	81.933806959346	1.47736931273805	0.231588385462668	6.37928931447301	1.77911655756819e-10	1.27756753766931e-09	9.74979559848692	up	13048
Gpihbp1	1905.73823003212	1.47726518908426	0.0850685180579376	17.3655921462995	1.50340840383007e-67	4.27415112243039e-66	66.8229230264414	up	68453
Kctd1	70.8278010237277	-1.47704511667048	0.251760876680468	-5.86685721842767	4.44132812900466e-09	2.85128887493309e-08	8.35248713960458	down	106931
Gadd45b	1402.20628880269	-1.47701665436388	0.0538053132463411	-27.4511301068268	6.73509573457935e-166	4.26603829826441e-164	165.171656226711	down	17873
Nrp1	2746.6390880118	1.47691334575766	0.0557414446407048	26.4957852326482	1.08392676261353e-154	6.34492972081557e-153	153.965000060664	up	18186
Gm32296	8.67651124177757	-1.47672977030578	0.624294948890796	-2.36543603777274	0.0180088537893846	0.0452152414598777	1.74451392786823	down	102634795
Ghitm	919.853940969755	-1.47560589113814	0.0681615649026248	-21.6486504270578	6.2586223256604e-104	2.55231762513576e-102	103.203521255002	down	66092
Enpp2	28.0004604043549	-1.47552804360895	0.339948977235026	-4.34043972013141	1.42197874381639e-05	6.56024242691824e-05	4.84710689552766	down	18606
Gata4	937.00376974415	1.47540010334408	0.0631250877832209	23.3726424018733	8.11253184501964e-121	3.82482016104896e-119	120.090843585404	up	14463
Sele	62.2110585048148	-1.47508176981175	0.238551578058396	-6.18349198029895	6.26989204221178e-10	4.30931003521277e-09	9.20273993698034	down	20339
Gm5644	32.3543058487461	-1.47487818881603	0.347699254055572	-4.24182155012708	2.21712950870099e-05	9.92967157356972e-05	4.654208937796	down	434860
Zfp970	45.4178204797053	1.4745915913066	0.299889309678904	4.91711956283291	8.78269146988078e-07	4.62879381742148e-06	6.05637237345666	up	628308
Bst2	947.341294457308	1.47390149712343	0.184215873448454	8.00094730998222	1.23465616227506e-15	1.16315550477622e-14	14.9084539716493	up	69550
Adarb1	426.518167119269	1.47330784515644	0.0983226940903866	14.9844128945658	9.28423507789437e-51	2.14971305320267e-49	50.0322538716909	up	110532
Slc9a3r2	515.03650759937	1.47224535427407	0.0950426179562759	15.4903703825938	4.02962312621931e-54	9.75299841199584e-53	53.3947355697043	up	NA
Bicc1	1530.74790593065	1.47209184952741	0.0627722704537843	23.4513080200154	1.28190159090756e-121	6.0712607393006e-120	120.89214531348	up	83675
Rab7	1388.44401522975	-1.47127680831478	0.0606996331692549	-24.2386441481825	8.71192284800705e-130	4.36412885167353e-128	129.059885979308	down	19349
Adam33	119.843986728757	1.47125873249402	0.167643866779396	8.7760963807287	1.69246796850201e-18	1.80313599159577e-17	17.7714795419837	up	110751
Csmd3	11.574161405145	-1.47088827105386	0.558041779968791	-2.63580313132848	0.00839384151233614	0.0232450848206741	2.0760392351445	down	239420
Ctsb	3167.64467031731	-1.47033977510156	0.0391358543829544	-37.5701463091597	6.60705868345817e-309	7.60687822677264e-307	308.1799918358	down	13030
Esrrb	93.634837273662	1.46951379475504	0.268683693707114	5.46930769962143	4.51796809818427e-08	2.69153622635969e-07	7.34505684000075	up	26380
Ccnd1	325.435830247776	1.46917708331762	0.107966983484134	13.6076514866559	3.60647688794335e-42	7.38990873823515e-41	41.4429168466351	up	12443
Pkhd1	3076.66582061767	1.4689703153971	0.0412815731964272	35.5841650803228	2.46252746201973e-277	2.50324925761118e-275	276.608618917567	up	241035
Dnah7b	345.619054253902	-1.46873108290697	0.387558456197573	-3.78970206795908	0.000150828076170985	0.000598800967675208	3.82151780839206	down	227058
Tbc1d2b	295.102384931234	-1.46854007668976	0.110722717448586	-13.2632228555235	3.78282500801245e-40	7.48625739239995e-39	39.4221837485334	down	67016
Qprt	13.71881734468	-1.46817121743143	0.505597900678436	-2.90383171184328	0.00368626244337142	0.01122578153696	2.4334137484304	down	67375
Erbb2	57.8694549022719	1.46814291019581	0.28885016600332	5.08271444157294	3.72078868075482e-07	2.04261104631848e-06	6.42936499468908	up	13866
Morrbid	1084.50700268138	-1.46809568210253	0.0657197961161049	-22.3387132776386	1.55456884632322e-110	6.76318584311683e-109	109.808390039837	down	100043424
Mup11	126.767954032256	-1.46794664358884	0.157207029176427	-9.33766544205487	9.84815427379494e-21	1.15685280108012e-19	20.006645156692	down	100039028
Gpr68	25.1561886867898	1.4661606786298	0.392491654556258	3.73552064511386	0.000187327209507895	0.000731306054502626	3.72739913623459	up	238377
Gm17167	8.49184899402425	1.46598497454808	0.620876587568688	2.36115357528423	0.0182181843119985	0.0457022683131982	1.73949490851412	up	102640144
0610005C13Rik	19.9490319360101	-1.46558252722038	0.424073857087341	-3.45596056612972	0.000548335534311939	0.0019735344040633	3.26095360920398	down	71661
Ror1	993.542342039273	1.46545860928914	0.0773213743847164	18.9528267047826	4.18488060289872e-80	1.35207328502026e-78	79.3783169281706	up	26563
Gm10263	89.3916348381805	-1.46188981944879	0.197809823758595	-7.39038027369594	1.46409480415335e-13	1.24480912377608e-12	12.8344308006085	down	100042864
Foxn2	732.131938602989	-1.46175866675326	0.0747171318133712	-19.5639022975942	3.14094277253876e-85	1.06602779213249e-83	84.5029399763035	down	14236
Grik3	320.432850442531	-1.46175665768461	0.128336341248028	-11.39004465508	4.68749425481916e-30	7.36116750385656e-29	29.3290592515526	down	14807
Ifit3	65.5943168215426	1.46170866796484	0.222350058190167	6.57390728773589	4.90117561397448e-11	3.6529184055656e-10	10.3096997360073	up	15959
Syt4	10.7778934237194	1.45975021559316	0.570759751379153	2.55755633095343	0.0105410483885434	0.0283328914444544	1.97711619304031	up	20983
Atf5	91.410127015867	-1.45959907051585	0.197198685746693	-7.40166733357818	1.34485069001858e-13	1.14716919890696e-12	12.8713259298627	down	107503
5730405O15Rik	8.17538061705876	1.45917302341622	0.624379820878082	2.33699580707805	0.0194394021005293	0.0482259167110631	1.71131709683948	up	70489
Mapk11	38.0325187885632	1.45892773153424	0.321139299028266	4.542974764997	5.54658935272857e-06	2.67620688866661e-05	5.25597398635583	up	19094
Prdm1	181.803071175686	-1.45865629463066	0.171709220344264	-8.49492119122181	1.98067259935801e-17	2.03426497279555e-16	16.7031873064116	down	12142
Fgfr2	8508.0047779059	-1.45841416216745	0.0322243193560517	-45.258183611365	0	0	Inf	down	14183
Traf5	134.05384851556	1.45796730083216	0.166996253236709	8.73053899458191	2.53461795545876e-18	2.68388737671774e-17	17.5960874928751	up	22033
Gm5559	14.2887641271445	-1.45755908128919	0.509961591786772	-2.858174232656	0.00426086363850984	0.0127519944510853	2.37050236441263	down	433921
Fstl4	78.8752237602274	1.45740320835404	0.320637790974004	4.54532575192361	5.48503576420358e-06	2.64834708735492e-05	5.26082053633984	up	320027
Gm47754	23.7650967679262	-1.45704866341047	0.360348864623153	-4.04343902938121	5.26728581131435e-05	0.000224697991856663	4.2784131154931	down	115488147
Ptk2b	1817.21204979928	-1.4567119574477	0.0462910584970087	-31.468538520065	2.34133194133337e-217	1.87657755097869e-215	216.630537010024	down	19229
Tspan18	170.746404206975	1.45655962985602	0.206232411058439	7.06270960214532	1.63286741678243e-12	1.31481159576233e-11	11.7870490770498	up	241556
Lrrc25	250.653192281773	-1.45654219434959	0.148567895586786	-9.80388251847283	1.08339494378628e-22	1.36663845239481e-21	21.9652131956002	down	211228
Ly6a	1446.04441390407	1.45581313954341	0.0565821619121346	25.7291890296471	5.51194262203955e-146	3.07121316311985e-144	145.258695311975	up	110454
Lrrc32	356.856373370972	1.45536232851359	0.100332506903171	14.5053918558832	1.1199607293845e-47	2.48550177206003e-46	46.9507972052857	up	434215
Anxa11	322.802346286652	-1.4551749638038	0.110309423729928	-13.1917556506008	9.78788747631628e-40	1.92606031273801e-38	39.0093110320354	down	11744
Ckap4	385.625334702292	-1.45481078940132	0.106121196542819	-13.7089557675154	8.97400638736515e-43	1.85709353630886e-41	42.0470136256881	down	216197
Tgif1	531.107256777167	-1.45462662522197	0.0789638286447149	-18.4214297886547	8.84363435684038e-76	2.73025920536588e-74	75.0533692217796	down	21815
Gapt	16.6384658065748	-1.45377388584222	0.466614639133348	-3.11557710350095	0.00183585346939711	0.0059640151728626	2.73616198542881	down	238875
Lims2	204.410272261059	1.45369372276071	0.139877961717147	10.3925858292122	2.67987345374353e-25	3.68619689125818e-24	24.571885713299	up	225341
Per1	412.958828520071	-1.45266218741548	0.116652612771873	-12.4528902773599	1.3487096306736e-35	2.44823693324103e-34	34.8700815413363	down	18626
Lyve1	861.456188256734	1.45221895211085	0.0667774188587594	21.747156103509	7.34968713156703e-105	3.02090986459024e-103	104.133731147981	up	114332
Ptgs2	669.354828537126	-1.45065725976469	0.0805184912235425	-18.0164486159738	1.44741964047644e-72	4.3399680414228e-71	71.8394055385963	down	19225
Irgm1	194.653613762273	1.45028088776349	0.129689650293375	11.1827033574597	4.95569880415053e-29	7.59351524850684e-28	28.3048950969026	up	15944
Apobec1	709.987099348127	-1.44887853972741	0.0726298013003629	-19.9488159651645	1.53480077109482e-88	5.37541399476385e-87	87.813947991281	down	11810
Rpl37	8837.43662001891	-1.44880647252167	0.0289851882708245	-49.9843733628597	0	0	Inf	down	67281
Gm42397	29.7196904696973	1.44854001164438	0.377882814751215	3.83330481064097	0.000126433129215834	0.000507754862156249	3.89813911315456	up	105247269
Il1bos	24.518512989805	-1.44827850389306	0.385733367805569	-3.75461037278754	0.000173611330213579	0.000681848192672592	3.7604219353308	down	329514
Selenbp1	494.887595438218	1.44825475743436	0.0912943394464354	15.8635767147873	1.13255942816908e-56	2.83330203164652e-55	55.9459390002213	up	20341
Gm50345	12.5068507356064	-1.44794901110321	0.52614970583931	-2.75197153021962	0.00592376705291092	0.017066968286411	2.22740202807529	down	NA
Corin	16.2766245849143	-1.44779883137429	0.525425757214463	-2.75547746088767	0.00586065422712423	0.0169061701881287	2.23205390081284	down	53419
Gm46329	25.5103685098811	1.44768944042619	0.379124854919367	3.81850311748642	0.00013426388806601	0.00053661779121741	3.87204078050009	up	108167972
Mycbpap	11.1416572118995	1.44681557831113	0.600941029827809	2.40758328437933	0.0160584989897506	0.0409149114130594	1.7942950512699	up	104601
Rtn1	184.611756746721	1.44679729577892	0.156609058786694	9.23827336035202	2.50506829890285e-20	2.88734061287812e-19	19.6011804289056	up	104001
Bcl6	1036.08452158631	-1.44603330140549	0.0561099745462408	-25.7714125358192	1.85524046778058e-146	1.03928376634622e-144	145.731599791137	down	12053
Snx18	795.231783578101	-1.44596259353476	0.0631054983116871	-22.9134169322766	3.41481514156404e-116	1.55714076006681e-114	115.46663280155	down	170625
Adgrg3	494.971865176187	1.44589253374445	0.0831480644193131	17.3893709233309	9.93183428548491e-68	2.83908771845295e-66	67.0029705353418	up	54672
2310001H17Rik	511.041736240922	-1.44567684970837	0.0952874331689516	-15.1717472244748	5.4408941416263e-52	1.28551919520805e-50	51.2643297236723	down	76432
Gm48749	14.4503631880383	-1.4449800108555	0.500935872673027	-2.88456085834897	0.00391959991103531	0.0118480624522867	2.40675826086152	down	NA
Slc27a4	103.553351091312	-1.44388543933386	0.181541316007934	-7.95348117489	1.81342345943145e-15	1.69537601934015e-14	14.7415007703003	down	26569
Grhl1	22.0744411024349	-1.4433046174993	0.422421247690696	-3.41674247067258	0.000633751994700024	0.00225756543889809	3.19808066073813	down	195733
Atg2a	379.75240559427	-1.44311876202317	0.0981343073760995	-14.7055479435181	5.93882485520702e-49	1.33793698548821e-47	48.2262994825254	down	329015
Tns2	267.947398984625	1.44234818430932	0.189241166756623	7.62174641506135	2.50266328125098e-14	2.21362479278392e-13	13.601597578251	up	209039
Stard6	43.4293279487614	1.44117564405028	0.284843195592614	5.05954035886982	4.20268320653543e-07	2.29386368101078e-06	6.37647334538329	up	170461
Clec4b1	75.130382690958	1.44000805361858	0.24483204689622	5.88161587453043	4.06280362011659e-09	2.61957811384931e-08	8.39117416924654	up	69810
Eva1b	242.787654579402	1.43940025721454	0.130339484931448	11.0434705029837	2.35748094393088e-28	3.54200038865001e-27	27.6275518090802	up	230752
Slc43a3	1202.05326913353	1.43902701559254	0.0932204788442447	15.436812097875	9.25636486380678e-54	2.23256235413043e-52	53.0335595348671	up	58207
4930578M01Rik	50.8783442142292	-1.43893616652184	0.26151155611988	-5.50238080439634	3.74696544643456e-08	2.24699317807913e-07	7.42632031184135	down	75951
Tubb6	173.998862576042	-1.43862924194268	0.153743980515832	-9.35730450789608	8.17967755033673e-21	9.64664971541976e-20	20.0872638162394	down	67951
Kif18a	83.8617258967962	-1.43829120908553	0.230922515112115	-6.22845809724198	4.71048035303264e-10	3.27861389702228e-09	9.32693480326722	down	228421
Gbp5	160.226621520468	1.43723905243532	0.156031806018726	9.21119282733182	3.22520680685769e-20	3.69531036442787e-19	19.4914424322853	up	229898
Tmem150b	59.3751564479445	1.43678528260541	0.236163285013076	6.08386389326293	1.17320209066475e-09	7.87640411319678e-09	8.93062717177113	up	330460
Hilpda	228.581418607937	-1.43657966668879	0.126751789446527	-11.3338018576443	8.92450404288696e-30	1.39518184358381e-28	29.0494159093807	down	69573
Ezr	1889.97783850282	-1.4364108352247	0.0448719978242717	-32.0112966855184	7.59305839637543e-225	6.35468851092641e-223	224.119583260055	down	22350
mt-Nd2	1504021.02035691	1.43566730482292	0.0351763831782393	40.8133860024315	0	0	Inf	up	17717
Zfp14	27.5730757028021	1.43456664204548	0.418521060139905	3.42770478877676	0.000608706998889317	0.00217456578494675	3.21559170471728	up	243906
Suv39h2	18.5128078411256	-1.43447353119091	0.457260271499744	-3.13710510315287	0.00170624950174693	0.00558891051226428	2.76795746243632	down	64707
4933406I18Rik	214.487535320309	1.43439908213279	0.158797719421203	9.03286953591644	1.67227990807218e-19	1.85661379884476e-18	18.7766910281189	up	71045
Atp6v0d1	1012.75873918565	-1.43420713847042	0.0728325684763467	-19.6918379850382	2.53328874072641e-86	8.6970682154856e-85	85.5963153071074	down	11972
Aldh8a1	13.1662079268709	-1.43375377222944	0.53818024201255	-2.6640773114744	0.00771998180277647	0.0216144969485502	2.11238372336414	down	237320
Card11	377.088785723286	1.43362605897143	0.130277286627843	11.0044206175924	3.63847163078343e-28	5.44308042454386e-27	27.4390810069298	up	108723
Rapgef3	197.318105251268	1.43198385894607	0.174877123528868	8.18851448405534	2.64470109699673e-16	2.57657438804651e-15	15.5776234046346	up	223864
Otc	20.430583422855	-1.43046574982326	0.409408203507278	-3.49398409110732	0.00047586937474199	0.00173307268441949	3.3225122439479	down	18416
Nphp3	34.3489322605317	1.43027967771917	0.347973956309447	4.11030668182319	3.95133969619339e-05	0.000171046879785987	4.40325563246975	up	74025
Rps27	8876.08742309215	-1.43019814496949	0.0325037779183183	-44.0009819339636	0	0	Inf	down	57294
Sfxn5	332.172469210352	-1.42934340267915	0.114951132225302	-12.4343568872176	1.70104298160898e-35	3.07975974750213e-34	34.7692847125839	down	94282
Alox5	98.8654527909724	-1.42811111237445	0.198034032773788	-7.21144286348883	5.53620777310109e-13	4.57995370320181e-12	12.2567876192345	down	11689
Nfe2l2	3892.42997178246	-1.42801952886329	0.0337023528926214	-42.3715084051576	0	0	Inf	down	18024
Notch2	1969.66731907339	-1.42798700025125	0.0512555648494366	-27.8601358593152	8.11888986889276e-171	5.27070236691141e-169	170.090503349672	down	18129
Krtcap3	43.7049418243291	1.42730334529336	0.337588319568035	4.22794054936404	2.35840083809404e-05	0.000105284308194177	4.62738237948779	up	69815
Ier2	889.227776789273	-1.42626641618334	0.101992180580275	-13.9840761131758	1.94992561012844e-44	4.12532992786462e-43	43.7099819567026	down	15936
Cd302	458.748667915124	-1.42577590229395	0.0895779428252934	-15.9165957302087	4.86116308238443e-57	1.22345141876581e-55	56.3132598089622	down	66205
C8b	109.462262246105	-1.42534433942717	0.174467820491698	-8.16966897053085	3.09236790242992e-16	3.0028823261294e-15	15.509708843185	down	110382
Ptprt	15.5849410756984	-1.42456967206344	0.486345842723408	-2.92912891798607	0.00339913410194123	0.010436799108642	2.46863170138215	down	19281
Cyth3	752.32490062692	-1.42441699756908	0.0674198130021284	-21.1275726547048	4.43781839802096e-99	1.74489995464828e-97	98.3528304737018	down	19159
Stom	226.087361377729	-1.42399043298962	0.13588532285202	-10.4793542312171	1.07475082308843e-25	1.50011603498592e-24	24.9686922136102	down	13830
Csmd1	55.3100410663487	-1.42368829223609	0.242360699523678	-5.87425393239962	4.24751872370433e-09	2.72938768681081e-08	8.371864698019	down	94109
Chst3	121.751417066388	1.42356527823411	0.219187819195938	6.49472805312026	8.31835335418296e-11	6.12314254849236e-10	10.0799626352439	up	53374
Vps37b	558.755824753981	-1.42343498406939	0.0854331325094137	-16.6613928608148	2.50130786976982e-62	6.70846263811238e-61	61.6018328504873	down	330192
Rdh16f2	24.052129166844	-1.42311336005509	0.469550893570367	-3.0307968306354	0.00243909310187439	0.00775175555131317	2.61277162204847	down	216454
Gm35572	15.8834360325726	1.42302515338636	0.474853815723598	2.99676470161224	0.00272861233479276	0.00857510970362634	2.56405816195547	up	102639212
Gm35853	56.9853268250283	-1.42294451227109	0.251442812693697	-5.6591178607459	1.52153040023531e-08	9.3891536898145e-08	7.81771936599885	down	102639573
Gm19585	30.3545020988331	1.42272102274863	0.35828817637543	3.97088465810225	7.16062423096007e-05	0.000298500196737301	4.1450491162055	up	100503190
Cdkn3	59.7770987251867	-1.42232096356781	0.290401488770662	-4.89777435229012	9.69282493643985e-07	5.08916046486445e-06	6.01354963104942	down	72391
Cyp3a25	61.8975363321735	-1.42139642268028	0.227958206152955	-6.23533781331196	4.50804197923257e-10	3.14085880325067e-09	9.34601204842359	down	56388
Gm5112	25.6587336664832	-1.42120018320977	0.377051735010274	-3.76924451274848	0.000163742420408326	0.00064576614286319	3.78583879424321	down	330414
Ptpdc1	22.2726004860204	1.4209041199658	0.402427218083328	3.53083503330925	0.000414250021219038	0.00152303390828926	3.38273746066285	up	218232
Rab8b	2541.33547750763	-1.42035928575649	0.0415827939024566	-34.157379830906	1.03901689343544e-255	9.79731811868834e-254	254.983377391166	down	235442
Snord104	46.2754536106999	-1.41989381882441	0.339034187041969	-4.18805499000797	2.81355353092484e-05	0.000124456892445219	4.55074481750515	down	100216537
Enpep	132.166331937686	1.41987808811424	0.162819465581056	8.72056718186065	2.76811645214444e-18	2.92370900893249e-17	17.5578156434566	up	13809
Il6ra	721.254772000273	-1.41982478452835	0.0701448868490436	-20.2413154872415	4.23707815452059e-91	1.53559081151399e-89	90.372933525198	down	16194
Fbln5	54.6383326589441	-1.41975185533626	0.259233083510093	-5.47673867900037	4.33236282032997e-08	2.58465813950347e-07	7.36327517987012	down	23876
D430040D24Rik	20.4920986067724	1.41970864256417	0.475290385869881	2.98703421060327	0.00281698197516204	0.00881043681873982	2.55021593189698	up	319678
Ppp1cb	1414.6080453803	-1.41920129508147	0.0622110306701805	-22.8126954302612	3.43057663648042e-115	1.54739797678821e-113	114.46463287442	down	19046
Hmga2	21.8717713718506	1.41886566142118	0.395282670461775	3.58949624521522	0.000331317602945672	0.00123777833054587	3.47975548938493	up	15364
Apon	70.0184267650068	-1.41879535525573	0.234699996504037	-6.04514433911091	1.49276301043679e-09	9.94173485921775e-09	8.82600913496026	down	28194
Dpp4	711.165608950315	1.41865589071205	0.072062084899398	19.6865784925951	2.8104352456187e-86	9.61685715655964e-85	85.5512264167025	up	13482
Adap1	284.982555422139	-1.41851143109286	0.11982805836268	-11.8378904780338	2.48628042461143e-32	4.17162622934601e-31	31.6044498893738	down	231821
Rps21	8205.41728516445	-1.41825573353452	0.0314376658188628	-45.1132645059023	0	0	Inf	down	66481
Zfp764	19.9412872866648	1.41752874672353	0.419868934141438	3.3761220025057	0.000735153122603306	0.00258868805710211	3.13362219373808	up	233893
Fermt2	944.058116904292	1.41750106350228	0.0681960191022093	20.7856863518351	5.83242630950213e-96	2.20584268355199e-94	95.2341507396459	up	218952
Marcksl1	995.265845789106	-1.41729532798393	0.19849441176389	-7.14022785522958	9.31763345071687e-13	7.62348502078873e-12	12.0306943783976	down	17357
Romo1	568.306921910075	-1.41683974298443	0.0919560911440244	-15.4077856655013	1.4509916742179e-53	3.49159532321325e-52	52.8383350795344	down	67067
S100a11	3990.04886697169	-1.41679400451528	0.0337216450126739	-42.0143799029613	0	0	Inf	down	20195
Ier3	1058.95469034505	-1.41662637706842	0.0636204443902837	-22.2668419034931	7.74725986280175e-110	3.33564355952326e-108	109.110851876447	down	15937
Ccl9	320.238492845523	-1.41654385543415	0.110405131978404	-12.830416757359	1.10766736780784e-37	2.08704161643288e-36	36.9555906385373	down	20308
Dedd2	390.979971487633	-1.41628994394619	0.0916118236837493	-15.4596850820842	6.49151148615314e-54	1.56751573418245e-52	53.1876541701229	down	67379
Gm13807	89.8444914907844	-1.41569192030944	0.224426996934045	-6.30802862244545	2.82611960483426e-10	1.99910069399664e-09	9.54880946222548	down	639658
Cfp	222.809783778599	-1.41497598121669	0.118545502966899	-11.9361422053419	7.66987668903971e-33	1.30156808080536e-31	32.1152116182805	down	18636
Gm4149	2439.54948113971	-1.4145594797964	0.0537043136489306	-26.3397739154341	6.72187134863388e-153	3.89102991761615e-151	152.172509803844	down	100653392
Fcgr2b	1926.5796313059	1.41292805056986	0.0436238923929719	32.3888578726985	3.93912029551282e-230	3.39203834042114e-228	229.40460075621	up	14130
Poc1a	17.8490197812597	-1.41261591453466	0.448881524850662	-3.14696826741672	0.00164972864816748	0.00542593044494352	2.78258748384358	down	70235
Eln	158.290701402222	1.41236375506678	0.20950959968704	6.74128420452587	1.5699277524535e-11	1.20278398652127e-10	10.8041203332167	up	13717
Kremen2	8.90521123213194	1.41180876413097	0.578758318714465	2.4393753290093	0.0147126783421874	0.0378468712471105	1.83230825974352	up	73016
Mx1	72.9356054757821	1.41126332243083	0.329657376271478	4.28100028700293	1.8605511800772e-05	8.42686938527032e-05	4.73035837889727	up	17857
B3gnt5	66.8222995547379	1.41123624394934	0.227482444343067	6.20371496369651	5.51456268465436e-10	3.81660484176394e-09	9.25848892223955	up	108105
Gm13710	75.6423426941924	-1.40984468325501	0.211783860373744	-6.65699775595267	2.79477453237602e-11	2.11168623931051e-10	10.5536532229456	down	672763
4930593A02Rik	16.3650937306614	-1.40963131080225	0.488748933146836	-2.88416243024053	0.00392456268437121	0.0118579036943036	2.40620872983483	down	71301
Dusp1	4436.86608458993	-1.40842685757011	0.0346337350034258	-40.6663288678162	0	0	Inf	down	19252
Ssc4d	26.2018470001037	-1.40705227627764	0.408804970500146	-3.44186685048423	0.000577714536571038	0.00207354344257731	3.23828670451474	down	109267
Pik3c2g	456.207046158756	1.40696839458816	0.0881262439757956	15.9653734360288	2.2270476780949e-57	5.6390579056889e-56	56.6522704852058	up	18705
Slc22a20	9.42772385548433	-1.4058165402679	0.589652301226714	-2.3841449229372	0.0171188593361256	0.0432674238575526	1.76652517660572	down	381203
AU019990	238.084757986429	-1.40572097552357	0.123083183821782	-11.420901961384	3.2880365065898e-30	5.17909242334277e-29	29.4830633691969	down	767814
Sik1	489.930485127187	-1.40527687701536	0.0829511972815164	-16.9410077620241	2.2424991133922e-64	6.14079356425493e-63	63.6492677199891	down	17691
Cdk18	75.5375202697794	1.40470465005283	0.417268760764198	3.36642658674042	0.000761488482315505	0.00267644771175119	3.11833666107994	up	18557
Gm5544	60.6076874282671	-1.40447568121562	0.276227259316294	-5.08449341564594	3.686085548229e-07	2.02462669318777e-06	6.43343458971037	down	433632
9930022D16Rik	31.9979171152426	-1.4040685828154	0.364184711785261	-3.85537486165343	0.000115552427935334	0.000466937569467604	3.93722092488985	down	320509
Cd22	94.4813462048136	1.40363084929965	0.186510162296154	7.52576069860935	5.24142604033152e-14	4.56821736739726e-13	13.2805505379801	up	12483
Gm50394	27.1923887185776	-1.40302425643575	0.36092498522655	-3.88730155534974	0.000101364796298312	0.000413050643343865	3.99411284803968	down	NA
Gm11827	21.0847909886247	-1.40265282911329	0.385924816702271	-3.63452353517704	0.000278494835235532	0.00105346775666605	3.55518285452798	down	100503518
Camk2n1	434.6965386324	1.40158157473491	0.0932119125250074	15.0365069953789	4.23304256060808e-51	9.82320422277414e-50	50.3733473649433	up	66259
Dock5	1157.8294412259	-1.40107061046814	0.0559103549650078	-25.059232969367	1.38478442570076e-138	7.38044057472586e-137	137.858617829499	down	68813
Bhlhe40	511.095736157894	-1.40107007211122	0.0876510196892333	-15.9846408755849	1.6350648798309e-57	4.14514805727446e-56	56.7864650097355	down	20893
Aldh18a1	94.9711659899972	-1.4004050956059	0.211674108633968	-6.61585445968507	3.69411680296159e-11	2.77511535893715e-10	10.4324893768764	down	56454
Sh3bp2	210.449231222487	-1.40028857950134	0.121305932612567	-11.5434467988771	7.96675975181836e-31	1.27903934104887e-29	30.0987182793617	down	24055
Lrrc4c	22.6287962214347	-1.40025868430521	0.522916685344143	-2.67778543609422	0.00741106764090169	0.0208701673741554	2.13011922290429	down	241568
Gm13822	43.5032571077524	-1.40014714491521	0.283816812246185	-4.93327767947978	8.08610699986888e-07	4.28987738722677e-06	6.09226051613799	down	105246766
Gm28875	24.5328517145746	-1.4000980778443	0.397604294113724	-3.52133540450104	0.000429379138076808	0.00157532251027863	3.36715906012851	down	NA
Gm39323	11.4490564024745	1.39950181476712	0.523754345320073	2.67205766839389	0.00753876914721607	0.0211668566772886	2.12269955548405	up	105243388
Procr	41.9741783724859	1.39918033788301	0.299019136958613	4.67923341667819	2.87949482469357e-06	1.43829800220013e-05	5.54068369768939	up	19124
Gm13274	12.0984878341096	-1.39854363060561	0.549870657190488	-2.54340473039849	0.0109777989016608	0.0293542470307144	1.95948472916553	down	100037413
Gm4540	22.7997732010623	-1.3985270834823	0.487042284389183	-2.87146953828914	0.00408568157375392	0.0122841607726819	2.38873548404484	down	100043594
Thap6	110.48231075693	-1.39703462274253	0.193763651762498	-7.20999325742952	5.59546475930864e-13	4.62713849679495e-12	12.2521638351373	down	381650
Acsl5	137.916656413956	-1.39687403344643	0.214450291418419	-6.51374276158458	7.3300985798523e-11	5.42057928692484e-10	10.1348901846497	down	433256
Ptgs2os	9.53184383565115	-1.39622531578842	0.572720759645417	-2.43788144968387	0.0147736181418631	0.037975506162364	1.83051313050963	down	320019
D10Wsu102e	284.239370324644	-1.39576076758806	0.132324005038978	-10.548054128024	5.18599857751901e-26	7.28732463633977e-25	25.2851676066904	down	NA
Gpx3	62.3676885838703	-1.39567065998081	0.328139753646	-4.25328124518088	2.1066072404649e-05	9.47132433312797e-05	4.6764164274668	down	14778
Gm4221	13.5029203770331	-1.3954167424908	0.524651185953353	-2.65970378005563	0.00782094024060237	0.02187071573724	2.10674103252088	down	100043089
Dusp5	593.145662666737	-1.39335059804534	0.0784846079066814	-17.7531701464578	1.62893735811146e-70	4.78104585995559e-69	69.7880956164586	down	240672
9330182L06Rik	15.6557808575245	-1.39300804449289	0.567256594425584	-2.45569299357988	0.0140613227012801	0.0364050073017736	1.85197382477506	down	NA
Shroom4	355.272240927926	1.39286395928287	0.117393721377819	11.8648931385359	1.8013233434731e-32	3.02968338616917e-31	31.7444083228929	up	208431
Xkr4	30.5653779212074	1.39242535166805	0.372785537610553	3.73519144705317	0.000187572435736642	0.000732126238680629	3.72683098198583	up	497097
Ctf1	9.13318737469485	1.39216698932163	0.590399798966474	2.35800722113845	0.0183733355470232	0.0459973497674697	1.73581199349463	up	13019
Gm41442	55.241693817688	-1.39059732448488	0.26080780757448	-5.3318853350959	9.71983091709068e-08	5.67212423638344e-07	7.01234128984875	down	105246099
Platr22	43.3693897264255	1.39039004069626	0.309698234048646	4.4894994153498	7.13907433476155e-06	3.39893009052081e-05	5.14635809597828	up	100503474
Prdx5	2728.98623806358	-1.39029528201206	0.0392792552522696	-35.3951538307675	2.0272805165242e-274	2.03108166749268e-272	273.693086153453	down	54683
Gm10076	1470.71481788454	-1.389810284365	0.0521142209614819	-26.6685418821136	1.09093408454594e-156	6.58955808343561e-155	155.962201489176	down	100126819
9430081H08Rik	36.8953388910587	-1.38963320751446	0.323304928661308	-4.2982122582184	1.72181237752869e-05	7.83938128366185e-05	4.76401417451033	down	77430
Gbp2	302.901366975943	1.38923018792261	0.106463094901867	13.0489367156115	6.44404780408685e-39	1.24340289064228e-37	38.1908412465002	up	14469
Cyp4f18	84.0322266394021	-1.38900836816255	0.207451571919475	-6.69557890215316	2.14819498728208e-11	1.63619281213345e-10	10.6679263011581	down	72054
Maff	173.003022539579	-1.38877866190767	0.133764871996778	-10.3822374378015	2.98691521738001e-25	4.10311972412538e-24	24.524777104529	down	17133
Rab25	65.7789243930243	1.38817817982429	0.268792232111684	5.16450259339152	2.41079134787761e-07	1.35122326246427e-06	6.6178403758468	up	53868
Gm10605	102.040092381419	1.38799896390605	0.189689061350751	7.3172324962878	2.53137067688283e-13	2.13222447597257e-12	12.5966442550244	up	100038557
Dkk3	89.980737508663	1.38777436224905	0.264116240008326	5.25440753739831	1.48501726622253e-07	8.49705513750997e-07	6.82826849679689	up	50781
Rab27b	479.365250146855	1.38695246915821	0.13347065625557	10.3914411457038	2.71223587263464e-25	3.72825088059586e-24	24.5666725442559	up	80718
Serpinf1	188.817419717658	-1.38681562889291	0.148215169605224	-9.35677253945557	8.22095187138831e-21	9.68436495465579e-20	20.0850778943142	down	20317
Esrp1	37.3140481249689	1.3864996773371	0.314349967896227	4.41068814676897	1.03042628822187e-05	4.82866053974714e-05	4.98698307012784	up	207920
Mcl1	5198.66652521383	-1.38618515515168	0.0320449697885137	-43.2574960844104	0	0	Inf	down	17210
Pard3b	1413.0207420973	1.38577318618263	0.0619971028189912	22.3522249132929	1.14874739731258e-110	5.00810606958095e-109	109.939775459575	up	72823
3830403N18Rik	22.4009027161088	-1.38571105083208	0.423850989623629	-3.26933541446384	0.00107800431154897	0.00368452219917484	2.96737950215653	down	70691
Ddias	13.5323537835376	-1.3853554003035	0.570422830112218	-2.42864648322536	0.0151553016027635	0.0388559707308058	1.8194354163988	down	74041
Dusp18	17.0729247095942	-1.38524967602187	0.444308908229708	-3.11776255295268	0.00182229553747915	0.00592615741347192	2.73938118834656	down	75219
Sec11c	1080.24315564759	-1.38515563385697	0.0629906389138955	-21.9898648075375	3.60058876443763e-107	1.51887994457724e-105	106.443626478055	down	66286
Sec22c	122.483871867164	-1.38495727819965	0.222854764658197	-6.21461820806848	5.14495906439969e-10	3.56910126308339e-09	9.28861807632935	down	215474
Hcls1	898.115680620718	-1.38479614264131	0.0630204260607949	-21.9737667483462	5.13300513676408e-107	2.16094331404094e-105	106.289628301126	down	15163
Mapk13	72.6264571525499	-1.3843781638153	0.275870380793776	-5.01821964297854	5.21525312546856e-07	2.82287428263998e-06	6.28272460798023	down	26415
Cd200r1	100.126407801836	1.38428288878919	0.234058371645663	5.91426351920806	3.33363807103104e-09	2.16079887285275e-08	8.47708155276427	up	57781
Tdrp	103.828712293372	1.38404028205374	0.237140830686642	5.8363643158635	5.33521713187184e-09	3.40626807019232e-08	8.27284790102773	up	72148
Serping1	380.862987866514	-1.38315605016073	0.107668798571427	-12.8463962495424	9.011127577655e-38	1.70401894365474e-36	37.0452208616165	down	12258
Ntf3	99.1360396039286	1.38288071423503	0.193820037458791	7.13486970886097	9.6878882375198e-13	7.92020019543645e-12	12.0137708799918	up	18205
Tnni2	62.7177627542463	1.38253739079281	0.265132073349186	5.21452336312391	1.8429047613807e-07	1.04501475707245e-06	6.73449710790386	up	21953
Cd244a	369.712584808304	-1.38249954059533	0.0946826439599162	-14.6014040459264	2.75120424164714e-48	6.15814663713047e-47	47.5604771676155	down	18106
Ly75	126.772191304258	1.38235316034225	0.164983485164324	8.37873656848397	5.34988635709529e-17	5.38321013015494e-16	16.2716554432144	up	17076
Arhgap22	141.137598076718	1.38210057728572	0.168116222170773	8.22110180349984	2.01642005527203e-16	1.9746324028108e-15	15.6954189917285	up	239027
mt-Co2	29983.435156296	1.38208272193204	0.272585455621191	5.07027316913307	3.97245113911063e-07	2.17161356998758e-06	6.40094143588147	up	17709
Pkib	359.722575875797	1.38185935715849	0.110870045629223	12.4637754888257	1.17665292192812e-35	2.13777421447778e-34	34.9293516223905	up	18768
I830077J02Rik	155.099673467381	-1.38139147742304	0.15001125227068	-9.20858573282524	3.30449905384597e-20	3.78157362894543e-19	19.480894368142	down	433638
Prkcd	801.266781099844	-1.3807839941782	0.079066707121943	-17.4635323063176	2.71596499698422e-68	7.81740256521467e-67	67.5660758314882	down	18753
Cerkl	35.2323767244963	-1.38064235519193	0.348079266631492	-3.96645961867532	7.29481280292509e-05	0.000303715065433517	4.13698584834898	down	228094
Scml4	145.747579122622	1.37983356775964	0.168752387043048	8.17667584996975	2.91781575113549e-16	2.83734775725209e-15	15.5349421356062	up	268297
Gm5148	10.3324157044382	1.37948906890477	0.58448158539626	2.3601925250896	0.0182654529408511	0.0458098175273073	1.73836955382309	up	381438
Gm48296	24.7249301864017	-1.37928807581232	0.446476519516051	-3.08927349036712	0.00200646641248792	0.00647857972882487	2.69756810579969	down	NA
Tll1	35.6385308264113	-1.37865758226894	0.329121800055364	-4.18889779418146	2.80312602919217e-05	0.000124048297562828	4.55235737582078	down	21892
Erbb4	1966.89985534117	1.37698382191102	0.0480006691638117	28.6867630368192	5.58048904958741e-181	3.80038599033831e-179	180.253327739731	up	13869
C8g	134.108761100106	-1.37689458722647	0.183134853900275	-7.51847372524867	5.54193799312826e-14	4.82005199661101e-13	13.2563383377008	down	69379
Aldh3b1	154.366959373944	-1.37659064532815	0.140260393618775	-9.81453573465432	9.74856881104959e-23	1.23121469971795e-21	22.0110591384642	down	67689
A930004D18Rik	29.9085089718015	1.37617604973415	0.341726435125964	4.02712786684727	5.64623304454169e-05	0.000239734821546871	4.24824120060111	up	77940
Lrrc8d	1576.82689904697	-1.37590253690634	0.0687554883504032	-20.0115302780519	4.37024708283972e-89	1.54097426327068e-87	88.3594940084116	down	231549
Dapk2	440.676892106738	1.3750426512564	0.138766975602122	9.90900497247246	3.80415816821137e-23	4.875452156664e-22	22.4197414343862	up	13143
Anapc15	271.567471597906	1.37489813464486	0.139848076969704	9.83136961506239	8.24891894476546e-23	1.04434521196821e-21	22.0836029638242	up	75430
A830019P07Rik	17.0780028075589	1.37477331458665	0.448062365363989	3.06826330631415	0.00215306816107133	0.00691230741157994	2.66694222121758	up	329056
Gm15326	22.2593218349302	-1.37434922646617	0.492626532765357	-2.78984004119971	0.00527340880520732	0.0153932716195147	2.27790855998584	down	102636620
Ripk2	294.491554855083	-1.37424285426919	0.10673601986277	-12.8751555101647	6.21138477725714e-38	1.17778933005698e-36	37.2068115666386	down	192656
Herc6	89.6622493229641	1.373877078172	0.209702934581377	6.5515395905862	5.69468855302698e-11	4.23071710361958e-10	10.2445300228404	up	67138
Vtcn1	58.4078945455742	1.37365456323207	0.240110384477469	5.72092942261297	1.05942902124751e-08	6.61595486178509e-08	7.97492813448233	up	242122
8030456M14Rik	34.4760860928981	-1.37361100487589	0.432985620791543	-3.17241714023848	0.00151175692038556	0.00500770981782145	2.82051803464305	down	77492
A930007I19Rik	253.51797675555	-1.37339354326518	0.121946603921929	-11.2622533067377	2.01538545861534e-29	3.1295542155056e-28	28.6956418792797	down	77779
Cacna1c	29.0410367814257	-1.37314965154058	0.394633239037948	-3.47955903280752	0.000502239705730657	0.00182020403960368	3.29908895610323	down	12288
Myh14	102.878575239471	1.37309575699771	0.205733773211481	6.67413879385888	2.48688177293238e-11	1.88657186989945e-10	10.6043448607226	up	71960
Cfap45	35.9899184476534	-1.37295208433815	0.331965582695857	-4.13582659138501	3.53679205759882e-05	0.000154319953283714	4.45139047337499	down	71870
Poln	19.3745918334824	1.37284464546564	0.434295239291919	3.1610861028639	0.00157182027640106	0.00518524026277056	2.80359711314995	up	272158
Chst11	899.671852922653	-1.37242801200711	0.0847380038928181	-16.1961333635265	5.3699150539018e-59	1.3815266642995e-57	58.270032584303	down	58250
Gm37607	10.0453770011805	1.37231077964542	0.581860370936416	2.35848813253409	0.018349546490068	0.0459488343314739	1.73637466488845	up	NA
Pid1	2385.05688815009	-1.36976581166019	0.0406713228139769	-33.6789097793855	1.17712878070067e-248	1.07588537986935e-246	247.929176021704	down	98496
Ets2	2067.485798529	-1.36920663198621	0.0469786770916849	-29.1452785976503	9.58809330618881e-187	6.72748405413026e-185	186.018267748297	down	23872
Ramp2	658.343472577576	1.369012513231	0.125112336588598	10.942266370843	7.23678714520607e-28	1.07412683275605e-26	27.1404542010401	up	54409
Ushbp1	467.070402155475	1.36895109776695	0.114815367493497	11.9230650709234	8.97449683843839e-33	1.52048406192047e-31	32.0469898910968	up	234395
Gm11613	114.028156272779	-1.36821951955877	0.176147538006569	-7.76746320182882	8.00735909204547e-15	7.28351619900199e-14	14.0965106950101	down	108167924
Gm12446	13.3142456420727	-1.36804117236585	0.562899866278521	-2.43034552736765	0.015084434600005	0.0386837967794123	1.82147096355991	down	115489985
Gm15851	8.99378793058861	1.36794960921113	0.581749191930035	2.3514422163145	0.0187007939652627	0.046671358735582	1.72813995456443	up	NA
Zkscan5	54.3011302178828	1.36708663371103	0.322266608174735	4.24209830939041	2.21439646770383e-05	9.92169597731244e-05	4.65474461998795	up	22757
Arsg	170.730018907943	-1.36624821832759	0.164980032595652	-8.28129438958301	1.21843562943541e-16	1.20794386687938e-15	15.9141974098682	down	74008
Ripply3	168.951762371215	1.36618015488522	0.139431752837403	9.79819967176608	1.14610097397289e-22	1.44311771580792e-21	21.9407771184005	up	170765
Rpl39	7080.15085844973	-1.36552684614242	0.0298251018065519	-45.7844823128968	0	0	Inf	down	67248
Lyst	3389.83901533182	-1.36493750451247	0.0430082983038565	-31.7366080115307	4.85937064104697e-221	3.9711539132854e-219	220.313419974528	down	17101
Rcn1	356.884123863512	1.3647431477207	0.116197694097472	11.745010590106	7.49131148341429e-32	1.2321344909461e-30	31.1254421448973	up	19672
Csf2rb	759.111490430752	-1.36466704172751	0.073146672487752	-18.6565840292463	1.11644018905577e-77	3.51974237514873e-76	76.9521645383864	down	12983
Alox5ap	913.917424796428	-1.36463491093043	0.063143755996861	-21.6115574594307	1.39850996802462e-103	5.69209945774706e-102	102.854334433803	down	11690
Gm28707	18.0097807838381	-1.36460040849377	0.500602560453562	-2.72591575891542	0.00641233618496983	0.0183274937058741	2.19298371659707	down	108168079
Cmip	4679.43932957697	-1.3644232516372	0.0406881349694601	-33.5336886947833	1.55669488336427e-246	1.41659234386149e-244	245.807796502048	down	74440
Gm24305	18.9901651030478	-1.36408995838329	0.417244602388503	-3.26928125750363	0.00107821067974454	0.00368462321338085	2.96729637077194	down	115488077
Ugt2b34	95.8656328096852	-1.3635686806535	0.236128650010925	-5.77468545468925	7.7096972099206e-09	4.86560812106407e-08	8.11296267806356	down	100727
Gm20139	28.2849513020374	-1.36313430379288	0.34226710790031	-3.98266229014888	6.81475586901607e-05	0.000285310887998765	4.16654969766324	down	100504265
Stard8	732.21900193569	1.36253365596759	0.0719557678842747	18.935711424259	5.79278478982761e-80	1.86866628847086e-78	79.2371126058573	up	236920
Ppl	170.383024892177	1.36206112550051	0.136999265367422	9.94210532332099	2.72995466398305e-23	3.52039141353606e-22	22.5638445651737	up	19041
Coq10b	344.870930305292	-1.36201153437968	0.1222365647842	-11.1424231921456	7.79685826694692e-29	1.18684243553621e-27	28.1080803604109	down	67876
Fgd4	1109.37855449424	-1.36106310193287	0.0646159107356835	-21.0639003062327	1.7053966789495e-98	6.64275913880909e-97	97.768174587087	down	224014
Adamts15	13.7915298371301	1.36090053622966	0.475089954835568	2.86451128334355	0.00417653274810877	0.012537419466701	2.37918410895053	up	235130
Cldn6	34.3039848750143	1.36036144889307	0.34405230067266	3.95393795139116	7.68753534116366e-05	0.000318870519455632	4.11421287467187	up	54419
Snx20	845.145637039812	-1.36009539678578	0.0784654399057288	-17.3336872694507	2.61980485991032e-67	7.40761376874779e-66	66.5817310565506	down	71607
Birc3	1501.10616827654	-1.36008169692231	0.0530210497789029	-25.6517308237734	4.04416441295379e-145	2.23544674274653e-143	144.393171196754	down	11796
Mrpl52	1000.19843017708	-1.35982897646376	0.0588189881479331	-23.1188774115547	2.99065207995665e-118	1.37576597558977e-116	117.524234108047	down	68836
E430024P14Rik	21.202459086569	-1.35910959947428	0.416963818070438	-3.25953845531193	0.00111593651096214	0.00379797500439979	2.95236051303567	down	NA
Atp7a	734.446968322211	-1.35831864720401	0.0701697512560077	-19.3576095524169	1.75858739018017e-83	5.83554181910265e-82	82.754836045243	down	11977
Gm24265	19.3210867588045	-1.35808617008428	0.445413066584725	-3.04904878632686	0.00229567198038181	0.00733172542516117	2.63909016648627	down	115490317
Sema3b	14.9789142512775	1.35800415130199	0.472012592349836	2.87705068320612	0.00401411116548578	0.0120899064283218	2.39641060447221	up	20347
Tspan15	104.617288011048	1.35717658366892	0.23090977844718	5.87751888549566	4.16461216069445e-09	2.68024560891635e-08	8.38042543706945	up	70423
Kmo	223.903176650615	1.35699056673649	0.126626736430325	10.7164616651331	8.52006630811048e-27	1.21943449034831e-25	26.0695570252879	up	98256
Galnt6	75.7285082520285	-1.35689790785726	0.205424861456703	-6.60532468288047	3.96647056526406e-11	2.97221431533757e-10	10.4015957642168	down	207839
Fut2	71.1180819753254	-1.35646803949637	0.212021943177366	-6.39777194364088	1.57660525096822e-10	1.13802829320841e-09	9.8022770313297	down	14344
0610040B10Rik	36.8999408513867	-1.35612446519059	0.285012820013332	-4.75811742477813	1.95406820770794e-06	9.96593915331027e-06	5.70906028109105	down	67672
Sorbs3	218.801332034697	1.35502657466769	0.155178720781103	8.7320385671893	2.50122898492097e-18	2.65122638945922e-17	17.6018465472398	up	20410
Hap1	13.1527832727518	1.35496167287049	0.530632937140994	2.55348203632235	0.0106651779955772	0.0286057595194488	1.97203189203341	up	15114
R3hdm4	317.413924610887	-1.35487206917495	0.143867394102275	-9.41750615300485	4.61928697808353e-21	5.49123339054664e-20	20.3354250559118	down	109284
Fkbp14	31.1401206960374	1.35423949368651	0.338706801044548	3.99826484000359	6.38085326089691e-05	0.000268194032077109	4.19512124263909	up	231997
Ndel1	1589.24440615981	-1.35374766318207	0.0544941984080122	-24.8420511307683	3.15149636673608e-136	1.65425775280638e-134	135.501483189223	down	83431
Eps8l2	156.997960837877	1.35350023114272	0.178723234747549	7.57316323786652	3.64244134818778e-14	3.19196111248466e-13	13.4386074326571	up	98845
Nup210l	99.4084740933057	-1.35322241781388	0.194774817680045	-6.9476251290185	3.71486532165752e-12	2.94238230475184e-11	11.4300569264852	down	77595
Card19	611.650219003543	-1.35302125309959	0.107530505038863	-12.5826736572156	2.62976276210715e-36	4.81984399292443e-35	35.5800834286034	down	68480
Plekhg6	82.1143817670213	-1.35283023038412	0.225495673986207	-5.99936223373787	1.98094012270791e-09	1.30759617412449e-08	8.70312865155411	down	213522
Fignl1	47.231966511801	-1.35258262786069	0.342200789631477	-3.95259937686677	7.73068065884409e-05	0.000320405040273771	4.11178226631892	down	60530
Gm13431	34.0317981446932	1.35230461288569	0.358759707254688	3.76938821595612	0.000163648180747108	0.000645516645578076	3.78608881831738	up	100504593
Apobr	185.082324636282	-1.35218025577158	0.146073003500691	-9.25687993925024	2.10493103477424e-20	2.43422074548615e-19	19.676762128668	down	171504
Fam174b	251.054700034347	1.35147033333128	0.118311602980163	11.4229737345193	3.21056909775229e-30	5.06089632587443e-29	29.4934179787767	up	100038347
Gm19265	16.2222490673426	1.35084198887711	0.45007020937383	3.00140280503457	0.00268738815592965	0.00846470401774758	2.57066960122456	up	100502586
Ube2c	303.71348459279	-1.35081937008641	0.109627145306538	-12.3219424013028	6.90117579858848e-35	1.23233592516526e-33	34.161076909359	down	68612
Snrk	1746.13667837223	1.35066598013149	0.0499712538462765	27.0288591174129	6.77017348347549e-161	4.17407234385046e-159	160.169400202519	up	20623
Wdr95	14.7449253885374	-1.35040692447777	0.505690991305706	-2.6704191842354	0.00757566055853438	0.0212452813481047	2.12057949293536	down	381693
Bex6	19.6546090324229	-1.35012111910864	0.415365980031823	-3.2504374070433	0.00115227630609175	0.00391143279730347	2.93844336828908	down	328660
Il5ra	53.1994383663312	-1.35010232409794	0.270032385381062	-4.9997792753366	5.73959817375473e-07	3.09223077411776e-06	6.24111851126572	down	16192
Slc9a9	1799.14021650087	1.34967829736563	0.0624567928470156	21.6097919192167	1.45301866148662e-103	5.90242804809351e-102	102.837728807912	up	331004
Gm42067	9.66934757777832	-1.34942584589451	0.569972671782233	-2.36752727402706	0.0179074000980783	0.0450147539980523	1.7469674630075	down	105246846
Kcnab2	117.338382569729	-1.34871193457466	0.174799990408238	-7.71574375619125	1.202787473143e-14	1.08318444912822e-13	13.919811103662	down	16498
Igsf9	29.936470128577	1.34863838550675	0.387771639835043	3.4779190816545	0.000505322446041944	0.00183073964761267	3.29643141029996	up	93842
2700038G22Rik	26.3295826751875	-1.34852839550785	0.37582959987193	-3.58813780491845	0.000333048254954227	0.00124357509137988	3.47749283753853	down	67194
Gna14	315.886482971692	1.34843556466559	0.132422543924425	10.1828248023626	2.36591766776775e-24	3.16656122534438e-23	23.6260003725806	up	14675
9430062P05Rik	9.53660807852119	1.34835338615975	0.559465693426718	2.41007340039227	0.015949311392726	0.0406565994022038	1.79725806275069	up	115487189
Slc15a4	245.079468068581	-1.34831438645685	0.138347178497106	-9.74587556539904	1.92115517222153e-22	2.40305838138802e-21	21.7164375556391	down	100561
Lmod1	21.3041424821651	-1.34816793854967	0.432908789583605	-3.11420782157464	0.00184439528462062	0.00599054758980814	2.73414599676811	down	93689
Stk17b	1172.53393884512	-1.34777379783279	0.056768853140791	-23.7414307893486	1.34716748242111e-124	6.52874957352872e-123	123.870578408605	down	98267
Gm5535	19.0423591781882	-1.34673067769301	0.490819882286715	-2.74383888325516	0.00607253339742237	0.0174450033866708	2.2166300880047	down	433481
Fgd5	925.525609394727	1.3460903272249	0.0841849746694347	15.989674315524	1.50817402174923e-57	3.83278517551612e-56	56.8215485441924	up	232237
Ttc25	33.5142087501964	-1.34604049913924	0.299165854986678	-4.49931192581846	6.81737633553271e-06	3.25245662674373e-05	5.16638273124227	down	NA
Mgll	937.315446326754	1.34595056056979	0.062077703601599	21.6817066753597	3.05344731147794e-104	1.25011372345558e-102	103.515209569538	up	23945
Rtl8b	74.9491495585978	1.34560885799099	0.248807296397084	5.408237127594	6.36481194140661e-08	3.75421217228906e-07	7.19621442374889	up	553127
Gm12703	16.725693779408	-1.34492725403156	0.457725228487911	-2.9382851770581	0.003300332909458	0.0101562074119925	2.48144224998626	down	100039265
Rnf24	113.987414993805	-1.34487688982189	0.162715009971559	-8.26522943431561	1.39426326702823e-16	1.37636438756993e-15	15.8556552143137	down	51902
Ninl	58.6158622680235	1.34427620886127	0.272354468280661	4.93575970075879	7.9839361715061e-07	4.23891072300677e-06	6.09778294372388	up	78177
Hdac9	1040.79836262479	1.34423161738662	0.221064485782123	6.08072170720116	1.19642792466682e-09	8.02716082489757e-09	8.92211345907504	up	79221
Ifi44	98.0711476438078	1.34394365303066	0.201582454891335	6.66696738937488	2.61143088596008e-11	1.97745669449572e-10	10.5831214636977	up	99899
3300005D01Rik	15.0343998462513	-1.34372354392384	0.562286557117903	-2.38974865558111	0.0168599066141326	0.0427269359031873	1.77314483523199	down	78512
Pdgfd	2167.19439180818	1.34286110887262	0.0743331100317343	18.0654503531378	5.96333530414292e-73	1.79580844513055e-71	72.2245107706232	up	71785
Gm19935	40.6754527053408	1.34240353892432	0.335725606532125	3.998514003119	6.37414105494497e-05	0.000267965958127896	4.19557833014587	up	100503868
Asic2	22.8114350388443	-1.34151385256973	0.493168309391056	-2.72019476317564	0.00652434757558192	0.018612029996927	2.18546291057836	down	11418
Sh3kbp1	1737.45083199397	-1.34113934076093	0.0492749577822734	-27.2174630100526	4.03589578082441e-163	2.51808479570658e-161	162.394060057102	down	58194
9530082P21Rik	32.7776042467889	1.34089641087747	0.341363773709603	3.92805714650368	8.56348651651871e-05	0.000352955885122099	4.06734938174754	up	638247
Gm16124	94.29177626473	1.34051389625895	0.197735789178999	6.7793185129752	1.20744068114457e-11	9.30542024939779e-11	10.9181341959672	up	102636154
Plekhs1	29.893706542457	1.34050907061316	0.373207261904934	3.59186223700712	0.000328323408316104	0.00122747246248642	3.48369815248205	up	226245
1600010M07Rik	135.128053522273	-1.33939209391857	0.154763958012189	-8.65441871041498	4.95430137343751e-18	5.17247927460242e-17	17.3050175785253	down	69781
Gm32856	34.6162964132115	1.33914144347677	0.339331644867958	3.94640895928777	7.93320668041267e-05	0.000328407020288279	4.10055123107957	up	102635552
Clmp	18.9927476947272	-1.33851038940229	0.44125274978728	-3.0334324036452	0.0024178887297763	0.00769022943220519	2.61656368906502	down	71566
Gm7135	80.5528706275453	-1.3378687633902	0.217135695511089	-6.16144093784836	7.20859573647336e-10	4.93009276509250e-09	9.14214932935809	down	634346
Pappa	12.8331041565922	-1.33775224234362	0.567819616070224	-2.35594580476448	0.0184756129642709	0.0462311837851155	1.7334011441329	down	18491
Il12rb2	80.0658076808747	1.33748638624568	0.197830169428695	6.76078067419213	1.37250162678824e-11	1.05540816976532e-10	10.8624871321203	up	16162
Gm30881	27.7615096267087	-1.33714838663718	0.412049336874682	-3.24511719101213	0.0011740229709248	0.0039794184598409	2.93032340560264	down	102632932
Gm48163	22.493646412084	1.33711342020549	0.392117989665253	3.40997724013368	0.000649683009504061	0.00230839628901196	3.18729849074597	up	NA
Gm20429	15.474273368067	1.33666853608296	0.451931936660374	2.95767664918857	0.00309967087490325	0.00959364939285738	2.50868441739208	up	NA
Lamc3	541.250591529147	1.33601074062604	0.101565757468273	13.1541453923915	1.61094625818904e-39	3.14920347789881e-38	38.7929189475766	up	23928
Kcnt2	116.948898175009	1.33596558564818	0.173893220234979	7.68267781712775	1.55797066254521e-14	1.39341419041973e-13	13.8074407245933	up	240776
Milr1	142.46413141339	-1.33574299586618	0.189617429306978	-7.04441042549788	1.86248414359542e-12	1.49623388852679e-11	11.729907415964	down	380732
Anks1b	80.2981981783767	-1.33532642421609	0.260669509309573	-5.12267977851696	3.0122366548083e-07	1.67258192511458e-06	6.52111091101054	down	77531
Gm4617	35.8503781110672	-1.33418170680694	0.355956336726742	-3.7481611342437	0.000178135803251503	0.000698170397584741	3.74924878355834	down	100043740
Ttc8	51.7459912363596	1.33299725567181	0.294425049930398	4.52745870633947	5.96972618078321e-06	2.86643142583736e-05	5.22404558861973	up	76260
Blk	239.71491582898	1.33262833232462	0.132796078449528	10.0351482354286	1.06798867101947e-23	1.40406243667802e-22	22.97143335418	up	12143
Cldn34c1	31.1285386173954	1.33197664181836	0.365465180302609	3.64460614473715	0.000267801594864479	0.00101578402536966	3.5721868409208	up	73061
Svil	1968.36627831867	-1.33195364327228	0.0508602741225291	-26.1884873066831	3.59430730353381e-151	2.07484127142219e-149	150.444384794638	down	225115
Nr2f1	58.3743074913476	1.33154129206679	0.257491696436419	5.1712008988825	2.32594337478783e-07	1.30683025039643e-06	6.63340086240057	up	13865
Caskin2	66.6274748868611	1.33086639767956	0.219229279695869	6.07065990239001	1.27385706126839e-09	8.53017586753599e-09	8.89487930118834	up	140721
Spaca9	12.5025466499779	-1.32947012679895	0.560153290207964	-2.37340411997825	0.0176249683340163	0.0443636568562103	1.75387165461312	down	69987
Lacc1	230.165125220192	-1.32915680215524	0.118401753412466	-11.2258202589701	3.04547192643987e-29	4.69412644046454e-28	28.5163453995277	down	210808
Alb	22700.2222925512	-1.32834534647968	0.0301083488926939	-44.1188373103388	0	0	Inf	down	11657
Tnk2	133.692171952552	1.32834181927157	0.219669002306412	6.04701530632296	1.475537446054e-09	9.83015499946269e-09	8.83104976453863	up	51789
Sema3f	259.42496121306	1.32822472607714	0.127011561790263	10.4575103821688	1.35365709060449e-25	1.87683700007365e-24	24.8684913375116	up	20350
Trim7	56.4078627662162	1.32780508749896	0.285944519014717	4.64357593589902	3.4243005315658e-06	1.69057092578298e-05	5.46542812674225	up	94089
Adora2a	101.033510458523	-1.32763713873303	0.221085331193135	-6.00508921857526	1.91226721924135e-09	1.26346660056343e-08	8.7184514197309	down	11540
Slc20a1	279.38492717705	-1.32763514561623	0.102672971315643	-12.930717097246	3.0198898556712e-38	5.75242090514918e-37	37.5200088967602	down	20515
Selenon	178.462679826966	-1.32613950716256	0.15279946022763	-8.67895413496204	3.99424721760623e-18	4.19536883909759e-17	17.3985650586642	down	74777
Gm14305	14.8090166902271	1.32583346318437	0.485042369483548	2.73343845115235	0.00626768363309628	0.0179450081646215	2.2028929330503	up	100043387
Cmtm8	501.242865243981	1.32540627011641	0.0917196826035502	14.4506198941546	2.48439771094257e-47	5.48436058245044e-46	46.6047788795736	up	70031
Amotl1	906.312914759622	1.32508781687719	0.0951075823682695	13.9325149886186	4.01948426845575e-44	8.47793852938758e-43	43.3958296667494	up	75723
Cenpw	68.0695486812327	-1.3247237997477	0.237462158514882	-5.57867328433586	2.42359962755967e-08	1.47331950521342e-07	7.61553912291457	down	66311
Mboat7	207.675419917348	-1.32405591232626	0.147722984050002	-8.96310023007722	3.15675406111122e-19	3.47509761645519e-18	18.5007592521473	down	77582
Arap1	318.859624006103	-1.32380864364453	0.106407358958172	-12.4409501053862	1.56629656812371e-35	2.83826558114174e-34	34.8051260036412	down	69710
Pla1a	242.766705606219	-1.32376312829361	0.123462458639601	-10.7219890392577	8.02585264729502e-27	1.15028021538501e-25	26.0955088180702	down	85031
Pla2g15	53.3524744617517	-1.32355245513307	0.304801230263504	-4.34234617094177	1.40969184251159e-05	6.50787955385445e-05	4.85087581338958	down	192654
Flvcr1	220.622403237315	-1.32310732099842	0.12376982463729	-10.6900637928172	1.1329302780714e-26	1.61264576944876e-25	25.945796816333	down	226844
Cx3cl1	10.0357384649872	1.32116403887656	0.558171631459876	2.36694945499309	0.0179353820773024	0.0450524863921053	1.74628936711756	up	20312
Polr2k	228.068257236077	-1.32056361377657	0.135461329864167	-9.748639077298	1.8695769124614e-22	2.33994674347046e-21	21.7282566637162	down	17749
Cyp2d26	43.5554256244837	-1.32003025858718	0.26477432237943	-4.98549197189723	6.18043457105953e-07	3.3134570626784e-06	6.20898098685653	down	76279
Gm44659	16.9811464158316	-1.31956930736367	0.461224536232548	-2.8610128119861	0.00422289986141929	0.0126547325585442	2.37438921697639	down	NA
Plxnc1	1988.70578883076	1.31955220801695	0.0497578343801501	26.5194863171811	5.77780654044149e-155	3.40123475978136e-153	154.238237003825	up	54712
Klrb1a	12.307978629792	1.31933164136771	0.527715555120596	2.50008101630851	0.0124164907827589	0.0326701075027668	1.90600112952407	up	17057
Polg2	112.609899722767	-1.31928120768597	0.216441236784793	-6.09533205078534	1.09210518852363e-09	7.3485243860652e-09	8.96173552958432	down	50776
mt-Nd4	731873.509682583	1.3184715875956	0.017926532456696	73.5486124146176	0	0	Inf	up	17719
Dlg5	86.2001926040308	1.31807159827628	0.208665798023863	6.31666334760595	2.67270927630687e-10	1.89766911785209e-09	9.57304827901465	up	71228
S1pr3	24.2415666965032	1.31787968148359	0.408827198814527	3.22356165466738	0.001266070403813	0.00425954813449452	2.8975421433413	up	13610
Cuedc1	298.825704409469	1.31749379990202	0.156973299698003	8.39310763318803	4.73457786712579e-17	4.77559865309944e-16	16.3247187364391	up	103841
5930403N24Rik	11.0429956374894	-1.31722928558675	0.536844903240409	-2.45364960649887	0.0141414701438	0.0365787602654346	1.8495054390433	down	100040846
Afap1l1	195.333479683537	1.31593476643185	0.135799694343016	9.69026309520205	3.31673168688405e-22	4.11903287383652e-21	21.4792896601112	up	106877
Adpgk	206.849250412316	-1.31566612260545	0.164891686878805	-7.97897181786042	1.47557257875381e-15	1.38573487916407e-14	14.831039424065	down	72141
Dclk3	17.5152366496559	1.31514418944058	0.449452299912077	2.92610403750932	0.00343236131701347	0.010520220250808	2.46440700120629	up	245038
Nup107	136.88977363454	-1.314837778095	0.160332884218762	-8.20067439378814	2.39042184001257e-16	2.33539618959315e-15	15.6215254519289	down	103468
Hspa12b	121.03056637792	1.31483301460326	0.196670558968693	6.68545928530441	2.30201517797873e-11	1.75015302057274e-10	10.6378918172437	up	72630
Sash1	1773.95627577296	1.31394067428254	0.0503466086798426	26.097898323956	3.85166870218162e-150	2.20508033199898e-148	149.41435107539	up	70097
Rin1	10.982945064322	1.31391496287941	0.529816087659454	2.47994538762277	0.0131402506889507	0.0343360105463378	1.88139634925193	up	225870
Klhl13	175.938218012378	1.31333577952488	0.138058246425196	9.51291077158858	1.85400760787718e-21	2.2306965670065e-20	20.7318884880705	up	67455
Trpv4	27.9548516453987	1.31216856468199	0.391747415791228	3.34952704673686	0.000809496520333537	0.0028313356809719	3.09178501374593	up	63873
4930432B10Rik	43.6191078519798	-1.31133873304669	0.32794910272972	-3.99860442407563	6.37170685775087e-05	0.000267965958127896	4.19574421293835	down	74619
Nipal2	273.801512916166	1.31086148934036	0.130322846493832	10.0585701172695	8.42125333306567e-24	1.10929518462551e-22	23.0746232677489	up	223473
Tpbgl	286.781942869092	1.31061227773836	0.129777422520071	10.0989236208299	5.58518358896533e-24	7.38512949304877e-23	23.2529625467446	up	100503386
Nlrc3	44.8013679856346	1.30929728922798	0.298593872084391	4.38487662217641	1.1605153494603e-05	5.40303381756102e-05	4.93534911101003	up	268857
Gm48236	18.5681261682101	-1.30761547595465	0.438025025178312	-2.98525289833005	0.002833439595855	0.00885513613347666	2.5476860413484	down	NA
Mocos	2591.08081160559	1.30733446501901	0.0744921615356159	17.5499601309589	5.95217849255185e-69	1.7203529487696e-67	68.2253240537444	up	68591
Dll1	46.8331533871814	1.30732548916379	0.275703564951779	4.74177941584631	2.11849217152231e-06	1.07676239908179e-05	5.67397313651121	up	13388
Zbtb46	1039.90426170944	1.30707860799363	0.0572818542269437	22.8183711165345	3.01315208823252e-115	1.3620623940711e-113	114.520978946849	up	72147
Meis2	3320.00690894378	1.30683572316037	0.0350622778273857	37.2718432497176	4.69252388703564e-304	5.22927835732276e-302	303.328593507949	up	17536
Ptpro	281.181789195419	-1.30676010391578	0.131475000560377	-9.93922873813319	2.80994236578997e-23	3.621298018596e-22	22.5513025877377	down	19277
Mapk12	184.989988521715	1.3064770058867	0.153309951361296	8.52180171140883	1.57090171284174e-17	1.61499855914697e-16	16.8038509867651	up	29857
Nlrc4	92.2320022140435	-1.30614555267251	0.206558963972144	-6.32335449188567	2.55945214269097e-10	1.8203557406668e-09	9.59185298659021	down	268973
Gm14303	514.098823730413	-1.30593780815439	0.111840205178771	-11.6768187796769	1.67445581790403e-31	2.73463830637164e-30	30.7761263072424	down	629957
Ceacam10	50.8428235179361	-1.30565404309805	0.298078040843214	-4.38024229964935	1.18547415567846e-05	5.51430712727308e-05	4.92610790956313	down	26366
Ubash3a	17.4901641282971	1.30556902310207	0.433289183324706	3.01315858633765	0.00258543771748394	0.00817213606333691	2.58746591980599	up	328795
Gm6377	82.2939396236025	-1.30517292189579	0.218915279682265	-5.96200011159627	2.4916897787002e-09	1.63312845484373e-08	8.60350602934243	down	622976
Zyx	1020.15536860252	-1.304383972713	0.071614514368937	-18.2139610134504	3.99937177496951e-74	1.21846357337119e-72	73.3980082226949	down	22793
Gm11476	266.641942952959	-1.30418366770454	0.120603441752078	-10.8138179869321	2.96084803214703e-27	4.30272748548898e-26	26.5285838825444	down	102634096
Garem1	130.70696810186	1.3034349873718	0.168211601928455	7.74878172747076	9.2778337299362e-15	8.40977716825317e-14	14.0325534148328	up	381126
Gpr132	560.432078746116	-1.30331657777439	0.0827287120819322	-15.7541021125003	6.43670680842423e-56	1.5892717201511e-54	55.1913362725059	down	56696
Rhbdd2	46.5305197530072	1.30328892387404	0.315384822450856	4.13237680160439	3.59031214072064e-05	0.000156393216347152	4.44486779234102	up	215160
Sgo1	37.4838122707141	-1.30230875212577	0.352451703762596	-3.69499916789445	0.000219887507431311	0.000848719349390829	3.65779944370771	down	72415
C330011M18Rik	19.068909212745	-1.30212180006377	0.458630038650112	-2.83915507125594	0.00452331688926295	0.0134352053385619	2.34454298589161	down	NA
Nlrp12	98.5695344904607	-1.30197413152073	0.186855419006703	-6.9678157499624	3.2189941068736e-12	2.55837597990614e-11	11.4922798183919	down	378425
Slc39a8	265.279223515019	1.30183360868592	0.11911978164375	10.9287776616255	8.39718961764212e-28	1.24105698185847e-26	27.0758660398634	up	67547
Slc25a51	347.752105453595	-1.30163047754182	0.119168290000094	-10.9226244459897	8.98610413329179e-28	1.32621405122994e-26	27.0464285529974	down	230125
Spats2	501.347703545388	1.30137181990325	0.124924840547216	10.4172381906015	2.06873332068371e-25	2.85309951487279e-24	24.6842954903977	up	72572
Mbl1	50.4193309428502	-1.30080805657377	0.25872835588719	-5.02769807396351	4.96402636837325e-07	2.69318785447879e-06	6.30416592024168	down	17194
Gm13212	72.6577225250375	-1.30025441852392	0.229973204257893	-5.65393878264971	1.56812081241373e-08	9.67092915356307e-08	7.80462048110093	down	NA
2610203C22Rik	25.8563114191341	1.30012714302306	0.403080700052843	3.22547604698665	0.0012576335902514	0.00423519196482349	2.90044587153844	up	72481
Gm9843	1811.57717462855	-1.29945567246372	0.0539749365965228	-24.0751681132578	4.55097666337398e-128	2.24734129592536e-126	127.341895391475	down	100039316
Sftpd	125.5948221881	1.29921169679681	0.22721072170123	5.71809150144423	1.077271318203e-08	6.71731208857942e-08	7.96767490286844	up	20390
Fosb	2458.88291259679	-1.29897083540096	0.0439747054580323	-29.5390457280184	9.08004796417062e-192	6.4579904274864e-190	191.041911857369	down	14282
Vsig4	37.2118323287667	-1.29882340969324	0.282612641565238	-4.59577251215574	4.31148890937412e-06	2.10168695631455e-05	5.36537272671604	down	278180
Prom1	198.022542448643	1.29866718299573	0.162810247942122	7.97656903917623	1.50457024810199e-15	1.4123306036125e-14	14.8225875303228	up	19126
Ints12	123.847823468694	-1.29826702904386	0.20721402744034	-6.26534335093531	3.72004804603486e-10	2.60841457709692e-09	9.42945145098018	down	71793
Cgn	206.088569013315	1.2982598043917	0.140959283910465	9.21017593432395	3.25590834162289e-20	3.72801505115821e-19	19.4873278296083	up	70737
Zswim4	328.145302265582	-1.29816310014491	0.104333978696263	-12.4423808654333	1.53848684258052e-35	2.79029828655662e-34	34.8129062135661	down	212168
Fbxl5	1542.49511253525	-1.29781988826558	0.0616125501350171	-21.0642131419905	1.69417070982522e-98	6.61139015394151e-97	97.7710428309594	down	242960
Rhag	13.1592651908581	-1.2969747673134	0.545572593802538	-2.3772725793899	0.0174411942817608	0.0439914122049883	1.75842378017064	down	19743
Lonrf1	183.16929348202	-1.29696235333312	0.130842858756103	-9.9123663733969	3.67829137738747e-23	4.72285360526047e-22	22.4343538709165	down	244421
Crtap	22.5101213560787	1.29676470984863	0.43490393911993	2.98172675205647	0.00286627698629588	0.00894568610415154	2.54268184331505	up	56693
Cd274	1010.20593268058	-1.29648537986862	0.0693885409163924	-18.6844306386379	6.6282243641484e-78	2.09598736759466e-76	77.1786027992173	down	60533
Usp54	124.506753762285	1.29638048572696	0.188810032981465	6.8660571965168	6.60006202572492e-12	5.16480257431774e-11	11.1804519830485	up	78787
Iigp1	554.003639805794	1.29625044462087	0.121750365138036	10.6467889698008	1.80483598492293e-26	2.56205566006873e-25	25.7435622586222	up	60440
Tnfsf15	47.5577822554634	-1.29585761128004	0.394063295106424	-3.28845042756409	0.00100740523726388	0.00346653199130483	2.99679579567714	down	326623
Cgnl1	461.543072796474	1.29554499166224	0.155490629534017	8.33198113317053	7.95006201555179e-17	7.9306530561074e-16	16.0996294835565	up	68178
Hmmr	79.2234764902086	-1.29509743119304	0.239173248225184	-5.41489251328681	6.1325534134665e-08	3.62337058642553e-07	7.21235866047621	down	15366
St6galnac4	85.5108076642621	-1.29475943277362	0.210468803413267	-6.15178787438295	7.66143068368762e-10	5.22778500384303e-09	9.11569012331604	down	20448
Lama5	142.38951965125	1.29278383830491	0.181510998150711	7.12234438395566	1.06106525512326e-12	8.64745359855829e-12	11.9742579063263	up	16776
Fem1c	1087.44666557735	-1.2925162760989	0.0675646552277308	-19.1300654423884	1.41895961428046e-81	4.63474912256904e-80	80.8480299650392	down	240263
Gsta4	38.8962312830799	1.2924156967786	0.3300246583647	3.91611858090431	8.99860000360917e-05	0.00036921013088248	4.04582505256087	up	14860
Zc2hc1a	201.267482107197	1.29223736593782	0.136201307345328	9.4877016316844	2.36184204943811e-21	2.83353059690505e-20	20.6267491496315	up	67306
Atg7	847.32719505832	-1.29222109270577	0.0662210063171182	-19.5137640542277	8.38729940780634e-85	2.82820278898505e-83	84.0763778533654	down	74244
Oas1c	21.2985730116701	1.29166116780989	0.498348596521251	2.59188282424471	0.009545227641911	0.0260016991934357	2.02021370975885	up	114643
Apbb2	1370.5965847209	1.29150431537944	0.0513629762251813	25.1446549693174	1.61684872724267e-139	8.66157085527251e-138	138.79133061089	up	11787
Gpatch3	64.0140607164301	-1.29139105667691	0.227125261297691	-5.68580988877453	1.30194165814607e-08	8.06035716402432e-08	7.88540847668405	down	242691
Cdr2l	152.281550609743	1.29079686801633	0.154084487374349	8.37720194947549	5.42008013777423e-17	5.45120897640333e-16	16.2659942922188	up	237988
Gm7247	14.164831550405	1.29071603527284	0.505779278368719	2.55193538065808	0.0107126385325371	0.0287163203472524	1.97010354887015	up	638695
Gm50346	35.2135480669665	-1.29067508611626	0.319857393846599	-4.03515788894115	5.45655921449717e-05	0.000232059668307972	4.26308112747823	down	NA
Erc2	279.92076319784	1.2905857142077	0.116205232619221	11.1060895031867	1.17179462504152e-28	1.7785162557349e-27	27.9311484984092	up	238988
Clec4n	287.674203859897	-1.29047072432818	0.152986521213081	-8.43519229076921	3.30658695551322e-17	3.35308834870754e-16	16.4806200518794	down	56620
Slc39a12	25.2501908788148	1.28923903459442	0.430271054421731	2.99634154179186	0.00273240205932985	0.00858313634524792	2.56345539602232	up	277468
Ccdc152	601.40715492612	1.28881718333186	0.0851422779086514	15.1372175491314	9.20256139442747e-52	2.16936851695106e-50	51.0360912764977	up	100039139
BC067074	28.2000796488399	1.28867477513453	0.414905531470353	3.10594744439221	0.00189670422975775	0.00614607672895688	2.72200038729736	up	NA
Cldn2	22.227506300128	-1.28837681894068	0.411883162613921	-3.12801526229985	0.00175991042322444	0.00574839707046615	2.75450943655481	down	12738
Pofut2	178.934908504501	-1.28794442835802	0.138766264384413	-9.28139439417444	1.67274899566376e-20	1.94197305407449e-19	19.7765692222035	down	80294
Clca3a1	50.4461242955608	-1.2877697493366	0.323707268899677	-3.97819225287679	6.94412147950743e-05	0.000290229738290123	4.15838269027709	down	12722
Abca17	15.7929830223422	1.28671203367104	0.453735485619488	2.8358197109364	0.00457082405526536	0.0135607526300392	2.34000549568683	up	381072
Dsp	327.28864354883	1.28669022409183	0.114774799385059	11.2105639128595	3.61880426681409e-29	5.56548059897704e-28	28.4414349062926	up	109620
Pabpc1l	32.764709485964	-1.28665579924112	0.313512929581253	-4.10399596903277	4.06074540500301e-05	0.00017560048452969	4.39139423845096	down	381404
Angpt1	485.175656629484	1.28661600662685	0.105719014528093	12.1701475592638	4.48271407489631e-34	7.84343229275938e-33	33.348458961258	up	11600
Cdk5rap1	89.9800779536958	-1.28660486478962	0.198720880860518	-6.47443217450651	9.51691480689708e-11	6.97583495114063e-10	10.0215038183695	down	66971
Tceal1	32.990981167342	1.28629556032798	0.347312747381901	3.70356564803419	0.000212590134038247	0.000822380880494344	3.67245689424438	up	237052
Rhog	635.089352875764	-1.284867125301	0.0707937488753951	-18.1494432165545	1.29708951229579e-73	3.91739831112057e-72	72.8870300521698	down	56212
Adamts6	280.146523393977	1.28451183302612	0.160179160635953	8.01921940361201	1.06419273134807e-15	1.0052906767254e-14	14.9729797117205	up	108154
Gm12918	18.2224533761379	1.28429125655367	0.467598437165995	2.74656875317519	0.00602222621222298	0.0173195103555775	2.22024293516085	up	100039656
Asgr2	22.6224869559639	-1.28377703318574	0.401498487101491	-3.19746418586435	0.00138641626257662	0.00462486449429071	2.85810635601697	down	11890
Cyp4f16	207.218583224888	-1.2834089412376	0.155700177951998	-8.24282257168177	1.68194899400964e-16	1.65408848920089e-15	15.7741871785476	down	70101
Pax5	230.028353649222	1.28308250677709	0.119730940777272	10.7163820683906	8.52739923885533e-27	1.21964634686689e-25	26.0691834035849	up	18507
Tmem140	184.892732085145	1.28285503917644	0.199682727400571	6.42446673218251	1.32332596997924e-10	9.61198671606738e-10	9.87833316448523	up	68487
Epha2	73.9412245504955	1.28247499953982	0.3101688459201	4.13476406934237	3.55319476657473e-05	0.00015490591159132	4.44938098622574	up	13836
Ripk4	34.6381533138021	1.28216026061257	0.327569340962012	3.91416442346861	9.07178050583458e-05	0.000371919799254548	4.04230746619566	up	72388
Cfh	1154.82099043393	-1.28215464648637	0.0690208791269471	-18.5763302743241	4.9951737430916e-77	1.56297936384814e-75	76.3014494014613	down	12628
Clnk	169.536370341498	1.28179482166308	0.202488592623372	6.33020756901212	2.448316149871e-10	1.74250205762165e-09	9.61113250267061	up	27278
Ncam1	33.7773656524623	-1.28146399417871	0.345694064989645	-3.70693085001935	0.000209786193884747	0.000812288088882246	3.67822309629958	down	17967
Lhfp	200.90307932205	1.28095902524588	0.126234431565887	10.1474614283607	3.40094836211095e-24	4.52858548996998e-23	23.4683999620751	up	NA
Nfkbib	298.441164595926	-1.28030500938282	0.101313988467997	-12.6370013533446	1.31992433678344e-36	2.4427978023295e-35	35.879450963536	down	18036
Gm36283	13.6950562149691	-1.28008209692908	0.484143151361758	-2.64401570760336	0.00819288540736581	0.0227598144774585	2.08656311950857	down	102640148
Grasp	247.068486020047	1.27994833671724	0.122647943991681	10.4359542855774	1.69897970459939e-25	2.35093214237362e-24	24.7698118090257	up	NA
Dpp6	14.8103617769358	-1.27991257171809	0.5251446535173	-2.43725716932569	0.0147991502350632	0.0380364444682391	1.82976322101167	down	13483
Ciita	357.591206493232	1.27961185013606	0.0983440804386071	13.0115797964563	1.05145636301599e-38	2.02320398420039e-37	37.9782087464628	up	12265
Exoc3l4	53.5644900530163	1.27946204970096	0.326869255272019	3.91429303632793	9.06694690178331e-05	0.000371794778603429	4.04253892759532	up	74190
Il18rap	396.589813028308	-1.27896593298982	0.102907115489842	-12.4283527616326	1.83374059562078e-35	3.31425154138261e-34	34.7366621004318	down	16174
Arhgef40	74.4866474111167	1.27869767765109	0.20880498493426	6.12388482034408	9.13209219314719e-10	6.19478089886049e-09	9.03942971273448	up	268739
Cc2d2a	205.968819273456	-1.27861297471035	0.133944850702367	-9.54581656559162	1.35039530627933e-21	1.63514746005549e-20	20.8695390802419	down	231214
Atp6v0c	1081.43980318963	-1.27860912649826	0.0577167084506783	-22.153188579541	9.71909843078583e-109	4.16741341973551e-107	108.012374019507	down	11984
Gm49496	44.163621552807	-1.27858176240724	0.288419563068689	-4.43306185198933	9.29041994648399e-06	4.3737309492793e-05	5.03196465454041	down	NA
Zfp956	28.1130559395161	1.27825212778033	0.360096660831017	3.54974723961735	0.000385601188838933	0.00142474169755577	3.41386163580294	up	101197
Gm28905	32.0742999585681	-1.2776935154692	0.350865947248578	-3.64154323179158	0.000271008603256158	0.00102776128903641	3.56701692208733	down	102633974
Gm19510	17.3531159201551	-1.27757359165982	0.440143493875236	-2.90262973198	0.00370043858159716	0.0112623688625534	2.43174679964126	down	100503021
Zbtb32	27.8921217734925	-1.27734149208849	0.383182626511495	-3.33350575864423	0.000857588963338532	0.00298751193697955	3.06672081672782	down	58206
Gramd2	21.636596647132	-1.2763101746153	0.397154952453007	-3.21363278169448	0.00131067180692374	0.00439470471190407	2.88250604231879	down	NA
Gbp7	252.45833776357	1.2759139698572	0.116385781922631	10.9627993108762	5.76868960698024e-28	8.58669447999008e-27	27.2389228282809	up	229900
A4galt	45.7881645025767	-1.27588307918283	0.347779373683735	-3.66865655564467	0.000243828366632565	0.000932661404599124	3.61291577059889	down	239559
Ccdc88b	185.998019172907	-1.27439646973949	0.132478970040179	-9.61961335714629	6.60790751350208e-22	8.1144481245651e-21	21.1799360441769	down	78317
Kcnip4	317.808488922221	1.2741177854713	0.120427511120018	10.579956138108	3.69130988785573e-26	5.19751396979903e-25	25.4328194939708	up	80334
Phf11b	176.629178198956	1.27403384847055	0.15859559879616	8.03322323028676	9.49446901126681e-16	8.97709799118825e-15	15.0225293186495	up	236451
B230317F23Rik	10.7560394873837	-1.2738217601202	0.546706587682948	-2.32999160576958	0.0198065947826843	0.0490143247448471	1.7031901834321	down	320383
Ctnnd2	485.823647111881	1.27366674643134	0.0918131971612693	13.8723711384775	9.31459520365459e-44	1.95082260752722e-42	43.0308360140516	up	18163
Rerg	261.367383352733	1.27338771783129	0.127344474215335	9.99955220418941	1.53087727500868e-23	1.99511892019425e-22	22.8150596237517	up	232441
Ubb-ps	103.115287748708	-1.2732132250919	0.201520287894254	-6.31803992737453	2.64901582277279e-10	1.8814874141364e-09	9.57691544762108	down	218963
Gnb4	183.068064435506	1.27299324703458	0.131672376788735	9.66788386509542	4.1282570269462e-22	5.10556369047667e-21	21.3842332711896	up	14696
mt-Cytb	1490992.01309215	1.27229429040862	0.0203565063379023	62.5006211424259	0	0	Inf	up	17711
Pde4c	33.6991328711575	1.27201916779121	0.336390062401726	3.78138152687795	0.000155960439882938	0.000617295271931726	3.80698554856444	up	110385
Gm14023	32.599914989878	-1.27169130361285	0.301702435968151	-4.21505149447018	2.49721203378891e-05	0.000111100344944763	4.60254458091858	down	100503468
Ufsp1	10.4389872441202	1.27153743921817	0.547381531249841	2.32294545326522	0.0201820829161001	0.0498074876703706	1.69503401390254	up	70240
Cdkn2d	268.302844302386	-1.2714151277026	0.108089989299565	-11.7625613245178	6.085956960078e-32	1.00415880515491e-30	31.2156711233	down	12581
Map3k5	1612.53572848959	-1.27102786066433	0.0578702803070124	-21.9633956137985	6.44948671504987e-107	2.70424252826809e-105	106.190474847487	down	26408
Foxm1	21.8806592875992	-1.27102151940234	0.500342255504727	-2.54030417263115	0.0110756098099695	0.0295789610188331	1.95563235270635	down	14235
Qpct	283.003291355569	1.27077963014245	0.115807400248879	10.973216110641	5.14105770307873e-28	7.65793434413564e-27	27.2889475215973	up	70536
Sem1	2174.68294570716	-1.27041525270257	0.0487668324693255	-26.0508051963733	1.3173801109446e-149	7.52133811834917e-148	148.880288897576	down	20422
Slc49a4	709.811964880905	-1.27029841954147	0.0731071609389247	-17.3758412066186	1.25748677328781e-67	3.58478342934947e-66	66.9004965743184	down	224132
Calhm6	74.7255537290454	1.27017391407487	0.266921503842677	4.75860466762358	1.94935802418333e-06	9.94435051798199e-06	5.71010838989845	up	215900
Pdp1	22.3200943333071	1.26974166455457	0.388852619235399	3.26535453728269	0.00109327142262427	0.00372997432483091	2.96127200391098	up	381511
Nfkb2	227.905697157396	-1.26960520342903	0.128088708007046	-9.91192137997982	3.69471421137103e-23	4.74101905484981e-22	22.4324191489402	down	18034
Klra2	283.043768030778	-1.26934699941	0.113505079262003	-11.1831735430973	4.92950576728412e-29	7.55893824020852e-28	28.3071966209461	down	16633
Atp8a2	62.4653873211782	1.26918574437288	0.275577895515143	4.60554262525437	4.11391703878635e-06	2.01102315672692e-05	5.38574447053157	up	50769
Gm43464	11.6127259083326	1.26918514592337	0.540942853904494	2.34624625644367	0.0189635735920473	0.0472253716640384	1.72207981862955	up	115489697
Wnt9b	238.991284731715	1.26848491418055	0.194998107057267	6.5051139896862	7.7634488408615e-11	5.72681452724647e-10	10.1099453045393	up	22412
3110082I17Rik	231.972988665968	-1.26836836690577	0.115703685509683	-10.9622123212283	5.80623602508566e-28	8.6364134565853e-27	27.2361053139558	down	NA
Bag3	401.990360755781	-1.26831699765427	0.115982063192636	-10.9354581453488	7.80109399936991e-28	1.15623753807162e-26	27.1078444890309	down	29810
Zfp703	85.2655739285789	-1.26816858703462	0.203574822944994	-6.22949620532042	4.6793749044267e-10	3.25805190889903e-09	9.32981215839808	down	353310
Gatm	518.260217691477	1.26799848258639	0.121724471404241	10.4169561630334	2.07487518959764e-25	2.85967751825564e-24	24.6830080223732	up	67092
AA467197	94.1559175195895	-1.26764527060503	0.194512480371263	-6.51703822904059	7.17091552957503e-11	5.30474649346162e-10	10.1444253932779	down	433470
Slc16a6	293.909329042981	-1.26764170881543	0.115225435332207	-11.001405246686	3.76222777917541e-28	5.62014800646856e-27	27.4245549141965	down	104681
Gm10123	78.040074855354	-1.26723450478902	0.213368351737439	-5.9391868309899	2.86439285172234e-09	1.86943572305173e-08	8.54296741875424	down	19034
Slc10a1	102.438233060195	-1.26721617933153	0.247600744079943	-5.11798211285821	3.08821882471753e-07	1.71112449051552e-06	6.51029193404865	down	20493
Eprn	31.4150591792566	1.26701910854649	0.397282189700594	3.18921698831092	0.0014265875055727	0.0047459541872014	2.84570158396358	up	432777
Efhb	20.0549035183331	1.26654795159069	0.48675974873393	2.6019981210135	0.00926823600463741	0.0253399068617999	2.03300291594737	up	211482
Tlr3	197.288768622464	1.26649871450669	0.135677242503017	9.33464368188741	1.01331507676289e-20	1.1896604442063e-19	19.9942554955838	up	142980
Stab2	2726.39075417228	1.26649571878406	0.037912915993714	33.4053893136062	1.14492871182395e-244	1.02841247524566e-242	243.941221553521	up	192188
Tex264	191.111315633419	1.26632712308234	0.169151097121786	7.48636659548598	7.0806444622185e-14	6.13018487528755e-13	13.149927212134	up	21767
Dgat1	231.631969846369	-1.26622742297465	0.196280072745684	-6.45112570655747	1.11022359253997e-10	8.09515375960128e-10	9.95458954803545	down	13350
Pamr1	137.852657965423	1.26570485818945	0.161905499216098	7.81755322899867	5.38599566962259e-15	4.93372891217033e-14	14.2687340001001	up	210622
Cdh5	929.680079389546	1.26505668865487	0.0858626096229238	14.7334991821297	3.92827570122582e-49	8.8690506324859e-48	48.4057980393884	up	12562
Cdk2ap2	1050.13418995666	-1.26423560931302	0.0607317879090896	-20.816703292277	3.05493821980448e-96	1.15959667691267e-94	95.5149975680955	down	52004
Lpin3	31.1778684909969	1.26402461544129	0.346430271058106	3.64871294757402	0.000263557390076283	0.00100150847042299	3.5791248017812	up	64899
E2f1	34.2963825137806	-1.26400063414142	0.30423194629485	-4.154726844223	3.25676373861826e-05	0.000142789184828668	4.48721374611308	down	13555
Adgra3	188.203598399558	1.26388165662979	0.136086940871289	9.28731036599005	1.58236285266836e-20	1.83908864956809e-19	19.8006939210645	up	70693
Mcc	836.275284983207	1.26380831950391	0.0625049639449982	20.2193272300103	6.61794617004546e-91	2.39429479579127e-89	90.1792767696856	up	328949
Sema4a	351.405116583928	-1.26377194914188	0.112056976136505	-11.2779408539669	1.6864731102679e-29	2.62271739887111e-28	28.7730205789665	down	20351
Gm49723	41.1938531151202	-1.26372312370618	0.271689638529731	-4.65134824627438	3.29771900561538e-06	1.63233174247076e-05	5.48178635278784	down	666023
Cers4	300.795689268201	1.26356372897164	0.114095601108071	11.074605126755	1.66613008139723e-28	2.51415530530318e-27	27.7782910945093	up	67260
Pltp	78.1780127309479	-1.26337548404543	0.215785118122657	-5.85478505207806	4.77627344923976e-09	3.06066305069826e-08	8.32091081711815	down	18830
Arhgap33	19.4503063244767	1.26312760364817	0.429786892342057	2.93896260252367	0.00329312806858688	0.0101411993233755	2.48239137940074	up	233071
Gm11168	13.9549006983451	-1.26281693212484	0.532944867575607	-2.36950763381859	0.0178117873885618	0.044811092271459	1.74929249749127	down	NA
mt-Nd1	1013186.99314839	1.26207654969377	0.0352375895966164	35.8161998065543	6.18024031306553e-281	6.3757439546521e-279	280.208994637434	up	17716
Rasal2	2960.99771820676	1.26172709712063	0.0388732767408886	32.4574412785093	4.2534960088859e-231	3.67795034560885e-229	230.371253970363	up	226525
Gm20632	17.335296540683	-1.26168562794016	0.472145338820709	-2.67223993165221	0.00753467535731427	0.0211610646591741	2.12293545516944	down	NA
Trim45	14.3820199183861	1.26162912671325	0.526277778932739	2.39726847155082	0.016517816185999	0.0419313889024283	1.78204737112353	up	229644
Palmd	165.170183431349	1.2616048194257	0.208198816324412	6.05961571587367	1.36447137692666e-09	9.11061167054619e-09	8.86503557027125	up	114301
Pbx4	18.1201793422734	-1.26154331180759	0.442551629221771	-2.85061273873518	0.00436350783939486	0.013008746761824	2.36016423945139	down	80720
Grin2d	18.8951239319389	1.26109938888402	0.422523226986053	2.98468654109198	0.00283869055986691	0.00886888644333831	2.54688194649024	up	14814
Adamts7	69.0421227463332	1.26096469250957	0.212213930982512	5.94195059047975	2.81650322206694e-09	1.83875659914326e-08	8.55028974759743	up	108153
Rflnb	142.1673424176	-1.26095289233708	0.154371754433399	-8.16828763114884	3.12797431380981e-16	3.03463020137257e-15	15.5047368219218	down	76566
Edaradd	22.9329531413568	1.26066904274885	0.390925132223005	3.22483498459163	0.00126045298307261	0.00424270387889681	2.89947334956941	up	171211
Gimap4	742.266388142472	1.26020835705942	0.076971082317555	16.372491059178	3.00652092804229e-60	7.83161120243416e-59	59.5219357687346	up	107526
Gm14636	178.822880092405	-1.25992240487744	0.155126795413278	-8.12188765661563	4.5898810399142e-16	4.4179460041927e-15	15.3381985703186	down	100503338
Irs2	151.212877959164	-1.25917835450108	0.155151447704867	-8.1158015160537	4.82588905369654e-16	4.63654688750494e-15	15.3164226666629	down	384783
Sox17	174.3297268364	1.25880050884935	0.149884993162228	8.39844258115215	4.52439100809829e-17	4.56580068851139e-16	16.3444398694138	up	20671
Axin2	16.1406339008159	1.25830553606558	0.488089949082272	2.57801976547867	0.0099368313916686	0.0269206486441734	2.00275207923385	up	12006
Pdcd1lg2	150.587673741481	-1.25813577011142	0.184711497557697	-6.81135601598609	9.66830336755132e-12	7.4982424218981e-11	11.0146497309592	down	58205
Tshz3	240.879639829979	1.25812470094514	0.163230752892011	7.70764502800203	1.2816062752298e-14	1.15068475525695e-13	13.8922453747843	up	243931
2610528J11Rik	16.3507800850817	1.25758086240436	0.452316564636766	2.78031131451988	0.00543068088834759	0.0158191164428677	2.26514571598871	up	66451
Oit3	1041.29350614803	1.25742734530722	0.0687090854012399	18.3007434601149	8.16273671009589e-75	2.50151868090718e-73	74.0881642114874	up	18302
Tenm3	441.183357315283	1.25728494191806	0.0938564379292742	13.3958305861287	6.39565179009771e-41	1.28647671480546e-39	40.1941151893529	up	23965
Epha4	49.4413248782893	-1.25703027474491	0.259166490116849	-4.85028089155415	1.23286756675194e-06	6.40691451958693e-06	5.90908357232385	down	13838
Megf6	99.8407293066784	1.25679025549338	0.181075988804701	6.94067868296379	3.90220660999666e-12	3.08607527687743e-11	11.408689739758	up	230971
Camk1	70.4673817975367	1.25673568371008	0.274174299229379	4.58371075349654	4.56796019633383e-06	2.2209921262576e-05	5.34027768904152	up	52163
Fscn1	146.094462739768	1.25623840777813	0.163322061036585	7.6917863992466	1.45094709345922e-14	1.29992633192591e-13	13.8383484231499	up	14086
Polr2l	149.227261218105	-1.25623006517858	0.158709416232918	-7.91528376196008	2.46689799508841e-15	2.29089515684703e-14	14.6078488079834	down	66491
Bicd2	274.419897001791	1.2559615438558	0.113956703091216	11.0213924217382	3.01360838675639e-28	4.5115362910644e-27	27.5209131841782	up	76895
Ndufaf7	222.470477490896	-1.25563933163702	0.129556947514911	-9.69179465649658	3.26736098804643e-22	4.06013927429335e-21	21.4858028806896	down	73694
Gm49066	20.0663334930812	1.25558035307813	0.410290308157865	3.06022425612604	0.0022117131705952	0.00707659922647525	2.65527119585958	up	NA
C030034L19Rik	13.2379974533108	1.25532006633864	0.516100148687175	2.43231874575477	0.015002498256035	0.0384973600735764	1.82383641504641	up	320088
Tnfrsf13b	243.928338620015	-1.25518516517133	0.112575162775563	-11.1497521675696	7.18060835494204e-29	1.09463568038506e-27	28.1438387599357	down	57916
Homer2	18.1535266961833	-1.25488481262045	0.439244127196994	-2.85691881785286	0.00427775233182305	0.0127970150078142	2.36878436329798	down	26557
Lama3	83.0281490475948	1.25453071083333	0.207396394764434	6.04895139213128	1.4579163459216e-09	9.7189759221562e-09	8.83626739477451	up	16774
Spatc1	55.5506463833582	-1.25437513175581	0.289307050176039	-4.33579178589857	1.45236373813583e-05	6.69153392416817e-05	4.83792460286305	down	74281
Grap2	351.262702193871	1.25427490407136	0.102195573909844	12.2732801048494	1.26041759544222e-34	2.22969798568935e-33	33.8994855427004	up	17444
Galnt15	156.6096101991	-1.25353452451547	0.138945085902098	-9.02179819010454	1.85026832094965e-19	2.05203520703937e-18	18.7327652868089	down	78754
Mad2l1	46.1606623225252	-1.25347759365793	0.286056517096367	-4.38192286748586	1.17636458407243e-05	5.47315507199941e-05	4.92945805894688	down	56150
Thbs1	218.296799828124	-1.25331514414219	0.137043428276646	-9.14538668437387	5.9416911246517e-20	6.73294732716785e-19	19.2260899284909	down	21825
Prmt2	23.7933443223172	1.25287751899566	0.400705443338964	3.12667955931866	0.00176792507546082	0.00577212487504485	2.75253614430226	up	15468
Fbxl7	1166.43942448519	1.25278578201768	0.08466810270728	14.7964315008793	1.54462788012512e-49	3.51402842728466e-48	48.8111761305262	up	448987
Dab2	1069.80223602332	1.25253910372243	0.0593320855662891	21.1106535657342	6.34886865048766e-99	2.49160214326765e-97	98.1973036577986	up	13132
8430429K09Rik	45.3900786156191	-1.25236712805161	0.265972637526623	-4.70863145809973	2.49385507212354e-06	1.2546944917427e-05	5.60312878871067	down	71523
Pla2r1	285.173775438477	1.25206343645068	0.134695198633924	9.29553131179939	1.46472798949624e-20	1.70522159626325e-19	19.8342430194253	up	18779
Gm13056	19.4250403863259	1.25159449889435	0.413453162514249	3.02717360119653	0.00246852144956793	0.00783930485942489	2.60756309474037	up	100503810
Ada	190.804959831778	1.25148674965504	0.20040397039852	6.24482013588032	4.24288071494504e-10	2.96404261544552e-09	9.37233917788914	up	11486
Anxa2	1869.71005050914	-1.25142983950757	0.0462810883467295	-27.0397668726388	5.03916634944613e-161	3.11605897792605e-159	160.297641304781	down	12306
Krt19	204.878790590141	1.25042496899902	0.166445582351075	7.51251520969517	5.80020006749094e-14	5.04256859434475e-13	13.23655702597	up	16669
Ppm1j	14.9188245510819	1.25032629709516	0.500097304947331	2.5001660371412	0.0124135111616687	0.0326663921073384	1.90610536092983	up	71887
Ttc41	19.1823820790495	-1.24978106949318	0.42944973963799	-2.91019170379914	0.00361207127922258	0.0110223976259656	2.44224368807404	down	103220
Npr3	41.7181897563376	1.24961198340218	0.318008588980295	3.92949129899007	8.51257567101042e-05	0.000350926932558232	4.06993901447931	up	18162
Sptbn1	4448.82246555415	1.24948527972972	0.0405565264157856	30.8084885505231	2.01694411734344e-208	1.56832456945223e-206	207.695306134442	up	20742
Mirt1	469.973439507716	-1.2491147255357	0.106076435463649	-11.775609918225	5.21386125547106e-32	8.61630885826815e-31	31.2828405298967	down	381232
Pnkp	263.638210500157	-1.24910234286723	0.113104706120905	-11.0437698457214	2.34963770135385e-28	3.53276335198506e-27	27.6289990979125	down	59047
Map3k21	117.237859760702	1.248461736911	0.201690742786913	6.18998036131982	6.01717112617767e-10	4.14792686398996e-09	9.2206076371542	up	234878
Ptpn14	520.208512020205	1.24821124918023	0.109766439034113	11.3715199305346	5.7969245517684e-30	9.07604137748323e-29	29.2368023520294	up	19250
Psd3	2184.83075414067	1.2480929750464	0.0564059682477343	22.1269665926981	1.73888512322098e-108	7.44078584862463e-107	107.759729108049	up	234353
Upp1	359.806785823323	-1.24686815911528	0.0989839759984178	-12.5966667487191	2.20257550184555e-36	4.04757238826802e-35	35.6570691955275	down	22271
Ngf	258.364515979539	1.24651930359169	0.133225080711971	9.35649126223189	8.24285875892494e-21	9.70468551848796e-20	20.0839221417122	up	18049
Ifi214	17.0571508417984	1.24627636387317	0.48810967798246	2.55327116033531	0.0106716378892134	0.0286174574666475	1.9717689196892	up	545384
Pik3c2b	228.750254652552	1.24620289605946	0.129435854348852	9.62795743365457	6.09285149070896e-22	7.48637572021722e-21	21.215179407392	up	240752
Slfn8	95.4662683241871	1.24594671963396	0.185218420396631	6.72690500742778	1.73309800221611e-11	1.32584542100519e-10	10.7611768783604	up	276950
Plp2	42.7874040672139	-1.24577517191489	0.325458768534631	-3.82775113887379	0.000129319409296897	0.000518347214914029	3.88833628781925	down	18824
Sell	639.789731362082	-1.24572336964193	0.0755030366351358	-16.4989836854089	3.73119592093683e-61	9.79274455874089e-60	60.4281519460415	down	20343
Atp5e	1977.16569749542	-1.24549462926529	0.045260203365527	-27.5185380676821	1.05357516786724e-166	6.6937356473126e-165	165.977334473985	down	NA
Cln5	166.16115683526	-1.24546861370494	0.140934491888629	-8.83721647564569	9.8132880573982e-19	1.05958087993845e-17	18.0081854527703	down	211286
Arhgef25	61.9116513647621	1.24540200832917	0.292719870515118	4.25458649642593	2.09435689442787e-05	9.42641540453184e-05	4.67894930925052	up	52666
Dsel	33.5539645806055	1.24511368444193	0.334933374589381	3.71749660949259	0.000201206686305944	0.000781391378294739	3.69635759132224	up	319901
Pdlim3	39.3017757451718	-1.24507718548937	0.303620970602799	-4.10076149554966	4.11792811267716e-05	0.000177962471879053	4.38532123919932	down	53318
Cd55b	18.6140508995044	1.24505367822824	0.450029030703281	2.76660747037261	0.00566429114966397	0.0164078625615579	2.24685443161724	up	13137
Layn	41.1799302091917	1.24487139410862	0.307968994743646	4.04219715411562	5.29526801107184e-05	0.000225660715915595	4.27611205391647	up	244864
Gm22513	42.5551767943259	-1.24401325165433	0.284578385222488	-4.37142564668691	1.2343788663918e-05	5.73538934152478e-05	4.9085515223694	down	115488051
Prune2	17.5005406043628	-1.24360665956473	0.436248317099207	-2.85068528821837	0.00436251245112235	0.0130076401443609	2.36026332050359	down	353211
Dapk1	907.243443955459	1.24316765348568	0.0631456882834523	19.6872927872014	2.77109068909609e-86	9.49782218257786e-85	85.5573492608906	up	69635
Relb	599.523113165109	-1.24189941930201	0.0800332107004438	-15.5173009858409	2.64963617823974e-54	6.42043817655093e-53	53.5768137549803	down	19698
Gm49329	79.3316236971425	1.24071158527296	0.193988204326479	6.39580942346814	1.59699087419336e-10	1.15154646461299e-09	9.79669756557648	up	NA
Gm10718	43.6055622730508	-1.23939056624944	0.291206796188854	-4.25604959248844	2.08070573319944e-05	9.3690204784233e-05	4.68178933616718	down	NA
Fut10	34.5739492936427	1.23926312047738	0.370951095717138	3.34077223328208	0.000835457303776179	0.00291772997375428	3.07807573991567	up	171167
Mbp	945.693993720613	-1.23850738835525	0.0671045770417474	-18.4563772391375	4.63400232807042e-76	1.4348881800098e-74	75.3340437523614	down	17196
4930503L19Rik	225.702655863712	1.23843967544169	0.141782950026193	8.73475742473194	2.44179566570737e-18	2.58954604975449e-17	17.6122906814921	up	269033
Rhbdf2	186.249578589288	-1.23843054154253	0.130367575417093	-9.49952883284321	2.10842108502065e-21	2.53533681423805e-20	20.6760426493237	down	217344
Poglut3	83.6064407713693	1.23798320894676	0.244093623931312	5.07175561986464	3.94162356092921e-07	2.15645821439233e-06	6.40432485474396	up	68304
Stxbp1	206.855970006135	1.23797624268919	0.130049857881473	9.51924333371806	1.74444579280445e-21	2.10251624501168e-20	20.7583425213444	up	20910
Ust	339.411723057085	1.23794408617037	0.0997959138892379	12.4047572483213	2.46257943006323e-35	4.43540991729366e-34	34.6086097525129	up	338362
Trp53cor1	18.1190801061798	-1.23749421062848	0.447058158396807	-2.76808327369811	0.00563870460036234	0.0163361985402348	2.24882065657195	down	100504267
Ube2s	107.443699367527	-1.23745797975344	0.166724266547904	-7.42218277744163	1.15205674401974e-13	9.86348006927995e-13	12.938526129413	down	77891
Gimap6	788.622080831205	1.23722863789931	0.0661904530762922	18.691949977639	5.75698572290252e-78	1.82602474093707e-76	77.2398048475767	up	231931
Epdr1	24.4715684502917	1.23635088485037	0.394350436502319	3.13515789614981	0.0017176163488577	0.00562347322762697	2.76507383478927	up	105298
D5Ertd605e	15.0812409006371	1.23632924433534	0.483436186026995	2.55737836775484	0.0105464433519322	0.0283436738207108	1.97689397572686	up	100039805
4833438C02Rik	50.7284634556271	-1.23622324522857	0.299052037210986	-4.13380646645251	3.56803965039627e-05	0.000155488034869527	4.44757032810404	down	100503392
Zfp334	28.3770865391975	1.23612219529547	0.359520848490853	3.43824899302584	0.000585489063185811	0.0020974740566837	3.23248121304664	up	228876
St6galnac3	2191.044685297	1.23562717310681	0.0495108531883862	24.9566932002831	1.80643886005486e-137	9.57872249483032e-136	136.74317673279	up	20447
Olfr1033	103.128377463355	-1.2351394424018	0.199458357924044	-6.19246771735759	5.92294834767713e-10	4.08703048401469e-09	9.22746205469936	down	NA
Gm8098	39.1582553144932	1.23454558240303	0.432442158703234	2.85482244863699	0.00430608948008637	0.0128707112271256	2.36591694982512	up	666427
Rab32	414.538017987816	-1.23398353620848	0.0992736981919093	-12.4301155158239	1.79374962861749e-35	3.24478719711457e-34	34.7462381758394	down	67844
Gba	135.430121006183	-1.23376658325694	0.155662614568353	-7.92590171171244	2.26496694149291e-15	2.1080681596146e-14	14.6449381323849	down	NA
Plppr1	108.526598194476	1.23247365908835	0.234570546108561	5.25417056631633	1.4869303385117e-07	8.50566602367423e-07	6.82770937734801	up	272031
Lifr	2614.48274313384	1.23180477145453	0.0419826376476679	29.3408142144913	3.12978424799738e-189	2.2109008116616e-187	188.504485599557	up	16880
Stox2	1944.661368243	1.23171211434343	0.0432574582005443	28.4739826513415	2.46031843391604e-178	1.65388954336698e-176	177.609008679424	up	71069
Mxra7	175.319212669742	1.23102187202744	0.162028417508061	7.59756770423432	3.0174836031724e-14	2.65770671202492e-13	13.5203550811548	up	67622
Gm32184	18.3570515465669	-1.23102052144478	0.448772028434908	-2.74308656387958	0.00608646383052714	0.0174825389061826	2.21563495448151	down	102634650
Rgl1	1067.71872091462	1.23092622447921	0.0598201996094128	20.577099918027	4.40244520327054e-94	1.65004596386609e-92	93.3563060409406	up	19731
Trim17	15.5829501098197	-1.23082977344558	0.488429431708058	-2.51997462384959	0.0117363295036894	0.0311310058997775	1.93046770594518	down	56631
Tbx2	106.393253686074	1.23045634056456	0.210875619182562	5.83498626030976	5.3794999855683e-09	3.43243723818915e-08	8.26925808931507	up	21385
Ube2cbp	30.3923795033382	1.23005418822291	0.355581785136228	3.45927221145948	0.000541637202375487	0.00195212342793199	3.26629151376252	up	NA
Dlc1	2687.1283263668	1.23000696993381	0.0649669469874174	18.9328116368472	6.12066519247852e-80	1.97138395588964e-78	79.2132013762655	up	50768
Cebpz	512.558027990815	-1.22914812518631	0.0924547739655168	-13.2945879641083	2.48840218692631e-40	4.94807377608371e-39	39.6040794256505	down	12607
4931440P22Rik	77.9670290059114	-1.22787017834156	0.234898568538109	-5.22723567871531	1.72063119716287e-07	9.78341978654217e-07	6.76431220707005	down	71004
Nradd	25.9875363043147	1.22735954178223	0.393919316791725	3.11576378578858	0.00183469173312136	0.00596181834188618	2.73643689590831	up	67169
Stk39	368.222002443834	1.22676720013067	0.103120386448897	11.8964565822163	1.23479657927881e-32	2.08693640840155e-31	31.9084045823017	up	53416
H2-T22	354.503963938704	1.22636264106697	0.118397916515771	10.3579748458125	3.85027609623735e-25	5.26827994546882e-24	24.4145081269141	up	15039
Tmem14a	19.7194053204502	1.22595998700298	0.457050843336375	2.68232737096323	0.00731118746950089	0.0206229656319313	2.13601208000945	up	75712
Plcxd3	35.9399453429839	1.22587150706937	0.330372825711344	3.71057003380916	0.000206793076441468	0.00080189075548265	3.68446400577926	up	239318
Fam124a	785.628661502354	1.22584379018176	0.076018174119828	16.1256673732975	1.68429715668984e-58	4.32254537540143e-57	57.7735812844957	up	629059
Gm6034	14.6683058264642	1.22577056856312	0.478256928269643	2.56299594654702	0.0103773260038575	0.0279541231378472	1.98391453968378	up	547347
Rasgrp4	267.82062260283	-1.22548624513403	0.129165241156141	-9.48774015489671	2.36096957556557e-21	2.83353059690505e-20	20.6269096093843	down	233046
Satb1	279.320894283151	1.22526148221287	0.134926592142854	9.08094885340036	1.07632395589918e-19	1.20523992031075e-18	18.9680569934612	up	20230
Stau2	123.389555037437	1.22319616178113	0.1763124857127	6.93766046594295	3.98646403834978e-12	3.14912525000648e-11	11.3994121492971	up	29819
Dnaja1	1809.86087721867	-1.22318922084163	0.0457055763030151	-26.7623629277144	8.86606174137839e-158	5.37092618106349e-156	157.052269248691	down	15502
Prss57	30.7599626577181	-1.22189864679926	0.481591686738648	-2.53720876096095	0.0111740298862101	0.0298112416846413	1.95179017140446	down	73106
Ccr5	136.856565303192	1.22184964838934	0.152492779931847	8.01250819176761	1.12392348789693e-15	1.06075369403461e-14	14.9492632527484	up	12774
Psme3	267.896561048963	-1.22172670181008	0.12256736745371	-9.96779752385147	2.10852612210286e-23	2.72916620239139e-22	22.6760210142295	down	19192
Meis1	321.815173687955	1.22163976185827	0.135239008535192	9.03319075679545	1.6673767345534e-19	1.8521569174498e-18	18.777966262648	up	17268
Itga2b	19.1729638331272	-1.22158437727413	0.442873875512073	-2.75831211733064	0.00581006936101608	0.0167788297414377	2.2358186829407	down	16399
Hsd17b2	81.9525101036212	-1.22139407084048	0.262662045793174	-4.65005923163424	3.31839712447737e-06	1.64131139849783e-05	5.47907164162427	down	15486
Ebf1	935.952466982415	1.22129237170061	0.0667490079517391	18.2967868613663	8.77753235155681e-75	2.68597645630092e-73	74.0566275611703	up	13591
Coprs	47.6631159759138	1.22123540751727	0.357263895007357	3.418300658375	0.000630134572757894	0.00224506314954723	3.20056669187182	up	66423
Cyp1b1	369.99771680609	1.22095581199456	0.0994001372235823	12.2832407086948	1.11443035945001e-34	1.97647780941095e-33	33.9529470653188	up	13078
Ilf3	483.788777884417	-1.22095309513701	0.090266998257278	-13.5260185749953	1.09812035869205e-41	2.23038305602179e-40	40.9593500567428	down	16201
Gm49539	35.881940918251	1.2204335163058	0.337206749138879	3.6192440377377	0.00029546490257406	0.00111301393795026	3.5294941003113	up	NA
Slit3	45.1158094264793	-1.22030359536092	0.261407690662466	-4.66820081791929	3.03848835004563e-06	1.51227749526155e-05	5.51734242445426	down	20564
Ptpru	51.8727129799523	1.21970407330045	0.301654952680431	4.04337493040462	5.26872666709828e-05	0.000224713456847444	4.27829433132853	up	19273
Lgals2	22.1595041021771	1.21915909753387	0.407650072115694	2.99070006588362	0.00278338733094621	0.0087235687456141	2.5554263538572	up	107753
Klhl14	19.7754660216298	1.2184291971026	0.443032550021734	2.7502024333039	0.00595584581492144	0.0171475367417999	2.22505655380024	up	225266
Prkcb	2421.55251884124	-1.21836670392502	0.0466031218469537	-26.1434568251925	1.1697013764833e-150	6.73353784103189e-149	149.931924999022	down	18751
Klf6	3249.38354903428	-1.21811930337281	0.0445102385295265	-27.3671708715906	6.74669886907043e-165	4.24756669886885e-163	164.170908673633	down	23849
Sox7	98.8833315081856	1.21577557789379	0.196854376802545	6.1760149692444	6.57397568994914e-10	4.51235439403327e-09	9.18217190623865	up	20680
Cd300c2	671.990962676315	-1.2156357157133	0.0822687078003094	-14.7764046405592	2.07975656415146e-49	4.71600076608838e-48	48.6819874963031	down	140497
Cyp4a10	85.4583670498904	-1.21506322923985	0.195803369245276	-6.20552768792134	5.45136721453516e-10	3.77537525369552e-09	9.26349456207893	down	13117
Rnf180	123.47084269096	1.21462185357069	0.175906701179082	6.90492087810882	5.02314167278489e-12	3.9560562856827e-11	11.2990245728177	up	71816
Camkk2	401.031666084368	-1.21461239360798	0.0898817311253137	-13.5134512698087	1.3026833302162e-41	2.63815528847186e-40	40.8851611442676	down	207565
Serpinb1a	159.776730474354	-1.2144075001576	0.138013191388302	-8.79921323419619	1.37778668588296e-18	1.47542121002647e-17	17.860818016329	down	66222
Aff3	682.786357589316	1.21392991132456	0.0732530339140955	16.5717356191437	1.11558757481727e-61	2.96527161627769e-60	60.9524963314608	up	16764
S1pr2	58.9761683619375	-1.2130919626561	0.365868397970466	-3.31565111768419	0.000914298932998332	0.00317234023722149	3.0389117870605	down	14739
Sh2d4a	146.622313618095	1.2129781637467	0.1675406824145	7.23990225099928	4.49008237389684e-13	3.74125656096107e-12	12.3477456914687	up	72281
Dhrs3	1396.75093475328	1.21256028578837	0.0530217833428291	22.8690966116355	9.43664019368846e-116	4.28431688445041e-114	115.025182603696	up	20148
Slc26a10	187.869954642605	1.21243277202431	0.158751418869263	7.6373035318997	2.21818146279036e-14	1.96784518957379e-13	13.6540029284011	up	216441
Ankrd24	52.9539117400508	1.21230226434177	0.42075971563896	2.88122227314652	0.00396136173237155	0.0119569549740572	2.40215549811579	up	70615
Kcnk6	151.943596146366	1.21220907025776	0.165928550580311	7.30560874556089	2.76014245028945e-13	2.32210773199765e-12	12.5590685035224	up	52150
Fat1	115.974697156425	1.21175818050904	0.16990679237718	7.13189957596889	9.89930929134027e-13	8.08669958142846e-12	12.0043951065564	up	14107
Epn2	391.959559130814	1.21137461297689	0.0939904130868499	12.8882784232212	5.24005194156966e-38	9.95418800459163e-37	37.2806644080878	up	13855
Apof	278.664460727342	-1.21119123456075	0.117254111805223	-10.3296269607392	5.17614888239729e-25	7.0500501019789e-24	24.2859932404781	down	103161
Ldb2	1297.24200103827	1.21110890796392	0.0563872004076096	21.4784365815132	2.4770382771612e-102	9.94585754484821e-101	101.606067282299	up	16826
Adam19	628.517642962437	1.20998745911101	0.0925082711063696	13.0797759447879	4.29704907435888e-39	8.31441092484351e-38	38.3668296864367	up	11492
Rpl37a	8354.27144241872	-1.20967350333709	0.0306846785760509	-39.4227203761955	0	0	Inf	down	19981
Colgalt2	50.9871149060837	1.20948464573031	0.297772187399963	4.06177842293157	4.87002902044827e-05	0.000208562545740077	4.31246845082171	up	269132
Itih2	529.800987841917	-1.2094262565713	0.0814710349900821	-14.844861817682	7.51094164149013e-50	1.71247825893887e-48	49.1243056123877	down	16425
Plk3	192.106645511591	-1.20916156274416	0.14687573093902	-8.23254839321396	1.83272071809877e-16	1.79727374326872e-15	15.7369037106132	down	12795
Ccdc85b	445.752141618211	1.20911567061077	0.0870226057280045	13.8942710402163	6.86185430637204e-44	1.44147360776701e-42	43.1635585072956	up	240514
Mxi1	482.953699837144	-1.20870347448438	0.0803582229875637	-15.0414410566476	3.92902990078922e-51	9.13806407394492e-50	50.4057146660983	down	17859
Dpysl3	334.082236528546	1.20869278150119	0.0982728227314155	12.29935955747	9.12951234113526e-35	1.62329272761875e-33	34.0395524199696	up	22240
Patj	298.115823406336	1.20868947892307	0.180069131344719	6.7123635789034	1.91496813031504e-11	1.46068890437903e-10	10.7178384493421	up	12695
Plxdc2	73.5130571205355	1.20838293560226	0.262949536418552	4.59549369076965	4.31725857179839e-06	2.10400728198565e-05	5.36479193954334	up	67448
Junb	4145.0117239855	-1.20764277300572	0.0371940931025355	-32.468671024631	2.9530663929528e-231	2.5748514879809e-229	230.529726788806	down	16477
Chl1	20.3460708704254	-1.20658516105696	0.423411217077712	-2.84967689185124	0.00437636624912256	0.0130396191400436	2.35888633993856	down	12661
Gckr	25.5872506836712	1.20591439740069	0.394162535945158	3.05943433844883	0.0022175539248077	0.00709419807170213	2.65412581052141	up	231103
Mtarc1	38.8740595622836	-1.20541583688296	0.292690007566469	-4.11840447477256	3.81504652067854e-05	0.000165456304775068	4.41850016188976	down	66112
Ramp3	25.4477379106545	1.20518621433671	0.387619739726648	3.10919721267708	0.00187596455451725	0.00608265525930994	2.72677537167284	up	56089
4930431P19Rik	13.939743775085	1.20506269906595	0.515458741698866	2.3378451107343	0.0193952845194718	0.0481336589378674	1.71230384512656	up	73886
Dcdc2a	1047.13832970285	1.20475482156777	0.0644136096403481	18.7034204152584	4.64287314119182e-78	1.47489075288561e-76	77.3332131825481	up	195208
Rarg	389.199221568834	1.20394667112248	0.109186505999731	11.0265152282228	2.84683323594251e-28	4.26492867029518e-27	27.5456379725549	up	19411
Gm39556	263.939930599817	-1.20390368949118	0.118226837711243	-10.1829983174513	2.36170154313466e-24	3.16294977232539e-23	23.6267749866376	down	105243761
Ptk2	876.964490774468	1.20362131017927	0.0663279626697818	18.1465141055452	1.36812446446343e-73	4.12595451735939e-72	72.8638743910875	up	14083
H2-Ob	181.951593169043	1.20273931539684	0.151362931218196	7.94606252480039	1.9253327403021e-15	1.79597175358798e-14	14.7154942039272	up	15002
Dpy19l1	254.26865701297	1.202691819012	0.122310414415666	9.83311048987794	8.1075188537399e-23	1.02706738840782e-21	22.0911120327178	up	244745
Adam8	311.801246841171	-1.20254166104878	0.140783179696496	-8.54179926637009	1.3214784321691e-17	1.36328163603821e-16	16.8789399205886	down	11501
Btc	23.5880449222486	1.2024707925261	0.3824751876893	3.14391843243677	0.00166701898746918	0.00547320036789829	2.77805945349765	up	12223
Bik	143.30621999577	1.202360724237	0.181348054373613	6.63012751027315	3.3539701436826e-11	2.52687577094004e-10	10.4744408077083	up	12124
Ankrd29	84.2593258391468	1.20225646802027	0.257422158098817	4.67036900358346	3.00659162920776e-06	1.49711739452952e-05	5.52192555601176	up	225187
Tomm7	792.485530110312	-1.20212602708636	0.0726172987165014	-16.55426528298	1.49151092902795e-61	3.95440155852587e-60	60.8263735600028	down	66169
Btg2	3155.1360028198	-1.20210347706832	0.0373758261045347	-32.162592840255	5.88888808858503e-227	4.96836189789569e-225	226.229966698859	down	12227
Ifi203	691.784377241742	1.2020919939441	0.0912767456730138	13.1697507955687	1.31029447403986e-39	2.57353690334747e-38	38.8826310905437	up	15950
Cpne8	676.183054888382	1.20180313829433	0.0951882732226142	12.6255377643389	1.52694745949521e-36	2.81842853041813e-35	35.8161759062598	up	66871
Nlrx1	69.6352732873603	-1.201750340658	0.224715336102144	-5.34787861613393	8.8991112876174e-08	5.20776692284917e-07	7.05065336213658	down	270151
Psmb9	845.064178232488	1.20154507070423	0.0695807889456766	17.2683450261293	8.14446868386809e-67	2.29045321056852e-65	66.0891372422567	up	16912
Socs1	48.1177877891177	1.20127316791299	0.292346586085827	4.10907198882191	3.97252238457689e-05	0.000171928128706537	4.40093364692843	up	12703
Prkcq	256.870951300164	1.20125098481727	0.159442969363902	7.5340480023024	4.91910301074579e-14	4.29447790703525e-13	13.3081140828015	up	18761
Lyz1	43.6195424831398	1.20071611458454	0.269050341056577	4.46279350499707	8.08980056383175e-06	3.83492615900113e-05	5.09206218482716	up	17110
Nab1	867.482319798687	-1.20062784736292	0.0749203794506045	-16.0253839631778	8.49644471303906e-58	2.16716537790723e-56	57.0707627642282	down	17936
Marchf3	539.159832233256	-1.20059886670278	0.083271598190886	-14.4178674696576	3.99496388401126e-47	8.77250288502747e-46	46.3984871425191	down	320253
Ifi209	208.668791926634	1.20050440891798	0.131283182328147	9.14438839483091	5.99682244382989e-20	6.7917273319006e-19	19.2220788097259	up	236312
Pomk	76.3750620796998	-1.2000967137439	0.20854329213225	-5.75466466206378	8.68139498459662e-09	5.45242887534686e-08	8.06141048387474	down	74653
4933406J09Rik	24.5458305265211	1.20005821074015	0.381413716392746	3.14634256494446	0.00165326241224113	0.00543497955650621	2.78165820804779	up	102639979
Rab34	37.3630600521135	1.19962437105122	0.319855198202993	3.75052329238648	0.000176465910983314	0.000692276566073285	3.75333917753793	up	19376
Chst2	109.39377630013	1.19922387274468	0.230628610950822	5.199805296492	1.9949739453229e-07	1.12634142635015e-06	6.70006277189522	up	54371
Bin1	288.016074085579	1.19895784546542	0.11734371429933	10.2174867450251	1.65578126298042e-24	2.23187747343136e-23	23.7809970362438	up	30948
Adcy3	19.3511371091345	1.19895407282214	0.42515872100621	2.82001524038978	0.00480213686949183	0.0141624299778291	2.3185654659329	up	104111
Plxna2	570.963775936881	1.19894993290864	0.0898729753270767	13.3404944984326	1.34563953667539e-40	2.69114993328009e-39	39.8710712612105	up	18845
Rap2b	101.516680668318	-1.19861379490261	0.190701309051017	-6.28529400698531	3.27233802083138e-10	2.30301425248582e-09	9.48514184161453	down	74012
Gm6483	16.1606609114258	1.19855910172112	0.451174680043962	2.65653006415239	0.00789494110667377	0.0220421593946911	2.10265110531902	up	624198
Ephb4	580.252686694812	1.19836942717798	0.0923305447033633	12.9791222506925	1.60711766655513e-38	3.08102346396893e-37	37.7939523248142	up	13846
Zfyve28	29.2592062948267	1.19768563266618	0.349416726226232	3.42767115244144	0.000608782417072764	0.00217456578494675	3.21553789940198	up	231125
Ptprg	1159.93011911918	1.19765867875386	0.0628177740537144	19.0656020019074	4.87633142068977e-81	1.58037123601484e-79	80.3119067851526	up	19270
Cyp3a13	50.0955921550839	-1.19752854738034	0.275601481188177	-4.34514554209775	1.39183350086133e-05	6.42828420311376e-05	4.8564127144252	down	13113
Naaladl2	1319.63071822451	1.19749455643121	0.0510781460101379	23.4443622169358	1.50908543404074e-121	7.13102751926868e-120	120.821286172761	up	635702
Kifc3	704.672309000424	1.1974606693327	0.101605696747483	11.7853694001893	4.64379683277665e-32	7.70478361450897e-31	31.3331267890054	up	16582
Gm50209	12.0857521094572	-1.19693433062757	0.503638781760536	-2.37657300028312	0.0174743033313309	0.0440589240316522	1.75760012976768	down	NA
Pik3r5	690.883184034783	-1.19671244181442	0.079262041662545	-15.0981783551498	1.66469136566898e-51	3.88471482297601e-50	50.7786662730354	down	320207
Ctsa	442.549690017111	-1.19609883875382	0.0934576585975158	-12.7982966479497	1.67586895027634e-37	3.14909225020818e-36	36.7757599453699	down	19025
Ifi27l2b	35.7717227049217	1.19541164071125	0.343078316274145	3.48436955647184	0.000493297851948873	0.00179030876507615	3.30689077565641	up	217845
Rhof	108.297836251364	-1.19523287458274	0.212418704221261	-5.62677791941406	1.83606862927369e-08	1.12766973667652e-07	7.73611108960655	down	23912
Kitl	428.579476866119	1.19490951258701	0.104825671435838	11.3990160637167	4.22871227588386e-30	6.65072717865237e-29	29.3737918635045	up	17311
Dcst2	16.9807587376563	-1.19385258619529	0.462679916845481	-2.58029912846639	0.00987147668656447	0.0267679509006268	2.00561787581503	down	329702
Kcnq1	259.988221507971	1.19379247527581	0.124176585860609	9.61366804379581	7.00095462256505e-22	8.58698607296251e-21	21.154842737265	up	16535
Rab31	1039.87051350221	-1.1934843499041	0.073681790428844	-16.1978196099438	5.22469627220032e-59	1.34749313881661e-57	58.2819389513684	down	106572
Nexn	140.099697645379	1.19317186971854	0.213525177433451	5.58796805163838	2.29741896003786e-08	1.40151972213785e-07	7.63875979912753	up	68810
Vmp1	991.27247841506	-1.19299726930817	0.0721959247843661	-16.5244405812571	2.44699619204917e-61	6.44664395020388e-60	60.6113667064853	down	75909
Syt7	125.994020602358	1.19260676458131	0.226927497831688	5.25545284717265	1.47660683183994e-07	8.45125233966286e-07	6.83073512655183	up	54525
Cep170b	41.1208847017553	1.19247337749367	0.323443169018997	3.68680959041566	0.000227083137735173	0.000872774899901007	3.64381511351455	up	217882
Abcc2	39.6300323231109	-1.19224111885444	0.34164444612464	-3.48971315757753	0.000483539258457673	0.00175854705183236	3.3155682598656	down	12780
Sntg1	42.6263688281432	-1.19217613895002	0.277848286345342	-4.29074497680451	1.78074721228426e-05	8.08827183016382e-05	4.74939772686014	down	71096
Myo1f	1501.73756423415	-1.19202073010747	0.0483891759116015	-24.6340365929166	5.45733967485103e-134	2.82197274154394e-132	133.263019014089	down	17916
Clec9a	531.084263302106	1.1919289954887	0.0788631035882554	15.1138991652138	1.31144397947239e-51	3.06724815804995e-50	50.8822502562941	up	232414
Pxdn	326.917131515197	1.19184265345813	0.128659683748683	9.26352854858725	1.97785533234939e-20	2.29107989276426e-19	19.703805477481	up	69675
Tmlhe	162.330077114097	1.19183482284904	0.147100850106143	8.10216135385381	5.39912687086302e-16	5.17060684108062e-15	15.2676764671818	up	192289
Anxa13	306.117337594332	1.19181478478808	0.103391920693007	11.5271558628535	9.62718153840486e-31	1.54086663655007e-29	30.0165008386778	up	69787
Gm48226	52.6945977468171	1.19153367233086	0.244273288805269	4.87787133074845	1.07236837941417e-06	5.60920799663952e-06	5.96965600040382	up	NA
Rgs14	102.738495970498	-1.19098247976675	0.183527919934435	-6.48938036344677	8.61901165552903e-11	6.33550560457035e-10	10.0645425319896	down	51791
Ms4a4b	227.275582067917	1.19090632946549	0.15834907599734	7.52076588994741	5.44562841859429e-14	4.73826516138148e-13	13.2639519959853	up	60361
Nlrp5-ps	46.6993303335773	1.1904723889325	0.25838214263542	4.60740969476467	4.07716179400232e-06	1.99399142513998e-05	5.38964205409893	up	100417675
Rab11fip3	124.932405458531	1.18969915099498	0.220106732411154	5.40510114326104	6.47718323350387e-08	3.81833158141406e-07	7.18861381698439	up	215445
Cryab	181.297425647312	1.1896116977983	0.162435888149814	7.32357677449406	2.41447354035257e-13	2.0364018680894e-12	12.6171775495686	up	12955
Ggct	244.99272974598	-1.18945719784176	0.113582014557435	-10.4722319152059	1.15878121162802e-25	1.61524024542583e-24	24.935998555022	down	110175
Klf2	4674.67251488865	-1.18926125963446	0.032996667777298	-36.0418593677716	1.84986442684774e-284	1.927466239554e-282	283.732860099072	down	16598
Naip2	297.239304978144	-1.18895201222387	0.114216854658346	-10.4096021185346	2.24156543305915e-25	3.08737488826964e-24	24.6494485792154	down	17948
Scimp	89.9344058665312	1.18894916481004	0.248479030508723	4.78490745225401	1.71066137079698e-06	8.77392869949256e-06	5.76683595150462	up	327957
Arhgef5	236.053831533889	1.18835770414099	0.135647784796225	8.76061268472752	1.94191964734983e-18	2.06467671077159e-17	17.7117687442707	up	54324
Rtn4rl1	138.385083910872	1.18807440678368	0.186588804128626	6.36734027173825	1.92334172023578e-10	1.37733739202727e-09	9.71594354778013	up	237847
Zfp94	14.65692726733	1.18802007126593	0.49989974598948	2.37651665318296	0.0174769724725215	0.0440603229318747	1.75753379780891	up	22756
Foxj1	32.0463250291962	1.18697913117706	0.334252938621231	3.55114045092098	0.00038356567051995	0.00141772348491757	3.41616026951733	up	15223
4632428C04Rik	15.7922205608786	-1.18606657598038	0.468803151042722	-2.52998848950205	0.0114066268649874	0.0303734599079315	1.94284276491609	down	100043102
Rcan3	100.295088972556	1.18574191043415	0.201589112013738	5.88197397463284	4.05402098771717e-09	2.61472433806989e-08	8.39211400728925	up	53902
Il17re	68.7032573756859	1.18531805907546	0.32321576690491	3.66726558678118	0.000245158123672476	0.000937231726143961	3.61055371119743	up	57890
Epb41l4a	294.984800485703	1.18515444086101	0.115031590991514	10.3028605502678	6.83966060388516e-25	9.28545194295524e-24	24.1649654482093	up	13824
Tmem189	42.6273309550313	-1.18498445172279	0.319637947362421	-3.70727087162525	0.000209504822696028	0.000811349377469343	3.67880597534129	down	NA
Fcgr3	336.05118298986	-1.18488808270765	0.126253014777951	-9.38502803114516	6.28997079775445e-21	7.44753985536392e-20	20.2013513708351	down	14131
Tie1	462.162858238676	1.18481503357928	0.101642150401746	11.6567293086208	2.12031585758001e-31	3.45467256889052e-30	30.673599438606	up	21846
Vav1	584.074436237742	-1.18466054052488	0.0751500542233526	-15.7639346074716	5.5093550948313e-56	1.36191519360842e-54	55.2588992351134	down	22324
Ly86	526.038311562428	1.1845603514737	0.0797781769483469	14.8481752377051	7.14881703594255e-50	1.63169987088726e-48	49.1457658179566	up	17084
Dok2	52.1989657244753	1.18447885926861	0.322279498964763	3.67531556637463	0.000237555602493518	0.000910841067223997	3.6242347227555	up	13449
Thsd4	1408.28532693599	1.18444449108986	0.0573921311016314	20.6377506524792	1.25781386318326e-94	4.73133268860576e-93	93.9003836229396	up	207596
Tspan9	749.625233694616	1.18424617072651	0.0686584958044093	17.248355893204	1.15129103990613e-66	3.22469811567256e-65	65.9388148752862	up	109246
Kcnip3	43.7732309697208	1.18420456084329	0.318189271945779	3.72169857771032	0.000197887156066394	0.000769333555226226	3.70358239291088	up	56461
Plekho1	570.02637409093	1.1838351642466	0.114525631357707	10.3368577864376	4.80019343103602e-25	6.54654652548165e-24	24.3187412617205	up	67220
Gm15860	13.136232222039	1.18380507344578	0.50630663619864	2.33811881735111	0.0193810853195376	0.0481041492346171	1.71262190658925	up	115490136
Stat4	220.297779974203	1.18280158388442	0.129910750554149	9.104724426878	8.64857139760358e-20	9.71577247194938e-19	19.0630556249488	up	20849
Arhgef10l	467.81810960109	-1.18271785472072	0.102664809437065	-11.5201875034477	1.04383603047631e-30	1.66558185597977e-29	29.9813677165178	down	72754
Arf2	403.855319355547	-1.18265329720316	0.105291402111597	-11.2321925008623	2.83358618205268e-29	4.37400758872561e-28	28.5476635739804	down	11841
Tuba4a	222.798674613282	-1.18250106806071	0.136417661420281	-8.6682402831816	4.38849851481709e-18	4.59788439166784e-17	17.357684044284	down	22145
Lag3	23.7577580466261	-1.18202804986668	0.373835110103848	-3.1618968307667	0.00156745086968979	0.00517492215992799	2.80480606284622	down	16768
Btla	692.191171941657	1.18178032901003	0.109463576778811	10.7961055520597	3.59114194783545e-27	5.19693104520437e-26	26.4447674280838	up	208154
Ubl5	1104.69894294415	-1.18058219934685	0.0713297574710265	-16.5510474338342	1.57341215873767e-61	4.16624345310473e-60	60.8031574980894	down	66177
1700029J07Rik	21.5537098808984	1.18037729685586	0.401501480132898	2.93990770959338	0.00328310020441087	0.0101133074885023	2.48371586184618	up	NA
Rac2	1201.5219588726	-1.18003888237811	0.0540774172031134	-21.8212877650187	1.45698374479934e-105	6.0122939124502e-104	104.836545293517	down	19354
Fas	764.565234414894	-1.18002552737901	0.0644034770995725	-18.3223884877303	5.48518076122137e-75	1.68344155939753e-73	74.2608090559092	down	14102
Arap2	488.210633412626	1.17987073873286	0.0943805844587754	12.5012018679353	7.35311206837679e-36	1.34060806992917e-34	35.1335288149195	up	212285
BC147527	21.0717202198717	1.17986501552033	0.400740001659555	2.94421572748975	0.00323774231257354	0.00998527291271269	2.48975771910356	up	NA
Cdc42bpa	750.533317293489	1.17944782493041	0.0696158638348402	16.9422278193457	2.19646588471829e-64	6.02265165416374e-63	63.6582755377634	up	226751
Rasal1	32.7143852566267	-1.17886464816709	0.313568266913408	-3.75951514409024	0.000170242972655732	0.00066937609569298	3.76893080599272	down	19415
Nckipsd	111.078887200631	1.17879395046637	0.225594031184621	5.22528873781095	1.73883552744464e-07	9.88153628481562e-07	6.7597414949963	up	80987
Neu3	43.3811398902073	1.17869481252313	0.32871096404151	3.58580924113711	0.000336034535816703	0.00125382698153702	3.4736160858725	up	50877
Lpcat1	315.654222564819	1.1786839631207	0.0997375034967715	11.8178611033597	3.15618103022603e-32	5.28286397501046e-31	31.5008380947613	up	210992
Gpr155	148.483845296648	1.17846744314897	0.151138063614646	7.79729086746597	6.32503371685848e-15	5.77090094683073e-14	14.1989371550523	up	68526
Cyfip2	1114.83276280964	-1.17760583397302	0.0810317709907544	-14.5326434258407	7.52592052364667e-48	1.67556258325078e-46	47.1234403722936	down	76884
Apoc3	730.183533632464	-1.17694255140904	0.0870514062027291	-13.5200866102969	1.19035574575032e-41	2.41536741827565e-40	40.9243232274078	down	11814
Arhgap6	1029.0954738192	1.17674728527423	0.0798629214577929	14.7345885148484	3.86544585946477e-49	8.74614834586171e-48	48.412800405203	up	11856
BC028528	19.1045411532009	-1.17608403625526	0.451476924142501	-2.60497042786631	0.00918821899447277	0.0251508335249991	2.03676866226264	down	229600
Mb21d2	340.302224993464	1.17605059899041	0.156102167529508	7.53385182027085	4.92650306319127e-14	4.29913724178571e-13	13.3074612428394	up	239796
Chst12	109.550241348293	-1.17588663234326	0.186343604695015	-6.31031386490463	2.78470145203927e-10	1.97114108556543e-09	9.55522135872436	down	59031
Gm26542	91.5074973703308	1.17565781295717	0.196016933235303	5.99773597899261	2.00087483039172e-09	1.31991866383454e-08	8.69878007886527	up	NA
Bnip3	48.3606123775427	-1.17548703338479	0.279976799335447	-4.19851586336771	2.68670035270489e-05	0.000119174433056657	4.57078076766564	down	12176
Akap6	23.4509939232	-1.17507374164223	0.392447406550083	-2.99421966365388	0.00275147773670957	0.00863587989504028	2.56043399688637	down	238161
Mthfd2	185.26588722713	-1.17497207951316	0.133105274484727	-8.82738932819659	1.07147309540051e-18	1.15452057058176e-17	17.9700187295832	down	17768
Kif12	29.1481346107961	1.17458147203605	0.36079883278991	3.25550241655021	0.00113191933201316	0.00385111297303221	2.94618452271478	up	16552
Cacna2d1	97.3566379533567	1.17431271197515	0.192424146778227	6.10273051296711	1.04271568525082e-09	7.03892198410813e-09	8.98183409345186	up	12293
Gm4430	21.7099158764494	-1.17414340368352	0.390264198292683	-3.00858600102219	0.00262466504866415	0.00828090763801851	2.58092611199079	down	100043431
She	366.137714826904	1.17398573886467	0.110686223573867	10.6064305110311	2.78174024142336e-26	3.93008033159467e-25	25.5556834268183	up	214547
Dclre1b	54.3666770790607	-1.17364355789678	0.271601283700584	-4.32120033420247	1.55182698835829e-05	7.11049309815267e-05	4.80915669943716	down	140917
Slc18b1	59.3547564179878	1.17307211315847	0.384972840071591	3.0471555160627	0.002310181535918	0.00737580404887319	2.63635389155819	up	76306
Chn1	17.4034483474036	1.17275904574585	0.431236191070101	2.71952834671802	0.00653750913102339	0.0186444714358008	2.18458769153954	up	108699
Gm28439	31811.6400382796	1.17184200974978	0.27520233017449	4.25811078346169	2.06161782152468e-05	9.28507754111797e-05	4.68579184020978	up	NA
Serpina3h	23.7670487310167	-1.1717709600248	0.391363083850177	-2.99407636636822	0.00275277035375319	0.00863800352384623	2.56023001754156	down	546546
Trp53inp1	735.700209355828	-1.17119229730052	0.0675823647270636	-17.3298507980664	2.80054089417149e-67	7.90792299371813e-66	66.5527580812765	down	60599
Rgs7bp	105.784281625516	1.17108250395663	0.185735010493473	6.30512524722843	2.87960939545786e-10	2.03486538460313e-09	9.54066641810951	up	52882
4933433G15Rik	67.2296919884411	-1.17063910089202	0.258003477299554	-4.53729970287514	5.69791043964182e-06	2.74413579042514e-05	5.24428438132944	down	71274
Gm34589	33.7166783537579	-1.17015325435385	0.304720549047632	-3.84008645958086	0.000122990987743987	0.000494693918856774	3.91012671064558	down	102637893
Glt1d1	16.8490395868602	-1.1690997544852	0.497764211653219	-2.3487019096899	0.0188389820668123	0.0469768514168125	1.72494256729207	down	319804
Arhgap11a	120.008758046922	-1.16898638639944	0.208016787829232	-5.6196732898265	1.91318898911491e-08	1.17434301455569e-07	7.71824212726714	down	228482
Srgn	9755.96857372311	-1.16868324823356	0.0799395103428533	-14.6195947813689	2.10650325496625e-48	4.72015283120878e-47	47.6764378654653	down	19073
Gm44198	19.5451250067463	-1.168562798619	0.455112710226636	-2.5676338462116	0.0102395250508197	0.0276365059621851	1.98972018716799	down	NA
Diaph1	1871.17566184864	-1.16769816620468	0.0471177900985212	-24.7825325373512	1.38330563013977e-135	7.22473835250194e-134	134.859081855452	down	13367
2010109A12Rik	20.4850312151466	-1.16753806519742	0.415912065754158	-2.80717526932132	0.00499780408813481	0.0146565211641769	2.30122077204102	down	75610
Adgrl4	1983.25012568772	1.16751087490163	0.0668201736653183	17.4724310168563	2.32378812189147e-68	6.69784518286257e-67	67.6338034725331	up	170757
Arvcf	33.6606386183018	1.16744368094102	0.348047469884199	3.35426567338485	0.000795759199806785	0.002788435507781	3.09921833178051	up	11877
Snx29	1113.47142419452	1.16725981812433	0.0540368657747194	21.6011754454942	1.75102867447214e-103	7.09916080687256e-102	102.756706741945	up	74478
Bhmt	178.346123185212	-1.16676535797458	0.130848027877804	-8.91695027352037	4.79304782402319e-19	5.23218038788995e-18	18.3193882376876	down	12116
D630045J12Rik	37.4742932772247	1.16644724865559	0.315257794886898	3.69997908877739	0.000215617232991657	0.000833471993751278	3.6663165315461	up	330286
Dock2	2670.60455707373	-1.16641881302193	0.0417070189901703	-27.9669667423807	4.09977354394902e-172	2.68664090825012e-170	171.387240131409	down	94176
Tspyl3	23.0926066381456	-1.16639622560375	0.404405953684203	-2.88422120143805	0.00392383027866128	0.0118579036943036	2.40628978585757	down	241732
Tns1	2577.90832295426	1.16637643939996	0.0433301306722209	26.9183688418398	1.33878652530214e-159	8.18151683307076e-158	158.873288667405	up	21961
Kmt5a	488.512497476202	-1.16623686293076	0.0848389192634073	-13.7464841968323	5.34652571469042e-43	1.11083000367332e-41	42.2719283400494	down	67956
Flt1	1894.72814755905	1.16609734322951	0.058186183120747	20.0407945784938	2.42859720487198e-89	8.60706414155225e-88	88.6146445091584	up	14254
Scamp5	39.7241391311704	1.16587463531146	0.290453173247626	4.013984844013	5.97021816454416e-05	0.000252513449017527	4.22400979853118	up	56807
Gipc2	36.9572759875214	1.16550652605543	0.316117343981415	3.68694267570446	0.000226964458266639	0.000872479680099336	3.64404214627467	up	54120
Tex14	269.722422853409	-1.16496021670815	0.132927493909828	-8.76387707646403	1.88647530149665e-18	2.00675134292438e-17	17.7243488763861	down	83560
C1qtnf4	41.6227210471936	1.16472443600577	0.323045438996687	3.60545079857238	0.000311611527759465	0.00116982032552324	3.50638648440859	up	67445
Efna1	121.686746576438	1.1646185643105	0.218499321132522	5.33007863948533	9.81702484052157e-08	5.72563617832715e-07	7.00802011008642	up	13636
Bola3	259.624976889037	-1.16343790593828	0.124525787244977	-9.34294760690387	9.36888198163644e-21	1.1017953251429e-19	20.0283122317564	down	78653
Gimap8	328.141525811361	1.16335117277372	0.116070555203912	10.0227932116801	1.21033100139893e-23	1.58829267872496e-22	22.9170958425574	up	243374
Tmeff1	45.0773260720602	1.16264220047261	0.299759168290121	3.87858762454046	0.00010506468266475	0.000427125033564323	3.97854324687822	up	230157
Abhd12	483.974122222038	-1.16236366371106	0.0952873192381778	-12.1985136427822	3.16549430085907e-34	5.56203505359208e-33	33.4995584640435	down	76192
Parp11	157.044031919063	1.16232802610781	0.153441307208673	7.57506597963937	3.58945160959329e-14	3.14684821591563e-13	13.4449718971375	up	101187
Aldh5a1	15.9277492946556	1.16215097670232	0.462790247168566	2.51118294694533	0.0120327319778164	0.0317968680808667	1.91963575685074	up	214579
Slfn5	521.363249113681	1.16191779460726	0.0902122937998293	12.8798165490107	5.84743840997978e-38	1.10978842464088e-36	37.2330343438406	up	327978
1600020E01Rik	544.519724552901	-1.16163067342313	0.0759680626066291	-15.2910398602395	8.77379527214335e-53	2.08718173146342e-51	52.0568125036461	down	72012
Hspa13	192.125099153579	-1.16160764370333	0.126827149086997	-9.15898253698446	5.23889202787421e-20	5.94949705552428e-19	19.2807605521498	down	110920
Gm35533	120.876114570817	1.16155944638017	0.222984216841355	5.20915544083812	1.89702139808027e-07	1.07336489043157e-06	6.72192777031546	up	102639153
Scarf1	210.570877696498	1.16113257820575	0.146634370467368	7.91855671016877	2.40283347314652e-15	2.23239619914848e-14	14.6192763266574	up	380713
Tenm2	14.5154085322643	-1.16047881813193	0.492309289985381	-2.35721494950135	0.0184125854142281	0.046084538487521	1.73488522549395	down	23964
Klhl22	112.861009969033	1.16023968515281	0.191139640328828	6.07011545672465	1.27818323941566e-09	8.55639592874492e-09	8.89340688157468	up	224023
Arhgap8	22.5319147998245	1.16005023060631	0.414067328511675	2.80159807530817	0.00508501821333875	0.0148850533147586	2.2937074871978	up	73167
Ssr3	1056.93198342104	-1.15951029673652	0.0604318929401673	-19.1870590233627	4.74758048601351e-82	1.55802881492969e-80	81.3235276639084	down	67437
Khk	298.464308264718	1.15889886557613	0.117423146065247	9.86942442278097	5.64878072936194e-23	7.20409679431906e-22	22.2480452830927	up	16548
Entpd1	2796.66203758548	-1.15838396559767	0.0437259982130683	-26.491881556439	1.20220889633215e-154	7.01759977329572e-153	153.920020062581	down	12495
Ikzf1	1859.41888210766	-1.15815565222526	0.0530027171262868	-21.8508732196839	7.62607906902015e-106	3.15944059084117e-104	105.117698696169	down	22778
C1qb	293.48937069269	1.15815450752691	0.131949032345891	8.77728685793562	1.67465474345707e-18	1.7850705984093e-17	17.7760747160701	up	12260
Afm	56.7100084891291	-1.15814608885552	0.256149503546908	-4.5213676888639	6.14413586748693e-06	2.94474809895492e-05	5.21153918916023	down	280662
Mn1	31.9680117167366	1.158020121784	0.347515957441143	3.33227898457045	0.000861378587315537	0.00299971062517856	3.06480592840148	up	433938
Anapc13	329.95409018591	-1.15770240774005	0.101644434518383	-11.3897274673772	4.70458860781628e-30	7.38244894565387e-29	29.327478347405	down	69010
Nipa1	23.6432963100902	1.15758968215115	0.388491312773281	2.9797054505224	0.00288525673699308	0.00900087801529921	2.53981553623494	up	233280
Epha1	62.6121398758911	-1.15700423958403	0.24806027514985	-4.66420606397013	3.09810814979247e-06	1.54027890024408e-05	5.50890342581559	down	13835
Sox13	63.5895037835209	1.1569618258415	0.26786201403464	4.31924560117687	1.56563470073114e-05	7.16745639906333e-05	4.80530956153948	up	20668
Gm10863	29.0143393255934	-1.1567082680542	0.345030266665897	-3.35248347697647	0.000800900218773599	0.00280362164606468	3.09642158770521	down	100041655
Mtss2	137.584533655294	1.1559586057481	0.163404174317248	7.07422934926876	1.50281561821588e-12	1.21196496393192e-11	11.8230943001207	up	244654
Trim21	56.6175939217636	1.15533658145543	0.297254414747838	3.8866927592497	0.000101619238599104	0.000413844696729868	3.99302406344507	up	20821
Dynlt1-ps1	24.544902195347	-1.15530179955249	0.374768219807143	-3.08271016188891	0.00205124832473816	0.00661497428647763	2.68798176062856	down	100043890
Bin2	510.9085314236	-1.15517565895231	0.0846811646745986	-13.6414710802723	2.26936041612987e-42	4.66382659878998e-41	41.6440965246941	down	668218
Gm49492	25.2548016873547	1.15488287238317	0.405300512483101	2.84944833972132	0.00437951173835289	0.0130471258206627	2.35857430528564	up	NA
Fam217b	70.5685756148191	-1.15464318389886	0.241835090259288	-4.77450639053616	1.8014856312697e-06	9.21707809232245e-06	5.74436919747989	down	71532
Tshz2	4356.82771922936	1.15450461017826	0.0480086717481178	24.0478348627406	8.79473276641768e-128	4.31231614398537e-126	127.055777352322	up	228911
Llgl2	150.535895015628	1.15439417441876	0.159257156528183	7.24861726521198	4.21047808423352e-13	3.51109054811294e-12	12.3756685888303	up	217325
Susd3	236.407866123103	-1.15421265553165	0.135954912798429	-8.4896722874805	2.07220601991408e-17	2.12306379289819e-16	16.6835670689732	down	66329
Il1r2	1378.14061915459	-1.15399997844465	0.0499120703739605	-23.1206593875678	2.86972379861036e-118	1.3230569521956e-116	117.542159900657	down	16178
Emp1	44.0650196468361	-1.15381983965051	0.265265098809738	-4.34968582307955	1.3633271520209e-05	6.30780961833118e-05	4.86539991579494	down	13730
Rpl23a	47.5572304935029	-1.15282218063805	0.31536077714619	-3.65556614576594	0.000256615029415857	0.00097673070283051	3.5907179114793	down	268449
9530026P05Rik	1632.66993648806	1.15251041242183	0.0573198577449651	20.1066516520282	6.45359644872535e-90	2.29891446829039e-88	89.1901981950479	up	330385
Yes1	240.005744519889	1.15181414137416	0.161469463377586	7.13332488558975	9.79729330513411e-13	8.00650177198783e-12	12.0088938901246	up	22612
Lzts2	81.322372833248	1.15177755170165	0.209049617226064	5.50958938353919	3.59671721531624e-08	2.16124538783089e-07	7.44409370637262	up	226154
Arhgef38	12.902241626168	1.15170299496944	0.493597846705316	2.33328204864925	0.0196333469808146	0.0486433619941976	1.7070056580468	up	77669
Adam17	705.849905311804	-1.1512478976173	0.0826407871020814	-13.9307470074702	4.12023455608208e-44	8.68165499637963e-43	43.3850780598133	down	11491
Atp11a	240.0085731497	-1.15117347607334	0.122413769232594	-9.40395417353774	5.25501896928996e-21	6.23727375394057e-20	20.2794257119396	down	50770
D130017N08Rik	18.2441968693252	-1.15078613989988	0.436232162649919	-2.63801305458397	0.0083393371478201	0.0231125743880068	2.07886846788559	down	320064
Robo4	547.272924097488	1.15054462022792	0.083647752243124	13.754638820226	4.77660180499688e-43	9.93409231679939e-42	42.3208809615847	up	74144
Gimap5	74.6401044172461	1.15050372591201	0.24769258014512	4.64488570968877	3.40264772346193e-06	1.68107576835522e-05	5.46818301113808	up	317757
Ldha	1217.75171767963	-1.14962214472064	0.0588948278796813	-19.5199168774082	7.43591244128735e-85	2.51553537928551e-83	84.1286657327368	down	16828
Slc22a23	121.140314062451	1.14941227540457	0.221287842557497	5.19419531647299	2.05607196589838e-07	1.15895276433206e-06	6.68696168839001	up	73102
Csf2ra	562.247996567929	-1.14806516690913	0.0754496314069274	-15.2163124656925	2.75635624244165e-52	6.52723951548198e-51	51.559664653191	down	12982
Fam120c	174.67767310334	1.14764307857594	0.170903322566786	6.71515954950176	1.87860551610246e-11	1.43347712742802e-10	10.7261644067895	up	207375
Ost4	35.8000948058862	-1.14676338017556	0.333751162287518	-3.43598318074966	0.000590407624429741	0.00211255228116267	3.22884804273924	down	67695
Tanc1	1108.70584099902	1.14667589056406	0.0569005114974281	20.1522949510901	2.56922825508627e-90	9.21517170529136e-89	89.5901973104784	up	66860
Efemp1	140.989434378846	1.14601718257611	0.169465911420542	6.76252334743703	1.35608816804634e-11	1.04317169929559e-10	10.867712073263	up	216616
Krt23	98.1709990297247	1.14595167986811	0.24164176352171	4.74235770823265	2.11245197407301e-06	1.07395429830953e-05	5.67521315581362	up	94179
C230037L18Rik	19.8274207204109	1.14585285726905	0.42329897370414	2.70695874181336	0.00679026956293191	0.0192861424862939	2.16811298457516	up	100532730
Spc24	72.6989331381006	-1.1458038740778	0.222091178974794	-5.1591597620716	2.48060572527065e-07	1.38736829599879e-06	6.60544225827781	down	67629
Sgce	192.687621765549	1.14563210401617	0.158717778107442	7.21804524784017	5.2740169590896e-13	4.37346754518377e-12	12.2778584780262	up	20392
Sema3c	283.507854658921	1.14553955084822	0.377306307399137	3.03609965798001	0.00239660136841386	0.00762951052801352	2.62040419704493	up	20348
Cttnbp2nl	260.571184018504	1.14543671498242	0.108699360160839	10.5376583016455	5.79232158819274e-26	8.13384026794802e-25	25.2371473342245	up	80281
Fam241b	18.1357967786781	1.1451825247999	0.45258174610659	2.53033299431877	0.0113954319455219	0.0303552865029696	1.94326920817547	up	69894
Gm48653	14.5754170860654	1.14511936733702	0.480649537644628	2.38244142072528	0.0171982680078012	0.0434523165633571	1.76451528754182	up	NA
Ptprb	11349.8532954457	1.14472983623956	0.023238725056207	49.2595800101267	0	0	Inf	up	19263
Zfp820	38.7523752257998	1.14436386141571	0.31794773571077	3.59922003802762	0.00031917304202726	0.00119626745014498	3.49597379712462	up	75424
Peg3	183.297472053112	1.14432176338553	0.150286965907695	7.61424489791321	2.65237477213329e-14	2.34405588958802e-13	13.5763651115003	up	18616
P2rx7	267.380933671117	1.14417939023861	0.123520049391847	9.26310664440301	1.98568881854932e-20	2.29887607165274e-19	19.7020888097056	up	18439
Tmem252	66.6332848242031	1.14371442812499	0.275586135145569	4.1501159973845	3.32306826781906e-05	0.000145543126593277	4.47846073665311	up	226040
Dgke	165.78998745546	1.14367075161371	0.178528120203338	6.40610986275496	1.49279415465291e-10	1.08090122963211e-09	9.82600007416494	up	56077
Trim35	361.604107984332	1.14350736993606	0.108731381540597	10.5168108207023	7.22787884723983e-26	1.01224305979591e-24	25.1409891356374	up	66854
Gca	194.236418888019	-1.14319818455074	0.135412467700829	-8.4423406792677	3.11045223578548e-17	3.1603468620933e-16	16.5071764633115	down	227960
Sphk1	34.1616587999865	1.143056470908	0.324849638021838	3.518724779466	0.000433626299699852	0.0015895054458127	3.36288438544535	up	20698
Tmem71	231.016750786098	-1.1430380601735	0.125667914971683	-9.09570323046317	9.3976313446971e-20	1.05458933544503e-18	19.0269815957149	down	213068
Aurka	43.7187260005742	-1.14295299610457	0.276322971676435	-4.13629380565191	3.52960221007336e-05	0.000154070759228569	4.45227423730474	down	20878
Shmt2	68.5662733007432	-1.1429047260717	0.231649522535961	-4.93376681099904	8.06587309231915e-07	4.28023247697578e-06	6.09334861542276	down	108037
Wwc1	1021.1369548806	1.14230180189768	0.0624495408194653	18.2915964938789	9.65456575309553e-75	2.95002193150671e-73	74.0152672553155	up	211652
E030042O20Rik	35.435610185919	-1.14226032925157	0.28650072472768	-3.9869369626806	6.69317995094417e-05	0.0002805857513533	4.17436749852086	down	320474
Selenbp2	29.8104920818597	1.14209099596071	0.353697393551187	3.22900597172601	0.00124221300843572	0.00418739516059398	2.90580392714145	up	20342
Samd4	307.520576661966	1.14171141893365	0.101562879733495	11.2414242480081	2.55230966654362e-29	3.9427413744331e-28	28.5930666346874	up	74480
Grtp1	36.5803797758927	-1.1415659580854	0.344261322222317	-3.31598667755131	0.000913201820644368	0.00316958906402531	3.03943323133093	down	66790
Pik3r3	23.5700909453643	1.14111010672227	0.385059127333058	2.96346723326796	0.00304194446213364	0.00943881486694505	2.51684871928009	up	18710
AC163703.1	139.304851790968	-1.14086093865384	0.162826133630152	-7.00662057876547	2.44143162480587e-12	1.95230213466345e-11	11.6123554341426	down	NA
Tap1	429.158210761638	1.14061779111627	0.0854319297955676	13.3511884121742	1.16574174781339e-40	2.33361117028658e-39	39.9333976501963	up	21354
Dhx40	860.300471682375	-1.14053924153911	0.068403838683238	-16.6736145733089	2.03883838188393e-62	5.47517436083495e-61	61.6906171992527	down	67487
Gm36723	604.169157177721	1.14052973330804	0.0767364535689059	14.8629455788428	5.73472471142034e-50	1.31614458437542e-48	49.2414874250479	up	328066
Flot1	374.42639017267	-1.14047829407349	0.109096916558013	-10.4538086873155	1.40756517449083e-25	1.95028262441586e-24	24.8515314868735	down	14251
Galnt9	17.3092220425645	-1.14006732637974	0.474341702832191	-2.40347268556116	0.0162401802017402	0.0413096362342642	1.7894091561178	down	231605
Dennd11	118.647617310929	-1.13978486877906	0.170203430728524	-6.69660337573937	2.13319563193892e-11	1.62536247802469e-10	10.670969314276	down	243780
Ldhb	153.421795006929	1.13960208507655	0.142683892537807	7.98690072724629	1.38373431019351e-15	1.30066031980706e-14	14.8589472904384	up	16832
Aldh6a1	29.9672198212674	1.13946817217873	0.38402897436235	2.9671411488436	0.00300582933383265	0.00933787678708089	2.52203568159305	up	104776
Map3k13	160.479160187642	1.13935804217577	0.140495985337959	8.10954163163507	5.08110694335738e-16	4.879501732379e-15	15.2940416642865	up	71751
Esco2	57.925680844446	-1.13928137729149	0.230620885269789	-4.94006159051343	7.80978983493588e-07	4.15068121321675e-06	6.10736065303124	down	71988
Bach2	1246.04886996922	1.13895323401023	0.0575714553933146	19.7832975774049	4.14666022275574e-87	1.43541947478417e-85	86.3823015492581	up	12014
B3gnt3	140.362243733231	1.13888712591446	0.229616270631638	4.95995829381585	7.05083158010499e-07	3.76267040455334e-06	6.15175965898692	up	72297
Ift43	260.02959094036	1.13852703845895	0.114951921918609	9.90437584214629	3.98450180477755e-23	5.10344395265884e-22	22.3996259721253	up	76411
Unc5b	69.050817464185	1.13844132971932	0.264070747363286	4.31112245898691	1.62427915416554e-05	7.42125702557678e-05	4.78933932934659	up	107449
Mup-ps19	20.4060957404971	-1.1382976775767	0.395214767485284	-2.88020026382007	0.00397422641987789	0.0119888396589223	2.40074739386878	down	100039305
S100a16	508.054685833067	1.13825476816329	0.142768517258551	7.97272949260885	1.5520765470871e-15	1.45561310372404e-14	14.8090868635174	up	67860
Mmp25	90.1792208062723	-1.13816316336998	0.190066112603989	-5.98824876132125	2.12112472537612e-09	1.39747449105637e-08	8.67343379355321	down	240047
Smtn	86.2722126525025	1.1379729193559	0.199936510933753	5.69167139128958	1.25801790601373e-08	7.80930448120943e-08	7.90031317731077	up	29856
Ppcs	59.6979150150367	1.13789452794776	0.230715309343203	4.93202870319748	8.13799545408856e-07	4.31411058936025e-06	6.08948255708101	up	106564
Bank1	422.67283788422	1.13770103899396	0.0903087538636616	12.5979043040671	2.16829356196312e-36	3.9880908682921e-35	35.6638819196845	up	242248
Rita1	22.3343646073067	1.13757711480403	0.389281227609927	2.92225012181661	0.00347512342987767	0.010640331641966	2.45902976547307	up	100764
Epha7	103.712277669354	1.13749690713965	0.206944389432352	5.49663081110725	3.87115962552829e-08	2.31946795389258e-07	7.41215892037394	up	13841
Zhx3	329.668273585337	1.13741614240107	0.112869464779295	10.0772706296178	6.96335171059385e-24	9.18994846719856e-23	23.1571816685739	up	320799
Vwa3a	31.4892660070692	1.13716980946404	0.356627228601359	3.18867915364695	0.00142924415324671	0.00475327464243668	2.84489357572232	up	233813
Rapgef4	93.6316250856176	1.13698092278103	0.246106090272746	4.61988129396139	3.83959655149491e-06	1.8839969987427e-05	5.41571440705555	up	56508
Pgap1	161.374289577076	1.1367705044474	0.160580089033644	7.07914979552184	1.45041539508473e-12	1.17061217731103e-11	11.8385075991739	up	241062
Pou6f1	117.779677409171	1.13657460432947	0.195307430484079	5.81941302239458	5.90546441278836e-09	3.75538519676828e-08	8.2287459432697	up	19009
Pitpnm3	67.7035018864845	1.13604907773818	0.42349610837705	2.68254903708991	0.0073063439403578	0.0206142568877764	2.13629988757391	up	327958
Armc2	19.294642476036	1.13583994469004	0.422740598271457	2.68684850552412	0.00721296588573954	0.0203839159334047	2.14188612183324	up	213402
Dele1	143.46614038955	1.13531159097933	0.186709728308185	6.08062365719572	1.19715983789983e-09	8.0294862767926e-09	8.92184786121963	up	66839
Ap1s3	366.376191280387	1.135204926877	0.108505172772551	10.4622194303734	1.2880269523494e-25	1.78822076349161e-24	24.8900750491391	up	252903
Trim3	110.865501597173	1.13496790913423	0.174292717217199	6.51184930303122	7.42311721557448e-11	5.48547303742399e-10	10.1294136816169	up	55992
Mgp	90.3408891104134	1.13397333793798	0.244608991603561	4.63586121877244	3.5545440204766e-06	1.75072424586887e-05	5.44921610297697	up	17313
Xylt2	82.1404852462373	1.13333262662081	0.266488785989715	4.25283421368639	2.11081848408288e-05	9.48616484576303e-05	4.67554911143444	up	217119
Amer1	61.8809924609701	1.13330102699529	0.268655037670489	4.21842462669658	2.4601518237342e-05	0.000109545093706831	4.6090380903863	up	72345
Gtf3a	15.8604124506455	-1.1329169948301	0.468788189924651	-2.41669269657198	0.0156622336925104	0.0399737033580189	1.80514630031425	down	66596
Htr1f	17.6568052902504	-1.13185177066453	0.447561296662211	-2.52893129746824	0.0114410420148322	0.0304500842444112	1.94153441953923	down	15557
Serp1	1094.68509733593	-1.13184934972878	0.0584784607444415	-19.3549784881498	1.85071811326404e-83	6.13149678256109e-82	82.7326597245084	down	28146
Crb3	60.2841693927176	1.13177874614938	0.274350098769125	4.12530832402509	3.70238421521949e-05	0.000160972219196659	4.43151851429967	up	224912
Ltbp4	520.259054992391	1.13092386926034	0.113961307458473	9.92375302180919	3.28179015068366e-23	4.22155709568499e-22	22.4838891927265	up	108075
Sytl5	161.976346833707	1.13023339005945	0.13867224120819	8.15039390877531	3.62740751181555e-16	3.51098676910006e-15	15.4404036519764	up	236643
Mfsd4a	25.2163530905434	-1.12931984259051	0.366484001171821	-3.08149834366451	0.00205961622535289	0.00663887741997353	2.68621369552344	down	213006
Plat	18.4635849008214	-1.12931032721924	0.423102445819661	-2.66911793674807	0.00760507411538214	0.021318555217978	2.11889654916593	down	18791
Uhrf1	58.2982929434948	-1.12927632557756	0.255001736792923	-4.42850444777401	9.48887623745904e-06	4.46161308466627e-05	5.0227852177907	down	18140
Susd6	2380.38257428123	-1.12876708089663	0.0443627759567778	-25.4440137379224	8.22304167081414e-143	4.49763688656419e-141	142.084967508919	down	217684
Gtdc1	1748.22296708478	-1.12876603492469	0.0510335033766403	-22.1181373066652	2.11481641307068e-108	9.03087279343851e-107	107.674727327698	down	227835
Pacsin1	31.2792873385122	1.12865958428259	0.374844893686493	3.01100429348935	0.00260385170767367	0.00822395661355133	2.58438375296594	up	23969
Ddit4l	303.974832694009	1.12857072835284	0.105511235605748	10.6962137432439	1.06022344701911e-26	1.51225163671672e-25	25.9746025955082	up	73284
Prkaa2	66.1874879769954	1.12846991637521	0.286118572466131	3.94406384265319	8.01123153763828e-05	0.000331176461045118	4.0963007162643	up	108079
Glrx	215.365254189824	-1.12845228535576	0.127648604987666	-8.84030252790302	9.5459767456632e-19	1.03125251116058e-17	18.0201796279252	down	93692
Kazn	106.795931890935	1.1282359358934	0.242053483812702	4.66110182808364	3.14521056209777e-06	1.562781185111e-05	5.50235027457608	up	71529
Plcg1	69.1536889294397	1.12808779241308	0.244208263328297	4.61936781760965	3.84910996363151e-06	1.88777600687496e-05	5.41463968154864	up	18803
Tnfrsf19	105.941202863326	1.12794789604853	0.176153771780026	6.40320036664937	1.52153300937483e-10	1.10132776597298e-09	9.81771862126583	up	29820
Pon3	144.595534753975	-1.12776184049381	0.14836172366939	-7.60143393188745	2.9286728072085e-14	2.581667200906e-13	13.5333291452051	down	269823
Crip1	2683.43310379151	-1.12768690341726	0.0423382825568697	-26.6351593714867	2.65910343759256e-156	1.59232921080435e-154	155.575264768535	down	12925
Arv1	42.5717185700594	1.12701079395589	0.315913528725027	3.56746606738974	0.000360450038589661	0.00133726515117856	3.44315492364499	up	68865
Enpp4	149.039764528945	1.1270089503391	0.176528269298912	6.38429728459387	1.72186305046317e-10	1.23987229124402e-09	9.76400139341275	up	224794
Fhl1	43.9941992489718	1.1269970767889	0.320697046061977	3.51421096835141	0.000441062367993383	0.00161505863409139	3.35549999520281	up	14199
Tead1	596.745272173937	1.12592924833042	0.11648618219949	9.66577517668313	4.21417280375475e-22	5.20564001526053e-21	21.3752876599528	up	21676
Serpina3i	21.2408497294841	-1.12571030191038	0.395559406723101	-2.84586912301242	0.00442903941195341	0.0131871342057004	2.35369045511426	down	628900
Gdap2	211.407121226684	-1.12477313312104	0.196041180055423	-5.73743298628916	9.61222932649784e-09	6.01348684884084e-08	8.01717587644029	down	14547
Gm12576	27.5903835774477	1.12422943356414	0.388835186140388	2.89127495050883	0.00383682281322047	0.0116248256185957	2.41602825631834	up	102635494
Pcdh9	328.733145104407	1.12348514239089	0.143391487641481	7.83508952218919	4.68508781627595e-15	4.30288871764542e-14	14.3292822643778	up	211712
Chic1	65.2416925946693	1.12310935833194	0.268265878559832	4.1865531477998	2.83222637867565e-05	0.000125203151262669	4.54787203661772	up	12212
Prr7	53.6278028657571	-1.12276955071221	0.237259615744035	-4.73224044973377	2.22055147396799e-06	1.12534222193626e-05	5.65353915511757	down	432763
Srm	100.776600937437	-1.12232062573426	0.193074756243061	-5.81288122576407	6.1406632321493e-09	3.89817399619019e-08	8.21178471965572	down	20810
Shroom3	842.329915386397	1.12230260783089	0.0647065562493953	17.3444960276553	2.17073645336947e-67	6.16293963920524e-66	66.6633929005415	up	27428
Ctsz	1784.41040059119	-1.1209892518116	0.053840983126707	-20.8203711506069	2.82985237520984e-96	1.07611849720799e-94	95.5482362197068	down	64138
Tgfb2	202.018366530217	1.12098229864664	0.15964951081131	7.02152041024122	2.19466747926279e-12	1.75767392776161e-11	11.6586312717138	up	21808
Ifi205	230.96043693847	1.12077684697323	0.161755293535991	6.92884184791054	4.24299815138043e-12	3.34923630593245e-11	11.3723271574498	up	226695
Camk1d	23396.0639064853	-1.1207613807552	0.0262524366734271	-42.6917087620155	0	0	Inf	down	227541
Zfp318	207.178195679693	1.12072253930718	0.146488246234046	7.65059701456586	2.00048346348398e-14	1.78002027735024e-13	13.6988650342612	up	57908
9330160F10Rik	30.5864640061262	-1.11989023958212	0.358561975928459	-3.12328220716178	0.00178846173855355	0.00583068744832876	2.74752034649226	down	791118
Npr2	43.6826628106829	1.11981416732767	0.315749132237642	3.54653125850832	0.0003903384318937	0.00143994735036871	3.40855868690049	up	230103
Retreg1	1741.91395830668	-1.11953780397973	0.0571247780224781	-19.5981121106361	1.60467671069305e-85	5.4640290807406e-84	84.7946124504269	down	66270
Ice2	82.883623025153	1.11938625529292	0.201443551068628	5.55682348407155	2.74728333088579e-08	1.6642627131491e-07	7.56109654891765	up	93697
Zfp119a	73.8691160967589	-1.11901470419076	0.269838404462919	-4.14698088071647	3.36888182536683e-05	0.000147394768756707	4.47251422306199	down	104349
Kif5a	25.2771397522838	1.11865257462237	0.36600977035901	3.05634621044435	0.0022405238523623	0.00716218385632429	2.64965042827663	up	16572
Frmd4b	977.237106359156	1.1180683486976	0.0582460107403179	19.1956210302943	4.02640928245043e-82	1.32344389648241e-80	81.3950820813909	up	232288
Rhobtb3	52.3515042922078	1.11764064264691	0.244021874416571	4.5800838360047	4.64789584073023e-06	2.25827702086681e-05	5.33274361304091	up	73296
C1qtnf1	78.5638383171623	1.1173271126438	0.21729443158577	5.14199606722443	2.71834809055845e-07	1.51504829791783e-06	6.56569493166193	up	56745
P2ry2	76.6141576318391	-1.11710314149237	0.223516010395141	-4.99786632517961	5.79681453521117e-07	3.12063596226467e-06	6.23681059433733	down	18442
Nedd9	2249.5721488088	-1.11667811605438	0.050821557766463	-21.9725282956847	5.27490209155956e-107	2.21620332028245e-105	106.277785596976	down	18003
Itga2	47.9150550088393	1.1164455194671	0.351068727605296	3.1801337791679	0.00147207076183872	0.00488418113265801	2.83207131313884	up	16398
A2m	22.2586922842096	-1.11640786810799	0.42463242536098	-2.62911591633384	0.00856071749147902	0.0236412393062459	2.06748983467661	down	232345
Cobl	264.642430306132	1.11606829838283	0.108247794229331	10.3103098435276	6.32969197497064e-25	8.60433470752859e-24	24.1986174237623	up	12808
Zfp282	212.292871875423	1.11601641380316	0.128861014943277	8.66062101322431	4.69201041426805e-18	4.90847414773755e-17	17.3286410326064	up	101095
Cebpd	478.456879337848	-1.11591436496087	0.0905430694033382	-12.3246800921874	6.67076845647656e-35	1.19221392679687e-33	34.1758241335222	down	12609
Defb39	22.4806341919411	-1.11514940984519	0.405131133515004	-2.75256408997729	0.0059130571221552	0.0170384675564978	2.22818792554732	down	360214
Plcg2	1111.90634987224	-1.11509238606723	0.0550722392484723	-20.2478127144278	3.71367144628303e-91	1.34824388970544e-89	90.4301965215381	down	234779
Stard5	211.370298509891	-1.11488193763221	0.126832938599516	-8.79016089939011	1.49345924046378e-18	1.59519206109814e-17	17.8258066256767	down	170460
Cox7c	1850.00004613148	-1.11424354885877	0.0436054558329835	-25.552847174136	5.10483558679091e-144	2.81427695219936e-142	143.292018240825	down	12867
Idi1	30.7404317789647	-1.11405046538274	0.335750863266157	-3.3180866745817	0.000906363545419191	0.00314742708265131	3.04269757042364	down	319554
Tkfc	20.2196806655815	1.11377143439077	0.41835106061665	2.66228901810137	0.0077611207048265	0.0217180064949482	2.11007556214652	up	225913
Gmfg-ps	37.2999828072386	-1.11365599463312	0.328015192221081	-3.3951354115407	0.000685946652954494	0.002428962158185	3.16370965867865	down	100040018
Tead3	17.2822340619141	1.11362785847734	0.475297232918196	2.34301355309807	0.0191286882163931	0.0475910618124898	1.71831481146333	up	21678
Tram2	442.66609676769	-1.11345590448199	0.0930034903488297	-11.9721948101704	4.96963563581709e-33	8.48175569326718e-32	32.3036754517405	down	170829
Pald1	115.846596145446	1.1133354529365	0.225783781031295	4.93098063931433	8.18178437094483e-07	4.33511834493057e-06	6.08715197041853	up	27355
Tnip3	205.522653841827	-1.11328767567283	0.131508835744907	-8.46549716121217	2.55062326376444e-17	2.59660176812834e-16	16.5933536835113	down	414084
Bace2	385.324205958307	1.11320782282209	0.0956077238295561	11.6434925781378	2.47661938200641e-31	4.02576219201495e-30	30.6061407326131	up	56175
Tjp1	1424.13795786957	1.11276620433786	0.0672147911213835	16.5553769605311	1.46421514181267e-61	3.88697825990246e-60	60.8343951063122	up	21872
Tet2	990.963671482394	-1.11258290287814	0.0693064275914889	-16.0530984144214	5.43801607785107e-58	1.38876001282278e-56	57.2645595127265	down	214133
Tsc22d4	1125.37244691511	-1.11199073774556	0.055868700924022	-19.9036440682199	3.78392515014718e-88	1.32304054033418e-86	87.4220574629678	down	78829
Ccdc39	25.9842004695454	1.11178599424389	0.362752936804147	3.0648573214561	0.00217773860797472	0.00698115963257917	2.66199424943187	up	51938
Zc3h7a	22906.7907505275	-1.11152208199847	0.0227006150628914	-48.9644037802073	0	0	Inf	down	106205
Nrtn	31.7552508375371	1.11132646130396	0.341424358576391	3.25497122096901	0.0011340385680562	0.00385769339205407	2.94537217506467	up	18188
Eml1	419.949391694186	1.11117380965917	0.0901891933206482	12.3204761983914	7.02780676889219e-35	1.25387384637795e-33	34.1531801880358	up	68519
Kctd11	36.1741472575367	1.11115881846221	0.313049173726707	3.54947053600038	0.000386006659814317	0.00142573427576579	3.41340520233431	up	216858
Chaf1a	28.354289787594	-1.11080411825796	0.374857533058587	-2.96327009676061	0.00304389348500819	0.00944205066003061	2.51657054890624	down	27221
Sqstm1	2044.32714596841	-1.11066910414414	0.0799933867337426	-13.8845115764506	7.8634565684767e-44	1.64855705664473e-42	43.10438650757	down	18412
Rgs2	1297.51317175105	-1.1106531742173	0.0524694931431645	-21.1675986880005	1.89994436928815e-99	7.49866301355981e-98	98.7212591150813	down	19735
Dmpk	46.4320607939897	1.11010071648263	0.262128103239225	4.23495498103659	2.28597498166915e-05	0.000102226250306874	4.64092852695145	up	13400
Paqr3	28.1804089502771	-1.10851462028438	0.319132663633289	-3.47352291571808	0.000513673497063053	0.00185744265231598	3.28931284108157	down	231474
Ctdspl	735.01582353415	1.10814746374407	0.0867821675831538	12.7692992074927	2.43335405921274e-37	4.56055040060042e-36	36.6137946955184	up	69274
Mndal	993.520854417744	1.10814587007393	0.0956774698908408	11.5820983909611	5.07874280579405e-31	8.19797996358964e-30	30.2942437798575	up	100040462
Pitpnm2	290.842219620593	1.1079732858698	0.120023301642388	9.23131817495757	2.67321577455865e-20	3.07944408656869e-19	19.5729659847833	up	19679
Pmepa1	159.92000485074	1.10745195641175	0.145906744374665	7.59013547425876	3.19571190690863e-14	2.81112032199531e-13	13.4954323791951	up	65112
Dip2c	869.619689345799	1.107180933247	0.0660272486000388	16.7685456644387	4.1453096749337e-63	1.12333040722943e-61	62.3824430199771	up	208440
Nmt1	465.034510420076	-1.10614533443862	0.085205262284363	-12.9821246338869	1.54533523855058e-38	2.96530764605483e-37	37.8109772919936	down	18107
Nmrk1	136.313228684873	-1.10570752778829	0.14885282109224	-7.4281932964046	1.10091000470833e-13	9.4333320674823e-13	12.9582481815333	down	225994
Fbxo17	29.8822049430016	1.1057039506564	0.340898827373756	3.24349590514762	0.00118072507862184	0.00400083413226023	2.92785121223971	up	50760
Nova2	220.796314956859	1.10534925764657	0.15792626146485	6.99914787695133	2.57523941985805e-12	2.05614614062919e-11	11.5891823884132	up	384569
Cyp8b1	44.2796244431048	-1.10522423893443	0.290465284345305	-3.80501319262834	0.000141796632885872	0.000565422891830975	3.84833408182184	down	13124
Entpd7	125.564525867308	-1.10500772099865	0.16669620394428	-6.62887153307951	3.3826280523509e-11	2.54662521614669e-10	10.4707457538207	down	93685
Mal	119.302901680649	1.10426743214903	0.168570167102592	6.55078802571855	5.72342523086381e-11	4.25055090470317e-10	10.2423439863025	up	17153
Gm41361	25.9032799796166	-1.10424757974524	0.439162181430964	-2.51444142149755	0.0119221106511086	0.0315645869468241	1.92364685172791	down	105245994
E230029C05Rik	299.572640626824	-1.10413246050442	0.111123127394467	-9.93611758770026	2.89906593609047e-23	3.73384641793507e-22	22.5377419069787	down	319711
Pfkfb1	20.8656260953738	1.1035732939492	0.428204891949703	2.57720851558797	0.00996018467543628	0.0269769025801165	2.00173260908841	up	18639
Ptpn23	227.603151397675	-1.1035639121558	0.116490686495289	-9.47340895102742	2.7085681918381e-21	3.24203633255107e-20	20.5672602259929	down	104831
Zfand4	132.302633175746	-1.10355128296211	0.156673371898857	-7.04364289596401	1.87277748106657e-12	1.50392331128887e-11	11.7275138213892	down	67492
Cdc45	34.8190861564193	-1.10335517385505	0.312301821537407	-3.53297706822017	0.000410908112172714	0.00151128029466417	3.38625528478566	down	12544
Sox12	33.8708969014532	1.103151676591	0.329015868246339	3.35288289428355	0.000799745365619528	0.0028000493404142	3.09704826789493	up	20667
Acot1	367.540063359464	1.10310526363602	0.120394256029569	9.16244096699343	5.07364414607514e-20	5.77127021616047e-19	19.2946799964788	up	26897
Vim	2928.42532611455	-1.1024669849509	0.0393987931050543	-27.9822527053365	2.67184128860457e-172	1.75641957770444e-170	171.573189343176	down	22352
Was	219.760354223727	-1.10196525415938	0.122249470183359	-9.01406977475301	1.985482832333e-19	2.19731687429567e-18	18.7021338637526	down	22376
Spcs3	357.233572247078	-1.1015715019722	0.0923860536361299	-11.9235691818901	8.92034382080269e-33	1.51253901449721e-31	32.0496184060948	down	76687
Abtb1	186.661073772847	-1.10151414395498	0.141263496639302	-7.79758515228847	6.31030560111678e-15	5.75998503818102e-14	14.1999496078454	down	80283
Naip6	173.333982226794	-1.10127031399891	0.164488919788702	-6.69510332619102	2.15519295728997e-11	1.64092312886247e-10	10.6665138408003	down	17952
Tmem44	209.130904825319	1.10071197823752	0.128170116179831	8.58789873212841	8.85742853523059e-18	9.17851582524467e-17	17.0526923430174	up	224090
Trip13	26.1948221268585	-1.10023891944073	0.372392029611158	-2.9545179057392	0.00313157980441152	0.00968090662277579	2.50423651636761	down	69716
Cnrip1	106.877393113284	1.10020196744734	0.225277121270505	4.88377142446817	1.04075716691655e-06	5.44796247208589e-06	5.98265058976947	up	380686
Surf4	311.450953072181	-1.10015205871368	0.127071198919837	-8.65776090936007	4.81121359346348e-18	5.0281283888759e-17	17.3177453621988	down	20932
Ablim1	756.619737242241	1.10009686260452	0.0740488399048105	14.8563686347914	6.32626215128141e-50	1.44871403264344e-48	49.1988528155034	up	226251
C130012C08Rik	21.299364473	1.10006403078022	0.418580705725336	2.62808107429122	0.00858680477474731	0.0237038580872909	2.06616841088884	up	NA
Pik3cg	324.32884779365	-1.09986540031507	0.110025500930536	-9.99645892100478	1.57944118541934e-23	2.05583852985345e-22	22.8014965415369	down	30955
Gm10125	80.8893307382863	1.09910710350611	0.250113229842076	4.39443808790159	1.11059648938326e-05	5.18452514387496e-05	4.95444370367444	up	NA
Lrp6	692.512431831247	1.09892178208241	0.0695601776729011	15.7981451290992	3.20406146434314e-56	7.98677474347449e-55	55.4942991613241	up	16974
Rundc1	79.2321334417843	1.09882672166852	0.248069418348877	4.42951303301385	9.44461056983549e-06	4.44180184303322e-05	5.02481594466203	up	217201
Yap1	232.488232401756	1.09878393359361	0.127166804655046	8.64049337855259	5.59707844002914e-18	5.83479327722698e-17	17.2520386066482	up	22601
Arf6	363.523087385869	-1.09876900835493	0.117151161053153	-9.37907058263303	6.65568127516258e-21	7.86714362411304e-20	20.1768074835551	down	11845
Hopx	54.7834115392223	-1.09872804056146	0.254209787328624	-4.32213115044662	1.54529282731142e-05	7.08366855000938e-05	4.81098921123248	down	74318
Ctnnd1	297.519432953869	1.09829252195235	0.109594311417869	10.021437314978	1.22705323581907e-23	1.60922356080765e-22	22.9111365949577	up	12388
Mreg	306.775385524019	-1.09735774225579	0.0990786455959827	-11.0756231643551	1.64730111049982e-28	2.48754404650041e-27	27.7832270087987	down	381269
Ifit1	71.1928923665839	1.09731830322728	0.257522125600957	4.26106417328828	2.03455796814005e-05	9.17311845479673e-05	4.69152993181969	up	15957
Fos	6295.99098590678	-1.09711852737816	0.0317023721999446	-34.6068275414442	1.99443845584684e-262	1.90651848538497e-260	261.700179360557	down	14281
Hkdc1	42.7899726033801	1.09688166689289	0.285661366801728	3.83979702671594	0.000123136071477599	0.000495181897630586	3.90961470621649	up	216019
Cdcp1	58.2500950083391	1.09671254708426	0.279635047300283	3.92194239481921	8.78379948422254e-05	0.000361464449944142	4.05631758681585	up	109332
Amot	215.004029890853	1.09652627437514	0.198736383548084	5.51749133600309	3.43873031747673e-08	2.06989315672725e-07	7.46360188239963	up	27494
Ngef	50.0330167722734	1.0963582431645	0.288047788502685	3.80616788923647	0.000141136594559065	0.000562898659141887	3.85036036573176	up	53972
Rab5if	91.2951745590298	-1.09604099261766	0.192424735389717	-5.69594647173529	1.22689369009391e-08	7.62973369378307e-08	7.91119306710659	down	67388
Crip2	615.007424363046	1.09585600310926	0.101631216714038	10.7826712947135	4.15637073027593e-27	5.98167193703178e-26	26.3812857221995	up	68337
Zfp827	103.456886232856	1.09454671415995	0.182052135286293	6.01227067421474	1.82942526169179e-09	1.21065077892649e-08	8.73768532823687	up	622675
Ccm2l	198.911848703372	1.09452335974248	0.132658845870284	8.25066246100708	1.57518877349487e-16	1.55202642320849e-15	15.8026673921128	up	228788
Arhgef26	73.6460055101171	1.09443539937602	0.260991170889084	4.19338093180605	2.7482735947764e-05	0.000121827852460211	4.56094003479041	up	622434
Gm43254	16.4510791290396	1.09417481105123	0.439279646025313	2.49083885618544	0.0127441906077733	0.0333806169023866	1.89468774165725	up	NA
Klhl2	895.242553427501	-1.0939956206399	0.0747068317540031	-14.6438497652027	1.47475901691207e-48	3.30812735774281e-47	47.8312789398049	down	77113
Cacna1a	77.2178019868661	1.09347667377079	0.248302797257541	4.4038032831206	1.0636940373126e-05	4.97672205737702e-05	4.97318327525111	up	12286
D330050I16Rik	17.8607352960603	1.09342785461513	0.443575326500564	2.46503308297456	0.0137000601517648	0.0356023885151049	1.86327752601716	up	414115
Stil	59.8169765693151	-1.09336471687884	0.221417906613805	-4.938013973666	7.89221888154566e-07	4.19235149815269e-06	6.1028008785986	down	20460
Gm10443	31.7671739968546	-1.09314781063189	0.33863623476814	-3.22808872293407	0.00124620315808755	0.00419922664302449	2.9044111525049	down	100043527
Vcl	687.200052506782	-1.09286235960146	0.0686563606435318	-15.9178603316257	4.76391564254041e-57	1.20042609522249e-55	56.3220359374293	down	22330
Mctp2	516.731035594714	-1.0928526494952	0.108474051969916	-10.0747840580187	7.14174991490024e-24	9.41942572636748e-23	23.1461953617154	down	244049
Galnt18	644.315190839963	1.09245949183657	0.0856172553991482	12.7598050970394	2.74888003959414e-37	5.1375705062872e-36	36.5608442122406	up	233733
Hrh2	113.598678467405	-1.09217237005014	0.230365835500005	-4.74103448403969	2.12629734804235e-06	1.08046599453437e-05	5.67237600247305	down	15466
Etl4	1134.83328493972	1.09209189894764	0.0585335152390623	18.6575484914467	1.09647422752197e-77	3.46203430717127e-76	76.9600015718994	up	208618
Reps2	101.444418759917	1.0919948805043	0.224677450341715	4.86027805123955	1.17220997168286e-06	6.10386896549204e-06	5.93099458850941	up	194590
Lbx2	24.1394734781522	1.09189808584479	0.421637012996282	2.58966374437914	0.00960697212494834	0.0261391424613916	2.01741346942103	up	16815
9030622O22Rik	260.563385331454	1.09121332118468	0.13306901802938	8.20035600581167	2.39676172771617e-16	2.34049286053783e-15	15.6203751388832	up	100043820
Adgre1	259.883712253978	-1.09021172826169	0.122587476750694	-8.89333688202795	5.93006863860262e-19	6.44972340082672e-18	18.2269402797902	down	13733
Adamtsl4	90.8221292893929	-1.09013589576321	0.198711517828372	-5.48602269096837	4.11084116031466e-08	2.45742452495115e-07	7.38606930369437	down	229595
Hcrtr2	29.6665091910517	-1.08997218864451	0.313600995305283	-3.47566559086794	0.00050958728436501	0.00184523731718014	3.29278141740545	down	387285
Ipmk	330.660536465916	-1.08991744064794	0.097796806502737	-11.1447140210804	7.59880097029853e-29	1.157539571784e-27	28.1192549304909	down	69718
Junos	241.915380225567	-1.08967779678857	0.129000085730559	-8.44710909002467	2.98604681825202e-17	3.03542583636848e-16	16.5249033872509	down	230451
Rasa3	900.331196474225	-1.08966517368427	0.0695179718588071	-15.6745823353048	2.2570374868349e-55	5.51399814632502e-54	54.6464612277232	down	19414
Edn1	323.165831738188	-1.08913374731874	0.0960801242371815	-11.3356821295331	8.73488660207185e-30	1.3665638280824e-28	29.0587427287365	down	13614
Rapgef5	1510.3842642486	1.08912368809488	0.0582163977062906	18.7081944435939	4.24515169173462e-78	1.35060635273371e-76	77.3721067865257	up	217944
Syde1	82.9831165051246	1.08898368035317	0.212214166478377	5.13153150152268	2.87394113270404e-07	1.59834692459086e-06	6.54152213181892	up	71709
Klkb1	22.5152474151342	-1.08891571264712	0.39796310473491	-2.73622277967818	0.00621489354158901	0.0178121532819658	2.20656630623335	down	16621
Cntn5	16.3131820727967	-1.0887671621883	0.463765299397828	-2.3476684512662	0.0188913287290657	0.0470848462366943	1.72373749473	down	244682
Thap3	235.987531194911	1.08855816517432	0.175120903687866	6.2160378472838	5.09865108640863e-10	3.5393334440263e-09	9.29254470688566	up	69876
Fam171a1	565.452830022909	1.08830360855551	0.0753956481251128	14.4345679839447	3.13604515137043e-47	6.90095511186994e-46	46.5036176931656	up	269233
Lax1	165.000141226623	-1.08784335508618	0.171718535602664	-6.33503745689582	2.37283621232793e-10	1.68993622107662e-09	9.62473223841018	down	240754
Adgrl2	1196.61001630196	1.08779687851722	0.0991007575003306	10.9766757182819	4.9479810856415e-28	7.37560642658678e-27	27.3055719691919	up	99633
Rnf144b	250.393157957676	1.08777956328809	0.154617963858087	7.03527285022643	1.98871451891443e-12	1.59579598997527e-11	11.701427555618	up	218215
Pxdc1	95.8083012059026	1.08770651128707	0.238390847122533	4.56270248801955	5.0499350483515e-06	2.44449701446218e-05	5.29671420768806	up	66895
Rad9a	24.2725221887536	-1.08740803306423	0.389146673543477	-2.79433978752164	0.00520058028519088	0.0151930840028017	2.28394819471216	down	19367
Sh2d3c	1241.89852682807	-1.08735618281821	0.0536446978175513	-20.2695928405893	2.38622822213607e-91	8.67829143474581e-90	90.62228802216	down	27387
Gimap9	132.965333612636	1.08726342496416	0.153928986621223	7.06340923064491	1.62466342530907e-12	1.30871129184445e-11	11.7892365963288	up	317758
Atf3	2937.19133098215	-1.08629137559456	0.048541188198744	-22.3787553602298	6.33892532030582e-111	2.78098662631269e-109	110.197984364677	down	11910
Cxcr5	208.426806853226	-1.0850777521759	0.124945620350809	-8.68440005443441	3.80746557585214e-18	4.00321771620498e-17	17.4193640145277	down	12145
Igha	2640.46430845071	-1.08420775053814	0.0384591560468254	-28.1911477521263	7.50771961315117e-175	4.98259137001456e-173	174.124491955115	down	238447
Gm15264	204.899065186508	1.08373681379868	0.127913728129572	8.47240424969007	2.40379245199345e-17	2.44951740376976e-16	16.6191030328611	up	100042801
Elmo2	301.282721291114	-1.0834746723679	0.100358666706842	-10.7960249764262	3.59429362456359e-27	5.1978823624067e-26	26.4443864474499	down	140579
mt-Co3	26194.5460301825	1.08326493006023	0.30109730915826	3.59772371625831	0.000321014347946579	0.00120230373775319	3.49347555608494	up	17710
4732487G21Rik	25.3798922579578	-1.08302764155906	0.374637217806201	-2.89087039430052	0.0038417652020514	0.0116347253372401	2.41546918152781	down	NA
Shfl	17.9885355467514	1.0829602585743	0.431367312830576	2.51052925514466	0.0120550332906745	0.0318436859861029	1.91883158595544	up	319278
Tnks1bp1	153.440382281706	1.08286654401145	0.145536335382273	7.44052364082924	1.00286967189903e-13	8.6216176125016e-13	12.9987555021269	up	228140
Kcnh7	59.0023483240746	1.08283657736621	0.226389518700327	4.78306850768812	1.72639253293243e-06	8.84808017554817e-06	5.76286045108636	up	170738
Slc8b1	384.226370522741	-1.08249648557277	0.0883895297378068	-12.2468859013485	1.74571347005406e-34	3.07774306281359e-33	33.7580270370257	down	170756
Ly6c2	572.802001799411	-1.08207524843685	0.108399034778666	-9.98233287451567	1.8213333837654e-23	2.36331048470032e-22	22.7396105520207	down	100041546
Zfp532	267.50666512936	1.08194908318738	0.144566191684629	7.48410863272685	7.20343543998988e-14	6.23390328629357e-13	13.1424603317916	up	328977
Rasgrp3	1025.95932498788	1.08187589296131	0.0566751603830589	19.0890662796378	3.11283542957923e-81	1.01198716875197e-79	80.506843839136	up	240168
Gm37125	41.3551481152661	-1.08181930081984	0.290071313096035	-3.72949427254008	0.000191864467195313	0.000747338996613668	3.71700544803613	down	105244012
Cblb	1524.90892115671	-1.08135206217216	0.0483640082959097	-22.3586112953258	9.95626935366257e-111	4.34965821930764e-109	110.001903362643	down	208650
Bex4	102.271355529409	1.08048996052575	0.185867956231986	5.81321268297138	6.12851163490188e-09	3.89247345198782e-08	8.21264498506291	up	406217
Phtf2	366.46465886563	-1.08047602444537	0.124216628942016	-8.69832029453747	3.36832695424137e-18	3.55045854321881e-17	17.4725857593544	down	68770
Gm8696	22.372257627696	-1.08041933203859	0.369120960921153	-2.92700617527213	0.00342242085253999	0.0104928392152539	2.4656665866425	down	667548
Dusp8	21.290012577231	-1.0802416749049	0.404522836117301	-2.67040962451784	0.00757587627514594	0.0212452813481047	2.12056712659456	down	18218
Tox2	94.8056631649794	1.08015039760178	0.24829415027656	4.35028532246397	1.35960505655229e-05	6.29198529280328e-05	4.86658722888695	up	269389
Klk8	63.974905514113	1.07991457067664	0.26721465363795	4.04137481225043	5.31387465098367e-05	0.000226361066745398	4.27458869437967	up	259277
Slc5a1	234.395228084515	1.07985593214784	0.121051834046363	8.92060777645268	4.63736197304816e-19	5.06998892632117e-18	18.3337290035733	up	20537
Lrp5	587.777271256272	1.07983925358948	0.0845004889746331	12.7790888158486	2.1456852808054e-37	4.02828248348683e-36	36.6684339780052	up	16973
Sipa1l1	1132.75907486322	-1.07937221533538	0.0622558307522825	-17.3376887320037	2.44367344303892e-67	6.91898245645219e-66	66.6119568309016	down	217692
Zfp467	245.00414171903	1.07916768526112	0.123969464139796	8.7051088971731	3.17269982139373e-18	3.34594593006194e-17	17.498571015854	up	68910
Myo7a	252.893877714072	1.0790096676111	0.135161901072945	7.98309034606412	1.42714368299626e-15	1.34085875608472e-14	14.8455323004725	up	17921
Per2	118.956755647631	-1.07824410062423	0.164291371006397	-6.56299898174354	5.27362078557739e-11	3.92489226966598e-10	10.2778911025768	down	18627
Fgfr1	381.366553379178	1.07813508238223	0.090174922789398	11.9560410924908	6.03721885136217e-33	1.0270171726003e-31	32.2191630805295	up	14182
Tmem256	530.532477086671	-1.07783391678279	0.0895671060932647	-12.0338142404697	2.36000433907911e-33	4.07120284950907e-32	32.6270871985399	down	69186
Tcn2	832.80766260952	1.07756857739946	0.0729128285475687	14.7788612630279	2.00527866226568e-49	4.55703402867553e-48	48.6978252673954	up	21452
Bbs9	531.098690494147	1.07619338320542	0.0852211657600596	12.6282405738904	1.47540288370877e-36	2.72570218914956e-35	35.8310893720383	up	319845
Olfm1	592.096194346921	1.07605568682538	0.101961209767601	10.553579045188	4.88981948759946e-26	6.87577249001924e-25	25.31070717298	up	56177
Nr4a2	137.916328460044	-1.07538481914803	0.165338284160907	-6.50414890057447	7.81344750644952e-11	5.76165720406587e-10	10.1071573012483	down	18227
Gm38825	19.5810145429891	-1.07495196396402	0.414396087245459	-2.59402054471449	0.00948608182562302	0.0258710193906764	2.02291313350417	down	105242674
Adcy4	96.4507561171664	1.07459900448243	0.23832340983574	4.50899475306719	6.51355195825555e-06	3.11392313049065e-05	5.18618211816129	up	104110
Grip1	138.786306261559	1.07455888137673	0.216619090276224	4.96059179274781	7.02787410777204e-07	3.75234098211277e-06	6.15317602674271	up	74053
Gm14403	26.989983645962	1.07426662998854	0.401930439655534	2.6727675338778	0.00752283619049561	0.0211335108349606	2.12361839482555	up	433520
Slc2a1	104.464010139524	-1.07360018776808	0.206655147022182	-5.19512919585224	2.04577716221273e-07	1.15408636392396e-06	6.6891416738946	down	20525
Dtl	66.9230897376529	-1.07358649752288	0.225048089955707	-4.77047593576191	1.83791142747449e-06	9.39422031816062e-06	5.73567542194118	down	76843
Dtna	100.648040330733	1.07346252826128	0.179569164498143	5.97798921246514	2.25908690065024e-09	1.48555102311929e-08	8.64606706268434	up	13527
mt-Co1	540288.225841807	1.07335596100211	0.0361489522798424	29.6925883962795	9.571456117086e-194	6.9017153641507e-192	193.019021987457	up	17708
Spag9	5029.32812278626	-1.07330985575921	0.035927863160341	-29.8740242627061	4.28070330887292e-196	3.13002021942466e-194	195.368484871625	down	70834
Unc119	427.6633881917	-1.07304478543334	0.0971020944129445	-11.0506863103284	2.17545353931701e-28	3.27323294626911e-27	27.662450187404	down	22248
Cops9	526.939094964417	-1.07275661813975	0.0920606497232853	-11.6527161318568	2.22259843045964e-31	3.61566968714665e-30	30.6531389966755	down	66915
Pde10a	186.158848599334	1.07235481027121	0.201012754937627	5.33476002855616	9.5670997232946e-08	5.5876903344657e-07	7.01921969911663	up	23984
Parvb	308.882858752424	1.07207536362287	0.10602268671105	10.1117543506954	4.89988855666405e-24	6.49546931503322e-23	23.3098137974768	up	170736
Denn2b	367.733632161091	1.07150117896132	0.105608430790979	10.1459814423533	3.45290008462304e-24	4.59482661963343e-23	23.4618159884981	up	NA
2700033N17Rik	24.1338572132537	1.07142964492552	0.403694482627769	2.65406065981199	0.00795295286372718	0.0221773832098502	2.09947159155502	up	72603
Agmo	391.362056745942	1.07121672290583	0.0947988228578748	11.2998947730799	1.31375322445129e-29	2.04613628134084e-28	28.8814862050382	up	319660
Ston1	343.679861195491	1.07109118897854	0.11952780039119	8.96102149853904	3.21684325947979e-19	3.53750905985748e-18	18.4925700995585	up	77057
5430425K12Rik	38.1109788106973	-1.07093321998716	0.302112662300459	-3.5448140830393	0.000392890103753797	0.00144884743799777	3.40572891020383	down	71416
Ccdc102a	44.2597684256454	1.07068125696973	0.310590278050823	3.44724652583792	0.00056633155189381	0.00203479020860605	3.24692924195522	up	234582
Ankrd42	33.8177428823387	1.07025323955643	0.324365517148514	3.29952841154323	0.000968474236821816	0.00334084334069356	3.01391192781523	up	73845
Myo1h	44.9402356984052	-1.0699373030059	0.323443846894233	-3.30795380181022	0.000939803115242056	0.00325216823622205	3.02696311971933	down	231646
Slc14a1	98.3794038493157	1.06957809007378	0.184341565831739	5.8021536556224	6.54685243628208e-09	4.14554414827354e-08	8.18396744781035	up	108052
Mansc1	58.1600051733144	1.06950175372102	0.272510641371852	3.92462381775997	8.68653724190354e-05	0.000357673877858186	4.0611533140506	up	67729
Chdh	134.114167088397	1.0694603336115	0.150704041074784	7.09642771344669	1.28022859344605e-12	1.03687072129118e-11	11.8927124772206	up	218865
St3gal1	966.086496458987	-1.0693634085826	0.0645176333898207	-16.5747463506825	1.06109701927472e-61	2.82403586011059e-60	60.9742449054395	down	20442
Gm45778	260.647455567463	-1.06901091661182	0.142922232163511	-7.47966849124504	7.45103261354664e-14	6.44549890550845e-13	13.1277835356693	down	NA
Kif3a	120.356932794982	1.06894779505192	0.172849363397148	6.18427383267734	6.23889885867017e-10	4.29083872329464e-09	9.20489205483726	up	16568
Taf1d	325.997860859973	-1.06885299937594	0.104761844017318	-10.2026936371915	1.92848408429525e-24	2.59108187186517e-23	23.7147839409988	down	75316
Arpin	39.8990009822088	1.06876539658773	0.310327105789509	3.44399627569968	0.000573183597609324	0.00205763531276153	3.2417062459957	up	70420
Erich5	29.7837477216956	1.06872546138153	0.386884981085874	2.76238549860975	0.00573806842151392	0.0166054170026286	2.24123427747225	up	239368
Tom1	99.2887370122312	-1.06752290935443	0.192012605081199	-5.55965015371251	2.70315948808258e-08	1.63848576416966e-07	7.56812832990216	down	21968
Vsig2	28.6992514603056	1.06719521493865	0.346758306358532	3.07763417737775	0.0020865088205807	0.00671828759457375	2.68057977499664	up	57276
Coro2b	201.48943272227	1.06713070740818	0.198348041840992	5.38009197118094	7.44477945768133e-08	4.37512011050821e-07	7.12814816315434	up	235431
Nars	530.473182650994	-1.06689611644016	0.0819991053935239	-13.0110701979002	1.05849224393986e-38	2.03486345677701e-37	37.9753123199086	down	NA
Rps6kl1	26.4966194197821	1.06646136118765	0.360055024813758	2.96193994720471	0.00305707402667005	0.00947729331177882	2.51469404475933	up	238323
Gng5	1517.67703565352	-1.06644258004937	0.0510334066478299	-20.8969506466352	5.70766055154952e-97	2.19045926765636e-95	96.2435418633382	down	14707
Smim4	185.754349351706	-1.06599172335763	0.130998110053578	-8.13745879937995	4.03660689980622e-16	3.90161647426075e-15	15.3939835417855	down	NA
Xaf1	137.576170722005	1.06582621124444	0.146570795836942	7.27175018159932	3.54859412147062e-13	2.96865326765661e-12	12.4499436712317	up	327959
Hspg2	765.762934328353	1.06546571634008	0.0849317500770208	12.5449636369656	4.23608754579769e-36	7.75029221833873e-35	35.3730350730537	up	15530
Zfp395	217.097550866331	1.06545386800686	0.14118629832492	7.5464395670667	4.47318500372434e-14	3.91009657267666e-13	13.3493831397359	up	380912
Notch1	222.957949629222	1.06512954762433	0.124144088550295	8.57978466846458	9.50509078540273e-18	9.84476077917532e-17	17.0220437307279	up	18128
Rad51c	19.2078139735136	-1.06505076465832	0.435333240268835	-2.44651835913246	0.014424345094899	0.037220025685067	1.84090389589342	down	114714
Trpc3	133.808853447755	1.06468920379939	0.155958619691519	6.82674164406762	8.68649234534567e-12	6.75187668723083e-11	11.0611555587169	up	22065
Ern1	742.532147838983	-1.06467391109185	0.0739269128658049	-14.4017093345219	5.04794196409551e-47	1.10614156245832e-45	46.2968856467944	down	78943
Zbtb8a	50.9573463836571	1.06413510364223	0.41844384644766	2.54307743482455	0.0109880874835726	0.0293753374047685	1.95907789152654	up	73680
Gm21596	33.2233056374894	-1.06370850320811	0.328572932370651	-3.23735888873579	0.00120641587153542	0.00407992540521368	2.91850295788435	down	100862258
Tmem102	17.9020212084459	1.06364087678376	0.431833039356699	2.46308359908789	0.0137747793930287	0.035756430963045	1.86091534776892	up	380705
Smarcd3	16.5241952408069	1.06359610973814	0.435246708154232	2.44366261665383	0.0145390157032083	0.0374648878742622	1.83746499438035	up	66993
Ero1l	280.515435206856	-1.06344656681218	0.150031508705337	-7.08815485486317	1.35911844731573e-12	1.09862953155983e-11	11.8667426928083	down	NA
Rnf10	550.418299161436	-1.06331540199116	0.0777996621857455	-13.6673524295325	1.59078529082764e-42	3.27572872288114e-41	41.7983884333649	down	50849
Trim44	891.495553649599	1.06331136735139	0.0928443680012133	11.4526210931555	2.28141044512138e-30	3.61538496318512e-29	29.6417965744271	up	80985
Dock9	687.273512803459	1.06276342327705	0.0693985651018627	15.313910622174	6.17376042882765e-53	1.47371126662474e-51	52.2094502272117	up	105445
2010310C07Rik	16.0007957882504	-1.06270825555779	0.449993626871362	-2.36160734752268	0.018195903068193	0.0456628641664346	1.74002638537588	down	72131
Gm12216	263.949399467532	1.06262347554428	0.110155809432716	9.64654956480837	5.0837510778886e-22	6.25754806332667e-21	21.2938157225055	up	622459
Ralgapa2	2300.10730827407	1.06224298840045	0.0469056588440083	22.64637177218	1.51483548021582e-113	6.7741752300896e-112	112.819634531462	up	241694
Suco	954.928968484386	-1.06199844063976	0.0590443277220843	-17.9864600311563	2.48749535917936e-72	7.44783272843946e-71	71.6042377208273	down	226551
Frk	86.9870785027349	1.06152547623641	0.249506467041405	4.25450085051402	2.09515863467673e-05	9.42798764587096e-05	4.67878308889982	up	14302
Gm4841	15.3625258198094	1.06143287638979	0.45113226254127	2.35281970393923	0.0186316655727876	0.0465155479658943	1.72974831972866	up	225594
Gpr39	309.448727103638	1.06130492169823	0.115092919826243	9.22128766305081	2.93553495385879e-20	3.37602720217789e-19	19.5323127440454	up	71111
Rps6ka2	339.133388961942	-1.06115384626585	0.120272380910191	-8.82292208930511	1.11510934107799e-18	1.20029770447956e-17	17.9526825461597	down	20112
Pclo	20.3749531885166	1.06103910887667	0.408088706738196	2.60002075861748	0.0093218121353304	0.0254663402055782	2.03049965375395	up	26875
Dpy19l4	501.678923971732	1.06092011083518	0.087277228903355	12.1557492620438	5.34693085735849e-34	9.33987360741774e-33	33.2718954318454	up	381510
Izumo4	42.0079105795198	1.06091256555998	0.277367764361358	3.82493101894064	0.0001308087072464	0.000523712324746922	3.88336334635423	up	71564
Slc4a3	40.6655813434797	1.0607159755426	0.27721032317272	3.8263942100082	0.000130033994031831	0.000520910880743815	3.88594309776612	up	20536
Sdc3	79.6578631438808	1.05978574786192	0.212500403496198	4.98721757900513	6.12550679163644e-07	3.28485424680679e-06	6.21285797427672	up	20970
Zfhx4	348.337583503277	1.05934910709677	0.0995692925410508	10.6393153959593	1.95560904156251e-26	2.77230862701504e-25	25.7087179634865	up	80892
Fcrl5	61.6857044488537	-1.05921292266911	0.241474616050322	-4.38643589125067	1.15223104473369e-05	5.36686248127076e-05	4.93846042769055	down	329693
Atox1	2049.56515697692	-1.0590468109988	0.047473745185379	-22.3080527323756	3.08642464326435e-110	1.33439840541464e-108	109.510544322103	down	11927
Gm39321	102.525654732204	-1.05844675123548	0.185022211817714	-5.72064694739611	1.0611920201974e-08	6.62497918181354e-08	7.97420602442403	down	105243385
Tmtc1	55.4266911341723	1.05804132482205	0.275896194719057	3.83492539974842	0.000125602410611702	0.000504710496478451	3.90100202536543	up	387314
Rai2	51.3072748110889	1.05770357908308	0.288377252054138	3.6677774392708	0.000244668006977713	0.000935529650900654	3.61142281569693	up	24004
Ubash3b	1179.75685662606	-1.05741785575997	0.0641399146079182	-16.4861126215069	4.61716198371898e-61	1.21027721482666e-59	60.3356248888447	down	72828
Efhc1	22.8437882286274	-1.05661356243386	0.364500941711077	-2.89879515118342	0.00374599548884922	0.011386543184758	2.42643274996374	down	71877
Fam71a	15.9394046017156	-1.05658156376828	0.448142304972982	-2.35769208138468	0.0183889390802958	0.0460308830623765	1.73544332594758	down	NA
2610307P16Rik	1305.0466417484	1.05652387724618	0.0519010819729259	20.3564904060634	4.0669273377419e-92	1.48946746557475e-90	91.3907335869019	up	72518
Diaph2	2589.42575025005	-1.05596791439111	0.0456296134778863	-23.1421621597314	1.74350975597027e-118	8.05609751766398e-117	117.758575618146	down	54004
Spaca6	184.025590440413	1.05585321796181	0.165399604649092	6.38365019192087	1.72915837862692e-10	1.24426558881928e-09	9.7621652266141	up	75202
Zwilch	49.6652850567576	-1.05581734553622	0.272681833084154	-3.87197538462482	0.000107956856921469	0.000438087432561114	3.96674976807192	down	68014
Oip5	35.6428287962448	-1.05562994368289	0.302559040025268	-3.48900480248328	0.000484822438427883	0.00176259853356571	3.31441728847068	down	70645
C77080	67.9268430373109	1.05560575878617	0.256352385711225	4.11779182728295	3.82519985955738e-05	0.000165793136175782	4.41734586884099	up	NA
Eif4ebp1	402.784734441234	-1.05554135805848	0.0910680137558981	-11.5906926540398	4.5940230709648e-31	7.42706336507645e-30	30.3378068281293	down	13685
Zfp37	33.4702829003037	1.05552911683447	0.333993339065207	3.16032984307029	0.00157590623504893	0.00519707390919205	2.80246962619435	up	22696
Rasgrp1	256.131872088577	-1.05537450304103	0.122554711704635	-8.61145596412931	7.2138449940984e-18	7.50895683476607e-17	17.1418331937242	down	19419
9130008F23Rik	47.0159531448795	1.05525479940688	0.300415715771164	3.51264845348738	0.000443664074371749	0.0016231569516656	3.35294573678669	up	71583
3110021N24Rik	17.259693040618	-1.05498526748168	0.453109343176454	-2.32832379947381	0.0198949164804206	0.049209515078396	1.70125787969772	down	NA
Enah	212.641104564758	1.05496799727612	0.12579714791902	8.38626323988876	5.01838917810328e-17	5.0569735049562e-16	16.2994356620033	up	13800
F2r	533.987950711349	1.05439795243683	0.119692088153161	8.80925354972167	1.2598193919675e-18	1.35187313641662e-17	17.8996917109888	up	14062
Jaml	218.776524261291	1.05430701806651	0.165176739587858	6.38290246373173	1.73762588801114e-10	1.24992702382686e-09	9.76004372170875	up	270152
Iqgap3	18.8376337104928	-1.05364927425274	0.432676428531014	-2.43518991277154	0.0148839756011303	0.0382308846976401	1.82728105057627	down	404710
Gm26759	99.5089433951113	-1.05351898785128	0.229712063138999	-4.58625887319551	4.51259022201837e-06	2.19509494950142e-05	5.34557410197648	down	NA
D930030I03Rik	49.3176947270113	-1.05298341383769	0.255158338277569	-4.1267842585345	3.67871209667766e-05	0.000160076595077607	4.4343041995885	down	320544
Cd86	807.798772818263	-1.05293640084425	0.0636858064863765	-16.5332977461703	2.11262299456998e-61	5.57277855491693e-60	60.6751779974987	down	12524
ccdc198	144.811760207905	1.05279390957601	0.213796136537741	4.92428874826821	8.46677388956082e-07	4.47814977371975e-06	6.07228203817653	up	NA
Gm43936	37.7128804280875	-1.0527348788955	0.272201805638582	-3.86747941082095	0.000109966109730432	0.000445746695326293	3.95874113870399	down	NA
Enpp5	85.5473201907642	1.05252963967548	0.262221809721525	4.01389053333606	5.97260537464206e-05	0.000252563156254395	4.22383617925546	up	83965
Btbd8	86.2159321087812	1.05237513198453	0.198771384035874	5.29439957913962	1.19408083650498e-07	6.8891059113863e-07	6.92296627148161	up	100503185
Lamc2	88.2731906870671	1.05223807987835	0.240988569669767	4.36634020161312	1.26345643830672e-05	5.86134655340019e-05	4.89843972717434	up	16782
Grk2	858.318280008164	-1.05160423867631	0.0781792240854092	-13.4511982048767	3.0292352818636e-41	6.12281610463196e-40	40.5186669935385	down	110355
Plekhh3	31.7318246315178	1.05108677016289	0.356221701160365	2.95065339011929	0.00317102546620905	0.00979267926649828	2.49880027018053	up	217198
Bag5	203.02401108659	1.0510366820186	0.136175471686612	7.71825255312803	1.17935346339264e-14	1.06253985402677e-13	13.9283560132298	up	70369
Oscp1	45.337375470025	-1.05091472271396	0.266025331387599	-3.9504310256183	7.80105775475086e-05	0.00032312908477689	4.1078465068087	down	230751
Tnxb	101.396632223567	1.05088898125173	0.2325898494792	4.51820654944663	6.23656313435841e-06	2.9862991534213e-05	5.20505467682148	up	81877
Mlf1	26.8102419044161	1.05087999323736	0.359291667371525	2.92486603133687	0.00344604542592032	0.0105575037681202	2.46267900196155	up	17349
Hspb11	139.882783748528	1.05052858358761	0.21285907867116	4.93532430068693	8.00176875107592e-07	4.24729645959427e-06	6.09681400376718	up	NA
Gm32031	20.2703272703118	-1.05007653788741	0.433667994411314	-2.42138352707546	0.0154615549511475	0.0395438566061565	1.81074683171495	down	102634450
Cyp2d22	446.445277060944	1.05002786610328	0.0932873753016566	11.2558410257324	2.16748501958754e-29	3.36073067880839e-28	28.6640438954356	up	56448
Dpy19l3	73.4000872081478	1.04971490533069	0.262488538699777	3.9990885336571	6.3586892395254e-05	0.000267478250025171	4.19663239924302	up	233115
Bcam	220.423565816568	1.04965844052035	0.119380207584475	8.79256672239913	1.46181323458621e-18	1.56219107669446e-17	17.8351081105313	up	57278
Rassf9	187.596379027857	1.04950571448786	0.141279379538458	7.42858383096291	1.09766506082075e-13	9.4093962165543e-13	12.9595301593651	up	237504
Mbd1	403.234036487529	1.04892595250154	0.112699842799496	9.30725302223964	1.31181109169165e-20	1.53147514508473e-19	19.8821287013497	up	17190
Stk38	1007.10711468736	-1.04865490280552	0.0693680484242503	-15.1172611400572	1.24618899736437e-51	2.91790252989619e-50	50.9044160874618	down	106504
Limd2	767.721913941561	-1.04854896831296	0.0796507183950194	-13.1643378671463	1.4076626802395e-39	2.75957503231524e-38	38.8515014031923	down	67803
Cyp2f2	53.4281247699616	-1.0480092181403	0.262588201272748	-3.99107504853862	6.57744604713168e-05	0.000276067267222914	4.1819427056184	down	13107
Dnah9	19.9191267820311	-1.04748497923787	0.43328939796519	-2.4175181395092	0.0156267550952808	0.0398978129662531	1.80613119411894	down	237806
Mtss1	1576.52487020028	1.04744285381474	0.058789658084985	17.8167876448709	5.23581403165136e-71	1.54545507939919e-69	70.2810157873432	up	211401
Gabarapl2	446.447661014454	-1.04734906332663	0.0893314987960152	-11.7242974476249	9.56916370353098e-32	1.56893628967649e-30	31.019126015704	down	93739
Trib2	152.796146226517	1.04714146916367	0.17203951802799	6.08663335707153	1.15309617035753e-09	7.7514100303486e-09	8.93813447023014	up	217410
Lonrf3	74.3076523880202	-1.04656745770521	0.230548449482468	-4.53946864554733	5.63961654345954e-06	2.71794563249661e-05	5.24875042415868	down	74365
Slco3a1	1726.26665071489	1.04619279487802	0.0475149275149264	22.0181919576616	1.9280398477566e-107	8.16634601369913e-106	106.714883994561	up	108116
Slc25a33	138.66542220603	-1.0459647530854	0.168791640934357	-6.19678052358157	5.7629772221859e-10	3.98059934813165e-09	9.23935309693756	down	70556
Pkd2	371.157567061683	1.04588482149307	0.0968517513026352	10.7988219874824	3.48647846475193e-27	5.04897322633534e-26	26.4576130129969	up	18764
Bbc3	117.172917331661	-1.04530442256814	0.165359076946009	-6.32142148997017	2.59168044054886e-10	1.84264853976792e-09	9.58641854889019	down	170770
4732465J04Rik	195.801272674772	-1.04527733803217	0.128599731965132	-8.12814554166866	4.35907651748502e-16	4.20160941479511e-15	15.3606055074838	down	414105
Marveld2	80.862462437946	1.04466983756193	0.202465957911596	5.15973079295667	2.47305189406343e-07	1.38388637004264e-06	6.60676677038802	up	218518
Ophn1	359.938947771253	1.04430789010339	0.103029021149654	10.136055632194	3.82222576905671e-24	5.07980630110796e-23	23.417683663864	up	94190
Nrros	815.157127261072	-1.04417760790436	0.112893867957011	-9.2491968501068	2.26185800762484e-20	2.61134953024344e-19	19.6455346622048	down	224109
Fth1	24186.5264711699	-1.04395246477995	0.0264467356690059	-39.4737739222539	0	0	Inf	down	14319
Plekha7	284.448802616541	1.04333152091214	0.110587963323234	9.43440397634069	3.93223434022013e-21	4.68250465233413e-20	20.405360608431	up	233765
Scd1	160.264634505637	-1.04295930714473	0.211893183092917	-4.92209938951825	8.56207083061752e-07	4.52625555655095e-06	6.06742118374078	down	20249
Fads3	89.0256399895944	1.04245037575967	0.200690449803214	5.19431979340245	2.05469688349953e-07	1.15849102692767e-06	6.68725223779433	up	60527
Cd52	5724.81259130073	-1.04223838368522	0.0412162125724203	-25.287097446276	4.42914268330467e-141	2.39737413967236e-139	140.353680328843	down	23833
4930599N23Rik	67.7612910963448	1.04218793920288	0.255293225665613	4.08231725101845	4.45888715755318e-05	0.000192020561017257	4.35077351833711	up	75379
Abracl	107.356553362156	-1.04186518188736	0.194836883957477	-5.34737140486575	8.92407730014486e-08	5.21944560364071e-07	7.04943667652346	down	73112
Arhgap28	96.5427753973457	1.04172233285898	0.247343447771356	4.21164313122191	2.53519837380966e-05	0.000112718154281672	4.59598805239369	up	268970
Itk	175.20293853179	1.04158953571948	0.205944546566029	5.05762135044217	4.24518288661979e-07	2.31645368353679e-06	6.37210359518708	up	16428
Msh2	218.740052145589	1.04152767674657	0.137361086403736	7.58240709952803	3.39201959171399e-14	2.97626510617802e-13	13.4695416479988	up	17685
Ppp1r18	483.973198129982	-1.04012433392293	0.0994167404945704	-10.4622654972251	1.28740075164296e-25	1.78822076349161e-24	24.8902862416462	down	76448
Slc24a3	51.4246222468921	-1.04007506303069	0.296720700563654	-3.50523256737718	0.000456208577435771	0.00166583678731103	3.34083655356616	down	94249
Flywch1	133.723506851447	1.03957450861802	0.175609619505454	5.91980388970509	3.22325735672995e-09	2.09315861816439e-08	8.4917050174335	up	224613
Dcaf12	709.75282713468	-1.03957176711614	0.100405473518379	-10.353736013464	4.02467278288389e-25	5.50329108415468e-24	24.3952694232128	down	68970
Phc2	466.80465828111	1.03945997926803	0.102112044052352	10.1796021117264	2.44559285302894e-24	3.27109816843839e-23	23.6116158434571	up	54383
Pbk	30.880368677984	-1.03911424026711	0.319470221701211	-3.25261689409961	0.0011434755206756	0.00388472226530142	2.9417731282582	down	52033
Sh3rf1	1282.68940890523	1.03901980511922	0.063309993703955	16.411623889552	1.57924377618058e-60	4.11888123301966e-59	59.8015508259902	up	59009
Mars1	106.045358110518	-1.03888231188404	0.186135949423283	-5.58130933386524	2.38714647232971e-08	1.45295241269756e-07	7.62212093240802	down	216443
Sorbs2	1627.68417286711	1.03866601223661	0.0509443441414345	20.388249760425	2.12617144857438e-92	7.84199766669763e-91	91.672401718097	up	234214
Gm16066	33.6909776910278	-1.03863755344496	0.307478053000168	-3.37792419104589	0.000730352120737089	0.00257352178627667	3.1364677053276	down	115489016
Gm11131	17.9949843996845	1.03857343103893	0.436353034838383	2.38012193824572	0.0173069099831779	0.0437162057138721	1.76178046517184	up	102634822
Slc25a27	90.5892684521371	1.03854948061641	0.19099213043395	5.43765587753137	5.3986114045806e-08	3.20426269040317e-07	7.26771793219168	up	74011
Ppfia4	120.17540341779	1.03786990759714	0.191759713693818	5.41234593859638	6.2204367027429e-08	3.67217225066457e-07	7.20617912480534	up	68507
Cyp51	185.415432528473	-1.03772624330825	0.143291446571134	-7.24206690727414	4.41897737484689e-13	3.68348278057737e-12	12.3546782220187	down	13121
Nod1	561.961830050566	-1.03760999528246	0.103807970114383	-9.99547524278866	1.59520211981407e-23	2.07505723937612e-22	22.7971842819117	down	107607
Tek	1323.72279775276	1.03748921082951	0.060009776074298	17.2886699251302	5.72582434054142e-67	1.61243855989922e-65	66.2421619795949	up	21687
Ptchd1	18.9950308914934	1.03674830111321	0.410577653757484	2.5250967548409	0.0115666439230493	0.0307342156724658	1.9367926338859	up	211612
Adgb	205.485911924546	-1.03619512958303	0.152149506296471	-6.81037457698977	9.73449493803328e-12	7.54676860169924e-11	11.0116865763797	down	215772
Pde7a	447.912701321389	1.03598839234313	0.0899679656339328	11.5150807850699	1.10755697783417e-30	1.76320701765365e-29	29.955633922421	up	18583
Ube2b	2004.98565042452	-1.03580036742899	0.0421710773270313	-24.5618664042298	3.23018533490978e-133	1.66206993072061e-131	132.490772558901	down	22210
Kif11	148.10319412216	-1.0355819588183	0.158597650891527	-6.5296172610185	6.59379710815247e-11	4.88475428143581e-10	10.1808644202753	down	16551
Rrad	30.4184993873304	-1.0353309826343	0.312613564568353	-3.31185559418654	0.00092679372116617	0.0032114157558001	3.03301691712648	down	56437
Zc3hav1	1245.23498775162	-1.03427984413406	0.0584580535228957	-17.6926835877108	4.77463838809858e-70	1.39549353954539e-68	69.3210595145515	down	78781
Cysltr1	82.5868071116011	1.03424110682354	0.203864887519216	5.07316938884857	3.91243935689386e-07	2.14217876401238e-06	6.40755238099066	up	58861
Sirt5	68.3877461823855	1.03383439298277	0.260002327823366	3.97625052682261	7.00103703828207e-05	0.000292256832613702	4.15483762475071	up	68346
Rap1a	2377.32108932579	-1.03366359397786	0.0450526737228511	-22.9434461611893	1.71308438962757e-116	7.82872052531775e-115	115.766221242378	down	109905
Nrp2	975.731520101991	1.03288609895331	0.0701045806853464	14.7335037005536	3.92801300217479e-49	8.8690506324859e-48	48.405827083318	up	18187
Prl2c3	50.2736432279879	1.03264900993161	0.255453723619156	4.04241126455898	5.29043360068483e-05	0.000225500809582064	4.27650873199739	up	18812
Pdcd11	109.572647577391	-1.03240917486878	0.179894919560376	-5.73895681652246	9.52615043096454e-09	5.96142488981592e-08	8.0210825646655	down	18572
Ilk	29.3429353080558	1.03181220712898	0.360996682886657	2.85823182329058	0.00426009034273085	0.0127515114409894	2.37058119081901	up	16202
Tcaf1	152.676859394988	1.03177769902241	0.215659340245506	4.78429405305532	1.71589328928083e-06	8.79859750377047e-06	5.76550972424811	up	77574
Gpat3	96.2512561105547	-1.03141643930223	0.203626707657768	-5.06523162489921	4.07904071179556e-07	2.22812921082851e-06	6.38944196008621	down	231510
Ltbp1	36.6417368713482	-1.03118263431273	0.331465368765072	-3.11098151265264	0.0018646661296617	0.00605167068618908	2.72939891775655	down	268977
Vstm5	70.74031332371	1.03110836685319	0.38585358866288	2.67227880509378	0.00753380248425103	0.0211610646591741	2.12298577000006	up	69137
Ifng	27.0295309595392	1.02996375281891	0.365924345455021	2.8146904288048	0.00488242412945087	0.0143707396092693	2.31136449671739	up	15978
Sh3bgrl2	24.9666685980412	-1.02991245468961	0.353880939408878	-2.91033604807869	0.00361040333474544	0.0110189213668366	2.44244427835206	down	212531
Zfp867	46.155658339436	1.02983183556024	0.265420866197779	3.87999576036669	0.000104458285554423	0.000424853316403551	3.98105710639835	up	237775
Arhgap29	1010.33962503021	1.02925995532043	0.0602135902932601	17.0934825561404	1.65959869985472e-65	4.60511016062217e-64	64.7799969140733	up	214137
Gbp3	111.30847905755	1.02847054394591	0.174899254178593	5.88035980356848	4.09375619762667e-09	2.63752337881694e-08	8.38787802517577	up	55932
Slc30a4	69.4309817757368	1.02846303048824	0.249327950376002	4.12494078155798	3.70830158173291e-05	0.000161162245384217	4.43082495361156	up	22785
Ambp	2021.38667553817	-1.02835218276408	0.047371879796977	-21.708072113062	1.72127585189042e-104	7.06095816487096e-103	103.764149524005	down	11699
Cyp27a1	162.592404831021	1.02816140936725	0.144853565765937	7.09793648455031	1.26633353799866e-12	1.02641480351435e-11	11.8974518909741	up	104086
Cd68	366.667214819978	-1.02808158543358	0.100298801561626	-10.2501881321274	1.18113419213413e-24	1.59414866773855e-23	23.9277007581082	down	12514
Homer3	60.7234385318398	1.02760284773035	0.270467820023469	3.79935345965069	0.000145074062883166	0.000577607641655005	3.83841022611228	up	26558
Fam189b	57.932817288967	1.02751318923543	0.3030959161586	3.39005949752805	0.000698774560497176	0.00247060791757731	3.15566291427412	up	NA
Lad1	31.2540535277056	1.02749894306381	0.368680096802677	2.78696613127381	0.00532040392764604	0.0155261024293818	2.27405539460562	up	16763
C2cd2	257.064476344438	1.02738716929124	0.117658302931364	8.73195638297253	2.50304756929966e-18	2.65180520064238e-17	17.6015308967409	up	207781
Myo5c	66.4683040664286	1.02706973798579	0.238856415353705	4.29994621021537	1.7083957021316e-05	7.78339703470057e-05	4.76741152981304	up	208943
Wsb1	950.344275411004	-1.02679925281499	0.0720573282066459	-14.2497547212733	4.49858485596605e-46	9.76520935557048e-45	45.3469240830918	down	78889
Ddr1	126.840924819066	1.02647886110077	0.220232140047594	4.66089491242715	3.1483745154712e-06	1.56323508524909e-05	5.50191361165982	up	12305
Nbea	501.096731360178	1.02641726461331	0.083546211390867	12.2856231003854	1.08208053652844e-34	1.92237649622474e-33	33.9657404145823	up	26422
Pkm	1471.65662295943	-1.02579459950135	0.0499021583859914	-20.5561168630596	6.78507854643933e-94	2.52941416510285e-92	93.1684451204305	down	18746
Map2	185.528737673437	1.02544496497908	0.166662156827231	6.15283627969669	7.61093642809153e-10	5.19673342807993e-09	9.11856190557724	up	17756
Emd	291.651163744079	-1.02483598365658	0.110190361150207	-9.30059555989261	1.39661174871647e-20	1.6277400576903e-19	19.8549243088643	down	13726
Cnn3	518.986545765224	1.02465240576124	0.080425634182475	12.7403708553474	3.52714197862913e-37	6.55683422771208e-36	36.4525770582531	up	71994
Triqk	22.9617451969207	1.02435260562519	0.390288902841883	2.62460089991385	0.00867505849169357	0.0239221309922459	2.06172758829108	up	208820
Gm8129	265.928506086703	-1.02397344940639	0.117916196909773	-8.68390837087385	3.82396876984065e-18	4.01854186559301e-17	17.4174856632425	down	666487
Pak6	86.2708615692463	1.02330473128392	0.245388485109843	4.17014160556822	3.04410430515302e-05	0.000134057670361547	4.51654047070031	up	214230
Limk1	124.594630946836	1.02305118263872	0.156328291684071	6.54424846339549	5.97953136278578e-11	4.43600762082922e-10	10.2233328518864	up	16885
Dipk2a	167.770125557398	1.0229447804034	0.155161389317162	6.59277920174082	4.31668335390678e-11	3.22767723042926e-10	10.3648498074231	up	68861
Kntc1	114.575402827437	-1.02272775806332	0.16893629016327	-6.05392575553127	1.41357780909304e-09	9.42943276686613e-09	8.84968028117538	down	208628
Pdpn	24.3975499443141	-1.02267673208092	0.381854440604938	-2.67818473044541	0.00740223807808336	0.0208534437723002	2.13063695080871	down	14726
Slc12a8	153.850470705572	1.02260944164899	0.148445269405594	6.88879777539381	5.62658552411146e-12	4.4179508567053e-11	11.2497550754664	up	171286
Mki67	614.558701024412	-1.02260549459673	0.0868084354520194	-11.7800244788646	4.94787017363555e-32	8.19623740448261e-31	31.305581704276	down	17345
Nckap1	800.021482645839	1.02188462035004	0.0696076492128934	14.6806368539272	8.57809870938836e-49	1.93044275383309e-47	48.0666089605805	up	50884
Irf4	276.226573592231	-1.02116376800624	0.108749168922477	-9.39008341971049	5.99527552617002e-21	7.10668638736388e-20	20.2221908531413	down	16364
C9orf72	200.760264275147	-1.02089638999866	0.124442209317784	-8.20377905210305	2.32946056591753e-16	2.27797413107252e-15	15.6327446370721	down	73205
Srp54a	68.5367037578286	-1.0208837408045	0.259091834770406	-3.94023895700595	8.14004852789851e-05	0.000336234829083998	4.08937300600322	down	24067
Cry1	261.569482624107	-1.02083653189002	0.116706898239419	-8.74701107894939	2.1907819796149e-18	2.3268963136185e-17	17.6594008400392	down	12952
Uqcr11	801.297447686566	-1.02080359922191	0.0721393679863806	-14.1504372399635	1.85599696982605e-45	3.9832256286514e-44	44.7314227371629	down	66594
Ddx6	3246.24667471891	-1.02046882580862	0.0372541447457438	-27.3920883910563	3.40727622571964e-165	2.1516433111446e-163	164.467592657027	down	13209
Qsox2	41.8834067446697	1.0203061755562	0.272359496092929	3.74617441357019	0.000179551778173841	0.000703323215294112	3.7458102895228	up	227638
H1f5	367.707093134094	-1.01973405608216	0.104689701869623	-9.74053835163369	2.02478808900707e-22	2.52813415139715e-21	21.6936204226175	down	56702
Nkiras2	134.082104238828	-1.01953412130783	0.164742512621389	-6.18865224941013	6.06807822969634e-10	4.17749197980317e-09	9.21694882892248	down	71966
Parp12	185.648241787842	1.01934014276816	0.165306966046382	6.16634717306561	6.98855589968352e-10	4.78588617790026e-09	9.15561255667096	up	243771
Trim34a	215.632564902856	1.01913215406654	0.125262197889259	8.13599131453473	4.08581108110622e-16	3.94551515844173e-15	15.3887217180584	up	94094
Snhg20	53.565955846834	1.01913053505529	0.29129732015107	3.49859220993437	0.000467721328679567	0.00170458985105867	3.33001282526653	up	76972
Gm12715	42.7890619028872	-1.01912298256923	0.366683589243501	-2.77929804459416	0.00544765161396866	0.015866332911739	2.26379067403376	down	100039940
Agbl3	75.0770006430165	1.01890232812571	0.223316830171753	4.56258638160893	5.05272942461942e-06	2.4452816646457e-05	5.29647395775643	up	76223
Cep41	26.0820239513297	1.01883032336368	0.394931287723741	2.57976603787433	0.0098867272435387	0.0268058169435471	2.00494744705758	up	83922
Tmem132a	67.277179417955	-1.01867979218851	0.236350368487674	-4.31004105771741	1.63224238732472e-05	7.45273863046887e-05	4.78721534824078	down	98170
Epb41l1	147.485166678354	1.01843223179483	0.155216558994651	6.5613632874694	5.33180453431122e-11	3.96677881794043e-10	10.2731257803433	up	13821
Spry4	105.910743322214	1.01785752234972	0.236131618925087	4.31055157705347	1.62847839430967e-05	7.43718195463931e-05	4.78821799902378	up	24066
Ncapg2	174.582769616164	-1.01773274803264	0.134267819133538	-7.57987099664173	3.45898720083899e-14	3.0337472339345e-13	13.4610510449863	down	76044
Hsph1	650.590379597276	-1.01712886476411	0.0718202334597723	-14.1621492407683	1.57114429885444e-45	3.37536866431213e-44	44.8037839261514	down	15505
Col25a1	27.1971380861028	1.01704703971512	0.353074683803388	2.88054365370887	0.00396989972528753	0.0119792557740033	2.40122046283494	up	77018
Unc119b	131.344887045996	1.01665941449881	0.17468462360138	5.81997083394565	5.88578970887536e-09	3.74401623147905e-08	8.23019525870031	up	106840
Akr1c20	35.4252680337187	1.01645795533793	0.333758750117001	3.04548706208185	0.00232303772873188	0.00741457853102215	2.63394373671418	up	116852
Apex1	20.8721779595727	-1.01591724543347	0.379786859812872	-2.67496681147428	0.00747366483353691	0.0210265561585089	2.1264663825647	down	11792
Znrd1as	30.1407021751475	1.01501199365623	0.358719009280893	2.82954615561348	0.00466140758231928	0.0137844575859162	2.33148292173739	up	NA
Zfp553	62.6808318363478	1.01493071492776	0.218639123468556	4.64203614991956	3.44992482060711e-06	1.70160907305637e-05	5.46219036879665	up	233887
Trim14	244.506601310427	1.01458168539017	0.161518694472437	6.28151241999607	3.35295008311713e-10	2.35895093794996e-09	9.47457291206123	up	74735
Stard9	411.576085497557	1.01405350884771	0.0914162375335749	11.0927066810781	1.36106109524606e-28	2.06427599445652e-27	27.866122379769	up	668880
AI467606	153.884363125594	-1.01389593137474	0.165827851564045	-6.11414742343907	9.70745350918515e-10	6.56584302752059e-09	9.01289468069463	down	101602
Mras	164.510615924385	1.01378229062206	0.218967728874092	4.62982511548536	3.65974693635814e-06	1.79871383034828e-05	5.4365489440982	up	17532
Phldb1	134.311062714773	1.01358434157638	0.159814062976386	6.3422725303351	2.26400349779173e-10	1.61297671420451e-09	9.64512290651624	up	102693
Gyg	244.077117481384	-1.01358042429487	0.11198623952732	-9.05093722740457	1.41746420842787e-19	1.5821390808478e-18	18.8484878984164	down	NA
Sema5a	303.64079710537	1.01351435626766	0.159788453901511	6.34285101032622	2.25551540869055e-10	1.6085792471493e-09	9.646754201647	up	20356
Gm8189	36.5563008612497	1.01323505783142	0.313676493849871	3.23019122470925	0.00123707447782452	0.00417209824298189	2.9076041529703	up	100534389
Myo3b	31.9424933167404	1.01307972282223	0.340844977278144	2.97225950316855	0.00295616706756471	0.00919318990016131	2.52927102546288	up	329421
Igsf11	43.0722455061289	1.01297227685071	0.30967323714192	3.27110048708045	0.00107129836757035	0.00366460713752438	2.97008955685898	up	207683
Abca6	36.2967090663757	-1.01291597976942	0.303687445266427	-3.3353897092479	0.000851799349849326	0.00296982543943619	3.06966269574496	down	76184
Traf3	755.074715590149	-1.01277383695105	0.0721771469987453	-14.0317798508807	9.96196326687514e-45	2.11402599305918e-43	44.0016550639912	down	22031
Stxbp5l	29.0587466872517	1.01261594009325	0.359975557138043	2.81301305050814	0.00490796592030557	0.0144336863975794	2.30909846156741	up	207227
Jdp2	587.360499781973	-1.01217277391305	0.0844261200800399	-11.9888581040259	4.06469766326645e-33	6.97154194278267e-32	32.3909717521752	down	81703
Ubtd1	299.93065363981	-1.01199107413628	0.114944830511977	-8.80414603796237	1.31852617384344e-18	1.41341393707425e-17	17.8799112446776	down	226122
Fam92a	121.277632667071	1.01169259610122	0.225789835420683	4.4806826410776	7.44046774720817e-06	3.53676796040308e-05	5.1283997615447	up	NA
Masp2	32.6681823173595	-1.01152713801523	0.348252563112196	-2.90457916224827	0.00367747193833931	0.0112022858826272	2.43445063255581	down	17175
Ptpn21	184.090002860179	1.01150974137477	0.142440974987789	7.10125538990084	1.23628673647398e-12	1.00323128120643e-11	11.9078807900675	up	24000
Igfals	24.6365146320923	-1.01149562121524	0.376336929998545	-2.6877394711679	0.007193749944051	0.0203323687893773	2.14304466240383	down	16005
Sephs2	204.08909545225	-1.01142474264904	0.131393937307061	-7.69765153079621	1.3858969561509e-14	1.24271543327145e-13	13.8582690590739	down	20768
Snrpg	1104.84706025387	-1.01138174758521	0.0581903045537314	-17.3805886623489	1.15759131556078e-67	3.30452677054398e-66	66.936444740025	down	68011
Gpr137b-ps	397.863378041158	-1.01134390365284	0.0929413938399191	-10.881522880911	1.41184271873102e-27	2.07047082446416e-26	26.850213681607	down	664862
Rgs5	105.021275624024	-1.01127352246481	0.200442017613931	-5.04521723789776	4.53006375842572e-07	2.46738104186706e-06	6.34389568546231	down	19737
Cdh2	70.1524024727808	-1.01113398604833	0.248604591731189	-4.06723777307237	4.75736950780378e-05	0.000204031329847958	4.32263311535161	down	12558
Tap2	359.626378590279	1.00994939538816	0.123858422594028	8.15406311687409	3.51897067502064e-16	3.40919711281985e-15	15.453584352298	up	21355
Bcl7a	130.776799812047	1.00987805039647	0.197515593090461	5.11290290855137	3.17245377556727e-07	1.75686325349579e-06	6.4986046971016	up	77045
Hnf1aos1	105.269582595004	1.00942918574455	0.228620706152024	4.41530079551641	1.00869631315705e-05	4.7310876592122e-05	4.99623956654012	up	102638537
Cenpm	58.6135697035861	-1.00931003264591	0.254661919947857	-3.96333316285596	7.39105216563834e-05	0.000307429413332809	4.13129373248416	down	66570
Vps26a	628.927388161172	-1.00874400167522	0.0707379816137991	-14.26028816008	3.86853795590549e-46	8.41507958905163e-45	45.4124531377338	down	30930
Tmem156	179.258953422991	-1.00809567214758	0.157055163385035	-6.41873626068661	1.37410226207738e-10	9.96690464303185e-10	9.86198094544002	down	243025
Mtmr6	513.154361724872	-1.008058109281	0.0817302818026123	-12.3339610123402	5.94508284686588e-35	1.06434348321167e-33	34.2258420889534	down	219135
Braf	1352.27829978997	-1.00798693035926	0.0648714958745253	-15.5382100685472	1.91250824460811e-54	4.63966930260633e-53	53.7183966839756	down	109880
Napsa	27.4276270340451	-1.0079053921376	0.334372263210563	-3.01432117143909	0.00257554996949274	0.00814568004465917	2.58913001974402	down	16541
Notch4	91.441674216282	1.00763219707404	0.248391705126954	4.05662579013672	4.97867537664558e-05	0.000212909124099974	4.30288618999842	up	18132
Cenpk	65.5672556561842	-1.00741693940966	0.32416675369648	-3.10771208929376	0.00188541647001378	0.00611140050064041	2.72459270346821	down	60411
Col4a1	551.472145737608	1.00736936461334	0.0862779726948023	11.6758580799851	1.69348205176449e-31	2.76354522135633e-30	30.7712194018307	up	12826
Tasp1	266.445136107113	1.0068466118537	0.115766602892414	8.69721134332157	3.40139587012805e-18	3.5835029594337e-17	17.4683428199323	up	75812
Lncppara	247.65147840669	1.00667503903277	0.126916449005742	7.93179329329661	2.16003755232032e-15	2.01220485260631e-14	14.6655386985603	up	102800312
Slfn1	330.082259455958	-1.00657951842445	0.101758080370581	-9.89188784574851	4.51433207974381e-23	5.77496416266306e-22	22.3454064968543	down	20555
Rcbtb1	390.906845437858	1.0063097119272	0.0955777865764502	10.5286986440336	6.3709129334808e-26	8.94029997446508e-25	25.1957983300564	up	71330
Rmdn3	33.062288200124	1.00485348871988	0.356098297116566	2.82184300474471	0.00477485457622199	0.0140879505187442	2.32103985082496	up	67809
Fras1	136.990288067675	1.00467081905129	0.175658759166402	5.71944617973511	1.06871818825329e-08	6.66597375786e-08	7.97113679939516	up	231470
Ppfia2	270.392955232334	1.00462379882102	0.12065793409085	8.32621415566908	8.3468746848996e-17	8.31853283398483e-16	16.0784761066935	up	327814
Slc7a8	57.5361055862708	-1.0040690765111	0.248619542829382	-4.03857663434025	5.37765248159471e-05	0.000228937487362517	4.26940726648651	down	50934
Arsb	393.495463922568	1.00399614042174	0.107298821888643	9.35700991632236	8.20250890942012e-21	9.66810425132386e-20	20.0860532892187	up	11881
BC024978	45.8193646821214	-1.00388180023231	0.273359691651546	-3.6723841549835	0.000240298091794663	0.000920171248605104	3.61924967791162	down	NA
Dhrs7	472.160708756923	-1.00378567342852	0.101695848573193	-9.87046853447582	5.59028727297027e-23	7.13386383842177e-22	22.2525658740706	down	66375
2810025M15Rik	413.395174196525	1.00318679028336	0.0897192749791399	11.1813965339845	5.02922663904569e-29	7.69486445896278e-28	28.2984987927209	up	69953
Gde1	88.005465232029	-1.00299128895335	0.199432454035663	-5.02922803514214	4.92458446916019e-07	2.67248478522993e-06	6.30763040889514	down	56209
Akap1	89.5943689388805	1.00220057443497	0.240788756423766	4.16215686031118	3.15255663570195e-05	0.000138540969488386	4.5013371025814	up	11640
Baz1a	1285.39787508519	-1.0021937689101	0.0530657159168597	-18.8858993343324	1.48978872279105e-79	4.78362206382785e-78	78.8268753175152	down	217578
Hnf1b	324.243899466219	1.00167598848484	0.141431388656843	7.08241641404809	1.41662210440958e-12	1.14466801216717e-11	11.8487459859259	up	21410
Cyp2d10	57.6778701919785	-1.00161684906163	0.255546493852147	-3.91950926018631	8.87294522334935e-05	0.000364700799821257	4.05193219956644	down	13101
Tpm3-rs7	54.0137433684384	-1.00139073901856	0.233561100973997	-4.28748937576743	1.80703897349282e-05	8.19697108589832e-05	4.74303248064862	down	621054
Tmc6	241.174631413845	-1.00124822052159	0.117266913006146	-8.53819883933602	1.36330177513557e-17	1.40503687893423e-16	16.8654079998002	down	217353
Zgpat	65.1407570765493	1.00115073173454	0.251464850022303	3.98127504359256	6.85465757021055e-05	0.000286720612415933	4.16401423585368	up	229007
Txn1	3295.58845757608	-1.0011435172399	0.0354185834335337	-28.2660518910543	9.03793786488863e-176	6.03658933225686e-174	175.043930648735	down	22166
Hacd4	150.87379859041	-1.00098455147803	0.150081862672797	-6.66959040653931	2.56518323627264e-11	1.9438492167522e-10	10.5908816069031	down	66775
Gpm6b	59.9637206237461	1.00061790236389	0.318250246525562	3.14412294503444	0.00166585435542744	0.00547033389737668	2.7783629713561	up	14758
Rhoh	203.766339820274	1.00057737149404	0.13222110586661	7.56745577747224	3.8060467620938e-14	3.33113013335879e-13	13.4195258801597	up	74734
Gpr160	162.060712154067	-1.00049335002649	0.232996023506935	-4.29403615979186	1.75453879441461e-05	7.97792579899763e-05	4.75583702470481	down	71862
E130102H24Rik	83.4126507081232	1.00042481130715	0.242571225550994	4.12425179051932	3.7194184114778e-05	0.000161544310706098	4.42952496346013	up	77866
Anxa4	476.605013778448	1.00033893833394	0.0821236712486075	12.1808843068606	3.92997445330252e-34	6.89366478386964e-33	33.4056102727355	up	11746
Clk1	1715.21991395895	-1.00015456409571	0.0443917121066082	-22.5302092808182	2.09962024971534e-112	9.32920818418295e-111	111.677859247345	down	12747
Cyth1	1768.57009086146	-1.00001896194928	0.0470942903051625	-21.2343992333112	4.59530187867543e-100	1.82402849237557e-98	99.3376859532797	down	19157
