geneID	baseMean	log2FoldChange	lfcSE	stat	pvalue	padj	-log10(P.Value)	trend	ENTREZID
Gm50017	52.7207789267675	7.78406400988241	1.07361673700696	7.25031917030549	4.15790655914941e-13	2.61092073640706e-11	12.3811252748174	up	NA
Gm21680	13.9417610091359	-7.20387514686183	1.2869261489596	-5.59773779768614	2.17166863855234e-08	6.06440404000021e-07	7.66320644032938	down	100862368
Gsta1	50.0986530107954	7.11626672873005	1.02828014201338	6.92055252063542	4.49885483368284e-12	2.46858891983742e-10	11.3468980201591	up	14857
Gm48779	12.7344902714366	-7.07058106222303	1.21998596692164	-5.79562491203409	6.80672425007948e-09	2.08145727881662e-07	8.16706184291598	down	NA
Gm47352	11.5213321422623	-6.92417841702936	1.2754532162577	-5.42879842927171	5.67347162666547e-08	1.46580287296192e-06	7.24615111272567	down	NA
Cytl1	16.8326931035988	6.85627710146824	1.22540446925646	5.59511351025872	2.20477473487868e-08	6.14224610303985e-07	7.65663577644411	up	231162
Gm19583	10.7023695753242	-6.81856006167124	1.26533660491651	-5.3887321643723	7.09564582722514e-08	1.79764015374738e-06	7.14900807005351	down	100503184
Sycp2l	9.96807195613943	-6.71609488216652	1.27264836492577	-5.27725887783484	1.31130576773604e-07	3.11689957578578e-06	6.88229602855624	down	637277
Chat	9.76831329868799	-6.68795493014413	1.29117211847944	-5.17975476268824	2.22177791352932e-07	4.97886014305687e-06	6.6532993548232	down	12647
Wfdc18	98.1933210552482	6.67953490994726	0.982265755375354	6.80013008027019	1.04524729358757e-11	5.32013735185501e-10	10.9807809482755	up	14038
Cd177	9.09954611917101	-6.58712380250532	1.42979124808929	-4.60705282068838	4.08416282269721e-06	6.79295778265183e-05	5.38889695228803	down	68891
Gm48877	8.63524129576595	-6.50921695441537	1.30558058980907	-4.98568759770493	6.17418383018707e-07	1.26426848491558e-05	6.20942044397486	down	NA
Sult2a4	8.32201637291894	-6.45571052971303	1.4058629937458	-4.59199122420341	4.3903683447725e-06	7.21538142596096e-05	5.35749904162773	down	434121
Crisp2	7.98741713296297	-6.397474636194	1.33245604979253	-4.80126503023506	1.57666434738597e-06	2.92249109695025e-05	5.80226075283061	down	22024
Vmn2r-ps54	7.86860219235823	-6.37263970589362	1.52060443583465	-4.1908596053751	2.77899585417641e-05	0.000366244206707817	4.55611210112103	down	75835
Plut	7.78478606302218	-6.35966419145812	1.30216504553361	-4.88391560906322	1.03999600213624e-06	2.0218796448816e-05	5.98296833017574	down	70147
Krt36	6.9100008308354	6.30369482725276	1.62596071095532	3.87690476453707	0.000105793743964577	0.00117584764647803	3.97554001322705	up	16673
Adgrg7	7.44837452680291	-6.29591545839887	1.3939549936768	-4.51658445714398	6.28450586213098e-06	9.99266216466798e-05	5.20172886432431	down	239853
Gm36536	7.40804396282456	-6.28695317541873	1.64220507494715	-3.82836058134886	0.000128999670990883	0.00139225977629636	3.88941139735212	down	102640488
Gm48421	7.32762463047164	-6.27075913603225	1.42472822911526	-4.40137214093549	1.07568448780075e-05	0.000159384543823348	4.9683150941908	down	NA
Gm49766	7.31447172746779	-6.26944617466196	1.3126462651512	-4.77618863596872	1.78648819444483e-06	3.2624941871335e-05	5.74799984937725	down	NA
Cd6	7.29618290828315	-6.26623290477118	1.30320797705934	-4.80831380338139	1.52208705872948e-06	2.84151149238965e-05	5.81756050653752	down	12511
Gm39232	7.18855022023601	-6.24304796305032	1.40585957425426	-4.44073368164239	8.96526908396374e-06	0.000136454533011593	5.04743667097331	down	105243264
Gnat3	7.14608340276541	-6.23860596448918	1.38805354234665	-4.49449950896142	6.97337643760487e-06	0.000109398627680127	5.15655689002786	down	242851
Gm34068	7.00392636511493	-6.20527761561315	1.47499671505084	-4.20697724428443	2.58809190730859e-05	0.00034378585092275	4.58702030523354	down	102637191
Tnfsf4	6.94559025991887	-6.19527898831484	1.36544707379274	-4.53717987846024	5.70114767260465e-06	9.17064747199454e-05	5.24403770964194	down	22164
Gm7361	6.90479636913124	-6.18727919469117	1.34348253935217	-4.60540350429467	4.11666845739354e-06	6.84217683806704e-05	5.38545410820836	down	664837
5830411N06Rik	6.72878007784171	-6.14906042771653	1.36678455346086	-4.49892443702733	6.8298126249416e-06	0.000107289732104852	5.16559121097003	down	NA
Gm17535	6.69658596323356	-6.14277302652982	1.37314844958996	-4.47349522068361	7.6951278892555e-06	0.000119523861428019	5.11378415801101	down	NA
4930420G21Rik	6.67635272706832	-6.13708952731008	1.45486035675509	-4.21833580028135	2.46112100569823e-05	0.000328966572674006	4.6088670328575	down	78924
Elf5	6.6563518252528	-6.13292067609738	1.43347648767606	-4.2783545658569	1.88279943107321e-05	0.000258733438494759	4.72519594159648	down	13711
Uroc1	6.6461425117953	-6.13076562156241	1.41031790357023	-4.34708061639317	1.37961522104599e-05	0.000197442190531779	4.8602420227855	down	243537
1700047M11Rik	6.58153373589858	-6.11568967284965	1.41695067918278	-4.31609212846905	1.58815717127668e-05	0.000224118602332105	4.79910652001946	down	67330
2410152P15Rik	6.57357635084565	-6.1152158687344	1.64289509360385	-3.7222193264453	0.000197479370076591	0.00199303953856844	3.704478266771	down	76811
Gabrp	6.45580108064475	-6.08984942395823	1.36643111092899	-4.45675554021742	8.32093985042983e-06	0.000128226556684609	5.07982761736275	down	216643
1700020D12Rik	6.46299028559149	-6.08937871996811	1.41720667373839	-4.29674713844325	1.73322713225554e-05	0.000242342186620867	4.76114452105895	down	69437
Gm50269	6.35770973958134	-6.06696700644414	1.78442462042135	-3.39995701528236	0.000673964472281119	0.00549013376050021	3.17136299648981	down	NA
Slco1b2	6.32015483568811	-6.05979543230131	1.48742527469675	-4.07401671558711	4.62091627185321e-05	0.000571470345679161	4.33527190055759	down	28253
Fbp2	6.31539294985261	-6.05855532468495	1.35165085655271	-4.48233750255363	7.38298571439992e-06	0.000115056018249955	5.13176797190847	down	14120
G630055G22Rik	17.0931957228565	-6.05053706694277	1.28057883943196	-4.72484542195519	2.30290461333318e-06	4.10970477538979e-05	5.63772405020814	down	414127
Nr5a2	25.3882830116121	-6.03841545680302	0.987779177759885	-6.11312284441663	9.77001035719078e-10	3.61906456212343e-08	9.01010497588528	down	26424
Gm27007	6.22864567675796	-6.03808321803286	1.40777335479435	-4.28910179147048	1.79397145063254e-05	0.000248270003053065	4.74618447262493	down	NA
Gm31458	10.2918540657622	-6.02462579115187	1.25545793051984	-4.79874764792581	1.59660806511326e-06	2.95479435848581e-05	5.7968016812623	down	102633697
Gm31522	6.13550707351661	-6.01815007793397	1.39910991327759	-4.30141336346886	1.69712128342604e-05	0.000237951602037376	4.77028712006269	down	102633775
Gm12962	6.14208179440444	-6.01680471964257	1.71916714904648	-3.49983695476017	0.000465542812800982	0.00405236210475576	3.33204037374119	down	100039799
Dppa2	6.13183099858379	-6.01569582546105	1.68032063070703	-3.58008805910443	0.000343478436441885	0.00315717850482883	3.46410052273328	down	73703
Krt16	9.38638068737557	6.00546709702086	1.34189029666028	4.47537858494646	7.62760349716403e-06	0.000118553453428787	5.11761189080554	up	16666
Abca15	5.98498459404499	-5.97968676333632	1.70246407015092	-3.51237178403786	0.000444126240201661	0.00390719597146024	3.35249356675398	down	320631
4933400C23Rik	9.99408527276337	-5.97858406175861	1.23888374258016	-4.82578296596846	1.39454309260057e-06	2.62022949153078e-05	5.85556806111146	down	331003
Sh2d6	23.0044906894154	5.97594060020276	0.987526797047121	6.05142120504667	1.43573506314717e-09	5.10109500121201e-08	8.84292569326132	up	71130
Acsm4	5.89899371338723	-5.95973850961347	1.69006343360621	-3.52634013085339	0.000421345461551481	0.00375249382684278	3.37536167964416	down	233801
4930562F17Rik	5.821127820837	-5.94002091392286	1.67880119006316	-3.53825155061952	0.000402786135670537	0.0036159909771493	3.39492548674158	down	75256
Gm47843	5.75011192710705	-5.92266123936927	1.42307902680522	-4.16186390763239	3.15660464311672e-05	0.000409121744169957	4.50077980900576	down	115487478
Vmn2r96	5.74065354484963	-5.91783441801492	1.67392425169057	-3.53530598056527	0.000407303227714766	0.00364817555411185	3.39008214829073	down	433070
Gsdmc	5.68519963980359	-5.90767867892978	1.43270142182073	-4.12345418867672	3.73232718304233e-05	0.000474830465296582	4.42802029215984	down	83492
Gm14061	5.64906142119318	-5.89663632600007	1.41096860066683	-4.1791407145512	2.92612600545838e-05	0.000383055012475975	4.53370697612698	down	102636130
C030047K22Rik	5.62260645794447	-5.88812981770262	1.46696088179241	-4.01382878765534	5.97416878282975e-05	0.000716564626479861	4.22372251182628	down	77618
Gm13561	9.3874218249406	-5.88610115261294	1.3423761156651	-4.38483751604636	1.16072384707243e-05	0.000170585729339774	4.93527109288693	down	102637074
4930542D17Rik	5.60802740840375	-5.88520674127452	1.54361204703437	-3.81262037477702	0.000137501224352625	0.00146916117102884	3.86169343472665	down	75211
Gm44724	5.59611001233262	-5.88246091904294	1.57954345110712	-3.72415264355018	0.000195972331941183	0.00198038305320081	3.70780523952855	down	NA
Ucma	5.58219292923981	-5.87950812442938	1.70214033766923	-3.45418529501526	0.00055195799678815	0.00467361848152647	3.25809397020051	down	68527
Gm20597	5.56560207329631	-5.87687008159511	1.41527522920432	-4.15245738802278	3.28924015285071e-05	0.000424287655653468	4.48290441680304	down	100502868
4933406J09Rik	9.2298573557443	-5.86257584980855	1.31398144469889	-4.46168846102087	8.1316386887811e-06	0.00012547407004338	5.08982192651145	down	102639979
Gm46348	5.51502471351454	-5.86204355773306	1.37984046085552	-4.24834879396021	2.15351923172261e-05	0.000291837271534942	4.66685124547384	down	108167998
Hyal5	5.51343875157512	-5.8619046103248	1.45644920914152	-4.02479164637674	5.7025781867901e-05	0.000685740136798594	4.24392875149477	down	74468
Gm29283	5.45582600222331	-5.84664375985785	1.75841008433927	-3.3249603217868	0.000884311191365127	0.00683302121307733	3.05339487875354	down	NA
Cyp2c68	5.45331804480101	-5.84590817358307	1.71541458193313	-3.40786899863893	0.000654723188827513	0.00535941934109939	3.18394227706871	down	433247
Ccr2	5.41095609909851	-5.83366116554853	1.72687255675903	-3.37816542553498	0.000729711690604747	0.00586043570930477	3.13684869592294	down	12772
1700022A22Rik	5.35889699102698	-5.81950622749196	1.53621351790711	-3.7882144374177	0.000151733861858519	0.00159940293794763	3.81891748857888	down	71120
Gm40383	5.34789180277805	-5.81747278547882	1.70192350139631	-3.4181752474221	0.000630425009137774	0.00520771415392213	3.20036656659227	down	105244849
Galntl5	5.35093760596544	-5.81739330792024	1.50272600429974	-3.87122688452517	0.000108288940910947	0.00119847586111856	3.96541589375873	down	67909
9830166K06Rik	5.32597152054011	-5.81526536300301	1.58162557993352	-3.676764865707	0.000236210581788353	0.00231334675283548	3.6267006507134	down	402757
Gm10067	5.33848236412922	-5.81439174582193	1.52017465581859	-3.82481823622496	0.0001308686023089	0.00140919262963068	3.88316453587551	down	100126875
Cdrt4	5.32911840786078	-5.81115136605824	1.73828039646492	-3.3430460228834	0.000828641556750375	0.0064739344511918	3.08163329042608	down	66338
Gabrr3	8.84906227975907	-5.80105313692846	1.32460218300968	-4.37946819908425	1.18969280528695e-05	0.000174330741809861	4.92456516481905	down	328699
Fcgbp	8.85345582219274	-5.80062481681405	1.30329439476069	-4.45074024727863	8.55747989191557e-06	0.00013110486092835	5.06765411267976	down	215384
AU022754	5.26260437093136	-5.79380502472927	1.71901383122627	-3.37042373917156	0.000750526764653784	0.00598510053239189	3.12463381570027	down	105975
Gm28068	5.25290320854509	-5.79248245302144	1.41622960740413	-4.09007298162531	4.31237473912383e-05	0.000537273850123731	4.36528350661951	down	102636152
Gm50018	4.76749709565062	5.76447673315218	1.5310534606674	3.76503948506108	0.000166522765637172	0.00172814279760892	3.77852638489198	up	NA
Vmn2r100	5.14588121692204	-5.76284027662721	1.53047727049323	-3.76538769162512	0.000166290857069649	0.00172814279760892	3.77913162831118	down	627537
4930449C09Rik	5.12376229504546	-5.75682045785547	1.50270059524873	-3.83098301555047	0.000127632316599718	0.00137876952867727	3.89403934799765	down	73994
Gm10271	5.10591689563693	-5.74946151401151	1.49082871136544	-3.85655405626418	0.00011499667672725	0.00126141847404926	3.93931471008005	down	NA
D930007P13Rik	5.06695342051956	-5.73978744601984	1.56946093806203	-3.65717126614653	0.000255013998163312	0.00246562525601703	3.59343597972986	down	432989
Vmn2r111	5.07070467252663	-5.73881802648651	1.63146329694892	-3.51758941633498	0.000435485604015016	0.00384632546457039	3.36102619702871	down	210876
Psg22	42.5873384632263	-5.73514713832752	0.815052768811211	-7.03653475920642	1.97079505583822e-12	1.11797395860774e-10	11.7053585359165	down	243862
Gm39463	5.00544917907948	-5.72494216946339	1.73910666393873	-3.29188674172378	0.000995176807680963	0.00754900753500885	3.00209975364757	down	105243578
Gm35725	5.00348718678615	-5.72286981014717	1.57727714925116	-3.62832227225519	0.000285269028400429	0.0027040890081656	3.54474537704583	down	102639399
Ankk1	5.00123725839019	-5.72217520959509	1.48124025223884	-3.86309729359989	0.000111958390402586	0.00123269704575937	3.95094335390273	down	244859
Vmn2r81	5.00021883690971	-5.71924896456715	1.52406934866255	-3.75261727400141	0.000174997921373125	0.00180097554051176	3.75696710983681	down	216144
Ott	19.1403454078408	5.7178417808032	1.33539274496058	4.28176789366336	1.85414327859547e-05	0.000254944700806877	4.73185670886514	up	18422
Fer1l4	4.98060408482062	-5.71495451559281	1.77614071488314	-3.21762485804443	0.0012925675471184	0.00936616282207798	2.88854675223845	down	74562
Gm15997	4.95384361015656	-5.70689910789366	1.53791754448086	-3.71079654326986	0.000206608111660678	0.00206828282282652	3.68485263160481	down	100415916
Gm33508	4.92523314450088	-5.69861875007767	1.41626002555193	-4.02370938052626	5.72886048417912e-05	0.000688548047445991	4.24193175406195	down	102636445
Zfp986	4.90973009946866	-5.6946416804653	1.4311037205041	-3.97919563681897	6.91488228138293e-05	0.000813199851668894	4.16021520889971	down	385211
Mtnr1b	4.8929031215406	-5.69031248441398	1.49099399162613	-3.81645567746918	0.000135382380863783	0.00145048139351548	3.86843785257507	down	244701
Gm45576	4.87607414360393	-5.6857814396214	1.50052244156265	-3.78920120228273	0.00015113247238019	0.0015937791261108	3.82064221295826	down	NA
Gm11077	304.297887951244	5.68566075728449	1.6561558989747	3.43304682898777	0.000596839003945993	0.00497224689878384	3.22414280308732	up	NA
Gm43820	4.85912104498442	-5.68111878831357	1.49244191327421	-3.80659289837953	0.000140894383653198	0.00150063700684597	3.85110631843811	down	NA
Sim2	4.84855727650297	-5.67545327072856	1.52894627309018	-3.71200307729441	0.000205625486710905	0.00206020245537781	3.68692305673946	down	20465
Gm37947	4.85058665821849	-5.67541826677612	1.8488508241206	-3.06970048244731	0.00214273539635885	0.0140173094104422	2.66903145611466	down	NA
Gm47729	8.09770868040883	-5.67465158363877	1.25828372450664	-4.50983468443396	6.48781638716342e-06	0.000102811314340441	5.18790144966776	down	NA
Slc35g3	7.49158393242258	5.67346238263587	1.46381184966215	3.87581394695317	0.000106268863518732	0.00117889667441541	3.97359396391339	up	56293
Gm29141	4.81106343029425	-5.66469935627126	1.4357772203384	-3.94538879432572	7.96706010327809e-05	0.000918088353903268	4.09870190651668	down	NA
4933404K13Rik	4.80633523916984	-5.66174007797139	1.63802743747846	-3.45643787669817	0.000547365360864676	0.00464578080950738	3.26172268968315	down	71018
Gm48539	4.79145267822239	-5.66006045838754	1.79145106463651	-3.15948371134322	0.00158048934844647	0.0109751012265716	2.80120842669976	down	NA
Gm19519	13.0755716793952	-5.65538835052589	1.27070585191043	-4.45058810583375	8.56354509959928e-06	0.00013110486092835	5.0673464107355	down	100503033
Ap1m2	4.78407062128046	-5.65503319666799	1.56878555901975	-3.60472032914524	0.00031248925036969	0.00291685613868528	3.50516491779326	down	11768
Oosp1	4.74048116867973	-5.64241005370013	1.51065888915076	-3.73506560231615	0.000187666259699236	0.00190876661283523	3.7266138016653	down	170834
Rp1l1	4.72445406556034	-5.63784778910012	1.49767105266465	-3.76440993439064	0.000166942824317785	0.00172944518266572	3.77743224343299	down	271209
Gm31983	4.619029823546	-5.6053571478202	1.58862496315792	-3.5284332537981	0.000418027353491038	0.00373142242369328	3.37879529936959	down	102634391
Gm13180	4.61293221714538	-5.60333011763973	1.53497276963452	-3.65044268438319	0.000261788724044261	0.00252194257502302	3.58204906363255	down	100040257
4930524C18Rik	4.5982270469132	-5.59876714655146	1.48114787262356	-3.78001903120878	0.000156816371941849	0.0016485373746886	3.80460859807487	down	75822
Gpihbp1	25.2852419282511	-5.59737433717193	0.915110373052096	-6.11661117828164	9.55862073848547e-10	3.55196531714132e-08	9.01960476974059	down	68453
Gm10715	4.57915014058919	-5.59331696999811	1.48606289187477	-3.76384943098995	0.000167317650826097	0.00173256394605418	3.7764582416316	down	NA
Gm38551	4.54844756193148	-5.58292663258793	1.76614614878116	-3.16107850782381	0.0015718612627341	0.0109443112230389	2.80358578875971	down	102641363
Gdf2	11.6920834274579	5.58224139623206	1.29338719091936	4.31598629971288	1.58891834312521e-05	0.000224118602332105	4.79889842125792	up	12165
4930500H12Rik	50.8936401730439	-5.58159383978222	0.706302795518408	-7.90255096708979	2.73252545234609e-15	2.22824167528985e-13	14.5634357840857	down	74991
A530053M12Rik	4.52682300344822	-5.57821848928229	1.80250265536757	-3.0947075016346	0.00197007075639343	0.0131031185822429	2.70551817558491	down	442836
Gm42912	4.52031967199982	-5.57644743956449	1.5144720202143	-3.68210661216138	0.000231314634368484	0.00227679136133439	3.63579689025391	down	NA
Gm20743	4.52936865559885	-5.57597370156156	1.5469433769406	-3.60451053650665	0.000312741762009689	0.00291805334954213	3.50481412131753	down	433374
Gm36252	4.52221114535459	-5.57501888327988	1.76671221980625	-3.15558969977084	0.0016017400614724	0.0110964204553626	2.79540796205193	down	102640102
Slco1a1	4.51293961506651	-5.57106537220123	1.5381991307667	-3.62181024600137	0.000292548682501777	0.00275774694498938	3.53380185340182	down	28248
Lce1g	4.48995164133288	-5.57005343939724	1.58480096440172	-3.51467065234907	0.000440299674518884	0.00388300332560119	3.35625163558228	down	66195
Gm34081	4.50273230161763	-5.56934020005308	1.86345118431829	-2.9887234218537	0.00280145596545979	0.0172682922175389	2.55261619957804	down	102637209
Dipk2b	4.48352927460216	-5.56237755491883	1.55242020522413	-3.58303604668413	0.000339623719411533	0.00312909495895639	3.46900198612592	down	75905
Gm28453	7.4454500502275	-5.55019859741346	1.5706614347524	-3.53366962135185	0.000409833019454866	0.0036652431309587	3.38739305425755	down	545951
Gm36642	12.1613467015113	-5.54732952703885	1.22363886349625	-4.53346954933148	5.80226342123294e-06	9.30144412611983e-05	5.23640255823054	down	102640623
Gm30173	4.41347507109205	-5.5396684092397	1.78096577934212	-3.1104855991596	0.00186780003083799	0.0125424131031345	2.7286696217635	down	102631981
Vmn2r53	4.4044358751537	-5.5386942448752	1.48454167998683	-3.73091191681754	0.000190787925274889	0.00193632429778771	3.71944911470753	down	637908
Vmn2r78	4.40817733950009	-5.53693170726449	1.57226306643436	-3.52163186013226	0.000428899305114928	0.00380101893608456	3.36764465738647	down	637896
Chrnb3	4.40751537305218	-5.53668051519751	1.56521106341326	-3.5373379633055	0.000404182109321859	0.0036243668718686	3.39342291396459	down	108043
Zfp819	4.39016233702833	-5.53106921064798	1.52008777841277	-3.63865119448784	0.000274069706958901	0.00261647441785764	3.56213896456133	down	74400
BB123696	4.36246607920348	-5.52374922434456	1.76819372151733	-3.12395025337185	0.00178440622640096	0.012079974395341	2.74850627002644	down	105404
Gm10610	4.36529333571905	-5.52153550168301	1.65624706289758	-3.33376319594684	0.000856795679771344	0.00664879010472392	3.0671227320177	down	100038384
A26c2	4.3378274122353	-5.51500521565568	1.46847236391973	-3.75560708608415	0.000172921802530316	0.00178430076117068	3.76215024604557	down	NA
Mroh2b	4.33504163808288	-5.51438034102394	1.50056455227305	-3.67487045636976	0.000237970126612917	0.00232800127481072	3.62347755832779	down	223825
Gm36667	4.321786521438	-5.51083129006366	1.66490832316701	-3.30999083455891	0.000932990262350054	0.00715119984049968	3.03012288897559	down	102640653
Acsm5	4.31825614251798	-5.50650516531118	1.60153865267952	-3.43825929901741	0.000585466778636709	0.00489661228500111	3.23249774322884	down	272428
Gm48975	4.30473899682951	-5.50343937778822	1.79817365653583	-3.06057168493424	0.00220914870375891	0.0143836588044852	2.65577504961145	down	NA
Gm29295	4.25849967842849	-5.48810804988952	1.65682301585648	-3.31242866459848	0.000924897098741027	0.00709843410586046	3.03390658286623	down	NA
Gm29020	4.24561280448546	-5.48701936980404	1.49490811786172	-3.67047265597337	0.000242102369438316	0.00235826385162125	3.6160009601289	down	NA
Vmn2r-ps69	7.09601229890081	-5.47631541298138	1.59181552485712	-3.44029526503892	0.000581079881849409	0.00486685485921304	3.23576416044668	down	670926
Defb39	4.21278841813187	-5.4734398205758	1.57570245338181	-3.47365063044014	0.000513429083812757	0.00440551042504297	3.28951953383045	down	360214
Gm6116	4.21372420129267	-5.47320552756349	1.48398958809235	-3.68816976310408	0.000225872936679159	0.00223258666578706	3.64613580163831	down	619945
Dsg1b	4.20458079170466	-5.47055315703612	1.50500200800552	-3.63491419143412	0.000278073174337526	0.00264716193729906	3.55584090541529	down	225256
Pi16	311.468010898155	5.46781394153287	0.397714311099607	13.7480945214553	5.22886074061754e-43	9.44613803795407e-40	42.2815929245094	up	74116
Cyp4f38-ps	4.18297814026319	-5.46394096947366	1.55715347748488	-3.5089289838655	0.000449915020448598	0.0039426321847893	3.34686950763672	down	100125875
Olfr15	4.18753126708755	-5.46234951422696	1.63046311741245	-3.3501828136387	0.000807582415244273	0.00634104748311994	3.09281314619883	down	NA
AI115009	4.18196171879133	-5.46165109142423	1.80799386365633	-3.02083497140806	0.00252078709199853	0.0158842728348767	2.59846383368687	down	99542
Gm40293	7.00516853923084	-5.4614816452072	1.57359367821396	-3.47070639696901	0.000519091239062408	0.0044411139342006	3.28475630084367	down	105244736
Gm30093	6.99673836611457	-5.45738440768061	1.42506650156883	-3.82956472674971	0.000128370116361425	0.00138610215298762	3.89153606512886	down	102631869
Gm45587	6.98534302812199	-5.45464485137218	1.37773418526294	-3.95914169055125	7.52196031781768e-05	0.00087408826355244	4.12366896203277	down	NA
Lce1h	4.15065790496359	-5.45362383430709	1.46322202343299	-3.72713350876983	0.000193669881119769	0.00196049015435249	3.71293791402816	down	67718
Gm31227	4.14839618889834	-5.45293147845102	1.64352396426105	-3.31782900464292	0.000907200041052448	0.00697629108189808	3.04229693879855	down	102633392
5430402P08Rik	4.13506243395101	-5.44569635766447	1.66165161782933	-3.27727924387566	0.00104812654870421	0.00788192507086721	2.97958627833898	down	71327
Slc28a2b	4.13293862624651	-5.44550689076189	1.79600397812913	-3.03201271103776	0.00242928973962169	0.0154194241986528	2.61452068411845	down	381417
Gm39556	4.12339127923693	-5.44268273565198	1.95272837404493	-2.78721956826891	0.00531624448685097	0.0287412527103349	2.27439505465769	down	105243761
Gm50417	3.79202809073074	5.4398837309048	1.58303958071235	3.43635358027935	0.000589600950405387	0.00492767911753399	3.22944182508882	up	NA
Ttc22	4.11478371540538	-5.43888767976904	1.6000287903009	-3.39924363407624	0.000675724947205286	0.00549875273219547	3.17023004698653	down	230576
Gm8835	4.10348480341039	-5.43804321771522	1.80270296945544	-3.01660523661196	0.00255622470378056	0.0160540449823711	2.59240097237489	down	108168341
Gm22327	3.79222485925385	5.43541932939523	1.55337896038225	3.49909421205093	0.000466841597421053	0.00406065737608645	3.33083045355737	up	115486032
Gm31912	4.09663280458149	-5.43349555042523	1.80031091680943	-3.01808732019169	0.00254375596881829	0.0160032437523969	2.59452455437545	down	102634291
Gm30400	6.88922803954	-5.43312246070452	1.41776644953459	-3.8321702862189	0.000127017768432703	0.00137339424108749	3.89613552162274	down	102632284
Gm15825	4.09412084714195	-5.43185254517376	1.51855832899359	-3.57697985086529	0.000347586954840079	0.00318621375270073	3.45893653126618	down	102635013
Cnpy1	4.08736327430202	-5.42998903198783	1.59833401876777	-3.39728052348786	0.000680591584925797	0.00553260414398835	3.16711342497704	down	269637
Vmn2r-ps133	4.0734559788699	-5.42516399817614	1.53343300079617	-3.53792046692575	0.000403291514785786	0.00361891370071191	3.39438091540988	down	638056
A930006I01Rik	4.06646607168024	-5.42105374357701	1.812929567922	-2.9902175128572	0.00278778853280355	0.0172066264633092	2.55474017265425	down	319854
Ace2	6.81522765539989	-5.41778442379998	1.29194790547606	-4.19350068283414	2.74682249641173e-05	0.00036281848328588	4.56116940440166	down	70008
Serpinf2	11.2957870388224	-5.41767561621436	1.20726072929417	-4.48757711135176	7.20377417603073e-06	0.000112487125348459	5.14243990990594	down	18816
Trim52	4.05852047429661	-5.4172741282203	1.62157707316503	-3.34074415448336	0.000835541794864844	0.00652133567710232	3.07803182126408	down	212085
Gm36594	4.05507273369628	-5.41719263439625	1.80656065644227	-2.99862205848351	0.002712034994603	0.0168275143588511	2.56670471087248	down	102640559
1700057G04Rik	4.04576172105366	-5.41643759704361	1.67662193121805	-3.23056587546164	0.00123545430928726	0.00902196655895872	2.9081733114447	down	NA
Gm567	52.4221049418992	-5.41642951384623	1.47134031588109	-3.68128940353455	0.000232057420816358	0.00228123421007625	3.63440453899645	down	229861
Slc34a1	4.0509610266394	-5.41611533762912	1.89045570897919	-2.86497869900042	0.00417037293954304	0.0236744521356462	2.37982510609496	down	20505
Gm3333	4.0283102590236	-5.40689223182061	1.56443393985149	-3.45613329785844	0.000547984257893042	0.00464935343085914	3.26123191744334	down	100041430
Kcnc4	4.02420255198397	-5.40677433697258	1.80929937216925	-2.98832488428388	0.00280511197464145	0.0172817562236239	2.55204979786655	down	99738
Gm36903	4.01639086294385	-5.40293098255111	1.57512165186343	-3.43016742621703	0.000603208923312689	0.0050128667954701	3.21953224254147	down	102640965
Slc5a4a	4.01148328109554	-5.40147338684468	1.57272135150345	-3.43447577772191	0.000593701129875013	0.00495841786455003	3.22643212456558	down	64452
2310016G11Rik	4.0068475159515	-5.39961002026123	1.52665643502273	-3.53688616272123	0.000404874135682507	0.00362888475797749	3.39267996610426	down	69578
Gm49231	3.98935657156691	-5.39392939546124	1.53224044263094	-3.52028914352343	0.000431076589132415	0.00381312003607336	3.3654455621303	down	NA
Gm5833	3.9826009987356	-5.39267739327959	1.84675142838349	-2.92008838352432	0.00349932126459762	0.0206175514046852	2.45601618411409	down	545363
Cyp4a31	3.98061509939185	-5.39209266730273	1.91447464835649	-2.81648684767472	0.00485520308589239	0.0267977542825341	2.31379259948661	down	666168
Gm12147	3.98767618363851	-5.39114513976563	1.70914704753082	-3.15428982401143	0.00160889219563423	0.0111295532295935	2.79347305497474	down	NA
Gm32052	3.96054280813691	-5.38993947612608	1.74776939290375	-3.08389624970558	0.00204308831438466	0.0135008241596296	2.68971286018059	down	102634476
Gm11541	3.97319156008677	-5.38883336223485	1.574782389383	-3.42195429575904	0.000621727636488055	0.00514491668179068	3.20639982732784	down	432589
Gm13417	3.96511005435101	-5.38665008055957	1.82919718577877	-2.94481651428205	0.00323146236717268	0.0193549843644607	2.49060089740011	down	100504544
1500015L24Rik	11.0909954333527	-5.38439956160319	1.30585422556801	-4.12327766467281	3.73518987503435e-05	0.000474937380699414	4.42768731631613	down	68994
Nlrp9c	3.96515153671416	-5.38429561431724	1.8454844690309	-2.9175513013906	0.0035279160954237	0.0207392013769776	2.45248175226125	down	330490
Klra13-ps	3.96727334441004	-5.38382957940289	1.66765976327742	-3.2283740952184	0.00124496048564922	0.00907727320877737	2.9048444326139	down	16631
Gm47216	3.9489845252254	-5.37867774657466	1.83839435599624	-2.92574753019186	0.00343629683538427	0.0203226973505413	2.46390932784391	down	NA
Gm50423	3.94699862588165	-5.37792402562235	1.82412552888206	-2.94822036119317	0.00319609150356305	0.0191969843890482	2.49538079540196	down	NA
Gm40518	3.92685781569677	-5.37046161796538	1.72466878692008	-3.11390897701348	0.00184626437596091	0.0124453268856033	2.73370611002735	down	105245003
Gm34237	3.90341117328954	-5.36291085169406	1.87294187145438	-2.86336214349762	0.00419171172355195	0.023784090318342	2.37760859271699	down	102637427
Cldn34a	3.89303425677743	-5.36191157393966	1.5989635615195	-3.35336695780873	0.000798347842441863	0.0062811387201833	3.09780784406489	down	635396
Skint4	10.6128918835957	-5.35084171645355	1.30389089857356	-4.10374957161469	4.06507484745153e-05	0.000511345917474018	4.39093145362811	down	320640
Gm33501	3.86326746128052	-5.34756692352486	1.51871562306943	-3.52111141960668	0.000429742004724496	0.00380561500036003	3.3667921945393	down	102636438
Gm48709	3.84480903903266	-5.34465261560929	1.80719081117952	-2.95743680332291	0.00310208330423688	0.0187281301799494	2.50834654369694	down	NA
Gm829	3.85027637368784	-5.34411845725571	1.82848554949753	-2.92270204635978	0.00347008401133716	0.0204658269729416	2.45966001073694	down	329839
Ccdc172	3.84577651689593	-5.34166284854823	1.51309774296677	-3.53028274173133	0.000415115789389015	0.0037096629808984	3.38183074743548	down	75645
Gm29489	3.822989840928	-5.33397477476045	1.51777619836699	-3.51433549985789	0.000440855627469403	0.00388498852199585	3.35570361111916	down	NA
Akr1cl	3.82143357368243	-5.33139951370723	1.86045794460475	-2.8656382850083	0.00416169464716826	0.023630899126873	2.38072978811161	down	70861
Vmn2r-ps117	3.81132268623115	-5.33030089876231	1.90394020150549	-2.79961570985659	0.005116347594975	0.0279111320018555	2.2910399580457	down	665303
G630018N14Rik	3.78857749262637	-5.3194774131831	1.82508470069985	-2.91464687153603	0.0035609121082358	0.0209111613760329	2.44843874561226	down	414126
Gm13497	10.4867558581253	-5.31660768771233	1.21418423371617	-4.37874874345894	1.19362649787219e-05	0.0001746561888008	4.92313154865832	down	329404
Ifi213	3.78023195783841	-5.31577596520867	1.65910982372726	-3.20399282144358	0.00135535856016819	0.00971926588871752	2.86794579696471	down	623121
Gm47328	3.77916805397754	-5.31549326325983	1.68067928189342	-3.16270529453514	0.00156310480506465	0.0109059763359903	2.80601190186866	down	NA
Gm37223	3.77652018818587	-5.31413995104609	1.60315455679794	-3.31480201239005	0.000917080539276387	0.00704535049555314	3.0375925223154	down	NA
Gm7631	3.75864109406624	-5.30773290492044	1.61339929794514	-3.28978257997291	0.00100264823853015	0.00759586899415502	2.9988514048262	down	665424
Gm9733	3.73544269302467	-5.30035013089518	1.86819356189182	-2.83715255154171	0.00455178580514614	0.025403680996639	2.34181818286777	down	NA
Cct8l1	3.44530470684863	5.29996783043189	1.84773038210748	2.86836644661698	0.00412597350034293	0.0234784536819646	2.38447356567256	up	242891
Gm44527	3.71464191640049	-5.29274362014667	1.87396408980781	-2.82435701352713	0.0047375581490948	0.0262781183588784	2.32444544643263	down	NA
Klri1	3.70802225192132	-5.29030649987692	1.87994567942693	-2.8140741287214	0.00489179465276511	0.0269680275634246	2.31053178202062	down	503550
Gm29418	6.21105173445658	-5.28293122493394	1.32394718699527	-3.99028849249168	6.59929761560178e-05	0.000780778360213641	4.18050228535223	down	102631830
Nlrp2	3.67794794500043	-5.27921317456754	1.53253736621111	-3.4447533162727	0.000571580773906113	0.00480614911392233	3.24292238787077	down	232827
Agr3	3.67556210825235	-5.27839149197719	1.55808473715817	-3.38774353287394	0.000704701250196224	0.00569900442867022	3.151994958029	down	403205
1700042D02Rik	3.66559491680525	-5.2778320156419	1.69352522066836	-3.11647677355461	0.00183026097680741	0.0123480836082511	2.73748697982894	down	73337
AA792892	3.67052840571259	-5.27658846903705	1.60205403520773	-3.29363951094999	0.000988992484100405	0.00750937228874814	3.00480700883368	down	NA
Gm11861	3.67440577841112	-5.27525212949047	1.87160949430922	-2.81856452723193	0.00482389140097064	0.0266686814992055	2.31660247791809	down	NA
Gm44593	10.0722276207765	-5.26994994034996	1.22929172832493	-4.2869807214362	1.81118004889085e-05	0.000250503907233226	4.7420383744496	down	NA
Gm32531	9.98229663613372	-5.26015372803762	1.29594187821826	-4.0589426242399	4.92954227978074e-05	0.00060494856709569	4.30719340416984	down	102635111
AC170598.1	3.63085980818216	-5.25652614280997	1.9190293147961	-2.73915885613686	0.00615966030389455	0.0321801243517614	2.21044323786999	down	NA
Gm17067	3.617837025887	-5.25326959433569	1.58050837196168	-3.32378473124789	0.000888047166128111	0.00685594598833619	3.05156396727862	down	101056115
Gm40663	3.6076395000988	-5.24942810343424	1.60484134311632	-3.27099505876435	0.001071697829481	0.00801810242923266	2.96992764886701	down	105245173
Gm11999	3.60617965885083	-5.24881263257741	1.54207715726237	-3.40372893007218	0.000664726844096375	0.00543184061712017	3.17735678247526	down	102631840
Ces2b	3.60740916575769	-5.24638129613269	1.72348401763968	-3.04405567004772	0.00233411943558768	0.0149644877380782	2.63187692511603	down	234669
4930412L05Rik	3.58007915062607	-5.23936008789125	1.60007626135496	-3.27444398397269	0.00105870126755643	0.0079463111458274	2.97522656695018	down	NA
Gm47039	10.0254973712038	-5.23478828783009	1.258740647238	-4.15875049345277	3.19993193043191e-05	0.000413823796179478	4.49485925997767	down	NA
Gm35520	3.57110334409267	-5.233795187659	1.9313781784252	-2.70987590422427	0.00673083860061683	0.0344687624368701	2.17193082330477	down	102639136
Gm15723	3.5647140139546	-5.23375605201761	1.83821697029758	-2.84719167355437	0.00441067969642795	0.0247929183031619	2.35549447954299	down	102633245
Mrgpra1	3.56977941119683	-5.23213315414961	1.6984122255747	-3.08060262129777	0.00206582152308354	0.0136356994012414	2.68490720212336	down	233221
Gm9195	5.99033447520054	-5.23182460952627	1.47372066827463	-3.55007887325857	0.000385115749907606	0.00347863207176159	3.41440871986573	down	675947
Gm28818	5.99922246568609	-5.23001382175011	1.63258621909342	-3.20351462029022	0.00135761146687134	0.00973244972511397	2.86722450246858	down	102632274
Glb1l3	9.77343005143157	-5.22981626019669	1.32161363843796	-3.95714459059146	7.58510218768128e-05	0.000880119194059757	4.12003856395475	down	70893
Gm17266	9.77387347120767	-5.22897098653031	1.32936650784093	-3.93343066467265	8.37420024770097e-05	0.000962643626124607	4.07705665827262	down	100503964
Gm29992	3.56050988091737	-5.2283379923337	1.66090790461717	-3.14787952890068	0.00164459457032835	0.0113032787486571	2.78394114790899	down	102631723
Gm49978	3.55361439971669	-5.22684436829531	1.85426356010962	-2.81882493985176	0.00481997976364794	0.0266578761533142	2.3169547851127	down	NA
Cyp2c54	3.5469927352289	-5.22312489095216	1.62651511521514	-3.21123661384561	0.00132165063330926	0.00952115494578769	2.87888333159634	down	404195
Gm47020	3.53904713784527	-5.22125736278121	1.88447566503751	-2.77066849928109	0.00559413477121614	0.029906272502165	2.25226707502376	down	NA
Gm34639	3.53625936368423	-5.21947754370438	1.70004651089412	-3.07019690947118	0.00213917684789268	0.0140018306222853	2.66975331038448	down	102637956
Slc26a10	924.287630993952	5.21938776595879	0.584179502685615	8.93456162354893	4.08795757062361e-19	5.36344600816176e-17	18.3884936204418	up	216441
Gm29904	9.82665216706161	-5.21052518476211	1.33117864617851	-3.9142193271506	9.06971678572979e-05	0.00103049007601773	4.04240627416539	down	102631607
Gm12873	3.51175081742475	-5.21036012827111	1.72680426767164	-3.01734262870255	0.00255001407132522	0.0160334921951323	2.59345742306329	down	102632555
Sult2a5	5.90976577322419	-5.20900585909761	1.7201495972331	-3.02822839796981	0.00245992090304935	0.0155801624617352	2.60907885709234	down	434264
Gm21655	3.49475223642485	-5.20700580795617	1.8440251220852	-2.82371739169592	0.00474702212724892	0.0263119694733163	2.3235787439042	down	100862339
Bsph1	3.49783173432333	-5.20541305919444	1.88683575880123	-2.75880560081266	0.00580130341352273	0.0307686564287672	2.23647441993617	down	330470
Gm48215	3.49518386853166	-5.20434214885729	1.86381266991295	-2.79230967407275	0.00523332446551686	0.0283975566249223	2.2812223382175	down	NA
Gm49898	3.49531977688379	-5.20349009715664	1.56637331963265	-3.32199867805268	0.000893751172996092	0.00689771485304411	3.04878337520441	down	NA
Olfr1338	3.49267191109212	-5.20249774325858	1.56633666556438	-3.32144286578647	0.000895533152664807	0.00690692810848374	3.04791833192229	down	NA
Olfr753-ps1	3.46931369464801	-5.19693974704452	1.88002322469539	-2.76429550378909	0.00570458516440793	0.0303516498835796	2.24377593185208	down	NA
Gm37068	3.47438109189886	-5.19599118584994	1.68332309407724	-3.08674621297123	0.00202360283845057	0.0133909024122321	2.69387472009043	down	NA
Glyat	3.47107325966789	-5.19497253744875	1.90584530162294	-2.72581018670556	0.00641438741442878	0.0332836695598453	2.19284481321526	down	107146
Sgo2b	3.4690833603069	-5.19383999289046	1.63673841771494	-3.17328654149978	0.0015072368873608	0.0105916990723125	2.82181848571547	down	244495
Ccr6	3.45650199777923	-5.18884207402318	1.55789330581677	-3.3306787150631	0.00086634531593374	0.00671267560036419	3.06230896836073	down	12458
Mep1a	3.45031396540686	-5.18408231427412	1.94252788611337	-2.66872993244204	0.00761386440481822	0.0380045920397781	2.11839486179583	down	17287
Gm8579	3.44964999895032	-5.18228756754944	1.66723097518078	-3.10832010962819	0.0018815415110619	0.0126179332916301	2.72548619571975	down	667335
Gm26651	3.43239138891546	-5.17975517143722	1.59150357948728	-3.25462992241962	0.00113540213349968	0.00842493494636331	2.94485029404026	down	102635721
Olfr1030	3.44156649320594	-5.17944227970027	1.70581460890743	-3.03634536405904	0.0023946490431197	0.0152448719917772	2.62075812726199	down	NA
4930445N06Rik	3.43679481970977	-5.17855239875416	1.89456492649827	-2.73337288489009	0.00626893160111593	0.0326370779543799	2.20280646862331	down	105246011
Plg	3.43679481970977	-5.17855239875416	1.89456492649827	-2.73337288489009	0.00626893160111593	0.0326370779543799	2.20280646862331	down	18815
Gm15721	5.78027986595467	-5.17803555987521	1.36328888171897	-3.79819393329624	0.000145754265531358	0.00154399590708342	3.83637872665729	down	NA
Gm50329	3.43494682872677	-5.17793298882997	1.94332169328528	-2.66447547347471	0.00771084890259422	0.0383420043356818	2.11289780697919	down	NA
Hoxc5	3.42695574896275	-5.17776764336436	1.55267640578459	-3.33473711848412	0.000853800726103169	0.0066285983644737	3.0686434801921	down	15424
Clec2e	3.43759469451844	-5.177587855779	1.66064683262024	-3.11781394699653	0.00182197781305102	0.0122992667259279	2.73945691590758	down	232409
Gm13465	3.43282302102226	-5.17689210482617	1.87345678520644	-2.76328343717612	0.00572230513849593	0.0304275687388188	2.24242898742001	down	100041337
Gm37799	3.42099605092287	-5.17545721293439	1.54647350785952	-3.34661873393341	0.000818036380258144	0.00640172755426942	3.08722738166605	down	NA
Gm48023	3.42964709712619	-5.17449978258287	1.67643242774963	-3.0866139886884	0.00202450308304967	0.0133930858888512	2.69368155752217	down	NA
Abhd12b	9.37602108295327	-5.17302429570172	1.46838850121876	-3.52292618159847	0.000426810219290639	0.00378679183983402	3.3697651906337	down	100504285
Ace3	3.40923447023705	-5.16766580629239	1.9221459002944	-2.68848780183694	0.00717764580565083	0.0362435721630606	2.14401797654704	down	217246
Gm48868	3.14205941342215	5.16497696403311	1.96955324496372	2.62241042593812	0.00873102156502462	0.0422779466916708	2.05893493910118	up	NA
Gm48821	3.39599314127008	-5.16165926258687	1.70639786472341	-3.02488614718439	0.00248726738063145	0.0157109936616809	2.60427752567054	down	NA
Gm36543	9.34332015916407	-5.16124198051727	1.23624376845622	-4.1749387234222	2.98066272877446e-05	0.000389976959249405	4.52568716295392	down	102640498
Gm39204	9.31981278547895	-5.16056853583578	1.35173182070119	-3.81774584041293	0.000134676561343436	0.00144423700600484	3.87070798085416	down	105243226
Btla	3.3906934096695	-5.15893865687977	1.59097177147108	-3.24263368426053	0.0011843037292083	0.00869983518312699	2.92653690318488	down	208154
Umodl1	5.72388532642628	-5.15805846584634	1.39197147393065	-3.70557770934847	0.000210909451241604	0.0021050609699996	3.67590395828751	down	52020
Gm30371	3.38247399557299	-5.15611528059169	1.63431954240276	-3.15490034036504	0.00160552937935741	0.0111161136421606	2.79438174293082	down	102632238
Sult3a1	3.37770232207682	-5.15493340008509	1.88258292572076	-2.738223814556	0.00617720207169772	0.0322482884743396	2.20920819157345	down	57430
Gm45554	3.38251747794476	-5.15431192394594	1.97821676843951	-2.60553444201762	0.00917310504775343	0.0439743564087547	2.03748363304877	down	NA
9130015L21Rik	3.37055459949323	-5.15107065434289	1.56405902826668	-3.29339913727643	0.000989838487913307	0.00751336680305237	3.00443566351395	down	71613
Wnt9b	53.0252202515819	5.14850385761043	1.23400065810968	4.17220511494477	3.01665882394691e-05	0.000394027989323655	4.52047380459325	up	22412
4930566F21Rik	3.34670401966443	-5.14197630749208	1.62697365380615	-3.16045456265559	0.00157523172107428	0.0109478017014415	2.80265555121935	down	75844
Fsip2l	3.34246819192472	-5.14020837346329	1.62952504537044	-3.1544212149834	0.00160816792729475	0.0111295532295935	2.79366860354179	down	209005
Fbxw22	3.34073453396388	-5.14004004963685	1.96841688477448	-2.61125582156635	0.00902103835138022	0.0433515624477521	2.04474347084822	down	382156
Igll1	3.33345290303679	-5.13705070600388	1.96199946531376	-2.61827324462719	0.00883760063558923	0.0426884103099163	2.05366562776565	down	16136
AC119987.1	3.33415635184785	-5.13424386363893	1.90130983359417	-2.70037201350467	0.0069261980419196	0.0351929383415149	2.15950509475548	down	NA
Platr6	3.31534147456743	-5.12647694325849	1.88477128170005	-2.71994644285669	0.00652924905039707	0.0336713688951636	2.18513676543593	down	628133
Vmn2r65	3.30461010303138	-5.12207961880164	1.88704675189335	-2.71433636377184	0.00664086996178028	0.0341495141345325	2.1777750238169	down	100009609
Gm2990	3.29983642952659	-5.12026373959213	1.92976089034336	-2.65331511547066	0.00797054221532111	0.0393417788833157	2.09851213367137	down	NA
Gm28756	3.296526597287	-5.1187303219481	1.87885067487823	-2.72439443452836	0.00644195206361594	0.0333677203824483	2.19098251121216	down	NA
Gm43266	3.02526501091929	5.11404342354105	1.72049624629757	2.97242347058079	0.00295458857644834	0.0180089573625459	2.52950298565178	up	NA
Cyp2b10	3.27704975355865	-5.11069868949714	1.87981816101108	-2.71871971209614	0.0065535115236665	0.0337594249031164	2.18352593257253	down	13088
Gm11292	3.27122596387091	-5.1071212395557	1.6104748442953	-3.17118970075588	0.00151815966218054	0.0106461569621708	2.8186825520521	down	193453
5033426E14Rik	3.26778022327919	-5.10633986696373	1.7176992139245	-2.97277883436707	0.00295117017886767	0.0179927911865803	2.53000574623973	down	76005
Abcc2	9.00248194321851	-5.10625433768056	1.30838078544532	-3.90272800891264	9.51145669443323e-05	0.00107289414250127	4.02175296509127	down	12780
4930402F11Rik	3.26565441556607	-5.10539869508829	1.69028635119911	-3.02043419534593	0.00252412550278509	0.0158967786089857	2.59788905520763	down	73796
Gm43647	3.25955880917406	-5.10349126366192	1.90038899219245	-2.68549822411573	0.0072421759625787	0.0364983910903778	2.14013092737201	down	NA
Gm29133	3.23743409965404	-5.09426361701396	1.91182390898283	-2.66460922110987	0.00770778321955386	0.0383348769401149	2.11307050832321	down	NA
Lrrc74a	3.22603876166146	-5.08926901853097	1.68415008398538	-3.02186192722664	0.00251225111373477	0.0158389845385399	2.5999369525707	down	627607
Gm32172	3.22485073711775	-5.08851285038468	1.59193103788006	-3.19644050483552	0.00139134516909807	0.00992580233787001	2.8565651155589	down	102634635
Apln	111.547740225309	-5.08523008568303	0.408607613553083	-12.4452651321496	1.48390804344026e-35	1.16165268000648e-32	34.8285930110946	down	30878
Vmn2r52	3.21610526492546	-5.08502608066059	1.6219760493423	-3.13508086800821	0.00171806743033799	0.0117054869746121	2.76495979507461	down	384534
Gm47408	3.20961172113774	-5.08255758185416	1.77091664184631	-2.87001514456109	0.00410452139726178	0.0233740749308179	2.38673747597355	down	NA
Tmprss12	3.19699666389897	-5.07988796426967	1.96093391740726	-2.59054520867602	0.00958240343831987	0.0455183545204171	2.01852554842802	down	75002
4930556G22Rik	3.19729238765365	-5.07745127582642	1.63527669979036	-3.10494931926649	0.00190311630407481	0.0127407885978326	2.72053467010789	down	78207
Ifi208	3.19587402876883	-5.07344385530149	1.91111139700614	-2.65470859691869	0.00793769456537134	0.0392224638936984	2.10030561632907	down	100033459
Gm39149	3.19388812942508	-5.07280958129333	1.96902623132386	-2.57630370819523	0.00998628884108511	0.0469055986865768	2.00059587666712	down	105243150
Gm21996	2.93977697858636	5.07073111258879	1.98438211254681	2.555319905641	0.0106090244701387	0.0492105351928119	1.97432454887093	up	100504642
Gm20465	3.19256219652063	-5.07070814008866	1.67525126532861	-3.02683438898583	0.00247129314165411	0.0156395363599425	2.60707573608241	down	102632070
Zswim2	3.18178934262143	-5.07066504717719	1.97047723671934	-2.57331825645414	0.0100728534701801	0.0472177572349661	1.9968474836859	down	71861
Ms4a13	3.17715157746877	-5.06907900966882	1.66868986777091	-3.03775980640444	0.00238343848795003	0.0151940968755447	2.6227960519134	down	73466
Vmn2r56	5.37611935307824	-5.06833784811376	1.36136301326016	-3.722987769424	0.000196879062580635	0.00198783524707919	3.70580046714875	down	629079
Gm47144	3.18169291662383	-5.06761133126452	1.97221488341991	-2.56950263070576	0.0101844618539576	0.0476078994108665	1.99206191413866	down	NA
Gm37356	2.93096245391551	5.066817009863	1.92049334061384	2.63828928885716	0.00833254656219882	0.0407595123329246	2.07922225082681	up	NA
Grm6	3.1824927914325	-5.06646485959851	1.66454354240616	-3.04375627943906	0.00233644340340509	0.0149676413881529	2.63144473459968	down	108072
Gm18112	3.17984492564083	-5.06572230697768	1.72305789099447	-2.93996059764074	0.0032825398693774	0.0195859880163435	2.48378999031222	down	100416440
Gm48775	3.17772111793632	-5.06565693467028	1.89563970141076	-2.67226780009954	0.00753404958368347	0.0376542146143448	2.12297152591013	down	NA
1700016L21Rik	3.17705915148841	-5.0653784773287	1.89720523328143	-2.66991593132365	0.00758702403245165	0.0378867232409371	2.11992854027433	down	72208
1700016P03Rik	3.1676180181371	-5.06515701227975	1.60204150863156	-3.16168899806244	0.00156856991385425	0.0109278743479285	2.8044961192841	down	118567915
H2-Ob	3.17507125213603	-5.06356718800623	1.69227816073818	-2.99216009843055	0.00277010949211734	0.0171245120880168	2.55750306455195	down	15002
Gm31415	3.15758230776006	-5.05704438424155	1.8967528850326	-2.66615879387717	0.00767234439909931	0.0382152721554289	2.11507191062475	down	102633632
Gm15262	8.8524269294758	-5.05228688167679	1.43616180903246	-3.51790922854335	0.000434961118504718	0.00384313840033232	3.36154956321445	down	NA
A730032A03Rik	3.14698684457614	-5.05143430457531	1.62257043775034	-3.11322959364341	0.00185051998354732	0.012459708088764	2.73270622064859	down	102639814
Cd300c	3.14698684457614	-5.05143430457531	1.62257043775034	-3.11322959364341	0.00185051998354732	0.012459708088764	2.73270622064859	down	387565
4933406K04Rik	3.1286980253915	-5.04463361014781	1.91318992070598	-2.63676572594858	0.00837006154659376	0.040876598859777	2.07727134854822	down	71033
Ms4a19	3.12817196729571	-5.0435583263263	1.60107866655245	-3.15010026158579	0.00163214440056944	0.0112308559177771	2.78724142058446	down	69416
Ceacam20	3.12061451964712	-5.04115140286028	1.92899316355284	-2.61335887452055	0.00896571028905117	0.0431917345924855	2.04741529869566	down	71601
4933428C19Rik	3.11399285515933	-5.0378884937572	1.66058903210175	-3.03379607860045	0.00241497608507882	0.0153576261462432	2.61708716560387	down	71293
5330416C01Rik	3.10230179341207	-5.0371385741317	1.7323808751149	-2.90763921865486	0.00364168206924382	0.0212589866756627	2.43869797221493	down	403201
Gapt	3.09554422057214	-5.03335688473567	1.90936761532054	-2.636138187507	0.00838555742711122	0.0409257722725908	2.07646806251861	down	238875
4930584F24Rik	3.09985522538609	-5.02882364300051	1.96006296142526	-2.56564393183768	0.010298448484362	0.0480451058115298	1.98722819912342	down	75942
Dclk3	21.420776576812	-5.02768576602393	0.818680505222322	-6.14120616522877	8.18972065318856e-10	3.08724862825254e-08	9.08673091152991	down	245038
Gm47232	3.0743752012461	-5.0210271922326	1.71996665671424	-2.91925844761699	0.00350865197276572	0.0206518024011035	2.4548597078186	down	NA
Gm30414	3.084488088706	-5.02063021280156	1.72010167096999	-2.9187985207702	0.003513832529437	0.0206719331046663	2.45421894098374	down	102632303
Olfr61	3.06832307722586	-5.01474025285348	1.9196543529116	-2.61231416231128	0.00899315705390364	0.0432529783761882	2.04608782212661	down	NA
Ugt2b37	3.0609015379294	-5.01148200966935	1.92547881287333	-2.60271989292412	0.00924874833873173	0.0443098438872123	2.03391703767861	down	112417
Gm17094	3.05825367213773	-5.01027690436768	1.91813003636892	-2.61206321227955	0.00899976119992048	0.04327443356364	2.04576901399764	down	102637035
Gm9947	3.05759170568981	-5.01000815160471	1.92568259500239	-2.60167909530204	0.00927686129217534	0.0444354655204442	2.03259893693419	down	105243866
Gm16553	3.05441578179374	-5.0074991844815	1.72067298632148	-2.91019805871814	0.00361199783134837	0.0211329768483349	2.44225251910984	down	102632602
Gm15564	3.04633227604936	-5.00486846863168	1.93259473991737	-2.589714421372	0.0096055581061062	0.045596646541939	2.01747739651175	down	102639045
Gm39129	3.04222456900972	-5.00226157397521	1.70313200455591	-2.93709563357043	0.00331301919494644	0.0197277524830926	2.47977604789855	down	105243118
Clgn	5.14494924963151	-5.00129291017458	1.69627414819841	-2.94839894570485	0.00319424553206662	0.0191908048914261	2.49563170400115	down	12745
Gm48387	8.33932633845515	-4.99893072430064	1.45581371844987	-3.43377086020553	0.000595247156518485	0.00496426827799596	3.22530267053254	down	NA
Gm31557	3.02605755752097	-4.99508973890305	1.66492954653234	-3.00018084807652	0.00269819351551325	0.0167704265965979	2.56892690577393	down	102633826
Gm13026	3.02062391757688	-4.99352267467382	1.92049211511099	-2.60012662139216	0.00931893682465249	0.0445915304252167	2.0306336324448	down	NA
Gm364	5.11919915370316	-4.99302255192443	1.42186742149587	-3.51159501683464	0.000445426203361573	0.00391644866564827	3.35122423804153	down	NA
Prr30	7.89030791608671	4.99271028324719	1.42831668405688	3.49552052354824	0.000473138064826502	0.00410933707561035	3.32501211075698	up	76627
Olfr970	3.01863801823312	-4.99264125105599	1.92723056650377	-2.59057807500078	0.00958148845330635	0.0455183545204171	2.01856701943453	down	NA
Gm47872	8.53189722317281	-4.99225321027357	1.31339825684207	-3.80102012795185	0.000144101594531579	0.00153340550411153	3.84133121354802	down	NA
Gm45350	3.01665011888075	-4.99103187901215	1.66819279930124	-2.99187952441873	0.00277265659081146	0.0171357473776861	2.55710391691734	down	NA
BB019430	3.01215226209746	-4.98954617043674	1.92083153906546	-2.59759696202421	0.0093878611253398	0.0448299956341206	2.02743334354561	down	103505
1700028M03Rik	5.0656240354258	-4.98913698676456	1.76905855382472	-2.82022151046272	0.00479905091447341	0.0265627411563535	2.31884464249151	down	69460
Gm50476	3.00698065119695	-4.9866854672864	1.63539256189322	-3.04922841370487	0.00229429970511556	0.0147782854017112	2.63934985069976	down	NA
Dnajc25	2.99478743840432	-4.98169240919939	1.74549695280189	-2.85402526839289	0.00431690975694773	0.0243766832512425	2.36482702997919	down	72429
Gm10717	71.7581321151714	-4.97974726432676	1.04803717073511	-4.75149870956763	2.01914448266873e-06	3.63926386611474e-05	5.69483260340371	down	NA
Olfr718-ps1	2.98445600427261	-4.97703528167768	1.69267897527666	-2.94033030147622	0.00327862538624217	0.0195771610522567	2.48430820272133	down	NA
Gm5724	8.40339994628684	-4.97588234921307	1.3954904248984	-3.56568720245812	0.00036290400708299	0.00330597385816292	3.44020823641663	down	NA
Cidec	2.97729649401973	-4.97396978196147	1.8106443763026	-2.74707162105377	0.00601300021194833	0.0316059332984795	2.22090878084634	down	14311
Nr2e1	2.97173673338418	-4.97136821752608	1.63403877849878	-3.04238080695573	0.00234714752426619	0.0150239192170596	2.62945961301698	down	21907
Gnrhr	2.96979231640358	-4.96587051033678	1.78591783959743	-2.78057052806871	0.00542634713044017	0.0292355499789831	2.26549242730636	down	14715
AU016765	2.96024896941124	-4.96256985953742	1.94494006796848	-2.55152842047256	0.0107251576415191	0.0495827415769836	1.96959631570839	down	100043582
Gm2861	2.94855012001192	-4.9610455430208	1.7632898006217	-2.81351683726159	0.00490028198390091	0.0270012843258222	2.30977892802689	down	100040598
Gm50207	8.22969397317284	-4.9591696748842	1.2781932851585	-3.87982766962294	0.000104530497859349	0.00116401078341717	3.98075698113526	down	NA
D230030E09Rik	2.95190343462328	-4.9577408119577	1.7587735202466	-2.81886255102509	0.00481941504645321	0.0266578761533142	2.31700567078895	down	100384890
Wnt8b	2.94752969852282	-4.95567496344974	1.74828729733107	-2.83458844036393	0.00458847554029699	0.0255598548538602	2.33833157903916	down	22423
AY512915	8.10944989171106	-4.95512176325752	1.3398845424345	-3.69817070525667	0.000217158833967991	0.00216375698588811	3.66322249894962	down	414067
Sult1c1	2.94488183273115	-4.9542096098562	1.70842101953962	-2.8998762911447	0.00373309962692038	0.0217224590530786	2.42793041970552	down	20888
Ppp1r14d	2.94011015923498	-4.95327745849784	1.93619260704874	-2.55825657037702	0.0105198444198708	0.0488837645826408	1.97799068300464	down	72112
Gm5862	2.92960712203142	-4.95250075853057	1.68594767739687	-2.93751747158447	0.00330851528813989	0.0197059298863721	2.4803668542078	down	545739
4930459C07Rik	2.9341504611951	-4.94945234752449	1.71737220921748	-2.88199163871395	0.00395170219515325	0.0226908865655683	2.40321579178555	down	74881
Gm27207	2.92192355369137	-4.94902938387186	1.6886398561482	-2.9307784995438	0.0033811376959123	0.0200437662520193	2.47093714234952	down	NA
Nctc1	2.93216256184273	-4.94843429353061	1.7086578864577	-2.89609425780924	0.00377838892660592	0.0219262327505165	2.42269334022434	down	330677
Spata4	2.91490395180786	-4.94585524212531	1.70559576907006	-2.89978160817199	0.00373422739312148	0.0217236389218375	2.42779923952808	down	69281
1810053B23Rik	4.93233859065907	-4.94451365916035	1.48099787056928	-3.33863657566215	0.000841906320796828	0.00655680784702437	3.07473622990701	down	69857
Gm49960	2.89718267308216	-4.93262123142708	1.67603147154238	-2.94303616320987	0.00325010450273162	0.0194418502920663	2.48810267464265	down	NA
4930434J06Rik	4.88888704641908	-4.93240525786414	1.40426308638062	-3.51245098279771	0.000443993895789666	0.00390719597146024	3.35262300070315	down	74667
Gm37312	2.88578933509819	-4.9275056935819	1.68583180495885	-2.92289282898076	0.00346795858821718	0.0204635697096182	2.45992609718664	down	NA
Cyp2b23	2.88380343575444	-4.9267091934802	1.73098810536647	-2.84618315874397	0.00442467369226201	0.0248401254639452	2.35411875183065	down	243881
Hs3st2	4.89674482775486	-4.92665495461905	1.47957306411377	-3.32978145798429	0.000869141722407497	0.00672990219279263	3.06090940163977	down	195646
Cyp2c39	8.13853806747484	-4.92036473528312	1.39972006184491	-3.51524913402884	0.000439341625028323	0.00387600979105566	3.35719764794407	down	13098
Dmrt1	15.9992898659017	-4.91494176099806	1.0211680936505	-4.81305848817501	1.48637764374059e-06	2.77705481012314e-05	5.8278708354233	down	50796
Gm50337	2.85293125403351	-4.9124943717452	1.64744132945137	-2.98189336635202	0.00286471759651975	0.0175771081678953	2.54291818427885	down	NA
Defb50	2.85160732113768	-4.91188965307053	1.65504546997048	-2.96782761694042	0.00299912478134674	0.0182236598939012	2.52300546464295	down	387334
Vmn2r93	8.04963337403511	-4.91055536299593	1.55753076835741	-3.15278225172699	0.00161722392132661	0.0111608885666633	2.79122984338133	down	627132
Gm15208	8.08965750751764	-4.90879968435479	1.45024228743212	-3.38481350798741	0.000712266289011793	0.00575028318922034	3.1473576099761	down	NA
Vmn1r42	2.85389873189678	-4.90816189558514	1.79966123356838	-2.72726989059668	0.0063860781870521	0.0331514248945443	2.19476576854048	down	113848
Gm3776	40.3343270996112	4.90753701494167	0.811711196945207	6.04591514002849	1.48564281412948e-09	5.27044131266329e-08	8.8280855933338	up	NA
Gm31447	2.84233579084959	-4.90750951137208	1.63353590801776	-3.00422506005831	0.00266258286313743	0.016604025103766	2.57469686751814	down	102633682
P2ry10	2.83888805024926	-4.90605164248764	1.63358911890813	-3.00323477042182	0.00267126276077557	0.0166404790283327	2.57328339017325	down	78826
Foxn1	7.79454058091842	-4.89735127654474	1.41820125796886	-3.45321318044711	0.000553951041611332	0.00468643379403535	3.25652861667518	down	15218
Gm34184	8.00248060232479	-4.89620359221545	1.35512121545966	-3.61311116404789	0.000302544917835146	0.00284210695814336	3.51921013797099	down	102637349
Gm31946	2.81623728263345	-4.89524595055746	1.7452901179109	-2.80483221690215	0.00503427779085217	0.0275602984783466	2.29806282380839	down	102634341
Gm11959	2.8210406508321	-4.89228720392027	1.73960825604674	-2.81229247269612	0.00491897537504133	0.0270860812855441	2.30812535156355	down	102638292
5730412P04Rik	2.81931678053193	-4.89165144631117	1.75951854480989	-2.78010792255657	0.00543408355988225	0.029250390191115	2.26487368772218	down	70491
Slc22a29	7.78059180312314	-4.89150961435084	1.30861267572484	-3.73793537621163	0.000185537618874644	0.00188875204996577	3.73156802128731	down	236293
Mep1b	2.8033821033929	-4.88959224642685	1.67978195566778	-2.91084936942488	0.00360447741547475	0.0211047499632073	2.44315769128494	down	17288
Gm28342	7.90914060491467	-4.88385995447739	1.42236994086804	-3.43360739998265	0.000595606192673181	0.00496549926692569	3.2250407954232	down	NA
Gm36814	11.5754101455904	-4.88354203850865	1.1334117810253	-4.30870943840986	1.64209930609993e-05	0.000230926360501538	4.78460058242541	down	102640843
Mir124a-1hg	2.78933889960865	-4.88296963475486	1.68736329375641	-2.89384606908473	0.00380554672497263	0.0220348286084769	2.41958294136857	down	268755
Pitx3	2.79613016715966	-4.88072634552717	1.74898903480174	-2.79059859633736	0.00526106736927455	0.0284822884203349	2.27892613691851	down	18742
Vmn2r17	2.79454220521163	-4.87968064897438	1.71355334023469	-2.84769696653041	0.00440368342358162	0.0247654466481835	2.35618390957617	down	384221
Iqca	7.69641175750909	-4.87578166495294	1.36946146311276	-3.56036427185792	0.000370340694780305	0.00336198346227888	3.43139856300465	down	NA
Zap70	11.8406631684958	-4.8750382085801	1.03605182453292	-4.70539995504366	2.53368734065572e-06	4.47395843573682e-05	5.59624697848401	down	22637
Olfr558	4.33319364968137	4.86935566998216	1.8175808055117	2.67903119091936	0.00738355156505604	0.0370756272194443	2.13173468775891	up	NA
Gm49116	2.76963172153919	-4.86800316811106	1.69825279453781	-2.86647734881892	0.00415067861244848	0.0235797501725575	2.38188089279439	down	NA
2410012E07Rik	2.76896975509127	-4.8676768475756	1.69420016356149	-2.87314152853281	0.00406412006092858	0.0232002575670656	2.39103347074663	down	73648
Olfr750	2.76896975509127	-4.8676768475756	1.69420016356149	-2.87314152853281	0.00406412006092858	0.0232002575670656	2.39103347074663	down	NA
1700062C10Rik	2.76367202349931	-4.86495533723597	1.64893862115049	-2.95035562563366	0.00317408350290579	0.0190843192692633	2.49838165213247	down	73440
Wnt3a	7.8260859489609	-4.86230074593585	1.33550640001082	-3.64079179695169	0.000271800870116219	0.00260221909281672	3.56574915729422	down	22416
Gm7046	2.75585254680714	-4.86166270675908	1.76883619582295	-2.74850928437565	0.00598669393949966	0.031531174516517	2.2228129439228	down	630894
Olfr1322	2.75412667649835	-4.86091897498784	1.85410396240226	-2.62170788346184	0.00874903859691495	0.0423477270091813	2.05803966754849	down	NA
Plac8	185.499399554406	-4.86014223986694	0.432524231774105	-11.2366935372196	2.69280106483352e-29	1.12929344656456e-26	28.5697957296321	down	231507
9130227L01Rik	4.66694673580456	-4.86000683218881	1.51135470284277	-3.21566262575384	0.00130143732446041	0.00941887690753549	2.88557674211211	down	329159
Gm11986	2.75081684425876	-4.85916046062747	1.72089280978087	-2.82362761527616	0.00474835184646054	0.0263131295691661	2.3234571078904	down	NA
Otc	2.74949291136293	-4.85851515436954	1.71130104954982	-2.83907682733417	0.00452442621247639	0.0253048031590543	2.34443649017279	down	18416
4933409F18Rik	2.74816897846709	-4.85788629431554	1.71461910750041	-2.83321600293923	0.0046082235335426	0.0256576884033305	2.33646646252115	down	74668
Gm44788	7.75173989314849	-4.85660006557915	1.32013486233691	-3.67886660987193	0.000234272750440164	0.00229916236693993	3.63027822365956	down	118567329
Nlrp9a	2.74754849438233	-4.85285741150236	1.85408681299131	-2.61738413622226	0.008860656369134	0.0427733843430857	2.0525341057727	down	233001
Gm6249	4.63198676386367	-4.85041496393516	1.50195050771022	-3.22941064904317	0.001240456363756	0.0090528644197668	2.90641850854881	down	621677
4930477G07Rik	2.72551621084267	-4.84685250365295	1.66730858136851	-2.90699187769711	0.00364922672953959	0.0212977360196912	2.43779915271402	down	78168
C330019F10Rik	7.54024834030182	-4.84501925177996	1.35791928805997	-3.56797292326699	0.000359753669688305	0.00328236788369458	3.44399476732255	down	442849
Rhoh	7.68527525654617	-4.83609548285226	1.39370930929643	-3.46994559812018	0.000520563790616495	0.00445209053992294	3.28352604383791	down	74734
Kcnj1	4.58215766736842	-4.8358211456191	1.72109900599039	-2.80972862617881	0.00495832885231395	0.0272317785728957	2.30466467280638	down	56379
Gm45030	7.63690821249394	-4.83396243965578	1.35467560531127	-3.56835423971855	0.000359230608769317	0.00328014418621595	3.44462666573173	down	NA
Car6	352.778521531224	4.83218800988261	0.362622437066839	13.3256729753651	1.64145897752083e-40	2.26762729923981e-37	39.7847699664582	up	12353
A630031M04Rik	15.2381003631468	-4.82654639703817	1.10801370376316	-4.35603493047578	1.32439650573421e-05	0.000190818723540908	4.87798197375382	down	115486416
Ankrd22	7.43079902956753	-4.82569190739955	1.36959512691441	-3.52344412780692	0.000425976898534938	0.00378511822250966	3.37061395280067	down	52024
Gm49763	4.54082393080708	-4.82278381080465	1.57968519647427	-3.05300310566227	0.00226563593532737	0.0146822461206301	2.64480987557639	down	NA
Tmprss2	18.4806479192667	-4.81923686458151	0.858858847921488	-5.6112094277709	2.00917431046239e-08	5.66452085008514e-07	7.696982383417	down	50528
Cyp3a11	2.67308886006928	-4.81552190489621	1.7319617210162	-2.78038587485108	0.00542943400376378	0.0292358969063369	2.26524544147082	down	13112
Gm46614	7.581128046538	-4.81395704568311	1.37712086642927	-3.49566778271625	0.000472877052201735	0.00410858955640316	3.32525176093482	down	108168369
Slc7a12	2.65215017508435	-4.80534883071402	1.73268455784105	-2.77335468188252	0.00554816137504037	0.0296875301646897	2.25585091543035	down	140918
Gm14266	7.29308424694745	-4.80412046803082	1.57498552857319	-3.05026324424895	0.00228640867115036	0.0147469995583483	2.64084614149852	down	NA
Gm12802	2.64685444350101	-4.80285148892155	1.78443907026116	-2.69151890303469	0.00711274673650833	0.0359851049347044	2.14796265494549	down	100034661
Ugt3a2	2.63956881255668	-4.79882890068451	1.68867503144553	-2.84177169160643	0.00448636069122113	0.0251341080232176	2.34810581325196	down	105887
Gm29682	2.63532119714768	-4.79723839994866	1.86492808418118	-2.57234498243666	0.0101012181091289	0.0473128043373499	1.99562625134859	down	546096
Wnt6	2.62803956622058	-4.79344359040789	1.75679120632506	-2.72852207658476	0.00636188316496935	0.0330477385820184	2.19641431090848	down	22420
Gm30655	2.62618757522034	-4.79221395212448	1.72634345880596	-2.77593310165466	0.00550435330102107	0.02950016825068	2.25929369836274	down	102632415
Hsd17b6	2.62273983462001	-4.79059560386	1.71350654334678	-2.7957848322558	0.00517738571657329	0.0281590790999823	2.28588947876177	down	27400
Nodal	160.62519619695	4.78543056280524	1.77039850832413	2.70302451132042	0.00687116791538441	0.0350042035776145	2.16296943818099	up	18119
Gm26771	4.42716848702694	-4.78539429377629	1.5967006021299	-2.99705172490878	0.00272604455240965	0.0168965838778941	2.56446705066292	down	NA
4930480M12Rik	2.61054862183599	-4.78471329356852	1.77541160099652	-2.69498818802519	0.0070391126352779	0.0356740527059779	2.15248208544481	down	74930
Hdc	2663.41689770978	4.78248172491683	0.209205037266004	22.860260858996	1.15537680628631e-115	2.71340242956341e-111	114.93727635499	up	15186
4930567J20Rik	2.60604876504408	-4.78222640848011	1.68214075798669	-2.84294069076826	0.0044699387563042	0.0250480820071114	2.34969842719946	down	78221
9830107B12Rik	2.60300096184808	-4.78078090109733	1.67165275391001	-2.8599126761913	0.00423757675446462	0.0239921625068953	2.37288242241988	down	328829
Gm41715	2.59782935094757	-4.77829430712672	1.73411079931399	-2.75547231988694	0.00586074632857962	0.0310068996455716	2.23204707583426	down	105246425
G630093K05Rik	2.59650541805174	-4.77763846917461	1.72732643243699	-2.76591521987775	0.00567632899833746	0.0302287044276543	2.2459324409063	down	619327
Ugt2b5	4.41547020483259	-4.77665738009864	1.50600847580751	-3.1717333978067	0.00151532047791775	0.0106294209748801	2.81949550770801	down	22238
Gm5067	18.0843855213849	-4.77648704740524	0.848289893029911	-5.63072492864985	1.79453737960565e-08	5.10248413493314e-07	7.7460474910296	down	118568782
Gm27164	4.39768763741052	-4.77325936550403	1.58235248906615	-3.01655882522171	0.00255661606276637	0.0160540449823711	2.59233448681194	down	NA
Gm40153	2.58378614716331	-4.77116023259624	1.73482590989606	-2.75022421868377	0.00595544983387246	0.0313877332469692	2.22508542931297	down	105244560
Tbx21	2.57808847816702	-4.76796953034991	1.83749777646572	-2.59481648980317	0.00946414349690817	0.045102558852453	2.02391868348548	down	57765
Olfr691	2.57663842457973	-4.76712021165417	1.78737742981233	-2.66710328335896	0.00765081557103853	0.0381362866056387	2.11629226692189	down	NA
Gm47430	2.56205937503901	-4.75989208721271	1.77613217046223	-2.67991997801266	0.0073639762005321	0.0369996611142017	2.13288762375225	down	NA
Gm46563	59.1828359891986	4.75600961509808	0.556362889633968	8.54839476843443	1.2481218561445e-17	1.38264819771479e-15	16.9037430117148	up	108168302
Slc28a3	14.622302798303	-4.75455622957358	1.0969521143079	-4.33433343858712	1.46202433640658e-05	0.000207591544984936	4.83504539818587	down	114304
Vmn2r68	2.56116707424999	-4.753884220298	1.84178015075195	-2.58113554886402	0.00984759076627838	0.0464544818912466	2.00667000756252	down	620697
Miox	2.55040400801146	-4.75387808871561	1.77790522123869	-2.67386474370299	0.00749826867454445	0.0375392964872471	2.1250390021938	down	56727
Olfr157	2.56024307875848	-4.75285853024675	1.74525257899001	-2.7233069800116	0.00646319708466461	0.0334556278451286	2.18955260077278	down	NA
Gm50237	7.03175661676081	-4.74576494169279	1.46116930151925	-3.24792269914129	0.00116250848541974	0.0085907840717692	2.93460386841004	down	NA
4930502A04Rik	7.19506643423447	-4.74351288676046	1.45053983509155	-3.2701707130029	0.00107482598259352	0.00803894528700921	2.96866184357809	down	74951
Gm15983	7.20274263773216	-4.74156600376948	1.29438033330332	-3.6631937937969	0.00024908994049023	0.00241132615515789	3.60364381111383	down	115488672
Gm379	7.19337215792819	-4.74079760694925	1.31618567325064	-3.6019216006513	0.000315873634856166	0.00294143232141041	3.50048662200346	down	236954
Gm13211	10.9177586893325	-4.73856767835848	1.24206159737191	-3.81508267253804	0.000136137348430449	0.00145591330960341	3.86602271247418	down	102632890
Olfr1440	2.53069682994201	-4.73767795825984	1.73518146850479	-2.73036454356691	0.00632643257582125	0.032885407048066	2.19884111610836	down	NA
1700031P21Rik	2.53083273829414	-4.73758239940923	1.74660811296448	-2.71244726521293	0.00667884074742662	0.034278866372554	2.17529891187864	down	73278
Vmn2r79	7.01692732584581	-4.73701495886824	1.33483367162144	-3.54876795482251	0.000387037986612646	0.00349330788454957	3.41224640819388	down	621430
Rpl13-ps5	6.45062588538909	4.73609161222076	1.64506810909326	2.87896384717545	0.00398984069202127	0.0228595776170089	2.39904444465343	up	631319
Gm12682	7.12780779253746	-4.72884779390078	1.38780380369206	-3.40743250690071	0.000655771244128826	0.00536612810744442	3.18324763126224	down	NA
Gm16277	4.27826167397508	-4.72836201138687	1.50943063781862	-3.13254673180621	0.00173296837558872	0.0117881283793546	2.7612093625213	down	105246607
Trim31	2.50830809136979	-4.72593767463791	1.70597124416049	-2.77023290446114	0.00560162217904693	0.0299258637113096	2.2516861870313	down	224762
Vmn2r-ps94	2.50618428366529	-4.72498393866507	1.72367724061944	-2.741223140457	0.00612109221127618	0.032023579991495	2.21317107801645	down	619864
Gm11823	7.09693761082514	-4.72293420391802	1.36732322995057	-3.4541461012761	0.000552038223025525	0.00467361848152647	3.25803085075928	down	329797
E330012B07Rik	4.25157053075216	-4.71833085288754	1.69055569361413	-2.79099403273756	0.00525464410384277	0.0284671347448073	2.27945669333153	down	100039641
Hnf1b	14.1832903006486	-4.71673224432621	1.01540535854069	-4.64517170867105	3.39793716535879e-06	5.79524722791947e-05	5.46878465636464	down	21410
Gm47770	2.49015518053728	-4.716591741723	1.69108873535747	-2.78908589662268	0.00528570440031533	0.028599658550075	2.27689712817017	down	NA
6030469F06Rik	10.3491071134467	-4.71635589318935	1.15218743640042	-4.09339291871107	4.25106443593927e-05	0.000531052283159499	4.37150231212044	down	100043065
Gm15908	7.0736565714639	-4.71581907114834	1.61337967700434	-2.92294438709212	0.00346738440595256	0.0204635697096182	2.45999800832064	down	101056149
Gm11690	4.22674443031531	-4.7098055546937	1.47501174554655	-3.19306308503228	0.0014077218893998	0.0100182874462286	2.85148313626572	down	102641704
4933411E02Rik	7.03947455750338	-4.70947230739952	1.45060708446524	-3.24655267290083	0.00116811830338812	0.0086213885465336	2.93251317100201	down	74077
Gm33340	6.94695232784311	-4.70553739086819	1.34682513567465	-3.49379980090074	0.000476197972769161	0.00412980405852428	3.32221245776995	down	102636207
Sirpb1a	6.9750408459067	-4.69945574093853	1.34128109339039	-3.50370683974944	0.000458830171353045	0.00400548050634127	3.33834803187514	down	320832
Gm50405	2.4476276317888	-4.69411288308568	1.74586391828945	-2.68870490644245	0.00717297975619726	0.03623519672495	2.144300394842	down	NA
Gm50412	2.45852860638807	-4.69372682378025	1.83523585931867	-2.55756054457371	0.0105409206821855	0.0489623263886724	1.97712145461396	down	NA
Fgf4	4.15154162403832	-4.69100770058217	1.44010821035575	-3.25739945571406	0.00112438083103734	0.008351070150826	2.94908656705399	down	14175
Trbc1	2.45349290383969	-4.69081562335027	1.80880377416425	-2.59332476543379	0.00950529646251354	0.045261939866612	2.02203433329345	down	100125262
Gm36486	3.81647254206862	4.68691934793217	1.74186029250735	2.69075503247479	0.00712905216453445	0.036052065048254	2.14696820746592	up	102640422
Foxn4	6.76287953896006	-4.6866560820794	1.43025123010542	-3.27680618861203	0.00104988409111232	0.00789008892152727	2.97885864509097	down	116810
4930519L02Rik	6.90923025778835	-4.68377122565283	1.39031329766825	-3.36886026588983	0.000754796838739448	0.00601345338957676	3.1221699274272	down	102636203
Gm44178	2.42483895581224	-4.68156270128846	1.81011487710029	-2.58633458048148	0.00970027192043884	0.0459388759934475	2.01321609131202	down	NA
Atp6v1b1	2.42394665502322	-4.67468500032154	1.75993289374622	-2.656172298917	0.00790332225455733	0.0391251102757755	2.1021903095295	down	110935
Vmn2r103	6.85292753432505	-4.67239248456969	1.40367214206226	-3.32869218142711	0.000872547827002799	0.00675404934646036	3.05921075871362	down	627636
Gm50397	33.5585207839336	-4.66659308398395	0.680906055535823	-6.85350504088509	7.2062111368225e-12	3.80309816962419e-10	11.1422930175099	down	NA
Zscan5b	2.39983404615083	-4.66151783632151	1.73357831350028	-2.68895717027598	0.00716756147856066	0.0362202873660525	2.14462857327717	down	170734
Gm11387	2.39917207970291	-4.66112139154603	1.71847512121053	-2.71235895941434	0.00668062045506407	0.034278866372554	2.17518320104282	down	102635863
Gpr142	2.39917207970291	-4.66112139154603	1.71847512121053	-2.71235895941434	0.00668062045506407	0.034278866372554	2.17518320104282	down	217302
Gm14152	6.60710827150506	-4.65873028591345	1.62421344486983	-2.86829929934905	0.00412684934209708	0.0234784536819646	2.38438138551808	down	NA
Cyp2c38	6.80583539748954	-4.65852148827834	1.48235314810279	-3.14265294625683	0.00167424219013283	0.0114701218889351	2.77618171824821	down	13097
Gm14278	6.78473302739671	-4.65147442536232	1.36282156303283	-3.41312065462987	0.000642235014833153	0.00527742803476438	3.19230602026706	down	100417440
Gm34045	6.55600085361027	-4.64576340876312	1.60517861325764	-2.89423455458004	0.00380084123519685	0.0220184401599897	2.42012027091728	down	102637161
Speer6-ps1	4.02485194648684	-4.64189373978946	1.47927242449422	-3.13795732478186	0.00170129644714966	0.0116181875723495	2.76922000493897	down	73266
Gm49560	6.5386912999582	-4.64145260106669	1.63387004688001	-2.8407721960078	0.00450044479208394	0.0252009885412712	2.34674456151321	down	NA
4930597G03Rik	4.01064112986148	-4.63736665503889	1.73875070852499	-2.66706816123908	0.00765161517929613	0.0381362866056387	2.11624687995561	down	75377
4930487D11Rik	2.34988695811451	-4.63420717244338	1.79203046785203	-2.5860091419082	0.0097094355281266	0.0459730026971882	2.01280601768681	down	78172
Gm30165	9.8416342921855	-4.63126837232202	1.13921863678748	-4.06530250012579	4.79702020369763e-05	0.000591070406525912	4.31902845240425	down	102631969
Gucy2f	10.0874930132792	-4.62870826399803	1.40433172121454	-3.29602201109213	0.000980643316864134	0.00745345733541001	3.00848892706009	down	245650
Gm14273	2.33889155752625	-4.62809920319385	1.75349904165129	-2.63935085977323	0.00830649628728682	0.0406666802807861	2.08058212470806	down	102639473
Slc27a5	6.63634568658038	-4.62737356129957	1.31095438332339	-3.52977465895401	0.000415913748310095	0.00371538013657762	3.38099672350012	down	26459
Olfr995	2.33213198467771	-4.62416258325416	1.80909777684575	-2.55606006620416	0.0105864842728485	0.0491350954837644	1.97524824333026	down	NA
Cyp3a16	3.9780634754508	-4.61913543254432	1.52241616157104	-3.03408197386558	0.00241268862696808	0.0153472352124446	2.6174987229794	down	13114
1700109I08Rik	3.98135547728494	-4.6185600025274	1.7519270966514	-2.63627408432419	0.00838219953591409	0.0409178873624906	2.07664200512052	down	73591
Gm525	6.53338580913012	-4.61800311993869	1.40046017894812	-3.29748977468768	0.000975532266252144	0.00741916297698562	3.01075836150933	down	217071
Zp3	10.0613497585747	-4.61031978295043	1.37449535159824	-3.35419088728792	0.000795974314694774	0.00626876484929805	3.09910094629035	down	22788
D930032P07Rik	6.54407034755265	-4.60239733442192	1.37726719035561	-3.34168806652075	0.000832705837834071	0.00650352397789596	3.07950839063144	down	320176
Trhr	9.8031460277388	-4.60101977100001	1.24970273741368	-3.6816913600766	0.000231691790677236	0.00227859367841495	3.63508935389556	down	22045
Gm47979	3.9053547962079	-4.59728630968398	1.7306131681122	-2.6564493986249	0.00789683011334066	0.0391177083340657	2.10254720498204	down	NA
Efcc1	6.35373023871929	-4.59698938901039	1.51333009498467	-3.03766468680249	0.00238419087519922	0.0151947687120906	2.62265897849246	down	58229
Slc22a30	6.55005437545264	-4.59560879420544	1.35878144767823	-3.38215450472777	0.000719196819305764	0.00578848372548838	3.14315224196589	down	319800
Tspan1	14.9048051657738	4.5887243945995	0.924302978719721	4.9645240794912	6.88697416519778e-07	1.39311445538045e-05	6.16197154616135	up	66805
Gm10800	3911.94507080852	-4.5886519796494	0.712723198483384	-6.43819646871839	1.20901443010735e-10	5.34721353880811e-09	9.91756851561682	down	NA
Lamp3	6.33734068054148	-4.5869602190278	1.40543538552285	-3.26372899549655	0.0010995628607688	0.00820045531443483	2.95877993746768	down	239739
Gm5547	11.7788678585826	4.58632648869547	0.967783216464916	4.73900188665003	2.14773505072879e-06	3.84741095853285e-05	5.66801929518085	up	433637
Otol1	2.27493296040815	-4.58486657560068	1.78241558483003	-2.5722769788494	0.0101032026294149	0.0473128043373499	1.99554093673122	down	229389
Gm32885	2.27228309460786	-4.58325822253246	1.78784956064394	-2.56355921852937	0.0103605025269704	0.0483154094213464	1.9846191790119	down	102635594
Tcte1	2.27135909911636	-4.58263816732305	1.77500797964471	-2.58175637511237	0.0098298949479251	0.0463937063609367	2.00745112344764	down	21645
Gm6639	6.3641665544056	-4.57737921409236	1.44547778724206	-3.16668941888474	0.00154184894211948	0.0107897265809523	2.81195817285932	down	625963
Themis3	6.26593284944168	-4.57474241198663	1.48977088011565	-3.07076911828985	0.0021350817943783	0.0139789227602382	2.67058548262177	down	74556
Gnat1	6.44475341752909	-4.57455084315528	1.33566365002028	-3.42492725850989	0.000614964048533908	0.0051002686732408	3.2111502728095	down	14685
Fbxw24	6.27162651842073	-4.57023103953835	1.35434449234709	-3.37449671436113	0.000739507987370204	0.00591530827090914	3.13105713085969	down	382106
Gm30725	6.23426858056414	-4.56214464875633	1.35746865225263	-3.36077348171964	0.00077724540840091	0.00615221045375644	3.10944183488405	down	115487422
Gm20646	6.38056448606988	-4.55361027218281	1.41864972153193	-3.2098200162233	0.00132818108837703	0.00955940326709607	2.87674270785864	down	108167623
Vmn2r6	3.81087703958916	-4.55277984425901	1.54878361327606	-2.93958420352134	0.00328652956360461	0.019599834129318	2.4832624567192	down	667069
Allc	6.16762063529121	-4.54809057182523	1.36482985644655	-3.33234985323852	0.000861159245206219	0.00667910332683886	3.06491653156669	down	94041
Ddx43	6.1522632862718	-4.54717770309377	1.43628228878882	-3.1659359295785	0.00154584838755831	0.0108080528079211	2.81083310270465	down	100048658
Gm15668	6.16885014219807	-4.54669288380852	1.38904393948485	-3.27325346201413	0.00106317093318029	0.00796699724497098	2.97339690540239	down	NA
Gm50003	3.50122351644028	4.54570941991832	1.49506256358676	3.04048106790451	0.00236200540819517	0.0151025584022498	2.62671911233358	up	NA
Adam29	3.75236730289671	-4.53773342861637	1.55252364532703	-2.92281115477666	0.00346886833860062	0.0204637962652689	2.45981218355499	down	244486
Gm29232	6.12257912909457	-4.53660316668097	1.32875102134481	-3.41418602417294	0.000639728804970307	0.00526789305214855	3.19400409393147	down	NA
Gm15271	12.3367788506253	-4.53392668020264	1.06365202942495	-4.26260332775734	2.02059015575122e-05	0.000276213968613605	4.69452176721007	down	NA
9230102K24Rik	15.3299223887441	-4.53150659498159	0.882857450152564	-5.13277267377481	2.85504665494995e-07	6.26642716742987e-06	6.5443867904578	down	109335
Gm50166	8.98613874696085	-4.52334187245558	1.2134482430095	-3.72767598330947	0.000193253611919587	0.00195796422602739	3.71387238034839	down	NA
CK137956	6.00026517786568	-4.51269689557835	1.62605529474414	-2.77524196757922	0.00551606513211626	0.0295435843560586	2.25837061444113	down	635169
4930549P19Rik	14.8018071062722	-4.50983021810138	0.959854934681441	-4.69844979189288	2.62143612998699e-06	4.61156760395089e-05	5.58146071919463	down	75364
Gm30835	23.9314309818956	-4.50441027793906	0.777122704760949	-5.7962664716181	6.78074940442065e-09	2.0762177283288e-07	8.16872230551067	down	102632873
Prr32	27.8011812723852	4.5011718088185	0.688182932047706	6.54066179093567	6.12471979236473e-11	2.82037341811148e-09	10.2129137756024	up	68800
Skint10	5.96591556085055	-4.4973470015831	1.36725417424743	-3.28932768046478	0.00100427030151732	0.00760570397650247	2.99814938016106	down	230613
Gm11168	67.6816935923351	-4.494321340329	0.996140107403876	-4.5117361573183	6.42991401512897e-06	0.000102031439625205	5.19179483469704	down	NA
Gm9973	3.63242541052447	-4.48636581432225	1.74196981568659	-2.5754555411478	0.0100108142211447	0.0469738205761407	1.99953059810815	down	102638797
2410003L11Rik	6.06173632021556	-4.47855485781386	1.38874990767216	-3.22488220022341	0.00126024512978634	0.00917447516213028	2.89954497221634	down	69729
Gm6089	5.86354690968428	-4.47295407075161	1.42175378503369	-3.1460820557236	0.00165473573610328	0.0113530437517924	2.78127135386166	down	619645
Myh4	3.58732250514501	-4.47210330793099	1.4738468101894	-3.03430673867408	0.00241089166844068	0.0153399595863802	2.617822303872	down	17884
Prl8a9	12.1476064982269	-4.46680026224814	1.20602102602927	-3.70374990637994	0.000212435700735626	0.0021193935564045	3.6727724963966	down	67310
Dgat2l6	5.98025116606367	-4.46556829936529	1.40228865411797	-3.18448579488373	0.00145011427860668	0.0102564093164737	2.83859777113563	down	668257
Gm49146	5.83028889121526	-4.46521368520017	1.42348125300815	-3.13682647787888	0.0017078717277233	0.0116461578181132	2.76754475076289	down	NA
Gm13925	3.56373595436841	-4.46358731265787	1.52003202845227	-2.93650872422918	0.00331929483576005	0.0197450960531471	2.47895416974967	down	NA
Pah	5.74738350848184	-4.44437522720106	1.45726196024053	-3.04981214665583	0.00228984542526541	0.0147576893008667	2.64019383347672	down	18478
Abcb11	8.93947707864278	-4.44305255323021	1.22569993762191	-3.62491048327096	0.000289061558721321	0.00272963840232016	3.539009659783	down	27413
Nlrp9b	5.89092930064605	-4.43677964095087	1.44440238469238	-3.07170611733363	0.00212839161313785	0.0139543439805183	2.67194846106809	down	243874
6430628N08Rik	5.92997923562674	-4.43487743742203	1.73155115448548	-2.56121652885261	0.0104306324170573	0.0485578061542754	1.98168935917541	down	NA
Gm32772	3.49329360112326	-4.4320753446245	1.68405367418925	-2.63178983695887	0.00849363853933253	0.0413415753567304	2.07090622506344	down	102635433
Gm30790	5.82991353855277	-4.42777261007867	1.4037113291892	-3.15433274492142	0.00160865556907308	0.0111295532295935	2.79353693319349	down	102632814
Gm47030	5.828093242255	-4.42428412832538	1.61104605951182	-2.74621827365137	0.00602866391844807	0.0316670033828568	2.21977892619134	down	NA
Chil4	5.85485963487439	-4.41921066985002	1.62340959380537	-2.72217848577027	0.00648531050073214	0.0335257576732763	2.18806922612941	down	104183
Gm49319	5.82412536151421	-4.41773190746412	1.3978044630928	-3.16047918296768	0.00157509859983371	0.0109478017014415	2.80269225455795	down	NA
Gm10722	226.242301595753	-4.41254822333695	0.884073868960087	-4.99115331677805	6.00198317617813e-07	1.23321587832496e-05	6.22170522625593	down	NA
Ovol2	5.77469841361834	-4.41104675348272	1.64142731713338	-2.68732383544479	0.00720270846113645	0.0363384765219741	2.14250416349377	down	107586
Gm45341	11.6152962159661	-4.39977803030777	1.12654288243301	-3.90555752374512	9.40083914479625e-05	0.00106348124911146	4.0268333783483	down	NA
Hnf4a	5.57945651058012	-4.39735920251997	1.44114370130841	-3.05129821441653	0.00227854144634581	0.014732788402398	2.64234306725464	down	15378
Cyp2j7	5.75037117602085	-4.39508700118277	1.48639918316438	-2.95686855251501	0.0031078057463421	0.0187530364729816	2.50754613463568	down	546837
Il23r	17.3939361714449	-4.39347463631509	0.927202235581585	-4.73842109921067	2.15389861828168e-06	3.85551136054461e-05	5.66677474233656	down	209590
Gm31819	3.39815187804798	-4.38257940296713	1.56434508087353	-2.80154261137824	0.00508589240411499	0.0277643382405022	2.29363283189004	down	102634170
Gm49575	25.2389108716898	-4.36638703666725	0.751491300124516	-5.81029618831752	6.23624116389061e-09	1.93984269846319e-07	8.20507709840273	down	NA
A230001M10Rik	16.4809425225935	-4.35517037306304	0.821048122840691	-5.3044033009842	1.13042146020066e-07	2.72846330861382e-06	6.94675960632735	down	319951
Gm30504	10.9385672681405	-4.34920929154665	1.0300090059309	-4.22249637285057	2.41611288344967e-05	0.000324242348958946	4.61688277886132	down	102632429
Sult2a6	5.36596016075978	-4.34531913771236	1.65295195841561	-2.62882361195629	0.00856807898846011	0.0416090436401956	2.06711653843037	down	629219
Galp	3.30072993626199	-4.34475545046392	1.62917458272393	-2.66684460740826	0.00765670647685366	0.0381535649499063	2.11595800145329	down	232836
1700111N16Rik	18.9377735350948	-4.34139195938176	0.841451587014789	-5.15940789271511	2.4773206167878e-07	5.5042454763729e-06	6.60601778304236	down	74305
Gm33677	5.54945218871095	-4.33648280326874	1.64843378555304	-2.63066848136328	0.0085217118436164	0.0414524446245508	2.06947315528496	down	102636674
Gm30117	16.0203340277248	-4.33497688253583	0.846360705914148	-5.12190234287124	3.02468537310471e-07	6.60788241742923e-06	6.51931979384817	down	102631899
Gm33497	5.34264542668744	-4.33017859387646	1.41011928151537	-3.07078886916792	0.00213494057422242	0.0139789227602382	2.67061420899796	down	102636432
Smco1	3.26428820624484	-4.32971779178919	1.59556192896486	-2.71360058998033	0.00665563584109179	0.0342179526550001	2.17681044821536	down	69576
Gm49448	5.47920531167924	-4.32241357693554	1.46589719958291	-2.94864713444121	0.00319168169728654	0.01918030825506	2.49598042684666	down	NA
Mael	5.43175763889164	-4.32118306571635	1.4666398749306	-2.94631500177972	0.00321584720944665	0.0192811262991714	2.49270459352761	down	98558
Gm49472	3.2517880492332	-4.3175654085052	1.53391862592111	-2.81472910983952	0.00488183654627903	0.0269194485300218	2.31141676572945	down	NA
4931429P17Rik	8.23437325325917	-4.31420994589945	1.29268907923073	-3.33739180999873	0.000845686390673702	0.00657865017720169	3.07279065829708	down	70971
Gm36529	3.2248896662084	-4.30658647662219	1.54301951538714	-2.79101231946614	0.00525434723508594	0.0284671347448073	2.27948123012271	down	102640479
Gm7804	5.41806334682398	-4.30349384111139	1.50615428983093	-2.85727290369068	0.00427298279275201	0.0241677768426521	2.3692688560777	down	665819
Hormad1	5.37708027765177	-4.29838848481812	1.41440890644229	-3.03899987142332	0.00237364955708401	0.0151399130494617	2.62458339939114	down	67981
Gm30192	286.844786516044	4.29831125804989	1.3498233034226	3.18435105332019	0.00145078951455506	0.0102564093164737	2.83839559190283	up	102632011
Gm50061	5.26056362321717	-4.29065036362993	1.32879312229943	-3.2289829708067	0.00124231292100178	0.00906078228252385	2.90576899776066	down	NA
Gm34923	5.18342641863211	-4.28852605562902	1.48187098081104	-2.89399422160347	0.0038037516190582	0.0220298660354086	2.41978784977728	down	102638333
Fam122c	5.37486404396691	-4.28847755426456	1.65925993339637	-2.58457247592691	0.00974998104717871	0.0461092035628256	2.01099622851825	down	NA
Kcnh8	33.009253671985	-4.28839688245578	0.814987633862765	-5.26191650556737	1.4256150792345e-07	3.35476654667558e-06	6.84599771959669	down	211468
Gm10283	10.3383593823307	-4.28626340562628	1.17642562914015	-3.64346313056703	0.000268994198870302	0.00258166275458481	3.5702570858927	down	330776
Stfa1	41.7825534105001	-4.28543614987836	0.737694893378973	-5.80922572237032	6.27624234123831e-09	1.94455872538235e-07	8.20230029557736	down	20861
Gm11384	5.33430132411243	-4.28366025700714	1.41216107499115	-3.03340768476711	0.00241808681801693	0.0153690849583566	2.61652811046085	down	NA
Defb23	3.1818677540666	-4.2828704221152	1.64404403212636	-2.6050825515761	0.00918521263473413	0.044014429448425	2.03691078546348	down	629114
Lats2	5.1532162033591	-4.27832211212496	1.4272292396935	-2.99764185958224	0.00272077199438911	0.0168693920659537	2.56530785135792	down	50523
Timd4	5.11483005636134	-4.27348309581451	1.67356257682795	-2.5535245320282	0.0106638766195741	0.0493914698537332	1.97208488832677	down	276891
Gm48508	7.69971703646755	-4.26618811928137	1.19206956736017	-3.57880801263035	0.000345164905447144	0.00316895926678115	3.46197336749175	down	NA
Tnxa	5.09690747986994	-4.26303778611368	1.42081443401209	-3.00041841078131	0.00269608972370031	0.0167640103683087	2.56926565892472	down	100043024
Gm44767	10.33178181013	-4.25717211531185	1.02110585900791	-4.16917803159806	3.05700133735674e-05	0.000398190107641836	4.51470437128159	down	NA
Gm10718	305.537256706133	-4.24749800940262	0.67166660810984	-6.32381892760108	2.55176727343217e-10	1.06255770242118e-08	9.59315893671931	down	NA
Gm30198	5.19445410954374	-4.24417983948962	1.41923063832687	-2.99047929552387	0.00278540011408297	0.0171964042269291	2.55511241095445	down	102632020
Fbxw20	3.06983506803742	-4.24131724739912	1.52805951393415	-2.77562307536007	0.00550960417109399	0.0295215728857272	2.25887960123618	down	434440
Gm50084	5.18621162498886	-4.24040054388833	1.45517100141378	-2.91402215943593	0.00356804578544357	0.0209384196079816	2.44756958135928	down	NA
Atp13a5	18.1305232102495	-4.23339568776245	0.932802959799049	-4.53836005052389	5.66934016145861e-06	9.12573363206686e-05	5.246467484478	down	268878
Chrdl2	7.61573262124871	-4.23187009249283	1.60393570085962	-2.63842876633071	0.00832911970839705	0.0407519534066052	2.07940089607071	down	69121
Gm48664	4.99616248537142	-4.23180357239444	1.49431925878233	-2.83192734586234	0.00462683604321096	0.0257430098258255	2.334715889908	down	NA
Gm46516	10.099003400809	-4.23023933831297	1.10504412698469	-3.82811802263131	0.000129126837802059	0.00139299209268781	3.88898348431752	down	108168241
Gm534	5.14490695891175	-4.23004131468098	1.44966010189802	-2.91795387701065	0.00352336461946304	0.0207228194560705	2.45304241102629	down	102639645
2010309G21Rik	7.77087143417915	-4.2299913505716	1.26667764234488	-3.3394379194544	0.000839481120524705	0.00654202605359074	3.07598906646356	down	NA
5430401F13Rik	7.45629817646496	-4.22755764862271	1.24301023717418	-3.40106422472714	0.000671240554884021	0.00547174051768526	3.17312181226536	down	71392
Sprr2b	255.90905960466	4.2266105983964	0.806370853356738	5.24152203766044	1.59257452315158e-07	3.68852196017897e-06	6.79790023608131	up	20756
Gm35733	12.965217330056	-4.22537684000141	1.08114794513312	-3.90823185579949	9.29740605230021e-05	0.00105279450886341	4.03163820137165	down	102639410
Plcz1	9.65829527125442	-4.21396115316588	1.2322848756484	-3.41963229155807	0.000627058342258088	0.00518354986551609	3.20269205001141	down	114875
Kynu	12.6442436322259	-4.21017875305445	1.01860155095431	-4.13329309101288	3.57602229333523e-05	0.000457672389967182	4.44659978242581	down	70789
Gm33838	282.753997826768	-4.20281335267825	0.800857810391625	-5.24788957308545	1.53851465632813e-07	3.57742739642238e-06	6.81289836218408	down	102636888
Mageb4	5.01691116908339	-4.18762949310545	1.47482364086225	-2.83941033834877	0.00451969948777345	0.0252846932992757	2.34489044021969	down	434903
Slc13a1	4.84847272365219	-4.18683342500273	1.49196649869441	-2.8062516341128	0.00501215345599271	0.0274703439705925	2.29997564077633	down	55961
Gm35552	4.84171315080364	-4.18480326681075	1.48923127635951	-2.81004255903131	0.00495349492487601	0.0272194228397679	2.30508827762943	down	102639181
1700026F02Rik	4.83204368311984	-4.18074655176317	1.45741488044394	-2.86860427175663	0.00412287276207915	0.0234671999072779	2.38480006795867	down	69419
Colec10	4.80937912782613	-4.17958274595678	1.61326124769475	-2.59076622086419	0.00957625204881007	0.0455167535653318	2.01880443173627	down	239447
Cyp2c29	4.80845513233463	-4.17551315119704	1.49610628611913	-2.79092013043287	0.00525584399631613	0.0284671347448073	2.27935753396284	down	13095
Gm48091	4.92989936750772	-4.17371979311436	1.56008171613262	-2.6753212667993	0.00746576696292728	0.0373925223127206	2.12692557030233	down	NA
Siglecg	235.163660847023	-4.17047847477637	0.300418478602171	-13.8822301949645	8.11782453888371e-44	1.73315553905167e-40	43.0905603398896	down	243958
1700027J07Rik	4.766295826288	-4.16560328854444	1.46367073736962	-2.84599751992753	0.00442725396856287	0.0248444586503462	2.35386556408806	down	69443
Deup1	4.9200132710902	-4.16236301994853	1.42297950717372	-2.92510398003954	0.00344341144821562	0.020354522492158	2.46301108098004	down	234964
Pmfbp1	9.46319875131506	-4.15147741562579	1.21229556311388	-3.42447629269744	0.000615985586340145	0.00510459474071923	3.21042944992352	down	56523
Gm14505	7.3023861198666	-4.14244061691913	1.19508462064531	-3.46623205198836	0.000527807529289188	0.00449766321674768	3.27752441876655	down	NA
Actg2	1214.89456995621	-4.14065414147501	0.533491810702962	-7.761420247518	8.39835246736166e-15	6.42460285654686e-13	14.0758059025704	down	11468
Gm49162	14.0954626244632	-4.13509838904569	0.931565391166585	-4.43887077413574	9.04320901714047e-06	0.000137373715244207	5.04367743112478	down	NA
Adgrg5	9.49679407230499	-4.13373366791183	1.0300957810807	-4.01296048759177	5.99619532964994e-05	0.000718472690391984	4.22212422819077	down	382045
Cyp19a1	19.108044472602	-4.13089051561133	0.853714253077235	-4.83872736190292	1.30673152818184e-06	2.47888448621571e-05	5.88381363032751	down	13075
4933440M02Rik	9.18661352043242	-4.12900902779211	1.1229267302567	-3.67700662611195	0.000235986912910103	0.00231212042123228	3.62711208096431	down	71208
Gm48447	2.84759124601616	-4.12751443706656	1.55427689775958	-2.65558501385191	0.00791709750241348	0.0391767877884915	2.10143400650662	down	NA
Sytl5	19.3210747407032	-4.12644337115859	0.837871508326931	-4.92491191089468	8.43983656877471e-07	1.66983624109245e-05	6.07366596308602	down	236643
Gm13629	7.0021329640042	-4.12587303943434	1.29990549079463	-3.17397923822309	0.00150364445955262	0.0105759479282999	2.82285484160886	down	100038743
Gm11228	7.04045070255847	-4.12362873721485	1.20381950217221	-3.42545433910488	0.000613772091841649	0.00509524127850871	3.21199286278384	down	102634783
Nipsnap3a	4.64646013778755	-4.12251575506191	1.43811812898366	-2.8666043991639	0.00414901288191484	0.0235759902085096	2.38205521676518	down	73398
CN725425	9.57762930255998	-4.12090717820218	1.33235744576131	-3.09294415797519	0.00198181423080953	0.013162586880815	2.70293705737622	down	NA
Gm21847	16.01752434089	-4.11695809445447	1.21875634654195	-3.37799930735601	0.000730152645749447	0.00586043570930477	3.13658633676097	down	105242428
4921533I20Rik	11.5159400392655	-4.11404555520915	1.02648652059776	-4.00789048141947	6.12635162743426e-05	0.000732200345904802	4.21279808009362	down	664619
C6	9.40686081826649	-4.10251053949985	1.07501767616043	-3.8162261239764	0.000135508329113642	0.0014511687684605	3.86803400975694	down	12274
Prph2	4.69613408680242	-4.10029422150348	1.44915745894802	-2.82943319663827	0.00466305338371949	0.0259138212770119	2.33132961261283	down	19133
9930111H07Rik	4.55207277872462	-4.09230359866516	1.58273751012206	-2.58558577938143	0.00972136799848	0.046020223230055	2.01227261651539	down	77762
9330154J02Rik	4.66924749144691	-4.09221452819235	1.44903665989443	-2.82409316579368	0.00474146002390652	0.0262873438766394	2.32408790670339	down	442799
Zbtb8b	320.395621342692	-4.08951739693845	0.323208799211296	-12.6528652899235	1.07867846516219e-36	1.01331055017336e-33	35.9671079914765	down	215627
Pth2	10.572666631571	4.08943950910361	1.1105455027093	3.68237005969315	0.000231075654668955	0.00227539276725384	3.63624580787391	up	114640
Bpifb4	4.53242833194167	-4.0845941941366	1.44108196726975	-2.83439407813507	0.00459126755063116	0.0255693427618147	2.33806739850449	down	381399
Vsx2	4.63389935998449	-4.07754889386628	1.56979612866965	-2.59750219751266	0.00939045193834537	0.0448332514275343	2.02731350575238	down	12677
Tpte	13.8372547825329	-4.07684043833811	0.925125430084311	-4.4067975063301	1.04910179498808e-05	0.000156234341504725	4.97918236990298	down	234129
Cyp2c53-ps	4.50689536417585	-4.07628311534217	1.53104051882836	-2.66242667337216	0.00775794704156127	0.0385517110179997	2.11025318937069	down	638988
Gm14024	9.24737789164542	-4.07609688966656	1.00531456290968	-4.05454873534223	5.02311776881041e-05	0.000614416254169336	4.29902663953009	down	671466
Gm21738	456.628916876002	-4.06359910048842	0.699415022534889	-5.80999688248149	6.24740058250144e-09	1.94074342169373e-07	8.20430064625627	down	NA
Gm16070	6.72476065538544	-4.06041933924455	1.19550385426421	-3.39640840534436	0.000682764039620654	0.00554642458335907	3.16572936073479	down	102634913
D430001F17Rik	7.04169936159727	-4.0602153195424	1.54611049780119	-2.62608353369093	0.00863736174961578	0.0418762264016776	2.06361889091841	down	319403
Vwde	8.6958767703282	-4.05957164669619	1.29093265784526	-3.14468119001045	0.00166267914320196	0.0113984862973098	2.77919155100973	down	232585
Gm2381	6.85114416710931	-4.05601069290089	1.33447909254864	-3.03939620751538	0.00237052869613694	0.0151314594526601	2.62515478301598	down	100039706
Gm28729	6.88038942803734	-4.05241438247902	1.19751550454083	-3.3840183004836	0.00071433241739157	0.0057571092349694	3.1460996405449	down	NA
Gm20043	4.43839542790268	-4.05184616583066	1.44555033637269	-2.80297825947586	0.00506330823624444	0.0276732124571098	2.2955656335009	down	100504070
Gm5111	4.23272777675569	4.05104181148351	1.48684436863405	2.72459034512479	0.00643813134822182	0.033365505310054	2.19124016725493	up	330305
4930578E11Rik	8.64155794620004	-4.04996712811482	1.28321289779731	-3.15611472972784	0.0015988595655589	0.0110798051957398	2.79618968045718	down	78058
Oosp3	4.43111179696697	-4.04862854347922	1.42308702710035	-2.84496202015741	0.00444167187392929	0.0249015669513558	2.35245352786891	down	225923
4930555F03Rik	27.1469454828085	-4.04626406842143	0.694876828620799	-5.82299466864151	5.7802399916118e-09	1.81969083382042e-07	8.23805412959522	down	75359
Gm12503	8.86116628571983	-4.0344109136794	1.11916034091044	-3.60485514559729	0.000312327082690199	0.00291650160516077	3.50539035533771	down	NA
Clca4c-ps	4.53724292001394	-4.03315268208951	1.46822996730239	-2.74694889214098	0.0060152507153798	0.0316106876372107	2.22074626657238	down	622139
9330199G10Rik	8.52871016488063	-4.03113385160373	1.30172083810357	-3.09677292826974	0.0019563967249242	0.0130343197403815	2.70854307287413	down	319466
Tubal3	8.82992669788909	-4.02707562342358	1.3328335071347	-3.02143936348127	0.00251576022466299	0.0158568515502443	2.59933075355587	down	238463
Gm10720	10.7956143363216	-4.0258505129604	1.10762287492252	-3.63467620984444	0.000278329972186694	0.00264853298087703	3.55544002379745	down	NA
Gm45321	13.3407587955624	-4.02247255397263	1.23475720194048	-3.25770325344215	0.00112317791290436	0.00834477484484625	2.94955144545472	down	NA
Gm13791	8.68709049346418	-4.01782035586041	1.08265082625039	-3.71109526584445	0.00020636441615485	0.00206672422746126	3.68536518688925	down	102634512
Speer5-ps1	4.44633191531706	-4.0165302005068	1.51989894988222	-2.64262976220757	0.00822649358327839	0.0403507104852325	2.08478523671071	down	70365
Trpa1	6.72286057149022	-4.01120560186149	1.17415551287249	-3.41624730104819	0.000634905598155869	0.00523919816327849	3.19729084360216	down	277328
Gm15486	4.47008798708636	-4.01053658115876	1.56697093629982	-2.55941988983477	0.0104847017796153	0.0487494003750276	1.9794439178271	down	102632813
Vmn2r63	4.31694208276034	-4.00918018508492	1.43747508898894	-2.78904324380662	0.00528640058615608	0.028599658550075	2.27683993054116	down	435975
Sp5	8.81798756758736	-4.00043863903792	1.08944732247999	-3.6719890503117	0.000240669996445667	0.00235016002766174	3.61857804844652	down	64406
Kng2	6.74719230853376	-4.00037648294936	1.45863820569407	-2.74254195957101	0.00609656603012851	0.0319450810391718	2.21491471812033	down	385643
Lemd1	13.1345837374973	-3.99803568279565	0.863734653793264	-4.62877767522406	3.67830406068654e-06	6.20136187115746e-05	5.43435237340674	down	213409
1700112M02Rik	12.4239512795664	-3.99401840922969	1.16415028570518	-3.43084433193292	0.000601705784361909	0.00500568910582339	3.2206158134969	down	102640882
Mylk4	57.8785439177627	-3.99034836077126	0.508950592785058	-7.84034524635376	4.49309355270812e-15	3.54094973440772e-13	14.3474545386734	down	238564
Gm8633	4.38504351384212	-3.98022886327567	1.53153006734275	-2.59885780119321	0.00935345106234889	0.0447020346355848	2.02902812166167	down	667438
Lgi1	4.21270386528109	-3.975396293971	1.54672010414883	-2.57021052697746	0.0101636728348348	0.0475391070555857	1.99294932318805	down	56839
Cd96	14.6315405171718	-3.97171759455118	0.853338609086888	-4.65432778062287	3.25039379804866e-06	5.57193418592501e-05	5.48806401934145	down	84544
Gm29051	12.8803251915918	-3.96675421841446	0.886119361395204	-4.47654615306991	7.58602746793256e-06	0.000118037001623847	5.11998558911148	down	NA
A730082K24Rik	8.49908270995742	-3.96576072632598	1.17904328711375	-3.36354124540585	0.000769493370162957	0.00610731726876548	3.11379511763113	down	101786
A530053G22Rik	20.6767546588829	-3.96189011405075	0.906779682554349	-4.36918712480447	1.24709872844331e-05	0.000181238326964673	4.90409916358571	down	208079
Fbp1	4.17123822038486	-3.95833783872266	1.45251805218877	-2.72515569273506	0.00642711717377179	0.0333267224825489	2.19198378232725	down	14121
Nlrp5	6.48902679593584	-3.95457780810675	1.43648185203643	-2.75296050729812	0.00590590201742065	0.0311966056858128	2.22871376252613	down	23968
Gm3455	8.04209690950258	-3.95250089015249	1.48522856592567	-2.66120715749167	0.00778610369317627	0.0386425708440923	2.10867981676551	down	100041653
4732465J04Rik	12.7177837270356	-3.95072663368688	0.894226277474598	-4.41803907266537	9.96004182274666e-06	0.000149273504918446	5.00173883794679	down	414105
Myoz3	4.23403137769248	-3.94079065747985	1.46319498031451	-2.69327786829394	0.00707532746271904	0.035811221004732	2.15025345517317	down	170947
Jakmip3	19.3670170216949	-3.94005253427894	0.917816048648166	-4.2928564390241	1.76389062710089e-05	0.000245798492552112	4.75352834750305	down	74004
Gm30275	8.33825565444726	-3.93823235445825	1.23614853733763	-3.18588926452176	0.00144309821472069	0.0102315332901749	2.84070411058376	down	102632118
Ms4a20	6.29171386013183	-3.93620160747	1.20952633801859	-3.25433310854411	0.00113658920455586	0.00842841726207593	2.94439647324649	down	69369
Sel1l2	24.6000616144513	-3.92827887570143	0.779411489563721	-5.04005769519808	4.65391522977058e-07	9.76739938973745e-06	6.33218153157317	down	228684
Catsperb	20.4098633983554	-3.9278929577984	0.812521430826894	-4.83420228534899	1.33680600329257e-06	2.52776883955925e-05	5.87393161279227	down	271036
Gm47771	10.3885661904742	-3.92371446013411	1.02613309417985	-3.82378707244618	0.000131417417885877	0.00141380579892342	3.88134707016127	down	NA
Gm35998	6.37645022574049	-3.92113075080777	1.41535286924192	-2.77042625625083	0.00559829755386643	0.0299217155331254	2.25194402216711	down	102639764
C130073E24Rik	14.4839747650582	-3.91967981387297	0.918223638186966	-4.26876378570735	1.96559284335551e-05	0.000269165877120724	4.70650643777384	down	319805
Gm10863	12.3908747617256	-3.91765295984039	0.889876256668413	-4.40246936636742	1.07025705342195e-05	0.000158680472851102	4.97051190130992	down	100041655
Serpinb1a	9423.35666373135	3.91703050317694	0.235238260200871	16.6513325673816	2.95938463394503e-62	2.31670493760663e-58	61.5287985855173	up	66222
Cdh26	18.8033988074368	-3.9148693323081	0.834095819301484	-4.69354868075782	2.68506057829387e-06	4.70938369538698e-05	5.57104591163222	down	381409
Gm39075	6.08657684707173	-3.90557209579959	1.23574589499286	-3.16049772985258	0.00157499832426028	0.0109478017014415	2.80271990394733	down	105243038
Gm39436	5.94405208631188	-3.9026940335995	1.30001934483192	-3.00202766144535	0.00268187805198598	0.0166933225684842	2.57156097389443	down	105243545
Gm11867	37.7796553027554	-3.88654409541283	0.644771894447262	-6.02778149743113	1.66225568318231e-09	5.85278481552271e-08	8.77930217353946	down	NA
Capn13	10.0626539706149	-3.88334024013955	1.21076377452099	-3.20734756181146	0.00133965037431619	0.00963309523601217	2.87300853023024	down	381122
Cacng7	15.7047388468408	-3.88127227447812	0.975594841620199	-3.97836489995415	6.93908212433698e-05	0.000815229333116828	4.15869797258533	down	81904
Ascl4	7.69601769322571	-3.87712981635986	1.35729588727958	-2.85651039887167	0.0042832597342463	0.0242041277331026	2.36822558945359	down	67341
4930568A12Rik	5.67279259332501	3.86887480432344	1.2009676505316	3.22146462697051	0.00127537204758473	0.00926449506264381	2.89436310570594	up	75883
Slc22a27	9.56692290021615	-3.86644838501372	1.17774858279236	-3.28291491198117	0.00102739671043322	0.00775833175065087	2.98826182915381	down	171405
4933436I20Rik	29.2116309221248	-3.86588020505278	1.47240259214616	-2.62555922250714	0.00865067586967014	0.0419239189868247	2.06294996016508	down	71290
Col6a4	16.1525017629816	-3.86491959188553	0.903463625734536	-4.27789175103012	1.88671725798283e-05	0.000259120203530566	4.72429317800054	down	68553
1700010I14Rik	11257.1278045915	3.86084578585061	1.42769052141996	2.70425959122476	0.00684567858815511	0.03490463778611	2.16458349530441	up	66931
Gm11033	17.5600335548941	-3.85914950016954	0.778076392665961	-4.95985938725984	7.05442238614651e-07	1.42453232793337e-05	6.15153854034746	down	100169873
Vmn2r120	3.90209511352328	-3.85895208372274	1.497283905518	-2.57730151877088	0.00995750493307787	0.0468359710301089	2.00184946976343	down	224916
Gm29571	15.8062166731263	-3.85114333113616	0.88632787915176	-4.34505494154353	1.39240808491433e-05	0.000198909390962366	4.85623346368171	down	102640597
Ppp1r1c	14.2357128174485	-3.84824000693798	0.925214309880786	-4.15929581486242	3.19230246638324e-05	0.000413064591862317	4.49589596655128	down	75276
Piwil1	5.72326810553859	-3.84704760148546	1.33840873278159	-2.87434436675425	0.00404867253204075	0.0231458311623605	2.39268734876357	down	57749
Gm44626	19.435438973499	-3.84545355771057	0.730554406520845	-5.26374698911743	1.41148664764234e-07	3.33411742504268e-06	6.85032322582927	down	NA
C230029F24Rik	9.85430357951771	-3.84332805140453	1.18420941642861	-3.2454800629735	0.00117252774523428	0.00864306782700162	2.93087687188829	down	442837
Trpc5	25.4590183315824	-3.83573501041626	0.666557770270057	-5.75454248903619	8.68767533872229e-09	2.60574783307654e-07	8.06109641717926	down	22067
Olah	7.93091154050916	-3.83374286979929	1.09146726585534	-3.51246710710553	0.000443966955913037	0.00390719597146024	3.35264935285537	down	99035
Gm10719	60.9777251391933	-3.83268026751433	1.48186507385448	-2.58638950005423	0.00969872627103555	0.0459388759934475	2.01328529767016	down	NA
3632454L22Rik	3.93507799296222	-3.83020695936347	1.48636651949343	-2.57689265005031	0.00996929064711667	0.0468538704918021	2.00133574229043	down	320606
Gm15966	9.72473885568314	-3.82899553765732	1.05206941659434	-3.63948944552744	0.000273179133569219	0.00261009436609972	3.56355247673955	down	NA
Hcar2	11.7415820513601	-3.82884660478471	0.988832095140835	-3.87208973454627	0.000107906208447757	0.00119536665348848	3.96695356720741	down	80885
Gm47710	11.654078467899	-3.82677885140539	0.957328697912437	-3.99735102452284	6.40552784901919e-05	0.000762241400951859	4.19344507630638	down	NA
Ajap1	15.1862608953204	-3.82083440182162	0.853540674126717	-4.47645263739871	7.58934947634701e-06	0.000118037001623847	5.11979544820736	down	230959
Olfr93	3.93789737975521	-3.81921547081515	1.4947977462732	-2.55500483616405	0.0106186322625201	0.049225933415966	1.97393141913909	down	NA
Gm48619	7.82796956124051	-3.81555133316031	1.09009432381304	-3.50020291805015	0.000464904117668688	0.00404830300461592	3.33263660724158	down	NA
Gm42705	13.559093703199	-3.81485828723381	0.87537278425853	-4.35798137186219	1.31267553378141e-05	0.000189414845640095	4.88184260925124	down	NA
Wdr64	21.1478674591849	-3.81294629371593	0.667936952459085	-5.7085422204568	1.13947913713736e-08	3.357674722167e-07	7.9432936219615	down	75820
Ccn5	47.7238624312104	-3.81035949648365	1.22772501075618	-3.10359360858567	0.00191185743634275	0.0127774535835258	2.71854449538525	down	22403
Dppa4	7.36036654946058	-3.80430174976876	1.2788527740597	-2.97477694613123	0.00293201658480551	0.0178899479070297	2.5328335774589	down	73693
Hs3st6	17.7781272338012	-3.79953001415721	0.949361984768863	-4.00219313087648	6.27580370192003e-05	0.000749299694659847	4.2023306489771	down	328779
Gm10739	22.4650035352991	-3.79900647799446	0.770968595743473	-4.92757616713421	8.32559720285787e-07	1.65140751950268e-05	6.07958460435577	down	100038639
Tmem233	11.1838677503734	-3.79479841769	0.968842308870075	-3.91683804778895	8.97179768366148e-05	0.00102084626260073	4.04712052843059	down	545798
Gm29069	9.71252526876163	-3.79243611467552	1.11600508268221	-3.39822476933598	0.000678246705271243	0.00551736192355218	3.16861230723978	down	118567757
Gm35281	11.2648884142994	-3.79193804197531	0.9363652563957	-4.04963556269848	5.12974555347102e-05	0.000626479845674815	4.28990417630418	down	102638804
Gm30667	11.041245385905	-3.7914863188895	1.26419079600298	-2.99914089777992	0.00270742070524209	0.0168077650707403	2.56744425410434	down	102632645
Itprid1	11.7851762776546	-3.78870039516114	1.07440038716616	-3.52633938000917	0.000421346656222458	0.00375249382684278	3.37536044825964	down	232016
Gm49655	5.65400066685065	-3.78814447773908	1.29175453724685	-2.93255751654864	0.00336182645725183	0.0199526141896788	2.47342470927941	down	NA
Runx3	13.0977895471712	-3.78593068378808	0.855903127236951	-4.42331680222961	9.71970532611254e-06	0.000146137823036974	5.0123469014506	down	12399
Gm27169	11.1193561549958	-3.77720040241473	1.07632878979071	-3.50933695934046	0.000449225384421945	0.00393805828784971	3.34753571099719	down	NA
Gm9951	25.7951675166758	-3.77675160436694	0.729987885222847	-5.17371819563005	2.294808523224e-07	5.12296370417449e-06	6.63925354575915	down	791287
Slc1a6	107.58270462244	-3.77533593325032	0.443547435203094	-8.51168473451244	1.71424145258942e-17	1.86703647734975e-15	16.7659280073008	down	20513
Ranbp3l	11.3087857954714	-3.76646455785279	1.12782267881217	-3.3395893065563	0.000839023688407769	0.00654202605359074	3.07622577743167	down	223332
Lrrc37a	9.23451545300776	-3.76543573381177	1.10830651181816	-3.39746784274925	0.000680125809912741	0.00553073221807504	3.16741074391578	down	237954
Gm32884	12.7102408885768	-3.76537089801408	1.22197795626298	-3.08137383224919	0.00206047777884923	0.0136042509520029	2.68603206474784	down	102635592
Gm40658	14.4442249765435	-3.7623370884261	1.26688778962509	-2.96974769134013	0.00298044430385619	0.0181408804592496	2.52571898950433	down	105245168
Abcc6	11.5628043349333	-3.7609993929117	1.03632772471882	-3.62916025809513	0.00028434468476672	0.00269811511989755	3.54615488556922	down	27421
Dmgdh	14.7085398175507	-3.76075862971434	0.976790434644183	-3.85011819969785	0.000118060835628114	0.00129020880629421	3.92789414719144	down	74129
Ndst3	77.6867251056497	-3.757535006598	0.39409032726688	-9.53470498161548	1.50312337226443e-21	2.91742581798597e-19	20.8230053722443	down	83398
Rn7sk	856.663331292997	3.75733697198277	0.664520282700047	5.65420961526733	1.56565046778625e-08	4.50604181813237e-07	7.80530518790714	up	19817
Apob	11.4833802094556	-3.75319920030437	1.14924406271789	-3.26579820776129	0.00109156004901932	0.00814853393236454	2.96195236784271	down	238055
Sfta3-ps	7.3604740168582	-3.74967714835598	1.36894078013927	-2.73910836959252	0.00616060630553626	0.0321801243517614	2.21037654397339	down	NA
Gm43158	9.52166227896133	-3.74733118240771	1.03848229944364	-3.60846899789752	0.000308009312396423	0.00288191183331872	3.51143615278124	down	NA
Iyd	242.157172291092	3.74503160546184	0.265797660669278	14.0897839207157	4.38902480771022e-45	1.03076247609074e-41	44.3576319644225	up	70337
Gm1715	5.54409648486408	-3.7427965377462	1.28834621665086	-2.90511703249756	0.00367115803007321	0.0214044553962933	2.43519692028719	down	382139
Ubash3a	17.43474551187	-3.73811812809493	0.99216498809465	-3.76763761365295	0.000164799698341292	0.00171861497137888	3.78304358759541	down	328795
D6Ertd474e	9.21986699932397	-3.7363171975919	1.18160279768232	-3.16207544948318	0.00156648971129177	0.0109250200718215	2.80507245322012	down	52285
Gm27211	7.05684857664329	-3.73525609455619	1.26182970674855	-2.96019032883693	0.00307449037335621	0.0186189805101265	2.51222686245177	down	102636126
Gm10801	337.565229563663	-3.73499166094942	0.655423114912099	-5.69859618309362	1.20797975384753e-08	3.55061383217888e-07	7.91794034457745	down	NA
Gm48159	10.5968811946404	-3.73055317845964	1.07003896373002	-3.48637134245597	0.000489620834393177	0.00422592623878125	3.31014011032843	down	NA
Mug2	5.41449412429084	-3.72867343834511	1.3184375096359	-2.8281002406969	0.00468251419681501	0.0260096608117787	2.32952089722254	down	17837
Gm35822	5.63938924432534	-3.72720147936539	1.34919247298081	-2.76254244965567	0.00573531032989746	0.0304668091150513	2.24144307803896	down	102639529
Neto1	11.0235510326689	-3.72527313669957	0.962120127100787	-3.87194179995501	0.000107971736682418	0.00119552863554295	3.96668991311733	down	246317
Gm7125	12.4071241852675	-3.72467027492618	0.959092875114969	-3.88353450595668	0.00010294891410803	0.0011513120227748	3.9873782299044	down	633752
Gm5622	7.01803279754734	-3.72455480231227	1.22796054820153	-3.03312252805456	0.00242037303612234	0.0153752936849697	2.61611769391863	down	434459
Mmp3	66.1390243737136	-3.72196184042883	1.02432509090661	-3.63357480302917	0.000279521359849235	0.00265771624941671	3.55358499954781	down	17392
Sult2a3	9.21074464589134	-3.71916742294679	1.10905479264033	-3.3534568784402	0.000798088485415598	0.0062811387201833	3.09794895501855	down	629203
Sost	25.5454188156939	-3.71823605737574	0.667798520081617	-5.56790101439773	2.57826209997737e-08	7.08192811906065e-07	7.58867293539692	down	74499
2200002J24Rik	28.8918297895906	3.71775087035302	0.544972772127402	6.82190204813369	8.98429205314044e-12	4.65775052688749e-10	11.0465161388697	up	69147
Ccdc36	9.10281442663789	-3.71183859566035	1.08657335596393	-3.41609572449665	0.000635259118425047	0.00524027411177107	3.19704909242752	down	NA
Gm13912	8.79639531413204	-3.70446857230897	1.12109377018053	-3.30433427679509	0.000952022430880861	0.00726152867464664	3.02135281895479	down	102631868
Serpinb3b	12.4637140899322	-3.70417381670126	1.04236499513351	-3.55362453074973	0.000379961258940552	0.00343868599854292	3.42026068203071	down	383548
4930598N05Rik	269.448055270284	3.70349567511349	1.15085711610097	3.21803256312191	0.00129073163399895	0.00935581247668686	2.88916404587373	up	102634128
Gm40645	5.39458247073613	-3.69535380474643	1.21133844404791	-3.05063694040596	0.00228356519054911	0.0147374356966325	2.64138658576855	down	105245153
Gm11775	5.28583978653246	-3.69398785615264	1.29514003403333	-2.85219185499874	0.00434188862441597	0.0245059491334797	2.36232132100641	down	105243657
Gm49292	5.26508853501621	-3.6885507280447	1.34855965779726	-2.73517801509025	0.00623465488100922	0.0324730250344869	2.20518758186813	down	NA
Tle7	990.23568217544	3.68651391585745	0.791942265307243	4.65502862690025	3.23935696286596e-06	5.56520104410439e-05	5.48954119201422	up	102638837
Gm7298	7.05046996149862	-3.68508145367769	1.36341574328091	-2.70283035225188	0.00687518267739493	0.0350170603293472	2.16271575790052	down	640530
Gm44613	10.6223983554995	-3.68292263127102	1.02359334282434	-3.59803300508866	0.000320632937840088	0.00297748696922675	3.49399186567674	down	NA
Gm14280	10.7219955623304	-3.68165325473105	1.05139225620972	-3.50169333375486	0.000462311414163839	0.00402871375199917	3.33506538398529	down	118568560
4931403E22Rik	5.24335372014713	-3.67894321301074	1.29517551473635	-2.84049780987377	0.00450431822596803	0.0252166659205862	2.34637093456439	down	70942
Gm49944	18.1813732063489	-3.67644740149546	0.923764430594671	-3.97985382391131	6.89576562939371e-05	0.000811764690758453	4.16141750756483	down	NA
Gm18870	10.9353557967363	-3.67516420552542	1.17494963963052	-3.12793338672894	0.00176040074061058	0.0119419443654649	2.7543884573989	down	100417865
Gm35154	13.3495794685725	-3.67208408610832	1.16772156294935	-3.1446572561644	0.00166281516093607	0.0113984862973098	2.77915602441068	down	102638637
Mfap5	265.840500404822	3.66626323161084	0.41829756615543	8.76472522971492	1.87232747081711e-18	2.29018805479895e-16	17.7276181906775	up	50530
Gm33125	8.49667308139066	-3.66218648520586	1.07305470141096	-3.41286094771353	0.000642847340699494	0.00528061203089458	3.19189214832514	down	102635908
Dytn	5.41004922483704	-3.65985301463396	1.3529109246633	-2.70516923761614	0.0068269598553561	0.0348243162908423	2.16577265092723	down	241073
Gm31086	5.27867884347594	-3.65936050581268	1.29949625489487	-2.81598387992948	0.00486281065701318	0.026833437095854	2.31311264020259	down	102633198
Fa2h	13.981867934101	-3.65834219827107	1.07325192963261	-3.40865187125579	0.000652847343650367	0.00534779207032747	3.18518835863447	down	338521
Il1rl1	10.274033050798	-3.65579814071374	1.08070581240021	-3.38278752530657	0.000717541230582617	0.00578094538601466	3.14415313891445	down	17082
Nlrp12	10.8096752480983	-3.65410859911574	1.16192001986593	-3.14488823381953	0.00166150292587994	0.0113961437541736	2.779498889599	down	378425
Gm20629	8.49453596680761	-3.65385494683189	1.11428318476724	-3.27910803715048	0.00104135760635312	0.00784106552908079	2.98240010641994	down	102637859
Gm12023	10.3662106317244	-3.65342310734731	0.994362388871619	-3.67413645994107	0.000238655168878575	0.00233339577065501	3.62222915509144	down	NA
Elfn1	14.2244338888838	-3.64713052484787	0.893995422700423	-4.07958523303314	4.51161259302874e-05	0.000559721192537137	4.34566819979008	down	243312
Gm20125	28.9921952909242	-3.6433338244898	0.601211451990274	-6.05998740115272	1.36132211089838e-09	4.85876136389795e-08	8.86603910151659	down	100504235
F730043M19Rik	21.0739193147583	-3.64022668601574	0.658499895387281	-5.5280596269113	3.23792010196657e-08	8.71048723879553e-07	7.48973387198263	down	320046
Gm609	9.8810453298158	-3.63837613333655	1.12045320228131	-3.24723614152612	0.00116531659900746	0.00860611959990255	2.93355606732272	down	NA
4930445E18Rik	10.2317833612789	-3.63759681800659	0.949196589672828	-3.83229023111051	0.000126955838603473	0.00137339424108749	3.8963473214546	down	78115
Cstdc5	17.6927587167005	-3.63695618850159	1.0976123111659	-3.31351621287699	0.000921307655497617	0.0070731972178364	3.03559532010335	down	100034684
A230077H06Rik	11.893286550834	-3.63503224439033	0.931814443842244	-3.90102586240414	9.57859160099111e-05	0.00107943005637848	4.01869834320577	down	320210
Vmn2r91	5.15597092095975	-3.62291425977801	1.22461199468075	-2.95841807487968	0.00309222424424742	0.0186801814087855	2.50972901911725	down	665210
Trpv4	113.248108977742	3.62077728036813	0.483226212979991	7.49292398282634	6.73559159944976e-14	4.72195130486799e-12	13.1716242533793	up	63873
Dll1	197.196916828681	3.6199058344814	0.416882749579148	8.68327086725409	3.84547154321839e-18	4.44881276810265e-16	17.4150503981093	up	13388
2310015D24Rik	26.5844943308953	-3.61923019939702	0.678910944468244	-5.33093512320939	9.77083229378882e-08	2.39778470657921e-06	7.01006844086623	down	70100
Mei1	13.6218298493248	-3.61128762387815	0.867056079797418	-4.16499890609371	3.11354057578646e-05	0.000404433077557218	4.50674547016248	down	74369
Gm48530	6.6075938690371	-3.60462916357929	1.26631588657167	-2.8465481652751	0.00441960427844606	0.024825258665225	2.35461661467376	down	NA
Terb2	4.98705811536051	-3.59943815036659	1.32257762575354	-2.72153261954345	0.00649799717708997	0.0335691737140251	2.18722048166055	down	74401
4930510E17Rik	6.91192554646058	-3.59645875517387	1.18607850230582	-3.032226575376	0.00242756913495716	0.0154126685954228	2.61482839293268	down	74695
Vwa3b	27.9510568730973	-3.59454175093301	0.730998126567776	-4.91730637916995	8.77431703723772e-07	1.73163727411368e-05	6.05678667754044	down	70853
Shoc1	16.3615424739365	-3.59129739967938	0.835125872145854	-4.30030671957455	1.70561875258713e-05	0.000238857819943404	4.7681180377354	down	100155
Col6a5	12.0878168939495	-3.58923640066364	1.18705966912548	-3.02363604291928	0.00249756707097628	0.0157633331528831	2.60248284017354	down	665033
1700123O12Rik	38.2059699899204	-3.58679692455624	0.588844231950075	-6.09124914525841	1.12033033490678e-09	4.06033301161817e-08	8.95065390458447	down	73624
Cpn2	6.83490366962713	-3.5848842356577	1.17649345196795	-3.04709238258929	0.00231066681922443	0.0148511248630229	2.63626267200424	down	71756
4933427J07Rik	6.23367198945292	3.58453146063693	1.10251706367765	3.25122538120188	0.00114908726008695	0.00851303290319937	2.93964699034104	up	71220
Ptprz1	373.765445765857	-3.58424631301903	0.399006570137619	-8.98292554877681	2.63660941605753e-19	3.47869506382646e-17	18.5789542012701	down	19283
Gm41311	8.44473482928611	-3.57834944962759	1.13297881238025	-3.1583551347354	0.00158662143846991	0.0110111715373717	2.79952668181192	down	105245939
Pkhd1	68.3280858714772	-3.57758224838745	0.580539803467617	-6.16250983484376	7.16008824362743e-10	2.73867544627997e-08	9.1450816252502	down	241035
B020031H02Rik	6.79453162328562	-3.57307977458727	1.19956224036685	-2.97865309055955	0.00289518360431889	0.0177158381832802	2.538323889341	down	434278
Ttll6	10.0255085067287	-3.57197832053236	1.00843196929143	-3.54211134643243	0.000396937882431763	0.00357304950897277	3.40127745149349	down	237930
4930431L21Rik	6.81700234164118	-3.57081670746202	1.21270190971546	-2.94451313950668	0.00323463211529808	0.0193690298897948	2.49017510583957	down	73954
Vmn2r71	6.61539630350171	-3.56950105414324	1.2836273718115	-2.78079225523668	0.00542264258036878	0.0292222948600185	2.26578902003238	down	233445
Gm12153	40.8949885659809	-3.56285966595879	1.22034091685313	-2.91956093314176	0.00350524860442306	0.02064211722038	2.45528117492976	down	102638460
4933409G03Rik	6.27830353842711	-3.56227182996718	1.37485530005974	-2.59101581803728	0.0095693092926598	0.0454962685700743	2.01911940822233	down	227998
Gm12239	26.2224019994369	-3.55881468584834	0.829433935311159	-4.29065478797086	1.78147063013967e-05	0.000247408708380358	4.74922133316333	down	115485826
Pax2	17.5516475936621	-3.55798375771902	0.908412375774	-3.91670551019022	8.97672943728123e-05	0.00102091278854504	4.04688186445302	down	18504
Gm38343	14.1806561672233	-3.55683241129898	0.984878444184684	-3.61144304893732	0.000304497956967837	0.00285377021243007	3.51641561692461	down	NA
Lrrn4cl	1184.7757626367	3.55572217614318	0.234317907383821	15.1747777873365	5.19533887735021e-52	1.52515666918212e-48	51.2843861193747	up	68852
Gm31517	6.34934513662017	-3.55494275180451	1.23640492490027	-2.87522532481926	0.00403739260302656	0.02309258774527	2.39389901699107	down	102633770
Nkx2-2os	13.0952444850096	-3.54934868459983	0.940403438485786	-3.77428297190714	0.000160468535368665	0.00168016208342982	3.79461011126773	down	100313531
Pcare	12.9657051587663	-3.549238228818	0.821858857600151	-4.31854958548706	1.57057938533261e-05	0.000221798297441589	4.80394010718616	down	225004
Pax5	20.7259414199749	-3.53978750210558	0.6745621861129	-5.24753325190561	1.5414923353341e-07	3.58080588479934e-06	6.81205863034739	down	18507
1700009N14Rik	8.19598462938606	-3.52969695202642	1.07690047024417	-3.27764454520679	0.00104677120775709	0.00787425426463012	2.98014823146986	down	75471
Gm12811	15.7545535158081	-3.52925185740013	0.828397230051322	-4.26033758850387	2.04118361754988e-05	0.000278704635221854	4.69011792595427	down	NA
Oca2	40.769142103957	-3.5283900260047	0.579641788471909	-6.08719056523941	1.14909170546853e-09	4.15815388334797e-08	8.93964531022411	down	18431
Gm3143	6.16108202100724	-3.52442294655734	1.2598540544837	-2.79748510076566	0.0051502142509255	0.0280567807197832	2.28817470376284	down	100041108
Dtx1	9.34268127481103	-3.52312429887482	1.08604393130189	-3.24399796116121	0.00117864589909322	0.00867455309940589	2.92861665051834	down	14357
Dcx	8.14645252509711	-3.5142647819118	1.10522411850049	-3.17968520871565	0.00147435118787206	0.0104073151930193	2.83139905596908	down	13193
Gm32592	8.19573438256036	-3.5111234115574	1.13035370765096	-3.10621656548021	0.00189497876337225	0.0126971686898138	2.72239565271539	down	102635190
Cacng4	15.8923157463177	-3.50772484465564	0.842517888069704	-4.1633832282092	3.13566421930472e-05	0.000406856763482714	4.50367044965812	down	54377
Fcrl1	6.33458404193467	-3.50248608881261	1.31618563780986	-2.6610882144564	0.00778885479042317	0.0386480572053852	2.10852639274615	down	229499
Nxf7	45.2515656563483	3.49828256239341	0.513885597107966	6.80751237645298	9.93007706146072e-12	5.10301662556685e-10	11.0030473811887	up	170722
Gm26600	7.86575961125568	-3.49629948770063	1.00532737778139	-3.47777208198234	0.000505599632204477	0.00434467887388297	3.29619325065056	down	NA
Gm20757	1047.24961164396	3.49422097483941	1.05298307672781	3.31840183576157	0.000905341382991488	0.00697112864903445	3.04318762765327	up	627800
Uba1y-ps1	1983.32466528227	3.49337665135414	1.09058037036788	3.20322714975673	0.00135896746326304	0.00973919770361077	2.86679094112952	up	22203
Mcpt2	6.07035281339235	3.48996162318788	1.28244055760969	2.721343771046	0.00650171092217469	0.0335735886119773	2.18697234392868	up	17225
Onecut3	4.79218455513341	-3.48882481260218	1.32950655649605	-2.62415013717349	0.00868654848365801	0.0420834841873953	2.06115275200515	down	246086
Casp14	12.1954532217292	-3.48619906106116	0.937915228235215	-3.71696604992843	0.000201629525490507	0.00202969112993765	3.69544587193529	down	12365
4930579F01Rik	4.70834046623292	-3.48531844379005	1.31613451802982	-2.64814758373434	0.00809341842727254	0.0398644991116811	2.09186800613432	down	67741
Gm14066	42.6430151191199	-3.4846465282482	0.638968320744974	-5.45355131876562	4.93736882123654e-08	1.28837896407489e-06	7.30650442978977	down	545466
Gm40662	9.44839330794202	-3.48330891133219	1.04425950618637	-3.33567364309013	0.000850929935833117	0.00661068129111504	3.07010619753438	down	105245172
Gm46329	11.9836175881128	-3.47808296289983	1.08806586696453	-3.19657391018333	0.00139070192325384	0.00992422809711833	2.85676594474429	down	108167972
Dyrk4	7.5708091242945	-3.4770865352528	1.14887167099025	-3.02652299908813	0.00247384000499385	0.015643008216823	2.6066283916896	down	101320
Gm35164	9.1731076800951	-3.47689865552163	1.02620854212502	-3.38810145579362	0.000703782262969166	0.00569549498477976	3.15256168264389	down	102638651
Kctd19	11.7757018965666	-3.47668558986559	1.17817398565399	-2.95091016454222	0.00316839055341161	0.0190598494228667	2.49916129023366	down	279499
Rassf6	175.787524263809	-3.47583176036703	0.270892725939255	-12.8310265560488	1.0989830042666e-37	1.1221572110957e-34	36.9590090238734	down	73246
2810404M03Rik	18.463377919453	-3.47345378248606	0.719286825573739	-4.829024610197	1.37203452580263e-06	2.58398001912387e-05	5.8626349599289	down	69966
5033403F01Rik	38.7106328777997	3.46694641222774	0.511559609858368	6.77720903960266	1.22519557917013e-11	6.16139575520569e-10	10.9117945789121	up	75958
Gm49236	7.43368897668982	-3.45978655675286	1.19725159442604	-2.88977402315466	0.00385518845942584	0.0222618886082163	2.41395438677304	down	NA
Gm13219	10.7609361782023	-3.45738015714564	1.0852635999335	-3.18575151452375	0.00144378545129401	0.0102315332901749	2.84049733878987	down	100040710
1700112H15Rik	6.02898840799201	-3.45603744242942	1.14723914001317	-3.01248215990064	0.00259120666237221	0.016237879953344	2.58649794836166	down	73590
Gm26713	32.2166723492706	-3.45202988048495	0.567341420121457	-6.0845722840859	1.16802697839073e-09	4.21451876580358e-08	8.93254712603277	down	NA
Gm16342	7.58452766394076	-3.45148480355618	1.05477901340449	-3.27223499869976	0.00106700847451504	0.00799320383540213	2.97183213125922	down	102637702
Arsj	19.9158053857592	-3.44720459446797	0.650550495612591	-5.2989039555214	1.16499891720607e-07	2.80615380211123e-06	6.93367447828745	down	271970
1500009C09Rik	4.5792859359775	-3.44386339171244	1.31238715946136	-2.62412152304651	0.00868727831979955	0.0420834841873953	2.06111626449865	down	NA
Slc38a8	6.07434796779483	-3.44282670184209	1.15721488981123	-2.97509713377754	0.00292895788261969	0.0178768530655423	2.53328687327483	down	234788
Crabp2	126.319859100952	3.44226502135085	0.460320847996618	7.47796897822915	7.54800085096126e-14	5.24452070961022e-12	13.1221680595448	up	12904
A530001N23Rik	9.18119760301262	-3.44167125461534	1.07350484120003	-3.20601372488273	0.00134587568865926	0.00967434972586968	2.87099505171867	down	328265
Skap1	87.6107971696838	-3.44142074711488	0.404763261113826	-8.50230511940435	1.85862513494836e-17	1.99613965142676e-15	16.7308081940043	down	78473
AU023762	17.0713999813743	-3.44066204982222	0.847738091392552	-4.0586380212907	4.93597565021186e-05	0.000605093580259009	4.30662699139878	down	102688
Trp73	7.54859066647693	-3.44065732611149	1.04913522919783	-3.27951748292947	0.00103984767058374	0.00783220735845386	2.98303027673038	down	22062
Tph2	29.0093451473786	-3.43982201540503	0.646006141672181	-5.32475125778384	1.0109127885171e-07	2.47047729847284e-06	6.99528630939366	down	216343
Rnf39	30.0535376240997	-3.43965101911042	0.699641644489475	-4.91630400534593	8.81934076480923e-07	1.73906144300206e-05	6.05456387664888	down	386454
Gm26714	68.2182056669868	3.43924688853148	0.686550484045821	5.00945956408639	5.45830930419994e-07	1.12941316307609e-05	6.26294185794769	up	NA
Gm5087	12.0286926440346	-3.43126800805745	0.987971829811653	-3.4730423525452	0.000514594143983666	0.00441389462069262	3.28853516031388	down	328354
Lipi	4.54564060436549	-3.42576825954947	1.25454970558284	-2.73067559165216	0.00632046532532013	0.0328616622017142	2.19925094691072	down	320355
Klf2	457.671217148517	3.42416583171478	0.554349144044022	6.17691191283386	6.53675189535565e-10	2.52492793194782e-08	9.18463799851623	up	16598
4930440I19Rik	11.638403987343	-3.41799843059662	1.26688715312083	-2.69795018615255	0.00697678796968199	0.0353963848494236	2.15634447538639	down	78158
Gm20098	11.5344701613894	-3.41768561164532	1.03043118680151	-3.31675288502664	0.000910701278371792	0.00700092292064207	3.04062405379483	down	100504169
Gm50162	5.73576570927772	-3.41720500954906	1.30884299564651	-2.61085937802731	0.00903150225331772	0.0433929685800259	2.04424000538271	down	NA
Agxt	5.7383309367497	-3.41694332869865	1.33368817840202	-2.56202565489686	0.0104063631165661	0.0484907614667767	1.98270102403199	down	11611
Abca16	10.4476298572822	-3.41481186745893	0.907097271303371	-3.76454871543415	0.00016685013908974	0.00172924780076017	3.77767342697214	down	233810
Vmn2r-ps34	5.87341843830272	-3.41446540020641	1.2471441369031	-2.73782740837414	0.00618465238408505	0.0322626746424339	2.20868470539885	down	623337
Gm47431	9.88610993299579	-3.4076360961821	1.20099179659115	-2.83735168371191	0.00454894758358372	0.025393875445796	2.34208906741087	down	NA
Gm27166	8.48946316556201	-3.40170664339829	1.15881515173578	-2.93550411237107	0.0033300619731249	0.0197840894102804	2.47754768411058	down	102634550
Gm20667	48.288671883461	-3.400510567478	0.513942953635818	-6.61651364888176	3.6776893312856e-11	1.75549865742362e-09	10.4344249600917	down	NA
Gm43388	5.81958997755063	-3.39843197154574	1.11772778016065	-3.04048269343122	0.00236199265820139	0.0151025584022498	2.62672145664104	down	NA
Tmem30c	9.08051477200494	-3.38843997129598	1.00075003508767	-3.38590042717224	0.000709451208673104	0.00572952600952127	3.14907746706016	down	71027
St8sia1	20.3284030275572	-3.38794468671186	0.631999682051018	-5.3606746695141	8.29117155198583e-08	2.07588660872481e-06	7.0813840988087	down	20449
Tenm1	67.7780112053681	-3.38738445567729	0.573087887207636	-5.91075911965664	3.40534705240891e-09	1.11594843296116e-07	8.46783862082448	down	23963
Cdsn	579.720022430285	3.38164282147417	0.360922545413164	9.36944190505766	7.29170572708247e-21	1.23051063814893e-18	20.1371708665781	up	386463
Ccdc3	16.3233768569779	-3.36536090726562	0.903806053749916	-3.72354322401653	0.00019644620966814	0.00198431795013172	3.70675634626725	down	74186
Gm30159	11.7832042939656	-3.36487289732173	0.892524396497286	-3.77006265658079	0.000163206568208819	0.00170502947259079	3.78726236715418	down	102631960
Gm8188	5.48669498068003	3.36292747242759	1.24228684365598	2.70704587237732	0.00678848765327015	0.0346905663299634	2.1682269675451	up	666611
Gm42953	8.22797193233801	-3.36117556274347	1.26769640291193	-2.65140419663791	0.00801578499818413	0.0395318586061223	2.09605394009889	down	NA
F930017D23Rik	17.7053598544721	-3.35822872862513	0.827551416494355	-4.05803030686738	4.9488346771588e-05	0.000606277425107326	4.30549705416963	down	414125
Gpr83	64.4872251349481	-3.35728763071629	0.559758678033902	-5.99774110248444	2.00081172053997e-09	6.9305403033748e-08	8.69879377721971	down	14608
Gm37381	11.4113989571777	-3.35717384838762	0.948194951813872	-3.54059451800016	0.000399226610729285	0.00358815038384127	3.39878051821705	down	NA
Cacna1i	11.3271257258213	-3.35094733912523	0.963123435459495	-3.47925013113873	0.000502819027960062	0.00432394905589237	3.2985882958594	down	239556
Cyp2c66	8.18073409948968	-3.35059719749845	1.2743538706003	-2.62925179167079	0.00855729748444387	0.0415824811550102	2.06766337000828	down	69888
4930474H20Rik	11.2600250100047	-3.34366203348891	1.16460427050083	-2.87107141729009	0.00409083090882377	0.023318729100419	2.38818847134065	down	74967
Gm34078	4.2283837477647	-3.34354383658954	1.31070621755104	-2.55094832985283	0.0107430251596242	0.0496457980861419	1.96887340717143	down	102637205
Slc6a5	8.76505707326501	-3.34341856827619	1.10421065982195	-3.02788108277756	0.00246274979086315	0.0155896708459356	2.60857970913828	down	104245
Gm26754	10.061843214942	-3.33726083710576	0.867629650208327	-3.84641169916732	0.000119860298919021	0.00130675091621463	3.92132464355327	down	NA
Gm32780	11.3261628917579	-3.33512009931152	0.913378594123015	-3.65141040174447	0.000260804087917479	0.00251436124989409	3.58368560563149	down	102635444
Epha6	108.327688264576	-3.33256212372606	0.509887762862622	-6.53587390490864	6.32391799153875e-11	2.90640340570034e-09	10.1990137706268	down	13840
4932411K12Rik	34.1464504956946	-3.32993635936682	0.62725944884179	-5.30870657351661	1.1040590697451e-07	2.67583356583734e-06	6.95700769021364	down	NA
Gm15228	12.3843697122893	-3.32606634946143	0.895763253463786	-3.71310872219866	0.000204728883878701	0.00205495364109156	3.68882088120554	down	100503034
Gm47392	14.6835478431779	-3.32461735982874	1.01983921453034	-3.25994265807853	0.00111434740572489	0.00829589122114463	2.95297939366097	down	NA
Spata16	46.8531101625451	-3.3241452114914	0.734860128989783	-4.52350737283995	6.08231997760619e-06	9.71062438301028e-05	5.21593073630413	down	70862
Marchf4	16.5649587394154	-3.32386446968517	0.925916090902913	-3.58981175761173	0.000330916846440615	0.00305808458987201	3.48028112304878	down	381270
4930557F10Rik	5.68773327495029	-3.31292001638393	1.18347463929568	-2.79931644192692	0.00512109236410681	0.0279305281400484	2.29063739115249	down	75322
Bhmt	65.3515070687598	-3.31065549136223	0.658173947005352	-5.03006159150707	4.90322302605413e-07	1.0263118784927e-05	6.30951835215832	down	12116
Gm48155	20.7245659506572	-3.30990611798929	0.735074773009992	-4.50281554954723	6.70590812368789e-06	0.000105838879223663	5.17354240104867	down	NA
Tmem178b	46.9528938267554	-3.30663816622642	0.519773196956035	-6.36169426509715	1.99540326390029e-10	8.45885300590222e-09	9.69996932173746	down	434008
1700028P14Rik	7.95726277057019	-3.30630490341316	1.25018312684773	-2.6446564766474	0.00817738879950774	0.0401853894028959	2.08738535293071	down	NA
D030024E09Rik	23.438750831686	-3.3055539881095	0.691756022363807	-4.77849687063665	1.76610511376956e-06	3.23785937524419e-05	5.75298345196367	down	432956
Gm12162	6.78138476342814	-3.30507365289033	1.17394330487191	-2.81536053672623	0.00487225391477301	0.0268792302533343	2.3122700867727	down	NA
Lmod1	78.3544750928541	-3.29797921492274	0.467573528774078	-7.05339163140748	1.74608505590402e-12	9.95310862570535e-11	11.7579346046109	down	93689
Nptx2	12.1483740069845	-3.29402725053625	0.898907632078189	-3.66447800973808	0.000247843531770387	0.00240123982822918	3.6058224108443	down	53324
Gm5127	13.665460696955	-3.29224567479951	0.841518985823183	-3.91226547500768	9.14343177981856e-05	0.00103786126316597	4.0388907710814	down	331493
Abcg3	12.4420474560702	-3.29129725069593	1.02781975309903	-3.20221248985746	0.00136376359969166	0.00976165441595816	2.86526090552067	down	27405
Cxcl5	433.746842581659	-3.28830575561849	0.930356973188031	-3.534455967316	0.000408615511779967	0.00365713997490569	3.38868515079076	down	20311
Gm16499	10.8959507662764	-3.28803948860353	0.960962835217992	-3.42160941932541	0.000622516706165938	0.00514963185780453	3.20584898913452	down	100049166
Adra1a	23.4013974413058	-3.28266047642456	0.659179356076685	-4.97992002656508	6.36105537514691e-07	1.29678286011567e-05	6.19647082372608	down	11549
Gm15802	5.58533376567359	-3.28076847186367	1.15243754738251	-2.84680803685645	0.00441599824589045	0.0248168745644263	2.35497110778797	down	102641625
Galnt13	57.4142560541186	-3.28029933247376	0.599595939647709	-5.47084980995883	4.47882738071632e-08	1.17656891539287e-06	7.34883567545373	down	271786
6330411D24Rik	55.7010896784143	-3.27950971018209	0.64045537893298	-5.12059047055841	3.04580449944301e-07	6.638124948291e-06	6.51629797609451	down	70725
Gm5834	10.6349253455954	-3.27929625336644	1.15960241612373	-2.82794879328412	0.00468472993535375	0.0260158152120555	2.32931544020123	down	545367
Gm41225	10.9470779323037	-3.27775847092003	0.839685885398628	-3.9035531356633	9.47907273939329e-05	0.0010699967464035	4.02323414408185	down	105245836
Igfbp5	17805.6712386914	3.27635104750835	0.204643404680676	16.0100495426214	1.08723213280798e-57	5.10672932779907e-54	56.9636777206474	up	16011
Cntnap4	34.2158992007562	-3.27345423315711	0.734979179929569	-4.45380539006669	8.43615717190536e-06	0.000129661748155888	5.0738553376268	down	170571
4930511M18Rik	9.25612405964071	-3.27200056914334	1.04281711482139	-3.1376552251003	0.00170305071502667	0.011626786640233	2.7687724190202	down	75063
Kcnq2	10.9135959925427	-3.26783557207365	0.931178551911596	-3.50935442549142	0.000449195881918891	0.00393805828784971	3.34756423386227	down	16536
Trpc7	23.3265464793272	-3.26751176359207	0.674041452929951	-4.84764215819178	1.24937500061896e-06	2.38162109492989e-05	5.90330718832265	down	26946
Pdzph1	12.3398108435507	-3.2674195102272	0.885672194996233	-3.68919734489474	0.000224962672517413	0.00222640049054844	3.64788953728673	down	69239
Gjd4	11.6172952181466	-3.26741785307127	1.05727767604275	-3.09040654797591	0.00199882694012384	0.0132493510270416	2.69922480578324	down	225152
Gm30954	16.3103305999021	-3.26166978729754	0.668289246751569	-4.88062587143504	1.05749692344599e-06	2.05250539232472e-05	5.97572088743507	down	102633030
Bdkrb1	8.31644261783292	-3.26025792988389	1.06530988742482	-3.06038455886758	0.0022105295935053	0.0143886606162617	2.65550366659388	down	12061
Gm35048	12.4744917589237	-3.25927420740715	0.865593333603924	-3.76536426619306	0.000166306449071291	0.00172814279760892	3.77909090927856	down	102638497
4930554H23Rik	10.9974343222157	-3.25693840417	0.976062992874895	-3.33681168935318	0.000847453457191502	0.00658803192391342	3.07188414426347	down	77631
Gm48707	7.96185681196203	-3.25492678599328	1.20864001348738	-2.69304900522166	0.00708018614808038	0.0358280912923223	2.14995532394563	down	NA
Gm29630	8.36200529735435	-3.25372664277529	1.14127520789602	-2.85095708753162	0.0043587851592823	0.024571788157884	2.36063453645091	down	102632453
Myh15	18.4142883311397	-3.25091443159092	0.867522413184281	-3.7473549757156	0.000178709097706864	0.00183194376239446	3.74785333790669	down	667772
Tdrd5	10.7307390431615	-3.24559957114784	0.817507830701693	-3.97011435151886	7.18381454365914e-05	0.000840617262370877	4.14364488788099	down	214575
Gm49357	13.5483794528929	-3.24032528086712	0.803731870599409	-4.0315998399448	5.53984534159888e-05	0.000668611650139792	4.25650235950041	down	NA
Lrrc6	24.8640745500668	-3.23595263737814	0.741731347621666	-4.36270173527667	1.28466032888965e-05	0.000186121208044253	4.89121168695475	down	NA
Gm21168	11.8292077159319	-3.23486033837614	0.793200334805607	-4.07823874553573	4.53781557273223e-05	0.000562377829686631	4.3431531588196	down	100861728
Gm31108	10.5578587600582	-3.22705171716731	1.01772531158404	-3.17084745798901	0.00151994936504056	0.0106523458185549	2.81817087971955	down	102633311
Crhr1	8.13589859659264	-3.22365099548608	1.0330261517822	-3.12058991916571	0.00180489184753229	0.0121979525292937	2.74354881670966	down	12921
Slc25a21	66.9389554815401	-3.22304712756393	0.593645192608068	-5.42924825753929	5.65919172596575e-08	1.46372376304301e-06	7.2472455924901	down	217593
Gm28175	7.98449838753806	-3.21678446095693	1.04472850427681	-3.07906259644335	0.00207653046270252	0.0136999338683123	2.68266169340719	down	102640173
Syt16	44.1808290368368	-3.21627753749281	0.547773710949374	-5.87154416724109	4.31754531740741e-09	1.39858692109397e-07	8.36476309533626	down	238266
Gm1979	10.0687842604367	-3.2123496480546	1.03340193363559	-3.10851909939176	0.00188027492413092	0.0126130410149142	2.72577864578755	down	100038949
Gm20915	9.72002448866984	3.20889601947854	0.924830697705907	3.46971183746212	0.000521017023483762	0.00445434466564112	3.28314808651952	up	100042409
Abca8a	7.66147998740158	-3.20534720290215	0.997885704942345	-3.21213861169336	0.00131750791389273	0.00950005322621145	2.880246767425	down	217258
9130204K15Rik	20.1186543123624	-3.20485619716569	0.815510194533209	-3.92987876626131	8.49887015911879e-05	0.000975065782544723	4.07063880561212	down	105242790
Krt13	57.3438404680834	3.20428903236342	0.610682775890879	5.24705978106051	1.54545762631115e-07	3.58646960018947e-06	6.81094289801674	up	16663
Glra2	13.1567035836693	-3.20295767945872	0.851037698682908	-3.76359083083594	0.000167490851764294	0.00173359306023995	3.77600890884676	down	237213
Atp2c2	18.4733253847389	-3.20278084504804	0.886296216518197	-3.61366864187926	0.000301894839074861	0.00283713497225815	3.52014431122489	down	69047
Pde4c	10.6181702559034	-3.2021376330772	1.04875970821821	-3.05326149353836	0.00226368587150257	0.0146736579332702	2.64518383973567	down	110385
Olfr111	14.6293944422679	-3.19993745459486	0.923844339523471	-3.46371928440393	0.000532762163784451	0.0045382370027123	3.27346662588563	down	NA
Gm42825	7.85772689889035	-3.19595189853094	1.0869180887257	-2.94037971368926	0.00327810252413965	0.0195771610522567	2.48437746779669	down	NA
E330013P04Rik	10.4393508116614	-3.19336740662926	0.965140724238622	-3.3087065196098	0.000937280300989205	0.00717705505990593	3.02813051053331	down	107376
Gm41333	18.36202470721	-3.19021814363926	0.859183640197805	-3.71308064351038	0.00020475160826716	0.00205495364109156	3.68877267829131	down	105245962
Enthd1	17.9635516146996	-3.19019687694691	0.778189107325438	-4.09951366180299	4.14019231477131e-05	0.000519681542022471	4.38297948513414	down	383075
Gm973	5.14402053124368	-3.18604620891084	1.22227270418126	-2.60665741614922	0.00914307865133911	0.0438608029681211	2.03890754429252	down	381260
Gm28494	12.7740468933752	-3.17645886744335	0.824590475684945	-3.85216536099915	0.000117077914169959	0.00128245093949696	3.93152502344824	down	NA
Platr28	14.1467136138821	-3.17535872501327	0.817981850112946	-3.8819427650807	0.00010362526995827	0.00115722276032809	3.98453432504254	down	434225
Gm10754	22.5010567176015	-3.17417334258592	0.78475922635521	-4.04477352541399	5.23737287087745e-05	0.000637304154780087	4.28088650572426	down	100038699
Cnbd1	25.3285175408689	-3.17365847639487	0.717051213383441	-4.42598578338611	9.60028469234934e-06	0.000144536470860824	5.01771588795178	down	435772
Gm14004	2156.21610573628	3.17004016290599	0.684607240238533	4.63045082871381	3.6487042581358e-06	6.1558778378103e-05	5.43786133648868	up	100043375
Gm9732	10.2141794230891	-3.16720179838577	0.998797760880568	-3.17101411560382	0.00151907761354023	0.0106494142549231	2.8184200363603	down	108168154
Gm28638	6.43680862584422	-3.16710272680054	1.07453301187324	-2.94742245403826	0.00320435109868147	0.0192318388838575	2.49425990461462	down	NA
Agtr1b	6.17713224690129	-3.16461393056043	1.16743222702953	-2.71074744836592	0.0067131736820534	0.0344083116374998	2.17307211667898	down	11608
Gm35288	13.0629300401697	-3.16333877827114	0.824100494056455	-3.83853522851357	0.000123770458800529	0.00134447235195671	3.90738299918393	down	102638812
Gm38256	23.5150888486443	-3.16043240874877	0.871677790763403	-3.62568880638901	0.000288192242254772	0.00272438081806359	3.54031771398452	down	NA
Gm31243	19.1500477798655	-3.15818483262928	0.75267538560099	-4.19594541424728	2.71735691696826e-05	0.000359615911291483	4.56585331451199	down	102633410
Gm4969	10.3922853898882	-3.15485795489487	0.937112469625315	-3.36657344465416	0.00076108312525729	0.00605079119724694	3.11856790713348	down	NA
1700057H15Rik	22.786644295482	-3.1521883131154	0.742543775469681	-4.24512118645335	2.18475311852007e-05	0.000295388180704915	4.66059763206756	down	78460
Snx31	23.7239469573734	-3.15172687537777	0.668375017185482	-4.71550670557623	2.41109952144143e-06	4.28650054966328e-05	5.61778486315186	down	66696
8030423J24Rik	9.16338972830701	-3.14941649938647	1.14672680900362	-2.74644010644782	0.00602458851160838	0.0316526758825778	2.22007261070176	down	77166
Lrrc15	41.2554892435527	-3.14933402369682	0.589559612212151	-5.34184153470056	9.20070697314428e-08	2.27690835894935e-06	7.0361788006176	down	74488
Prss27	15.2701034808104	-3.14568286712857	0.720683760512377	-4.36485881809258	1.27204887778029e-05	0.000184521728812045	4.89549620083978	down	213171
Gm4739	6.47632057531447	-3.14478582535328	1.10064659784325	-2.85721668655096	0.00427373971588392	0.0241677768426521	2.36919193125887	down	15352
Kcna1	91.0857336513197	-3.14412214351641	0.871870235528166	-3.60618130473481	0.000310736069774266	0.00290395407825254	3.50760833157054	down	16485
C230014O12Rik	44.429265776456	-3.14379518712164	0.482890065299527	-6.51037454078002	7.49636558468271e-11	3.42513902249559e-09	10.1251492418189	down	329387
Kndc1	7.71227246045219	-3.14169076377306	1.01566834850317	-3.09322503591166	0.00197993935448167	0.01316130080385	2.70334811196944	down	76484
Grid1	90.1697276641775	-3.1410589923711	0.413909326087854	-7.58876109910217	3.22978612232383e-14	2.32673395959433e-12	13.4908262358639	down	14803
3100003L05Rik	7.38427595952884	-3.12900276338975	1.15815608428186	-2.70171076753437	0.0068983742507369	0.0350971228939679	2.16125324797662	down	73076
Ighm	143.153232737873	-3.12895366589742	0.465693994959403	-6.71890490271446	1.83095347703189e-11	9.01466297863607e-10	10.7373226906109	down	16019
Gm12089	5.06535744158482	-3.12831550219681	1.17320768635615	-2.66646352438501	0.00766539240264788	0.0381887442885417	2.11546560807085	down	100042990
Klhl14	11.0541004521817	-3.12727695930289	0.861987654963066	-3.62798346507281	0.000285643549644314	0.00270606646365337	3.54417557865931	down	225266
2310067P03Rik	10.1498029954567	-3.12703041331348	0.995290614519349	-3.14182648534629	0.00167897503420276	0.0114958392647964	2.77495576162764	down	70286
Gm13147	17.3199935754025	-3.11726043108251	0.654767743496708	-4.76086438595028	1.92765552114473e-06	3.49853090526151e-05	5.71497057345844	down	100503403
Ptchd4	118.436390298382	-3.11625666887589	0.514398369171103	-6.05806094194544	1.37772203589139e-09	4.90983338587396e-08	8.86083839524084	down	627626
Gm30624	35.8289299562353	-3.11229206600411	0.652399934824444	-4.77052786162771	1.83743767164149e-06	3.350040856004e-05	5.73578738384718	down	102632586
Gm45740	42.4092374179866	-3.11188935053373	0.631258932032986	-4.92965595039077	8.23745565210728e-07	1.63668905236666e-05	6.08420691049771	down	NA
Gm26665	7.51968930234009	-3.11095753263389	1.17615849930511	-2.64501556080399	0.00816871604299575	0.0401511712577972	2.08784620041527	down	NA
Chl1	166.755762575529	-3.11043655829695	0.429327511006127	-7.24490389867554	4.3274593587915e-13	2.71014354776582e-11	12.3637670020974	down	12661
1700034E13Rik	7.32238748630044	-3.10336861831742	1.10056035239259	-2.81980775663124	0.00480524279361287	0.0265907462318563	2.31828466392418	down	78414
Krt79	19.6087525547626	3.10013522879745	0.648732916261335	4.77875432414253	1.76384554986798e-06	3.23624318270699e-05	5.75353944628853	up	223917
Gm29266	21.6334920171406	-3.09823849091243	0.777486122247439	-3.98494378517846	6.74961025637375e-05	0.000796439574447462	4.17072130396795	down	105245770
4930554G24Rik	17.5225063758405	-3.09536382369573	0.949831672114199	-3.25885513672739	0.00111862771356131	0.00831853148740649	2.95131442539964	down	75280
Gm34047	10.7338421397733	-3.0910416205431	1.15029098960092	-2.68718232906918	0.00720576074116553	0.0363460676559864	2.14232016221298	down	102637164
Zfp988	6.14040868091665	-3.08934005219379	1.09808992555713	-2.81337619104952	0.00490242607474157	0.0270012843258222	2.30958894647688	down	115489950
Gm32004	8.43660164311297	-3.08766622832342	1.07056628765078	-2.88414296614823	0.00392480527294123	0.0225695523592127	2.4061818856665	down	102634419
Gm36958	5.90577484837381	-3.08367919956636	1.12453357974231	-2.74218507576537	0.0061031942754041	0.031951296825204	2.21444280546646	down	NA
Tll2	19.0110026995727	-3.08229316242339	0.847185092424765	-3.63827596824376	0.000274469235235743	0.00261922388846462	3.56150632777538	down	24087
St8sia3os	17.9034690827056	-3.08116813008378	0.772861619048863	-3.98670092309109	6.69983926023696e-05	0.000791477490073767	4.17393561658716	down	73588
Gm14207	13.3601004730008	-3.07967254835481	0.876819245994427	-3.51232316400863	0.000444207504526244	0.00390719597146024	3.35241410867182	down	100043609
Pudp	20.3872718398349	3.07783037360755	0.815175775513854	3.77566466774286	0.000159581559123955	0.00167236631683448	3.79701729615213	up	67365
Gm37565	127.97884641786	-3.07770155718743	0.334835912481624	-9.19167103187099	3.86785372846325e-20	5.86788029187019e-18	19.4125299580954	down	NA
9830132P13Rik	6.02006733686522	-3.07663592836965	1.09297955373497	-2.81490712050017	0.00487913330484114	0.0269108608887257	2.31165731618451	down	329753
Apba2	38.5965679358501	-3.07429122292878	0.519400053916389	-5.9189274235687	3.24047911284499e-09	1.07036078713312e-07	8.48939077353359	down	11784
Gm37245	25.4001077037267	-3.07297121440177	0.606018039622746	-5.0707586465821	3.96233010024028e-07	8.42892413081005e-06	6.40204934637925	down	NA
Mogat2	49.0207426840709	-3.07036265494459	0.487877392363653	-6.29330791506734	3.10771008389413e-10	1.28043107579392e-08	9.5075595030107	down	233549
Acta2	96389.0419574899	-3.06993861369202	0.225627596842488	-13.6062195256866	3.67781966910955e-42	5.75823966193585e-39	41.4344095689072	down	11475
Gm39317	10958.4980449647	3.06959227775182	0.786369532821182	3.90349848211863	9.48121451677954e-05	0.0010699967464035	4.02313602720295	up	105243373
Synpr	64.1855621854297	-3.06804755434949	0.381182081647742	-8.04877170796484	8.36290745823009e-16	7.28258091166655e-14	15.077642708979	down	72003
Gm34544	13.1661541823496	-3.0669625953824	0.817934168053501	-3.74964479437395	0.000177085225238238	0.00181767767251749	3.75181767181487	down	102637834
Vmn2r27	7.26188600854831	-3.06570604016587	1.13161073418313	-2.70915249171695	0.00674553282915338	0.0345364810317565	2.17098373974722	down	232367
B230323A14Rik	12.1542358060917	-3.06421616268443	0.799718683054353	-3.83161757704762	0.000127303510774276	0.00137585041441964	3.8951596192146	down	319970
Mycl	85.8617241971096	-3.06409712082228	0.449223779954273	-6.82087026010551	9.04906386445018e-12	4.6809970232734e-10	11.04339634671	down	16918
Raet1e	5.78998153548909	-3.06000583247847	1.15199429044472	-2.65626822794163	0.00790107420225709	0.0391222280497592	2.10231385954525	down	379043
Gm32442	15.1959922921192	-3.05613599254549	1.00868284589068	-3.02982845896112	0.00244692674421221	0.015518788708567	2.61137903230764	down	102634993
Abcb1a	93.928164046819	3.05306585106973	0.391850904951452	7.79139670852102	6.62724785795767e-15	5.12280288359403e-13	14.1786667865644	up	18671
Kcnk12	9.674958021826	-3.05125166396145	0.942031488164994	-3.2390123921495	0.00119944362000699	0.00878905878810114	2.92102016128124	down	210741
Trem3	7.39133702910143	-3.05077191993254	1.16925898052378	-2.60914987248242	0.00907674791249716	0.0435836075904714	2.04206972599909	down	58218
Adamts20	29.3776046982981	-3.05048704683823	0.672637824323642	-4.53511077808565	5.75732590674446e-06	9.24202316608979e-05	5.23977918560574	down	223838
Zfp936	20.1475878405389	-3.04998721458621	0.75547972319975	-4.0371529783332	5.41037905935667e-05	0.000655977037733564	4.26677230649789	down	668620
Otx2os1	42.2818824487729	-3.04889397525172	0.524071759296214	-5.81770324610916	5.96616975110943e-09	1.87070088924973e-07	8.22430439413163	down	606497
Redrum	6.10904203943751	-3.04765569777849	1.1167667255549	-2.72899937653872	0.00635268240317204	0.0330072447430299	2.19704285629667	down	77433
Gm18795	15.3198114466195	-3.04556600916532	0.910966190140767	-3.34322617252644	0.000828103764511773	0.00647188582680832	3.08191524107575	down	100417738
C4bp	9.43936919107498	-3.04421525592813	0.884919904337101	-3.44010259121539	0.00058149372139854	0.00486858468700346	3.23545497014738	down	12269
Gm36128	7.33181272088806	-3.04222655370474	1.05058747464238	-2.89573845789502	0.00378267517326183	0.0219348460355689	2.42220095094009	down	102639930
Gm36200	7.11399414638014	-3.03825529263064	1.16235709845641	-2.61387425315799	0.00895219779437001	0.043135487320636	2.04807033085253	down	102640030
Gm47599	6.94958564898847	-3.03567792779744	1.06455071319335	-2.85160480395646	0.00434991440135744	0.0245394522497909	2.36151928911062	down	NA
4930401C15Rik	12.7962039220448	-3.03472909973515	0.869853274245901	-3.48878275174171	0.000485225335037283	0.00419444869813026	3.31405653142533	down	73803
1600022D10Rik	12.179847883	-3.03386625468654	0.934259196738906	-3.24734962767982	0.00116485199324284	0.00860539448295316	2.93372925283657	down	73252
Gm31121	10.469979746357	-3.02993640607156	0.936229185780508	-3.23631911084419	0.0012108194087156	0.00886135675091492	2.9169206261772	down	102633249
Gm14661	17.8374216261606	-3.02943569156943	1.02445545593076	-2.95711802209796	0.00310529233479457	0.0187426858089567	2.50789750872027	down	105246632
Bank1	22.4394540433004	-3.02824917171312	0.593716304694182	-5.10049858454358	3.3875991452254e-07	7.31229466228111e-06	6.47010798538862	down	242248
Cacna1e	65.3045443852972	-3.02406212939168	0.510206974775656	-5.92712816347012	3.08278372499472e-09	1.02604988522575e-07	8.51105694246001	down	12290
9430041J12Rik	9.41642206962555	-3.02251149144599	1.10628190760305	-2.7321349745245	0.00629253562233611	0.0327454462864089	2.20117431721143	down	77323
A830035A12Rik	10.0586811790864	-3.01694996387738	1.02506863760714	-2.94316873348107	0.00324871298437229	0.0194384775638174	2.48828865578626	down	442842
Mogat1	10.429253162921	-3.0099336506303	0.849241841866564	-3.5442597176026	0.000393717196848514	0.00354677727962691	3.40481561560523	down	68393
C130026I21Rik	27.211553018618	-3.00765533623844	0.702236347980519	-4.2829673298567	1.84417258073018e-05	0.000253898516865096	4.73419843938235	down	NA
Gm9745	17.9946265125949	3.00607208259916	0.637817581196444	4.71305929974562	2.44025144814379e-06	4.32849737610702e-05	5.61256542082729	up	NA
Glra3	17.3236785579076	-3.00260795173904	0.709288016965695	-4.2332703780674	2.30317328837816e-05	0.000310149224068584	4.63767338493843	down	110304
1700024I08Rik	11.6873824939353	-3.00174768746851	0.83815928064772	-3.58135709617006	0.000341814084160704	0.00314557357622027	3.4662100465092	down	75522
Cacna1s	45.902904513737	-3.00061978451638	0.513082031992683	-5.84822620441943	4.96842606524103e-09	1.58537345301883e-07	8.30378116849795	down	12292
Islr	44.7658661039184	-2.99952954885287	0.757386050710118	-3.96037073305026	7.48334937156471e-05	0.000870743528834605	4.12590397860421	down	26968
Grik2	57.3324250951105	-2.99891749477722	0.477229848976733	-6.2840107365611	3.29947904364083e-10	1.34996977944085e-08	9.48155462567739	down	14806
Lamc3	23.9769183592244	-2.99813109565858	0.617254171919615	-4.85720669385613	1.19053300607129e-06	2.28242184878238e-05	5.92425855980893	down	23928
Morc1	39.4314338428636	-2.99587122665886	0.473352847700761	-6.32904447751998	2.46684002636974e-10	1.03638171769755e-08	9.6078590134278	down	17450
Trac	82.4731252412817	-2.99136672515909	0.434728525494881	-6.88099940475224	5.94340998255023e-12	3.20875824000442e-10	11.2259643106272	down	100101484
Tagln	332.276856509807	-2.99064065905017	0.338329416910177	-8.83943431925739	9.62044461482744e-19	1.22791381401751e-16	18.016804856309	down	21345
Gm14643	48.9444032508318	-2.98859818390675	0.574617495894677	-5.2010219063266	1.98195737406036e-07	4.50157339746688e-06	6.70290569011787	down	NA
Lrrc7	45.4139887782209	-2.98774427551351	0.44655177138768	-6.6907007584562	2.22104425347533e-11	1.08669217276809e-09	10.6534427882103	down	242274
D930020B18Rik	7.81834997730438	-2.9866867499677	1.07854937106469	-2.76917017439768	0.00561992732207611	0.0300031809863508	2.25026930076998	down	216393
Fgf21	42.3449011746058	2.98575732086842	0.532424791075102	5.60784803960652	2.048577684987e-08	5.75488599664111e-07	7.68854756233253	up	56636
2900079G21Rik	11.3901459806218	-2.98356719435843	0.813801843007147	-3.66620845110599	0.000246173284834466	0.00239121309002163	3.60875907926214	down	620760
Vwa5b1	13.6076519122415	-2.97891068828335	0.838968467974277	-3.5506825369445	0.000384233584338511	0.00347467297966497	3.41540467785162	down	75718
Gm40646	13.6462505727545	-2.97856705452817	0.94565340872061	-3.14974495630267	0.00163413051433051	0.0112379370802495	2.78671326029444	down	105245154
Nup62cl	90.3527990887836	-2.97758070137753	0.356771661529577	-8.34590025623626	7.06734370142889e-17	7.34409587734768e-15	16.1507437874168	down	279706
Gm35419	13.7389429239541	-2.97730498702766	0.833032087138171	-3.57405799007815	0.00035149103035808	0.00321697850660932	3.45408575319236	down	102638992
Gm46392	24.7699599378039	-2.9747339517857	0.622667540852822	-4.77740327962403	1.77573415462377e-06	3.24790627892051e-05	5.75062205197065	down	108168052
Gm40438	12.5883989380674	-2.97296805293228	0.853554507209569	-3.48304417330239	0.000495746557609886	0.00427251666255713	3.30474029278826	down	105244916
Gm20831	21.628039899953	2.97087138484586	0.943047206628395	3.15028915197935	0.00163108943067135	0.011230212247987	2.78752222646291	up	100040223
Fgd3	305.541007347073	-2.96696557086625	0.269334877486744	-11.0158981211495	3.20325875102105e-28	1.17544580887077e-25	27.4944079787255	down	30938
Glt1d1	19.7361794815965	-2.96232859085077	0.947849710041965	-3.1253146563917	0.00177614958741828	0.0120348739355217	2.75052046071138	down	319804
Grxcr1	12.2866997188485	-2.96191482823379	0.959892011795745	-3.08567504660519	0.00203090641688604	0.0134241027865377	2.69231008819853	down	433899
Gramd2	1165.15954834022	2.95413656780138	0.312008909053894	9.46811607642622	2.84936099590715e-21	5.26907425109287e-19	20.5452525249274	up	NA
Gm13052	8.72115858969367	-2.95342437405388	0.982158072784191	-3.00707641253878	0.00263773449927424	0.0164840858742564	2.57876892042839	down	NA
Gm32401	11.0821416943544	-2.95301994412391	0.995670798079291	-2.96585974984951	0.0030183810129046	0.0183264421117023	2.52022593972354	down	102634940
Gm6602	15.7112342422337	-2.95238890775562	0.804196440009946	-3.67122852187595	0.000241387388285161	0.00235520681922601	3.61728542413611	down	625585
Gm50243	6.1571620872598	2.94985305622773	1.15228792155923	2.55999650871643	0.0104673214823637	0.0486878678972692	1.98016443716092	up	NA
Cnga3	8.7890352297417	-2.94615516505408	0.995504147741287	-2.95946046205699	0.0030817824448275	0.0186343579139204	2.51119802309515	down	12790
Nyap2	27.448228795446	-2.94544948500795	0.715077672497649	-4.11906230370749	3.80417287889644e-05	0.0004826634255045	4.41973975497207	down	241134
4930556G01Rik	16.1709485233319	-2.94340274298635	0.80402274497074	-3.66084512085968	0.000251384690678013	0.00243153602165286	3.59966117436888	down	75332
Shc3	22.2850796837896	-2.94065842334033	0.870036172201754	-3.37992662523279	0.000725051834936086	0.00582945646815268	3.13963094401935	down	20418
Syt6	14.6104549155477	-2.94019760147232	1.08196060564886	-2.71747195426683	0.0065782730246095	0.0338646957437427	2.18188810552338	down	54524
Tespa1	11.2775375084547	-2.93935564202261	0.939824367930969	-3.12755844849354	0.00176264768836806	0.0119537340344568	2.75383448423379	down	67596
Adamts18	24.4025725012238	-2.93909421061473	0.836270650334486	-3.51452512346233	0.000440540998265926	0.0038836731772805	3.35601366842759	down	208936
Csnka2ip	14.7052386192627	-2.93886416861098	0.949435421027065	-3.0953807952855	0.00196560364832526	0.0130882341028973	2.70650405044024	down	NA
Gm10721	20.8486133946397	-2.93339076272057	0.978806090621943	-2.99690693675257	0.00272733958748764	0.0168979428944971	2.56426078366086	down	NA
Gm26820	21.7600806431598	-2.9300956815184	0.695176625101775	-4.2148938495874	2.49895698476942e-05	0.000333265217418	4.602241219439	down	102632824
Ido2	15.5385037074462	-2.9292182089267	0.636640956897547	-4.60105209567611	4.20362266734026e-06	6.96697800582117e-05	5.37637627476718	down	209176
D030068K23Rik	36.0990290299321	-2.92672744192924	0.530906905026939	-5.51269424868515	3.53381826885945e-08	9.46313820343947e-07	7.45175578840619	down	628686
Mir217hg	10.9356533740372	-2.92590319335241	0.898347570215363	-3.256983477621	0.00112602987085416	0.00836067389092948	2.94845008854767	down	102637282
Gm26629	13.0008017958487	-2.92584474570682	0.870708254368125	-3.36030436260204	0.000778566494943523	0.00615867283889306	3.10870428977049	down	102631841
Gm44618	13.5676713028706	-2.91961483356414	0.790880064655124	-3.69160251224347	0.000222845544129686	0.00220899254714125	3.6519960453527	down	NA
Gm41335	70.0252577982112	-2.91531945916123	0.408005570402418	-7.14529327696637	8.98039458553638e-13	5.33935612256511e-11	12.0467045806427	down	105245964
Hs3st4	40.2861516368592	-2.91440696374247	0.455855278497913	-6.39327238536256	1.62372633720302e-10	6.9713369340426e-09	9.78948716490862	down	628779
Gm18561	8.84671588206607	-2.91285466560239	1.00717714862001	-2.89209765093801	0.00382678984833618	0.0221414534585305	2.41716538679926	down	100417362
Gm28578	13.3712541584466	-2.91275045386661	1.01968683628702	-2.85651471629545	0.00428320148152508	0.0242041277331026	2.36823149593813	down	102639970
Ttc29	19.7960239347069	-2.90586827177452	0.915791047419877	-3.1730690968878	0.00150836621685612	0.0105964644340012	2.82149320312751	down	73301
Wdr95	12.265690212841	-2.90440506988282	1.13370253140146	-2.5618757914322	0.0104108543956835	0.0485020661540621	1.9825136274439	down	381693
Galnt14	22.5785264143969	-2.8992692524432	0.778336492051508	-3.72495608525488	0.000195349226160561	0.00197528831147703	3.70918830481219	down	71685
AC114824.1	1760.15232484992	2.89886258530529	0.68685321110874	4.22049797310528	2.4376324900301e-05	0.000326688238481772	4.61303177024471	up	NA
Skint5	61.1393281217419	-2.89535612352964	0.473880794063878	-6.10988282242844	9.97043175759245e-10	3.67591192821128e-08	9.00128603467932	down	242627
Fshr	28.221703982953	-2.89043764785035	0.965632636537829	-2.99330981418948	0.00275969448403365	0.017069113762847	2.55913899447193	down	14309
Otof	16.1684333678363	-2.88842095489799	0.914831507810868	-3.15732561705247	0.00159223439070552	0.0110435985427404	2.79799299997955	down	83762
Wnt3	9.74737636625933	-2.8881146744373	0.820313497038478	-3.52074503816415	0.000430336178113243	0.00380800495214375	3.36619214149708	down	22415
Calr4	12.1144552977783	-2.88777745019113	0.80699475635323	-3.57843397055125	0.000345659168660808	0.00317225696600198	3.4613519189031	down	108802
Gpc5	143.58960544047	-2.8865106091844	0.489598603678866	-5.89566756827945	3.73169588673499e-09	1.21889955354619e-07	8.42809375616198	down	103978
Zfp985	11.8814878683829	-2.88641876348917	0.747359038010066	-3.86215810164632	0.000112389791360503	0.00123686703378698	3.94927313500495	down	433804
Gm17743	17.7696075684519	2.88580467875242	0.675294518202672	4.27340160621046	1.92513257744271e-05	0.000264087258068003	4.71553935671696	up	383927
4933432K03Rik	13.8261693644516	-2.88454555227668	0.733950004600063	-3.93016627045122	8.48871402550985e-05	0.000974376583035673	4.07115809702653	down	75793
Gm17268	8.9028760100263	-2.88425203588522	1.10972923873024	-2.59905924366326	0.00934796385312258	0.0446849035397077	2.0292829756144	down	NA
Gm29514	8.8072812338688	-2.88414375849345	1.0527986223674	-2.73950183560076	0.00615323712030692	0.0321559354184264	2.21089634867654	down	102639375
Gm15046	12.5938216315111	-2.88262716746185	0.907074476545755	-3.17793879333837	0.0014832605936334	0.0104544943101682	2.82878254119371	down	100041446
Gm10790	11.3233002368791	-2.88218228190208	1.11812582866679	-2.57769046023977	0.00994630514606191	0.0468119369034365	2.00233822103201	down	100038577
Gm765	11.3171611721962	-2.87757211028087	0.916893510332644	-3.13839292988005	0.00169876985037912	0.0116043077184856	2.76986545543399	down	NA
Gm47416	15.1542800245741	-2.87460079548453	0.934793605563898	-3.07511816338375	0.00210419169967829	0.0138190553878481	2.67691469687573	down	NA
Gm40638	6.19579664387593	-2.87052204009548	1.11864690127764	-2.56606623306869	0.0102859185389322	0.0479961845592734	1.98775691946975	down	105245145
Grm4	12.362751781057	-2.8665936032235	1.06858431832474	-2.68260871329047	0.00730504047389195	0.0367442440628298	2.1363773734957	down	268934
Gm19585	17.026537051618	-2.86487150062605	1.05896648699957	-2.705346709076	0.00682331320837176	0.0348208410905282	2.16600469298134	down	100503190
Ankdd1b	72.2809706634023	-2.86380696623119	0.552560718585386	-5.18279144699761	2.18589414841937e-07	4.90312550865605e-06	6.66037087251917	down	271144
Il1rapl2	128.907229335382	-2.86275813825558	0.394571316950887	-7.25536301112306	4.00586019958126e-13	2.52896846202059e-11	12.3973042112107	down	60367
Gm44196	17.1980019015862	-2.85975351918699	0.649415875135978	-4.40357809021561	1.06479930817658e-05	0.000157971015492905	4.97273223970392	down	77808
Ccr9	11.4109353348069	-2.85772658099097	0.803488607706326	-3.55664853687069	0.000375616140764532	0.0034032967075058	3.4252557537479	down	12769
Gm40999	21.6261194567481	-2.85516400362664	0.757124995037637	-3.77106029036158	0.000162555389696113	0.0017012537107902	3.78899862643561	down	105245555
Gm15706	48.8344843239821	2.85000813343301	0.474786558514516	6.00271444572893	1.94045717973898e-09	6.73140869515066e-08	8.71209593643763	up	100039495
Gm31392	8.54600365821053	-2.84992285323951	0.936247691722382	-3.04398385003931	0.0023346767329069	0.0149644877380782	2.63177324479119	down	102633608
Armc4	22.129439492654	-2.84851466127692	0.698017089094873	-4.08086665180451	4.4868091818417e-05	0.000556938232746048	4.34806240005359	down	NA
Fam184b	53.9820443403818	-2.84837900029147	0.360783370662845	-7.89498417030232	2.90352087295192e-15	2.35038154008197e-13	14.5370750475452	down	58227
Ppfia2	41.3198037381583	-2.84601892193197	0.491840918631897	-5.78646227696638	7.18842203140373e-09	2.18962505068115e-07	8.14336643343711	down	327814
Gm12649	18.486310753916	-2.84576476017601	1.02410115760513	-2.77879264078839	0.005456134238815	0.0293220394962403	2.26311495315007	down	NA
Edn1	705.600600796673	-2.84351668158524	0.371298319899129	-7.65830742880212	1.88399466605103e-14	1.38700986621343e-12	13.7249203311121	down	13614
Lingo2	132.861094670457	-2.84286786436065	0.762272137012188	-3.72946579879411	0.000191886148182872	0.00194578851039497	3.71695637484697	down	242384
Htr4	17.534152659585	-2.84237757534499	0.715530293192239	-3.97240704186558	7.11500052121506e-05	0.000833395447584717	4.14782506376511	down	15562
Ccdc178	48.7527900426258	-2.83689491342752	0.528207012262386	-5.37080131003315	7.83875393947277e-08	1.9710185895987e-06	7.10575296795592	down	70950
AC125149.3	7.28730325773291	-2.83538439234157	1.04791303643219	-2.70574398233956	0.0068151564629398	0.0347909676491108	2.16652416914532	down	NA
Hnf4g	15.9068259273632	-2.83463816075208	0.984422341562406	-2.87949393372477	0.00398313960654458	0.0228358297809481	2.39977447157475	down	30942
Gm34664	9.43296649043679	-2.83280076769866	0.835197372661047	-3.39177404099463	0.000694416819561176	0.00562551880213667	3.15837976860037	down	102637987
Tyrp1	26.673110609189	-2.83228843033914	0.751194068699316	-3.77038178062724	0.000162998002095528	0.00170360840196416	3.78781771881203	down	22178
Lrfn2	15.3443400144152	-2.83205211735535	0.91484888612724	-3.09565017818851	0.00196381897674845	0.013080059180073	2.70689854761963	down	70530
Pappa2	111.24882112427	-2.83178398417884	0.388307532705984	-7.29263211672741	3.03957251497197e-13	1.93979240527491e-11	12.5171874912081	down	23850
Gm42575	9.70947124173619	-2.83163561124178	1.10105085874629	-2.57175732505765	0.0101183789354826	0.0473744276913496	1.99488906020048	down	NA
Cib4	8.08194199072224	-2.8316206371771	1.0160274079648	-2.78695300439689	0.00532061944768879	0.0287516676780882	2.27403780246959	down	73259
Nptx1	153.31806579496	2.82828578660191	0.731742466238335	3.86513823796679	0.000111026298707596	0.00122415616204126	3.95457413805301	up	18164
8030451A03Rik	16.2861552558775	-2.82643676414076	1.04407198006056	-2.70712826138367	0.0067868030999022	0.0346905663299634	2.1683347504647	down	100504061
Pax7	14.595601700868	-2.82516965169707	1.10804644662925	-2.54968522329674	0.0107820220016459	0.049786823969456	1.96729978629113	down	18509
Gpr149	8.32766814927974	-2.82421273523888	0.938649450544721	-3.00880454742707	0.00262277786912319	0.0164037119191367	2.58123848954656	down	229357
Nppc	14.3852299252052	2.82366933090953	0.893194342298185	3.16131573745109	0.00157058152698846	0.0109386438793962	2.80393951497879	up	18159
Dnah10	38.0716441524835	-2.82325182990737	0.584286903987293	-4.83196150836331	1.35194397464539e-06	2.55023327265437e-05	5.86904130544061	down	56087
Caln1	74.5915050441386	-2.82274129497147	0.520163128468822	-5.42664625860859	5.74227734838767e-08	1.4819492695262e-06	7.24091583518235	down	140904
Susd5	10.3804984729281	-2.82225006478216	1.01634003254087	-2.77687582346478	0.00548841429586151	0.0294482739910866	2.26055311311482	down	382111
Hydin	70.3046775647574	-2.81711489520724	0.412239162713366	-6.83369060975414	8.27574090259204e-12	4.32863641642259e-10	11.082193114712	down	244653
Rab44	10.4577831333226	-2.81646504408942	0.973732332242865	-2.89244276977232	0.00382258817019015	0.0221225931929314	2.41764248854862	down	442827
1700012I11Rik	15.2257929974462	-2.81532483430205	0.876400647902166	-3.2123719226373	0.00131643830955205	0.00949817317967125	2.88059948782937	down	69334
Efcab15	8.12861361892149	-2.81522403121949	0.947785717757658	-2.97031700148421	0.00297492590344385	0.0181141132596263	2.52652384678458	down	69441
Dgkb	85.7144041258246	-2.81260605200462	0.426451615283523	-6.59536967666234	4.24197522403248e-11	1.98847880511782e-09	10.3724318723818	down	217480
Nwd2	20.8725087132696	-2.80840688858267	0.637219317626141	-4.40728460500059	1.04674608940399e-05	0.000155982435974954	4.98015865293823	down	319807
Gm4951	6.22168464757433	-2.80705420039045	1.03930617735837	-2.70089244300001	0.00691536981936153	0.035160740464972	2.16018458978267	down	NA
Gm49707	6.12959155058344	-2.8057976377837	1.01874248822209	-2.75417749845731	0.00588398475082329	0.0311018190126232	2.23032846147848	down	NA
Gm49678	6.21745417037399	-2.80534583569797	1.09446944726437	-2.56320159755026	0.0103711809250194	0.0483556053254083	1.98417178941432	down	NA
Arhgef38	18.4307044936154	-2.8045907968986	0.63765225653895	-4.39830764831189	1.0909825744304e-05	0.000161244340846431	4.96218218606533	down	77669
A530065N20Rik	15.9516754661456	-2.80447327822787	0.728156958324129	-3.85146807452399	0.000117411838540243	0.00128431161067424	3.93028811132103	down	328263
Calca	364.245240465638	2.80364637883664	0.341074080107475	8.22005113362233	2.03416432087646e-16	1.9419654095847e-14	15.6916139674568	up	12310
H2-Q7	61.3834485029625	-2.80318674117887	0.480723455742266	-5.831183620634	5.50355807232443e-09	1.74663596389918e-07	8.25935644658512	down	15018
Trpm8	18.4517495552834	-2.80297590976561	0.76998224746431	-3.64031238252091	0.000272307469088004	0.00260544424250979	3.56494044628685	down	171382
Serpinb7	6.99744721437587	-2.79947438320915	1.02897873708705	-2.72063385015538	0.00651568874892185	0.0336309780809735	2.18603966989058	down	116872
Tspoap1	8.39867622085812	-2.78811988949479	1.00911181430043	-2.76294445271922	0.00572825140532661	0.0304499738012892	2.2419779296754	down	207777
Gm5082	28.0113422423784	-2.78221893243298	0.616541639303968	-4.51262129768543	6.40312927403419e-06	0.000101675112238467	5.19360773003075	down	328231
Abcg1	255.091714555705	-2.78204441683047	0.347881147240061	-7.99711176906827	1.2737161001215e-15	1.06452749506596e-13	14.8949273615536	down	11307
Capn8	12.1723302921054	-2.78101446522389	0.926731532820356	-3.00088468637765	0.00269196486926963	0.0167472304516019	2.56993061204906	down	170725
Gm15428	7.10163007481776	-2.77884106067051	0.970187680349901	-2.86423041330345	0.00418023814569713	0.0237247203604875	2.37879897602017	down	433368
Kank4	17.2458738608848	-2.77671304471667	0.65269196600379	-4.25424731626089	2.09753370819767e-05	0.000285415492855336	4.6782910511588	down	242553
Dscam	61.8021947353164	-2.77263936048105	0.560556380683874	-4.9462274554764	7.56655412773339e-07	1.51880789478477e-05	6.12110185683066	down	13508
1700066B17Rik	7.09966322183427	-2.7719211631612	0.981468505608516	-2.82425890114793	0.00473900873054976	0.026279957505776	2.32431249121069	down	73426
Ascl2	13.9947430549913	-2.77078621914151	0.952900854721429	-2.90773820320637	0.0036405296705126	0.0212575433396291	2.43883542507458	down	17173
Htr3b	9.96764793130236	-2.77072402558197	1.00437755367602	-2.75864789634249	0.00580410348475561	0.0307765568614779	2.23626485287495	down	57014
Gm47818	8.13953453404158	-2.77011837787815	1.07496482083619	-2.5769386348135	0.00996796450821271	0.0468538704918021	2.00139351702467	down	NA
1810020O05Rik	9.91867062418136	-2.76929693546336	1.05078755910911	-2.63544891777293	0.00840260721255544	0.0409919464866773	2.07558593746912	down	NA
Fsip1	21.3643805290387	-2.76914317325451	0.597081922480253	-4.6377943612019	3.52146883555292e-06	5.96263126192936e-05	5.45327615069272	down	71313
Gm29478	16.578560904423	-2.76845892519282	0.834376979441151	-3.31799533473117	0.000906659987852906	0.00697596475419225	3.0425555498575	down	102633433
Sidt1	24.7993221064496	-2.76639019258839	0.570807795388613	-4.84644781472368	1.25691630096782e-06	2.39405347349791e-05	5.90069364135786	down	320007
Iqcm	64.6164664032654	-2.76537085408737	0.568076244142393	-4.86795721983087	1.12757730714925e-06	2.17236694490567e-05	5.94785367302661	down	71831
Htr7	16.8885959903245	-2.76212074878858	0.741274480564865	-3.72617811783267	0.000194405052215984	0.00196708429611908	3.71129245277902	down	15566
Olfr463	16.1750121396888	-2.76051248825452	0.671048523383099	-4.11373006878454	3.89316649884836e-05	0.000492093731030429	4.40969702243523	down	NA
Gm11382	9.03225584295014	-2.75800851017006	0.871438032974371	-3.1648934356887	0.00155139759487557	0.0108403964640443	2.80927688617601	down	NA
Hist1h2ap	161.391393747168	-2.75673915600439	0.444083502198373	-6.2077045023234	5.37641222198359e-10	2.14008544124211e-08	9.26950744031334	down	NA
A330069K06Rik	26.6924003545974	-2.7558246071456	0.560760298360393	-4.91444315013626	8.90351552430495e-07	1.75296777612873e-05	6.05043847972067	down	213544
Gm1110	10.0748794556132	-2.75352375809961	1.06535200422906	-2.58461404978741	0.0097488056347408	0.0461092035628256	2.01104858820039	down	382064
Gm33699	9.97387313876911	-2.75318297606598	0.889526827652216	-3.09510954642327	0.00196740218621279	0.0130943116130747	2.70610685035086	down	102636699
AL645799.1	12.3319958025034	-2.75040117037643	0.994301075046142	-2.76616533905366	0.00567197690585988	0.030226089774023	2.24626554610391	down	NA
Gm31374	8.03369176424452	-2.75023700948227	0.976433916809543	-2.81661355892732	0.0048532882306574	0.026793482392334	2.31396391571812	down	102633583
Serpine1	568.493498576026	-2.74679597134754	0.34085075490759	-8.05864716976273	7.71434076685082e-16	6.81095086125908e-14	15.1127011808843	down	18787
A330008L17Rik	25.4324617606015	-2.74644045026526	0.806687867047463	-3.40458876655407	0.000662637599684729	0.00541665298593661	3.17872392481943	down	234624
Tafa4	30.8126946208316	-2.74406237926526	0.760113101879251	-3.61007114925532	0.000306113026265549	0.00286759649854265	3.51411818913877	down	320701
Cldn18	5.89584934033651	-2.74336643793265	1.00188924983408	-2.73819330668232	0.00617777516908894	0.0322482884743396	2.20916790124674	down	56492
Gm47448	11.0331082399622	-2.74219204910803	0.815388484687029	-3.36304976168576	0.000770864670231742	0.00611613404742989	3.11302185817506	down	NA
Stc1	858.171906571576	-2.73884267880652	0.312454881625555	-8.76556213350745	1.8584700000022e-18	2.28513968324878e-16	17.7308444450276	down	20855
Kcnt1	11.6484201089842	-2.73712682526023	0.95258193099474	-2.87337680487175	0.00406109430704462	0.0231942606519803	2.39135692517297	down	227632
Gm31045	14.0568374249925	-2.73382014969752	0.931011576087145	-2.93639759151783	0.00332048436206158	0.0197471702312019	2.47879856074553	down	102633143
Csmd2	72.517401676033	-2.73144572598039	0.46954918251729	-5.81716639636533	5.9853554259546e-09	1.87421429571392e-07	8.22291005495722	down	329942
Gm45408	10.6191655425446	-2.73106398936534	0.874344771234805	-3.12355500852182	0.00178680461933211	0.0120896302175207	2.74792293344004	down	NA
Cyp2c52-ps	286.138450651412	2.73092539473035	0.3505086117434	7.79132181987474	6.63117767346214e-15	5.12280288359403e-13	14.1784093355972	up	209753
Gm13977	9.74488685390303	-2.72971330872749	0.84197577778461	-3.24203306169906	0.00118680253431255	0.00870729694418312	2.92562153495649	down	100043236
Mocos	20688.7827795295	2.72772423319569	0.607156410912311	4.49262197379587	7.03516002731318e-06	0.0001101471554943	5.15272601931117	up	68591
Gm4355	9.73434826637503	-2.7264551366483	0.807104309541477	-3.37807034904475	0.000729964037681323	0.00586043570930477	3.13669853525115	down	100043317
Gm35037	7.99300425992636	-2.72599605772078	1.01969004626765	-2.67335752437584	0.00750961681589906	0.0375640790034908	2.12438222264779	down	102638484
AU017674	7.79895516979977	-2.72444878709055	1.03685861091588	-2.62759913300425	0.00859897824719385	0.0417470624138045	2.06555314968292	down	105271
4921504E06Rik	15.9829333007272	-2.72375083993222	0.716751655718679	-3.80013191207929	0.000144619084499608	0.00153612808660032	3.83977439206246	down	70909
Cacng3	12.2979576573582	-2.72371244017155	0.809459185097297	-3.36485457243179	0.000765840129908564	0.00608037709631597	3.11586188042601	down	54376
Adgrd1	1212.83364271617	2.7236419019186	0.169994587676782	16.0219330458755	8.98141862056759e-58	5.10672932779907e-54	57.0466550608355	up	243277
Slc4a5	20.5144004695649	-2.72340917773778	0.559792504144698	-4.86503330711593	1.14437534190657e-06	2.20111833781128e-05	5.94143150859946	down	232156
Gm43251	13.4418865504118	-2.72309716220554	0.767142978077005	-3.54966054571929	0.000385728183947244	0.00348282445213419	3.41371862744046	down	NA
Chst9	26.3484394510479	-2.72210056595724	0.568042091653467	-4.79207545700302	1.65064794590308e-06	3.0452055781252e-05	5.78234554421473	down	71367
Gm10714	7.91043191048232	-2.72176422349566	1.00822977466379	-2.69954755542035	0.00694338315876674	0.0352649985907519	2.15842886828131	down	100038374
Rasal3	20.5394728648406	-2.71996841280568	0.603975005354808	-4.50344532255573	6.68605757132948e-06	0.000105667605694935	5.17482988816776	down	320484
Gm34933	13.0097409455343	-2.71933108911193	0.963394555708241	-2.8226556533868	0.00476276961212969	0.0263805764954872	2.32214042596284	down	102638346
Gdpd4	18.4554461087403	-2.71706391568745	0.669456974191422	-4.05860872383793	4.93659484682248e-05	0.000605093580259009	4.30657251446765	down	233537
Ppp1r14a	92.1729067058605	-2.71695925574073	0.437523102469519	-6.20986466864343	5.30302505510169e-10	2.11445744344759e-08	9.27547632097371	down	68458
Abcc12	15.5781088319442	-2.71689564113643	0.721575078477094	-3.76522931871555	0.00016639629709486	0.00172814279760892	3.77885634252344	down	244562
Nlrp4c	6.97960256889816	-2.71679737178459	1.05153532310615	-2.58364822568147	0.00977614489386175	0.0462090001931025	2.00983237030341	down	83564
Armc3	43.7610459656793	-2.71622954499096	0.540183814382777	-5.02834308002096	4.94736131879004e-07	1.03278916063808e-05	6.30562637081098	down	70882
Prss46	37.4953438600025	-2.71600392632944	0.58524155654712	-4.64082547786534	3.47020118885027e-06	5.89281814317777e-05	5.459645345764	down	74306
4932412D23Rik	15.3443395716378	-2.71558506563323	0.753033450791465	-3.60619446955384	0.000310720313850065	0.00290395407825254	3.50763035310293	down	75722
Nell1	89.9339079065917	-2.71226498543042	0.454897029946736	-5.96237127718332	2.48603478743042e-09	8.43707037323747e-08	8.60449279850879	down	338352
Npsr1	21.233747411887	-2.70832990596818	0.741541055083625	-3.65229933986967	0.000259902669117528	0.00250727409298227	3.58518926041025	down	319239
Slco1a5	15.8813697223188	-2.70635962898186	0.828039712559221	-3.26839351776658	0.00108159867590365	0.0080793081754444	2.96593385306672	down	108096
Cd55os	6.1835553194561	2.70260030962704	1.01808045821586	2.65460385553734	0.00794015934668632	0.0392247880220716	2.1001707818686	up	102640368
Crybg2	11.645354695976	-2.69971681975151	0.731918985327133	-3.68854596461228	0.000225539285170634	0.00223022741567678	3.64677780036322	down	230806
Cfap53	18.2186536822655	-2.69907979129254	0.64354748493408	-4.19406470304054	2.73999770012017e-05	0.000362324583261949	4.56224980171448	down	74453
Gm5460	18.1741933473187	-2.69803143156502	0.972182175329564	-2.77523235874017	0.00551622812013272	0.0295435843560586	2.25835778215059	down	432838
Gm34350	12.4427117894037	-2.69779934484143	0.740579010275639	-3.64282447572653	0.000269662727954621	0.0025849098636793	3.56917907639565	down	102637575
Clic5	11637.6732317987	2.69515562043057	0.230940666713449	11.670337921795	1.80704034590207e-31	9.64507784625232e-29	30.7430321508109	up	224796
Lhx4	18.9844129110839	-2.69499080633905	0.768741890547473	-3.50571607905973	0.00045538070059691	0.00397865169401727	3.34162537908292	down	16872
Tbc1d21	11.3849677028148	2.69288267553311	0.77299835312289	3.48368488063906	0.000494561409915385	0.00426543323975865	3.30577977417498	up	74286
Mpped1	8.87545493788541	-2.69241810421639	0.959227404149165	-2.80686111819811	0.00500268048821843	0.0274312284066799	2.30079723380154	down	223726
Ptprt	135.730673606321	-2.69237314279556	0.469617746771376	-5.73311626595383	9.86019929909087e-09	2.92898267782991e-07	8.00611430680111	down	19281
Tunar	11.4054537309032	-2.68924609643286	1.00620134692827	-2.67267193056596	0.00752498024942437	0.0376168925410241	2.1234946356115	down	69952
Spef2	19.7399546573317	-2.68813975628327	0.80497605641468	-3.33940337089789	0.000839585545050989	0.00654202605359074	3.07593504717233	down	320277
Gm7247	19.5554940616351	-2.68804559435462	0.753904246105094	-3.5655000064556	0.000363163152996879	0.00330705182168736	3.43989822199544	down	638695
Tmc5	12.4612034208485	-2.68763022286674	0.696924020286174	-3.85641783700199	0.000115060747469355	0.00126153205150224	3.93907280899328	down	74424
Gm38037	29.8048983241511	-2.68734108972157	0.579128121079956	-4.64032222215393	3.47866330880464e-06	5.90291963925412e-05	5.4585876035043	down	NA
Ermap	8.71474832178565	-2.68526871552444	0.930338881305289	-2.88633396871142	0.00389758330982664	0.0224625138727064	2.40920459310864	down	27028
Adam12	333.945664836649	-2.68433733229232	0.380994193384387	-7.04561218754344	1.84647869204067e-12	1.04998915454177e-10	11.7336556996472	down	11489
Gm31508	20.2602969884785	-2.68397909570676	0.57118347891579	-4.69897886542769	2.61465506999729e-06	4.60308653065115e-05	5.58258559592765	down	102633758
Scarf2	31.4271807178411	-2.68378031450024	0.749048716409779	-3.58291824777928	0.000339776970900228	0.00312927927905563	3.46880605969264	down	224024
Gm10649	29.0299162594871	-2.68337061710489	0.713719834612598	-3.75969741482861	0.00017011899052956	0.00175849432831826	3.76924720301387	down	102640923
Ptprq	179.836147577482	-2.68330404101133	0.401416765471907	-6.68458388342805	2.31581722702566e-11	1.12602417343059e-09	10.6352957197401	down	237523
Gm20752	22.7690626366623	-2.6802431785942	0.590821828509521	-4.5364660702461	5.72046876386004e-06	9.19542839967508e-05	5.24256838148385	down	624759
Esyt3	114.327418026226	2.67960954468176	0.353225358984384	7.58611882336632	3.29630158150749e-14	2.36738968323252e-12	13.4819730611761	up	272636
Gm33228	107.832536502157	-2.67827698056811	0.510323130388213	-5.24819829062165	1.53593928608923e-07	3.57497860592721e-06	6.81362595112583	down	102636049
Gm47071	42.7837850321828	-2.67716819823364	0.502478224099105	-5.32792879339904	9.93390517327949e-08	2.43271911360239e-06	7.00287998999391	down	NA
Gm4961	9.5625455443258	-2.67708438010281	1.03100969327007	-2.5965656749665	0.0094160903022774	0.0449191307635557	2.02612938516964	down	242914
Gm49906	15.2934129041848	-2.67677901150828	0.634579069076138	-4.21819619012223	2.46264502146758e-05	0.000328983039415052	4.60859818512735	down	NA
Fstl5	64.836479810812	-2.6764522323564	0.459522577042919	-5.82441944328325	5.73114735842482e-09	1.80908596387912e-07	8.24175842488233	down	213262
Bmp3	16.4135634591968	-2.67580027935117	0.897359384336933	-2.98186025137336	0.00286502746717919	0.0175771081678953	2.54287121007105	down	110075
Pik3c2g	50.0503010218074	-2.67537921234902	0.551444387328008	-4.85158480860131	1.22478815642243e-06	2.34045157474214e-05	5.9119390218732	down	18705
Sox2ot	71.3077765170355	-2.67046502476576	0.516200950566175	-5.17330512823885	2.29988972853249e-07	5.12825743941281e-06	6.63829298634672	down	320478
Drc1	12.5447239365366	-2.66392594324819	0.896379880625416	-2.9718716370447	0.00295990406348348	0.0180366753842526	2.52872236508125	down	381738
H2-K2	91.6224788907817	2.66335216228283	0.401947959428396	6.62611191277183	3.44643921398698e-11	1.65182908041804e-09	10.4626293769008	up	630499
Gm28802	15.0011328495411	-2.66121881937107	0.948826661707097	-2.80474709108942	0.00503560744179626	0.0275602984783466	2.29794813331135	down	101056017
Cdh7	20.7813564609232	-2.66010080736773	0.953230709876765	-2.79061593358824	0.00526078560328865	0.0284822884203349	2.27894939696847	down	241201
Pebp4	34.93006616189	-2.65927931042983	0.569731302788305	-4.66760260041029	3.04734585811123e-06	5.27390696225071e-05	5.51607825278579	down	73523
Trim67	10.8970770621934	-2.65440613560311	0.848128762560911	-3.12972068956626	0.00174972585901158	0.0118798241685132	2.75702998973933	down	330863
6530403H02Rik	30.3357597487893	-2.6526437632941	0.625620216275154	-4.24002245177998	2.23497431166031e-05	0.000301657308674382	4.65072746419571	down	320739
1700093K21Rik	7.34747428274911	-2.65071150117496	0.967841343559301	-2.73878721839552	0.00616662700352222	0.0322044107577762	2.20995231964749	down	67358
Cntnap5a	108.655315419724	-2.65055373747879	0.374511148898092	-7.07736937946282	1.46916558596431e-12	8.51934661391899e-11	11.8329292532105	down	636808
Gm32171	16.8927639470714	-2.64942602823977	0.784877723184524	-3.37559080857859	0.000736573798440199	0.00589786418560111	3.13278373402201	down	102634633
Mroh5	8.46556839359532	-2.64901163292294	0.96346962489105	-2.74945007552521	0.00596953558121346	0.0314549120764636	2.22405945486088	down	268816
Gm13589	9.40431392116692	-2.64830307791677	0.868938116999448	-3.04774646906006	0.00230564362627276	0.0148269552472661	2.63720781894235	down	NA
4931428L18Rik	22.5773899742264	-2.64724971786431	0.682235117366752	-3.88026011924159	0.000104344811398792	0.00116359824107343	3.98152914158557	down	NA
Ugt8a	11.2469624194486	-2.64466837675319	0.859850019652393	-3.07573218155224	0.00209986366608838	0.0137944890064575	2.67780890097444	down	22239
4930520K02Rik	7.5663138459511	-2.64457855130121	0.943483712996851	-2.80299332661616	0.00506307169668086	0.0276732124571098	2.29558592265219	down	78179
Dab1	151.731088622836	-2.64452044542191	0.377233029623639	-7.0103099086003	2.37790816129842e-12	1.332820362007e-10	11.6238049225565	down	13131
1700095J07Rik	8.45430638223592	-2.64422993459136	0.999482124828211	-2.64560002515887	0.00815461740963341	0.0400986578444809	2.08859640994961	down	115490402
Gm50214	12.2884955147005	-2.64362408863683	0.802841053815947	-3.29283620471516	0.000991822372065608	0.00752599302357377	3.00356609976031	down	NA
Gm27246	55.9359106396589	2.64303058814466	0.501238545113126	5.27299948081236	1.34211943255872e-07	3.17738658000419e-06	6.87220883543879	up	102637261
Gm46102	25.7468562941933	-2.64229440032939	0.593681864259644	-4.45069078137411	8.5594514285737e-06	0.00013110486092835	5.0675540681707	down	108167638
Kcnip4	120.584111634018	-2.64204248434411	0.44072655384604	-5.99474313786653	2.0380732491715e-09	7.01820384996961e-08	8.69078021133091	down	80334
Tspear	23.6335418239382	-2.64188303347287	0.736569808282255	-3.58673815267282	0.000334840256324393	0.00308987167771253	3.47516233428527	down	252974
Gm9908	7.43441682499488	-2.64119438836579	0.958075893295365	-2.75676948647693	0.00583754880543517	0.0309120256359966	2.23376947544638	down	100045396
Aplnr	45.8572150591249	2.64078792750539	0.691844746355591	3.81702389360645	0.000135071094060798	0.00144780677499673	3.86943758238487	up	23796
Gm8005	23.3772787195217	2.63555500273363	0.676480554013307	3.89598043446758	9.78022843887006e-05	0.00109898882720987	4.0096510011856	up	666253
Gm17767	20.382345968322	-2.63370951576623	0.718536483993411	-3.66538035915568	0.0002469712493827	0.00239476457132647	3.6073536012391	down	100045066
Dlgap2	109.748677209534	-2.63287308952988	0.50122668015391	-5.2528590232296	1.49756163051533e-07	3.49604720602907e-06	6.82461529565521	down	244310
Gm28979	26.7632197940317	-2.62986440325389	0.479544164041215	-5.4840921868207	4.15598020190086e-08	1.10161619685826e-06	7.38132652998533	down	102633035
Srrm4	16.9655584672244	-2.62932466051937	0.942058702309651	-2.79104121014225	0.00525387825155963	0.0284671347448073	2.2795199953658	down	68955
Ccdc83	14.5118637287166	-2.62892339558777	0.745578219013709	-3.52601957587422	0.00042185578544001	0.00375433716287873	3.3748359904884	down	75338
Tmprss11a	8.97370054221699	-2.62825346010631	0.959885020165339	-2.73809196402877	0.00617967925772659	0.0322510594150464	2.20903406539894	down	194597
L1cam	88.5444177850679	2.62567207082664	0.518083034483492	5.06805260173078	4.01906350846187e-07	8.54187389106126e-06	6.39587513111659	up	16728
Skint6	58.2833414200801	-2.62544002390174	0.529990310187504	-4.95375099022639	7.27963535656537e-07	1.46748700728702e-05	6.1378903743405	down	230622
Igsf21	31.2831511636114	-2.62461344115632	0.505122161812011	-5.19599740336301	2.03625100325065e-07	4.60648304753052e-06	6.69116868870867	down	230868
Mageb18	36.6035023079816	-2.62426478358031	0.556555507539571	-4.71518967655481	2.41485683060663e-06	4.28993287948537e-05	5.61710861212599	down	215641
Cfap43	2025.5010300442	2.62369658180165	0.354797627466242	7.394910164813	1.41503907596895e-13	9.49491219975163e-12	12.8492315670348	up	100048534
4921539E11Rik	13.684825170313	-2.62237766359306	0.808597162432715	-3.24312004225129	0.00118228386855551	0.0086904340072069	2.92727823602171	down	70941
Slc25a48	10.8510542614489	-2.62048585861667	0.861971496348342	-3.04010732340699	0.00236493858684825	0.0151089724461728	2.62618013261717	down	328258
Adgrb3	76.4964818480373	-2.62016487689593	0.491598399434073	-5.32988894982624	9.82728388691489e-08	2.40912068981416e-06	7.00756649802961	down	210933
Grm5	51.6726006468336	-2.61928694751581	0.508129629716814	-5.1547612938367	2.53954221025216e-07	5.62500805175951e-06	6.5952445642777	down	108071
H2-Q2	162.2519240572	-2.61848096629903	0.272706664801184	-9.60182241313399	7.8543213416691e-22	1.5901615233543e-19	21.1048913345325	down	15013
B230119M05Rik	12.9244687353637	2.61830261484444	0.926834918231676	2.82499349489329	0.00472815759380068	0.0262321712946867	2.32530805645477	up	77983
Gm29260	22.0608808224232	-2.6173768763295	0.648419996009482	-4.03654559149533	5.42439883496915e-05	0.000657337495558568	4.26564838598127	down	102639765
Gm11924	8.90855392055517	-2.61541198126457	0.96618322294256	-2.70695238662828	0.00679039954945036	0.0346905663299634	2.16810467093063	down	NA
Pla2g4c-ps	18.3570909498757	-2.61457243428388	0.634861098260161	-4.11833776151842	3.81615090957687e-05	0.00048366973338384	4.41837445946569	down	666225
Rmi2	32.0663313650826	-2.61019622324279	0.524039239427664	-4.98091750933298	6.32835131193424e-07	1.29123658176173e-05	6.1987094194283	down	223970
Arhgap20	14.9607305870337	-2.60969992689722	0.992551825213334	-2.62928328839283	0.00855650488061926	0.0415824811550102	2.06770359759305	down	244867
Has1	277.221042734962	2.60844270043091	0.65958426484036	3.95467696771425	7.66381280633925e-05	0.000888374352205712	4.11555511172789	up	15116
Dll4	198.287772087049	-2.60762065103591	0.692876249075795	-3.76347241590996	0.000167570218042678	0.00173365047168823	3.77580316523461	down	54485
1700020L24Rik	22.6733745781756	-2.60550136099615	0.537174462881627	-4.85038202862281	1.23223906532982e-06	2.35086388702444e-05	5.90930502700808	down	66330
Gm30003	22.6738416019587	-2.60430771903615	0.702477860138948	-3.70731643915585	0.000209467142064179	0.00209333439633074	3.67888409269475	down	102631739
9630028I04Rik	330.930612953283	2.60406616028807	0.277364811035687	9.38859601751362	6.0805337488539e-21	1.05778766734692e-18	20.2160582967128	up	319720
Gm47914	9.81624779864493	-2.60275157339717	0.872857361430586	-2.98187503297371	0.00286488914580221	0.0175771081678953	2.54289217798902	down	NA
C130071C03Rik	21.6469325914848	-2.60187897308627	0.588071417804479	-4.42442685413991	9.66986591977994e-06	0.000145481615071129	5.01457954770639	down	NA
Acan	227.181036621275	-2.59234899490143	0.358634659664003	-7.22838388606988	4.88775469472329e-13	3.0128325198314e-11	12.3108905984696	down	11595
Trpm6	26.2050326147544	-2.59084152749412	0.610699002510465	-4.24241977937359	2.21122592687716e-05	0.000298795402144477	4.65536688212352	down	225997
Bambi-ps1	9.34890632795096	2.59075773188748	0.798844802010338	3.24313023677152	0.00118224156445864	0.0086904340072069	2.92729377608364	up	81913
Gm35850	7.35163549024235	-2.58932488015697	0.95450277693161	-2.71274735153808	0.00667279601767912	0.0342686670621461	2.17569215099973	down	102639570
2600014E21Rik	25.7519928871484	-2.58802691334336	0.776739828073668	-3.33190963023194	0.000862522596496575	0.00668746886058834	3.06422951839356	down	102635707
4930447J18Rik	7.11481436418698	-2.58504309319942	0.969731944472024	-2.66572954303043	0.00768214673791577	0.0382478728301785	2.11451740156313	down	73961
Usp26	11.8166713319909	-2.58413019186435	0.848683290421025	-3.044869883773	0.00232780994483134	0.0149327005065184	2.63305248075773	down	83563
Ebf2	26.7414164988453	-2.58166142309838	0.535362949734634	-4.82226389476157	1.41937990098459e-06	2.65822463912466e-05	5.84790134885582	down	13592
Htr1f	17.12661166332	-2.58159178962694	0.71464771327082	-3.612397747432	0.000303378750188492	0.00284652415029035	3.51801484213557	down	15557
Ctnna2	156.125696415683	-2.57809438620848	0.310948807126019	-8.29105732881508	1.12246164566951e-16	1.1217451807893e-14	15.9498284898424	down	12386
Dnah5	28.8901343309943	-2.57589698778276	0.732634719881753	-3.51593627476256	0.000438206149009265	0.00386889902612128	3.3583215326127	down	110082
Wincr1	19.8941753639312	-2.57502404572419	0.816709398308789	-3.1529256931002	0.00161642947434579	0.0111586849515023	2.79144323913199	down	100040617
L3mbtl4	58.7781440125679	-2.5709061352121	0.496583740647444	-5.17718548710469	2.2525823575811e-07	5.03827587312307e-06	6.64731932164117	down	320858
Cerkl	23.4227138511728	-2.57065941943136	0.902648835392562	-2.84790642677047	0.00440078619289512	0.0247550811353633	2.35646973061939	down	228094
Garem2	30.5357207139319	-2.57025083243942	0.795958657971813	-3.22912604404442	0.00124169155264112	0.00905906371971941	2.90598627342079	down	242915
Gm45904	17.923677123333	-2.5696871030514	0.872168331471905	-2.9463201200102	0.00321579399238185	0.0192811262991714	2.49271178045762	down	115486963
Gm9866	25.32510710374	-2.56840925347295	0.564040257103569	-4.55359209050452	5.2737569353057e-06	8.53578095283628e-05	5.27787989048648	down	NA
Fhad1os2	7.16250644229126	-2.56693952898665	0.893129310729042	-2.87409616743102	0.00405185567716297	0.0231527568316721	2.39234603214887	down	102638933
Col8a1	7754.83527755838	-2.56686115462971	0.477621795612643	-5.37425464710465	7.69001155783614e-08	1.93776739737963e-06	7.11407300746766	down	12837
Cd22	8.67307866771408	-2.56622569268675	0.89285755555369	-2.87417144730925	0.00405088997619008	0.0231527568316721	2.39244955226998	down	12483
6430553K19Rik	7.85543938514395	-2.56248929806275	0.921644930884696	-2.78034328860572	0.00543014614883719	0.0292358969063369	2.26518848150151	down	619300
Cyp1a1	316.798230826091	2.5593218628531	0.307223415320259	8.33049089108389	8.05078292252567e-17	8.25644702775176e-15	16.0941618833093	up	13076
Lmx1b	16.7794975176813	-2.55786572760095	0.7120975447681	-3.59201593432532	0.000328129780867924	0.00303390862349733	3.48395435151075	down	16917
Gm4792	9.67154434120651	2.55728209129933	0.866448436516629	2.95145329314729	0.00316282376624387	0.0190312365232481	2.4999250064656	up	215472
Prelp	195.305013407379	2.55719296467847	0.229814588750094	11.1272003165092	9.24951067519462e-29	3.74525445184389e-26	28.0338812420376	up	116847
Igsf11	12.8840163733727	-2.5567417393397	0.976432029605509	-2.61845337086357	0.0088329362628329	0.0426746570937319	2.0538949033568	down	207683
Cfap299	1204.65626946421	2.55423476431401	0.336523330512913	7.59006741203045	3.1973909887676e-14	2.31048391911407e-12	13.4952042533493	up	75784
Galntl6	124.522020276669	-2.55143984598064	0.356606964459722	-7.15476729358386	8.38149813044458e-13	4.99592597953023e-11	12.0766783475232	down	270049
AA536875	25.3536674335867	-2.54880968187048	0.769523306859093	-3.31219296303548	0.000925676736131017	0.00710209674878697	3.03354065071047	down	380934
Cyp3a13	89.9454987804907	2.54755532660492	0.433983456228915	5.87016691544377	4.35356605432336e-09	1.40444366463989e-07	8.36115486183718	up	13113
Gm26633	11.7425513807024	-2.54733961282203	0.945735684948531	-2.69350057670781	0.00707060231292399	0.035795019469502	2.15054358902665	down	102633600
E230016K23Rik	12.267444457752	-2.54631685913373	0.810774807713803	-3.14059691409721	0.00168603912660764	0.0115341185226858	2.77313235125776	down	100504464
Tmem132e	13.713817516912	-2.54580585444404	0.813535771651878	-3.12931028131043	0.00175217179418169	0.0118929926550165	2.75642331505868	down	270893
Ctnnd2	168.693264494252	-2.54490232210637	0.260178108858198	-9.78138527209219	1.35345238265697e-22	3.17858292066989e-20	21.8685570190313	down	18163
Wnt2	259.876380323982	2.54363462623959	0.362150722779828	7.02369059687343	2.16083036060483e-12	1.21695685896414e-10	11.6653793267517	up	22413
Alk	104.158018703428	-2.54072846003799	0.332303454284176	-7.64580815300594	2.07637052631118e-14	1.52386130657556e-12	13.6826951444779	down	11682
Themis	23.1928686910645	-2.53690236023027	0.661650712867382	-3.83420180904234	0.000125972687516343	0.00136477749935842	3.89972360525328	down	210757
Cd300lg	10.4179119872762	-2.53462681276125	0.81720929351238	-3.10156386238264	0.00192501344734011	0.0128507506568455	2.71556623234498	down	52685
Papln	108.15623882932	2.53441650942343	0.39305571629116	6.44798282884159	1.13348603177636e-10	5.04165141217195e-09	9.94558382742086	up	170721
Cntn6	44.6341004632894	-2.53353194631141	0.607489012371592	-4.17049838715715	3.03934206449918e-05	0.00039652927554899	4.51722041924732	down	53870
Gm36264	11.7805764764387	-2.53160879564008	0.838723414797001	-3.01840720191747	0.00254107212040922	0.015990642751289	2.59498300867995	down	102640119
Snai1	234.546843402082	-2.52878756168777	0.379280025786111	-6.66733650538677	2.60487382103266e-11	1.26395581997835e-09	10.5842133088928	down	20613
Speer4a	18.206602077751	-2.52813109531576	0.686040247296049	-3.68510609294441	0.000228607393574162	0.00225486965060444	3.64090972784916	down	NA
Gpr158	72.6132718215873	-2.52782281501655	0.48137185959549	-5.25128913256529	1.51038375231449e-07	3.5189843673716e-06	6.82091269486679	down	241263
Marchf1	88.1772682650609	-2.52751919699887	0.39281839041853	-6.43431992658468	1.24027378380431e-10	5.46488364214713e-09	9.90648243607091	down	72925
Gm47888	10.4146112789165	-2.52538720470565	0.838313563095979	-3.01246134606141	0.00259138436099912	0.016237879953344	2.58646816652752	down	NA
St8sia6	27.4982875148669	-2.52489823141068	0.544736957085719	-4.63507790056801	3.56803086102174e-06	6.02843199792055e-05	5.44757139793003	down	241230
Tacr1	19.6540588466871	-2.52227142001646	0.729384677638526	-3.45808117080637	0.000544037444867985	0.0046225468135762	3.26437120776526	down	21336
Malrd1	72.7681037965831	-2.52157605653624	0.540602892141921	-4.66437766647068	3.09552415800226e-06	5.35334203613277e-05	5.50926580232911	down	102635496
Dnah11	47.0235436861869	-2.52151400133789	0.383733259852147	-6.57100716865001	4.99760531442139e-11	2.31954072745427e-09	10.3012380452358	down	13411
Cd72	50.7103612618242	-2.51977561563496	0.49615335034284	-5.0786225949977	3.80181075717749e-07	8.13165078618519e-06	6.42000950481909	down	12517
Gm19385	42.8826335989082	-2.51683911959564	0.432285598045085	-5.8221674073286	5.8089319186008e-09	1.8258330059575e-07	8.23590371347889	down	105243573
Gm10499	10.859149626399	-2.51594697021802	0.841222138079306	-2.99082353676815	0.00278226221515964	0.0171815482837297	2.55560194219786	down	69717
Ttc23l	9.13807808001248	-2.51493119965345	0.951483190233014	-2.64316934389304	0.00821339447864829	0.0402951525655569	2.08547731807297	down	75777
Tinag	10.516488998911	-2.51417873468071	0.927184470868721	-2.71162731222737	0.0066953824182497	0.0343396060477384	2.17422461246937	down	26944
Sprr2k	108.353975154882	-2.51412178920684	0.412595006420962	-6.09343726918919	1.10511652843389e-09	4.01759468580031e-08	8.95659192561002	down	20765
Zfp804b	68.5411486561689	-2.51155769210933	0.468480706176265	-5.36106964277918	8.27306131722893e-08	2.07356291392873e-06	7.08233375681181	down	207618
Gm47782	22.7590497456791	-2.51152312017619	0.713858100359996	-3.5182385951909	0.000434421580345141	0.0038398158879961	3.36208860885194	down	NA
Slfn3	8.5356504168089	-2.50846714164277	0.794094636070954	-3.15890200953156	0.00158364727915679	0.0109937795894169	2.80034154103805	down	20557
Frmpd4	95.8823347673988	-2.50825408590843	0.445269655696438	-5.63311255060783	1.76985868716917e-08	5.04431204710776e-07	7.75206140811992	down	333605
Pdzk1ip1	60.4611757975491	2.50642012329885	0.562598406028241	4.45507860748016	8.38624620226582e-06	0.000129063559672485	5.07643239178746	up	67182
Gm43122	19.8218971622479	-2.50589822396751	0.631658982762927	-3.96716945749194	7.27312807396274e-05	0.000849375498841447	4.13827876478309	down	NA
Crip1	15880.2545235277	2.50501641188649	0.301739176931962	8.30192631052127	1.024367394938e-16	1.03250078412527e-14	15.9895442533429	up	12925
4930452A19Rik	8.50298500926581	-2.50501336667407	0.945545033547331	-2.64927980984279	0.00806635162885419	0.0397478531270753	2.09332285012625	down	71092
1700086L19Rik	105.589834506604	2.50215676091455	0.29426293972763	8.50313248155052	1.84542098743979e-17	1.99613965142676e-15	16.7339045445911	up	NA
Npas3	247.588592176721	-2.50199396654609	0.227873228706998	-10.9797626546257	4.78178479256037e-28	1.7015184220194e-25	27.3204099734956	down	27386
Cfap58	15.4577449637545	-2.50168117674666	0.745291779365337	-3.35664667987751	0.000788938605789196	0.00622588143715029	3.10295679172644	down	381229
Nalcn	32.6391336163657	-2.50122232750697	0.554229729921353	-4.51297033066397	6.39259675621682e-06	0.000101576545886165	5.19432268991515	down	338370
Ush2a	104.647760301095	-2.50049670910543	0.457554260551404	-5.46491842539516	4.63119727199463e-08	1.21388022246422e-06	7.33430671926221	down	22283
Ska1	501.765822187421	-2.50044818441428	0.195954883795389	-12.760325928009	2.73056187348947e-37	2.67196856662084e-34	36.5637479780698	down	66468
Gm38825	22.7469059384699	-2.49992716120204	0.925367696030822	-2.70155006698956	0.00690170883449477	0.0351064829928763	2.16104336643537	down	105242674
Asic3	28.6613872775774	-2.49687144968061	0.812422920336113	-3.0733641151429	0.00211660057682554	0.0138927793590687	2.67436108985355	down	171209
Pcdh15	156.578046439532	-2.49528039131472	0.424785038617938	-5.87421910958364	4.24841157490414e-09	1.37999925085233e-07	8.37177341658494	down	11994
Hormad2	17.7968008679031	-2.49400173811577	0.74886465924173	-3.33037713468959	0.00086728429425776	0.00671773471327292	3.06183851822279	down	75828
Vwce	14.7689294676514	-2.49399940316251	0.761099745762911	-3.2768364686058	0.00104977151020496	0.00789008892152727	2.97890521774493	down	71768
Ccdc38	9.32025739494143	-2.48942052930892	0.807832757974772	-3.08160384031699	0.00205888650266211	0.0135975673551799	2.68636759346266	down	237465
Chrna9	16.5442502617982	-2.48914352504525	0.731425399791521	-3.40314066992305	0.000666159734780911	0.00543976403731908	3.17642162125598	down	231252
Gm49808	52.7052673664932	-2.48865121782254	0.624117796376149	-3.9874703658068	6.67815428273627e-05	0.000789312799849327	4.17534355183346	down	NA
Grik1	50.7705675180707	-2.48509142445004	0.427751238548693	-5.80966505878894	6.25979511172013e-09	1.94202494318028e-07	8.20343988137512	down	14805
Casp12	112.954192516591	-2.48119907726844	0.334425334749328	-7.4192916010034	1.17748413461185e-13	7.96922619635715e-12	12.9290449358313	down	12364
Ntrk3	75.5872382518279	-2.48050510309593	0.400023517864265	-6.20089817803564	5.61418288542063e-10	2.20852738800843e-08	9.25071344406437	down	18213
Tmem40	233.318008512606	2.4749843022034	0.250954026296887	9.86230162840828	6.06430578693382e-23	1.45326756536878e-20	22.2172189079318	up	94346
Gtf2a1l	7.52261956882686	-2.47287448680824	0.965009708175176	-2.56253845516686	0.0103910079734292	0.0484288196578658	1.98334232192643	down	71828
A830012C17Rik	7.68272682477748	-2.47172073505982	0.91399256451342	-2.70431164434656	0.00684460619465425	0.03490463778611	2.16465153400312	down	319308
4930428N03Rik	17.0341402907027	-2.4709973586269	0.80283683922632	-3.07783255313515	0.00208512042291421	0.0137264560335493	2.68086885795791	down	73871
Cdc6	1278.76075843465	-2.47012701266179	0.191255465712362	-12.9153276925258	3.68870327623023e-38	4.33145982211335e-35	37.4331262785435	down	23834
Rfx4	34.8055786650637	-2.4681740691265	0.637406994680637	-3.87221051812137	0.00010785273469435	0.00119533811906409	3.96716883852983	down	71137
Gm46323	12.6926553044605	-2.46805542927123	0.890361884754498	-2.77196887190623	0.00557183644481083	0.0298074211631851	2.25400164030239	down	108167966
Tmem119	443.391450254048	-2.46565035567965	0.584219650048402	-4.22041667971178	2.43851173965743e-05	0.000326688238481772	4.61287514925586	down	231633
Gm48606	47.3297341563451	2.46290836593607	0.550652695766455	4.47270736141216	7.7235442858194e-06	0.000119885946829127	5.11218335892069	up	115488030
Gm6871	11.4430291130323	-2.46221480458292	0.917253886736849	-2.68433292045488	0.00726746978438731	0.0365944528058182	2.13861676519925	down	102642386
Gm18252	20.7111778789184	-2.46182683767932	0.704599413336334	-3.49393824502688	0.000475951100670489	0.00412918788298723	3.32243766450613	down	100416790
Gm49454	19.202785217266	-2.46154057561874	0.718193803100204	-3.42740436494033	0.000609380906512397	0.00506057658749775	3.21511115747503	down	NA
Rrm2	14009.5772618525	-2.46146838809162	0.185926317240209	-13.2389455383634	5.22776405887109e-40	6.82077994014375e-37	39.2816840213674	down	20135
Ak9	44.6720640365451	-2.4591128677224	0.420083000628476	-5.85387379171111	4.80253123450004e-09	1.53661370629746e-07	8.31852980191095	down	633979
Gm30676	9.01196674977035	-2.45655808225422	0.891905542025715	-2.75428054485998	0.00588213231896016	0.0310990269047229	2.23046521023563	down	102632655
Platr21	12.4624617465538	-2.45397472340118	0.794167193247736	-3.08999760285448	0.00200158110768993	0.0132638635197794	2.6986268068037	down	78526
Grm1	58.0177605016059	-2.45291225911685	0.43488045274784	-5.64042886641111	1.69627135373811e-08	4.85224515743478e-07	7.7705046721238	down	14816
Erg	767.39768521598	2.45112051069818	0.634888124778843	3.86071248623843	0.000113056874223548	0.00124188058519178	3.9467030260069	up	13876
Xkr5	309.190268640813	-2.45072703119121	0.210030869922021	-11.6684134675112	1.84838095452085e-31	9.64649482598268e-29	30.7332085150447	down	319581
Gm26510	9.97874640468577	-2.45066753261184	0.859390904757083	-2.85163307994811	0.00434952752245728	0.0245394522497909	2.36155791673136	down	102640823
Spag17	33.9947953113813	-2.45019246929853	0.544420719640604	-4.5005496317554	6.77779761781726e-06	0.000106628545322523	5.16891140315539	down	74362
Dnah9	55.5162946273355	-2.4468998685801	0.461914717831861	-5.29729790829221	1.17528864903681e-07	2.82514369730087e-06	6.92985545825294	down	237806
Klf4	1000.76037301131	2.44294527682512	0.30352310207084	8.04863043424933	8.37256481222043e-16	7.28258091166655e-14	15.0771414818913	up	16600
Col19a1	55.3912994243893	-2.44138280292602	0.457606571129595	-5.33511307955982	9.54850323484618e-08	2.34567571621718e-06	7.02006470043638	down	12823
Vwa7	241.938980456626	2.44082457223434	0.211468829971616	11.5422427625005	8.07908529175833e-31	3.95286079326967e-28	30.0926378069518	up	27762
Aldh1a1	596.800405903686	-2.43695037234909	0.541175078369481	-4.50307205514975	6.6978162278886e-06	0.000105782255623378	5.17406677263802	down	11668
Gna14	28.3509338843473	-2.43644040333248	0.742004933878926	-3.28359056939915	0.00102493705635069	0.0077422472719189	2.98930280477304	down	14675
Gm7205	22.4843307422803	-2.43430366861104	0.699620235762113	-3.47946434962576	0.000502417210861614	0.00432366002091792	3.29893549177444	down	637307
Csmd1	201.71264241067	-2.43069568097484	0.441214499183811	-5.50910200247568	3.60668876202974e-08	9.62535063366687e-07	7.44289133335811	down	94109
Igfbp3	177.904285715131	-2.425156176623	0.421209686299415	-5.75759830674712	8.53190838659202e-09	2.56230010817281e-07	8.0689538165385	down	16009
Gm37800	6.57075079457005	-2.42435845810639	0.929074229901027	-2.60943461790416	0.0090691975076754	0.0435562583778644	2.04243113999694	down	NA
Sprr2a3	44.0329351364492	2.42339733030413	0.518966539615396	4.66966007500233	3.01698534375637e-06	5.22521392316508e-05	5.52042679958344	up	100042514
Sorcs1	69.5651417172188	-2.42182695011269	0.384303521933344	-6.30185988910283	2.94094968937151e-10	1.21598949744525e-08	9.53151240487587	down	58178
H2-Q6	23.7412330809103	-2.42104637027815	0.77289941499218	-3.13242101535637	0.0017337106843641	0.0117881283793546	2.76102337437278	down	110557
B930025P03Rik	50.0392977041935	-2.41860178999055	0.514888772296911	-4.6973286661529	2.63586126266612e-06	4.63347318515822e-05	5.5790774523649	down	320014
Styk1	86.0651345281049	-2.41714360805949	0.44550409378925	-5.42563725397088	5.77481336749597e-08	1.48871012003999e-06	7.23846204689493	down	243659
Dbpht2	97.0778954052025	2.41612682263505	0.325086372581958	7.43226116630255	1.06756748759839e-13	7.28440973672692e-12	12.9716046609726	up	386753
Tmem200a	70.9394152793877	-2.41358349400884	0.485981906321486	-4.96640607934941	6.82050613867994e-07	1.38085850574912e-05	6.16618339585971	down	77220
Unc79	36.0072168943514	-2.41239396614005	0.542966557795264	-4.44298812054957	8.87180659578869e-06	0.000135119570623928	5.05198793431801	down	217843
Khdrbs2	68.1124824294919	-2.40895082535918	0.385810144478261	-6.24387632061062	4.26857564680958e-10	1.71951113319593e-08	9.36971701769765	down	170771
Plau	64.9508328022736	-2.40859736594312	0.579939030859548	-4.15319065932371	3.27871338566645e-05	0.000423312720518838	4.48429654626566	down	18792
Scel	150.884420215801	-2.4076849253124	0.486386218791268	-4.9501503790461	7.41561603647882e-07	1.49105944021152e-05	6.12985276504957	down	64929
Cdh18	110.033359273394	-2.407009478025	0.438591163500684	-5.4880482744182	4.06399013208412e-08	1.07966977660628e-06	7.3910473552484	down	320865
Hist1h2ao	104.928039113751	-2.40627046912129	0.407105593417895	-5.91067896886214	3.40700458349223e-09	1.11594843296116e-07	8.46762728216912	down	NA
D430041D05Rik	30.2852313481548	-2.40415157627069	0.520721745484933	-4.61696020401794	3.89401907704619e-06	6.5182493246208e-05	5.40960192517459	down	241589
Meiob	12.8398190707774	-2.40377652222407	0.737789999732207	-3.25807685533357	0.00112170022938928	0.0083364335086099	2.95012319131227	down	75178
Lmx1a	17.2725332142997	-2.40352430996219	0.742224149435132	-3.23827284761805	0.00120255740913149	0.00880912687256799	2.91989418158708	down	110648
D7Ertd443e	45.2152802048267	-2.40089055664582	0.416291066136186	-5.76733625088267	8.05342706129746e-09	2.43103771895335e-07	8.09401927030442	down	71007
Ofcc1	38.7623264525615	-2.39890857286244	0.713375885930535	-3.36275534423661	0.000771687217400076	0.0061198499849968	3.1125586935541	down	218165
Scimp	18.2089051896048	-2.39806293565778	0.782692723880304	-3.06386256380289	0.00218499263819722	0.0142500838956017	2.66055002194102	down	327957
Adgrg4	12.7507874487225	-2.39729652581561	0.839770052897392	-2.85470590138861	0.0043076698614072	0.0243314495159385	2.36575758830423	down	236798
Srpx2	263.636159599453	-2.39634749211107	0.261259301014033	-9.17229542760798	4.63051960480332e-20	6.71282425424728e-18	19.3343702727321	down	68792
Grm8	107.534186682142	-2.39486784526022	0.538821023221546	-4.44464440333376	8.80373597766996e-06	0.000134431560101157	5.05533299033046	down	14823
Acot12	9.48783803759506	-2.39042011050242	0.872197835803202	-2.74068567058654	0.00613111304103658	0.032061721168725	2.21246067659078	down	74156
Wnt7a	213.04711597258	2.38933216991751	0.425255046976323	5.61858627406377	1.92526254084252e-08	5.44100971981787e-07	7.71551003900505	up	22421
Akr1c18	23.0542507071493	2.38380133257616	0.579173541069456	4.11586711674436	3.85726500761667e-05	0.000488081189137271	4.41372052255685	up	105349
Csmd3	133.446812673429	-2.38141354033692	0.441063079066748	-5.39925841305009	6.69169283311227e-08	1.7063453440352e-06	7.17446400254916	down	239420
1700029J03Rik	11.1370203206217	-2.38094335523577	0.856330393014837	-2.78040272149317	0.00542915231041762	0.0292358969063369	2.26526797439773	down	72264
Nlgn1	109.66410736263	-2.38064114000106	0.459747710085885	-5.17814681351285	2.24100847987215e-07	5.01716722114371e-06	6.64955650011165	down	192167
Kcnip2	234.877875330764	-2.37927104212051	0.29656413152068	-8.02278761737106	1.03371991229358e-15	8.79598265949812e-14	14.9855971179376	down	80906
Matn3	28.9171909099403	-2.37878805734504	0.801305597859896	-2.96864025872056	0.00299120555985066	0.0181990835681588	2.52415374061587	down	17182
Gm47080	8.81011297364939	-2.37869178622714	0.822863521894606	-2.89074885802486	0.00384325111785937	0.0222038751544717	2.41530123782615	down	NA
Gm14697	10.3572471937705	-2.37753099451105	0.847970730095757	-2.80378898720073	0.0050505947767436	0.0276230131187293	2.29665747474323	down	NA
Cntn5	147.873538590988	-2.37586517343865	0.457295275055949	-5.19547282256081	2.04200167749041e-07	4.60676363072644e-06	6.68994390547902	down	244682
Fbxw14	11.6185432679265	2.37499535753147	0.766310431519993	3.09926011684405	0.00194004610289253	0.0129327228857312	2.71218794945435	up	50757
Gm13470	9.5072408813694	-2.37096879689755	0.793102441563573	-2.98948619074134	0.00279447078970566	0.017229757546925	2.55370042565657	down	102633065
Phex	20.4141106457456	-2.3703523921454	0.67947337352687	-3.48851402350303	0.000485713342538723	0.00419528424035377	3.31361996629976	down	18675
Itga4	251.538369325152	-2.36966508302552	0.358192723609013	-6.61561479850757	3.70010711388484e-11	1.76261694867313e-09	10.4317857034206	down	16401
Spag16	95.9326575621701	-2.36331817862644	0.37974408145281	-6.22344967059118	4.86340877585911e-10	1.94246862416754e-08	9.31305922587929	down	66722
Uts2b	185.753686166559	-2.36230292254214	0.255885976037262	-9.23185771696274	2.65978204213337e-20	4.1922806214431e-18	19.5751539505032	down	224065
Gm14249	15.7123934131694	-2.36173535901387	0.614025722528282	-3.84631339105682	0.000119908376599639	0.00130675091621463	3.92115047675162	down	102637316
Gm20754	45.3294747919377	-2.36150635697072	0.576194626286074	-4.09845258743919	4.15921411061244e-05	0.000521790295874642	4.38098872217798	down	626082
Gm47712	15.0220751608243	-2.35948530113104	0.755586770194019	-3.12271918223922	0.00179188627455326	0.012120521070819	2.74668955711879	down	NA
Cfap47	22.6557474819827	-2.35843301766033	0.654595002426472	-3.6028888227347	0.00031470015262911	0.00293283058908517	3.50210304645455	down	636104
Dscaml1	52.2851438543494	-2.35777551299411	0.543932094839987	-4.33468724379596	1.45967499395463e-05	0.000207508881555838	4.83574383191742	down	114873
Gm34983	10.8379969508397	-2.35693030799748	0.807315601726437	-2.91946582347376	0.00350631839198975	0.0206432407710903	2.45514865024851	down	102638407
Gm28694	19.2484615763873	-2.35692704243739	0.765902346118928	-3.07732056753801	0.00208870545165716	0.0137404054711956	2.68012279972251	down	NA
Mall	24.9106237941805	2.35692032600077	0.53562832506521	4.40029067864144	1.08105965972823e-05	0.000160079988075141	4.96615033826148	up	228576
Ptpn20	8.645125604848	-2.354234221882	0.816718832324615	-2.88255165511633	0.00394468453470637	0.0226616722841436	2.40398772257228	down	19256
Tmprss15	11.9620792042137	-2.35321363784113	0.842913045918456	-2.79176321832464	0.00524217013755818	0.0284258521543648	2.28048888789083	down	19146
Gm17853	14.0562062909249	-2.3503579521552	0.680834945889069	-3.45216996622578	0.000556097311534074	0.00469951254457636	3.25484920452522	down	100415982
Slc6a14	78.5972011982449	-2.34870848435978	0.393295547590982	-5.97186644686448	2.34554512053544e-09	8.00655917961844e-08	8.6297562082461	down	56774
Krt23	25.6644671534533	2.34587801963041	0.588938113753542	3.98323349235997	6.79839020692028e-05	0.000801506998039773	4.16759391185522	up	94179
Slfn9	845.454232868314	-2.34265593197331	0.312501569223163	-7.49646133872811	6.5563742698522e-14	4.6100733451341e-12	13.1833362627446	down	237886
Dscc1	145.271339852554	-2.34223773347088	0.249590112242902	-9.38433703331727	6.3313486438238e-21	1.08534104306717e-18	20.1985037708381	down	72107
Dnah7a	59.726027080886	-2.34191257176908	0.51139736611199	-4.57943807879571	4.66226785203151e-06	7.5931595357115e-05	5.33140277943886	down	627872
Otog	13.7843906953274	-2.3409070639182	0.885987852284027	-2.6421435213626	0.00823831377451459	0.0403749580539389	2.08416167099272	down	18419
Adam5	21.2172886783803	-2.33922735487351	0.70231014777682	-3.33076114915666	0.000866088819334984	0.00671267560036419	3.06243756783359	down	11499
Nsg2	164.475650989564	2.33805224561075	0.345208497425288	6.77286991209355	1.26252468122941e-11	6.32204523212638e-10	10.8987601230572	up	18197
Gm32828	36.1297368526707	-2.33618785305095	0.525218499072545	-4.44803040482447	8.66612650841951e-06	0.000132502591829578	5.06217497540925	down	102635512
Gdf6	243.526392769476	-2.33495794327957	0.284005246293669	-8.22153102363879	2.00921513968749e-16	1.92597622675758e-14	15.6969735580369	down	242316
Tex21	18.0451223083477	-2.33415274723143	0.772725583157389	-3.02067486583527	0.0025221202651708	0.0158884105224078	2.59823420830428	down	80384
Spry1	424.22848510671	-2.33357900093031	0.23062851100013	-10.1183456928662	4.58092629323952e-24	1.2225347045083e-21	23.3390466959333	down	24063
Pld5	98.3399460878864	-2.33344247570681	0.364482391515274	-6.40207189709746	1.53282449905883e-10	6.62953653045976e-09	9.81450756690264	down	319455
Fscn1	3015.6841032658	-2.33289494901991	0.553765333023257	-4.21278619281488	2.52239806732399e-05	0.000336200446147014	4.59818637501897	down	14086
Ngef	87.2499587850866	2.33002565401527	0.609752745296337	3.82126308079661	0.00013276992527492	0.00142639601787809	3.87690028917237	up	53972
1700087I21Rik	16.1050215111515	2.32972336554566	0.800306050260626	2.91104055103291	0.00360227262566125	0.0210971004024076	2.44342342218282	up	118567337
Satb2	43.0864950367559	-2.32928027188608	0.392078002906717	-5.94085935609161	2.83531793524359e-09	9.51249167274224e-08	8.54739823490863	down	212712
Gm49289	10.8410402299181	-2.32766002388316	0.75028940588268	-3.10234958088577	0.00191991090094918	0.0128239782448213	2.71671892552769	down	NA
Slc9a3	27.3587655818639	-2.32619433384603	0.550149013509173	-4.22829865495569	2.35465101325202e-05	0.000316355715367413	4.62807345127396	down	105243
Dchs2	68.0014132033449	-2.32432271273396	0.369319330027129	-6.29353116329769	3.10324171284628e-10	1.28043107579392e-08	9.50818439571233	down	100534287
Orc1	68.7305067289133	-2.3227934582705	0.414791291086364	-5.59990893778643	2.14464434502878e-08	6.00321483230047e-07	7.66864471830351	down	18392
Gm5640	12.9946793988923	-2.32018592692876	0.809182878196799	-2.8673196003592	0.00413964734054194	0.0235341606857002	2.38303665515453	down	NA
Gm26685	17.907425731203	-2.31693592937215	0.657619415119376	-3.523217040287	0.000426342071180067	0.0037854985034646	3.37024180931904	down	102635083
Grin2d	14.7971363751456	-2.31663105952821	0.790456833228064	-2.93074961483673	0.00338145207113054	0.0200437662520193	2.47089676390655	down	14814
Ano2	50.8320603149562	-2.31602852964049	0.667859139030137	-3.46783983970605	0.000524659882463841	0.00447896668108445	3.28012214237813	down	243634
Shisa6	42.5206707454988	-2.31516374754914	0.43076261331967	-5.37456983489662	7.67657271294478e-08	1.93645875578419e-06	7.11483263206147	down	380702
Sptbn4	23.9270713555426	-2.30822162229868	0.527820131834548	-4.37312160541504	1.22482452014597e-05	0.000178332323965457	4.91192612794541	down	80297
Gm15754	9.38166029248616	2.30663379943775	0.890803158775301	2.5893866413866	0.00961470729566642	0.045596646541939	2.01706393262278	up	NA
H2ac11	32.6794089442442	-2.30209889512474	0.536588548741417	-4.29024976497238	1.78472283256398e-05	0.000247573630967307	4.74842922024336	down	319167
Adgrb1	13.4146640870163	-2.30050484319903	0.889865725965402	-2.58522693488755	0.00973149226119468	0.0460514182656037	2.01182055838423	down	107831
Sim1	14.8650875877312	-2.3003499987165	0.77770384307834	-2.95787402774192	0.00309768687559744	0.0187063965732594	2.5089624842763	down	20464
Inava	27.3809130591676	-2.29826997365926	0.63539454541461	-3.61707539078666	0.00029795054186142	0.00280455650325268	3.52585582041805	down	67313
Mxd3	434.280045235506	-2.29805338181615	0.197113553994797	-11.6585254298485	2.07606582137848e-31	1.05992186554508e-28	30.6827588813591	down	17121
Sh2d1a	8.96996103245414	-2.29570321912605	0.84629120521082	-2.71266344845705	0.00667448560733312	0.0342698501286004	2.17558219910271	down	20400
Ablim2	3964.00103150075	2.29382317717363	0.177781255940649	12.9025029384392	4.35711675812973e-38	4.87270890784175e-35	37.360800802072	up	231148
Ankrd31	30.0665867873262	-2.29170990601747	0.469771369378338	-4.87835158845493	1.06976111569591e-06	2.07459453361837e-05	5.97071319214451	down	625662
Oprm1	14.9401634990494	-2.29111620368938	0.684415435181875	-3.34755191936976	0.000815287144795294	0.00638446768773507	3.08868940544793	down	18390
Srrm3	16.701735408572	-2.2909199409508	0.793625689884381	-2.88665043250371	0.00389366563273078	0.0224476711065313	2.40964134611205	down	58212
Neil3	665.983435873961	-2.28617176458206	0.239403165826929	-9.54946337775164	1.3036980948757e-21	2.55144581317966e-19	20.8848229691179	down	234258
Gm26612	20.5868026581552	-2.28360086922521	0.629060271210433	-3.63017817804822	0.00028322563889819	0.00268967008876829	3.54786743485232	down	NA
Cacng2	15.7247178848409	-2.28152319172568	0.59822948653742	-3.81379260479326	0.0001368503243366	0.00146287203779929	3.86375416897049	down	12300
Gm30373	14.722630423072	-2.28142825522104	0.742678010665294	-3.07189417548168	0.00212705119473896	0.0139532181064159	2.67222205719409	down	102632241
Scube3	29.8967191857309	-2.27844639592209	0.667059756972743	-3.41565560222395	0.00063628664860636	0.00524690728318833	3.19634718959957	down	268935
Coro2a	14.4775355067017	-2.27424882767821	0.818802978614914	-2.7775287670855	0.0054773991275667	0.0294161258886128	2.2614256117124	down	107684
Akain1	11.6865629202847	-2.27278013763892	0.840532615466664	-2.70397614062493	0.00685152086042829	0.0349268433703404	2.16421301566389	down	320722
Gm35430	11.9821466296958	-2.27014403444078	0.829905926037338	-2.73542333319674	0.00623000970373158	0.0324560288136948	2.20551127689239	down	102639008
Siglec1	39.2146300875628	-2.26322727021501	0.596255742068099	-3.79573245259669	0.000147208188862989	0.00155799203039535	3.83206803049383	down	20612
Ccn3	253.361816508552	2.26220689605242	0.389196716579124	5.81250252041248	6.15457568686677e-09	1.91952470127578e-07	8.21080188313957	up	18133
Avil	62.9168355272892	2.26076774435996	0.583225983385119	3.87631519987874	0.000106050286902454	0.00117758439144404	3.97448815223008	up	11567
Gm43824	27.9321958644493	-2.26014705669125	0.724264221473486	-3.12061122126546	0.0018047613054539	0.0121979525292937	2.74358022898221	down	NA
Aqp7	56.4479504777099	2.25690327373403	0.491851549608691	4.58858628285219	4.4625785364992e-06	7.31358387506515e-05	5.35041412770483	up	11832
Mirt1	47.1344302302667	-2.25651465357376	0.487814857466371	-4.62576040691692	3.73226548608364e-06	6.27881482383053e-05	5.42802747129202	down	381232
D130079A08Rik	24.5405034045651	-2.25604601445751	0.713924165779949	-3.16006394319601	0.00157734517442468	0.0109565073710037	2.80207325851356	down	320671
Stap1	53.417395737834	-2.2521310604266	0.42120667508965	-5.3468551037261	8.94956037602526e-08	2.22178039567604e-06	7.04819829775176	down	56792
Ralyl	81.4283345398242	-2.250948894308	0.46194524299331	-4.87276128166687	1.10049168026419e-06	2.12541505847076e-05	5.95841323637189	down	76897
Gm28526	21.2539100422876	-2.24972823103623	0.659052426392033	-3.41358007488465	0.00064115314187063	0.00527222742886266	3.19303822519911	down	NA
Scn8a	34.109933419721	-2.24925815924006	0.705495600118341	-3.18819587090659	0.00143163522983022	0.0101699798465102	2.84416762298627	down	20273
Gm28153	17.2739706661877	-2.24671361297935	0.63660426555622	-3.52921545540749	0.000416793649774828	0.00372182466348359	3.38007890652418	down	105243868
H2-Ab1	1501.40926607215	-2.24663482786651	0.339757645653386	-6.61246290292015	3.77977857559966e-11	1.7969250981368e-09	10.4225336409596	down	14961
Esco2	875.10517016709	-2.24528940101515	0.220102577116982	-10.2011045505469	1.96030260644726e-24	5.61435447712363e-22	23.7076768826404	down	71988
Slc35f3	42.7767216928726	-2.2436237997997	0.488587491662372	-4.59206147944146	4.38889026204885e-06	7.21538142596096e-05	5.35764527793435	down	210027
Ch25h	223.7668644617	-2.24177752572273	0.362524973245028	-6.18378785234067	6.25814583737061e-10	2.42129415141102e-08	9.20355432044401	down	12642
Aadat	20.9763085824901	-2.24059194610155	0.789217415695583	-2.83900469191596	0.00452544914916023	0.0253048031590543	2.34433831075236	down	23923
Il1rn	401.396218322083	-2.24009530043817	0.247277208439171	-9.05904476428616	1.3159792727016e-19	1.80735515902907e-17	18.8807509510125	down	16181
Col25a1	82.3793763730735	-2.2395805887229	0.421095044717234	-5.31846816251846	1.04644526175571e-07	2.55200072402211e-06	6.98028348413293	down	77018
Asic2	135.753143621565	-2.23914659686835	0.428285416346864	-5.22816447024404	1.71201184229107e-07	3.93796259708186e-06	6.76649323555613	down	11418
Akap5	610.982458911883	-2.23850163625166	0.344494332987334	-6.49793457221825	8.14302018020372e-11	3.69901023079467e-09	10.0892144889281	down	238276
Vit	29.3572878420078	-2.23719831223737	0.585436541972182	-3.821418978564	0.000132686007221958	0.00142614685565569	3.87717487447326	down	74199
Kcna6	17.650111242413	-2.23395671295028	0.66678768771564	-3.35032687931541	0.000807162467850351	0.0063398697516607	3.09303904050807	down	16494
Slc5a11	19.5105865389679	-2.23295617231146	0.74342836204362	-3.00359293015571	0.00266812050675569	0.0166253144338438	2.57379455922433	down	233836
Plin5	29.2320414257499	-2.23155992900239	0.481263723996258	-4.63687541307339	3.53715465206963e-06	5.98487586483108e-05	5.45134595147387	down	66968
Trpc6	64.1682441721742	-2.22976070855187	0.384896013241146	-5.79315095985386	6.90779633357331e-09	2.10687788173986e-07	8.16066047546317	down	22068
Pbk	1569.91672544656	-2.22755796432058	0.207497644440634	-10.7353409737521	6.94620668573557e-27	2.26571755575694e-24	26.1582522983159	down	52033
Mcm10	769.220598432718	-2.22636535386894	0.182950567097941	-12.1692181072993	4.53404825559175e-34	2.95783675784923e-31	33.3435138620159	down	70024
Cd86	20.2494576451536	-2.2263569418402	0.637543816622822	-3.49208459684166	0.000479266429542166	0.00415488080391206	3.31942299031802	down	12524
Gm42997	20.910088574587	-2.22587816026993	0.645422699998106	-3.44871378133502	0.000563263401261211	0.00474950603680991	3.24928846667105	down	NA
Thbs1	36056.6851603772	-2.22468437167913	0.447828514158558	-4.96771487599261	6.77464724214796e-07	1.37394292298657e-05	6.16911331370479	down	21825
Jaml	11.8283832259839	-2.22328500969145	0.737788056095349	-3.01344673625907	0.00258298378185176	0.0162022900952961	2.58787832068475	down	270152
Mx2	34.8083056388705	2.22299595903156	0.505691450292706	4.39595321958644	1.10287686426563e-05	0.000162695120334663	4.95747297364793	up	17858
Rspo2	21.6964969092837	-2.22258868440236	0.704670380496262	-3.15408273984371	0.00161003431819967	0.0111308966626198	2.79316486679678	down	239405
Ankrd36	25.5963351030359	-2.22083834413011	0.696118008251888	-3.19031876464041	0.00142115946313724	0.0101016737263251	2.84735718873329	down	NA
Ccdc7b	18.555066132514	-2.22032351620324	0.726066040664261	-3.05801868129229	0.00222805685766441	0.014482677913714	2.65207373061912	down	75453
Gm14064	26.8128862816222	-2.22026850746038	0.474057558504484	-4.68354204595893	2.81959583374928e-06	4.91597684896822e-05	5.54981313981967	down	102635681
Gm20560	134.756028207211	-2.21918685341919	0.450543968260924	-4.92557221881171	8.41138364254836e-07	1.66701556831433e-05	6.07513255843546	down	330354
Fgfbp3	18.4576007989243	2.21832607299625	0.70463382714991	3.14819696063826	0.00164280960483254	0.0112943160332237	2.78441276666963	up	72514
Xaf1	183.124031586121	2.21827118331305	0.253697643485042	8.74375951167964	2.25479130027653e-18	2.71557813779458e-16	17.646893649499	up	327959
Aurkb	2321.10215957316	-2.21814005681866	0.189481149037863	-11.7063890950726	1.18207378204462e-31	6.77097628568732e-29	30.9273554150497	down	20877
Kcnmb2	36.3966754859881	-2.21763280115026	0.489542086326683	-4.53001460567045	5.89796089915807e-06	9.43057476506901e-05	5.22929811095278	down	72413
Exo1	656.637792423169	-2.21729887368238	0.26618845384104	-8.32980860622332	8.09731542810429e-17	8.26806316647953e-15	16.0916589426039	down	26909
Epm2a	577.254347259182	2.21667852576137	0.322591819886221	6.87146539097983	6.35457097758334e-12	3.39175225928511e-10	11.1969137650718	up	13853
Nkain2	164.030325662922	-2.21491284869305	0.273664448110996	-8.09353521797139	5.79575278586767e-16	5.29623557105456e-14	15.2368901473595	down	432450
Atp13a4	15.3261658364112	-2.21489757861862	0.860794560531115	-2.57308500793966	0.0100796446848125	0.0472401627265659	1.99655477683345	down	224079
Ccdc192	20.6007190698257	-2.21235732295891	0.710662641217792	-3.11309078969989	0.00185139054922362	0.0124619968611398	2.73250195754014	down	75444
Scd4	180.769095880789	-2.2079152332485	0.265136949582245	-8.32745204592319	8.26008451460634e-17	8.39775258984978e-15	16.0830155090913	down	329065
Efcab6	31.2047095041528	-2.20576474321847	0.681357770542348	-3.23730767972709	0.0012066323986973	0.00883622135435178	2.918425017834	down	77627
S100b	66.9763036943161	2.20390953827604	0.432656758799783	5.09389832344194	3.50774936749306e-07	7.54390969739693e-06	6.45497144501048	up	20203
Tdrd12	40.1450493814503	-2.20377084665013	0.431848178394099	-5.10311483736074	3.34108117706532e-07	7.21851807206798e-06	6.47611297233456	down	71981
Sspo	18.9816267852526	-2.20132083810446	0.665872609330164	-3.30591889088046	0.000946654862473349	0.00723704083502168	3.02380833001909	down	243369
Tafa1	69.1604433199128	-2.19946227604356	0.481812320503052	-4.56497723791524	4.99548539715403e-06	8.10213912653055e-05	5.30142230622408	down	320265
Ercc6l	870.428875859686	-2.19848575731731	0.269552913341168	-8.15604524568701	3.46172810035534e-16	3.25194737747381e-14	15.4607070465567	down	236930
Nell2	63.6988016305882	-2.19780198044204	0.373589831575092	-5.88292773166734	4.03071954175098e-09	1.31474233941697e-07	8.39461741909015	down	54003
Cfap44	20.1483495992123	-2.1943311174377	0.56012558315988	-3.91756988684332	8.94461184197922e-05	0.00101874010237091	4.0484385012167	down	212517
Nrxn1	128.054787444973	-2.19352874138782	0.386601593100741	-5.67387403604471	1.39603801149205e-08	4.047648481468e-07	7.85510275652912	down	18189
Muc20	26.9247236143203	2.19314007187243	0.539637529192768	4.06409849802903	4.82184619311025e-05	0.000593506592480054	4.31678664683058	up	224116
Zpld1	9.40846668058509	-2.19167191487013	0.818861048771455	-2.67648817605663	0.00743981908502547	0.0372943759256826	2.12843762511681	down	239852
Blnk	53.3208996839857	-2.19085048532341	0.462659206176928	-4.7353439768917	2.18683883888326e-06	3.90554449666717e-05	5.66018322151777	down	17060
Lsamp	275.939171336457	-2.18928296267991	0.3413133971154	-6.41428956842178	1.41481065114326e-10	6.17599036098504e-09	9.84930167933839	down	268890
Cgas	35.9261564256561	-2.18804530752784	0.653162695478184	-3.34992387451944	0.000808337725216387	0.00634485677697421	3.09240715215409	down	214763
Lrp2	98.301605069044	-2.18790257313169	0.30845267004559	-7.09315491679263	1.31088570759128e-12	7.63924338530549e-11	11.8824351715641	down	14725
Ccl17	113.131026267552	-2.18713409952901	0.296374209358063	-7.37963706176145	1.58721608648358e-13	1.04413920983381e-11	12.7993639435797	down	20295
1700030F04Rik	10.5528850193531	-2.18625914277294	0.729330889457458	-2.99762312878215	0.00272093920144061	0.0168693920659537	2.56528116229001	down	72263
Kcnh5	30.6658854875435	-2.18566844163776	0.668007826814919	-3.27192040856631	0.00106819642918783	0.00799700131956525	2.9713488781424	down	238271
Gm8995	58.8423662830058	2.18459716781603	0.368495656614798	5.92842039953721	3.05862617412842e-09	1.02033857527565e-07	8.5144735993259	up	668139
Slco2b1	72.7742878438822	2.18375234568882	0.392247423780032	5.5672828253257	2.58742249268162e-08	7.09636717458082e-07	7.58713265081226	up	101488
Cpvl	13.6091374142352	-2.18353805408463	0.749630657984032	-2.9128185071256	0.00358182713071252	0.021005474010763	2.445895378283	down	71287
Tnfrsf11a	25.4736040216489	-2.18310051523951	0.508087718867206	-4.29670002673316	1.73359537374092e-05	0.000242342186620867	4.76105226064155	down	21934
Ccn1	15795.2950979401	-2.1830916950163	0.264713240549882	-8.24700604503736	1.6241220486891e-16	1.58267661051716e-14	15.78938133773	down	16007
Rgs16	53.9071386867296	-2.18308669430977	0.406861302138683	-5.36567789277152	8.06457507667592e-08	2.02346736833049e-06	7.09341851069493	down	19734
Gm45194	20.3987062067171	-2.18100017377243	0.635537828739861	-3.43173934759619	0.000599723661582694	0.00499096746714017	3.2220488161079	down	NA
Catspere1	21.8824766127067	-2.17935044623088	0.681665394701404	-3.19709708483224	0.00138818195702924	0.00990925631028321	2.85755360466321	down	631584
Ttk	767.217168021926	-2.17841018463293	0.186355055235972	-11.6895685060678	1.44116937694246e-31	8.05853876606993e-29	30.8412849746692	down	22137
Npr3	168.554955186651	-2.17755357026229	0.23064049210586	-9.44133248407582	3.68068532894794e-21	6.6492996115648e-19	20.4340713098946	down	18162
Plcxd1	18.4818125006194	-2.17597971029413	0.529995015899376	-4.10566070437775	4.03160882981015e-05	0.00050795243223225	4.39452161230067	down	403178
Gm45459	20.2320572657536	-2.17527673681428	0.592871079671143	-3.66905523207655	0.000243448483992102	0.002369410545609	3.61359292555807	down	NA
Fxyd7	24.4118479740534	2.17404393676726	0.642942066713932	3.38139942822339	0.00072117627171252	0.00580226952420984	3.1419585709594	up	57780
Rad54l	1047.44052369457	-2.17143860946418	0.225633527219533	-9.62374092282593	6.34795524906078e-22	1.31930733649728e-19	21.1973661435357	down	19366
Suv39h2	15.0793878139818	-2.16669862765255	0.628507793087757	-3.44736954972016	0.000566073702394007	0.00476666937996531	3.24712702029727	down	64707
Ankfn1	58.5595606332978	-2.16056172570719	0.531968754925091	-4.06144478543937	4.87699535741929e-05	0.000599038891051213	4.31184765782819	down	382543
Ntng1	59.3675973098963	-2.15968801606339	0.495975983956802	-4.35442054841812	1.33419358188223e-05	0.000192095226967475	4.87478115284536	down	80883
Mybl2	339.909775512149	-2.15738166433236	0.365231769722593	-5.90688391092311	3.48639244363443e-09	1.14036109385452e-07	8.4576237283815	down	17865
Rtl3	385.049883873908	2.15656760515556	0.222967079614876	9.67213459888576	3.96030091780713e-22	8.61182102358337e-20	21.402271813575	up	213436
Emcn	3884.84553818907	-2.15445929997332	0.1995456951459	-10.796821742499	3.56324866744111e-27	1.17863232330781e-24	26.4481538686035	down	59308
Sgcz	139.315920335144	-2.15431585175571	0.412787293025073	-5.21894905235092	1.79941248423881e-07	4.11081733388604e-06	6.74486927073178	down	244431
Tsc22d3	27365.3098653385	2.15304025212885	0.127322907059116	16.9100777060423	3.79207659129471e-64	4.45284593732782e-60	63.4211228994878	up	14605
Kbtbd11	58.5975737284573	-2.15250301406495	0.370941579740241	-5.80280866753273	6.52131924069573e-09	2.00725009656277e-07	8.18566453908422	down	74901
Dcdc5	54.4356055961482	-2.15242479942036	0.485219088242418	-4.43598541684946	9.16520527519563e-06	0.000138867642508367	5.03785780360014	down	NA
Adgre4	16.6260871047521	-2.15026752883685	0.704848962864649	-3.05067843201149	0.00228324967786069	0.0147374356966325	2.64144659495382	down	52614
Gm29687	14.7693210954916	-2.14584156550075	0.691358356337586	-3.10380506119601	0.0019104916439175	0.0127774535835258	2.71885485748275	down	629481
Kcnab1	1032.14242238456	-2.14551180432817	0.299528060683639	-7.16297431175992	7.89451477063161e-13	4.72966018847661e-11	12.1026745583616	down	16497
Gm16010	15.4202344475867	2.14481199556587	0.82608950871025	2.59634334167311	0.00942218609142963	0.0449390821196638	2.02584832254706	up	100502670
Gm11476	37.8005796094064	-2.1438551868791	0.487495741725663	-4.3976900788716	1.09409055642376e-05	0.000161601991934667	4.96094673053684	down	102634096
Gm19391	32.2506106429674	2.14370557842556	0.497019289447197	4.31312350232899	1.60964140921547e-05	0.000226905333105794	4.79327086393378	up	105244530
Gm36283	131.841814005179	-2.14347556124387	0.359813745939057	-5.95718086214226	2.5662618980281e-09	8.68424505406196e-08	8.59069902408566	down	102640148
Pde6a	18.985632571782	-2.14199834291722	0.81022864404569	-2.64369614510498	0.00820062364883134	0.0402755631922758	2.08615311872031	down	225600
Hs6st3	94.2340133083193	-2.14188885775431	0.456371981724474	-4.69329613457173	2.68837887357343e-06	4.71168491387105e-05	5.57050952612892	down	50787
Gm48759	12.7578823405371	2.13807456832703	0.644299625581546	3.31844763435521	0.000905192933325644	0.00697112864903445	3.04325884516103	up	NA
Slc1a1	44.89957902544	-2.136480762777	0.429599652232671	-4.97319015896196	6.58600001406876e-07	1.34031378102604e-05	6.18137827269639	down	20510
Gm12132	34.0136724097641	-2.13474706775744	0.574522733446053	-3.71568772388341	0.000202651742163555	0.00203736137187975	3.69324965834831	down	102637264
Adamts16	19.6036030110273	-2.13179932097769	0.608787035233737	-3.5017160313856	0.000462272034220636	0.00402871375199917	3.33510237900628	down	271127
Daw1	14.2969836096816	-2.13103031813377	0.785930550774332	-2.71147408130933	0.00669847776865058	0.0343479804359736	2.17402387965541	down	71227
Cpne4	58.4629051726724	-2.1279769220131	0.489502349449167	-4.3472251449001	1.37870676926417e-05	0.000197432490708347	4.86052809207804	down	74020
Lrr1	212.339744158771	-2.12752535555029	0.231170830634913	-9.20326041874323	3.47250028685764e-20	5.33017445992494e-18	19.459357709714	down	69706
Gm49891	25.8472285105154	-2.12584730610645	0.50398704423983	-4.21805943308105	2.46413876238806e-05	0.000328995445336461	4.60833483950981	down	NA
Prlr	35.323963610112	-2.12507993909856	0.505232574355056	-4.20614197691287	2.59767077432001e-05	0.000344863189004553	4.58541589173734	down	19116
Gm4804	29.7553828946491	-2.12469441179922	0.742256736813775	-2.86247912133438	0.00420340953662628	0.0238389454160029	2.37639829478346	down	217409
Samsn1	51.6949399875857	-2.12388358363248	0.423438230251075	-5.01580497909492	5.28118776917614e-07	1.09565984769524e-05	6.27726839118082	down	67742
Gas1	167.677752466743	-2.12296392338016	0.373455801757871	-5.68464571546964	1.31084115555874e-08	3.82899310177824e-07	7.8824499318369	down	14451
Neto2	147.820570153788	-2.12198304333633	0.298939980988333	-7.09835812633956	1.26247694798013e-12	7.37544057793866e-11	11.8987765430758	down	74513
Gm14051	23.3449007148487	-2.12147908122457	0.773590576896769	-2.74237968323607	0.00609957911259297	0.0319511684205133	2.21470013144574	down	102633555
Fkbp6	17.865407619667	-2.12043043399648	0.622431256697076	-3.40669015442528	0.000657557281845405	0.00537886895302659	3.18206640845679	down	94244
Sez6	9.67146177547028	-2.12034548870392	0.752420375193603	-2.81803305520314	0.00483188351460891	0.0267004198448448	2.31588354408319	down	20370
Mcm5	4409.38720501	-2.11839487267941	0.15643253882891	-13.5419068726891	8.84623497420567e-42	1.29846142730763e-38	41.053241529058	down	17218
E2f7	737.843321837304	-2.11645854799691	0.231600251937822	-9.13841211435779	6.33760085558448e-20	9.02051855111524e-18	19.1980751163095	down	52679
Tcerg1l	23.6944314827669	-2.11487682057807	0.554959067256269	-3.81086992782022	0.000138478620010793	0.0014789313625959	3.85861727301166	down	70571
Plscr2	1035.13129519876	-2.11217435943088	0.315329060189629	-6.6983181257087	2.10831904521068e-11	1.03585507901198e-09	10.6760636680847	down	18828
Cntn4	131.826489724374	-2.11176814728923	0.41239681320999	-5.12071887959504	3.04373104163258e-07	6.638124948291e-06	6.51659372650577	down	269784
Gm20426	9.43139773558462	-2.11169093981717	0.810544766847626	-2.60527367048457	0.00918009020976947	0.0439988609339665	2.03715305110675	down	108169154
AU021092	79.20413941375	2.11049588983911	0.473698799314705	4.45535410453297	8.37548373823692e-06	0.000128982449568849	5.07699010025769	up	239691
Ros1	18.612461901219	-2.10992250089081	0.750676788341348	-2.81069367490737	0.00494348264911569	0.0271827885774952	2.3059669858138	down	19886
Gal3st2c	243.102932100661	2.10966463531022	0.224849639326605	9.38255734644887	6.43916225757549e-21	1.09582409868957e-18	20.1911706311772	up	619597
Prdm1	49.5356734401345	-2.10882836664826	0.393568470912581	-5.35822486429984	8.40435998050917e-08	2.09974887385381e-06	7.07549535391	down	12142
Cadm2	92.4766392448549	-2.10820606795971	0.468450593665371	-4.5003808223705	6.78318274268043e-06	0.000106628545322523	5.16856648264474	down	239857
Gm15155	77.3105738176475	-2.10817934395394	0.458331626101002	-4.59968115638907	4.23138084128193e-06	7.00309929933095e-05	5.37351788466072	down	NA
Pax3	18.6673146757344	-2.10814462673033	0.691922715680479	-3.04679204621437	0.00231297667097632	0.014861903452224	2.63582874756546	down	18505
Tent5b	238.974385677599	-2.10754830215024	0.353833518650127	-5.95632745645615	2.57969195467145e-09	8.71713173459842e-08	8.58843215077074	down	100342
Il1b	276.762867155234	2.1062378682104	0.398572172823081	5.28445790204557	1.26077536538342e-07	3.00297256146345e-06	6.89936228556404	up	16176
Gm32647	73.1465279922412	-2.10620757300267	0.58049809957704	-3.62827643111543	0.00028531967478111	0.0027040890081656	3.54466827967747	down	102635262
Mlana	256.298445726645	-2.10611255288717	0.266850210260696	-7.89248976356297	2.96216633547803e-15	2.38241357495554e-13	14.5283905580525	down	77836
Dock3	53.6632309409517	-2.10590411643297	0.397518522933211	-5.29762512924911	1.17318507983796e-07	2.82297659836009e-06	6.93063346886336	down	208869
Cdkl4	16.2330164325362	-2.10420014737276	0.723593067450292	-2.90798826305409	0.00363761989872217	0.0212511202292264	2.43918268309325	down	381113
Gal3st2b	144.64353700081	2.10169474114902	0.364249675119335	5.7699289380573	7.93049677991588e-09	2.39701051320881e-07	8.10069960687929	up	100041596
Gm36431	17.9141048842775	-2.09826412067011	0.740773191080331	-2.83253247543967	0.00461808749092553	0.0257065145115871	2.33553784351364	down	102640342
Gm15581	23.7030861575771	-2.09744222473901	0.558779402268929	-3.75361406705817	0.000174303159587457	0.00179618679373033	3.75869474037732	down	102631779
Gm12068	18.9934275447899	-2.09726074534883	0.674033666522315	-3.11150740610579	0.00186134804955001	0.0125146747620046	2.73017241146572	down	115487715
Smoc1	116.577211792862	-2.09717306735489	0.434577856947651	-4.82577065036131	1.39462928014199e-06	2.62022949153078e-05	5.8555412210538	down	64075
B3gnt3	270.141957242765	2.09646084557765	0.337981091459013	6.20289388535776	5.54342194670629e-10	2.18802125072936e-08	9.25622206310845	up	72297
Ltbp2	608.124777822462	-2.09583911620448	0.352175628491026	-5.95111911969765	2.6631516218754e-09	8.96932641291978e-08	8.57460410706113	down	16997
Dmkn	42.6427305847578	2.09424856006516	0.456369819598915	4.58892869363208	4.45526572720391e-06	7.30669801699608e-05	5.35112638805432	up	73712
Plk1	3998.40708003121	-2.09420487728351	0.189311222635255	-11.0622331213739	1.91275075563208e-28	7.36409040918351e-26	27.718341617796	down	18817
Col11a1	3031.65169844366	-2.09324900543156	0.283314407598296	-7.38843118913856	1.48571276768189e-13	9.88440916402528e-12	12.8280651444572	down	12814
Grk6	1152.38213127212	2.09310998939672	0.270342670457157	7.74243291248553	9.75322392078481e-15	7.41276581811105e-13	14.0108518048578	up	26385
Fbxo5	1151.94092303661	-2.08788686496868	0.20534577797736	-10.167663954595	2.76459400058396e-24	7.63841060043698e-22	23.5583686387725	down	67141
Kcnj8	29.880873021499	-2.08775679452034	0.587123767576048	-3.55590577288274	0.000376679075457294	0.00341161129468359	3.42402850420829	down	16523
Gm13986	40.8727430718199	-2.08320782267522	0.480365199537774	-4.33671678273064	1.44626782132583e-05	0.000205727436607129	4.83975127650638	down	329496
Gm281	14.8975359116256	-2.08319548021496	0.657886453074398	-3.16649700032565	0.00154286937341661	0.0107923498665874	2.81167084179545	down	NA
Gucy1a2	58.2526777359366	-2.08227656349354	0.537313646251759	-3.87534650947222	0.000106473077548734	0.00118060445053447	3.972760192696	down	234889
Gm7889	89.2110702517986	2.08182473663783	0.339657086059351	6.12919565668669	8.83244546990045e-10	3.30829317162061e-08	9.05391903514921	up	666009
B530045E10Rik	30.242880823531	-2.08165962796655	0.604600599991894	-3.44303268636264	0.000575229785060723	0.00482963114616126	3.24015863452953	down	320966
Cldn4	18.5810217677508	-2.07630446769657	0.725619243090788	-2.86142420762233	0.00421742329473232	0.0239068757124761	2.37495280748867	down	12740
Bmpr1b	78.2877498782901	-2.07626084086783	0.320108862302751	-6.48610858797205	8.80816945844302e-11	3.9704387664402e-09	10.0551143386595	down	12167
Gm44442	23.3548551846034	2.07582495566644	0.658459292743448	3.15254865189553	0.00161851847822293	0.0111665412635328	2.79088233800102	up	NA
AI182371	16.9970073930003	2.07497346383295	0.731404599092241	2.83697076338901	0.00455437822370344	0.0254097434921256	2.34157090572647	up	98870
Spc24	2214.89788977283	-2.07388082000485	0.165562277465289	-12.5262883052551	5.36136423512294e-36	4.66339403932823e-33	35.2707246870984	down	67629
Gm27008	18.0993220856377	-2.07300858342306	0.654409056835054	-3.16775656108557	0.00153620096270297	0.0107534067389208	2.81355196706231	down	102639188
Polq	277.698748342338	-2.07213726573889	0.379908690060277	-5.45430341540784	4.91651915883429e-08	1.28436543320604e-06	7.30834226412724	down	77782
Rhob	800.877437701057	2.07056810271456	0.321374739907328	6.44284645181395	1.17253307572913e-10	5.20547056398838e-09	9.93087489752202	up	11852
Gm31615	26.8300619474368	-2.0699562517166	0.52425369708215	-3.9483865602425	7.86796839979562e-05	0.000908452496898722	4.1041373930107	down	102633900
Prkcq	48.2413174920869	-2.06875589963242	0.577732626992056	-3.58081888226276	0.000342519032522296	0.00314959259153724	3.46531529135474	down	18761
9630028H03Rik	18.1880184816307	-2.06852161546206	0.617710553017911	-3.34869075063718	0.000811943676186892	0.00636677704014997	3.09047409633719	down	320684
Gm5373	15.8153506006862	-2.06753151078776	0.707575808529349	-2.92199293116733	0.00347799434028981	0.0205073304247317	2.4586711290564	down	385024
C230057A21Rik	35.807691780019	2.06694345025602	0.418336265360367	4.94086604821481	7.77763294727776e-07	1.55321181774505e-05	6.10915255652583	up	102635252
Cdca2	1760.02371928544	-2.06662120055854	0.131150790050296	-15.7575962734651	6.09058145121818e-56	2.38395508969765e-52	55.2153412444769	down	108912
D830013O20Rik	52.4753828181435	-2.06569731768458	0.530231390845123	-3.89584123714763	9.78584775920063e-05	0.00109909437888487	4.00940154494777	down	380765
Anpep	248.020204334655	2.06110934290094	0.442646613772312	4.65633143634784	3.21893592912845e-06	5.53416620026219e-05	5.49228766758369	up	16790
Dna2	475.277465792414	-2.06076644072345	0.266494255424773	-7.73287378160828	1.05145534817587e-14	7.91456052945844e-13	13.9782091656335	down	327762
A2m	71.2918117100508	-2.05791037675939	0.393703386564361	-5.22705784859427	1.72228627183688e-07	3.95771948083064e-06	6.76389466011466	down	232345
4930519F16Rik	27.5040275816955	-2.0573656321243	0.584045938546987	-3.52260926125555	0.000427320861017485	0.00378989064236995	3.36924590520846	down	75106
Gm13715	37.6431028019455	2.05434641254408	0.387001197488729	5.30837223728205	1.1060857538537e-07	2.67798184837671e-06	6.9562112012576	up	102640825
St18	54.1320085174954	-2.05412625293228	0.548636190661494	-3.74405897368091	0.000181071123608596	0.00184889362519472	3.74215080345386	down	240690
Ceacam10	49.77094267852	-2.05397461984544	0.480689531511209	-4.27297555948032	1.92881605637267e-05	0.000264438091558156	4.71470918734388	down	26366
Col28a1	26.9783610656503	-2.0525141846202	0.661038640582416	-3.10498367056396	0.00190289529688156	0.0127407885978326	2.72058510726608	down	213945
Serpina3d-ps	31.4092989061379	2.0512805723063	0.708331342134884	2.89593365461398	0.00378032313266142	0.021926621084355	2.4224710761591	up	435318
Lurap1l	91.8746156706494	-2.05083628805195	0.38546495403591	-5.32042217218246	1.03526730495648e-07	2.5273651410502e-06	6.98494750133822	down	52829
Gjb3	304.624825360785	-2.04881773404585	0.385717419786634	-5.31170652126417	1.0860340175233e-07	2.63486662205938e-06	6.96415657125612	down	14620
Mcm3	6213.82326967963	-2.04854064023787	0.149184892106613	-13.7315555972914	6.57074119917593e-43	1.10224183616176e-39	42.182385637966	down	17215
Depdc1a	854.921998686442	-2.04806058988995	0.202767963534405	-10.1005136817012	5.49535750490304e-24	1.45009517980503e-21	23.2600040489446	down	76131
Gm49457	23.9620535915622	-2.04673705251967	0.654457894382003	-3.12737774284529	0.00176373157115743	0.0119576316248939	2.75356751106124	down	NA
Vgll3	389.80004293497	-2.04496799884181	0.399617343719228	-5.11731542932882	3.09915089260854e-07	6.72676143372566e-06	6.50875727815507	down	73569
Lrriq1	24.8024869534283	-2.04327692001755	0.691627994987104	-2.95430048353617	0.00313378713281534	0.0188810521875683	2.50393050696871	down	74978
Cfap54	45.9227848162915	-2.04326655190399	0.511419372851529	-3.99528578769185	6.46162591173921e-05	0.000767195573999976	4.18965818856074	down	380654
Dnaaf3	86.3830133231645	2.04242583290956	0.399051463538331	5.11820158432617	3.08462815325437e-07	6.70763816473878e-06	6.51079718194616	up	436022
Trpm1	26.0395010370831	-2.03977879223418	0.779371707067091	-2.61720918752647	0.00886519933698758	0.0427865200224319	2.05231149469584	down	17364
Rbm44	84.9444473656001	-2.03958191517136	0.438522686497839	-4.65102941756563	3.30282205987055e-06	5.64720867388128e-05	5.48111482337125	down	329207
Tafa2	147.992187048291	-2.03828448507709	0.355533450426809	-5.73303154071769	9.86512794619315e-09	2.92898267782991e-07	8.00589727777466	down	268354
3830432H09Rik	48.3331428443996	-2.03565878957874	0.54361040605605	-3.74470165931454	0.000180608262109136	0.0018449695674785	3.7432623863241	down	320069
Ccn2	22004.5481172111	-2.03533026269426	0.225372132863561	-9.03097573259615	1.70147823367952e-19	2.29650668494044e-17	18.7691736022857	down	14219
Hells	967.319251405585	-2.03518272805404	0.215218006667376	-9.45637755673235	3.18796190641436e-21	5.84916291969853e-19	20.4964868767153	down	15201
Chaf1b	1830.99243778927	-2.02701222426769	0.162382259577187	-12.4829659936107	9.24764907462493e-36	7.48900132819194e-33	35.0339686590107	down	110749
Olfr1372-ps1	15.2810506079153	-2.02592791810761	0.70524645680623	-2.87265238776556	0.00407041716948811	0.0232305582564831	2.39036107845973	down	NA
Pnpla3	388.913750521963	2.02577317668798	0.302530857690625	6.69608777151446	2.14073175088908e-11	1.04958424153716e-09	10.6694377495236	up	116939
Gm26691	50.662841501041	-2.02533857105821	0.395543298468426	-5.12039662636296	3.04893714128986e-07	6.638124948291e-06	6.5158515292169	down	102632484
Hsd3b6	128.400080412298	-2.02532437346688	0.318510036555536	-6.35874585105496	2.03407626408347e-10	8.60455711370872e-09	9.69163276800634	down	15497
Syt8	16.9887818930561	-2.02362372733252	0.600178288915846	-3.37170431637567	0.000747046044504501	0.00596341820366696	3.12665262943232	down	55925
Abcb5	17.0964640774155	-2.02334330761381	0.634071155652646	-3.19103509058253	0.00141764061217465	0.0100797123151443	2.84843385373107	down	77706
Lgr5	16.0053627122989	-2.02230659542108	0.724074744451099	-2.79295281449726	0.00522293100074566	0.0283593378993905	2.28208571151574	down	14160
Unc5cl	20.6847043936105	-2.0190916134923	0.727980564719522	-2.77355153604989	0.00554480570732436	0.0296763359244559	2.25611366713705	down	76589
Gm29054	10.1106291133992	2.01677217572148	0.790736292887895	2.55049906506239	0.0107568812579893	0.0496971602087459	1.96831362539592	up	NA
Spock2	529.261498795889	2.01199486052621	0.250080915275257	8.04537546702298	8.59813970951111e-16	7.45119229069625e-14	15.0655955023945	up	94214
Abca1	255.920814093994	-2.0098462632713	0.385724647496521	-5.21057255821182	1.8825873505315e-07	4.28416317124344e-06	6.7252448637468	down	11303
1700001O22Rik	34.1138838658401	-2.00884739567972	0.593621231340593	-3.38405584170748	0.000714234751722097	0.0057571092349694	3.1461590226479	down	73598
Gm40660	15.3509561195731	-2.00719657593733	0.76392277790962	-2.62748622502104	0.00860183244711093	0.0417470624138045	2.06540902121041	down	105245170
Snrpn	21.8270337086766	-2.00654959514242	0.694695187701599	-2.88838850572881	0.00387221277926015	0.0223437142803255	2.41204078609516	down	20646
Nkain3	137.675152056144	-2.0063155799981	0.247258130239972	-8.11425524431051	4.88773091466526e-16	4.51922679255566e-14	15.3108927114179	down	269513
Flt3	19.9686167289683	-2.00599624011619	0.525729127543862	-3.81564599528268	0.000135827118315642	0.00145325734562317	3.86701351312568	down	14255
Mdga2	92.0274427619768	-2.00471665652707	0.45691361215224	-4.38751790975121	1.14651555424502e-05	0.000168708758091756	4.94062004902217	down	320772
Cdhr1	157.759857650968	2.00376776185703	0.465444271981325	4.30506482189007	1.66936847179285e-05	0.000234340218529917	4.77744779297668	up	170677
Brip1	444.457269193455	-2.00368773638146	0.206556395658464	-9.70043909797166	3.00203862590398e-22	6.77912280089951e-20	21.5225837241817	down	237911
Gm40323	61.5396313362379	-2.00314352545105	0.566838347992725	-3.53388851079771	0.000409493770745507	0.00366360426893647	3.38775270037836	down	105244771
Cdca5	944.387466221383	-2.00249662933326	0.17136154270189	-11.6857994959635	1.50655226227717e-31	8.22822787897196e-29	30.8220157980597	down	67849
Ms4a4d	16.1920585139726	-2.00210634600364	0.632958021424173	-3.16309498929935	0.00156101388576141	0.0108946244003289	2.80659323371994	down	66607
Il1rapl1	116.621389135735	-2.00203072139429	0.352995511034098	-5.67154725432442	1.41513555032171e-08	4.09291359597358e-07	7.84920195877061	down	331461
Kcnip3	33.0194833101621	-1.99922959458669	0.634480662463119	-3.15097009706407	0.00162729149768383	0.0112106015908198	2.78853464466836	down	56461
Asf1b	3593.39252287024	-1.99902786160571	0.155270369340428	-12.8744967252758	6.26460897626463e-38	6.6874700821625e-35	37.2031060315733	down	66929
Gckr	23.8632368411058	-1.99896829071657	0.685098945202582	-2.91778042385612	0.00352532500638558	0.0207291581810128	2.45280083839648	down	231103
Gm31718	55.5556008509313	-1.9985433944215	0.420278096176118	-4.75528801668505	1.98163697653358e-06	3.5799034149147e-05	5.70297590258963	down	102634034
Rad51ap1	755.24121636467	-1.99808754712455	0.22474918236152	-8.89029951579772	6.09444040801972e-19	7.86417214188699e-17	18.2150661651672	down	19362
Clspn	224.914617010954	-1.99440220285777	0.284271497085965	-7.01583599939551	2.28578046676423e-12	1.28424770961622e-10	11.640965482887	down	269582
Sftpa1	98.4621641811066	1.99418172405152	0.399882717865224	4.98691650066168	6.13505640614146e-07	1.2583563292422e-05	6.21218143998451	up	20387
Lrrn4	1652.69682021989	-1.99159305092173	0.330807544449114	-6.02039791516328	1.73988810705839e-09	6.08960837470438e-08	8.75947868048156	down	320974
Ticrr	469.999669061232	-1.99111046205585	0.20985730096519	-9.48792561849503	2.35677365552938e-21	4.39276423016726e-19	20.6276821251018	down	77011
Gm31135	66.5946117412985	-1.98748801074714	0.561780639294546	-3.5378364289003	0.000403419887948213	0.00361891370071191	3.39424269557972	down	102633271
Slitrk6	104.967691158265	1.98684544931411	0.443121038169914	4.48375337248659	7.33414243763166e-06	0.000114370740469973	5.13465065978628	up	239250
Gm29683	29.3816313251933	-1.98465353817345	0.526366773141558	-3.77047648036041	0.000162936158583194	0.00170360840196416	3.78798252692183	down	624549
E330023G01Rik	10.1155456496393	-1.98352903219308	0.76111849297613	-2.60607126288191	0.00915874041801617	0.0439144587009207	2.03816424981678	down	331011
Il21r	16.2710459216478	-1.98217050305687	0.68383673115335	-2.89860198020333	0.00374830389584723	0.0217785544270095	2.42616520568736	down	60504
Cenpk	647.980620863235	-1.98198518823821	0.158702070663042	-12.4887166245384	8.6030178581598e-36	7.21578122853153e-33	35.0653491755891	down	60411
AC106834.1	24.4957040158808	-1.98186491472854	0.684526109409555	-2.895236408788	0.00378873076999481	0.0219591170121738	2.42150625491501	down	NA
Nsl1	640.796729088649	-1.98123531780553	0.215550012017937	-9.19153424886218	3.87277600698267e-20	5.86788029187019e-18	19.4119776209443	down	381318
Necab1	26.0379145444264	-1.97963194442563	0.644588132815731	-3.07115791253877	0.00213230346299808	0.0139685207331967	2.67115098776604	down	69352
Spata20	70.3140219501859	1.97950744642987	0.312969668908162	6.32491785333594	2.5336733371818e-10	1.05877790611592e-08	9.59624937879923	up	217116
Itgae	57.0627088825874	-1.97941942300576	0.372600032141393	-5.31245102591568	1.08160499770553e-07	2.62683488842962e-06	6.96593131468006	down	16407
Naaladl2	202.666806424265	-1.97811925794318	0.262330475041587	-7.54056217688621	4.67949719764047e-14	3.31018047248754e-12	13.3298008084689	down	635702
Madcam1	160.873438009836	-1.97794371827881	0.240203399445436	-8.23445347919865	1.80379189184776e-16	1.74010065103381e-14	15.7438135695855	down	17123
Serpinb1c	57.072718166317	-1.97668171761489	0.389472602753728	-5.07527796214407	3.86929949308733e-07	8.26095441774145e-06	6.41236765354025	down	380839
Trim29	35.7350390811443	1.97595435110249	0.705002433813278	2.80276245347804	0.00506669727859471	0.0276852921330379	2.2952750428503	up	72169
Ifi27l2b	112.484779309309	-1.97463674907564	0.401140743513161	-4.92255344541149	8.54222248137351e-07	1.68725058852024e-05	6.06842912160335	down	217845
Cftr	22.3658765168067	-1.97401321940664	0.607724534293577	-3.24820392795437	0.00116136002801601	0.00858499850738309	2.93503312570309	down	12638
Fndc3c1	95.4379859562725	-1.9727846541476	0.355272341846059	-5.55287992275632	2.8100110986371e-08	7.65581330063715e-07	7.55129196476847	down	333564
Prph	16.1711855357057	1.97018121763241	0.726872085984354	2.71049233506378	0.00671834013482057	0.0344272786529044	2.172738012561	up	19132
Brca1	682.217373911002	-1.96871646007187	0.317419143704204	-6.20226126596346	5.5657577205336e-10	2.19315134340154e-08	9.25447570258794	down	12189
Gm48703	18.8717205433734	-1.96635398533723	0.541451024119779	-3.6316377617604	0.000281628250680923	0.00267558230875464	3.55032378241542	down	NA
Ankle1	592.946696278302	-1.96628660016824	0.17267764962862	-11.3870359273314	4.85215747731388e-30	2.19140227605224e-27	29.3140651125007	down	234396
Gm14532	24.992407353961	1.9656566731598	0.614557307666241	3.19849206679244	0.00138148334005534	0.00986743802956191	2.85965434807332	up	102633651
Zmat4	82.1158359943204	-1.96481931705114	0.39322096583449	-4.99673081490306	5.83103730548269e-07	1.20019203434935e-05	6.23425418006524	down	320158
Rad54b	358.434661848254	-1.96219824890094	0.293486896011818	-6.68581212846357	2.29647486571061e-11	1.11893593819946e-09	10.6389383034544	down	623474
9030622O22Rik	111.910788177654	1.96104131884398	0.305851672484618	6.41173972636231	1.43868306197671e-10	6.25693920565239e-09	9.84203486943717	up	100043820
Gm16196	22.4259905265593	-1.95868772611847	0.543227592450564	-3.60564844889892	0.000311374430758756	0.00290876233348026	3.50671705341307	down	105246247
Crim1	450.655645040959	-1.95689223247444	0.316278708681655	-6.1872398576286	6.12267687452627e-10	2.37671184129338e-08	9.213058659936	down	50766
Aurka	4914.00682213549	-1.95688576699303	0.167132839300024	-11.7085653255742	1.15212596852989e-31	6.76441959273114e-29	30.938500034414	down	20878
Prex2	247.941527321898	-1.95678553209421	0.246122891177925	-7.95044102858204	1.85848693070272e-15	1.53685090026597e-13	14.7308404886138	down	109294
Sprr2e	15.8422320744765	1.95656951183748	0.760871500084099	2.57148481921221	0.0101263454833685	0.0474022769936037	1.99454725974979	up	20759
Podxl	851.980129119302	1.95554999949736	0.287865835412305	6.79326880418602	1.09620852164224e-11	5.54837438163102e-10	10.9601068261574	up	27205
Kcnk13	39.3842361933071	-1.95506921352495	0.647632256265693	-3.0187953033687	0.00253781937716738	0.0159744540532768	2.59553929094539	down	217826
Gpr176	587.430491012281	-1.95416082401512	0.203494495778779	-9.60301563212557	7.76389684144201e-22	1.58552275931535e-19	21.1099202436971	down	381413
Gm28981	25.5829387847307	-1.95387559596239	0.602250333711121	-3.24429142931716	0.00117743211792994	0.00866973586010346	2.92906412170077	down	NA
Pole	1025.49252183493	-1.95221651611696	0.237086898888469	-8.23418132874279	1.80789678029486e-16	1.74010065103381e-14	15.742826368677	down	18973
Fstl4	969.355860918984	-1.95200019307372	0.20223449655113	-9.65216234798105	4.8129964126595e-22	1.03700202524136e-19	21.3175844620215	down	320027
Ptgs2os	24.5360203053969	-1.95146010544908	0.538242268634484	-3.62561660272412	0.000288272784027593	0.00272438081806359	3.54019635762765	down	320019
Dlgap1	166.025848671652	-1.95005689682708	0.28991420368911	-6.72632410559032	1.74002758845504e-11	8.62121264026723e-10	10.7594438658445	down	224997
Phyhipl	15.4645147909431	-1.95003709816508	0.63051699483004	-3.09275898057392	0.00198305119177387	0.0131660855580324	2.70266607448963	down	70911
Tm7sf2	2549.53078437816	1.94914927993805	0.309805977674103	6.29151604682215	3.14380309540217e-10	1.29303354983398e-08	9.50254466277838	up	73166
Cdc45	1624.15994740786	-1.94866368803431	0.190333324542191	-10.2381634573001	1.33751106417881e-24	3.92643091777992e-22	23.8737026167146	down	12544
Esr2	168.884132696306	-1.94851512751077	0.364670753527022	-5.34321743289015	9.13111232514111e-08	2.26206933497826e-06	7.03947631477171	down	13983
Eldr	167.351499128584	-1.94699150785182	0.215629326625234	-9.02934465512531	1.72702928850751e-19	2.31767330517708e-17	18.7627002972158	down	72735
Xrcc3	83.390572843675	-1.94643648118217	0.335653599973003	-5.79894415355214	6.67337498028787e-09	2.05136402371807e-07	8.17565447123878	down	74335
Lhx9	88.610404550973	-1.94167439669339	0.338326190321519	-5.73906026857742	9.52033381896192e-09	2.84097890391767e-07	8.02134782333912	down	16876
Nxnl2	28.9640932509141	1.94122486062776	0.559255674781475	3.471086567671	0.00051835686158928	0.00443644711895928	3.28537114825104	up	75124
Gm20744	28.0245864816387	-1.93973429789007	0.639908789642456	-3.03126684503565	0.00243529919982182	0.0154533914368591	2.61344767393639	down	434205
Gm34297	45.1317530363939	1.93822771598551	0.521578568734164	3.71608005422742	0.000202337497561771	0.00203507328918124	3.69392362550855	up	102637506
Gins1	470.346414016456	-1.93819463444775	0.203510162723193	-9.52382234141304	1.66923742831462e-21	3.21328204950563e-19	20.7774818859252	down	69270
Myom3	114.966323096739	1.93748589564071	0.300352886698884	6.45069843321706	1.11335848631659e-10	4.9615225903501e-09	9.95336497622088	up	242702
Tceal3	38.0337517373788	-1.93503417612144	0.480546436713658	-4.02673712316893	5.65562016007772e-05	0.000680790566168248	4.24751976609972	down	594844
Sapcd2	279.182477200424	-1.93482838186726	0.246563564783157	-7.84717881398601	4.25500366170899e-15	3.36460474731433e-13	14.3711000618404	down	72080
Crtac1	28.0554132090147	-1.93395604204682	0.632627071927013	-3.05702384211269	0.00223546494253801	0.0145227923030443	2.6506321365236	down	72832
Rad51	1416.78483147922	-1.93339992241313	0.193179200401087	-10.0083234551076	1.40106663722692e-23	3.53902378662057e-21	22.8535412084032	down	19361
Gm14164	18.6015679800146	-1.93068047409029	0.644986106233188	-2.99336753990834	0.00275917250442779	0.017069113762847	2.55922114642944	down	791417
Gm35920	15.2934631354204	-1.92975471907603	0.711193726733267	-2.71340233545083	0.00665961955796546	0.0342234497415359	2.17655057992813	down	102639662
Brinp3	40.8235379329913	-1.92960433299491	0.557918918936331	-3.45857483498442	0.000543041389113601	0.00461575353721785	3.26516706842473	down	215378
Dcstamp	19.0627430212259	-1.92859577345031	0.753024610621296	-2.56113246001228	0.0104331569024685	0.0485578061542754	1.98158426128812	down	75766
Nuf2	1446.15739047488	-1.92755534421426	0.192238584537195	-10.0268910575614	1.16115199021861e-23	2.99666532860265e-21	22.9351109291047	down	66977
Gm32200	52.2354910609143	-1.9267822993052	0.507190607674967	-3.79893134878392	0.000145321335272373	0.00154219229953533	3.83767062031414	down	102634668
Foxm1	703.218301091787	-1.92621885521443	0.194007113599886	-9.92859910893268	3.12616547566913e-23	7.72821012590415e-21	22.5049880374275	down	14235
Kcnu1	19.7998158222146	-1.92576865064434	0.546101427958223	-3.52639372844062	0.000421260190406611	0.00375249382684278	3.37544958028362	down	16532
Stk33	15.3657488932062	-1.9256649269021	0.612908925755397	-3.14184513552117	0.00167886809576515	0.0114958392647964	2.77498342389271	down	117229
Gm33370	25.4708904443968	-1.92472720178837	0.516294366936474	-3.7279647523739	0.000193032367312824	0.00195656674421306	3.71436986318515	down	102636251
Fut9	28.3903097642036	-1.92457394294181	0.598863601334762	-3.21370999782299	0.00131031941979046	0.00945983755726377	2.88262282240324	down	14348
Gm49513	170.624911997406	1.92240961012521	0.308566500756817	6.23013063767499	4.66046382490502e-10	1.86458250303057e-08	9.33157085872359	up	NA
Cenpu	263.170247271615	-1.92174747575464	0.207604018985095	-9.2567932217758	2.10664070231288e-20	3.34286870904175e-18	19.6764095290853	down	71876
Pkd1l1	28.4083272904046	-1.92122896239508	0.478238923901034	-4.01729944255366	5.88688999704322e-05	0.000707179598877545	4.23011407937782	down	171395
Foxd2os	30.1124407755202	-1.91958715327977	0.536919912121687	-3.57518339317004	0.000349982479823758	0.0032069210061104	3.45595369595347	down	100040736
Ncapg	1312.69743475088	-1.91801028569588	0.263737221623352	-7.27242925321717	3.53079511316393e-13	2.24110062790959e-11	12.4521274831744	down	54392
Trhde	38.4345903889996	-1.91688148799103	0.558014271602197	-3.43518362440299	0.000592152440740838	0.00494724299921686	3.2275664763004	down	237553
Bub1	2261.50219277926	-1.91601904338592	0.222438657974836	-8.61369629195786	7.07419432956392e-18	7.98737758797157e-16	17.1503230141992	down	12235
Cgref1	527.39047706721	1.91601005810254	0.18791486766825	10.1961600052057	2.06267229537131e-24	5.83636853696328e-22	23.6855697645701	up	68567
Gm50271	16.3105762629952	1.9151194192607	0.592518941616143	3.23216573302629	0.00122855778846316	0.00898277698071519	2.91060441051447	up	NA
Btnl9	34.3730421654553	-1.91347950574256	0.58219102470338	-3.28668671372503	0.00101373544697868	0.00766502800138259	2.99407536739703	down	237754
Gm42528	49.8964923220766	1.91279491527762	0.455589535179097	4.19850494266879	2.68682990042166e-05	0.000356095937987599	4.57075982729464	up	NA
Scd1	6448.0769939501	1.9124783305304	0.599093985854396	3.19228430878492	0.00141152321552517	0.0100392558196877	2.85031197455457	up	20249
Ska3	832.03199411582	-1.91129747030865	0.178966673623704	-10.6796278413676	1.26778879288407e-26	4.07863284943593e-24	25.8969530916634	down	219114
Plac1	93.1635455421604	-1.91092147387906	0.363801403783311	-5.25265008327799	1.4992620598469e-07	3.4965411594344e-06	6.82412244907421	down	56096
Kif22	1289.9009657668	-1.90634002592531	0.156210523923148	-12.2036593825342	2.97162619981747e-34	1.99396118007752e-31	33.5270058212797	down	110033
Tmem232	47.7931679968401	-1.90612933281222	0.485518816690338	-3.92596387057836	8.6383122042916e-05	0.000989613473745308	4.06357110381355	down	381107
Olfml2a	925.846545694993	1.9052318439275	0.245813299041142	7.75072728513612	9.13677228767595e-15	6.96678886935291e-13	14.0392071987107	up	241327
Gm45469	14.2127244652102	1.90498970881365	0.725386828372741	2.62617080198039	0.00863514747722282	0.0418741355570056	2.0637302408415	up	NA
Gm29536	43.2448608277046	-1.90403239737543	0.521321827576089	-3.65231666248911	0.000259885132341054	0.00250727409298227	3.58521856515821	down	102636764
Syngr4	21.1232392827326	-1.90324379020824	0.638418656321403	-2.98118448037658	0.00287135762548625	0.0176067451265129	2.54191271307553	down	58867
Fen1	108.827645863989	-1.90166811445306	0.264012290515463	-7.20295297897003	5.89222969535639e-13	3.58494855946748e-11	12.2297203315033	down	14156
Ccnb1-ps	12.1715701152196	-1.89980157399002	0.661606434847206	-2.87149802953287	0.00408531329093662	0.0232985873330856	2.38877463305866	down	434175
Cdk1	5503.94580836365	-1.89937727143438	0.153912228181034	-12.3406521618302	5.47109213199985e-35	3.77907643294166e-32	34.2619259717365	down	12534
Prr11	258.455257161	-1.89901183797265	0.315661814576492	-6.01596946567788	1.7881327751579e-09	6.23986600662455e-08	8.74760023644754	down	270906
Mmp28	130.386655932788	1.89877148657137	0.370466518959687	5.12535246613741	2.96981640789228e-07	6.50616962120804e-06	6.52727039765376	up	118453
Garnl3	721.004075265165	1.89840149341115	0.203047564430733	9.34954082671979	8.80290503742216e-21	1.46621436031106e-18	20.0553739831313	up	99326
Tcta	9537.77287199397	1.89638853908064	0.12993706198911	14.5946699890719	3.0367862473704e-48	7.92432500216597e-45	47.5175857760286	up	102791
Sema3e	1547.66915658834	-1.89551715494174	0.255856343352348	-7.4085212432328	1.27715457725475e-13	8.61895840426089e-12	12.8937565357937	down	20349
Gm43012	33.2125181715968	1.89542923036747	0.460344444289521	4.11741523956654	3.83145372971289e-05	0.000485338138308022	4.41663641480303	up	NA
Map3k6	196.05802817965	1.89402312014944	0.367648660044306	5.15172044941273	2.58107584820015e-07	5.70240510771218e-06	6.58819923297229	up	53608
Melk	1242.16360240915	-1.89357264510369	0.182555160889937	-10.3726053860801	3.30391688905603e-25	9.82183394170643e-23	24.4809708860122	down	17279
Ccnf	2275.21981146087	-1.8910058483547	0.17157636435626	-11.0213656493398	3.01450494636214e-28	1.123740455005e-25	27.5207839991843	down	12449
Nol4	79.8588951692991	-1.89040753444916	0.375845919535307	-5.02974074265977	4.9114347787177e-07	1.02711527852347e-05	6.30879161878225	down	319211
Cxcl12	15906.0173417607	-1.890042028873	0.233016376443874	-8.11119826733832	5.01229921667652e-16	4.61622929818228e-14	15.2999630110473	down	20315
Fbln7	46.6979329063748	-1.88942086405759	0.45790957631433	-4.12618770558448	3.68826269492655e-05	0.000469988330929734	4.43317815407881	down	70370
Cp	327.582653693254	-1.88935830782088	0.305949666434023	-6.1753893372141	6.60006221106469e-10	2.54102395125991e-08	9.18045197085286	down	12870
Usp43	32.6189174371251	-1.88803423354253	0.429957318472014	-4.39121315634826	1.12719968683125e-05	0.000165970436647223	4.94799914055828	down	216835
Glipr1	270.416212138332	-1.88596339886184	0.326565712289006	-5.77514211655138	7.68881603398969e-09	2.32995928462255e-07	8.11414053009348	down	73690
Prim1	1506.37179375771	-1.88320046037856	0.15907516971218	-11.8384312509984	2.47030340773204e-32	1.48756603924582e-29	31.6072497025252	down	19075
Sybu	277.343703409272	1.88023324657704	0.238166816767178	7.89460627680587	2.91233139520483e-15	2.35038154008197e-13	14.5357592080266	up	319613
Sgo2a	143.801176147307	-1.87839390681619	0.246855656248118	-7.60928040039803	2.75626192007633e-14	2.00404988213599e-12	13.5596795149796	down	68549
Csf1	8727.97245382553	-1.87773234945898	0.20646634323833	-9.09461716620544	9.49202797682497e-20	1.34289323515503e-17	19.0226409904123	down	12977
Gm13502	314.213582325741	1.8767200400733	0.590935043512589	3.17584827753293	0.00149399066434491	0.010520650900192	2.82565211633331	up	NA
AW046200	18.6748913071654	1.87466333874475	0.604003486760316	3.10372933242464	0.00191098068019873	0.0127774535835258	2.7187437035915	up	100502619
Shisa3	63.7592679121592	-1.87276638376866	0.395411734439494	-4.73624382044036	2.1771564017715e-06	3.89121142280088e-05	5.66211037114885	down	330096
Cenpn	994.066006520051	-1.87209424676866	0.172393738635997	-10.8594097533989	1.79908271783409e-27	6.21344965122554e-25	26.7449488682981	down	72155
Scara3	3327.10570662769	1.87073942488115	0.335357594939461	5.57834220280251	2.42821607102861e-08	6.7011344803886e-07	7.61471267085861	up	219151
Necab2	61.0886406078752	1.87013402768655	0.391925621912996	4.77165544461827	1.82717883985261e-06	3.33421095990199e-05	5.73821894287189	up	117148
Gm32834	23.360694459543	1.87011835218607	0.655877651623226	2.85132196158496	0.00435378603563099	0.0245512277710933	2.36113291792884	up	102635522
Gm19744	15.7372123694773	-1.86976021280871	0.686798028773367	-2.72243095418916	0.00648035735271567	0.0335075280555983	2.18840104474154	down	100503519
Rnf208	30.7061317612317	-1.86930371545771	0.612527695712612	-3.05178643927761	0.00227483886764051	0.0147215528129632	2.64304936004991	down	68846
Dtl	1606.17029121297	-1.86863453797976	0.232583999215162	-8.03423513348011	9.41644602571639e-16	8.04164490596179e-14	15.0261129785929	down	76843
Mctp2	54.4359969492709	-1.86804420323836	0.551921682656155	-3.38461825643139	0.000712773081638371	0.00575239718978596	3.14704871008884	down	244049
Tnfrsf13b	23.0879402301536	-1.86726497469625	0.650458882877015	-2.87068871507639	0.00409578636729837	0.0233413110497458	2.38766270386891	down	57916
Thsd7b	116.364456398188	-1.86682296289463	0.335248779664584	-5.56847056911702	2.56985023780207e-08	7.0670881539557e-07	7.59009218514781	down	210417
BC055324	711.64508130819	-1.86546419100116	0.240974742487118	-7.74132662928723	9.83847858108242e-15	7.45344095086196e-13	14.0070720555246	down	NA
Crabp1	69.856644554021	-1.86517069450996	0.469963295856632	-3.96875822208667	7.2248139530716e-05	0.000844573199043735	4.14117333198937	down	12903
Col24a1	36.1495256289275	-1.85847061149002	0.500571954420215	-3.712694239218	0.00020506457022437	0.00205721547702662	3.68810936783839	down	71355
Pced1b	47.7197870496857	-1.8580793211838	0.483188697919987	-3.84545277897102	0.000120330036836531	0.00131073790125506	3.91962595034847	down	239647
Cep55	1149.73132814693	-1.85714853895296	0.218055874347812	-8.51684709025861	1.63955747229776e-17	1.79929940359406e-15	16.7852733551677	down	74107
Platr22	21.8470264700255	-1.85605260475233	0.668413650684452	-2.77680236310516	0.00548965482363113	0.0294482739910866	2.26045496209	down	100503474
Mtfr2	459.068909270923	-1.85507233944128	0.212292688095216	-8.73827712148645	2.3669231401796e-18	2.83608111975092e-16	17.6258158444528	down	71804
Ccna2	2286.02193593599	-1.85417639116266	0.339813668635047	-5.45645029115651	4.85747177400803e-08	1.27176950515695e-06	7.31358971433666	down	12428
Irf6	161.226612752768	1.85285583465273	0.251396006796537	7.37026756416343	1.70285919589582e-13	1.11708514568753e-11	12.768821261006	up	54139
Spdl1	546.319940387897	-1.85033959095942	0.171050134490702	-10.817527834566	2.84343789899752e-27	9.53973415113668e-25	26.5461562523484	down	70385
Shcbp1	1830.19234511666	-1.84974129005192	0.201657734870349	-9.17267711670554	4.61414863024234e-20	6.71282425424728e-18	19.3359084201629	down	20419
Klhdc7a	23.9589740609214	-1.84964029119949	0.603827291397975	-3.06319425694924	0.00218987853607985	0.0142779837367672	2.65957997309285	down	242721
Mis18bp1	928.493255745438	-1.84926395320604	0.235011579709461	-7.86882057255321	3.58000185076917e-15	2.85112779124789e-13	14.446116748837	down	217653
Tcf19	2042.53292940936	-1.84805345156173	0.12106237090283	-15.2653003388234	1.30226851217101e-52	4.36911085833375e-49	51.8852994602139	down	106795
Gm45397	16.8584750007439	1.8477539705266	0.699310501368612	2.6422511415321	0.00823569629101422	0.0403749580539389	2.08429967730032	up	NA
Il6	45.2626135958903	-1.84754498748356	0.598039041206104	-3.08933842138048	0.00200602790203184	0.013285833412075	2.69766303063056	down	16193
Cck	19.9991922956681	-1.84724503006795	0.689272215007742	-2.67999346244822	0.0073623598056948	0.0369996611142017	2.13298296197636	down	12424
Ccdc194	174.267897250837	-1.84594069212409	0.416968336555596	-4.4270524408943	9.55295138136541e-06	0.000144055081704995	5.01986243253986	down	619297
Cdh10	82.8764514572133	-1.84521865297945	0.441038168832385	-4.18380716994296	2.86667297057629e-05	0.000376402522890978	4.54262184844697	down	320873
Fancb	437.256909552332	-1.84364890635441	0.234299412422785	-7.86877306814414	3.58136128770759e-15	2.85112779124789e-13	14.4459518651531	down	237211
Gm12766	25.9609840515579	-1.8426666933483	0.482917896358854	-3.81569353143008	0.000135800969955581	0.00145325734562317	3.86709712810521	down	NA
Slc5a12	11.7294934167674	-1.8412112806516	0.630425787726825	-2.92058370151798	0.0034937633254012	0.0205899703129353	2.45670651834383	down	241612
Coch	104.252858828772	1.84120827276172	0.316818351565878	5.8115581488936	6.18940264565891e-09	1.92782654022944e-07	8.20835126377676	up	12810
Wt1	512.481928532567	-1.84017008360774	0.220558144032296	-8.34324251177179	7.22807233766154e-17	7.47802990528552e-15	16.1409775097234	down	22431
Cacna2d3	127.928966575023	-1.83796109912681	0.351304354823138	-5.23181985618175	1.67849286932431e-07	3.864647552557e-06	6.77508049940833	down	12294
Mcm2	5763.50083199366	-1.83769124240939	0.161993767560796	-11.3442095339854	7.9239034368335e-30	3.51118626818933e-27	29.1010608255497	down	17216
Fam180a	249.999538954805	1.83594279302432	0.331941836588227	5.53091713866066	3.18560789250969e-08	8.60920613988379e-07	7.4968076813281	up	208164
Tfap4	14.4106948098658	-1.83530442187256	0.684946220166878	-2.67948689668718	0.00737350890982873	0.0370331173540051	2.13232579063195	down	83383
2310016D03Rik	55.6385226747391	1.83488182474362	0.317162682676227	5.78530175511457	7.23822779594752e-09	2.20194015269207e-07	8.14036775323027	up	69566
Atp2b3	108.083350999177	1.83472478179212	0.472788529406061	3.88064571722369	0.00010417950480106	0.00116230673171159	3.9822177112408	up	320707
Arhgef33	25.1722469499176	-1.83361726346952	0.528731669784855	-3.46795429185401	0.000524436482054973	0.00447868755674947	3.28030710454095	down	381112
Rtkn2	183.431195814482	-1.83298209594876	0.254447015209449	-7.20378698268453	5.85628327997487e-13	3.57233280078467e-11	12.2323779237607	down	170799
Mob3c	2514.54926368775	1.83089922251574	0.154119669900702	11.879724526372	1.50863709103618e-32	9.57576813053641e-30	31.8214152190155	up	100465
Spc25	3397.51615600721	-1.82876132139416	0.17479832400479	-10.4621216010289	1.2893577777663e-25	3.88212402703098e-23	24.8896265556104	down	66442
Spaar	26.3602906121023	-1.82716794986824	0.512299683667731	-3.56659980109086	0.000361643120026153	0.00329576588040908	3.44171979259673	down	71406
Ryr1	26.2057193890884	-1.82662423987923	0.686120105412699	-2.66225144179461	0.0077619872344104	0.0385636281362658	2.11002707584873	down	20190
A330093E20Rik	46.1852848074884	-1.82651907072685	0.587223745198079	-3.11043122091519	0.00186814396571277	0.0125424131031345	2.7285896585634	down	107003
Aldh3b2	19.209309642859	1.82619896283447	0.600208958987813	3.04260530518264	0.00234539738655707	0.0150168096028606	2.629783563112	up	621603
1200007C13Rik	33.3483158780134	-1.82617723448579	0.619152553884246	-2.94947864307316	0.00318310572315517	0.0191336672404144	2.49714893655324	down	74119
Ngf	554.374773460111	-1.82602558463505	0.326887247432218	-5.58610223855151	2.32222556253327e-08	6.44650914138224e-07	7.63409559863456	down	18049
Ect2	2144.53934347786	-1.82550955855624	0.232849057058119	-7.8398838355639	4.5096342032875e-15	3.54209897204705e-13	14.3458586842721	down	13605
Ebf3	26.9496070039634	-1.82516588069073	0.547194477673828	-3.33549762499371	0.000851468811563651	0.00661268023795381	3.0698312551751	down	13593
A830018L16Rik	64.350698927269	-1.82497039157106	0.529936539805482	-3.44375270337263	0.00057370018379154	0.00482224367084621	3.24131501098624	down	320492
Tfpi2	163.263546541621	-1.82473431338092	0.325345426410423	-5.60860600843062	2.03962752041114e-08	5.7366050678869e-07	7.69044913678984	down	21789
Lrrn2	1566.99654838427	1.82437182061535	0.199422245420219	9.14828642497262	5.7843759501011e-20	8.2832969017149e-18	19.2377434882328	up	16980
Lhfpl3	66.0322299065418	-1.8233614989469	0.415131755138863	-4.39224770539893	1.12184778237305e-05	0.000165286042465691	4.9500660662172	down	269629
Gm35696	34.5534725205198	1.8218443000301	0.50426875329711	3.61284392125857	0.000302857016124718	0.00284276459779736	3.51876236081873	up	102639366
Gm32633	19.817911635215	1.81913899002953	0.595973764265039	3.05238099242994	0.00227033736444498	0.0147005439768377	2.6439096033221	up	102635243
Kctd16	248.644561072557	-1.81899755150987	0.343685961415604	-5.29261522355356	1.20579448749333e-07	2.88879637531145e-06	6.91872670592157	down	383348
Rtl4	46.052478504375	-1.81711517438378	0.459512079092922	-3.95444484935144	7.6712563743308e-05	0.000888798500005717	4.11513350283651	down	619287
Fancd2	769.70166175119	-1.81418438171822	0.328987312202842	-5.51445090563145	3.49870551472753e-08	9.37980582344477e-07	7.45609261044966	down	211651
Mmp27	20.425625091884	-1.81406603387226	0.625513519415347	-2.90012282319305	0.00373016464307544	0.0217107600105643	2.42827199875402	down	234911
Cemip	674.033358493163	-1.81386168136862	0.293046950907427	-6.18966235871745	6.0293222272314e-10	2.34823602830065e-08	9.21973150535857	down	80982
Mapk10	195.167718513933	-1.81332321434075	0.282940522745561	-6.4088494526866	1.46621884514373e-10	6.35316412881929e-09	9.83380120285658	down	26414
Cenph	347.81257860512	-1.81201441465455	0.188553196063523	-9.61009652705163	7.24810058275269e-22	1.49317229987673e-19	21.1397757885333	down	26886
Veph1	69.7692926425337	-1.80957001285229	0.38380932412721	-4.71476303231374	2.41992213170508e-06	4.29568187929659e-05	5.61619860852985	down	72789
Kif2c	2210.64351683762	-1.80797863250401	0.131424358215373	-13.7568001628828	4.63595883589827e-43	9.0729577717559e-40	42.3338604289254	down	73804
Mfap4	105.770116938155	-1.80783055533434	0.389717106514644	-4.63882781924126	3.5039080954893e-06	5.93717760624576e-05	5.45544729352716	down	76293
Ccne2	486.351641498176	-1.80758832733138	0.262105280741123	-6.89642086653226	5.3329049500371e-12	2.91116191261443e-10	11.2730361568088	down	12448
Lrp1b	302.195158560981	-1.80646468334569	0.340360623466649	-5.30750198112355	1.11137798171273e-07	2.68802388264917e-06	6.95413821157744	down	94217
Lbhd2	50.941379107084	1.80539609620427	0.438200670732724	4.12002129797162	3.78837379093088e-05	0.00048091869448655	4.421547176625	up	380787
Fanci	559.14301006441	-1.80050206583675	0.234067109860403	-7.69224718035166	1.44572965199119e-14	1.07446078724725e-12	13.8399129114851	down	208836
E130101E03Rik	15.0325260378667	-1.799965092761	0.627599550237922	-2.86801526877869	0.00413055598816556	0.0234938501772992	2.38399148675989	down	102631612
Dnah14	41.3805562065542	-1.7997500842376	0.444861641410196	-4.0456400748162	5.21803530916499e-05	0.000635609747073339	4.28249298646163	down	240960
Frmd7	28.222783362197	-1.79950915923238	0.644524193428981	-2.79199629366692	0.00523839561411121	0.0284185079689078	2.28080170588454	down	385354
Rnf225	89.9003930671569	-1.7993957574311	0.354582547250164	-5.07468788688461	3.88132552496804e-07	8.2791035380449e-06	6.41101993165609	down	381845
Gm31816	33.7644913215819	1.79818466188102	0.520760633221677	3.4529965346201	0.000554396124822329	0.00468851025979561	3.25617981406393	up	102634165
Ncaph	2616.35001778908	-1.79714591280975	0.185317619474913	-9.69765269973716	3.0851444624104e-22	6.90043978092458e-20	21.5107244952422	down	215387
Bdnf	475.114716548734	-1.79621803845751	0.233880704728238	-7.68006082649983	1.59013068730914e-14	1.1780510785948e-12	13.7985671810602	down	12064
Pld4	93.8477409336789	-1.79342444080866	0.359833066309683	-4.98404568318683	6.22683677746821e-07	1.27162836277253e-05	6.2057325181832	down	104759
Ptprn2	135.116644446647	-1.79273218506782	0.37950885306202	-4.72382177807813	2.3145327163708e-06	4.12731972999e-05	5.63553667600068	down	19276
Spta1	1081.67581679012	-1.79082209434403	0.254789055007967	-7.02864608641856	2.08547203355476e-12	1.17733919971234e-10	11.6807956297233	down	20739
Ccne1	352.36805989417	-1.79040395629857	0.250796849888217	-7.13886142149144	9.41071483008573e-13	5.5810767117314e-11	12.0263773866715	down	12447
Gm10814	42.016014336272	1.78975182387118	0.57870252166224	3.0926974686932	0.00198346223991138	0.0131660855580324	2.70257606297618	up	100502985
Wdr17	132.304018337778	-1.78860195866963	0.382440666880873	-4.6768090152577	2.91373390628953e-06	5.06131958500071e-05	5.53555011224578	down	244484
Gm12791	20.1924846029541	1.78838043290033	0.668319997346246	2.67593434283218	0.00745212424858708	0.0373480874899846	2.12771991276319	up	665362
Uhrf1	4440.55402610042	-1.78588180429423	0.178440132551933	-10.0082967814119	1.40144437792512e-23	3.53902378662057e-21	22.8534241343215	down	18140
Dennd1c	25.2062050851541	-1.78513016281166	0.608751903232906	-2.93244284466521	0.00336306818637152	0.0199549409694126	2.47326432725429	down	70785
Drp2	44.1812519916235	-1.78331259423251	0.530779926412023	-3.35979660400382	0.000779998742985224	0.00616732074961333	3.10790609720057	down	13497
Hbb-y	470.608006689948	1.78197098149696	0.28370469314858	6.28107685396561	3.3623586425104e-10	1.37092001248883e-08	9.47335596485367	up	15135
Gldc	82.1724242266628	-1.78104606152309	0.285040262531424	-6.2484017019411	4.14674065710006e-10	1.67330247993118e-08	9.38229312516464	down	104174
Dpy19l2	18.8993198742954	-1.77987971289814	0.626424262664741	-2.84133265420903	0.00449254233318195	0.0251627371082228	2.3475078218471	down	320752
Adamtsl3	456.489849103947	-1.77817556166619	0.196830059720093	-9.03406504166533	1.65410332898282e-19	2.24546917232148e-17	18.7814373643086	down	269959
Slc44a5	43.3415423662995	-1.7780346572066	0.43069594193794	-4.12828281874734	3.65482415389403e-05	0.000466740322208816	4.43713351359823	down	242259
Gm33053	27.0254321713262	1.77679864273943	0.621678990084417	2.85806448517452	0.00426233762056576	0.0241149118330491	2.37035215271159	up	102635807
Cdca7l	243.076081519235	-1.77636473864722	0.258409018681583	-6.87423661801872	6.23226886826597e-12	3.33405089683887e-10	11.2053538188969	down	217946
Gm11884	25.3648511380571	-1.77609051211403	0.599201848083904	-2.96409384883161	0.00303575687974325	0.0184176570190572	2.51773301209598	down	102633109
Slc2a6	378.658274237496	1.77544076017719	0.298233505794956	5.95319012008615	2.62965515062731e-09	8.8731970132877e-08	8.5801012005594	up	227659
Cox4i2	477.73712824415	-1.77537382497158	0.552416534426331	-3.21383179961341	0.00130976373717696	0.00945873350787237	2.8828070378513	down	84682
Dcdc2a	76.0541402969239	-1.77431822658116	0.383819573997597	-4.62279244411923	3.78608500722467e-06	6.36024366199366e-05	5.42180963924857	down	195208
Muc5b	16.0618721212651	1.77336419169107	0.637342775462579	2.78243397425188	0.00539528420268609	0.0291015731511444	2.26798567342641	up	74180
Nrxn3	422.930556181691	-1.77201636200561	0.230025044944445	-7.70358011421574	1.3230609280191e-14	9.86415425223127e-13	13.878420155742	down	18191
Gm16223	17.1140665298581	-1.77161439105458	0.675900026086836	-2.62111898605989	0.00876416673580749	0.0424122101360888	2.05728936870235	down	433882
Eef1akmt3	15.2740505924481	-1.77141203210854	0.607778894692383	-2.91456654315894	0.00356182866201646	0.0209111613760329	2.44832697564495	down	100504608
Chit1	186.442834227784	1.7711623005529	0.28180015432	6.2851715068319	3.27491944487232e-10	1.34460634900046e-08	9.48479937813867	up	71884
Myt1l	69.3345508989183	-1.767880353519	0.478199525623249	-3.69695129081293	0.000218204189263921	0.0021714126317863	3.66113691572412	down	17933
Rab39	21.0374663167651	-1.76527048139049	0.642521188262755	-2.74741209105247	0.00600676091951842	0.031588177708111	2.22135965345304	down	270160
Scp2-ps2	18.1678435595884	-1.76474003037966	0.528679971210752	-3.33801189089527	0.000843801382915971	0.00656616152345314	3.07375976718324	down	20282
Arhgef26	270.820266457572	-1.76416302269871	0.237298654153357	-7.43435747241364	1.05077455913596e-13	7.19458907326761e-12	12.9784904506943	down	622434
Cnr2	55.2317233817538	-1.7633622837333	0.55370101061249	-3.18468315920665	0.00144912574150897	0.0102564093164737	2.83889392890136	down	12802
Phactr3	430.924079937666	1.76257902317686	0.183014199523629	9.63083207622527	5.92477503901783e-22	1.24235126599405e-19	21.2273281349665	up	74189
Myh8	187.277080638185	-1.76241514549055	0.350826679410139	-5.02360638151518	5.07101148721165e-07	1.0548512380617e-05	6.29490540565663	down	17885
Ccl7	3053.16655188803	-1.75986468402199	0.348360259195018	-5.05185260824138	4.37545291553562e-07	9.23248083749811e-06	6.35897698526176	down	20306
Sgo1	935.37750071007	-1.75792999721571	0.200619892200841	-8.76249098696475	1.90982386995574e-18	2.32394889046168e-16	17.7190066829268	down	72415
Kcnk2	104.092284749482	-1.75749311078167	0.293118283690646	-5.99584948660695	2.02424446124549e-09	6.99108546652211e-08	8.69373704037033	down	16526
Opcml	154.866686708098	-1.75665188742616	0.421220700281444	-4.17038356911811	3.04087385677552e-05	0.00039652927554899	4.51700159512801	down	330908
Ackr3	541.563300587665	1.75566603693802	0.277477538691209	6.32723659442507	2.49590518541412e-10	1.04485442565865e-08	9.60277191667934	up	12778
Pla2g4e	1162.71945552878	1.75541464133297	0.22694233446748	7.73506911106754	1.0334694732403e-14	7.80418989680014e-13	13.9857023470958	up	329502
Depdc1b	300.086270722558	-1.75472753454085	0.214606796273808	-8.17647700356173	2.92263272856054e-16	2.7676624850905e-14	15.5342257566511	down	218581
Rnf165	40.3578927099947	-1.75426879507957	0.440973786541777	-3.97817024190252	6.94476420148879e-05	0.000815488936359821	4.15834249545995	down	NA
Car10	69.6714718538163	-1.75246188470396	0.440257060941505	-3.98054236985152	6.87582074433683e-05	0.000809822719060935	4.16267545408506	down	72605
Dnajc6	29.2803339755127	-1.7507438504123	0.599633024873746	-2.91969217469455	0.00350377289537438	0.0206386020686901	2.45546405132876	down	72685
Slc6a16	15.0055575058483	-1.74944341684432	0.626390708458006	-2.79289490284897	0.00522386611678788	0.0283593378993905	2.28200796218577	down	381884
Nrg1	832.908603335492	-1.7487840552881	0.254944339729975	-6.85947394298036	6.91145834942719e-12	3.66400901436338e-10	11.1604303048278	down	211323
Col4a3	493.761091421515	1.74533786163099	0.183288003654858	9.52237913462992	1.69258859904157e-21	3.23174335353587e-19	20.7714485887771	up	12828
Ndc80	1249.20402146431	-1.74524944450311	0.203931744853285	-8.55800770870027	1.14834687476433e-17	1.2842345882781e-15	16.9399269071982	down	67052
Slc35f4	29.4641920486743	-1.74436365724575	0.546287716458339	-3.19312260681003	0.00140743174311547	0.0100182874462286	2.8515726581513	down	75288
Cyp4b1	457.319503215758	1.74361248124339	0.21801247667906	7.99776465917677	1.26698236008674e-15	1.06268145452275e-13	14.8972294316598	up	13120
Hbb-bt	43.8510320244259	1.74286371077427	0.378749083643536	4.60163149177303	4.19194384195445e-06	6.95252832826979e-05	5.37758454408079	up	101488143
B230303A05Rik	33.6994501499959	-1.74180130117624	0.434031953283824	-4.01307159069284	5.99337264457948e-05	0.000718472690391984	4.2223287187238	down	100503142
Rem1	311.198646423288	-1.7401157690001	0.32280939295801	-5.3905363566247	7.02477014055121e-08	1.78353218109022e-06	7.15336788186038	down	19700
Gm29865	29.7950066479024	-1.73818934177983	0.56475236050023	-3.07779030837557	0.00208541601565697	0.0137264560335493	2.68080729547108	down	102631558
Ifit2	616.007460771204	-1.73691721166164	0.339895220979055	-5.11015484906942	3.21894871536842e-07	6.96105069801358e-06	6.49228594248491	down	15958
Gm12439	75.9055764785468	1.73525115422588	0.37368995299794	4.6435584909489	3.42458981622643e-06	5.83223291037547e-05	5.46539143912557	up	118568657
Fam78b	67.7075228281606	-1.73342876019058	0.529893963628526	-3.27127478169534	0.00107063827721656	0.00801272783315197	2.97035723387733	down	226610
Ly6a	126.891981571738	1.73286379037872	0.382706957524692	4.52791295352115	5.95691092768698e-06	9.51687436304278e-05	5.22497889375767	up	110454
Rasl11a	342.524742371237	-1.73187838465325	0.316018944560231	-5.48029924934823	4.24607051439272e-08	1.12296132917244e-06	7.37201279779193	down	68895
Ccdc74a	116.018766256749	1.73055477482819	0.299844040266654	5.77151632992	7.85613438659394e-09	2.37759427924173e-07	8.10479109614053	up	72315
Hrob	454.907217088868	-1.73042431805106	0.204273129785693	-8.47113039226691	2.43023009539656e-17	2.59427062683583e-15	16.614352605237	down	217216
Traf1	205.831019595079	1.73041748223698	0.289154662726977	5.98440110187973	2.17187504448523e-09	7.43534772882445e-08	8.66316516483439	up	22029
Anln	5484.29947711774	-1.72962246891842	0.18416408978906	-9.39174662606331	5.90133983202238e-21	1.03427586533616e-18	20.2290493755453	down	68743
Gm42906	95.0444350447783	-1.72786711861456	0.374665057790972	-4.61176478212855	3.99264649059299e-06	6.65960957610628e-05	5.39873914058984	down	NA
Aif1l	6885.62642996471	-1.72753311187617	0.156652365739614	-11.0278137436345	2.80603482860095e-28	1.06289883789828e-25	27.5519069427961	down	108897
Kif18b	1984.87521787395	-1.72506532335599	0.138666224270242	-12.4404146174347	1.57683283234085e-35	1.19457803443629e-32	34.8022143458849	down	70218
Mns1	112.413835095459	-1.72452848821671	0.280768263945903	-6.14217740986918	8.13978700347727e-10	3.07335848515537e-08	9.08938695929074	down	17427
Gal	677.555677577358	1.7243751135588	0.243230696565168	7.08946336917963	1.34633030515737e-12	7.82637802391607e-11	11.8708483783669	up	14419
Ccdc103	82.2129969868956	1.72039968296106	0.325730569835374	5.28166479379126	1.28015261133001e-07	3.04603688724269e-06	6.89273825354923	up	73293
Dnm3	86.8224283693211	-1.72010445463181	0.411226771400082	-4.18286107389229	2.87863313335044e-05	0.000377469006905276	4.54081368014235	down	103967
Serpina3c	92.6261253475415	1.71947886614836	0.284703863697855	6.03953470745016	1.54559266357637e-09	5.45838251189337e-08	8.81090495237777	up	16625
Myh11	202.652190008025	-1.71906716168627	0.309784122668801	-5.54924231389411	2.86910292536483e-08	7.80774996549166e-07	7.54225387172047	down	17880
Hs3st5	86.8526361557167	-1.71777766328751	0.328217147269497	-5.23366215805006	1.66184079803327e-07	3.83382427719168e-06	6.77941058334814	down	319415
Ccr4	19.0766497067528	-1.71769425598166	0.618506670554239	-2.77716367139977	0.00548355583511521	0.0294357277228984	2.26093773006244	down	12773
Gen1	413.575577205553	-1.71707598140041	0.307785434123972	-5.57880845234799	2.42171735880028e-08	6.69106260840288e-07	7.61587654520462	down	209334
Hs6st2	1690.27163766343	-1.71694294563832	0.232474485000574	-7.38551134174608	1.5186858980566e-13	1.00468558636223e-11	12.8185320397294	down	50786
Gbp8	103.566061270686	1.71611127341171	0.353472451531561	4.85500713273686	1.20382410330314e-06	2.30414091818046e-05	5.9194369653585	up	76074
Atad2	2844.86946151148	-1.71605790975484	0.262870667881353	-6.52814527990392	6.65890933167329e-11	3.04843051957792e-09	10.1765968984611	down	70472
Soat2	77.9405102970933	1.71327870486747	0.393772073751875	4.35094009725799	1.35555084987182e-05	0.000194792587515812	4.86788418637968	up	223920
Mfsd2a	335.815206242358	-1.71193917685026	0.323544492012424	-5.29120173303561	1.21515238897774e-07	2.906095097265e-06	6.91536925495281	down	76574
Gls2	44.8088558220804	-1.71155507394331	0.370340091322997	-4.62157652937055	3.80834792508558e-06	6.38850364433107e-05	5.41926338196762	down	216456
Tyms	2451.82947236001	-1.7107027538105	0.185823389380413	-9.20606797408263	3.38290249818705e-20	5.26142153443198e-18	19.4707105192412	down	22171
2600006K01Rik	48.7531762607339	1.70969596436948	0.455696832223166	3.75182762633776	0.00017555015128079	0.00180475591075249	3.75559879194409	up	70319
Espl1	1472.6595329179	-1.70881446651662	0.200765699337844	-8.51148613609076	1.71718066471172e-17	1.86703647734975e-15	16.765184010279	down	105988
Gabra4	264.224099844558	-1.70840689464331	0.41579369267533	-4.10878501703804	3.97746115334866e-05	0.000501938071931183	4.40039405328256	down	14397
Nrg4	38.0457664838326	-1.70804595004297	0.387843014181617	-4.4039621382561	1.0629150183745e-05	0.000157971015492905	4.97350145657394	down	83961
Fdps	948.000822035395	1.70754036883591	0.548463930692108	3.11331388133611	0.00184999152237574	0.012459708088764	2.73283026175584	up	110196
Grem2	19.2041066765453	-1.70678766600914	0.637209452172735	-2.67853475837403	0.0073945057022631	0.0371068304311216	2.13109085181643	down	23893
Relt	240.75939952207	-1.70645586840114	0.265350107135149	-6.43095978676959	1.26800707098204e-10	5.57661911273657e-09	9.8968783246247	down	320100
Plxna3	1268.27289086957	1.70505221029315	0.161452518550806	10.5607037016062	4.53251112144904e-26	1.38241589204196e-23	25.3436611216002	up	18846
Top2a	7460.76223916406	-1.70459009809385	0.2120660440194	-8.03801526065116	9.13052616902931e-16	7.85459366592137e-14	15.0395041944568	down	21973
Mki67	2448.34809119946	-1.70376360860061	0.150577885000377	-11.314832909204	1.10813227156893e-29	4.81934933292524e-27	28.9554083972033	down	17345
Fignl1	2842.22830283411	-1.70203587005799	0.191161465833435	-8.90365567473218	5.40368988784438e-19	7.01136226607874e-17	18.2673095826445	down	60530
Reln	70.5144349563843	-1.7015905426802	0.40549132430923	-4.1963673219863	2.71230230298654e-05	0.000359269145999092	4.56666190728204	down	19699
Col9a1	38.9608041179999	-1.70154202566866	0.45571114371244	-3.73381702235123	0.000188599535689022	0.00191576993756777	3.72445938078185	down	12839
Bnc2	86.480572328004	-1.70153570623891	0.363328132811827	-4.68319282922185	2.82440580692617e-06	4.91706229619431e-05	5.54907290427491	down	242509
Grm3	37.2757546517746	-1.70144177608246	0.534290792296441	-3.184486426894	0.0014501111120702	0.0102564093164737	2.83859871948215	down	108069
Grid2	205.177105079207	-1.70143675158019	0.328745910119057	-5.17553739592992	2.27255904741413e-07	5.07812076389352e-06	6.64348482377905	down	14804
Prdm14	14.5175344439252	-1.69663980052633	0.647644150679305	-2.61970991129426	0.00880045925962655	0.0425527662574284	2.05549466322288	down	383491
Gm21986	21.0499317858834	1.69542211785823	0.526336234115176	3.2211768978976	0.00127665321828663	0.00926520421244176	2.89392705562415	up	NA
Mcm7	5628.74047689243	-1.69530145195526	0.137173322265925	-12.3588276783786	4.3647561169508e-35	3.1527458676493e-32	34.3600400177136	down	17220
Hgf	105.240045732302	-1.69454479965791	0.273063738545872	-6.20567494124907	5.44626479464283e-10	2.16422214386103e-08	9.26390124730443	down	15234
Chtf18	933.045796141176	-1.6912206147311	0.149715302532837	-11.2962441789153	1.36950725278873e-29	5.84779596940786e-27	28.8634356634189	down	214901
Astn1	277.380826978231	1.69041174407944	0.173811931220233	9.72552190296743	2.34698717738124e-22	5.40382292752925e-20	21.6294892831359	up	11899
Agbl1	163.510939515227	-1.68951895597693	0.248390225348687	-6.80187375974723	1.03267073857099e-11	5.2739997478666e-10	10.9860381288348	down	244071
Gm15218	46.8363226117413	-1.68845360020501	0.431886929152441	-3.9094806678186	9.24947569263325e-05	0.00104787234269895	4.03388288458527	down	NA
Cidea	1807.34760945835	1.68790902888866	0.155265849882469	10.8710900057311	1.58298222020039e-27	5.5487070808069e-25	26.8005239630354	up	12683
Dnah7c	55.9669753285559	-1.68688081208677	0.456974837064336	-3.69140853120821	0.000223015598436104	0.00220899254714125	3.65166475992129	down	100101919
Stac2	95.3818911611253	-1.68654720817309	0.280234855092235	-6.01833489848361	1.7622032182683e-09	6.15853312217725e-08	8.75394400995152	down	217154
Pla2g3	45.7532761117536	1.68489204108052	0.556809598298028	3.02597520989338	0.00247832621146175	0.0156629416243755	2.6058415298754	up	237625
Eya4	133.842828727247	-1.68460486835688	0.461576587837021	-3.64967572608276	0.000262571565788015	0.00252725132070965	3.58075230600729	down	14051
Tmem184a	18.2760727916488	1.68399946705336	0.568043235938527	2.96456213279441	0.00303114025727633	0.0183944002434457	2.51839396744239	up	231832
Dhfr	962.782856614357	-1.68318914313484	0.183301689848235	-9.18261661705595	4.20741079711358e-20	6.25386345381091e-18	19.3759850828939	down	13361
Aqp1	2147.94246734967	1.68285783089963	0.233139644818915	7.21823966149878	5.26648422883496e-13	3.22933112569684e-11	12.2784792120278	up	11826
Amigo2	30.4497334533778	-1.68217745811073	0.448415847504804	-3.7513782518418	0.000175865146775713	0.00180673358356414	3.75482022116095	down	105827
Gm40649	88.4833546743379	1.68105448939612	0.394301534144813	4.26337293625323	2.01364025562607e-05	0.000275424236478615	4.69601811518838	up	105245157
Chek1	463.758800950394	-1.68047896165904	0.229742097277637	-7.31463228364381	2.58087151064679e-13	1.65605921933169e-11	12.5882336163806	down	12649
Hspa1a	85.1701964551078	1.68018727855081	0.302117946476541	5.56136203805847	2.67677242793814e-08	7.31827712108583e-07	7.57238854980367	up	193740
G930009F23Rik	69.8834493420671	-1.6792235085901	0.379941042454855	-4.4196949551446	9.88403200100168e-06	0.000148323636769025	5.00506585717567	down	100038726
Scn7a	810.081239705797	1.67917375060152	0.294107163556757	5.70939425716323	1.13378973311942e-08	3.34510702039064e-07	7.94546748002257	up	20272
Birc5	4162.77165321464	-1.6787281692919	0.150646119174682	-11.1435208453351	7.70132789204572e-29	3.17308220253849e-26	28.1134343856759	down	11799
Cd200r3	23.0279723081967	-1.6787272096978	0.654027746301991	-2.56675228106097	0.0102655919850475	0.0479299061170659	1.98861600114712	down	74603
Wfdc1	928.8131583708	1.67855347373075	0.145822232206227	11.5109571999754	1.16181627914572e-30	5.45705106314745e-28	29.9348625425666	up	67866
2810430I11Rik	26.3270715800229	-1.67844637963564	0.623121389439426	-2.69361059992758	0.00706826902306324	0.0357909882233008	2.15068692931122	down	641385
Aox1	407.518251047755	1.67722253785151	0.292727635914398	5.72963510128567	1.00646902786953e-08	2.97694271026648e-07	7.99719958513928	up	11761
Bub1b	4581.63004632766	-1.6770089968628	0.174766583356393	-9.59570739815268	8.33434051462808e-22	1.67292296569265e-19	21.0791287596259	down	12236
Tm4sf19	35.3970328864405	-1.67675403728403	0.461032788366985	-3.6369518168615	0.00027588351329069	0.00263058234252207	3.5592742520428	down	277203
4930558J18Rik	44.1211355205794	-1.67546558196477	0.487361305991337	-3.437830540438	0.000586394546526527	0.0049026258188592	3.23181007728993	down	75323
Gm49890	52.209370506547	-1.67488087258125	0.657000458425818	-2.54928417644378	0.0107944301183024	0.0498170778946308	1.9668002808897	down	106557447
Sorcs3	96.3161009032526	-1.67453442357172	0.397216560533878	-4.21567122307556	2.49036356523761e-05	0.000332307888236394	4.60373724613698	down	66673
Tppp3	826.105292836725	1.67169202105752	0.141011584294599	11.8549977962453	2.02729560938215e-32	1.25292203648263e-29	31.6930829201955	up	67971
Myo1h	59.1367142889605	-1.67156287872759	0.395933517614851	-4.2218271612802	2.42329902518647e-05	0.000325021002892658	4.61559299239336	down	231646
Gm36535	65.5609996346211	-1.67097944165482	0.364805951101146	-4.58046102759855	4.63952068615017e-06	7.56660717459977e-05	5.33352688455557	down	102640487
Fstl3	782.874739863746	-1.67014819544272	0.173165061505888	-9.64483355313529	5.16949900946116e-22	1.0937449030378e-19	21.2865515435539	down	83554
Cpne6	57.2271067402671	1.66975406604987	0.471071668495076	3.54458605287005	0.000393230119730568	0.00354374879580675	3.40535322448232	up	12891
Mgat4c	430.679287503029	1.66958211277609	0.294887863783347	5.66175254334212	1.4983478987258e-08	4.31763195111355e-07	7.82438733686699	up	67569
Htr5b	40.379556842543	-1.66908221750109	0.585698590144014	-2.8497289315494	0.00437565032983173	0.0246550259107721	2.35895739094614	down	15564
Grik4	73.6251656606319	-1.66826644528343	0.341250863380346	-4.8886805113341	1.01514088862057e-06	1.98176091182494e-05	5.99347367902734	down	110637
Hmgcs1	41172.9040962112	1.66773628323488	0.585475598221048	2.84851544334598	0.00439237215510167	0.0247194099955215	2.35730087027476	up	208715
Timeless	1172.13593831914	-1.66720241900712	0.157537939579951	-10.5828629183068	3.57853515243429e-26	1.10581444809104e-23	25.4462947122957	down	21853
Cma1	16.698387452202	1.66703912255042	0.554082883251761	3.0086457693243	0.00262414881752432	0.0164079166612244	2.58101153941949	up	17228
Cdca8	4056.08853532114	-1.66571555885181	0.13186195762356	-12.632267781183	1.40179206714138e-36	1.2661956421852e-33	35.8533164020543	down	52276
Tnfrsf26	458.107531210587	-1.66541847133956	0.274714627275634	-6.06235819277496	1.34140062318585e-09	4.794945758831e-08	8.87244149623145	down	244237
Fmod	576.948529104878	-1.6631699210627	0.241590553749745	-6.88425062672574	5.80925207103366e-12	3.1435549513416e-10	11.2358797785102	down	14264
Fam163a	851.972016938377	1.66246325393929	0.215782928720209	7.70433168091297	1.31529816938432e-14	9.83750876050661e-13	13.8809757843305	up	329274
Gm50133	27.6627336093573	-1.66170537802993	0.489565567894114	-3.39424478967714	0.000688181490407405	0.00558463797588732	3.16229701250851	down	NA
Igdcc4	292.926738379501	1.65947282686342	0.257691061193883	6.43977644849256	1.19649599302124e-10	5.30183177284980e-09	9.92208875146899	up	56741
Hapln1	248.753096787415	1.65899228051557	0.264552663972851	6.2709339441232	3.58888859249782e-10	1.45570032115391e-08	9.44504002297476	up	12950
Knl1	763.57703874956	-1.6584274376834	0.270386965563522	-6.13353322793138	8.59484563978633e-10	3.22959919760611e-08	9.06576191867338	down	76464
Cdc20	7346.33351588096	-1.65782688366213	0.180875221571284	-9.16558315318371	4.92797980785366e-20	7.10022121395357e-18	19.3073310803395	down	107995
Heyl	203.475069798882	-1.6572959031307	0.224177403028007	-7.392787501083	1.43782166091834e-13	9.62029678252627e-12	12.842294977988	down	56198
Ncapg2	1586.19030417343	-1.65697495665446	0.274467789339641	-6.03704704526924	1.56959974054334e-09	5.53484232832738e-08	8.8042110817535	down	76044
Gm13832	22.7879782839731	-1.65671304287551	0.639130263807542	-2.59213674690641	0.00953818501643494	0.0453926095690214	2.02053425761641	down	118568797
Gm12216	66.1311367610826	-1.65607341659206	0.329815433263694	-5.02121262247906	5.13462821351478e-07	1.0671393238442e-05	6.2894909971815	down	622459
Glis3	155.606135094101	-1.65587969073599	0.365451236662476	-4.53105510288731	5.86898264345965e-06	9.4019820860607e-05	5.23143717483825	down	226075
Kif11	3038.20693623016	-1.65577508033269	0.219412831493854	-7.54639128923996	4.47484269220462e-14	3.18459638261896e-12	13.3492222271879	down	16551
Idi1	12941.3329172955	1.65449909168647	0.550708379665885	3.00431072556088	0.00266183321694611	0.0166037591235005	2.57481915969123	up	319554
4930471E19Rik	77.2972612032048	-1.65429340229095	0.542627621988806	-3.04867156638236	0.00229855622470765	0.0147935305391228	2.6385448685586	down	74912
Cckbr	28.7842625055367	1.65338366942815	0.507227711091775	3.25964775439683	0.00111550659990247	0.00830091017069374	2.95252785586625	up	12426
4930544I03Rik	17.3656819920293	-1.65299531710945	0.644430787206636	-2.56504709260487	0.0103161802503033	0.0481182707404913	1.98648107822194	down	78197
Oacyl	24.4376318755147	-1.65086515950737	0.524050469587343	-3.15020261465909	0.00163157267149804	0.011230212247987	2.78739357763601	down	319888
Aqp8	96.9106352136998	1.64983284476519	0.435377853483893	3.78942757782288	0.000150994823309022	0.00159304286855902	3.82103794175891	up	11833
Cenpi	1474.71827471351	-1.64970338824083	0.190088158144262	-8.67862261566463	4.0059051585188e-18	4.6117001297948e-16	17.3972993370244	down	102920
Gdf10	30.7992282321024	-1.64855828436212	0.634717227699616	-2.59731138909988	0.00939567047736432	0.0448399352084741	2.02707222309621	down	14560
Lrrc4c	190.297876104756	-1.64693993656457	0.22364192856957	-7.36418232081309	1.78235959934572e-13	1.1659809245302e-11	12.7490046705257	down	241568
Gm49337	22.9047881590584	-1.64578405382733	0.523005952515843	-3.14677881945804	0.00165079785433528	0.0113326476495364	2.78230610427909	down	NA
Itgb6	332.251758739717	-1.6445761903022	0.232536096403514	-7.07234797409004	1.5233383622515e-12	8.725756448165e-11	11.8172036209335	down	16420
Gm15328	187.041400036381	-1.64263649801591	0.429842402458542	-3.82148547612016	0.000132650227526611	0.00142614685565569	3.87729200076294	down	328906
Sprr2d	40.9241182175627	1.64104862912805	0.410858625516205	3.99419295887052	6.49149825595516e-05	0.000769575146598218	4.18765505524922	up	20758
Stat4	28.5994513534601	-1.64101538048442	0.599349148694348	-2.73799568091369	0.00618148877413108	0.0322533356721769	2.20890691511784	down	20849
Cadps2	83.9656531740268	-1.63783798692572	0.419343442433992	-3.90571980193426	9.39453199267973e-05	0.00106327992215944	4.02712485026908	down	320405
Pnmt	124.989259637501	1.63378060819329	0.30088968306287	5.42983259366828	5.64069384318094e-08	1.46162999949654e-06	7.24866747159625	up	18948
Kif18a	598.225580675036	-1.63333253299141	0.239755331812157	-6.81249722642703	9.59189061731972e-12	4.95089123401656e-10	11.0180957824285	down	228421
Kifc1	268.2434980368	-1.63051468856432	0.22677726655874	-7.18993889161278	6.48203270837624e-13	3.92346747825299e-11	12.1882887818457	down	100502766
Fdft1	36710.2650740349	1.6298788624894	0.508493526020986	3.20530897461638	0.00134917568052192	0.00968972197463524	2.86993149575909	up	14137
Vil1	34.8099361313924	-1.62947809170375	0.60012809645979	-2.7152171366683	0.00662323290363383	0.0340737403596584	2.17892997287331	down	22349
Gm6781	39.4631252570134	1.6292985073373	0.459826239354559	3.54329172172577	0.00039516531335465	0.00355845758594093	3.40322118371954	up	627717
Cd180	28.6187693472737	-1.62919424686597	0.636484793002189	-2.55967505394959	0.0104770075245294	0.0487232716264499	1.97976274418117	down	17079
Tfec	69.8556910348631	-1.62914128482033	0.409978292064832	-3.9737257224407	7.07570389699447e-05	0.000829620099954644	4.15023034967301	down	21426
Aqp3	144.365357580412	1.62801242860411	0.289224373977451	5.62889083729519	1.8137213389349e-08	5.14435333875435e-07	7.74142943737476	up	11828
Tpx2	4058.40419564212	-1.62784339162536	0.164671842202498	-9.88537791192978	4.81760583098631e-23	1.1785570097991e-20	22.3171687361829	down	72119
Ube2t	1254.83620538986	-1.62724280351765	0.153011890720938	-10.6347473771525	2.05384573433127e-26	6.51818473929322e-24	25.6874321796505	down	67196
Pif1	391.862446247454	-1.62707920390001	0.266347059181793	-6.10886866518567	1.00339853235934e-09	3.69354459756412e-08	8.9985265385372	down	208084
Nxph1	42.772266641673	-1.626115106566	0.464261710416022	-3.50258285377196	0.000460770454446394	0.00401826740537452	3.33651537655159	down	18231
Mmp17	53.2796411644975	-1.62600289154704	0.438476684427871	-3.70829954999468	0.000208655737929203	0.00208611324191883	3.68056966790542	down	23948
Tm4sf1	9150.51106052644	-1.62501773720629	0.265889836482758	-6.11162035639399	9.86245796874661e-10	3.64755630544904e-08	9.0060148346297	down	17112
Axdnd1	45.5919246742542	-1.62469686026007	0.445182607438048	-3.64950659148598	0.000262744498220829	0.00252787977907258	3.58046636918117	down	77352
Tgfb3	1325.5268125958	-1.62325628256014	0.171054126206517	-9.48972304006479	2.31648913913199e-21	4.37114789806026e-19	20.6351697316474	down	21809
Gm7135	28.3276032324148	-1.62171314303445	0.433063314351884	-3.74474837579231	0.000180574660359287	0.0018449695674785	3.74334319332619	down	634346
Pask	415.071970956645	-1.62144705990135	0.247051851416962	-6.5631852204368	5.2670355531141e-11	2.4397698217926e-09	10.2784337500934	down	269224
Slc30a3	40.5363096965072	-1.61906805586955	0.443031386684498	-3.6545222404808	0.000257661328465368	0.00248917165734643	3.58895075837721	down	22784
Kif15	444.867251427774	-1.61708013802172	0.219056932494034	-7.3820085016746	1.55919233975029e-13	1.02858517132122e-11	12.8071003075566	down	209737
Pltp	573.432208777632	1.6156247332636	0.228318391376626	7.07619181933759	1.48169733541808e-12	8.57085269022009e-11	11.8292405001232	up	18830
Usp9y	18.2027824622324	1.61464216501616	0.630428299005485	2.56118287767743	0.0104316428558317	0.0485578061542754	1.98164729013177	up	107868
Pax6	20.5591083269148	-1.61446584032882	0.617965380464985	-2.61255062397512	0.00898693815259053	0.0432319218585802	2.04638824707993	down	18508
Rasl12	120.985015946065	-1.61376093125929	0.385578562405795	-4.18529733912155	2.84793060480408e-05	0.000374698320749714	4.5454705973097	down	70784
Plxdc1	51.099133089869	-1.61366130558493	0.481972209570064	-3.3480380684695	0.000813858311185932	0.00637753167774495	3.08945119710863	down	72324
Rgs7bp	314.983463093117	1.61109183006422	0.321965571438777	5.00392580133548	5.61743862432657e-07	1.15927544896581e-05	6.25046166394878	up	52882
Hmmr	3336.48324288888	-1.61061059413824	0.210160029926776	-7.66373413012648	1.80603570836646e-14	1.33379712613165e-12	13.7432736672046	down	15366
Amotl2	6150.21606971955	-1.61001112693602	0.174453289114176	-9.228895225256	2.73437507466919e-20	4.28111990857372e-18	19.5631419134381	down	56332
Gria4	63.5965655023817	-1.60988911973538	0.322937392417146	-4.98514311918345	6.19159644027039e-07	1.26553213576806e-05	6.20819735811898	down	14802
Cenps	364.087391991871	-1.60962596736227	0.222501082152891	-7.23423882611152	4.68147315987919e-13	2.90090757677475e-11	12.3296174621967	down	69928
Gm41724	37.7242105004788	-1.60910802145261	0.601383059761842	-2.67567899582979	0.00745780373842877	0.0373606059720563	2.12738904983485	down	105246434
Rasgef1b	4286.26231087051	1.60759329237126	0.17300145670945	9.29236853231333	1.50892445149309e-20	2.46090907939689e-18	19.8213325038434	up	320292
Rfc4	1694.55157514808	-1.60736652812576	0.130070742713649	-12.3576331970702	4.43008787023321e-35	3.1527458676493e-32	34.3535876595153	down	106344
Atp1a4	68.3369628902521	-1.60419180355215	0.392700770803317	-4.08502331245896	4.40723914864013e-05	0.000547640271988431	4.35583338286498	down	27222
Aunip	483.106201695417	-1.60397906087546	0.172640359243893	-9.29086957360581	1.53032885892516e-20	2.47860505185223e-18	19.8152152317513	down	69885
Atp6v0a4	21.8414412159414	-1.60374458798039	0.465987179512125	-3.44160667608809	0.000578270409733753	0.00485197591018121	3.23786903010369	down	140494
Wdhd1	927.013552140177	-1.60371825910132	0.21498881471647	-7.45954277303369	8.68232410084847e-14	5.9971876914243e-12	13.0613640064974	down	218973
Ssc5d	155.861568276245	1.60368606270711	0.307533452609185	5.21467192951227	1.8414284204905e-07	4.19456318673321e-06	6.73484515825907	up	269855
Prss22	26.1550210466314	-1.60327926004121	0.499002927284956	-3.21296564083211	0.00131372004615081	0.00948147365822122	2.88149717310621	down	70835
Adgre5	4190.73546708951	1.59828519123991	0.13897929843657	11.5001673574382	1.3165989732703e-30	6.06280919357904e-28	29.8805464879218	up	26364
Tedc1	1234.17821309207	-1.59678068182392	0.169069945189085	-9.44449754235207	3.57113523799705e-21	6.50140395847758e-19	20.4471937028725	down	104732
Mkx	26.5839175269765	-1.59220114291192	0.55455670013873	-2.87112416550663	0.00409014832002586	0.023318729100419	2.3882609429949	down	210719
Chst8	51.2996743366941	-1.59216423375528	0.449727873456871	-3.54028364200994	0.000399697208444178	0.0035910057154979	3.39826888491859	down	68947
Rbfox3	64.8869821294349	-1.59213588172642	0.585053915844559	-2.7213489878588	0.0065016083068271	0.0335735886119773	2.18697919837537	down	52897
Lat	43.7121269988298	-1.59199523653677	0.504181966072594	-3.15758068250213	0.00159084206759764	0.0110372011691376	2.79837293322292	down	16797
Mmp8	384.50083227407	-1.59190970079492	0.308830728087399	-5.1546350670922	2.54125337147832e-07	5.62500805175951e-06	6.59495203217547	down	17394
Trip13	1223.08947010592	-1.59175673594698	0.182359963758477	-8.72865240341436	2.57724984380144e-18	3.07242195846075e-16	17.5888434780247	down	69716
Iffo2	52.1114701321527	-1.59066434629503	0.471689536365248	-3.37226973180791	0.000745513972179972	0.00595321170916241	3.12754421272903	down	212632
2810429I04Rik	334.073874093974	-1.58789623896873	0.260015973783758	-6.10691803223329	1.01573369051485e-09	3.72145175066166e-08	8.99322014234762	down	76937
Ckap2	1938.33831815705	-1.5877899647319	0.177958719219832	-8.92223753740614	4.5696084573883e-19	5.96206970120912e-17	18.3401210104511	down	80986
Zfp69	337.488566143498	-1.58633663402897	0.272403880578043	-5.82347296471236	5.7637141814163e-09	1.81692385973908e-07	8.23929756368585	down	381549
Nrtn	169.175368158734	1.58528529766311	0.439209199091697	3.60940822947593	0.000306896320043215	0.0028737879091766	3.51300831910974	up	18188
Specc1	756.273910652908	-1.58521154920056	0.179421738628815	-8.83511419137463	9.99960611662839e-19	1.26940945756226e-16	18.0000171064744	down	432572
Mustn1	142.038420546447	-1.58495381593026	0.362179313633561	-4.37615776569133	1.20789602103345e-05	0.000176634109925097	4.91797044935312	down	66175
Chst1	148.866247012543	1.58357174387508	0.418793588451898	3.78127026664584	0.00015603016935397	0.00164174217171953	3.80679142012529	up	76969
Jakmip2	38.916879774828	-1.58340008029655	0.611567703991877	-2.58908387405228	0.00962316521918272	0.0456197083513335	2.01668205778238	down	76217
Cdca3	2581.3550327154	-1.5817296000354	0.163349934537094	-9.68307458780289	3.55850184015858e-22	7.81041268374992e-20	21.4487328052563	down	14793
Cdh23	78.0439950354526	-1.58112999030711	0.429372790480071	-3.68241776228832	0.000231032407262205	0.00227539276725384	3.63632709669664	down	22295
2810433D01Rik	34.6076797936489	-1.5807487049647	0.413810327873625	-3.81998369419009	0.000133460496658839	0.00143315947143705	3.87464726330218	down	77132
9530036O11Rik	72.980560649009	-1.58067011740606	0.434266206419889	-3.63986442886536	0.000272781623014192	0.00260841873635517	3.56418489095236	down	654796
Peg10	47.5168746474702	-1.57996194272287	0.526422980895803	-3.00131643195798	0.00268815062364174	0.0167279325374209	2.57054640035641	down	170676
Tmem88	917.273912949221	-1.57860711549975	0.214603379352601	-7.35592850523591	1.89604483342254e-13	1.23007217991515e-11	12.7221513976531	down	67020
Twist1	24.2128148297578	-1.57828260168586	0.512652001064615	-3.07866271546443	0.00207931944852945	0.0137093815970562	2.68207878432122	down	22160
Myo16	94.6378934639646	-1.57820441792146	0.353210385836331	-4.468171042549	7.88912156244103e-06	0.000122213733439266	5.10297135190128	down	244281
Gm36640	32.2423110324538	-1.57803540855866	0.433206861629518	-3.64268331905649	0.000269810697483501	0.00258527304381886	3.56894083536851	down	102640621
Chaf1a	164.709794439231	-1.5771898632005	0.308418771972358	-5.11379334375228	3.15752790997892e-07	6.84714154809371e-06	6.50065280194563	down	27221
C030004G16Rik	15.8143036751263	-1.57506229207506	0.563311958609447	-2.79607465810445	0.00517274496039728	0.0281491621922451	2.28627893373525	down	78536
Itih5	51.4096995966975	-1.57239706578949	0.449326045917299	-3.4994567532346	0.000466207224100921	0.00405664196295299	3.33142100116538	down	209378
Mal	69.7559147694244	1.56966012687876	0.310753002733618	5.05115031253389	4.39157307407703e-07	9.2581771673877e-06	6.35737988635956	up	17153
Htr1b	103.145533668577	-1.56894799468024	0.362250030385721	-4.33111901470273	1.483534630847e-05	0.000210518494292699	4.82870231128835	down	15551
Kif23	1468.15494196906	-1.56773142126938	0.168826117392212	-9.28607164273804	1.60087972372707e-20	2.57511371998152e-18	19.7956412959907	down	71819
Tll1	225.067388530945	-1.56722120842506	0.262812968664542	-5.96325674638028	2.47259442185564e-09	8.40360057847753e-08	8.60684711485398	down	21892
Atad5	369.264582288652	-1.56719132462805	0.282966529208375	-5.53843357026151	3.05188963764425e-08	8.27640047806874e-07	7.51543117537925	down	237877
Gm11274	21.7664667907739	1.56678782767735	0.544317423002277	2.87844511578458	0.0039964081390776	0.0228748830480715	2.39833016521636	up	108168068
Apod	97.1230474019439	-1.56676986718057	0.435699402462826	-3.5959881017148	0.000323162570463913	0.00299459040258201	3.49057894611008	down	11815
Csrnp3	75.2491186561367	-1.56641559189152	0.373641411970885	-4.19229652202893	2.76144729565454e-05	0.000364340391789027	4.55886324120541	down	77771
A230108P19Rik	21.6608147386882	-1.5658042838902	0.607740475183405	-2.5764357449085	0.00998247571944328	0.0468970678677986	2.00076173747468	down	320132
Pola1	874.749249927829	-1.56437916642183	0.229146624747243	-6.82697887497752	8.67214595940153e-12	4.51586137154201e-10	11.0618734212082	down	18968
9930012K11Rik	256.840799994693	-1.56416830179404	0.324548674130085	-4.8195183849899	1.43905191989688e-06	2.69077502697278e-05	5.8419235367667	down	268759
Eps8l2	130.950885597158	1.56254848939567	0.318510456809935	4.90579965582759	9.30474642476685e-07	1.82710677078302e-05	6.03129545787175	up	98845
Cyp11a1	22.1033967280784	-1.56197108351039	0.60206032016774	-2.59437639583225	0.00947626803835698	0.0451511776994956	2.02336266365917	down	13070
Gm15697	49.8264286479423	-1.56063900212418	0.519402874332643	-3.0046791792005	0.00265861113206488	0.0165959542599736	2.57534518111479	down	621228
Pole2	242.768049533589	-1.56015074528116	0.245391410475937	-6.35780503586187	2.04656989729054e-10	8.62902945024565e-09	9.68897341813858	down	18974
Cntnap5c	81.1657713589011	-1.55971446025449	0.35396695929871	-4.4063843228324	1.05110399987899e-05	0.000156433317092257	4.97835431124195	down	620292
Gm27000	43.1829520271259	1.55967898956248	0.376709246248823	4.14027265083979	3.46893263524755e-05	0.000445423088785067	4.4598041338346	up	NA
Ak5	196.499447744629	-1.55929408010208	0.231115169773038	-6.74682705437879	1.51113214031722e-11	7.51884286342161e-10	10.8206975573013	down	229949
BC006965	23.3691294745983	-1.55844597830691	0.541972046953323	-2.87550988481355	0.00403375515134851	0.0230774031009549	2.39429046696745	down	217294
Cdo1	832.612482793456	1.55833541890167	0.176500038553281	8.82909392924155	1.05527075662542e-18	1.33242116770688e-16	17.9766360967436	up	12583
Acss2	4860.72082371991	1.55824929860154	0.245064875561768	6.35851749472268	2.03710187575987e-10	8.60455711370872e-09	9.69098725132678	up	60525
Cenpm	1167.87318640828	-1.55820717065505	0.166318552969824	-9.36881149355458	7.33538383397276e-21	1.23051063814893e-18	20.1345771561745	down	66570
Ccnb1	10563.2527691065	-1.55599907027067	0.160050832390175	-9.72190551610141	2.43187264792411e-22	5.54490574140755e-20	21.614059171896	down	268697
Fam124a	496.552167039965	1.55544002185515	0.226924080367791	6.85445114213592	7.15868318709007e-12	3.78652420380203e-10	11.1451668571859	up	629059
A4galt	317.479340067055	1.55413068171768	0.245967978001471	6.31842687143765	2.64239282542344e-10	1.09640628100829e-08	9.57800261850346	up	239559
Fam83d	2319.68233836476	-1.5535594107772	0.295663296132195	-5.25448857230687	1.48436361614625e-07	3.47213939493972e-06	6.8284596993654	down	71878
Spag5	1448.06503887995	-1.5520554113689	0.168876258179556	-9.19048910782168	3.91059147833907e-20	5.88719492748673e-18	19.4077575504426	down	54141
Tube1	427.365742103	-1.54996202442406	0.170530237970619	-9.08907442380455	9.98857314624153e-20	1.39631928773501e-17	19.0004965457051	down	71924
Kif4	1900.90167816567	-1.54845623028421	0.242854187678377	-6.37607382885614	1.81685366710408e-10	7.74388536695813e-09	9.74068005019798	down	16571
Gm49490	24.4143781255883	-1.54823024207984	0.575876171699436	-2.68847769393018	0.0071778631128787	0.0362435721630606	2.14400482823854	down	NA
Kif27	35.4075756151443	-1.54737098830931	0.453519613113264	-3.41191636164776	0.000645079027436077	0.00529523976208888	3.1903870774934	down	75050
Ung	428.743117723105	-1.54670483777622	0.212252142632032	-7.28711059684162	3.16672945303019e-13	2.01546453128493e-11	12.4993890386411	down	22256
Steap2	1048.24958770765	-1.54591719371281	0.288011580919691	-5.36755219625657	7.9812414575753e-08	2.00470006022627e-06	7.09792955022319	down	74051
Dsc3	51.3637968754941	1.54408500414027	0.448729650730656	3.44101398609625	0.000579538575897699	0.00485733409182404	3.23691765074108	up	13507
Vmac	1246.05648438705	1.54393389758758	0.496916201170699	3.10703071051051	0.00188976765698177	0.0126658657032583	2.72359158815137	up	106639
Ckap2l	3179.87475030922	-1.54267080227688	0.159943713651677	-9.64508555576296	5.15681752809751e-22	1.0937449030378e-19	21.287618235656	down	70466
Rhbdl3	34.0080183420097	-1.54231843728142	0.40855801334036	-3.77502921720092	0.000159988910499467	0.00167588740547725	3.79591011906781	down	246104
Slit1	40.5381603403124	-1.54144728973625	0.417884945435811	-3.6886882539611	0.00022541320997753	0.00222991964461764	3.64702063641662	down	20562
Cdca7	1160.12932807281	-1.54111448103094	0.232571224208294	-6.6264194389358	3.43927032043347e-11	1.65176407925113e-09	10.4635336880748	down	66953
Reps2	48.4613854472535	-1.54008942737754	0.496763730947475	-3.10024531066336	0.00193360426462293	0.0129007659530311	2.71363240474968	down	194590
Lgr6	295.709968760594	-1.53950916385853	0.328729730692754	-4.68320635500241	2.82421936169459e-06	4.91706229619431e-05	5.54910157395394	down	329252
Mcm4	4501.65405351019	-1.53845272269505	0.207005305075172	-7.43194828816769	1.07009638457347e-13	7.28440973672692e-12	12.9705771032464	down	17217
Fam167a	77.9142918373598	1.53825798508922	0.372556898756857	4.1289209519997	3.64469670486992e-05	0.000465700229128782	4.43833860585953	up	219148
Eme1	387.575903738646	-1.53500104556722	0.221647427174562	-6.92541783649175	4.34690570361094e-12	2.39079813698602e-10	11.3618197807536	down	268465
Themis2	31.8756155393379	-1.53453847710394	0.467589359440782	-3.28180794990542	0.00103143828976078	0.00777634935314026	2.98655675045193	down	230787
Lrrc69	34.3629846262006	-1.53439873464769	0.465008211069449	-3.29972395781744	0.000967799721419258	0.00736512522927132	3.01421450723886	down	73314
Pcsk5	920.425955168287	-1.53347277972662	0.270227135648329	-5.67475496510562	1.38887314307109e-08	4.03684229765154e-07	7.85733742005086	down	18552
Ly75	358.10532563969	-1.53328583401251	0.262113216555363	-5.84970820686814	4.92436118863235e-09	1.573450646463e-07	8.30765010024172	down	17076
Dhcr24	622.99779920042	1.53219300312086	0.271107636153838	5.65160400812696	1.58957456380187e-08	4.56929726204246e-07	7.79871909537539	up	74754
9530053A07Rik	95.7783259051458	-1.53152222179786	0.339084813273195	-4.51663466438981	6.2830166572783e-06	9.99266216466798e-05	5.20183178889866	down	NA
2310034O05Rik	46.5424037861827	1.53006117395746	0.398955567869345	3.83516686364069	0.0001254790768129	0.00136114370390345	3.90142868519694	up	69571
Kntc1	1270.97965881693	-1.52945498788928	0.202763343673755	-7.54305467732946	4.59088552104642e-14	3.2573095607787e-12	13.338103536726	down	208628
Map1a	1684.35251603151	1.52858661910029	0.20068319960593	7.61691373319681	2.5981284680384e-14	1.89493935005844e-12	13.5853393784436	up	17754
Rgs20	35.0877972463984	-1.52842978918887	0.556152521917169	-2.74822054914013	0.00599196886175225	0.0315448080516144	2.22243045218514	down	58175
Cdkn2c	50.6890256582178	-1.5282907730293	0.386615229194052	-3.95300199688257	7.71767927858805e-05	0.000892416040658003	4.11251327324241	down	12580
Cdkl2	328.669066999405	1.52748036368886	0.294437094304043	5.18779866137229	2.127944836856e-07	4.79144626016905e-06	6.67203963453468	up	53886
Egln3	6309.84170788637	-1.52720350975149	0.292766730667878	-5.21645169950677	1.82383105196223e-07	4.16255318321991e-06	6.73901539440609	down	112407
2810408I11Rik	104.987576987158	-1.52679553934055	0.393678767696616	-3.87827758218639	0.000105198644261486	0.0011708958106545	3.97798985707914	down	69941
Wdr63	28.8244098965023	-1.52662574823677	0.50211414087051	-3.04039584623145	0.00236267394182617	0.0151027211550865	2.62659620855648	down	NA
Rrm1	14364.8501346261	-1.52609150542322	0.176559147407004	-8.6435142434466	5.45099228029412e-18	6.24470993671744e-16	17.2635244330206	down	20133
Mob3b	153.121115914842	-1.52571792258027	0.262748269858922	-5.80676677109795	6.36907583295411e-09	1.9681282360122e-07	8.19592358018681	down	214944
Slc25a35	291.206794664733	1.52565026093827	0.238457904132993	6.39798570102078	1.57440026908023e-10	6.79683645576272e-09	9.8028848446876	up	71998
Scn4a	24.5107782605253	-1.52530324906069	0.582310001752501	-2.61940073924575	0.00880844032200622	0.042573826088149	2.05510098370049	down	110880
Oip5	655.843629787365	-1.52467036147206	0.184770014030539	-8.25171968228601	1.56131305779691e-16	1.52780988176501e-14	15.8065100081213	down	70645
Arhgef39	725.555463699626	-1.52229549304003	0.156205608471369	-9.74545989697327	1.92903411883532e-22	4.48548180998491e-20	21.7146600909197	down	230098
Stil	978.117751295835	-1.52196271230897	0.25697251319228	-5.92266734446482	3.16761195988275e-09	1.04924353847456e-07	8.4992680259473	down	20460
Gabra3	22.0500459667664	-1.52169253785477	0.528586721752853	-2.87879448202684	0.00399198387706478	0.0228662783787479	2.39881122142172	down	14396
Pamr1	493.183342159986	1.51996709772695	0.224352854663069	6.77489528720111	1.24496396232899e-11	6.24743133660179e-10	10.9048432198037	up	210622
Col4a4	1895.68748468998	1.51937186733411	0.130459338886339	11.6463250565591	2.39568870572975e-31	1.19707977136305e-28	30.6205696145661	up	12829
Abca7	4345.23175411475	1.51899584118185	0.152034355710748	9.99113545146208	1.66661610737446e-23	4.16388077464778e-21	22.7781644251564	up	27403
Syce2	214.53556675091	-1.51695165754283	0.220307904601842	-6.88559795566294	5.75453005623763e-12	3.12113483535198e-10	11.2399901372499	down	71846
Sorbs1	34030.363316961	1.51619552981	0.205197353733867	7.38896239264588	1.47979011003909e-13	9.87297464041707e-12	12.8297998795483	up	20411
Fam169b	42.9828019121484	-1.51431855316346	0.512266621650437	-2.95611404132595	0.00311541875572233	0.0187893193318282	2.50648356984704	down	434197
Hmga2	1274.02291244719	-1.51422909710474	0.278747587923679	-5.4322590139124	5.56450735389594e-08	1.44880770738632e-06	7.25457327929967	down	15364
Scn4b	72.4737042218281	1.51375315574887	0.476267075680463	3.178370357821	0.00148105434769114	0.0104466879912079	2.82942900463254	up	399548
Kbtbd6	69.9942373057566	-1.51260472355166	0.443430907690068	-3.41113958752032	0.000646919637299041	0.00530849325016352	3.18914966561454	down	432879
Zfp804a	38.1711389399516	-1.51253838010463	0.392675345225864	-3.85188018166669	0.000117214375663585	0.00128334713867566	3.93101912135118	down	241514
Krt14	207.705839467307	1.51197773788539	0.251420919642292	6.0137308384543	1.81301449734945e-09	6.31730644959227e-08	8.74159872315562	up	16664
Lix1l	33.5719238792082	-1.51167278294787	0.435045011016497	-3.47475030093045	0.000511329076920175	0.004389094799514	3.29129951025228	down	280411
Bard1	155.429838429038	-1.50944895908095	0.301543104731568	-5.00574854936463	5.56453587445365e-07	1.14936785410329e-05	6.25457105335436	down	12021
Apol9a	73.6576446925223	-1.50917472311051	0.44485984910383	-3.39247231718201	0.000692649306093864	0.00561379282063909	3.15948659652563	down	223672
Mob2	7451.59271437405	1.50898956992385	0.14873936663897	10.1451929238516	3.48089952340487e-24	9.50568898920505e-22	23.4583085124987	up	101513
Cacna1b	37.4495533520995	-1.50872382350106	0.504088459648128	-2.99297433738951	0.0027627297885221	0.0170833883842658	2.5586615896012	down	12287
Tmem37	1234.38984921346	-1.50820648983881	0.160687291592292	-9.38597243685919	6.23385080691274e-21	1.0764851926496e-18	20.2052435957887	down	170706
Ky	825.192358298808	1.50801385264781	0.220093253180288	6.85170413384971	7.29753677905183e-12	3.83406378648842e-10	11.136823707522	up	16716
Mmel1	33.1182644318646	1.50725716497748	0.583074731381321	2.58501540858536	0.00973746456214931	0.0460685647143587	2.01155410985761	up	27390
Dock2	201.102112562607	-1.50607954671068	0.253938228409688	-5.93088939834952	3.01298125592004e-09	1.0065414622373e-07	8.52100357011085	down	94176
Rpp25	596.426914353166	-1.50583445343993	0.262797150806139	-5.73002579678181	1.00415362360233e-08	2.97383957759152e-07	7.99819984019996	down	102614
Atp2b2	50.6782659747849	-1.50572373722163	0.427658551279979	-3.52085497347125	0.000430157811747928	0.00380786136784776	3.36637218582101	down	11941
Atp5o	30.9187586135114	-1.50515730905035	0.42687284777933	-3.52600854535597	0.000421873356305598	0.00375433716287873	3.37481790191094	down	NA
Cenpe	1290.89412470442	-1.50511126251115	0.245504786280447	-6.13067991591749	8.75042981716474e-10	3.28280901367594e-08	9.05797061410474	down	229841
Ap1s3	57.8906295717475	-1.50497046705855	0.491396981187568	-3.0626367777463	0.00219396184725244	0.0142966686966492	2.6587709290274	down	252903
Rprm	77.4067427551168	-1.50433618628368	0.399365308109255	-3.76681738683254	0.000165341848868909	0.00172044896796027	3.78161721035724	down	67874
Nek6	1988.43539260209	-1.50340470192376	0.178070197650942	-8.44276426800388	3.09919718077165e-17	3.27858764821721e-15	16.5087507916869	down	59126
9530059O14Rik	22.6339065751435	-1.5017612392862	0.55544763040406	-2.70369546485191	0.00685731035395778	0.0349411876031023	2.16384619442246	down	319626
Art4	580.215351034574	-1.50143275658041	0.303805386500133	-4.94208734702519	7.72905718595415e-07	1.54614061339125e-05	6.11187347942063	down	109978
Cldn1	64.4803026608044	-1.50142966369336	0.488072225446733	-3.0762448371634	0.00209625636316091	0.0137785000528502	2.67855560608819	down	12737
Wdr72	381.224238768241	-1.50080662275763	0.172475227222708	-8.70157788410806	3.27301037221835e-18	3.86264565786673e-16	17.4850526184042	down	546144
Gm26861	28.1713733797077	-1.50055230122344	0.508039786558799	-2.95361178577649	0.00314078834208462	0.0189131831317583	2.50296132974665	down	108168064
1600002D24Rik	37.9218039593448	-1.50034284683313	0.41380218517346	-3.6257489703787	0.000288125146606013	0.00272438081806359	3.54041883628522	down	69776
Rhpn2	1636.42137045438	1.50015161923414	0.152091710367849	9.86346734878498	5.99428688278914e-23	1.45129719012683e-20	22.222262475833	up	52428
Pcsk6	73.3846288370483	-1.49881997380587	0.337303566637927	-4.44353431760405	8.84930336599906e-06	0.000134865228994827	5.05309091644462	down	18553
Rnasel	436.149554681244	1.49874351003125	0.260112495326012	5.76190508707705	8.31697672016429e-09	2.50415638811613e-07	8.08003451413743	up	24014
Arf2	14985.5595501246	1.49680537878994	0.114068361889988	13.1220029286782	2.46337108190099e-39	3.0448563083392e-36	38.6084701611683	up	11841
Rab39b	29.0827031696439	1.49543822950324	0.490843984660633	3.04666712079029	0.00231393808035065	0.0148632409129221	2.6356482666988	up	67790
Gpr84	34.8918689226427	-1.49464160507533	0.49388222101977	-3.02631182387814	0.00247556857703213	0.0156497249075638	2.60632503854513	down	80910
Ajuba	1328.47936672252	-1.49400758371087	0.242880386261059	-6.15120721236437	7.68953751535913e-10	2.91272239593886e-08	9.11409977990826	down	16475
Gtse1	2156.27865239388	-1.49343396140417	0.161042221512613	-9.2735553904862	1.80042168474813e-20	2.87638797729998e-18	19.7446257649461	down	29870
1600014C23Rik	50.6367031772218	-1.49298271977204	0.482373683945248	-3.09507497913485	0.00196763149595659	0.0130943116130747	2.70605623428781	down	72240
Ivl	159.047710346117	1.4923838291028	0.26863840058865	5.55536299290286	2.77035438595978e-08	7.55653574381713e-07	7.55746467208271	up	16447
1810019D21Rik	80.0720408925214	-1.49113603845117	0.449596773796508	-3.31660751446154	0.000911175211515704	0.00700227416310416	3.04039810373183	down	69771
Cnksr1	140.28085622798	1.49029373928757	0.263766911213774	5.65004053173198	1.60410009943754e-08	4.60541452754165e-07	7.79476853425825	up	194231
Gm12992	28.8871529498615	-1.49027334370806	0.467813178231664	-3.18561642350757	0.00144445971514409	0.01023322365314	2.84029456578558	down	545681
Fam20a	109.734959838337	1.49021384395442	0.514147401401065	2.89841753530903	0.00375050923210017	0.0217859780647718	2.42590976115856	up	208659
Pou2f2	35.7149412961899	-1.4899457978673	0.381949875109967	-3.90089353331593	9.58382953671083e-05	0.00107950233414702	4.01846091948776	down	18987
A530064D06Rik	117.509787678248	1.48934968507608	0.319657557631103	4.65920373074627	3.17434912068848e-06	5.4695223110322e-05	5.49834531045753	up	328830
4930455G09Rik	232.193788913737	1.48774950275596	0.241701044928345	6.15532921339677	7.49216960400152e-10	2.86103419756058e-08	9.12539239984348	up	78917
Camk4	84.5273053124371	-1.48752797884276	0.279713573587559	-5.31804002131174	1.04891000834348e-07	2.55535804418534e-06	6.97926177067809	down	12326
Bckdhb	1665.59991169825	1.4858189704918	0.219089494480658	6.78179012651367	1.18695822199618e-11	5.9947771706624e-10	10.9255645668717	up	12040
Wdr90	862.05414109985	-1.48570388444836	0.216025766457905	-6.8774383204786	6.09383928608736e-12	3.2824269640771e-10	11.2151090036883	down	106618
Adcy2	83.8060861064172	-1.48520815444807	0.425577688561474	-3.48986376487058	0.000483266843107104	0.00418184296623815	3.31581300074276	down	210044
Plch1	73.7251800696774	-1.48444284990363	0.430723697775255	-3.44639233357943	0.000568124897955575	0.00478051351790995	3.24555617744027	down	269437
Bbc3	557.014086389251	1.48316304627565	0.18501128084136	8.01660871451078	1.0870471458974e-15	9.18320223791383e-14	14.9637516198888	up	170770
Syt2	37.6308959466392	-1.48277519668999	0.562856037178632	-2.63437735184033	0.00842917505792027	0.0410788911050545	2.07421492659992	down	20980
Ankrd55	18.2052429517311	-1.48275681067835	0.57016027741209	-2.60059648035892	0.00930618465811512	0.0445395856319204	2.03122833422218	down	77318
Nqo1	2442.50007991199	1.4812749631569	0.257983387826236	5.74174552725314	9.37055668236410e-09	2.80340794503593e-07	8.02823460794921	up	18104
Macc1	25.9109792745049	-1.47956730487896	0.543392954393251	-2.72283122723046	0.00647251141758749	0.0334817027845908	2.18892717479176	down	238455
Chrm3	75.9119805559017	-1.47936731182299	0.392735967411274	-3.76682411232733	0.000165337396660944	0.00172044896796027	3.78162890488829	down	12671
S100a16	1340.13318898031	1.47805083577173	0.235670631166422	6.27168021936504	3.5717256351292e-10	1.45124526887559e-08	9.44712190916921	up	67860
Xkr4	93.7355122332955	-1.47794726427132	0.294164543746016	-5.02421959305671	5.05483743058396e-07	1.05241894554312e-05	6.29629280726104	down	497097
Hoxa1	35.7178428061115	-1.47598897499833	0.390483629801702	-3.77989975084966	0.000156891515028393	0.00164858936485092	3.8044005431944	down	15394
Lrfn5	44.1440438314859	-1.47514398134943	0.498407023092259	-2.95971748591585	0.00307921273203728	0.0186339241842265	2.51156030617363	down	238205
Vav3	165.362939326938	-1.47389102541338	0.304183012256724	-4.84540873758409	1.26351282429332e-06	2.40466764007525e-05	5.89842034575708	down	57257
Iqgap3	2381.83596354389	-1.47346379390878	0.132963002935969	-11.081757792567	1.5382256159983e-28	6.02087143195333e-26	27.8129799606354	down	404710
Slc38a3	153.266648700088	-1.47336696181481	0.34064021180159	-4.32528782794732	1.52332828069428e-05	0.000215774213945145	4.81720649513355	down	76257
Trpv2	1206.46642204129	1.47330406542006	0.156764740240433	9.39818522430762	5.55122373161309e-21	9.80229243134838e-19	20.2556112688946	up	22368
Sema3b	2354.99282447532	1.46992308167458	0.154903694515419	9.48927064827538	2.32656370984685e-21	4.37114789806026e-19	20.6332850503922	up	20347
Best3	149.471631442627	-1.46986904946039	0.226270647614924	-6.49606595002046	8.244752580188e-11	3.73799255493659e-09	10.0838223727267	down	382427
Ecrg4	55.1976812218988	-1.46923271699023	0.426719326592913	-3.44308922851264	0.000575109529887673	0.00482963114616126	3.24024943583935	down	78896
Arg1	50.401122239151	-1.46874079571693	0.54806602112059	-2.67986107351429	0.00736527211875209	0.0369996611142017	2.13281120299796	down	11846
Il1f9	62.0923457446663	1.46806065341692	0.460273140102061	3.18954230762063	0.00142498279307754	0.0101257854449095	2.84619037980747	up	NA
Gm11110	247.163740161143	-1.46749581998738	0.357081211138731	-4.10969766599465	3.96177468431898e-05	0.000500227303555006	4.40211022746973	down	100169874
Fam102a	291.109693055162	-1.46463748709032	0.187208351682632	-7.82356916198522	5.1346325706392e-15	4.01956153071538e-13	14.2894906286496	down	NA
Lamb3	1402.27985642518	1.46369493607649	0.135155538767361	10.8297073832535	2.48949588382044e-27	8.47330591761204e-25	26.6038885874586	up	16780
Tacc3	5111.59536621572	-1.46237813232232	0.143119345684907	-10.217892803548	1.64886136211815e-24	4.78068013448702e-22	23.7828158587268	down	21335
Tmem171	52.9126335025813	-1.46192138886159	0.423959600197461	-3.44825636258902	0.000564218236346577	0.00475445471137401	3.24855288093022	down	380863
Prr5	219.470619338285	-1.46043020907711	0.418609632606082	-3.48876398277102	0.000485259404420691	0.00419444869813026	3.31402603914736	down	109270
Grhl3	768.284842275705	1.4598345427267	0.239499399895087	6.09535783123539	1.09192918993686e-09	3.97580729080113e-08	8.96180552410087	up	230824
Cubn	63.6087657280638	-1.4595587333321	0.336543170763381	-4.33691383492164	1.4449723637498e-05	0.000205667733107055	4.84014045905673	down	65969
Gm49171	68.0325940341491	-1.45936540529423	0.452882599635983	-3.22239230755881	0.00127124944384447	0.00924254906341361	2.89576922406749	down	NA
Adamts2	303.805113502355	-1.45929683570623	0.334582228720319	-4.36154915127327	1.29144775840006e-05	0.000186874002501697	4.88892315720066	down	216725
Hpse	113.69755179688	1.45868208736734	0.5655454382866	2.57924825949729	0.00990155984341303	0.0466288616247353	2.00429638337977	up	15442
Eppk1	195.64544248717	-1.4584468444811	0.230972315872174	-6.31437944835019	2.71247665505459e-10	1.12350113305039e-08	9.5666339908852	down	223650
Afap1l2	374.070811391253	1.45716547168351	0.262617147796107	5.54863033092889	2.87916216792548e-08	7.82605596223725e-07	7.54073387292959	up	226250
Hapln3	30.580010230631	-1.45709532268671	0.479801176879764	-3.03687317351422	0.00239046010966812	0.0152264593641323	2.62151849911128	down	67666
Glt8d2	84.195643776336	-1.45628656603501	0.328158416500587	-4.43775473310893	9.09021137425915e-06	0.000137928282311924	5.04142601803138	down	74782
Stac	44.3493145751102	-1.45555076534246	0.476190709387155	-3.05665511033533	0.00223821643751519	0.0145366463039392	2.65009791911529	down	20840
Tafa5	78.2121249587276	-1.45514953092265	0.322883841980681	-4.50672762686502	6.58350541577237e-06	0.000104257332899133	5.18154280283663	down	106014
Gm7967	59.6245815863822	1.45352085441462	0.500757281804253	2.90264546763557	0.00370025267570281	0.0215420015093903	2.43176861865823	up	666182
Troap	804.857782646808	-1.45334229037921	0.171609228201548	-8.46890523085579	2.47710106110816e-17	2.63234020000567e-15	16.606056274647	down	78733
4833427F10Rik	26.9771947390529	-1.45288392604404	0.522420473572708	-2.78106238085984	0.00541813248898665	0.0292091707268235	2.2661503794187	down	74601
Tshz3	62.0179340015829	-1.45250731023704	0.491718805393928	-2.95393890634994	0.00313746110214488	0.0188979928145352	2.50342164980686	down	243931
Klf8	425.382154052646	1.45249468281397	0.227138783233591	6.3947453716885	1.60815113156195e-10	6.91711159793632e-09	9.79367313934433	up	245671
Ace	39.9765964396846	-1.4519709397682	0.517589928052548	-2.80525346625521	0.00502770261730645	0.0275362863730042	2.29863041823396	down	11421
Rnf182	120.78914117241	-1.45048384250421	0.300135787321213	-4.83275871714647	1.34653949056443e-06	2.54412549765934e-05	5.87078090531766	down	328234
Gpr45	38.1074350224224	-1.4474839549178	0.422075056371568	-3.42944680825567	0.000604812969931463	0.00502441903036449	3.21837890416481	down	93690
Mvk	5816.27469375492	1.44734700621955	0.241058537697844	6.00413086398845	1.92359510571063e-09	6.68278565941039e-08	8.71588633659177	up	17855
Slc4a11	70.9279972566777	1.44642265664383	0.417118360701775	3.46765520992727	0.000525020450302468	0.00448041616110228	3.2798237798692	up	269356
Gm826	532.208589760905	1.44621584183168	0.190789187931414	7.58017714479487	3.45083464416958e-14	2.47081864690008e-12	13.4620758505738	up	329554
Cdc7	1108.17847017735	-1.44592332072598	0.230598116809371	-6.2703171245812	3.60313506189476e-10	1.45895908497584e-08	9.44331945823929	down	12545
Chmp4c	543.915510264833	1.44542614010394	0.180942717456212	7.98830790442689	1.36803424964806e-15	1.13930086358102e-13	14.8639030296284	up	66371
Dcbld1	501.46114605315	-1.44473579574471	0.24047282980359	-6.00789618072329	1.87946121558013e-09	6.53913283672584e-08	8.72596663192587	down	66686
Lrig3	22.5166365089731	-1.44402502544396	0.528579536929817	-2.73189732964575	0.00629707608987191	0.0327618147919012	2.20086105892728	down	320398
Dennd2d	212.673897711398	1.44226846377772	0.370185263978689	3.89607205936957	9.77653125405038e-05	0.00109898882720987	4.00981520701623	up	72121
Shmt1	1535.33074353915	-1.44107679605139	0.168494145058922	-8.55268172996429	1.20261165573575e-17	1.33854666990304e-15	16.9198745912795	down	20425
Mad2l1	2218.60978368602	-1.44089776690262	0.168598268679769	-8.54633786091497	1.27055716762592e-17	1.40089366580726e-15	16.8960057894677	down	56150
Basp1	137.53806277828	-1.44082799660816	0.426375749309733	-3.37924471300429	0.000726852777463429	0.00583993755686919	3.13855354568849	down	70350
BC053393	102.533456792483	1.44068604670743	0.363455859861538	3.96385422773558	7.37492966144329e-05	0.000859128090768828	4.13224211742339	up	NA
4933431K14Rik	28.0144107069606	1.44055083510739	0.503482148502716	2.86117559359628	0.00422073211497222	0.0239169613338957	2.37461221114369	up	71295
Igsf9	286.873872756354	-1.4385313742212	0.354413342951648	-4.05890862415261	4.93025998476113e-05	0.00060494856709569	4.30713017870044	down	93842
Traip	742.874049014493	-1.43732572558162	0.173319142473037	-8.29294274753994	1.10480525516492e-16	1.10881843664736e-14	15.9567142686404	down	22036
Gm12718	30.2582052375446	-1.4354766508788	0.46126838640393	-3.11202044881039	0.00185811627798504	0.0124965237080409	2.73092711202851	down	622167
Mreg	43.1674467716763	-1.4331935320993	0.408792934925397	-3.50591561070119	0.000455039467980754	0.00397714994623297	3.34195093305085	down	381269
Rit2	57.7934735620702	-1.43248030321834	0.456177460563583	-3.14018211563671	0.00168842837377422	0.0115437380955131	2.7725173582056	down	19762
Tek	2991.30842314343	1.43242474666123	0.205253797158776	6.97879779321775	2.97716605871641e-12	1.66077778833622e-10	11.5261969408411	up	21687
Crybb3	50.6525385267898	1.43181473458919	0.55238607315516	2.59205436952971	0.00954046927113859	0.0453926095690214	2.02043026294227	up	12962
Sytl1	44.7342506150597	1.42988917484254	0.440616456964984	3.24520147225498	0.00117367553032285	0.00864881387813995	2.93045194982349	up	269589
Ccdc7a	82.1036705594181	-1.42922755555192	0.424486469578534	-3.36695668290906	0.000760026254861251	0.00604443501368659	3.11917140489761	down	74703
Kcnf1	515.683339387412	-1.42911597461347	0.211618827911955	-6.75325531624275	1.44564213242234e-11	7.20826018682351e-10	10.8399392029956	down	382571
Adgrv1	115.275267158157	-1.42907948301432	0.363911273597682	-3.92699975707328	8.60120680039002e-05	0.000985843541762615	4.06544061038657	down	110789
Tor3a	2558.43911939557	1.42879578331761	0.123974675883055	11.5249003325921	9.88264968183274e-31	4.73661281179269e-28	30.0051265991452	up	30935
Gm4419	34.0870251696552	1.42844392778019	0.404954694714081	3.52741663802353	0.000419635876625394	0.00374435735659095	3.37712738903336	up	100043407
Actb	65992.5005363715	-1.42833917714734	0.238972370965166	-5.97700550644635	2.27276519682106e-09	7.7694163969931e-08	8.6434454296478	down	11461
Tmem74b	99.9490450228242	-1.4271836047401	0.343699817938003	-4.15241303676669	3.28987788352125e-05	0.000424287655653468	4.48282022226192	down	108832
Wscd2	31.9989641459537	-1.42620317753739	0.501299562741759	-2.84501181237234	0.00444097761339806	0.0249015669513558	2.35252141606348	down	320916
Fam3b	17.1848162645807	-1.4256363963046	0.541355651780126	-2.63345619763406	0.00845207369802949	0.0411819399996312	2.0730367247636	down	52793
Bmerb1	36.0615241327967	-1.4256155132182	0.469996643319526	-3.03324615926884	0.00241938159124016	0.0153731538610052	2.61629562816556	down	67254
Lig1	2133.21853888908	-1.42410047993014	0.162089788337138	-8.78587414136223	1.55153239269553e-18	1.92792265833093e-16	17.8092391528403	down	16881
Kif20b	965.217371701754	-1.42159244952592	0.230177282504668	-6.17607625764323	6.57142560883765e-10	2.53415320892533e-08	9.1823404041253	down	240641
Rnf43	30.902147387345	-1.42107427357263	0.498838613724616	-2.84876558164187	0.00438892052632194	0.0247060878620975	2.35764228319976	down	207742
Incenp	2176.89059540873	-1.41954294630099	0.133754628086864	-10.6130379681449	2.59182220970425e-26	8.11585927932059e-24	25.586394792922	down	16319
Thrsp	227.618994001933	1.41901151136269	0.25421968655722	5.58183172428426	2.37998593583827e-08	6.59127001216529e-07	7.62342560933251	up	21835
Gm5095	27.9942460854637	-1.41888467563044	0.481440246972289	-2.94716672433102	0.00320700241708276	0.0192428338694912	2.49390071274842	down	328953
Cracr2a	126.61392975817	-1.41850010016872	0.257392897500944	-5.5110304672005	3.5673896001743e-08	9.5421577175505e-07	7.44764945809474	down	381812
Cavin4	1991.99185969626	1.41790334858736	0.155945701101862	9.09228878108797	9.69757203645887e-20	1.36375736093555e-17	19.0133369856469	up	68016
Itga1	2842.01870207494	-1.41684030107212	0.24309952563201	-5.82823145124872	5.60178513553468e-09	1.77301784242631e-07	8.25167355317779	down	109700
Hmgb2	3818.68563855027	-1.41665951271305	0.163055320475796	-8.68821396676437	3.68181859644067e-18	4.30186615609001e-16	17.4339376130361	down	97165
Galnt17	104.602769320392	-1.41412792094205	0.360484283699428	-3.92285596040341	8.75054708748003e-05	0.00100087582265333	4.05796479387526	down	212996
Mctp1	107.733180229815	-1.41356781771548	0.294320881622502	-4.80281184917261	1.56452884376243e-06	2.90228751151348e-05	5.80561642576075	down	78771
Nbeal2	776.748010063977	1.41354663257952	0.181594423342421	7.78408613305312	7.02189089134851e-15	5.40685598633835e-13	14.1535459230412	up	235627
Pdlim2	766.801509214121	-1.41346076767766	0.319355998979445	-4.42597218212469	9.60088969737643e-06	0.000144536470860824	5.01768851979819	down	213019
Hmgcr	20340.8709449634	1.41221628362661	0.301820980677636	4.67898646560606	2.88296470218136e-06	5.01529081709106e-05	5.54016067489993	up	15357
Nusap1	1929.49868527239	-1.41134317690551	0.171157660666545	-8.24586624641441	1.63967998387372e-16	1.59123489344109e-14	15.7852409048787	down	108907
Gm16090	60.5915864612643	-1.41100468402678	0.347136466274748	-4.0646973772845	4.80948238173246e-05	0.000592295195254257	4.31790166184942	down	102633478
Gm15286	19.6586457543602	-1.40974870453248	0.519605407326763	-2.71311399891943	0.00666541720434317	0.0342431705003418	2.17617266187302	down	105245631
Efcab11	317.146493832353	-1.40952942035663	0.195490601180473	-7.21021579475004	5.58632758789559e-13	3.41653394275333e-11	12.2528736004209	down	78767
Igfbp7	604.269846873927	-1.40890860161549	0.263477913582749	-5.34734992568171	8.92513604631779e-08	2.21806158780712e-06	7.0493851551917	down	29817
Nek2	2200.33774676311	-1.40872744835927	0.188975077161001	-7.45456739334507	9.01631799201987e-14	6.20962545579433e-12	13.0449707797765	down	18005
Pcna-ps2	27.6546289652014	-1.40739002183099	0.457416147882865	-3.07682627372262	0.00209217196200319	0.0137593555104018	2.67940262234787	down	18540
Tesc	405.844796661171	1.40732424759558	0.275011242359391	5.11733351524758	3.09885383292077e-07	6.72676143372566e-06	6.50879890812762	up	57816
Ptgs2	1439.2195955918	-1.40683229659386	0.213994854385982	-6.57414076908766	4.89349195598781e-11	2.27571601161136e-09	10.3103811212458	down	19225
Gm3571	206.010862166457	1.40643540394045	0.390828213334735	3.59860254698622	0.000319931697256747	0.00297215028088398	3.4949427300261	up	100041907
Dock10	150.89584592053	-1.40573189297454	0.313368374253445	-4.48587671402224	7.26147227709855e-06	0.000113312741812398	5.13897531635288	down	210293
Slc14a2	73.4599423075473	-1.40374298652419	0.493211273062711	-2.84612916044543	0.00442542409798369	0.0248401254639452	2.35404510359023	down	27411
H1f2	3861.56216680894	1.40311272177884	0.159969771422952	8.77111162501494	1.7691095507164e-18	2.18671251571446e-16	17.7522452729136	up	50708
Sbk1	1889.28505936706	1.40301760575456	0.499367890638355	2.80958714418152	0.00496050878155621	0.0272317785728957	2.30447377720126	up	104175
Foxs1	221.870885365341	-1.40291126249894	0.336271694422667	-4.17195763356637	3.01993796895093e-05	0.000394237038359158	4.52000197757894	down	14239
Rbm11	43.7325445287283	1.40288624538231	0.450601130698416	3.11336601221546	0.00184966474517928	0.012459708088764	2.73290698106344	up	224344
Scarletltr	51.9946854328376	1.40270356886606	0.361117435240365	3.8843418566384	0.00010260745274469	0.00114804003225776	3.98882109372376	up	76814
Adcy10	22.6713874241618	-1.4016964548069	0.524319483347752	-2.67336328197675	0.00750948791332457	0.0375640790034908	2.12438967737666	down	271639
Stk32b	454.729223172927	1.40146681346021	0.238976617036553	5.86445163898963	4.50619405130098e-09	1.44771501087282e-07	8.34619011008343	up	64293
Camk2n1	70.5053332634156	-1.4013195397815	0.356351164604937	-3.93241184250106	8.40978250670112e-05	0.000966260969519941	4.07521523575511	down	66259
1700034P13Rik	129.308955902446	-1.40068697930653	0.365504982632438	-3.83219667545572	0.000127004140725128	0.00137339424108749	3.89618211947901	down	73331
Mms22l	817.076150268554	-1.39921679285323	0.250464306412868	-5.58649179554847	2.31702489332999e-08	6.43968397868104e-07	7.63506930027227	down	212377
Lrg1	98.4798254878723	1.39815098720735	0.406586296749868	3.43875580260269	0.000584394128473224	0.0048893822968271	3.23329415616089	up	76905
Adrb3	27.4073043150003	-1.39758870430301	0.542234271499643	-2.57746287492624	0.00995285722958058	0.0468328695725706	2.0020522256955	down	11556
Scara5	60.5887949547319	1.39679635341378	0.450404719738298	3.10120274544497	0.00192736275654185	0.0128627775894815	2.71503653737487	up	71145
Gata3	255.903533980867	-1.39439465762703	0.28867913401476	-4.83025786531472	1.36356342480347e-06	2.57008724169419e-05	5.86532465647443	down	14462
Bace2	1394.92405327707	1.39434715870326	0.207407251820554	6.7227502725393	1.78326070130444e-11	8.8168163305547e-10	10.7487851611088	up	56175
Meis3	2999.5406115862	1.39245842314122	0.232185056208307	5.99719226500075	2.0075831939962e-09	6.94375424315181e-08	8.69732644856742	up	17537
Arhgap15	88.2069486934621	-1.39088318711395	0.390203207801953	-3.56450987409588	0.000364536729115456	0.00331321790227955	3.43825870754202	down	76117
Gm16863	58.6703730801659	1.39054071487704	0.347870020014203	3.99729966618069	6.40691728966987e-05	0.000762241400951859	4.19335088251225	up	328646
Eya2	39.1559437553249	-1.39030622168598	0.459663776295579	-3.02461558509229	0.00248949325850725	0.0157208252691699	2.60388904544679	down	14049
Gm19705	35.430469989847	-1.38937773114678	0.527631631018202	-2.63323434280393	0.00845759701319275	0.041191759820579	2.07275301191981	down	100503460
Ccnb2	3644.88992389467	-1.38889231158302	0.143310368464944	-9.69149913198899	3.27683040900461e-22	7.26003416561069e-20	21.4845460347663	down	12442
Cyp2c23	50.0788682413088	1.38861863696065	0.423926488585618	3.27561186750471	0.00105433349273352	0.00792099234703989	2.9770219971448	up	226143
Gulp1	563.494833521382	-1.3885000297695	0.291968774672723	-4.75564563822248	1.97813191899246e-06	3.57632241089591e-05	5.70374474925042	down	70676
Jam2	1105.23789759011	1.38815932940638	0.161256309200741	8.60840320782935	7.40852746321497e-18	8.32484533366524e-16	17.1302681048617	up	67374
A930007A09Rik	328.651683641536	1.38746928054467	0.202487117285794	6.85213607237232	7.27552993361601e-12	3.83107220831776e-10	11.138135368134	up	432999
Bmx	199.492642712985	-1.38692422200668	0.302833635250509	-4.57982225408809	4.65371250255146e-06	7.58448564347128e-05	5.33220045010218	down	12169
Rfc5	2738.23056545423	-1.3868290487467	0.153864377489464	-9.01332115578	1.9990879929601e-19	2.66753304060614e-17	18.6991680893156	down	72151
Myo5b	225.690211903143	-1.38601113261866	0.170362035796823	-8.13568073506497	4.09630022719801e-16	3.8175242395137e-14	15.3876082204314	down	17919
Cep128	433.452652510985	-1.38472406806614	0.213475010295196	-6.48658625733908	8.78030207004684e-11	3.96548834836635e-09	10.0564905427388	down	75216
Trim6	46.8086291209453	-1.38440825047586	0.479912969983124	-2.88470688867721	0.00391778240238558	0.0225412032015096	2.40695968882814	down	94088
Cdh8	118.350732083239	-1.38184403832974	0.327123491351856	-4.22422747024126	2.39761791366261e-05	0.000321944292180482	4.62022002524436	down	12564
Mfsd7a	72.9249771910018	1.38130581960635	0.496463019305731	2.78229347583232	0.00539762064862131	0.0291074904553092	2.26779764145415	up	NA
Dpp6	309.722078158128	-1.38088151821919	0.28904360131957	-4.77741597432033	1.77562208928024e-06	3.24790627892051e-05	5.75064946085728	down	13483
Scml4	78.6338691312373	1.38060246390092	0.4705363262666	2.9341038870582	0.00334512224765569	0.01986853717405	2.47558800629312	up	268297
Myct1	398.936813543098	-1.37990235439102	0.195051536462358	-7.07455259988335	1.49931689262183e-12	8.63025912333915e-11	11.8241065658362	down	68632
Nav3	319.766149011993	-1.37838465561757	0.237038563558025	-5.81502281707913	6.06256160764443e-09	1.89586230832929e-07	8.21734383507437	down	260315
Edaradd	25.4714045362495	-1.37773995736228	0.47529678994463	-2.8986940086904	0.00374720398764554	0.0217775515094916	2.42629266444624	down	171211
Mrm1	3296.30265370911	1.37772149415789	0.150193152493406	9.17299804475694	4.60042803641987e-20	6.71282425424728e-18	19.3372017584908	up	217038
Igsf1	1032.32911576412	1.37763820263084	0.176448739299689	7.80758314340231	5.82950197657327e-15	4.54836723986124e-13	14.2343685461097	up	209268
Susd2	1994.96123887953	1.37731516110873	0.125097328288314	11.0099486532151	3.42198690916917e-28	1.23639019325904e-25	27.4657216561878	up	71733
Slc24a4	51.845410250921	-1.37702194347056	0.4300124331784	-3.20228402070242	0.00136342497386594	0.00976165441595816	2.86536875528928	down	238384
Ankrd45	395.33899513945	1.37674764232325	0.229683893427328	5.99409746055554	2.04618636760036e-09	7.03582530645601e-08	8.68905481308017	up	73844
Sdr42e1	182.283456429288	1.37592078581905	0.306411951347449	4.49042793457771	7.10802216136762e-06	0.000111213791112404	5.14825122682275	up	74032
Kirrel	1453.20336094471	-1.37162426353912	0.213937783552321	-6.41132314621587	1.4426204429732e-10	6.26246600798994e-09	9.84084791783599	down	NA
Masp2	29.6632472203581	-1.36949872631519	0.448476377402468	-3.05366970329005	0.00226060822936398	0.0146618017858639	2.64577469575627	down	17175
Skp2	945.894952823829	-1.3686304033647	0.210565634824891	-6.49978048176223	8.04372986055962e-11	3.66098829021788e-09	10.0945425231124	down	27401
Mastl	786.377031074765	-1.36852062288458	0.256474405073268	-5.33589549605792	9.50741511539087e-08	2.33802768570633e-06	7.02193754339015	down	67121
Egfem1	85.0863998935499	-1.36580026462013	0.440168601156536	-3.1029025265126	0.00191632745742845	0.0128036843066023	2.71753027771935	down	75740
Plk4	1862.57431997547	-1.36543965967189	0.186289271467365	-7.32967416167656	2.30712977618861e-13	1.48854238444477e-11	12.6369279757011	down	20873
Gm18666	70.7379998003134	1.36444100084665	0.302900983640019	4.50457764926976	6.65050775257836e-06	0.000105247422216511	5.17714519594128	up	100417527
Hba-a2	84.7364563189789	1.36381381853548	0.37949069455327	3.59380042280336	0.000325889496687892	0.00301675791474779	3.4869296364787	up	110257
Pimreg	2587.24054827082	-1.36309453820111	0.183524408335871	-7.42732016172196	1.10819900282905e-13	7.52198080388444e-12	12.9553822449594	down	109212
Mrvi1	573.16754018325	-1.36065896537243	0.206425865469047	-6.59151391847481	4.35363999600115e-11	2.0286753036922e-09	10.3611474857713	down	NA
Carns1	5617.46618326028	1.35999908603379	0.18175238332152	7.48270290149621	7.28093568955372e-14	5.0739695747528e-12	13.1378128049318	up	107239
Lpcat2	262.665951279151	-1.35984400680422	0.313432243330091	-4.33855812776767	1.43420553701565e-05	0.000204507085833713	4.84338860515692	down	270084
Gm5463	323.240662065571	-1.35888404719892	0.220164065930211	-6.17214276751989	6.73706224903078e-10	2.58952384481977e-08	9.17152943983959	down	432868
Mcmdc2	30.4308829833228	-1.35615722068465	0.529571219245331	-2.56085899573102	0.010441372464137	0.0485864141708455	1.9812424118294	down	240697
Adgrl4	1391.98843282066	1.35478304126824	0.190748440234159	7.10245934176518	1.22556092533078e-12	7.19206606673474e-11	11.9116650941408	up	170757
6330410L21Rik	112.809090920964	1.3544116564654	0.268354296500211	5.04710255855483	4.48560593380309e-07	9.4394673257496e-06	6.34817888240086	up	319224
Chaer1	71.0878579796724	-1.35183952339734	0.419670196758761	-3.22119496175331	0.00127657275045085	0.00926520421244176	2.8939544301985	down	105246908
Osr1	370.348500689154	-1.3514619063399	0.296811185464237	-4.55327148209087	5.28180405300781e-06	8.54291791906945e-05	5.27721771450281	down	23967
5730522E02Rik	147.110357634761	-1.35078502331601	0.273681019161126	-4.93561821516295	7.98972676164159e-07	1.59015875421316e-05	6.09746807274363	down	70626
Gm20619	51.5365213549915	-1.35068065545877	0.412499404696496	-3.27438207202399	0.00105893327901999	0.0079463111458274	2.97513140293907	down	101056138
Stard13	381.278084867165	-1.35005942291448	0.22332294315938	-6.04532343974607	1.49110562599991e-09	5.2818424776181e-08	8.82649159117872	down	243362
Srgap3	157.510256140701	-1.34777070165274	0.337223934096265	-3.99666383486292	6.42414261722759e-05	0.000763903743623241	4.19218482619957	down	259302
Btc	168.271630261592	1.34679233417081	0.346001489630789	3.89244663544063	9.92383329291131e-05	0.00111246408059199	4.00332053990334	up	12223
Ndc1	3330.0869799765	-1.34586985163724	0.188670709850408	-7.13343291443778	9.78960338314673e-13	5.77660390585932e-11	12.0092349028853	down	72787
Calml4	38.0238464374829	1.34553488827279	0.473867451191211	2.83947522643806	0.00451878037359826	0.0252846932992757	2.34497876618202	up	75600
Lrrtm4	91.4031697265508	-1.34552301078794	0.39578596349627	-3.39962286409032	0.00067478855566581	0.00549303612818424	3.17083229160356	down	243499
Aspm	1002.54388988818	-1.34430989846243	0.247584543405409	-5.42970041656105	5.64487293823019e-08	1.46162999949654e-06	7.24834582926542	down	12316
Bora	1182.57300789449	-1.34312743315932	0.167860616176461	-8.00144467328403	1.22967838971849e-15	1.03508949758203e-13	14.9102084591574	down	77744
Pcsk9	611.838503329865	1.34250583485638	0.287082684675506	4.67637341616001	2.91992699354714e-06	5.06637415535829e-05	5.53462800700911	up	100102
Unc5d	133.368425766799	-1.34212761285459	0.292702185083752	-4.58530096886895	4.53332938522459e-06	7.41401397019494e-05	5.34358272457943	down	210801
Mcpt4	25.8380258283574	1.34179311400889	0.522216423088405	2.5694196020751	0.0101869026614661	0.0476098326377179	1.99195784361981	up	17227
Gm34093	33.7859508290553	-1.34176389223031	0.453545983186036	-2.95838557053199	0.00309255036480127	0.0186801814087855	2.50968321878788	down	102637224
Clec12a	26.942372662791	-1.34111059363015	0.474446357068934	-2.82668540636576	0.00470325083018539	0.0261124930843744	2.32760185917428	down	232413
Anks1b	230.271828109254	-1.34085236173546	0.262898772205149	-5.10026102628256	3.39185384797858e-07	7.31475552064067e-06	6.46956286938228	down	77531
Crym	62.745678807969	-1.33981219987548	0.365636066903146	-3.66433270990848	0.000247984259920302	0.00240161251308383	3.6055758838782	down	12971
Vwa5a	6860.24619007251	1.33919340239497	0.19405580620144	6.90107360665528	5.16109801217433e-12	2.82537032204928e-10	11.2872578933536	up	67776
Th	41.2991940327584	1.33901851780215	0.378787562575525	3.53501183802772	0.000407756890510872	0.0036508465778299	3.3895986912673	up	21823
C5ar1	661.164649086101	-1.33896699178604	0.253794859185381	-5.27578452961496	1.32189335277278e-07	3.13582478685544e-06	6.87880358128804	down	12273
Spink4	252.357850585548	1.33827026974152	0.235636345406136	5.67938815820162	1.35177403791654e-08	3.94365382366085e-07	7.86909589884375	up	20731
Ism1	71.1658044514874	-1.33785976508178	0.274456234294684	-4.87458325922129	1.0903839133259e-06	2.10936294929643e-05	5.96242056436829	down	319909
Fgf11	315.856351317215	-1.33765564781962	0.201807236349864	-6.62838296591403	3.39384041712816e-11	1.63328570074293e-09	10.46930858264	down	14166
Cpa6	78.4703149236483	-1.33734311310057	0.362892398674338	-3.68523319305101	0.000228493336234341	0.00225469159725357	3.64112646114711	down	329093
Cth	291.564843302961	1.33733669465808	0.250281486284172	5.34333048166276	9.12541688899825e-08	2.26206933497826e-06	7.03974728594482	up	107869
Dlgap5	1392.86357300377	-1.33725193636921	0.131452691243261	-10.1728760645497	2.62054470871812e-24	7.32660624812441e-22	23.5816084264655	down	218977
Gm30082	68.6112773808155	1.33657354938427	0.398297047501287	3.35572045479435	0.000791585381591559	0.00623948436654654	3.10150223461817	up	102631855
Coro1a	244.369918497018	-1.33561063827775	0.296537531154981	-4.50401887773089	6.66802793412117e-06	0.000105453626958138	5.17600258946652	down	12721
Zfp185	65.9671018066297	-1.33338092999794	0.499897433071741	-2.66730901538073	0.00764613327407718	0.0381331334352972	2.11655813638606	down	22673
Etv4	196.197469092072	-1.33334541490254	0.339906529805582	-3.92268255530479	8.75684961025595e-05	0.00100087582265333	4.05765210878231	down	18612
Fam155a	60.7843310166415	-1.33267903707874	0.478444089184235	-2.78544362278778	0.00534545345766076	0.0288526716739055	2.27201544746052	down	NA
Klhdc8b	24916.3542049783	1.3326471573691	0.136170476667159	9.78660859524256	1.28534918313509e-22	3.04913389554824e-20	21.8909788741162	up	78267
Pappa	261.137376545165	-1.33219314633541	0.267204272021838	-4.98567308170332	6.17464744389256e-07	1.26426848491558e-05	6.20938783443156	down	18491
Dpyd	162.520109389675	-1.32792040105481	0.270361037286152	-4.91165596338992	9.03104105261303e-07	1.77633165092644e-05	6.04426218353534	down	99586
Angptl6	454.538333934145	1.3272783335994	0.230401651699688	5.76071535862692	8.37581859325628e-09	2.51864404177495e-07	8.07697273734652	up	70726
F2r	8744.86167629319	-1.32545835893971	0.182557544040179	-7.26049622275808	3.85672818110839e-13	2.44138170709786e-11	12.4137809687577	down	14062
Gm20554	34.4996098940187	1.32406312442026	0.51043812974453	2.59397377911979	0.00948737221728521	0.0451857506637483	2.02285406044578	up	328287
P2ry6	86.2057790708784	-1.32399894755298	0.355191785366657	-3.72756072099541	0.000193341988337333	0.00195801491854345	3.71367381941701	down	233571
Uchl1	10314.751515565	1.32307160110105	0.146992288065845	9.00095929188055	2.23753910259352e-19	2.96884778668976e-17	18.6502293663396	up	22223
Rnd3	6707.55631903093	-1.32287540573231	0.199453242698897	-6.63250889196811	3.30028452560866e-11	1.59152324607638e-09	10.4814486169175	down	74194
Fam167b	127.004804901888	-1.32201379833606	0.265189337509922	-4.98516950473772	6.19075153100322e-07	1.26553213576806e-05	6.20825662626971	down	230766
Nfe2	233.386767622893	1.32164102886083	0.223465390139494	5.91429853202693	3.33292909004453e-09	1.09780981317947e-07	8.47717392610244	up	18022
Gm29371	44.9196771924421	1.32123886151616	0.41927647391749	3.15123538693032	0.00162581406266139	0.0112037098772308	2.78892912428781	up	102635830
Gm12602	90.4763615960462	-1.3204742382559	0.376438445085357	-3.50780919296511	0.000451812980512292	0.00395483706572164	3.3450412960277	down	102637941
Dhcr7	6591.54385460727	1.32016866109314	0.327817754221012	4.02714204491527	5.64589271227373e-05	0.000680084025179726	4.2482673789185	up	13360
Gm26608	56.1209601315613	1.31814327344081	0.458960518000597	2.87201888123871	0.00407858597809207	0.0232658711915211	2.38949037817296	up	102638633
Epb41l4b	62.1341025795607	-1.3180999925533	0.351328210542181	-3.75176246313713	0.000175595795446857	0.00180475591075249	3.7554858872687	down	54357
Thsd7a	330.612701795016	-1.3155748845004	0.213391333983096	-6.1650811208885	7.04470160067894e-10	2.69893665729111e-08	9.15213739800149	down	330267
Rab3d	3208.62029718545	1.31551090163946	0.13729737065464	9.58147192016168	9.5671610230214e-22	1.88810736660216e-19	21.0192169164501	up	19340
Ikzf1	37.2448210353499	-1.31415412854822	0.40878279728924	-3.21479802296663	0.00130536334416478	0.00943565962995068	2.88426858686793	down	22778
Dnajc22	36.2128646630159	1.31362367649762	0.46617861043362	2.81785488887134	0.00483456540550516	0.026708202010777	2.31564255994169	up	72778
Slc25a24	4859.09095612909	1.31233584434953	0.152160047369638	8.62470712276731	6.42568856170614e-18	7.2902075300323e-16	17.1920803275256	up	229731
Ly6e	2244.97541093465	-1.30976703524137	0.232673405197103	-5.62920817758193	1.81038788254582e-08	5.14110754795508e-07	7.74222836590325	down	17069
Zwilch	575.634456305041	-1.30954794702808	0.192582112395221	-6.79994590744024	1.04658439708623e-11	5.32013735185501e-10	10.9802257441901	down	68014
Serpina3g	857.683686919814	-1.30954217108864	0.251970966493986	-5.1971946979054	2.02318432874182e-07	4.58191745038588e-06	6.69396454762535	down	20715
Ptpn7	91.0491536707839	-1.3086812647981	0.321114398875609	-4.07543626003841	4.59281616276744e-05	0.000568594030482832	4.33792093779425	down	320139
Clstn3	233.399261816315	1.30772800549291	0.240839271743534	5.42987859091972	5.6392402335238e-08	1.46162999949654e-06	7.24877940392709	up	232370
Plcxd2	108.593548338599	-1.30552564513239	0.472820288613331	-2.76114556962263	0.00575989970640283	0.030583595886247	2.23958507861412	down	433022
Shisa4	1317.62990106138	1.3043231998675	0.311414798161138	4.18837899666088	2.80954043833572e-05	0.000370062014550277	4.55136471262775	up	77552
Cenpl	761.368232153849	-1.30346779058566	0.17716039214142	-7.35755760545591	1.87305586678295e-13	1.21852401749024e-11	12.7274492689282	down	70454
Batf3	38.9380670448322	-1.30307523901961	0.459058562159809	-2.83858171142439	0.00453145156085627	0.0253323351360889	2.34376265805552	down	381319
Psmc3ip	409.575841848914	-1.30174295063768	0.164740405877277	-7.9017830732274	2.74941611543419e-15	2.23425735193674e-13	14.5607595260857	down	19183
AC169509.1	83.6727082466234	-1.30148741512346	0.429699025897106	-3.02883492092232	0.00245498789310394	0.0155573099486093	2.60995064528078	down	NA
Olfr56	53.9094641131412	-1.30148555631085	0.357931640015084	-3.63612883246647	0.000276765951478561	0.0026375862445392	3.55788733905095	down	NA
1700001K23Rik	75.1792576373983	1.30132274660307	0.279030997492727	4.66372108581589	3.1054221464511e-06	5.36256169922089e-05	5.50787935413072	up	69319
Tubb2b	1971.16118474813	1.30124189259497	0.178342964047106	7.29628948104323	2.95812103239793e-13	1.8929556524759e-11	12.5289840606883	up	73710
Ildr2	391.232408653363	-1.29910473710589	0.253408435655891	-5.12652522298026	2.95138532585212e-07	6.47182860668879e-06	6.52997408634323	down	100039795
Dbf4	671.675314905707	-1.29867523841762	0.262918402893095	-4.93946115649302	7.83387463450773e-07	1.56178731571659e-05	6.10602338274694	down	27214
Antxr1	262.911497078942	-1.29726448737151	0.276546406939565	-4.69094681694784	2.71943658025574e-06	4.76256287004519e-05	5.5655210648746	down	69538
Klf3	2593.6611476955	1.29576807845275	0.189307939681681	6.84476351404791	7.66023085491179e-12	4.01563664347329e-10	11.1157581419205	up	16599
Col5a3	76.4668168109863	1.2945190835392	0.346813112318706	3.73261286138914	0.000189503740696824	0.00192412250335708	3.72238221288348	up	53867
Mbnl3	332.546282762774	-1.2943521016626	0.20911017173696	-6.18980937613482	6.02370161642219e-10	2.34823602830065e-08	9.22013654901698	down	171170
Zan	41.4395734050658	-1.29425045252658	0.467916919665772	-2.7659834430673	0.00567514161106228	0.0302287044276543	2.24602329710654	down	22635
Nppb	11843.6426318254	-1.29343376862616	0.159568068444618	-8.10584336348647	5.23808921048981e-16	4.80533301204505e-14	15.2808271093294	down	18158
Arhgap19	936.224580459087	-1.29342585416952	0.203066453132903	-6.36947085160838	1.89681462845208e-10	8.07005281688351e-09	9.72197510968807	down	71085
Ndrg1	861.988630253376	1.29314908511582	0.237042862897436	5.45533862234585	4.88796062362041e-08	1.27832689583213e-06	7.31087230133614	up	17988
Itgb3	1850.73650843117	1.29265000974291	0.196079250260024	6.59248751731103	4.32517561027924e-11	2.01941847330831e-09	10.3639962546669	up	16416
Hirip3	688.461093211712	-1.29158158780153	0.185261712214336	-6.97165956399698	3.13223783964537e-12	1.73491994490735e-10	11.5041452681582	down	233876
Gxylt2	218.242657390404	-1.29124371323517	0.402774679856696	-3.20587111805188	0.00134654284334945	0.00967434972586968	2.87077982395745	down	232313
Meg3	2588.0464337987	1.29118863376788	0.208125496804055	6.20389454245244	5.5082704171144e-10	2.18147943922313e-08	9.25898474710469	up	17263
Lss	5067.09005310701	1.29097449349643	0.319470300346662	4.04098437975477	5.3227304079752e-05	0.000647020308650608	4.27386552993729	up	16987
Ccdc60	78.0003171502046	-1.29042398734017	0.362001765573538	-3.5646897613764	0.000364286817217596	0.00331321790227955	3.43855654468794	down	269693
Cpne5	855.071887477393	1.28855937840497	0.163307208875889	7.89040108685134	3.01216875746636e-15	2.41436120372346e-13	14.5211207003388	up	240058
F3	1045.15478569642	-1.28816064857426	0.180503794602094	-7.13647406368328	9.57553640924897e-13	5.66452071967789e-11	12.0188368880589	down	14066
Palb2	348.702123544466	-1.28779034986062	0.24321263870016	-5.29491541534667	1.19071512427348e-07	2.85929904842155e-06	6.92419212999894	down	233826
Arhgap36	143.72318403409	1.28719676379524	0.276396227819017	4.65707066247696	3.20740381204025e-06	5.51837937917694e-05	5.49384635896754	up	75404
Nrg3	188.248050925381	-1.28650941320042	0.281299097341284	-4.57345731059909	4.79741459850192e-06	7.79165157993206e-05	5.31899274764606	down	18183
Aoah	85.577867040846	-1.28429625215069	0.419915848228859	-3.05846101681481	0.00222477023029569	0.0144653180671357	2.65271483540999	down	27052
Chrng	48.6324042714733	1.28419875859978	0.406342928641615	3.16038170737411	0.0015756257079358	0.0109478017014415	2.80254694184895	up	11449
Mlph	69.8671437115977	1.28402895597664	0.408956845292077	3.13976638552067	0.00169082611192123	0.0115567669494965	2.77190105385477	up	171531
Tns2	3803.57163083535	1.28370368175922	0.161965545628474	7.92578246674672	2.26714171233904e-15	1.85518547436524e-13	14.6445213325584	up	209039
Spns2	85.5261924942015	-1.28257710459524	0.282007889229416	-4.54801852565143	5.4153369595359e-06	8.73483437463603e-05	5.2663745150102	down	216892
Prim2	684.944905309462	-1.28094582862413	0.195724474349504	-6.54463798092392	5.96396783867464e-11	2.75174429648868e-09	10.2244647071915	down	19076
Ube2c	6646.07792925716	-1.28006727025281	0.135816156011551	-9.424999998851	4.30105573092078e-21	7.7107094534866e-19	20.3664249300396	down	68612
Gnao1	1627.21817354696	1.27974691675384	0.158382839315612	8.08008571057166	6.47212678879911e-16	5.86864469633e-14	15.1889529834946	up	14681
Knstrn	2607.6062093522	-1.27890307631883	0.158604867060231	-8.06345416772844	7.41683442001905e-16	6.62297932905503e-14	15.1297814164547	down	51944
Cd52	140.999344653551	-1.27860594465065	0.408182049915651	-3.13244040230302	0.00173359619260584	0.0117881283793546	2.76105205550232	down	23833
Mecom	762.011529216852	-1.2755409224283	0.207311514834428	-6.15277411603027	7.6139213365846e-10	2.90280750957288e-08	9.11839161442259	down	14013
Abca13	66.0680134206068	-1.27455666853508	0.49322740823461	-2.58411565792147	0.0097629049256248	0.0461610272152805	2.01042093997073	down	268379
Mmp2	9016.20248075221	-1.27396952129533	0.198437691181379	-6.41999770160036	1.36276402672218e-10	5.9709912626064e-09	9.86557933915043	down	17390
Arhgap8	85.5690073089092	-1.27243344612029	0.328786213904607	-3.87009367275196	0.000108793543080326	0.00120236063964304	3.96339687934186	down	73167
Smc2	2404.39246597026	-1.2723577979642	0.16482278186703	-7.71955055940428	1.16740607275725e-14	8.75927527754121e-13	13.9327780518532	down	14211
Rnd1	1847.172618255	-1.27222964253544	0.196845503139288	-6.46308715335604	1.02588166100442e-10	4.58911063022645e-09	9.98890273370461	down	223881
Cpxm1	382.410866681419	-1.27203052903509	0.248426911199223	-5.12034112123625	3.04983471117989e-07	6.638124948291e-06	6.51572369703605	down	56264
Tenm3	307.640120199694	-1.27007561650837	0.229707585743271	-5.52909740615988	3.21882592145368e-08	8.6690512345573e-07	7.492302509924	down	23965
Atp8b5	40.7926662111722	-1.26971199237827	0.482184764133961	-2.63324784775971	0.00845726070051819	0.041191759820579	2.07277028179476	down	320571
Ninl	867.835866025288	-1.26869747087545	0.18451614985405	-6.8758071956247	6.16398217892124e-12	3.31261147533102e-10	11.210138625568	down	78177
Slc7a11	1361.15499086754	1.26740174840492	0.189486048879627	6.6886282969046	2.25272102997509e-11	1.09989923885582e-09	10.6472925866356	up	26570
Lbp	305.855783757304	1.26685032889357	0.249489952913223	5.07776090420043	3.81908869756661e-07	8.1611736180484e-06	6.41804025510759	up	16803
Sass6	269.653837527716	-1.26629384863509	0.216954314091781	-5.83668434497872	5.32498407660089e-09	1.69454269700504e-07	8.27368168656616	down	72776
Aldh1b1	8639.18087890595	1.26595301825599	0.186990359538981	6.77015126008182	1.28647823864996e-11	6.42828541163707e-10	10.8905975556753	up	72535
Zgrf1	355.684316852005	-1.2651960989736	0.342603219881887	-3.69289027525714	0.000221719703820548	0.00219986786828288	3.65419571022204	down	71643
Ropn1l	187.307115692097	1.26249913653777	0.265765986436484	4.75041653548654	2.02998069098099e-06	3.65598899752213e-05	5.69250809304259	up	252967
Dnase1l1	1243.6531835279	1.26164295872159	0.150174797607692	8.40116303680612	4.42078115332459e-17	4.63491274043875e-15	16.354500983908	up	69537
Capn1	738.455479337533	1.26130924687988	0.196481804040806	6.41947101940253	1.36748685324466e-10	5.98052676879904e-09	9.864076840198	up	12333
Pdgfrb	1284.62401018279	-1.26076026701487	0.318350188766524	-3.96029376297778	7.4857619106539e-05	0.000870743528834605	4.12576399000994	down	18596
Sntg1	140.538221013513	-1.26049540860051	0.288491784816096	-4.36925928204173	1.24668676854755e-05	0.000181238326964673	4.9042426497928	down	71096
Ddias	1087.28585257371	-1.25733332275841	0.183209219025992	-6.86282780660744	6.7510586699121e-12	3.59520664088176e-10	11.1706281177691	down	74041
Unc13c	668.625205075889	-1.25673472073311	0.188751761787935	-6.6581350490655	2.77323903144095e-11	1.34287667326579e-09	10.5570126960327	down	208898
Edn2	91.9369944482301	1.25640655997325	0.282955261234858	4.4403011079918	8.98330958535784e-06	0.000136640560629617	5.04656363328169	up	13615
Acvrl1	386.29479089316	-1.25633016637541	0.248482654427038	-5.05600750793778	4.28124485719246e-07	9.05811130370854e-06	6.36842993285559	down	11482
Serpinb6a	8699.6097918989	1.25614534837486	0.138385655683726	9.07713550344934	1.11469792600574e-19	1.54903436640502e-17	18.9528428069143	up	20719
Cit	510.853136278647	-1.25591673110862	0.208375826564041	-6.02717096228351	1.66854480073425e-09	5.86613392892871e-08	8.77766212796606	down	12704
Asxl3	52.0015063518597	-1.254734191519	0.335012574912092	-3.74533460974784	0.000180153499363662	0.0018419263964108	3.74435729757378	down	211961
Soat1	4618.78441150793	-1.25431278831537	0.216072859960181	-5.80504552282282	6.43485184394989e-09	1.9858409402781e-07	8.19146144784207	down	20652
St8sia2	299.040863173615	1.25397050415615	0.394541791658049	3.17829576148672	0.00148143548312332	0.0104466879912079	2.82931725740273	up	20450
Gabbr2	76.5857061025471	-1.25367093734237	0.46343104523957	-2.70519411726999	0.00682644852783431	0.0348243162908423	2.16580518005329	down	242425
Capn5	615.624813326937	1.25310229643174	0.249262109292372	5.02724742235858	4.97570198542281e-07	1.03778295850493e-05	6.30314563916174	up	12337
Prag1	1073.80619500599	-1.25159691089794	0.144131205078222	-8.68373306265412	3.82986999331193e-18	4.44881276810265e-16	17.4168159681059	down	244418
Mtmr11	493.476743927967	1.25136722108673	0.235517978532203	5.31325561167565	1.07683821247761e-07	2.61796536439304e-06	6.96784954155461	up	194126
Rad18	968.026369591496	-1.25126571887798	0.22346059656865	-5.59949153493633	2.14981430417802e-08	6.01052249209773e-07	7.6675990517838	down	58186
Gm49503	26.5182217977167	-1.24955956324667	0.490058371237768	-2.54981781066323	0.0107779226285848	0.049777681992589	1.96746493839626	down	NA
Kcne1l	302.264280529139	-1.24926829545511	0.384823762637502	-3.24633875749482	0.00116899647294445	0.00862515933619238	2.93218679917441	down	NA
Svep1	161.700132280607	-1.24915515154576	0.455142389079605	-2.74453705371591	0.00605963132098105	0.0318012159940201	2.21755379829812	down	64817
Fbxo32	5819.48605258488	1.24716857041366	0.163353672230409	7.63477522962896	2.26214737183868e-14	1.65503211924085e-12	13.6454791055593	up	67731
6330403K07Rik	677.769294689897	1.2466127758268	0.168406270385969	7.4024130631817	1.33731745665502e-13	8.99911188239056e-12	12.8737654862995	up	103712
Hpcal4	324.230282769143	1.24646879996164	0.243286366377748	5.12346342509905	2.9997385567519e-07	6.56559739098959e-06	6.52291659471627	up	170638
Igfbp2	58.6390015894175	-1.24643850029014	0.486652320968885	-2.56125049975839	0.0104296124661089	0.0485578061542754	1.98173182838624	down	16008
Gas2l3	1465.92992091206	-1.24559043313161	0.260178811482946	-4.78743993806451	1.689222683797e-06	3.11148193952726e-05	5.77231309526648	down	237436
Nmral1	595.276191877334	-1.24537108382315	0.174049487038283	-7.15527006149249	8.35083556274874e-13	4.99031483946957e-11	12.0782700679732	down	67824
Grap	246.940045070155	-1.24507401999199	0.267779949913618	-4.64961630022575	3.32553120514317e-06	5.68000729838453e-05	5.47813897260568	down	71520
Abca8b	190.303341203353	1.24333528634275	0.254312785747041	4.88900030209048	1.0134934023426e-06	1.98019072828752e-05	5.99417907413972	up	27404
Cyp51	37052.0268695638	1.24314115151937	0.47579558069046	2.61276313183775	0.00898135250897564	0.043213903641322	2.04665825765841	up	13121
Serpinb9b	1588.68998992899	1.24209685415007	0.152274320527139	8.15696861985797	3.43537597184624e-16	3.24015279914895e-14	15.4640257262717	up	20706
Cbx7	45.6681157256674	-1.2416326182102	0.426929457444429	-2.9082851898825	0.00363416751542172	0.0212402742952012	2.43959505794528	down	52609
Ddx11	818.383940511889	-1.24037800501228	0.189340511173206	-6.55104392254226	5.71362492313123e-11	2.64142679763261e-09	10.2430882727319	down	320209
Pkmyt1	841.529430531773	-1.2401624199215	0.269933674756232	-4.59432273887815	4.34157000163892e-06	7.16023676183217e-05	5.36235319220426	down	268930
Prkg2	244.326810190197	-1.23926471855644	0.328733730941158	-3.76981307944411	0.000163369856325715	0.0017052182559153	3.78682807288974	down	19092
C1qb	198.17739426099	-1.23882548522647	0.25238920661959	-4.90839327805992	9.18255750823447e-07	1.8046222851957e-05	6.03703634308823	down	12260
Slc7a8	553.952653139345	1.23779821651515	0.317079803585384	3.9037434819838	9.47161696403584e-05	0.00106994191630775	4.02357587330794	up	50934
Cntn2	786.438854407919	1.23581024842433	0.168727381352802	7.32430171390085	2.40145849818786e-13	1.54515761177923e-11	12.6195249144024	up	21367
4930447C04Rik	34.9871848509789	-1.23567951021245	0.453445092353521	-2.72509181607611	0.00642836077691917	0.0333267224825489	2.19189975744877	down	75801
Sytl2	731.235891676203	-1.23460363137763	0.187148031092912	-6.59693625504772	4.19741124394481e-11	1.97152406128088e-09	10.3770184784353	down	83671
Mcm6	7880.42050986825	-1.23014870330904	0.134053750790121	-9.1765332641457	4.45193073699538e-20	6.57569769549286e-18	19.3514516010253	down	17219
Qrfpr	28.6810445062747	-1.22914211965735	0.459825930459043	-2.67305960416435	0.00751628943438853	0.0375814471719427	2.1239965046043	down	229214
Mgarp	1424.87636933179	-1.2286998533885	0.345380255455047	-3.55752777983691	0.000374361521425413	0.00339362067481338	3.42670879639601	down	67749
Pcdh9	990.842288556147	-1.22737475633682	0.279852966799375	-4.38578432944295	1.15568586511507e-05	0.000169951675280071	4.9371601984302	down	211712
Fhl1	21981.3484691259	-1.22682315235716	0.185908845251234	-6.59905746119423	4.13779928314432e-11	1.95132964186033e-09	10.3832305799673	down	14199
Tubb6	18493.695491157	-1.22674963753341	0.180993974553198	-6.77784793975468	1.21979129433507e-11	6.14738166254487e-10	10.9137144705321	down	67951
Tm6sf2	58.4506421124974	1.22672557245032	0.360543494304626	3.40243435765299	0.000667883972212028	0.00545194824031959	3.17529897854963	up	107770
Axin2	30.2415826988746	1.22563790070224	0.461980150975696	2.65300987090833	0.00797775378302376	0.0393691001458947	2.09811937142606	up	12006
Ccl4	344.886165259621	-1.2252700944721	0.242650249351587	-5.04953156959981	4.42894743919603e-07	9.32859467349945e-06	6.35369947370092	down	20303
Adora2a	157.755099614755	-1.22323695463655	0.249646316012283	-4.89987985473163	9.58952784909794e-07	1.87988365222091e-05	6.01820277526722	down	11540
Tcf7	44.9003838256664	-1.22321768890481	0.380568917768837	-3.21418179938648	0.00130816818264067	0.00945011681615385	2.88333641801679	down	21414
Adcy3	71.2485771954231	-1.22318920153058	0.35430570752184	-3.45235534049414	0.000555715364447677	0.00469797528223675	3.25514759565191	down	104111
Ccdc88c	554.624881942227	1.22141142128546	0.153041520023859	7.98091538227696	1.45252020855324e-15	1.2053864698895e-13	14.8378778166642	up	68339
Arhgap27	142.843196070059	1.22067881876909	0.281364967756014	4.33841792211886	1.43512061127568e-05	0.00020451339536292	4.84311159815625	up	544817
Slc41a3	2902.37488250831	1.22053653621883	0.143556548041706	8.50213071342618	1.86142041159234e-17	1.99613965142676e-15	16.7301555280973	up	71699
Myh7	37726.570441095	1.22003680347646	0.208272724048674	5.8578808581355	4.68810772697466e-09	1.50204924922237e-07	8.32900241731993	up	140781
Art1	886.48740698169	1.21840243937196	0.265988872919275	4.58065191223894	4.63528779842203e-06	7.56495718873811e-05	5.3339232959561	up	11870
Mis18a	453.359494939494	-1.21818318182366	0.210268258589804	-5.7934715871696	6.89461540437272e-09	2.10559223370212e-07	8.16148995463928	down	66578
Dut	1604.7635888067	-1.21646662759787	0.119959860482294	-10.1406138912392	3.64799792530983e-24	9.84749784780476e-22	23.4379454173356	down	110074
Pdgfra	1288.72847654412	-1.21484418673109	0.330422618854853	-3.67663748608185	0.00023632850928124	0.00231353690724049	3.62648388447561	down	18595
Sac3d1	734.623386631639	1.21483335614733	0.331833269979006	3.66097515244385	0.000251257127749879	0.00243130352089242	3.59988160917929	up	66406
Myog	38.3375234447363	1.21462813405072	0.443819916655677	2.73675896116453	0.00620477377822255	0.0323416173409575	2.20727404795423	up	17928
H2-M2	101.951871677395	1.21433090868225	0.280386393601809	4.33091953244628	1.48487942395883e-05	0.000210582084973871	4.8283088107477	up	14990
Cdc14b	2625.74484499896	1.21386139876015	0.139477541819929	8.70291649050778	3.2346194159246e-18	3.8366180294439e-16	17.4901768109109	up	218294
C1qc	83.1550498312071	-1.21337514411143	0.371791104537342	-3.26359380120553	0.00110008761709205	0.00820176434520851	2.95857272383792	down	12262
Clec4e	231.770154226656	1.21252006643079	0.280372178215267	4.32468040926594	1.52753151205415e-05	0.00021610890096742	4.81600982175967	up	56619
Kcnt2	65.9323321863751	-1.21230622894851	0.363118996565934	-3.33859214310862	0.000842040982185458	0.00655680784702437	3.0746667708473	down	240776
Arr3	109.663277798237	1.21185615387183	0.27308049098423	4.43772511725056	9.09146182750089e-06	0.000137928282311924	5.04136628041124	up	170735
Ctps	11580.5319972014	-1.21090625070516	0.190119918848659	-6.36917087929683	1.90052774097065e-10	8.07122857083104e-09	9.72112578685407	down	NA
Cip2a	1382.40390948352	-1.21065871682118	0.25720898738259	-4.70690674202748	2.51503892680125e-06	4.44437089510364e-05	5.59945528871376	down	224171
Colec12	2777.10689114771	-1.210056803191	0.173442632059315	-6.97669764822977	3.02199093612189e-12	1.67781222540952e-10	11.5197068425775	down	140792
Prkar2b	198.706866189722	-1.20952612781033	0.333962484738184	-3.62174251026596	0.000292625309214969	0.00275774694498938	3.53368811437936	down	19088
Mblac2	686.361020785207	1.20943270240094	0.190760110574401	6.34007130085633	2.29658852582984e-10	9.66583898371214e-09	9.63891680931925	up	72852
Hpse2	103.723539723555	-1.2092973812542	0.369425766996243	-3.27345163572875	0.00106242570572548	0.00796395394157767	2.97370142995679	down	545291
Gm12715	1212.91106131052	-1.20696090000855	0.203862411984798	-5.92046806597457	3.21026628393596e-09	1.06187469969346e-07	8.49345894240896	down	100039940
Nlrc4	39.0049639516394	-1.2068050090939	0.425300755675687	-2.83753318795923	0.00454636200857603	0.025393875445796	2.34233598610611	down	268973
Dcc	445.538710027607	-1.20668148290795	0.218553064677378	-5.52122883606883	3.36637017593122e-08	9.03533755219939e-07	7.47283812944016	down	13176
Wdr76	199.398780779412	-1.20588303824533	0.283289892573748	-4.25671042228025	2.07456778776224e-05	0.000283098341055178	4.68307236976724	down	241627
Pacsin3	7964.80929035649	1.20511420212999	0.136708636224005	8.81520169768456	1.19469785124681e-18	1.50039994847761e-16	17.9227419174174	up	80708
Bnc1	268.201112277006	-1.20489660024557	0.233616787724052	-5.15757712441795	2.50165818339883e-07	5.55306639292265e-06	6.60177203085563	down	12173
Plcd1	1925.33193779037	1.20394320509353	0.135889814937555	8.85970155781559	8.0228927490986e-19	1.02960456946765e-16	18.0956690134545	up	18799
Paxx	1829.26961348864	1.20368867345176	0.173518040637853	6.93696556869244	4.00611415895585e-12	2.20853500054174e-10	11.3972766791318	up	227622
Parpbp	464.260123690071	-1.20291390903232	0.166280536529057	-7.23424361108023	4.68130812260731e-13	2.90090757677475e-11	12.3296327727704	down	75317
Tipin	2603.86190698586	-1.20286677063662	0.14899477147059	-8.07321464212624	6.84710843007603e-16	6.16108588047263e-14	15.1644927946373	down	66131
Gpr39	547.312336653933	-1.20113937684047	0.293622240418233	-4.09076429336408	4.299539329927e-05	0.000536243659922122	4.36657807399908	down	71111
Slc2a5	27.6485543991261	-1.19687324385399	0.424311354440295	-2.82074290807695	0.00479125841468489	0.0265258613552274	2.31955040500386	down	56485
Tmpo	1846.53528356532	-1.19671172985895	0.146822337012292	-8.15074704715234	3.61682951976434e-16	3.38411319807433e-14	15.4416719613436	down	21917
Esrp2	135.24388935853	-1.19660542806681	0.273187458379562	-4.38016238067661	1.18590903176303e-05	0.000174069210068468	4.925948623382	down	77411
Mcm8	638.24760236427	-1.19628261772666	0.170019662078926	-7.03614277959996	1.97634425138136e-12	1.11842035526967e-10	11.7041374051666	down	66634
Stoml1	2414.31835425514	1.19620099584219	0.148121702092089	8.0757983397902	6.70365907721228e-16	6.05520897801271e-14	15.1736880803936	up	69106
Tnxb	72.19036396599	1.19583421455111	0.346614639012674	3.45003955389022	0.000560504423107526	0.00473164858974847	3.25142095590824	up	81877
Ksr2	75.7574597787087	-1.19398707442443	0.321138560220307	-3.7179810285172	0.000200821347341509	0.00202242253101001	3.69719012349989	down	333050
A930029G22Rik	76.9653387300723	-1.19374046470626	0.274689542114723	-4.3457805328741	1.38781276433216e-05	0.000198373601767139	4.85766912242757	down	654806
Kif14	113.527619569227	-1.19348068968828	0.324509130198942	-3.67780311437344	0.000235251432901379	0.00230683920738576	3.62846772263283	down	381293
Tmem151a	1087.51836022392	1.19260568157696	0.203549471848813	5.85904581694405	4.65534256687407e-09	1.49358907353876e-07	8.33204835562161	up	381199
Gm4681	106.368311263399	-1.19201356904493	0.369758590037636	-3.22376166818356	0.00126518649700749	0.00920474128941165	2.89784545183886	down	100043831
Fasn	37736.3571084949	1.19116065753781	0.23025737071113	5.17317058671787	2.30154709011757e-07	5.12825743941281e-06	6.63798013492643	up	14104
Actn4	60597.4640869388	-1.19022305575731	0.143867517171702	-8.27304925500875	1.30575723774073e-16	1.29391176068949e-14	15.8841375582138	down	60595
Ulbp1	752.913999210741	-1.18985817058004	0.250029973467813	-4.75886212391734	1.94687359682707e-06	3.52855118272927e-05	5.71066224467029	down	77777
Gm13375	51.4942925519887	1.18969858548511	0.335390665825302	3.54720243199852	0.000389345303859036	0.00351278311991144	3.40966505923779	up	433408
Pik3ap1	349.112799398518	-1.18956820865476	0.256104645158255	-4.64485213815504	3.40320107530515e-06	5.8000128631017e-05	5.46811239021785	down	83490
Ankrd1	200725.659742716	-1.18948615524976	0.107037200290659	-11.1128294837656	1.08660881405671e-28	4.32525559290199e-26	27.9639267764966	down	107765
Morrbid	777.318141758882	-1.18936739959961	0.24792049271342	-4.79737429763194	1.60759030718479e-06	2.97277624915235e-05	5.79382462101002	down	100043424
Gm35330	440.829197814539	-1.18924618335933	0.183776062422803	-6.47117022576803	9.72468027843965e-11	4.36680910782323e-09	10.0121246682122	down	102638869
C3	966.149176317051	-1.18917881116716	0.290229066883682	-4.09738012782765	4.17852425058208e-05	0.000523932952615698	4.37897707300778	down	12266
Ednrb	3500.26184227925	1.18882828292081	0.257988165600023	4.60807293294194	4.06418116126919e-06	6.76451414404019e-05	5.39102694157404	up	13618
Cpa2	86.0635024883979	-1.18869532933425	0.294784861665416	-4.03241646337806	5.5206241679742e-05	0.000666933428934538	4.25801181767252	down	232680
9330175M20Rik	206.939993899019	-1.18846462305967	0.225852094801491	-5.26213681615064	1.4239074174174e-07	3.35410889649425e-06	6.84651824764571	down	442821
Lin7a	57.2698932928312	-1.18788108398581	0.452191172582657	-2.62694443414567	0.00861554015937904	0.0417963149438167	2.06471748886208	down	108030
Gm41556	174.748337487184	1.18737796417464	0.309365177949712	3.83811123166437	0.000123984320051321	0.00134617279537923	3.90663323536819	up	105246248
Cnp	3485.51193077498	1.18691278884395	0.127604083740422	9.30152667573262	1.38443323712893e-20	2.27366535482328e-18	19.8587279828188	up	12799
4930430E12Rik	70.8399989743191	-1.18639063337547	0.373823994863659	-3.17366100003337	0.00150529390928705	0.0105843794789241	2.82237869560532	down	71639
4933427D06Rik	53.9509597059156	-1.18539525847378	0.361395744460495	-3.2800476393085	0.00103789559354201	0.00782001219580815	2.98384633187209	down	232217
AU020206	755.434866406318	-1.1852991103449	0.173746714025261	-6.82199440141684	8.9785166563242e-12	4.65775052688749e-10	11.0467954073399	down	108167440
Tex14	109.591646586081	-1.18515233005505	0.288046320043594	-4.11445051572151	3.8810280078665e-05	0.000490823601317957	4.41105322311467	down	83560
Gm9922	120.129139811921	-1.18513202013944	0.221395041416479	-5.35301970882908	8.64984236107202e-08	2.15420517338045e-06	7.06299180725662	down	102633345
Trp53cor1	235.208182141351	1.18490983344164	0.198760086637069	5.96150793396087	2.49920780571736e-09	8.46953756381993e-08	8.60219763137887	up	100504267
Nova1	82.1721488752001	-1.18434943885996	0.334505609703676	-3.54059664323455	0.000399223395375189	0.00358815038384127	3.39878401602037	down	664883
Txnrd3	1020.49263757286	1.18392357596823	0.332211565801665	3.56376387171015	0.000365574839261215	0.00332128630562849	3.43702370228733	up	232223
Gm6185	48.1531172883565	-1.18375699748505	0.435123736696328	-2.72050659996789	0.00651819706741526	0.0336365322189074	2.1858725134632	down	620839
Gm5345	81.0270666243667	-1.18231324411723	0.357842322049453	-3.30400618167752	0.000953137305332196	0.00726363719776199	3.02084453204499	down	384808
Card11	157.052574567147	1.18154148276111	0.300038209627876	3.93797004796997	8.21738488637062e-05	0.000945542793025057	4.08526637103876	up	108723
Adcy8	42.2704817804346	-1.17932908357801	0.453736495501086	-2.59914971634718	0.00934550034950763	0.0446837582310792	2.0293974419349	down	11514
Cenpa	5426.32130501439	-1.17788567716736	0.142149708655264	-8.28623349502546	1.16891196763164e-16	1.16321599829785e-14	15.9322181949215	down	12615
Gm17494	48.2279863910529	-1.17769998978364	0.424173829230327	-2.77645603907389	0.00549550661987345	0.0294618879932785	2.2599922646466	down	100503394
Hif3a	6511.54175974118	1.17715715617991	0.172816282645108	6.81161021497777	9.65123134727275e-12	4.97059579365571e-10	11.0154172738883	up	53417
D430020J02Rik	187.329663588895	-1.17714300876265	0.324291417847811	-3.62989257185672	0.000283539201637415	0.00269155947876099	3.5473868878193	down	319545
Igfbp6	784.324901457257	1.17712040858075	0.335533717513814	3.5082030423136	0.000451144585716472	0.00395045883503033	3.34568425032684	up	16012
Ttll13	40.9832877620727	1.17578807595039	0.385664362342393	3.04873405675614	0.00229807819062318	0.0147935305391228	2.63863519880766	up	269954
Enc1	589.612121517166	-1.1755512640555	0.254143182665653	-4.62554710980401	3.73610871819747e-06	6.28078119161543e-05	5.42758049458695	down	13803
Snap25	150.38706844461	1.17527163287555	0.240653266971543	4.88367204678142	1.04128210369231e-06	2.02270555874392e-05	5.98243159567736	up	20614
Zbtb46	745.306725726959	1.17398581480419	0.190358552263512	6.16723441549951	6.94946970112843e-10	2.66680222109479e-08	9.15804833420996	up	72147
Agt	608.288207947281	1.17381210055382	0.183809835533933	6.38601355114713	1.70265919764988e-10	7.29688891547582e-09	9.76887227123394	up	11606
Pla2g5	611.353398920522	-1.17375946604792	0.189403730155934	-6.19712961873335	5.75021457217427e-10	2.2544872992907e-08	9.24031594908905	down	18784
Thbd	863.74342714349	1.17319179177183	0.280643744972166	4.18035966519826	2.91048384800196e-05	0.000381219816900871	4.53603480652962	up	21824
4930467D21Rik	71.0913097656343	-1.17283856143168	0.317309761390445	-3.69619439468968	0.00021885542055191	0.00217556437501623	3.6598426924293	down	75814
Sqle	29646.4141304101	1.17216945572377	0.257585137838868	4.55060981218964	5.34906615160835e-06	8.64575489129539e-05	5.27172203117568	up	20775
Nr1h4	181.095945663725	-1.17129444773479	0.328304364876602	-3.56770903175485	0.000360116072893964	0.00328439843569505	3.44355749453158	down	20186
Gm33474	82.7158482151735	1.17039757670928	0.310886150636977	3.76471442780981	0.000166739531123368	0.00172886440990388	3.77796142408656	up	102636399
Gm45605	91.0422700379098	1.17028278713275	0.307108455878515	3.81064983634213	0.000138601974444149	0.0014789313625959	3.85823058297031	up	NA
Map1b	17132.8895787382	1.17001740694277	0.121979106390148	9.59194932286591	8.64362759130374e-22	1.72030164391329e-19	21.0633039528631	up	17755
Rorc	417.278544282834	1.16983785765644	0.19608573159538	5.96595095491385	2.43213336809257e-09	8.29008013783075e-08	8.61401261384068	up	19885
Sema4b	936.059008307685	1.16692994946986	0.266664944004918	4.37601557949193	1.20868378956627e-05	0.000176639320460261	4.91768730245482	up	20352
Mdm1	507.446037858078	-1.16572735045581	0.190213324839291	-6.12852622938332	8.86968084776683e-10	3.31694991576121e-08	9.05209200683653	down	17245
Irgm1	1982.50308637792	-1.16358782621926	0.216209050828805	-5.38177204774187	7.37561290533481e-08	1.86655462372616e-06	7.13220188445558	down	15944
Cenpf	2465.42980685745	-1.16281653585233	0.18071769076307	-6.43443666717077	1.23932098684491e-10	5.46488364214713e-09	9.90681619583448	down	108000
Gm41555	150.219236631906	1.16222379753509	0.25710538305084	4.52041798481234	6.17176522946818e-06	9.84673277269431e-05	5.20959060261629	up	105246243
Sting1	631.246724161137	-1.16192527694455	0.272110203917212	-4.27005404508116	1.95425606313229e-05	0.000267769566176556	4.70901853195838	down	72512
Aacs	14531.9601772329	1.16191457066483	0.237648925814179	4.88920607019004	1.01243469488042e-06	1.97976925972245e-05	5.9946329805259	up	78894
2010300C02Rik	48.6016110401208	-1.16171272494846	0.450556401612391	-2.57839578084138	0.00992602366813382	0.0467346964406822	2.00322469358282	down	NA
Plcg2	4329.76459704614	1.16146208448637	0.155912912065365	7.44942846041793	9.37454570667735e-14	6.43746216144203e-12	13.0280497691324	up	234779
Racgap1	5827.08438657764	-1.16105629632652	0.140482525148817	-8.26477382220016	1.39959849334191e-16	1.38107439563592e-14	15.8539965337039	down	26934
Mdk	1559.60043359058	-1.16044441358054	0.234668303361061	-4.94504113661689	7.6127786987158e-07	1.52678144952469e-05	6.1184567948387	down	17242
Gm9207	30.8142593010643	-1.15917912738623	0.453602859046215	-2.55549343278748	0.0106037362005483	0.0492022436230646	1.97454108517049	down	668500
Gm8091	56.2930399279266	-1.15826696270144	0.387715912283808	-2.98741146804826	0.00281350769822815	0.0173243912671443	2.55075189220594	down	666417
Dlg2	385.211015073051	-1.15754420639227	0.247433245067253	-4.67820808023452	2.89392796533617e-06	5.03063643715173e-05	5.53851228339195	down	23859
Nkd1	126.040494290365	-1.15702199942673	0.321247518918592	-3.60165271726172	0.000316200584571328	0.00294306515688748	3.50003733150733	down	93960
Riiad1	132.220096117248	1.15622084625317	0.286175288257995	4.0402539761253	5.33933492555819e-05	0.000648702952543891	4.27251283588313	up	66353
Piezo2	179.748123078127	-1.15551462481556	0.283990014154686	-4.06885653446309	4.72444249856274e-05	0.000582739139069044	4.32564943246325	down	667742
Rxrg	151.765780664558	1.15532270416432	0.320851111221675	3.60080630472278	0.000317231852335776	0.00294940223757153	3.49862321290816	up	20183
Gabrg3	168.82796401378	-1.15524042090801	0.268021409428588	-4.31025425681829	1.6306694906614e-05	0.000229456398970539	4.78763405424323	down	14407
Syndig1	521.803473633468	-1.15468251353394	0.219609860407246	-5.25788100494526	1.45724758638253e-07	3.42234595661938e-06	6.8364666553234	down	433485
Gcgr	94.1755015657951	1.15439108634514	0.388924408188338	2.968163123838	0.00299585293996548	0.0182132038040615	2.52347950903967	up	14527
Cercam	4345.91797514865	1.15415047555053	0.159827043726323	7.22124647144708	5.15131888812887e-13	3.1669823059609e-11	12.2880815646471	up	99151
Gmnn	2133.98230140908	-1.15293676804447	0.123507238302539	-9.33497326869441	1.01016738077475e-20	1.67068879841515e-18	19.9956066593618	down	57441
Gm28403	57.0576647216701	-1.15265598006202	0.376207530942803	-3.06388332305145	0.00218484103037329	0.0142500838956017	2.66058015692847	down	105246674
Itgbl1	324.772510033672	1.15260839645136	0.177726407387357	6.48529621115465	8.85576252099918e-11	3.98424488133459e-09	10.0527740381549	up	223272
4930579G24Rik	1354.23559059336	-1.15207613171118	0.157112904812043	-7.33279123754625	2.25407923303971e-13	1.45832095834539e-11	12.6470308221554	down	75939
Gm8075	36.0921353076821	-1.15034611146901	0.404344899480531	-2.84496258750111	0.00444166396281475	0.0249015669513558	2.35245430139666	down	666385
Sync	584.208304381782	1.15014719181451	0.238184593378064	4.82880599245524	1.37354145993418e-06	2.58474528738415e-05	5.86215822699778	up	68828
Slc22a4	172.377944331222	1.14937458865406	0.24114174851388	4.76638572846667	1.87560025544007e-06	3.40932445812771e-05	5.72685971678614	up	30805
Rsph1	203.92702749728	1.14908272048881	0.270063604272036	4.25485960459647	2.09180225085007e-05	0.000284953456271542	4.67947937402269	up	22092
Defb19	53.699622532155	1.14805098952385	0.428593043992925	2.6786505418478	0.00739194955487199	0.037101931031453	2.13124100554816	up	246700
Npl	289.830395392999	-1.1479213167142	0.222220001165719	-5.16569755509157	2.39543865988335e-07	5.32735576963641e-06	6.6206149456638	down	74091
Madd	437.110176949408	1.14789582288523	0.289486525197624	3.96528239821039	7.33091034067401e-05	0.000854848209288625	4.13484209201876	up	228355
2010204K13Rik	214.99226799124	-1.14560403427672	0.2704356070967	-4.23614348190135	2.27391504188027e-05	0.000306560819509518	4.64322576547584	down	68355
Cks2	2625.86191663922	-1.14539151429615	0.168394721859099	-6.80182550647008	1.03301676986103e-11	5.2739997478666e-10	10.9858926281425	down	66197
B430212C06Rik	245.965728304958	1.14458626340638	0.226917306877023	5.04406772299078	4.55737878022729e-07	9.58191948555397e-06	6.34128487413289	up	338360
3300005D01Rik	315.764776618733	-1.14407152790239	0.276405648542083	-4.13910328510601	3.48665962440855e-05	0.000447454651799097	4.45759044736343	down	78512
1700030J22Rik	95.0856035213288	1.1436733383782	0.351565539685945	3.25308714670913	0.00114158480462574	0.0084601196392034	2.94249182064946	up	69528
Nsdhl	12157.2848413818	1.14330878796379	0.313227183943107	3.65009439337631	0.000262143956415662	0.00252417007643371	3.5814601502546	up	18194
Hecw1	83.1620698192148	-1.13993761589102	0.338646389285068	-3.36615907317836	0.000762227388167018	0.00605783763489083	3.11791545032099	down	94253
Map7d2	32.1383240987551	-1.13976314807484	0.41644328056703	-2.73689887977765	0.00620213542933163	0.0323395094489017	2.20745875477569	down	78283
Zswim5	242.861787405235	-1.1394228481746	0.23639360164902	-4.82002406252235	1.43540907108192e-06	2.68610215413218e-05	5.84302431356673	down	74464
Scn2a	75.8136328746069	1.1392845606065	0.290292395556286	3.92461042054958	8.68702065465758e-05	0.000994223587108349	4.06112914588736	up	110876
Tmem254c	26.7036008489573	1.13869649426876	0.420651560421055	2.70698269401157	0.00678977967395125	0.0346905663299634	2.16814431819957	up	NA
Ddah1	2152.33962845935	-1.13832547401533	0.195996069434305	-5.80789950176464	6.32614679845241e-09	1.95743817604288e-07	8.19886073448509	down	69219
Cdc25c	976.216856123769	-1.13788797134714	0.186208038223591	-6.11084237932205	9.91066128653268e-10	3.65962075965755e-08	9.00389736635121	down	12532
5430405H02Rik	289.662195390808	1.13787744775622	0.252722549101494	4.50247693291208	6.71660467122458e-06	0.000105934184866756	5.17285021283846	up	74487
CT030740.1	49.9099814456569	-1.1367616672253	0.417541402166186	-2.72251245344253	0.00647875915523558	0.0335066414359629	2.18850816444367	down	NA
Pgf	423.377387391722	-1.13674812516179	0.215110753407298	-5.28447837756133	1.26063436926548e-07	3.00297256146345e-06	6.89941085667505	down	18654
Slitrk4	2237.8680180529	-1.13557728128595	0.26909534971314	-4.21998106803591	2.44322835235683e-05	0.000327133511146524	4.61203594050349	down	245446
Atp2b4	604.488014711453	1.13528693015142	0.225905428008524	5.02549646619641	5.02131814151021e-07	1.04636784874328e-05	6.29918226165189	up	381290
Ssh3	97.0927687648829	1.13346476658867	0.365623675963051	3.10008580161864	0.00193464590426028	0.0129040497192708	2.71339851172942	up	245857
Pfkfb4	686.968156791521	1.13316149545052	0.157762143732967	7.18272120698704	6.83373645945692e-13	4.12063926656622e-11	12.1653417736219	up	270198
Trib3	2659.5158886875	1.13308267185798	0.140653148750192	8.05586424425094	7.89191854759647e-16	6.91573533919041e-14	15.1028174057452	up	228775
Haus4	968.169419969045	-1.1327701480773	0.180432604484278	-6.27807901634542	3.42781709855465e-10	1.39518690744464e-08	9.46498235921313	down	219072
Klf6	11454.9259757096	1.13267255088038	0.151216901986012	7.49038325745592	6.86727853605082e-14	4.79994156009386e-12	13.1632153373128	up	23849
Rab3c	43.199902206312	-1.13249673318077	0.366514895447227	-3.08990643285828	0.00200219559485803	0.013264192819532	2.69849349847597	down	67295
Cspg5	35.8130707141114	-1.13199009306334	0.362553052814091	-3.12227433827126	0.00179459624924903	0.0121353564392783	2.7460332442704	down	29873
Ryr3	411.753954264456	-1.13075826203407	0.211816222364246	-5.33839310989873	9.37739649262798e-08	2.30847124349442e-06	7.02791772087797	down	20192
Tmc6	3740.57760735723	1.13010696192076	0.142254663990521	7.94425244290105	1.9536536925923e-15	1.60987919194843e-13	14.709152417447	up	217353
Rbl1	807.981706625783	-1.12918611083531	0.225966997274339	-4.99712844997628	5.81903101181411e-07	1.19877143256539e-05	6.23514932828109	down	19650
Cd109	1792.80212325389	1.12733535175711	0.193516342057737	5.82553049406426	5.69314623578976e-09	1.79950927789398e-07	8.24464766063235	up	235505
9330188P03Rik	275.26066977977	1.12662014550945	0.194100410413432	5.80431614291675	6.46292334526765e-09	1.99188654545421e-07	8.18957099507914	up	380930
Tnfaip8l1	228.032106700219	-1.12598393659501	0.182084013581141	-6.18387037087822	6.25487365866571e-10	2.42129415141102e-08	9.20378145813658	down	66443
Fxyd2	167.039062940302	1.12583536773095	0.310355155596718	3.62757101800455	0.000286100094992331	0.00270929868181245	3.54348199799817	up	11936
Peli2	78.0466006455333	-1.1247047576571	0.329404181963664	-3.41436089533667	0.000639318302557571	0.00526635928992093	3.19428286230166	down	93834
Krt18	2755.23452539196	-1.12371345748328	0.2012348631409	-5.58408935680533	2.34927900752963e-08	6.51390997542306e-07	7.62906540202406	down	16668
E2f8	874.789405020348	-1.12256801147679	0.202031208128343	-5.55640894234354	2.75381273768006e-08	7.52015024935072e-07	7.56006559558139	down	108961
2810030D12Rik	80.579415416202	1.12171262645649	0.292545985164935	3.83431215377669	0.000125916155335559	0.00136477749935842	3.89991854532524	up	78335
Gata2	328.722900838934	-1.12154622235251	0.356462328400871	-3.14632468284626	0.00165336350680973	0.0113469438800195	2.78163165238991	down	14461
Irf7	258.322241893202	1.11988424845825	0.297453700635361	3.7649027262602	0.00016661393136363	0.0017283251669942	3.7782886880349	up	54123
Pilra	107.443320844686	-1.11955855427389	0.405862079421914	-2.75847045348146	0.00580725547142486	0.0307863193558494	2.23602906816512	down	231805
Fkbp1b	1070.44616515972	1.11953894720529	0.164569019676626	6.80285359544071	1.0256687072259e-11	5.25935143869001e-10	10.9889928944461	up	14226
Ttc25	86.3927858387648	1.11915426033279	0.416786904627472	2.68519535500546	0.00724874236242609	0.0365158117506599	2.13973733583406	up	NA
Plin3	12765.9655197036	1.11855455551014	0.133925246805367	8.35208134531743	6.70704428939853e-17	7.00066378384554e-15	16.1734688258231	up	66905
Ptk2b	4917.36307347084	1.11754239246438	0.1408590035201	7.93376613873964	2.12598261712034e-15	1.74575880290459e-13	14.6724402907627	up	19229
Pdgfd	741.138044683764	-1.11628063541419	0.204792638479496	-5.45078496816161	5.01479762079933e-08	1.30713121114842e-06	7.29974658885365	down	71785
Nox4	152.788940389858	-1.11604152634141	0.328078535601874	-3.401751121249	0.000669555824681328	0.00546179872964258	3.17421320753871	down	50490
Gm4890	83.805653646032	1.11560103290061	0.352645938866023	3.16351589497378	0.00155875839673851	0.0108821168095731	2.80722119404435	up	234479
Gm47112	27.9423629629924	-1.11505430061595	0.435804273870185	-2.55861258705347	0.0105090784254323	0.0488434013103656	1.9784353669687	down	115487203
Slitrk5	1572.79907624174	1.11500084926703	0.24843860787772	4.48803371904188	7.18835533899044e-06	0.000112321041341444	5.14337046273329	up	75409
Trim59	429.86547917259	-1.11328823982105	0.225601580966281	-4.93475371516765	8.02519617717761e-07	1.59586564116017e-05	6.09554434239669	down	66949
Spon2	2840.69296372371	1.11328578837198	0.27099461515783	4.10814726972931	3.98845762226702e-05	0.000503055463259618	4.39919501800748	up	100689
Umps	4128.73815505518	-1.11204429616581	0.162047844638779	-6.86244422839855	6.76921704237499e-12	3.59672086516237e-10	11.1694615608334	down	22247
Slc17a7	332.088889855736	1.1116194899901	0.238409415785072	4.66264927637019	3.12164499207809e-06	5.38661518287686e-05	5.50561648844468	up	72961
Frmd3	84.449725740878	-1.11143368182508	0.39065799920681	-2.84502988312469	0.00444072567443375	0.0249015669513558	2.35254605451366	down	242506
Stxbp6	1032.17051629945	-1.11094593587158	0.168319303282698	-6.60022893515489	4.10523341718317e-11	1.93986734009149e-09	10.3866621445341	down	217517
Ncapd2	4371.31594556553	-1.11082621419473	0.12068180315393	-9.20458747851048	3.42986106981835e-20	5.29936100162395e-18	19.4647234711623	down	68298
Chil1	89.807159531069	1.11078177899587	0.416797785089621	2.66503762431709	0.00769797096978072	0.038294185177992	2.11362373102888	up	NA
Fbxl21	88.182451935554	-1.11073128129281	0.302573854093051	-3.67094270131888	0.000241657515597778	0.00235616098666199	3.61679969366854	down	213311
Myorg	948.429166768675	1.11041093351868	0.225466062661967	4.92495819729408	8.43783905249947e-07	1.66983624109245e-05	6.07376876282212	up	329828
Clca3a2	242.019914614414	1.11004573387448	0.344053781127987	3.22637272066934	0.00125369978621523	0.00913406745442128	2.90180644819395	up	80797
Slc1a3	501.761720739681	-1.10990736176975	0.271652534471032	-4.08576111366303	4.39325619711881e-05	0.000546191751134649	4.35721346968013	down	20512
Ppp2r5b	7787.04463752072	1.10988038723703	0.304890158446107	3.64026307996823	0.000272359617430766	0.00260544424250979	3.56485728452389	up	225849
Ccdc18	113.013773523775	-1.10882927280693	0.271852392195144	-4.07879167019056	4.52703810507913e-05	0.000561338383832013	4.34418584993683	down	73254
Grhl2	151.483019689384	-1.10882392628384	0.30037414690168	-3.69147590670239	0.000222956519617274	0.00220899254714125	3.65177982363997	down	252973
Actg1	39989.6514006572	-1.10853204390424	0.195316988086924	-5.6755536462138	1.38240810760747e-08	4.0230302858936e-07	7.85936372778846	down	11465
Macrod1	956.397846827553	1.10763675573222	0.18157758004821	6.10007444442279	1.06019076878294e-09	3.8722519758736e-08	8.97461598155091	up	107227
Pawr	262.423670854008	-1.10733933759109	0.260470642549435	-4.25130190010159	2.12531448979401e-05	0.000288347838202266	4.6725767968718	down	114774
Cspg4	16906.2931480325	1.10685232682633	0.171478679697163	6.45475186058736	1.08396364262784e-10	4.83971219526896e-09	9.96498528428371	up	121021
Map2k6	499.738062114552	-1.10593546357504	0.176069926944977	-6.28122861617733	3.35907754033884e-10	1.37092001248883e-08	9.4737799708673	down	26399
Vdr	383.52309949839	1.10585301699979	0.196396464837077	5.63071752802251	1.79461439022984e-08	5.10248413493314e-07	7.7460288541531	up	22337
4930512H18Rik	59.4815406772914	-1.10546949471471	0.340563868295669	-3.24599758702225	0.00117039831491377	0.00863279033472048	2.93166631215972	down	75111
Gnal	178.208548502147	1.10371470970619	0.292207346819155	3.77716276377292	0.000158625074075081	0.00166531509372073	3.79962816208941	up	14680
Map3k8	1962.38213607214	1.10291323195434	0.15993144294889	6.89616257827925	5.34260500036968e-12	2.91116191261443e-10	11.2722469337155	up	26410
Adarb2	127.277595281594	-1.10248583208195	0.280859742350872	-3.92539643757359	8.65870169037115e-05	0.000991465671371851	4.06254722241429	down	94191
Pcolce2	154.817021238034	-1.10162117805449	0.370953174509675	-2.96970413991094	0.00298086683807725	0.0181408804592496	2.52565742443029	down	76477
Fam189a1	106.160447742411	-1.10157346899035	0.32660536841655	-3.37279657811812	0.000744089035038935	0.00594587648448091	3.12837509521674	down	NA
Adgrl3	265.972814877077	-1.10094021383029	0.205519228725166	-5.35687205844153	8.46750346036284e-08	2.11103310792592e-06	7.07224461720283	down	319387
Loxl1	1661.1225164817	-1.10075372671702	0.333424520316364	-3.30135805750757	0.000962180059193427	0.0073294838437099	3.016743647924	down	16949
Dnajc9	3211.51025219324	-1.10051657564436	0.125180439034241	-8.79144205064923	1.47652378558563e-18	1.84447665449354e-16	17.8307595525151	down	108671
Dbndd2	120.028514697264	1.10048746187164	0.289852961421046	3.79670939526145	0.000146629511105028	0.00155256720843173	3.83377861345862	up	52840
C3ar1	748.957371847798	-1.09939860897992	0.248062776997857	-4.43193703741137	9.33902914229282e-06	0.000141137129605371	5.02969826938664	down	12267
Emilin2	18958.3998605051	1.0992917463592	0.321045150899914	3.42410325550098	0.000616831791551754	0.00510980410038552	3.20983325081364	up	246707
4930592A05Rik	46.4069415115095	-1.09924117486051	0.403674452829822	-2.72308828848261	0.00646747714957747	0.033463031693727	2.18926509702656	down	75880
Nlgn3	50.7170180020314	1.09902824648089	0.392403795795191	2.800758448969	0.00509826647010376	0.0278189563314096	2.29257746908816	up	245537
Pold1	4064.36760626442	-1.09889796934535	0.133805722113158	-8.21263808446122	2.16380996261245e-16	2.05737153732604e-14	15.6647808839596	down	18971
Tnfsf9	285.609505838708	-1.09794264195295	0.275903339125081	-3.97944673462325	6.90758338727623e-05	0.000812748476203318	4.16067386364412	down	21950
Pwwp3b	2804.02332617464	-1.09793493688983	0.212439744525967	-5.1682181191647	2.36336397228975e-07	5.26100501319667e-06	6.62646938925023	down	245631
Cacna1h	6096.25768392096	1.09686660656123	0.237052345845367	4.62710715917882	3.70808678959837e-06	6.2470888273829e-05	5.43085010953225	up	58226
Mpp1	3475.85021824228	1.09637881665749	0.119389165812131	9.18323542341133	4.1832945974397e-20	6.25386345381091e-18	19.3784815503041	up	17524
Prss23	2892.7590791835	-1.09621169694482	0.154932919203128	-7.07539561368235	1.49023002767959e-12	8.59903002458356e-11	11.8267466899492	down	76453
Kif20a	4453.92932433305	-1.09601161241593	0.154947409488771	-7.0734426347112	1.51136418305603e-12	8.67833443498065e-11	11.8206308740896	down	19348
Tspan13	4268.04902680723	1.09500049642368	0.185119358427848	5.91510529057101	3.31663348896788e-09	1.09397665011813e-07	8.47930251838507	up	66109
Nfasc	68.8658765470873	-1.09386113079641	0.373771432204353	-2.92655092537505	0.00342743387422439	0.0202804949700579	2.4650309153383	down	269116
Trp63	54.1144005348169	-1.09366902621165	0.410312309573013	-2.66545507091844	0.00768842044331683	0.0382709949366884	2.11416287518086	down	22061
Il1rap	458.665440389298	-1.09298407164996	0.256916554711228	-4.25423761765162	2.09762461429981e-05	0.000285415492855336	4.67827222945268	down	16180
Ptgs1	4244.17016713979	1.09280803669991	0.232658868716214	4.69704010309131	2.63958641249769e-06	4.63655100205747e-05	5.57846411587305	up	19224
Rhoa	22905.4159446568	1.09280513080748	0.135904420705309	8.0409829579943	8.91206530882837e-16	7.69484756536155e-14	15.0500216395896	up	11848
Tbc1d30	117.835920460625	-1.09279538780685	0.370084760725243	-2.95282460608573	0.00314880816656484	0.0189566161988657	2.5018537968865	down	74694
Lgals4	243.251165822074	1.0927203697424	0.251928366017841	4.33742490778119	1.44161763099446e-05	0.000205314675948483	4.84114991490776	up	16855
Cd55	2515.56010970475	1.09217963561657	0.210130770567249	5.19761876220329	2.01857576643133e-07	4.57589303809264e-06	6.69495494487864	up	13136
Eprn	1742.11570654508	-1.09148214636081	0.174828347070557	-6.24316459344156	4.28805248354481e-10	1.72439918794606e-08	9.3677399077429	down	432777
A930017M01Rik	49.2402514283056	-1.09138636619752	0.375768728634742	-2.90440976864356	0.003679462445847	0.0214419885087748	2.43421562530884	down	239410
Xirp2	588.708592487355	1.09007253191699	0.197822882508113	5.51034601304166	3.58128994875923e-08	9.56844077890905e-07	7.44596051617086	up	241431
Pmaip1	1168.62510950429	1.08864833958912	0.129265915241461	8.42177412008099	3.70825494040419e-17	3.90530794956917e-15	16.4308304160042	up	58801
Tex11	57.8537975012654	-1.08763585091158	0.37632240134793	-2.89017036194454	0.00385033103456186	0.0222393075127116	2.41450193015302	down	83558
Prune2	2348.90841293172	1.08744202642052	0.179554058773331	6.05634890043511	1.39245812665048e-09	4.95483016733128e-08	8.85621785585841	up	353211
Cacnb1	438.502438809089	1.08727407760418	0.334652728504138	3.24896223755346	0.00115826853361847	0.00856753905890703	2.93619074186184	up	12295
Gm37899	83.1214112082728	1.08642392227056	0.388774413044143	2.79448411680119	0.00519825942723297	0.0282500397008324	2.28414205015162	up	NA
Sgip1	57.567087047613	-1.08498042934423	0.41110717052482	-2.63916688185989	0.00831100576200548	0.0406802772656729	2.08034641659394	down	73094
Acly	41467.4629541309	1.08454682789589	0.2535854280824	4.27684995978349	1.89556467683419e-05	0.000260183146905032	4.72226139281866	up	104112
Oasl2	96.5234090329486	1.08370772894631	0.362283050942533	2.99132881355306	0.00277766225907268	0.0171616636678869	2.55632056203187	up	23962
H2bc8	53.3599414438126	1.08361979403523	0.370588767559128	2.92404921274993	0.00345510117386534	0.0204030804798158	2.46153923089236	up	319181
Rras	2411.46702147322	1.08102198394377	0.27185346011271	3.97648786039207	6.99405675497891e-05	0.000820866681112842	4.15527084782401	up	20130
Hat1	5069.20085949433	-1.08068321515288	0.11923397829493	-9.06355076469706	1.26271608795608e-19	1.74440513680285e-17	18.8986942862576	down	107435
Nol3	666.331974768625	1.08025852166872	0.195291985745355	5.53150462137903	3.17495496787186e-08	8.59030154613718e-07	7.49826243016522	up	78688
Fam174a	602.795398484135	1.0801941697618	0.225326334606927	4.79391000455475	1.63561670874073e-06	3.01984735886605e-05	5.78631846153367	up	67698
Stap2	548.379784540819	1.07828048497157	0.243453359051702	4.42910497999158	9.46249574274433e-06	0.000142911069143634	5.02399430288453	up	106766
Aldh1a2	256.023185454819	-1.07782822308491	0.287196034660034	-3.75293560149876	0.00017477576551383	0.0017994777961825	3.75751878699496	down	19378
Runx2	90.3192745114432	-1.07774984698076	0.330199646122069	-3.26393398550869	0.00109876763409306	0.00819712766412817	2.95909414188144	down	12393
Rubcnl	171.096462125538	-1.07699063966432	0.249724199708711	-4.31272035677989	1.61258029001396e-05	0.000227183252015465	4.79247865272871	down	271221
Mmp16	446.652157650091	-1.07594794342988	0.334685274040706	-3.21480515243411	0.00130533092577504	0.00943565962995068	2.88427937260254	down	17389
Cfap69	111.55158133407	-1.07463656442783	0.365358362849706	-2.94132192854688	0.00326814687154863	0.0195348509234715	2.4856984343704	down	207686
Ccl9	455.44841716161	-1.07455604040224	0.281991963059711	-3.81059101381092	0.000138634960168802	0.0014789313625959	3.85812723802252	down	20308
Gm20632	134.945601095647	1.07413913107997	0.263574432997853	4.07527816284335	4.59593768460602e-05	0.000568680698224302	4.3376258684553	up	NA
Svip	1587.35688309919	1.07349827325122	0.195644384138516	5.48698741330181	4.08846252507302e-08	1.08494398193604e-06	7.38843997864529	up	75744
Btg2	16735.2968732699	1.07326000688767	0.132249912746851	8.11539292991502	4.84215475900364e-16	4.49478278716207e-14	15.3149613342856	up	12227
Gm38534	122.231566925751	-1.07270692667661	0.313585296752046	-3.42078196199616	0.00062441371152488	0.00516350563914148	3.20452756881556	down	102641105
Fchsd1	249.768795019636	1.07169620466453	0.192065376230207	5.57985111996451	2.40724540190287e-08	6.6589114562649e-07	7.61847963417046	up	319262
Ackr1	231.61686195137	1.07148935079426	0.292262915352976	3.66618306499882	0.000246197711376295	0.00239121309002163	3.60871598853413	up	13349
Col27a1	167.994863606768	-1.0713839076399	0.296974848227	-3.60765874294162	0.000308972502468319	0.00288977268835861	3.51008016962908	down	373864
Gm10727	63.4165410973609	-1.06977106289719	0.407176666592448	-2.62728970166639	0.00860680237921728	0.041762552453702	2.06515816875512	down	NA
Kras	1012.54477383795	1.06968124621695	0.193444168292647	5.52966396277559	3.20844794257311e-08	8.65102180612279e-07	7.49370500279219	up	16653
Rpa2	3459.41516211653	-1.06958079138784	0.118193232092081	-9.04942501745418	1.43723125176395e-19	1.96240557835327e-17	18.8424733478819	down	19891
Dpysl5	347.513697676028	1.06941123660911	0.192093512841859	5.56713873773291	2.58956213268714e-08	7.09636717458082e-07	7.58677366427171	up	65254
Arhgap25	102.335437161945	-1.06910093627758	0.273304263292077	-3.91176091949596	9.16255939714856e-05	0.00103952998764268	4.03798319698708	down	232201
Gm14705	113.828859652011	1.06892709017469	0.228583895408214	4.67630096278548	2.92095831652337e-06	5.06637415535829e-05	5.53447464057286	up	NA
Nxn	676.256803796072	-1.06857470399653	0.249097361809622	-4.28978731943862	1.78844303552933e-05	0.000247943239016567	4.74752488819562	down	18230
Fam187b	37.4244310010196	1.06796090185456	0.386885439956174	2.76040603124154	0.00577295630271174	0.0306390686484034	2.23860172979792	up	76415
Anxa7	11812.355235316	1.06780155891047	0.132295414795717	8.07134215920721	6.95295658158554e-16	6.23244982131818e-14	15.1578304826001	up	11750
Tagln2	19712.655455976	-1.06724050763187	0.21460720337473	-4.97299480562327	6.59264282063967e-07	1.34050404019673e-05	6.18094045303338	down	21346
Trmt9b	141.609422069298	-1.06711113502423	0.24870301193317	-4.29070451028947	1.78107176550922e-05	0.000247408708380358	4.74931858096533	down	319582
She	197.713245048725	1.06654801795178	0.291917740171383	3.65359096478898	0.000258598114498375	0.00249719437458649	3.58737464599057	up	214547
Phkg1	253.814567778945	1.06603629508032	0.227577349781952	4.68428117341958	2.80944129469941e-06	4.90191150118987e-05	5.55138003837046	up	18682
Lsr	231.50297585012	1.06569362309388	0.32108919956868	3.3189955455538	0.000903418705138453	0.00696088854664585	3.04411092168439	up	54135
Inha	644.61683736431	-1.06521762498262	0.16307816749248	-6.53194502588301	6.49209872308199e-11	2.97786989280431e-09	10.1876148846308	down	16322
Mcoln2	211.358735009408	1.06469761766316	0.228905757887634	4.65124873873115	3.29931087422796e-06	5.64720867388128e-05	5.48157676156865	up	68279
St3gal5	1435.77954461841	-1.0635572529385	0.194363284959504	-5.47200698506458	4.44967290526933e-08	1.17021912855823e-06	7.35167191276237	down	20454
Sh3gl2	45.6234069652977	-1.06345229814213	0.416216276442102	-2.55504735959086	0.0106173350929846	0.049225933415966	1.97398447568817	down	20404
Ephb1	91.3809634775915	-1.06309221762765	0.333648733144455	-3.18626181376023	0.00144124107180002	0.0102291230999637	2.84126337005631	down	270190
Myadml2os	54.7922750608007	1.06299409642346	0.382637151753933	2.7780734085828	0.00546822628646781	0.0293735805895921	2.26215352173208	up	NA
Ncapd3	2458.21968646425	-1.06239401133022	0.198908511892076	-5.34111889543801	9.23746436777039e-08	2.28359842817987e-06	7.03444722382424	down	78658
Zbtb42	189.214626409911	1.06099066454421	0.33164874780093	3.19913966682927	0.00137838374767548	0.00984829398057763	2.86062985623361	up	382639
Hjurp	7526.56419842924	-1.06084815141237	0.149208711760814	-7.10982716017909	1.16188367135675e-12	6.8388065217577e-11	11.9348373516504	down	381280
Arc	124.074923632005	-1.06073877658682	0.331244215186916	-3.20228619234379	0.00136341469456506	0.00976165441595816	2.86537202958787	down	11838
Srxn1	4390.49330629311	1.05837478021728	0.217936122149369	4.85635318174511	1.19567360019891e-06	2.29040738178397e-05	5.9223873596277	up	76650
Mboat1	284.376360778609	-1.05765101018836	0.28817933917391	-3.67011394092374	0.000242442376329154	0.00236059668660455	3.6153914678497	down	218121
Dnph1	589.274827092312	-1.05677218121246	0.173144086822919	-6.10342634625034	1.03818421305987e-09	3.79778134637244e-08	8.98372557941894	down	381101
Bmp6	306.674412712661	-1.05623200245671	0.29475070073727	-3.58347579773252	0.000339052192662336	0.00312505523731357	3.46973344268035	down	12161
Rabgap1l	16706.2415281482	1.05609785084056	0.127169086625811	8.30467434234299	1.00093596424733e-16	1.01323194484261e-14	15.9995937060008	up	29809
Mettl27	554.672018074928	1.05566926707029	0.197039812084337	5.35764450799639	8.43139261123936e-08	2.10426413894746e-06	7.07410068712777	up	79565
Mapk8ip1	86.7082708706337	1.05558739527074	0.384134348089532	2.74796409256459	0.0059966575943808	0.0315553447465904	2.22209074841358	up	19099
Wwc1	151.414744638237	-1.05540334454865	0.245787203291823	-4.29397190095193	1.75504696546773e-05	0.000244758182802907	4.75571125722063	down	211652
Mturn	2010.10817244935	1.05217560011962	0.215350710412975	4.88587011439099	1.02973068606482e-06	2.00690665246742e-05	5.98727634505169	up	68235
Blm	1242.56791213926	-1.05187355680082	0.185652278663948	-5.66582626602086	1.46317721400557e-08	4.22665644168768e-07	7.83470307072785	down	12144
Angptl4	1757.62553851016	-1.05097756063374	0.313448493440585	-3.35295138635896	0.000799547486704246	0.0062861199683338	3.09715573754479	down	57875
Poc1a	1182.33719583508	-1.05009847185154	0.153681726751248	-6.8329429532715	8.31900443424394e-12	4.34159598084931e-10	11.0799286442123	down	70235
Grm7	122.2546651791	-1.04870929326495	0.352915703844709	-2.97155746213664	0.00296293422177721	0.0180504566014106	2.52827798990918	down	108073
Egfr	604.300364814273	-1.04849924464283	0.288069835582534	-3.63973979615936	0.000272913682871604	0.00260861939041091	3.56397468988281	down	13649
Egflam	864.243773782421	-1.04837427800053	0.190896287456872	-5.49185262828845	3.97739226803048e-08	1.05786021987198e-06	7.40040157485763	down	268780
Dctd	855.124941203176	-1.04827753870119	0.171178275942884	-6.1238935427236	9.13159202601624e-10	3.40946643451497e-08	9.03945349981078	down	320685
Aebp2	1233.28738573438	1.04796827331877	0.344310531856312	3.04367184956199	0.00233709915864426	0.0149677594057159	2.63132286093321	up	11569
Lrp8os3	66.7204706989374	-1.04771357180652	0.356322200140536	-2.9403544640028	0.00327836969766535	0.0195771610522567	2.48434207315638	down	105244644
Mme	195.339409799523	-1.04742986005891	0.261213568035485	-4.00986008474344	6.07547375031716e-05	0.000726859404106971	4.21641985120677	down	17380
Cacnb4	122.018447920217	-1.04737564366233	0.273739324124336	-3.82617896428575	0.000130147687926202	0.00140336017031536	3.88556354272809	down	12298
Sgcg	575.405178237144	1.04715031015075	0.142213894361378	7.36320677281959	1.79543931172131e-13	1.17127478432708e-11	12.7458292700311	up	24053
Dnmt1	6844.73071712902	-1.0471488019012	0.155774853624366	-6.72219409960922	1.79008270404572e-11	8.83195216481381e-10	10.7471269036118	down	13433
Fmo5	453.910659164752	1.04659454009064	0.172008798620943	6.08454072397207	1.1682570647384e-09	4.21451876580358e-08	8.93246158400994	up	14263
Rwdd2a	108.784679351113	-1.04600497195536	0.245884270183671	-4.25405403596585	2.09934605270255e-05	0.000285484319905729	4.67791596713851	down	69519
B3galnt1	1030.04531152361	1.0459030584727	0.227441896330203	4.59855055444248	4.25440484104493e-06	7.03624631633381e-05	5.37116118583286	up	26879
Micall2	349.625330165345	-1.04579054326894	0.282879210227763	-3.69695087322575	0.000218204548052615	0.0021714126317863	3.66113620162316	down	231830
Mirg	76.081215003178	1.04528445613518	0.383513269443394	2.72554964695807	0.00641945213309829	0.0332952370463369	2.19250203512822	up	100040724
Dhrs11	7398.82468926099	1.04458720098186	0.139212246459334	7.50355825402901	6.21083626183392e-14	4.38022491318827e-12	13.2068499200411	up	192970
Diaph3	873.443200469176	-1.04447256280806	0.157318026277031	-6.63924273349825	3.15298798118857e-11	1.52361980942826e-09	10.5012776847273	down	56419
Kifc3	269.425955705203	-1.04425570891076	0.234788069437187	-4.44765235053873	8.68138834507434e-06	0.000132649580536155	5.06141081602286	down	16582
Gramd4	1676.64350737411	1.04233811208869	0.143721756372583	7.25247268330445	4.09230799276264e-13	2.57661804852629e-11	12.3880316881261	up	223752
Ephb3	1544.98934633272	1.04201023911867	0.252144915719323	4.13258477231637	3.58706401737638e-05	0.000458835503529871	4.44526087251689	up	13845
Itga8	352.102339779089	-1.0414054174463	0.339891345696721	-3.06393625678107	0.00218445449125535	0.0142500838956017	2.66065699851795	down	241226
2900026A02Rik	8355.83597785472	1.04088530140711	0.162764670354889	6.39503215985128	1.60513568749216e-10	6.91680947169785e-09	9.79448824934115	up	243219
Epha2	1244.35158412502	-1.04062097416409	0.201847562285591	-5.15547952316478	2.52982687809424e-07	5.61029124004185e-06	6.59690919758342	down	13836
Cenpp	464.133247541077	-1.04035455778103	0.178241712444371	-5.83676258219144	5.32248531757518e-09	1.69454269700504e-07	8.2738855279178	down	66336
Ppp1r3g	712.729062020702	-1.03966560398942	0.364195413273613	-2.85469164656487	0.00430786319298583	0.0243314495159385	2.36573809726699	down	76487
Crb2	94.8446402471332	-1.039027325552	0.338926883380102	-3.06563856838333	0.0021720570377255	0.0141845121220729	2.66312877445879	down	241324
Ldlr	26181.1067838395	1.03828402763879	0.246744209894783	4.20793674583706	2.5771297814815e-05	0.000342523446055988	4.5888637102958	up	16835
Emilin1	6651.97765200029	-1.03821951132404	0.187425064057546	-5.5393845884202	3.0353640244376e-08	8.24110105363204e-07	7.51778921749672	down	100952
Nos3	222.292940990259	1.03804976030031	0.275534653682595	3.76740183648952	0.000164955369940289	0.00171947486153915	3.78263354191024	up	18127
Gm16008	181.101852213822	1.03662864270022	0.313461211974277	3.30703960522326	0.000942875602465591	0.00721284479606007	3.02554560177644	up	100038526
Osmr	2226.52950001626	-1.03571470360298	0.23211001082381	-4.46217162252932	8.11332030295933e-06	0.000125273719470743	5.09080137832242	down	18414
Gm3696	40.9246054683172	-1.03529389306192	0.382030240168281	-2.70997890796783	0.00672874869122927	0.0344655753573652	2.1720656916484	down	100042149
Tonsl	759.660255261266	-1.0349397925879	0.201164328225365	-5.1447480858955	2.67880033763711e-07	5.90165346429713e-06	6.5720596549972	down	72749
Hmga1b	101.672860339904	-1.03449085319627	0.331086804640554	-3.12453060253903	0.00178088996058334	0.0120600348109284	2.74936291433117	down	111241
Gm29502	45.6382242950999	-1.03441016596238	0.399480422060113	-2.58938888826629	0.00961464455298897	0.045596646541939	2.01706676670672	down	NA
Dmtn	328.297885423062	1.0342795686106	0.252474499073484	4.09657043545442	4.19315946285859e-05	0.000525207199921248	4.37745862137351	up	13829
Cxcl3	370.943827890337	1.03412298607133	0.268666155579129	3.84910032245111	0.000118552449403347	0.00129377522037063	3.92608946866708	up	330122
Idh1	15563.6663126008	1.0339953325052	0.219169708324272	4.71778395112591	2.3842749358471e-06	4.24202249002797e-05	5.62264366661775	up	15926
Plekha6	13323.2572739379	1.03370735964952	0.11816185838785	8.74823207550202	2.16721207299777e-18	2.62355543991509e-16	17.6640985886219	up	240753
Fibin	127.341180184494	1.03295776183409	0.305414798856532	3.38214705279989	0.000719216330039391	0.00578848372548838	3.1431404603662	up	67606
S100a13	4580.05430966349	1.03285394890558	0.177024690998739	5.83451914576672	5.39459137665777e-09	1.71437048011919e-07	8.2680414461773	up	20196
Gnb3	968.817065706826	1.03225047740064	0.194797191336475	5.29910349486317	1.16372659944841e-07	2.80596706242772e-06	6.93414903884205	up	14695
Cbr3	158.681302172765	1.03221810986732	0.358391547818788	2.8801407738255	0.00397497642569193	0.0228022279817721	2.40066544266091	up	109857
Kif6	154.248133994477	-1.03190323211768	0.280363235063261	-3.68059396905175	0.000232691285269716	0.00228650829897878	3.63321988156134	down	319991
9330111N05Rik	127.132712479937	-1.03156336294442	0.248717388754163	-4.14753213722437	3.36078306510984e-05	0.000432245291807801	4.47355951986208	down	319983
Hey2	1635.73190885382	1.03112443378871	0.221086135124864	4.6639036554977	3.1026668557378e-06	5.36174621832246e-05	5.50826485363982	up	15214
Fam171b	219.63685021703	1.03110953920021	0.370953021532332	2.77962296934772	0.00544220441268931	0.0292739740339002	2.26422514987053	up	241520
Rcan1	11480.5963989014	-1.03105305032491	0.127935052360122	-8.05919121698264	7.68008816916599e-16	6.80629700576842e-14	15.11463379414	down	54720
Rnf126	205.476639675822	-1.02981896174873	0.247546048329709	-4.16011068929329	3.18093395083556e-05	0.00041204762181673	4.49744534852403	down	70294
Cgnl1	5217.95573389459	1.02981765161317	0.135949699487894	7.57499027575906	3.59154534246134e-14	2.5637520476506e-12	13.4447186463248	up	68178
Epb41l1	1309.24129080463	1.02855616209704	0.18980710953715	5.41895487795588	5.99484438728919e-08	1.54204732130872e-06	7.22222208572923	up	13821
Bicc1	399.482311517306	-1.02842120469433	0.312094451293644	-3.2952242516055	0.000983431667228521	0.00746956426418558	3.00725581121652	down	83675
Actn1	1382.99836831674	-1.02741671046115	0.207811631078885	-4.94398078263068	7.65432522371139e-07	1.53249640135432e-05	6.11609308903305	down	109711
Reep2	875.553518769119	1.02704259596296	0.165975894291751	6.18790216703179	6.09701464387034e-10	2.37066869058435e-08	9.21488276188403	up	225362
Epha1	56.8109054231772	-1.02620480117966	0.367339347373485	-2.79361524573158	0.00521224528694531	0.0283152298576332	2.28297515469003	down	13835
Gm15912	116.627867946333	1.02618538232653	0.246267398676808	4.1669558692714	3.08694228926118e-05	0.000401422146529893	4.51047148962697	up	115488138
Dct	72.1607592277732	-1.02598219369642	0.381707172524867	-2.68787769145098	0.00719077299242064	0.0362860558072623	2.1432244213976	down	13190
Armh1	81.5575975593918	1.02487088126137	0.342780320726011	2.98987666237866	0.00279090114340098	0.0172122671619675	2.55425554639772	up	381544
Unc5c	153.207873821049	-1.02424291731552	0.285068397111187	-3.59297252061242	0.000326927076440925	0.00302397888547268	3.48554910920881	down	22253
Klhl6	3818.74755786607	-1.02389519012035	0.169895586911471	-6.02661439731146	1.67429817142099e-09	5.87756241492107e-08	8.77616719707665	down	239743
Tmem117	140.547741096466	-1.02360495327633	0.277233130985648	-3.69221726724039	0.000222307420344506	0.00220476763800284	3.65304604085077	down	320709
Dhrs7	21705.6679692249	1.02238287163451	0.123787781083762	8.25915823584154	1.46703342702469e-16	1.44155983404497e-14	15.8335599904464	up	66375
Slc39a4	263.148546964188	-1.02195039992704	0.270079290275561	-3.78389027490536	0.000154395912053832	0.00162527476225201	3.81136420267882	down	72027
Gm19277	209.322651024529	1.02142107963925	0.241537591460042	4.22882862027805	2.34911200545281e-05	0.000315792189170345	4.62909627560621	up	100502602
Adam8	941.991107818244	-1.0210356609432	0.193777349542369	-5.26911769282898	1.37081055262638e-07	3.24204288302421e-06	6.86302256099023	down	11501
Tnni2	507.821428064956	1.02093921128783	0.237408711920553	4.30034434300573	1.70532919294263e-05	0.000238857819943404	4.76819177334093	up	21953
Sh3tc1	2544.59098540926	1.01860820584163	0.180340073525981	5.64826322805555	1.62076879438571e-08	4.64758914971287e-07	7.79027893363024	up	231147
4833408A19Rik	168.486136040406	1.01789551130919	0.213654424028423	4.76421452978563	1.89590714491622e-06	3.44357148479175e-05	5.72218293674374	up	73788
Acy3	1100.69979027748	1.0177947262562	0.182906762331987	5.56455493104647	2.6282233132298e-08	7.19391894069953e-07	7.58033773668338	up	71670
Gad1	40.2312502554652	-1.01771637948326	0.361676499354147	-2.81388583803651	0.00489466075771902	0.0269774953989747	2.31027740317774	down	14415
Bmp4	1585.8799979806	-1.01739406834753	0.201773553781036	-5.04225677390608	4.60073351715879e-07	9.6644209884145e-06	6.33717292113188	down	12159
Arhgap11a	2375.36763816435	-1.01643638734813	0.23323884686308	-4.3579206509489	1.31303967937865e-05	0.000189414845640095	4.88172214955804	down	228482
Tbxas1	100.806329106974	-1.01604303458422	0.350475533328328	-2.89904126811725	0.00374305624593307	0.0217588306771629	2.42677364680628	down	21391
Plekhh2	89.8596217736229	-1.01598249869152	0.33299038029812	-3.0510866343404	0.00228014773220616	0.014735627267711	2.64203701387523	down	213556
Cdc42ep1	2208.92258846713	-1.01583445626253	0.183570284066089	-5.5337630566438	3.13432323746153e-08	8.49014777759909e-07	7.50385621750143	down	104445
2700099C18Rik	72.7957358775265	-1.01577569860349	0.379300339605803	-2.67802475383799	0.00740577449395964	0.0371395716401115	2.13042951636435	down	77022
Spag4	154.508474461771	-1.01564941071936	0.278347339957232	-3.64885617687387	0.000263410512946182	0.00253271646446965	3.57936689595205	down	245865
Slf1	1178.28711250023	-1.01511760133226	0.179289390119554	-5.66189444146896	1.49710912632196e-08	4.31763195111355e-07	7.82474654218724	down	105377
Lck	108.561963612552	-1.01441622894773	0.286099590867572	-3.54567521705152	0.000391608542159401	0.00353049006242362	3.40714784349753	down	16818
Wdr62	1163.84628223922	-1.0134871311136	0.116490589825954	-8.70016310010818	3.31407510872394e-18	3.89155269641908e-16	17.4796376531482	down	233064
Arl4a	2903.91343979694	1.01338158569312	0.158042825697946	6.41206952114304	1.43557339819223e-10	6.25499837783756e-09	9.84297459793239	up	11861
Mmab	5394.77075768784	1.01323181492502	0.26213200636949	3.86534948157689	0.000110930243709692	0.001223671570466	3.95495003288088	up	77697
Tigd3	47.9193607531897	-1.01298584220505	0.383395162588799	-2.64214560080796	0.00823826319224085	0.0403749580539389	2.08416433751774	down	332359
Gm49164	102.852213175714	-1.01278309001197	0.324134654970603	-3.1245751556674	0.00178062028196353	0.0120600348109284	2.74942868414718	down	NA
Car9	103.291004505763	-1.01204847324754	0.335418426321793	-3.01727154451737	0.00255061217121628	0.0160334921951323	2.59335557224295	down	230099
Gpr37	138.203246637879	-1.01204656809525	0.334634244446454	-3.02433652529902	0.00249179095487366	0.0157311049933354	2.60348839497955	down	14763
Adora2b	75.1678727207253	-1.01113312277146	0.357046888685981	-2.83193371742482	0.00462674384936481	0.0257430098258255	2.33472454370018	down	11541
Thnsl2	481.604431160977	1.00831194879256	0.175731568387442	5.73779633360753	9.59163598975028e-09	2.85862400024474e-07	8.01810731141907	up	232078
Tpm2	3870.1173655992	-1.00720474667601	0.214486041584336	-4.69589880644972	2.65436933603115e-06	4.65903317314586e-05	5.57603864837418	down	22004
Stom	5156.94663326078	1.00691137531915	0.152716183763281	6.59335081918965	4.30008826462394e-11	2.01170463933652e-09	10.3665226298982	up	13830
Casc1	92.0737281320354	1.00584930449307	0.363184392980428	2.76952788702921	0.00561375983413123	0.0299838866737712	2.25074617113561	up	NA
Frem1	157.117362783184	-1.00565795343998	0.206986727328332	-4.85856250987896	1.18241078995502e-06	2.26870240213182e-05	5.92723161582633	down	329872
Cntfr	78.295998905276	1.00507497881174	0.323833854961966	3.10367481167089	0.00191133283191095	0.0127774535835258	2.71866368004275	up	12804
Map3k15	84.8826995698704	-1.0048025987642	0.346701117392117	-2.89818102209278	0.00375333885485097	0.0217970234931195	2.42558222531547	down	270672
Hebp1	273.895680866636	1.00435946715622	0.214284395035616	4.68703970249108	2.77185210232927e-06	4.84352281422641e-05	5.55722994608615	up	15199
Cd9	5544.05012838881	1.00322767513098	0.190627710571018	5.26275887238984	1.41909643504713e-07	3.34613250773915e-06	6.84798809095142	up	12527
Prkcd	7849.97116320846	1.00107858390935	0.158195692834874	6.32810265545143	2.4819401120539e-10	1.0408636344926e-08	9.60520870201469	up	18753
